run_id,machine_id,vm_size,os,os_release,arch,cpu_model,cpu_vendor,logical_cpus,physical_cores,cpu_freq_mhz,ram_gb,python,python_impl,gil_enabled,start_method,numpy_version,family,template_id,work,payload_size,jitter,duration_tier,input_tier,n_items,input_bytes,cpu_count,n_workers,max_loop_depth,arith_op_count,has_io_call,has_gil_release_call,time_per_item,cpu_ratio,time_cv,pickle_time_ratio,thread_probe_speedup,cpu_load,probe_overhead_s,probe_extra_s,pool_startup_s,t_sequential,t_threading,t_multiprocessing,runs_sequential,runs_threading,runs_multiprocessing,censored,label,timestamp
M0-00000,M0,local,Windows,11,AMD64,AMD Ryzen 3 5300U with Radeon Graphics,amd,8,4,2600,20.8,3.14.6,CPython,1,spawn,2.5.3,algo_rec,algo_flood_fill,2,181,0.3,seconds,normal,1556,200,8,16,3,10,0,0,0.0007845584617685885,1.0,0.6309523920570506,0.006194567390040235,0.8895169810320257,10.7,0.13107099999615457,0.02259179998509353,0.5379272999998648,1.6285990999967908,1.413972599999397,0.32233049999922514,1.628599,1.462537;1.413973;1.369817,0.364256;0.322330;0.319741,,multiprocessing,2026-10-03T19:56:49+00:00
M0-00001,M0,local,Windows,11,AMD64,AMD Ryzen 3 5300U with Radeon Graphics,amd,8,4,2600,20.8,3.14.6,CPython,1,spawn,2.5.3,tiny,tiny_add,4,56,0.0,ms,normal,49275,75,8,16,0,1,0,0,1.9930006965296344e-07,1.0,0.18087696623309588,27.546402649893345,0.31953960028681727,10.9,0.006077099998947233,0.0036234998624422587,0.5379272999998648,0.0037068000019644387,0.008313999998790678,0.019702999998116866,0.003597;0.003707;0.003707,0.007987;0.008908;0.008314,0.019703,,sequential,2026-10-03T19:56:50+00:00
M0-00002,M0,local,Windows,11,AMD64,AMD Ryzen 3 5300U with Radeon Graphics,amd,8,4,2600,20.8,3.14.6,CPython,1,spawn,2.5.3,big_result,result_sorted_pairs,384,1691,0.3,ms,normal,1156,1714,8,2,1,4,0,0,0.00012506782015319108,0.9990219675539769,0.3454948299617188,0.7273653570044896,0.9248033137665977,4.3,0.0786974000002374,0.00336019997484982,0.21824539999943227,0.17643200000020443,0.17770480000035604,0.19483390000095824,0.176432;0.174487;0.180143,0.199433;0.177705;0.174472,0.190234;0.194834;0.203570,,sequential,2026-10-03T19:56:53+00:00
M0-00003,M0,local,Windows,11,AMD64,AMD Ryzen 3 5300U with Radeon Graphics,amd,8,4,2600,20.8,3.14.6,CPython,1,spawn,2.5.3,algo_rec,algo_lcs_memo,2,615,0.3,seconds,normal,72,637,8,4,1,10,0,0,0.006085733331726967,0.997829479255619,0.1358123528351014,0.000848980083917442,0.943755181501264,3.1,0.11742539999977453,0.0017902000108733773,0.27810029999818653,0.47856139999930747,0.48976959999708924,0.15275999999721535,0.488931;0.478561;0.470798,0.512799;0.484732;0.489770,0.152760;0.161729;0.150680,,multiprocessing,2026-10-03T19:56:57+00:00
M0-00004,M0,local,Windows,11,AMD64,AMD Ryzen 3 5300U with Radeon Graphics,amd,8,4,2600,20.8,3.14.6,CPython,1,spawn,2.5.3,mixed,mixed_json_roundtrip,72,383,0.3,ms,normal,8,405,8,8,1,1,1,0,0.0023866666670073755,0.7928827836206181,0.0326225346899006,0.0035195534506616655,0.9148401481295737,11.7,0.015979000003426336,0.00082230000407435,0.3543448000054923,0.06047540000145091,0.01840770000126213,0.0064828999966266565,0.060475,0.018123;0.018408;0.018511,0.011539;0.005464;0.006483,,multiprocessing,2026-10-03T19:56:58+00:00
M0-00005,M0,local,Windows,11,AMD64,AMD Ryzen 3 5300U with Radeon Graphics,amd,8,4,2600,20.8,3.14.6,CPython,1,spawn,2.5.3,db,db_mem_insert_select,3268,186979,0.3,ms,big,15,187002,8,2,1,1,1,0,0.0030687000010705865,0.9990386441404222,0.2266192122674571,0.015891637145786484,0.7680975135862099,16.0,0.02030920000106562,0.0009796000013011508,0.21824539999943227,0.0478311000042595,0.04362320000655018,0.02949819999776082,0.047831;0.047538;0.050226,0.043623;0.043938;0.042355,0.029498;0.030010;0.029398,,multiprocessing,2026-10-03T19:56:59+00:00
M0-00006,M0,local,Windows,11,AMD64,AMD Ryzen 3 5300U with Radeon Graphics,amd,8,4,2600,20.8,3.14.6,CPython,1,spawn,2.5.3,big_payload,big_upper_copy,1,870185,0.3,seconds,big,229,870207,8,16,0,0,0,0,0.0006442719299740387,0.9967316846577782,0.0684581571957798,1.2869332992541627,0.8804909337803958,6.2,0.09649859999626642,0.0178058999881614,0.5379272999998648,0.16189960000338033,0.1687932999993791,0.5587128000042867,0.162915;0.160554;0.161900,0.174836;0.168109;0.168793,0.570061;0.558713;0.557538,,sequential,2026-10-03T19:57:03+00:00
M0-00007,M0,local,Windows,11,AMD64,AMD Ryzen 3 5300U with Radeon Graphics,amd,8,4,2600,20.8,3.14.6,CPython,1,spawn,2.5.3,tiny,tiny_len,487,19,0.0,ms,normal,9476,39,8,2,0,0,0,0,2.447000333631877e-07,1.0,1.50747490455449,13.485897883301714,0.45959514660028283,6.3,0.005938399997830857,0.0035481999366311356,0.21824539999943227,0.0008851000020513311,0.001743700006045401,0.003185299996403046,0.000979;0.000880;0.000885,0.001744;0.001757;0.001638,0.002966;0.003341;0.003185,,sequential,2026-10-03T19:57:03+00:00
M0-00008,M0,local,Windows,11,AMD64,AMD Ryzen 3 5300U with Radeon Graphics,amd,8,4,2600,20.8,3.14.6,CPython,1,spawn,2.5.3,algo_iter,algo_edit_distance,168,248113,0.3,ms,big,56,248135,8,2,2,16,0,0,0.00026345714338406524,0.999341584595559,0.21483880144252257,0.10232079119067516,0.6769443360198559,12.4,0.011052199995901901,0.002081799990264699,0.21824539999943227,0.014047300006495789,0.015145799996389542,0.02556870000262279,0.014017;0.014387;0.014047,0.018261;0.015146;0.014041,0.030118;0.025569;0.024880,,sequential,2026-10-03T19:57:04+00:00
M0-00009,M0,local,Windows,11,AMD64,AMD Ryzen 3 5300U with Radeon Graphics,amd,8,4,2600,20.8,3.14.6,CPython,1,spawn,2.5.3,text,text_split_count,1,2609,0.3,seconds,normal,871,2631,8,2,1,1,0,0,0.0003252032471540257,1.0,0.06170133729145733,0.012223127643310808,0.9322018333991123,17.9,0.10522820000187494,0.0014879999362165108,0.21824539999943227,0.29061820000060834,0.289157699997304,0.14862739999807673,0.295337;0.290618;0.288336,0.293609;0.288657;0.289158,0.166104;0.148627;0.148101,,multiprocessing,2026-10-03T19:57:07+00:00
M0-00010,M0,local,Windows,11,AMD64,AMD Ryzen 3 5300U with Radeon Graphics,amd,8,4,2600,20.8,3.14.6,CPython,1,spawn,2.5.3,algo_iter,algo_kmeans,149,1824,0.0,seconds,normal,336,1846,8,8,3,15,0,0,0.0036217785714792888,1.0,0.035567727746517085,0.001834141878808945,0.9631218099854452,6.3,0.10513130000617821,0.001917000008688774,0.3543448000054923,1.2067852999971365,1.2380942999952822,0.31376669999735896,1.203614;1.206785;1.213984,1.237708;1.240067;1.238094,0.313767;0.311460;0.320072,,multiprocessing,2026-10-03T19:57:16+00:00
M0-00011,M0,local,Windows,11,AMD64,AMD Ryzen 3 5300U with Radeon Graphics,amd,8,4,2600,20.8,3.14.6,CPython,1,spawn,2.5.3,big_payload,big_upper_copy,5,826217,0.0,seconds,big,242,826239,8,2,0,0,0,0,0.0006242016668693395,0.9950717909607412,0.11297659694836583,1.0250052716602511,1.00214499424119,20.2,0.08852949999709381,0.013465199983329512,0.21824539999943227,0.1808563000013237,0.17438659999606898,0.8342921999937971,0.166503;0.180856;0.183068,0.174910;0.171991;0.174387,0.834292,,threading,2026-10-03T19:57:19+00:00
M0-00012,M0,local,Windows,11,AMD64,AMD Ryzen 3 5300U with Radeon Graphics,amd,8,4,2600,20.8,3.14.6,CPython,1,spawn,2.5.3,text,text_format_report,199,664270,0.3,seconds,big,301,664292,8,4,1,2,0,0,0.00026377866665522256,1.0,0.27604158836181936,0.7240540042527365,0.9314728131328082,15.8,0.0458717000001343,0.004983100006938912,0.27810029999818653,0.08261770000535762,0.08159310000337427,0.4770812999995542,0.082727;0.078228;0.082618,0.081593;0.079998;0.089504,0.477081,,threading,2026-10-03T19:57:21+00:00
M0-00013,M0,local,Windows,11,AMD64,AMD Ryzen 3 5300U with Radeon Graphics,amd,8,4,2600,20.8,3.14.6,CPython,1,spawn,2.5.3,db,db_file_commit,3,252,0.0,seconds,normal,47,271,8,2,1,0,1,0,0.01444325000011304,0.46194055751262686,0.07380264464915627,0.0008568017212745761,1.3242048529734742,9.4,0.10397199999715667,0.0013636999938171357,0.21824539999943227,0.6805670000030659,0.44582260000606766,0.4375387999971281,0.611295;0.735437;0.680567,0.419186;0.450549;0.445823,0.437539;0.399774;0.438037,,multiprocessing,2026-10-03T19:57:26+00:00
M0-00014,M0,local,Windows,11,AMD64,AMD Ryzen 3 5300U with Radeon Graphics,amd,8,4,2600,20.8,3.14.6,CPython,1,spawn,2.5.3,io,io_sleep,1619,193889,0.0,seconds,big,1031,193912,8,2,0,1,1,0,0.0019879346165488153,0.01761362976233679,0.07551375646399107,0.01538279969874084,1.968898575251848,12.4,0.07958859999780543,0.001473899967095349,0.21824539999943227,2.0509442999973544,1.053162500000326,1.2630549000023166,2.061964;2.050944;2.045902,1.053163;1.047232;1.056142,1.279749;1.263055;1.259426,,threading,2026-10-03T19:57:40+00:00
M0-00015,M0,local,Windows,11,AMD64,AMD Ryzen 3 5300U with Radeon Graphics,amd,8,4,2600,20.8,3.14.6,CPython,1,spawn,2.5.3,big_result,result_long_string,7621,131527,0.3,seconds,big,23,131550,8,4,1,1,0,0,0.02358030000080665,0.9861324910432674,0.14857721674185603,0.006390928136975824,1.0350715339042105,17.3,0.13344739999593003,0.0014335999949253164,0.27810029999818653,0.5460219999949913,0.5468475000016042,0.14764280000235885,0.536353;0.546022;0.546581,0.546848;0.550860;0.541536,0.146491;0.154412;0.147643,,multiprocessing,2026-10-03T19:57:45+00:00
M0-00016,M0,local,Windows,11,AMD64,AMD Ryzen 3 5300U with Radeon Graphics,amd,8,4,2600,20.8,3.14.6,CPython,1,spawn,2.5.3,cpu,cpu_collatz,677,51,0.3,seconds,normal,546,71,8,16,2,5,0,0,0.0029809294116121773,0.9971513129275503,0.19247892545457687,0.0014050098164952512,1.0564105298205857,7.8,0.10005819999787491,0.0011478000014903955,0.5379272999998648,1.7134202000015648,1.7063594999999623,0.5984683999995468,1.673877;1.741173;1.713420,1.706359;1.747183;1.699654,0.568734;0.598468;0.609460,,multiprocessing,2026-10-03T19:57:57+00:00
M0-00017,M0,local,Windows,11,AMD64,AMD Ryzen 3 5300U with Radeon Graphics,amd,8,4,2600,20.8,3.14.6,CPython,1,spawn,2.5.3,algo_rec,algo_sudoku,1,431779,0.3,ms,big,463,431801,8,8,3,28,0,0,0.0005614545449556906,0.9836579683972306,1.568121666095516,0.12203125079352119,0.8997542681243893,12.5,0.12038809999648947,0.003867000043101143,0.3543448000054923,0.36438020000059623,0.3693293000033009,0.4722665000008419,0.355778;0.364380;0.391098,0.381103;0.362410;0.369329,0.472267;0.523293;0.450188,,sequential,2026-10-03T19:58:02+00:00
M0-00018,M0,local,Windows,11,AMD64,AMD Ryzen 3 5300U with Radeon Graphics,amd,8,4,2600,20.8,3.14.6,CPython,1,spawn,2.5.3,algo_rec,algo_merge_sort,139,43,0.0,ms,normal,634,62,8,8,1,10,0,0,0.00022588227820270282,1.0,0.07300162307358642,0.06501174729121166,0.9218504687388019,16.2,0.07682390000263695,0.0022515000455314294,0.3543448000054923,0.15007640000112588,0.1560724000009941,0.04259550000278978,0.148511;0.150076;0.153505,0.156072;0.153815;0.174141,0.040124;0.042596;0.047831,,multiprocessing,2026-10-03T19:58:04+00:00
M0-00019,M0,local,Windows,11,AMD64,AMD Ryzen 3 5300U with Radeon Graphics,amd,8,4,2600,20.8,3.14.6,CPython,1,spawn,2.5.3,tiny,tiny_dict_lookup,802,103736,0.3,seconds,big,1927,103759,8,16,0,1,0,0,7.010395598710125e-07,1.0,3.081753324940633,34.199211147732804,0.41825318171179093,15.4,0.0035598999966168776,0.002172399967093952,0.5379272999998648,0.0010143000035895966,0.0021230999991530553,0.48163280000153463,0.001023;0.001014;0.000998,0.002606;0.002123;0.002097,0.481633,,sequential,2026-10-03T19:58:06+00:00
M0-00020,M0,local,Windows,11,AMD64,AMD Ryzen 3 5300U with Radeon Graphics,amd,8,4,2600,20.8,3.14.6,CPython,1,spawn,2.5.3,io,io_file_roundtrip,1,1733,0.0,seconds,normal,477,1755,8,16,1,0,1,0,0.009157233336736681,0.1541349019433829,0.04854624557672032,0.001128433972748343,1.92261934093901,14.8,0.0851464000006672,0.0016475999800604768,0.5379272999998648,4.628044299999601,0.44409040000027744,0.5004700000063167,4.628044,0.478424;0.435977;0.444090,0.480408;0.523382;0.500470,,threading,2026-10-03T19:58:14+00:00
M0-00021,M0,local,Windows,11,AMD64,AMD Ryzen 3 5300U with Radeon Graphics,amd,8,4,2600,20.8,3.14.6,CPython,1,spawn,2.5.3,io,io_sleep_return_payload,1130,11544,0.8,seconds,normal,1122,11567,8,8,0,1,1,0,0.0015194090916669336,0.024779254226544502,0.3868111322455792,0.007259401765092856,1.7290414616205105,5.0,0.07978649999859044,0.0010778999712783843,0.3543448000054923,1.7096710999976494,0.21492299999954412,0.2240903000056278,1.709671,0.214923;0.212837;0.215459,0.226302;0.221515;0.224090,,threading,2026-10-03T19:58:18+00:00
M0-00022,M0,local,Windows,11,AMD64,AMD Ryzen 3 5300U with Radeon Graphics,amd,8,4,2600,20.8,3.14.6,CPython,1,spawn,2.5.3,io,io_sleep_chunks,7261,50,0.0,seconds,normal,846,70,8,4,1,1,1,0,0.008331483334283499,0.012788320349968093,0.02538921493248658,0.0009682150385001192,1.9171161027769834,5.9,0.07691200000408571,0.0008932999990065582,0.27810029999818653,7.16734940000606,1.820275699996273,1.8217420000000857,7.185155;7.167349;7.104141,1.818070;1.828212;1.820276,1.820880;1.822432;1.821742,,threading,2026-10-03T19:58:51+00:00
M0-00023,M0,local,Windows,11,AMD64,AMD Ryzen 3 5300U with Radeon Graphics,amd,8,4,2600,20.8,3.14.6,CPython,1,spawn,2.5.3,mixed,mixed_json_roundtrip,3,1131,0.8,ms,normal,293,1153,8,2,1,1,1,0,0.0006563863015338166,0.272044152192267,0.19795809541420378,0.006299643709583771,1.595742708346008,8.2,0.07859350000217091,0.0006553999919560738,0.21824539999943227,0.18956770000659162,0.09390820000407984,0.09559259999514325,0.193710;0.186770;0.189568,0.095646;0.093908;0.092079,0.095593;0.095689;0.092176,,threading,2026-10-03T19:58:52+00:00
M0-00024,M0,local,Windows,11,AMD64,AMD Ryzen 3 5300U with Radeon Graphics,amd,8,4,2600,20.8,3.14.6,CPython,1,spawn,2.5.3,algo_iter,algo_edit_distance,13285,156,0.3,ms,normal,8,176,8,2,2,16,0,0,0.0030446333330473863,0.9985410645070242,0.18087485714968593,0.002912227147795691,0.7825012050984508,6.4,0.019793399995251093,0.00022509999689646065,0.21824539999943227,0.0238245000000461,0.02510719999554567,0.01297799999883864,0.024931;0.023825;0.023710,0.024776;0.025107;0.025641,0.012978;0.013552;0.012930,,multiprocessing,2026-10-03T19:58:53+00:00
M0-00025,M0,local,Windows,11,AMD64,AMD Ryzen 3 5300U with Radeon Graphics,amd,8,4,2600,20.8,3.14.6,CPython,1,spawn,2.5.3,io,io_sleep,245,173,0.3,ms,normal,56,192.42857142857142,8,8,0,1,1,0,0.0005971785716870467,0.04783972157865572,0.08618217634895577,0.010549609407092514,1.7957992588066358,2.0,0.01352960000076564,0.0004352999967522919,0.3543448000054923,0.03297939999902155,0.004604699999617878,0.004714399998192675,0.032979,0.005119;0.004605;0.004443,0.005590;0.004714;0.004561,,threading,2026-10-03T19:58:54+00:00
M0-00026,M0,local,Windows,11,AMD64,AMD Ryzen 3 5300U with Radeon Graphics,amd,8,4,2600,20.8,3.14.6,CPython,1,spawn,2.5.3,db,db_mem_insert_select,18633,212,0.3,seconds,normal,93,232,8,2,1,1,1,0,0.015039774998513167,0.9735158208412736,0.13731191013140176,0.0010655079714656935,0.788086579905357,10.0,0.13385589999961667,0.0004617000086000189,0.21824539999943227,1.6146367999972426,1.4386354000016581,0.8225174999970477,1.614637;1.607882;1.629762,1.440143;1.434754;1.438635,0.818606;0.822517;0.829078,,multiprocessing,2026-10-03T19:59:06+00:00
M0-00027,M0,local,Windows,11,AMD64,AMD Ryzen 3 5300U with Radeon Graphics,amd,8,4,2600,20.8,3.14.6,CPython,1,spawn,2.5.3,mixed,mixed_hash_then_write,5175,3861,0.8,ms,normal,16,3884,8,4,1,3,1,0,0.000741074998586555,1.0,0.18423763332682477,0.012211989079146697,0.9082027696406623,8.4,0.007069699997373391,0.0010782000026665628,0.27810029999818653,0.010185400002228562,0.008471900000586174,0.007071300002280623,0.010137;0.010591;0.010185,0.009284;0.008233;0.008472,0.012825;0.006533;0.007071,,multiprocessing,2026-10-03T19:59:07+00:00
M0-00028,M0,local,Windows,11,AMD64,AMD Ryzen 3 5300U with Radeon Graphics,amd,8,4,2600,20.8,3.14.6,CPython,1,spawn,2.5.3,numpy,np_sort,3556,933,0.3,ms,normal,507,956,8,2,0,3,0,1,0.00011686428588868622,0.9745774060774318,0.5202867693359734,0.046806434493840275,1.5380463903261887,7.0,0.02579859999968903,0.0014315999796963297,0.21824539999943227,0.05557080000289716,0.03025089999573538,0.030893600000126753,0.055426;0.055571;0.055761,0.032097;0.030251;0.030133,0.158798;0.030269;0.030894,,threading,2026-10-03T19:59:08+00:00
M0-00029,M0,local,Windows,11,AMD64,AMD Ryzen 3 5300U with Radeon Graphics,amd,8,4,2600,20.8,3.14.6,CPython,1,spawn,2.5.3,text,text_csv_parse,9,145,0.3,seconds,normal,4516,164,8,16,2,3,0,0,0.000834365000143104,0.9986060090279117,0.16032074533692908,0.004512412673462402,0.9498566983291142,7.0,0.10379310000280384,0.0011538999970071018,0.5379272999998648,3.8672139999980573,3.899155699997209,0.9511937999996007,3.826473;3.867214;4.866586,3.899156;3.889081;4.246488,0.893912;0.951194;1.188375,,multiprocessing,2026-10-03T19:59:36+00:00
M0-00030,M0,local,Windows,11,AMD64,AMD Ryzen 3 5300U with Radeon Graphics,amd,8,4,2600,20.8,3.14.6,CPython,1,spawn,2.5.3,tiny,tiny_add,3,105,0.0,ms,normal,134297,124,8,4,0,1,0,0,2.3355002849712037e-07,0.9603072378137867,0.5017018303883375,17.212591103085977,0.4040916585482696,0.8,0.0055881000007502735,0.003161799941153731,0.27810029999818653,0.013115199995809235,0.01848990000144113,0.05810360000032233,0.013115;0.013448;0.012664,0.018490;0.018793;0.017934,0.062178;0.057374;0.058104,,sequential,2026-10-03T19:59:37+00:00
M0-00031,M0,local,Windows,11,AMD64,AMD Ryzen 3 5300U with Radeon Graphics,amd,8,4,2600,20.8,3.14.6,CPython,1,spawn,2.5.3,db,db_file_lookup,18,1156,0.8,ms,normal,25,1178,8,8,1,5,1,0,0.0012801333323295694,1.0,0.24555618517269753,0.004309446595038025,0.2270328740422462,2.4,0.04050019999704091,0.0016959999993559904,0.3543448000054923,0.03003020000323886,0.2444346999982372,0.030426199999055825,0.030278;0.030030;0.029761,0.244435,0.079429;0.028605;0.030426,,sequential,2026-10-03T19:59:38+00:00
M0-00032,M0,local,Windows,11,AMD64,AMD Ryzen 3 5300U with Radeon Graphics,amd,8,4,2600,20.8,3.14.6,CPython,1,spawn,2.5.3,numpy,np_sort,8164,857,0.8,seconds,normal,1084,880,8,8,0,3,0,1,0.00022902981619913465,0.9996081977930268,0.45836388226859687,0.0170501829489877,1.723969896183517,10.4,0.07963670000026468,0.0007675000670133159,0.3543448000054923,0.2474729000023217,0.13228359999629902,0.06410469999536872,0.247750;0.247473;0.246371,0.143102;0.131778;0.132284,0.260726;0.064105;0.062579,,multiprocessing,2026-10-03T19:59:40+00:00
M0-00033,M0,local,Windows,11,AMD64,AMD Ryzen 3 5300U with Radeon Graphics,amd,8,4,2600,20.8,3.14.6,CPython,1,spawn,2.5.3,tiny,tiny_dict_lookup,1,304,0.3,ms,normal,195285,326,8,16,0,1,0,0,3.7900000461377204e-07,0.9736154292175601,3.4972607003180745,11.635884054948338,0.48766542277524993,2.0,0.006219899994903244,0.003108799981418997,0.5379272999998648,0.04425500000070315,0.055557599996973295,0.14893270000175107,0.043591;0.045585;0.044255,0.055799;0.055117;0.055558,0.148933;0.149973;0.146795,,sequential,2026-10-03T19:59:42+00:00
M0-00034,M0,local,Windows,11,AMD64,AMD Ryzen 3 5300U with Radeon Graphics,amd,8,4,2600,20.8,3.14.6,CPython,1,spawn,2.5.3,db,db_file_commit,2,14947,0.0,seconds,normal,228,14969,8,8,1,0,1,0,0.010036860000400338,0.4546625206832342,0.07764671444593221,0.0011916078182807417,1.2780867079885156,0.4,0.08990079999784939,0.0003285999991931021,0.3543448000054923,2.10889170000155,0.9285537000032491,0.9595361999963643,2.108892;2.205591;2.067009,0.928554;1.037249;0.925249,1.109827;0.959536;0.897986,,threading,2026-10-03T19:59:54+00:00
M0-00035,M0,local,Windows,11,AMD64,AMD Ryzen 3 5300U with Radeon Graphics,amd,8,4,2600,20.8,3.14.6,CPython,1,spawn,2.5.3,big_payload,big_count_byte,2,832004,0.8,seconds,big,240,832026,8,2,0,1,0,0,0.00044448500011640135,0.9975200464128651,0.10804474296060759,0.6686839848513706,0.943108790299363,2.7,0.061690200003795326,0.006908599993039388,0.21824539999943227,0.10482839999895077,0.10776350000378443,0.45224099999904865,0.104828;0.105945;0.104486,0.106286;0.108131;0.107764,0.452241;0.461818;0.449847,,sequential,2026-10-03T19:59:57+00:00
M0-00036,M0,local,Windows,11,AMD64,AMD Ryzen 3 5300U with Radeon Graphics,amd,8,4,2600,20.8,3.14.6,CPython,1,spawn,2.5.3,cpu,cpu_collatz,1567,1066,0.0,ms,normal,27,1089,8,16,2,5,0,0,0.008353766667520782,1.0,0.014832646938905604,0.0007820823375058356,0.9704220736542756,1.2,0.10200110000005225,0.000246599993261043,0.5379272999998648,0.22454219999781344,0.23327570000401465,0.06941000000369968,0.224535;0.224542;0.226509,0.231947;0.234613;0.233276,0.069921;0.069410;0.069227,,multiprocessing,2026-10-03T20:00:00+00:00
M0-00037,M0,local,Windows,11,AMD64,AMD Ryzen 3 5300U with Radeon Graphics,amd,8,4,2600,20.8,3.14.6,CPython,1,spawn,2.5.3,mixed,mixed_compute_then_sleep,15325,1606237,0.8,seconds,big,124,1606260,8,4,1,3,1,0,0.0012826935485317071,0.525950525366277,0.30740043428427355,0.5799397690818023,1.5521437616038711,6.6,0.08133809999708319,0.01593479999428382,0.27810029999818653,0.15918400000373367,0.10639820000506006,0.38110669999878155,0.159184;0.171393;0.158715,0.106398;0.106907;0.105556,0.381107;0.406524;0.368840,,threading,2026-10-03T20:00:03+00:00
M0-00038,M0,local,Windows,11,AMD64,AMD Ryzen 3 5300U with Radeon Graphics,amd,8,4,2600,20.8,3.14.6,CPython,1,spawn,2.5.3,algo_rec,algo_sudoku,1,184780,0.8,ms,big,235,184802,8,16,3,28,0,0,0.0007509568964325871,0.99946974654682,1.1132151740874225,0.033790221246839065,0.7447251028631032,1.2,0.10286810000252444,0.0009066000129678287,0.5379272999998648,0.2013340000048629,0.21311350000178209,0.06990480000240495,0.201334;0.200753;0.203881,0.213114;0.209769;0.215178,0.068737;0.069905;0.077986,,multiprocessing,2026-10-03T20:00:05+00:00
M0-00039,M0,local,Windows,11,AMD64,AMD Ryzen 3 5300U with Radeon Graphics,amd,8,4,2600,20.8,3.14.6,CPython,1,spawn,2.5.3,numpy,np_linalg_solve,352,1960416,0.0,ms,big,8,1960439,8,4,0,3,0,1,0.009743733331561089,0.9942838314833838,0.07512220367576329,0.09112865675463752,1.1998855639725405,15.9,0.056331899999349844,0.0039299000054597855,0.27810029999818653,0.07315950000338489,0.05033669999829726,0.0578860999958124,0.073562;0.073160;0.072251,0.049917;0.050337;0.050495,0.195838;0.056415;0.057886,,threading,2026-10-03T20:00:06+00:00
M0-00040,M0,local,Windows,11,AMD64,AMD Ryzen 3 5300U with Radeon Graphics,amd,8,4,2600,20.8,3.14.6,CPython,1,spawn,2.5.3,io,io_sleep_chunks,2253,1371632,0.8,ms,big,43,1371655,8,16,1,1,1,0,0.0041468299983534965,0.034260465034989,0.29085740654112496,0.19549631932060568,1.9695240397014395,0.8,0.07212560000334634,0.008526300021912903,0.5379272999998648,0.17142559999774676,0.01278699999966193,0.08188730000256328,0.171426,0.012924;0.012728;0.012787,0.081887,,threading,2026-10-03T20:00:07+00:00
M0-00041,M0,local,Windows,11,AMD64,AMD Ryzen 3 5300U with Radeon Graphics,amd,8,4,2600,20.8,3.14.6,CPython,1,spawn,2.5.3,text,text_split_count,4,273,0.0,seconds,normal,8158,295,8,4,1,1,0,0,7.721118018702135e-05,1.0,0.08575942235364094,0.04986323839433313,0.9794187703573496,1.2,0.10209739999845624,0.0013929999549873173,0.27810029999818653,0.6299580999984755,0.6504662999941502,0.16627629999857163,0.629958;0.628942;0.631837,0.643393;0.650466;0.652009,0.172230;0.165027;0.166276,,multiprocessing,2026-10-03T20:00:12+00:00
M0-00042,M0,local,Windows,11,AMD64,AMD Ryzen 3 5300U with Radeon Graphics,amd,8,4,2600,20.8,3.14.6,CPython,1,spawn,2.5.3,text,text_regex_findall,3,458,0.8,seconds,normal,30206,480,8,4,1,1,0,0,6.937465166472337e-05,1.0,0.4446672118459582,0.05448675543947403,0.9547875078485002,5.1,0.104433100001188,0.0021098001088830642,0.27810029999818653,2.0220006000017747,2.079445300005318,0.6501442000007955,2.021892;2.022001;2.036213,2.088149;2.073672;2.079445,0.652264;0.650144;0.647223,,multiprocessing,2026-10-03T20:00:27+00:00
M0-00043,M0,local,Windows,11,AMD64,AMD Ryzen 3 5300U with Radeon Graphics,amd,8,4,2600,20.8,3.14.6,CPython,1,spawn,2.5.3,gil_release,gil_numpy_matmul,31,16243,0.8,seconds,normal,6120,16265,8,8,0,2,0,1,2.8221568532495035e-05,0.9955499892632468,0.31708849023944313,0.20268185634580296,1.091971871706587,0.8,0.08691109999926994,0.003762400141567923,0.3543448000054923,0.17025099999591475,0.3930317000049399,0.24136360000557033,0.170251;0.170522;0.169063,0.391404;0.393032;0.394349,0.240624;0.249985;0.241364,,sequential,2026-10-03T20:00:31+00:00
M0-00044,M0,local,Windows,11,AMD64,AMD Ryzen 3 5300U with Radeon Graphics,amd,8,4,2600,20.8,3.14.6,CPython,1,spawn,2.5.3,numpy,np_fft,1949,4607,0.0,seconds,normal,3843,4630,8,8,0,0,0,1,0.00017776785750486722,0.9977332506287808,0.21244029998013642,0.031107991492986334,1.7267405959892446,4.7,0.08036399999400601,0.001711899894871749,0.3543448000054923,0.6292906000016956,0.29544210000312887,0.20382830000016838,0.631583;0.629291;0.625531,0.295442;0.285773;0.301789,0.213112;0.199941;0.203828,,multiprocessing,2026-10-03T20:00:35+00:00
M0-00045,M0,local,Windows,11,AMD64,AMD Ryzen 3 5300U with Radeon Graphics,amd,8,4,2600,20.8,3.14.6,CPython,1,spawn,2.5.3,algo_rec,algo_flood_fill,14,147,0.8,ms,normal,8,166,8,16,3,10,0,0,0.0028766999991300204,0.997329580850985,0.28512846101395695,0.0033371572782923036,0.5969169283715262,7.1,0.02119690000108676,0.0002473999993526377,0.5379272999998648,0.039020000003802124,0.042221399999107234,0.013588599998911377,0.039020;0.038495;0.039075,0.042066;0.042221;0.043057,0.013589;0.013547;0.014022,,multiprocessing,2026-10-03T20:00:36+00:00
M0-00046,M0,local,Windows,11,AMD64,AMD Ryzen 3 5300U with Radeon Graphics,amd,8,4,2600,20.8,3.14.6,CPython,1,spawn,2.5.3,tiny,tiny_len,429,29,0.8,seconds,normal,200000,48.8,8,4,0,0,0,0,2.902499654737767e-07,1.0,1.3795428938351197,13.092162905313659,0.4863845769417052,6.2,0.005861200006620493,0.0032660000724717975,0.27810029999818653,0.01601939999818569,0.026417400003992952,0.08920199999556644,0.015963;0.016019;0.016048,0.026417;0.026230;0.026671,0.089202,,sequential,2026-10-03T20:00:36+00:00
M0-00047,M0,local,Windows,11,AMD64,AMD Ryzen 3 5300U with Radeon Graphics,amd,8,4,2600,20.8,3.14.6,CPython,1,spawn,2.5.3,algo_iter,algo_game_of_life,4,1175,0.8,seconds,normal,403,1197,8,16,5,9,0,0,0.006796837497859087,1.0,0.425662835722598,0.010416609165376324,1.0295999555942332,2.0,0.1076457000017399,0.0023766000231262296,0.5379272999998648,2.820607100002235,2.8038584999958402,0.8308700999987195,2.820607;2.767694;2.856826,2.803858;2.915984;2.788367,0.854008;0.830870;0.820367,,multiprocessing,2026-10-03T20:00:56+00:00
M0-00048,M0,local,Windows,11,AMD64,AMD Ryzen 3 5300U with Radeon Graphics,amd,8,4,2600,20.8,3.14.6,CPython,1,spawn,2.5.3,db,db_mem_insert_select,846,127,0.3,seconds,normal,3502,147,8,2,1,1,1,0,0.0008883859651784102,0.9973888482049205,0.18543246372282657,0.0037483698452471202,1.1823641886299499,8.2,0.09333560000231955,0.0004808999874512665,0.21824539999943227,3.002447000006214,2.5489899999956833,1.6007362000018475,3.240785;2.992167;3.002447,2.610575;2.548990;2.543779,1.848282;1.600736;1.500872,,multiprocessing,2026-10-03T20:01:19+00:00
M0-00049,M0,local,Windows,11,AMD64,AMD Ryzen 3 5300U with Radeon Graphics,amd,8,4,2600,20.8,3.14.6,CPython,1,spawn,2.5.3,big_payload,big_checksum_head,411,150342,0.8,seconds,big,1330,150364.45,8,2,1,1,0,0,1.1103313205152167e-05,1.0,0.5091095043299105,2.1678214609987156,0.7973697202359461,4.9,0.010241800002404489,0.001722200024232734,0.21824539999943227,0.013737399996898603,0.014791500005230773,0.4700823999955901,0.014208;0.013737;0.013631,0.015218;0.014792;0.014749,0.470082,,sequential,2026-10-03T20:01:21+00:00
M0-00050,M0,local,Windows,11,AMD64,AMD Ryzen 3 5300U with Radeon Graphics,amd,8,4,2600,20.8,3.14.6,CPython,1,spawn,2.5.3,big_payload,big_checksum_head,1836,102145,0.0,ms,big,514,102168,8,4,1,1,0,0,4.414296864752032e-05,1.0,0.14623124614619565,0.418299901746178,0.8241258947336859,5.0,0.013379800002439879,0.0007966000121086836,0.27810029999818653,0.022419900000386406,0.024537500001315493,0.1056689000033657,0.022420;0.022331;0.023693,0.024994;0.024538;0.023102,0.107891;0.104814;0.105669,,sequential,2026-10-03T20:01:22+00:00
M0-00051,M0,local,Windows,11,AMD64,AMD Ryzen 3 5300U with Radeon Graphics,amd,8,4,2600,20.8,3.14.6,CPython,1,spawn,2.5.3,mixed,mixed_json_roundtrip,10,233777,0.8,ms,big,160,233799,8,2,1,1,1,0,0.0007767924997096997,0.35568090228857097,0.19067368590455192,0.04625430814840546,1.7031646211751386,7.5,0.05020240000158083,0.0010656000158633105,0.21824539999943227,0.12784909999754746,0.06901680000009947,0.09756349999952363,0.129420;0.127849;0.123276,0.068097;0.070591;0.069017,0.097896;0.097563;0.095845,,threading,2026-10-03T20:01:23+00:00
M0-00052,M0,local,Windows,11,AMD64,AMD Ryzen 3 5300U with Radeon Graphics,amd,8,4,2600,20.8,3.14.6,CPython,1,spawn,2.5.3,big_result,result_sorted_pairs,2372,132,0.3,ms,normal,39,152,8,4,1,4,0,0,0.000990655554536109,1.0,0.2906415552206915,0.6545609507522444,0.8729041481420701,0.0,0.02432039999985136,0.006101100007072091,0.27810029999818653,0.03860440000426024,0.0417474999994738,0.02869959999952698,0.048440;0.038604;0.038514,0.042146;0.041747;0.041175,0.035666;0.028050;0.028700,,multiprocessing,2026-10-03T20:01:24+00:00
M0-00053,M0,local,Windows,11,AMD64,AMD Ryzen 3 5300U with Radeon Graphics,amd,8,4,2600,20.8,3.14.6,CPython,1,spawn,2.5.3,recursive,rec_fib,2703,226,0.3,ms,normal,56,246,8,8,0,4,0,0,0.0003068785704921798,1.0,0.23643106018497032,0.015804296869002483,0.7052485913540963,1.6,0.01122620000387542,0.0007982000170159154,0.3543448000054923,0.01767640000616666,0.019464499993773643,0.006140299999970011,0.017676;0.018271;0.017472,0.019390;0.020752;0.019464,0.006140;0.005723;0.006183,,multiprocessing,2026-10-03T20:01:25+00:00
M0-00054,M0,local,Windows,11,AMD64,AMD Ryzen 3 5300U with Radeon Graphics,amd,8,4,2600,20.8,3.14.6,CPython,1,spawn,2.5.3,tiny,tiny_add,32,453,0.3,ms,normal,62920,475,8,8,0,1,0,0,2.7814994246000426e-07,1.0,0.25593020822369006,19.557793807820037,0.47226460031016276,3.1,0.005739700005506165,0.0031857001231401227,0.3543448000054923,0.011914300004718825,0.017453699998441152,0.07114729999739211,0.011495;0.012444;0.011914,0.017591;0.015757;0.017454,0.071147,,sequential,2026-10-03T20:01:26+00:00
M0-00055,M0,local,Windows,11,AMD64,AMD Ryzen 3 5300U with Radeon Graphics,amd,8,4,2600,20.8,3.14.6,CPython,1,spawn,2.5.3,big_result,result_sorted_pairs,174,23,0.8,seconds,normal,7930,42.15,8,4,1,4,0,0,4.917400797023133e-05,0.9972949132661962,0.5903835216252635,0.7357545424297931,0.9997275177797923,8.9,0.10247920000256272,0.0028313999719102867,0.27810029999818653,0.5021863000001758,0.5093400999976438,0.3944238999974914,0.510377;0.502186;0.484479,0.509340;0.510825;0.501140,0.386530;0.394424;0.424210,,multiprocessing,2026-10-03T20:01:30+00:00
M0-00056,M0,local,Windows,11,AMD64,AMD Ryzen 3 5300U with Radeon Graphics,amd,8,4,2600,20.8,3.14.6,CPython,1,spawn,2.5.3,db,db_mem_group_by,33,291,0.3,ms,normal,267,313,8,8,1,2,1,0,0.00014980909128842706,1.0,0.23659779844541687,0.021293767209589066,1.003598050703034,3.9,0.020956599997589365,0.0014067999727558345,0.3543448000054923,0.03855420000036247,0.06875720000243746,0.012074999998731073,0.040695;0.038554;0.038443,0.068757,0.012095;0.012075;0.011526,,multiprocessing,2026-10-03T20:01:31+00:00
M0-00057,M0,local,Windows,11,AMD64,AMD Ryzen 3 5300U with Radeon Graphics,amd,8,4,2600,20.8,3.14.6,CPython,1,spawn,2.5.3,db,db_mem_insert_select,812,228203,0.0,ms,big,11,228226,8,8,1,1,1,0,0.00099699999797546,1.0,0.13364788388230817,0.07803410309697231,0.872881354685214,2.3,0.006634699995629489,0.00046890000521671027,0.3543448000054923,0.009366899997985456,0.02485990000423044,0.0041445000024395995,0.009731;0.009353;0.009367,0.024860,0.004826;0.004145;0.003877,,multiprocessing,2026-10-03T20:01:32+00:00
M0-00058,M0,local,Windows,11,AMD64,AMD Ryzen 3 5300U with Radeon Graphics,amd,8,4,2600,20.8,3.14.6,CPython,1,spawn,2.5.3,db,db_mem_insert_select,181,68,0.8,seconds,normal,1316,87.2,8,4,1,1,1,0,0.00025546326569568994,0.9982573200763831,0.3276916777577797,0.012408828153250444,1.2762233486705736,0.0,0.08974319999833824,0.0007215999212348834,0.27810029999818653,0.3271399000004749,0.36433779999788385,0.09609720000298694,0.332485;0.327140;0.325670,0.364338;0.362897;0.370061,0.095399;0.096097;0.115566,,multiprocessing,2026-10-03T20:01:35+00:00
M0-00059,M0,local,Windows,11,AMD64,AMD Ryzen 3 5300U with Radeon Graphics,amd,8,4,2600,20.8,3.14.6,CPython,1,spawn,2.5.3,numpy,np_sort,3091,331393,0.3,ms,big,61,331416,8,4,0,3,0,1,0.0014278066655000051,1.0,0.2212181997947988,0.03410825982176108,1.2532954827304421,0.4,0.03920220000145491,0.0010852000123122707,0.27810029999818653,0.07659250000142492,0.04948049999802606,0.069421299995156,0.077198;0.076541;0.076593,0.048827;0.049480;0.053599,0.069421;0.069238;0.070800,,threading,2026-10-03T20:01:36+00:00
M0-00060,M0,local,Windows,11,AMD64,AMD Ryzen 3 5300U with Radeon Graphics,amd,8,4,2600,20.8,3.14.6,CPython,1,spawn,2.5.3,db,db_mem_insert_select,77,51,0.3,seconds,normal,4632,70,8,16,1,1,1,0,0.0001595051284405203,0.9975998782135478,0.13606698207002865,0.019968011515623135,1.332088998229462,5.4,0.08812120000220602,0.0010000999318435788,0.5379272999998648,0.7232479000012972,1.5181389999997918,0.18300449999514967,0.727284;0.721309;0.723248,1.518139,0.183004;0.194144;0.180946,,multiprocessing,2026-10-03T20:01:41+00:00
M0-00061,M0,local,Windows,11,AMD64,AMD Ryzen 3 5300U with Radeon Graphics,amd,8,4,2600,20.8,3.14.6,CPython,1,spawn,2.5.3,gil_release,gil_numpy_matmul,68,1168,0.8,seconds,normal,25390,1190,8,8,0,2,0,1,4.299006960324323e-05,0.9954260640777293,0.6963547866323591,0.0907186217908264,1.3387306290767198,1.2,0.08886820000043372,0.0023106000953703187,0.3543448000054923,1.0445752999949036,1.6004794999971637,0.3059246999982861,1.058729;1.043396;1.044575,1.600479,0.303455;0.305925;0.307650,,multiprocessing,2026-10-03T20:01:47+00:00
M0-00062,M0,local,Windows,11,AMD64,AMD Ryzen 3 5300U with Radeon Graphics,amd,8,4,2600,20.8,3.14.6,CPython,1,spawn,2.5.3,algo_iter,algo_game_of_life,10,19,0.0,seconds,normal,33,38,8,2,5,9,0,0,0.016094775000965456,1.0,0.011084871503577261,0.0035927810067655,0.9606641169260256,5.6,0.13158120000298368,0.0005068999962531962,0.21824539999943227,0.5279397999984212,0.533335399995849,0.2892331000039121,0.527774;0.529624;0.527940,0.536069;0.532596;0.533335,0.291321;0.288409;0.289233,,multiprocessing,2026-10-03T20:01:52+00:00
M0-00063,M0,local,Windows,11,AMD64,AMD Ryzen 3 5300U with Radeon Graphics,amd,8,4,2600,20.8,3.14.6,CPython,1,spawn,2.5.3,algo_iter,algo_dijkstra,118,792916,0.0,seconds,big,252,792938,8,4,2,15,0,0,0.0002666873014753773,0.9984462501619383,0.13367529776440748,1.1580041414950137,0.9194927015091947,7.9,0.04322890000184998,0.008350500014785212,0.27810029999818653,0.06651479999709409,0.07018429999880027,0.3882159999993746,0.066514;0.068174;0.066515,0.069943;0.070184;0.070397,0.388216,,sequential,2026-10-03T20:01:54+00:00
M0-00064,M0,local,Windows,11,AMD64,AMD Ryzen 3 5300U with Radeon Graphics,amd,8,4,2600,20.8,3.14.6,CPython,1,spawn,2.5.3,numpy,np_elementwise,4195,580,0.8,ms,normal,319,603,8,8,0,4,0,0,0.00012578734136304428,1.0,0.423180384848799,0.028738974136716326,1.4256827150736073,2.3,0.018166599998949096,0.0013268000329844654,0.3543448000054923,0.0386919999946258,0.04111669999838341,0.011738400004105642,0.038692;0.039658;0.038570,0.040255;0.041314;0.041117,0.011738;0.011418;0.011977,,multiprocessing,2026-10-03T20:01:55+00:00
M0-00065,M0,local,Windows,11,AMD64,AMD Ryzen 3 5300U with Radeon Graphics,amd,8,4,2600,20.8,3.14.6,CPython,1,spawn,2.5.3,mixed,mixed_json_roundtrip,65,1388,0.8,ms,normal,30,1410,8,4,1,1,1,0,0.001978999999534738,0.7715960977432059,0.34714546584690253,0.002894679835442997,1.2981954188592022,2.4,0.025631500000599772,0.00026780000189319253,0.27810029999818653,0.06322550000186311,0.05979300000035437,0.019742399999813642,0.063226;0.063645;0.062965,0.058175;0.060971;0.059793,0.019742;0.020457;0.018556,,multiprocessing,2026-10-03T20:01:56+00:00
M0-00066,M0,local,Windows,11,AMD64,AMD Ryzen 3 5300U with Radeon Graphics,amd,8,4,2600,20.8,3.14.6,CPython,1,spawn,2.5.3,numpy,np_sort,19199,8946,0.8,seconds,normal,6334,8969,8,8,0,3,0,1,0.0005798569766548733,0.9998523454525232,0.45406384356788804,0.016176400460823595,1.7666912229797127,0.8,0.07880679999652784,0.0007771000018692575,0.3543448000054923,3.5216472999964026,1.0563334000034956,1.0136818000028143,3.521647;3.525315;3.511021,1.076470;1.047816;1.056333,1.049877;1.006495;1.013682,,multiprocessing,2026-10-03T20:02:13+00:00
M0-00067,M0,local,Windows,11,AMD64,AMD Ryzen 3 5300U with Radeon Graphics,amd,8,4,2600,20.8,3.14.6,CPython,1,spawn,2.5.3,mixed,mixed_json_roundtrip,2,498274,0.3,seconds,big,401,498296,8,16,1,1,1,0,0.0006178666670974861,0.1626480668577074,0.10338812165196555,0.09541702682654651,1.9822248138264422,1.6,0.07720249999692896,0.0017905999629874714,0.5379272999998648,0.23928539999906207,0.03630860000703251,0.3883810000043013,0.239285,0.037312;0.036309;0.036233,0.388381,,threading,2026-10-03T20:02:15+00:00
M0-00068,M0,local,Windows,11,AMD64,AMD Ryzen 3 5300U with Radeon Graphics,amd,8,4,2600,20.8,3.14.6,CPython,1,spawn,2.5.3,gil_release,gil_numpy_matmul,92,9608,0.0,ms,normal,1090,9630,8,4,0,2,0,1,5.8076470796710486e-05,1.0,0.33480960129082515,0.11243795342509062,1.7136168721910772,0.8,0.025863999995635822,0.0008564999370719306,0.27810029999818653,0.06150630000047386,0.046876100001099985,0.027092799995443784,0.061421;0.062518;0.061506,0.047133;0.046789;0.046876,0.029037;0.027093;0.023683,,multiprocessing,2026-10-03T20:02:16+00:00
M0-00069,M0,local,Windows,11,AMD64,AMD Ryzen 3 5300U with Radeon Graphics,amd,8,4,2600,20.8,3.14.6,CPython,1,spawn,2.5.3,gil_release,gil_numpy_matmul,482,11489,0.0,ms,normal,8,11512,8,8,0,2,0,1,0.005628800002644614,1.0,0.032426179814160176,0.00266486600963459,1.2871609823928705,2.4,0.030128300000797026,0.00029299999005161226,0.3543448000054923,0.04377019999810727,0.018360399997618515,0.016598600006545894,0.043892;0.043173;0.043770,0.018582;0.018360;0.018313,0.016599;0.017579;0.015953,,multiprocessing,2026-10-03T20:02:17+00:00
M0-00070,M0,local,Windows,11,AMD64,AMD Ryzen 3 5300U with Radeon Graphics,amd,8,4,2600,20.8,3.14.6,CPython,1,spawn,2.5.3,db,db_mem_insert_select,4009,1819,0.0,seconds,normal,288,1842,8,8,1,1,1,0,0.0038096357160871514,0.9978507875972498,0.022877198649481012,0.0012655877737352765,1.1271206318464748,11.6,0.10083740000118269,0.00035109997406834736,0.3543448000054923,1.093976100004511,2.344334000023082,0.2688668000046164,1.093976,2.344334,0.268867,threading,multiprocessing,2026-10-03T20:02:21+00:00
M0-00071,M0,local,Windows,11,AMD64,AMD Ryzen 3 5300U with Radeon Graphics,amd,8,4,2600,20.8,3.14.6,CPython,1,spawn,2.5.3,io,io_sleep,1303,1431203,0.0,seconds,big,139,1431226,8,2,0,1,1,0,0.0018811185194257025,0.032609626841512675,0.07534278331934718,0.41970508050390787,2.0097887660386426,5.1,0.11400149999826681,0.03782139997201739,0.21236030000000028,0.25233579999621725,0.13567399999737972,0.41618589999416145,0.252336;0.266108;0.247589,0.127323;0.138254;0.135674,0.416186;0.419308;0.415805,,threading,2026-10-03T20:02:25+00:00
M0-00072,M0,local,Windows,11,AMD64,AMD Ryzen 3 5300U with Radeon Graphics,amd,8,4,2600,20.8,3.14.6,CPython,1,spawn,2.5.3,mixed,mixed_hash_then_write,101,46985,0.8,seconds,normal,4256,47007,8,4,1,3,1,0,0.00043746666651394773,0.9916468765198052,0.19690356174601928,0.02403611462162715,1.3781977344096457,8.3,0.08779639999556821,0.0017631000082474202,0.24541709999903105,1.4913465999998152,1.2139896000007866,1.4956678000016836,1.478533;1.506774;1.491347,1.247153;1.205970;1.213990,1.461433;1.495668;1.505766,,threading,2026-10-03T20:02:39+00:00
M0-00073,M0,local,Windows,11,AMD64,AMD Ryzen 3 5300U with Radeon Graphics,amd,8,4,2600,20.8,3.14.6,CPython,1,spawn,2.5.3,mixed,mixed_parse_lines,10,10200,0.0,ms,normal,41,10222,8,8,2,3,1,0,0.005693044445555036,0.9013120186962014,0.04160696478176596,0.001606248294653502,0.9833325777660601,3.2,0.104395200003637,0.001243399987288285,0.32057289999647764,0.2288665999949444,0.22733980000339216,0.05974939999578055,0.248866;0.227776;0.228867,0.224694;0.228937;0.227340,0.064339;0.056817;0.059749,,multiprocessing,2026-10-03T20:02:42+00:00
M0-00074,M0,local,Windows,11,AMD64,AMD Ryzen 3 5300U with Radeon Graphics,amd,8,4,2600,20.8,3.14.6,CPython,1,spawn,2.5.3,mixed,mixed_compute_then_sleep,21254,528015,0.8,ms,big,9,528038,8,4,1,3,1,0,0.0018036999996790353,0.6599190766308536,0.39204170262378696,0.10393450578035374,1.1856996059880804,5.1,0.01019790000282228,0.001419900007022079,0.24541709999903105,0.011610200002905913,0.00846799999999348,0.007489899995562155,0.011610;0.011358;0.011717,0.008468;0.008488;0.008401,0.007490;0.006750;0.007845,,multiprocessing,2026-10-03T20:02:42+00:00
M0-00075,M0,local,Windows,11,AMD64,AMD Ryzen 3 5300U with Radeon Graphics,amd,8,4,2600,20.8,3.14.6,CPython,1,spawn,2.5.3,mixed,mixed_parse_lines,13,813,0.8,seconds,normal,1059,835,8,16,2,3,1,0,0.0010860595744390516,0.5182324274971697,0.22953809915117804,0.0034850749245372977,1.5449803698227376,5.1,0.08466400000179419,0.0004349000009824522,0.3931326999954763,1.3816053999980795,0.7063908999989508,0.1436942000000272,1.381605,0.705066;0.706391;0.709775,0.143966;0.142285;0.143694,,multiprocessing,2026-10-03T20:02:47+00:00
M0-00076,M0,local,Windows,11,AMD64,AMD Ryzen 3 5300U with Radeon Graphics,amd,8,4,2600,20.8,3.14.6,CPython,1,spawn,2.5.3,mixed,mixed_hash_then_write,55824,3525,0.0,seconds,normal,2996,3548,8,4,1,3,1,0,0.0006359810130434889,0.9981491859206235,0.11821899497202025,0.008443648527758096,1.179246554449509,4.4,0.09315889999561477,0.000641899969195947,0.24541709999903105,1.8632649999999558,1.3957939999963855,0.9871502999958466,1.861467;1.863265;1.878933,1.405419;1.381820;1.395794,0.990573;0.985590;0.987150,,multiprocessing,2026-10-03T20:03:01+00:00
M0-00077,M0,local,Windows,11,AMD64,AMD Ryzen 3 5300U with Radeon Graphics,amd,8,4,2600,20.8,3.14.6,CPython,1,spawn,2.5.3,io,io_sleep_chunks,4307,69,0.8,ms,normal,26,89,8,2,1,1,1,0,0.0053180000007462995,0.027362969115879567,0.33723772902667565,0.0014635825433247476,1.9667287196798906,8.2,0.04890949999389704,0.0008594999890192412,0.21236030000000028,0.12710169999627396,0.06480320000264328,0.06367499999760184,0.127102;0.127794;0.127092,0.064521;0.065063;0.064803,0.065967;0.063675;0.063493,,multiprocessing,2026-10-03T20:03:02+00:00
M0-00078,M0,local,Windows,11,AMD64,AMD Ryzen 3 5300U with Radeon Graphics,amd,8,4,2600,20.8,3.14.6,CPython,1,spawn,2.5.3,algo_iter,algo_edit_distance,35626,95,0.8,ms,normal,8,115,8,8,2,16,0,0,0.00839550000091549,1.0,0.5031924232120862,0.0010878842884624576,0.9248962409894951,3.5,0.05219470000156434,0.001751699994201772,0.32057289999647764,0.06173809999745572,0.06496789999800967,0.022629999999480788,0.061209;0.061738;0.062315,0.064968;0.065405;0.064483,0.022630;0.022285;0.023361,,multiprocessing,2026-10-03T20:03:03+00:00
M0-00079,M0,local,Windows,11,AMD64,AMD Ryzen 3 5300U with Radeon Graphics,amd,8,4,2600,20.8,3.14.6,CPython,1,spawn,2.5.3,io,io_sleep,16900,147372,0.8,seconds,big,216,147395,8,2,0,1,1,0,0.012214480001421179,0.006072383555036163,0.7626346216561629,0.004925301628919135,0.6705089592321181,0.0,0.11933000000135507,0.0006865999966976233,0.21236030000000028,3.816497600004368,1.9444057000000612,1.9748626000000513,3.816239;3.818905;3.816498,1.945435;1.944347;1.944406,1.981683;1.974863;1.974670,,threading,2026-10-03T20:03:27+00:00
M0-00080,M0,local,Windows,11,AMD64,AMD Ryzen 3 5300U with Radeon Graphics,amd,8,4,2600,20.8,3.14.6,CPython,1,spawn,2.5.3,tiny,tiny_add,530,19,0.3,seconds,normal,200000,39,8,4,0,1,0,0,2.5765004829736425e-07,0.9934589191196783,0.6428271782805905,15.097994691107631,0.4263312276096966,1.6,0.006253799998376053,0.003674699903058354,0.24541709999903105,0.022424800001317635,0.030234899997594766,0.07652260000031674,0.023253;0.022425;0.021983,0.029767;0.030235;0.030359,0.079071;0.076523;0.075857,,sequential,2026-10-03T20:03:28+00:00
M0-00081,M0,local,Windows,11,AMD64,AMD Ryzen 3 5300U with Radeon Graphics,amd,8,4,2600,20.8,3.14.6,CPython,1,spawn,2.5.3,gil_release,gil_numpy_matmul,26,3420,0.0,seconds,normal,10466,3442,8,8,0,2,0,1,1.4281450061389477e-05,1.0,0.23510220753869301,0.29653858274596295,0.941044989145616,0.4,0.06379229999583913,0.00414999986969633,0.32057289999647764,0.14879049999581184,0.38218269999924814,0.06486470000527333,0.144119;0.151354;0.148790,0.382183,0.256794;0.064580;0.064865,,multiprocessing,2026-10-03T20:03:30+00:00
M0-00082,M0,local,Windows,11,AMD64,AMD Ryzen 3 5300U with Radeon Graphics,amd,8,4,2600,20.8,3.14.6,CPython,1,spawn,2.5.3,big_result,result_matrix_lists,266,197,0.0,seconds,normal,483,217,8,8,2,5,0,0,0.007909142856078688,0.9981587334699031,0.013588227192372812,0.27263926043076997,0.9641521527305162,16.1,0.12856420000025537,0.015968000014254358,0.32057289999647764,4.093323300003249,4.134314700000687,1.492872199996782,4.069321;4.093323;4.126560,4.182309;4.118362;4.134315,1.454400;1.498715;1.492872,,multiprocessing,2026-10-03T20:04:00+00:00
M0-00083,M0,local,Windows,11,AMD64,AMD Ryzen 3 5300U with Radeon Graphics,amd,8,4,2600,20.8,3.14.6,CPython,1,spawn,2.5.3,io,io_sleep,17483,39,0.3,seconds,normal,236,59,8,16,0,1,1,0,0.019888800003779277,0.0029162135876082203,0.06424250210483466,0.0006435781960196433,1.783891062241786,2.3,0.09291659999871626,0.000294299992674496,0.3931326999954763,4.261328500004311,0.30035949999728473,0.30064490000222577,4.261329,0.300359;0.299771;0.301058,0.300645;0.302169;0.300418,,threading,2026-10-03T20:04:07+00:00
M0-00084,M0,local,Windows,11,AMD64,AMD Ryzen 3 5300U with Radeon Graphics,amd,8,4,2600,20.8,3.14.6,CPython,1,spawn,2.5.3,algo_rec,algo_sudoku,16,54,0.8,ms,normal,8,73,8,16,3,28,0,0,0.015615066666214261,0.9991304378725074,0.21720249031423014,0.0006510804124292388,2.3984959205299967,0.0,0.06931710000208113,0.002444300007482525,0.3931326999954763,0.08525530000042636,0.08939229999668896,0.0287019000024884,0.084578;0.086948;0.085255,0.090771;0.089392;0.089303,0.028702;0.033167;0.027935,,multiprocessing,2026-10-03T20:04:08+00:00
M0-00085,M0,local,Windows,11,AMD64,AMD Ryzen 3 5300U with Radeon Graphics,amd,8,4,2600,20.8,3.14.6,CPython,1,spawn,2.5.3,text,text_csv_parse,7,370,0.3,seconds,normal,229,392,8,8,2,3,0,0,0.0018160249998930209,0.9987401102112218,0.1513673984959259,0.00204567783737245,1.0053336298679134,5.4,0.102425699995365,0.0013480999987223186,0.32057289999647764,0.4171128000016324,0.4179470999952173,0.09802669999771751,0.417113;0.417348;0.414803,0.415098;0.417947;0.418236,0.102911;0.098027;0.091181,,multiprocessing,2026-10-03T20:04:11+00:00
M0-00086,M0,local,Windows,11,AMD64,AMD Ryzen 3 5300U with Radeon Graphics,amd,8,4,2600,20.8,3.14.6,CPython,1,spawn,2.5.3,text,text_regex_findall,3,1332,0.3,seconds,normal,4949,1354,8,8,1,1,0,0,0.00019355116286491,1.0,0.2500455800965815,0.021260530548671733,0.9761915693209885,1.6,0.10247919999528676,0.0013859999744454399,0.32057289999647764,0.9500065000029281,0.971659400005592,0.21671439999772701,0.951310;0.950007;0.948825,0.972144;0.970735;0.971659,0.223028;0.215366;0.216714,,multiprocessing,2026-10-03T20:04:18+00:00
M0-00087,M0,local,Windows,11,AMD64,AMD Ryzen 3 5300U with Radeon Graphics,amd,8,4,2600,20.8,3.14.6,CPython,1,spawn,2.5.3,algo_rec,algo_flood_fill,9,1455975,0.8,seconds,big,80,1455997,8,2,3,10,0,0,0.004037315383566937,1.0,0.6102098174759202,0.1975532103951883,0.7615896828692735,1.2,0.13270850000117207,0.012064100010320544,0.21236030000000028,0.3128498000005493,0.32058349999715574,0.2765480000016396,0.311910;0.312850;0.320008,0.318386;0.321187;0.320583,0.277699;0.274243;0.276548,,multiprocessing,2026-10-03T20:04:22+00:00
M0-00088,M0,local,Windows,11,AMD64,AMD Ryzen 3 5300U with Radeon Graphics,amd,8,4,2600,20.8,3.14.6,CPython,1,spawn,2.5.3,db,db_mem_insert_select,319,1272,0.8,seconds,normal,5573,1294.7,8,8,1,1,1,0,0.00039863015852114627,1.0,0.3914252503038863,0.009156359080804482,1.1710106543982954,4.3,0.09422170000470942,0.0015221000285237096,0.32057289999647764,2.115981200004171,3.496279000006325,0.499255800001265,2.115981,3.496279,0.499256,threading,multiprocessing,2026-10-03T20:04:29+00:00
M0-00089,M0,local,Windows,11,AMD64,AMD Ryzen 3 5300U with Radeon Graphics,amd,8,4,2600,20.8,3.14.6,CPython,1,spawn,2.5.3,algo_iter,algo_edit_distance,68575,1145,0.3,seconds,normal,313,1170,8,2,2,16,0,0,0.019791166664314613,1.0,0.0007887951879104416,0.0007158074932912232,1.2657601464429558,2.7,0.12884610000037355,0.02249320000555599,0.20556870000291383,4.723242799998843,4.837675099995977,2.3897791000053985,4.723243;4.715349;4.741069,4.852618;4.809899;4.837675,2.391525;2.389779;2.367625,,multiprocessing,2026-10-03T20:05:06+00:00
M0-00090,M0,local,Windows,11,AMD64,AMD Ryzen 3 5300U with Radeon Graphics,amd,8,4,2600,20.8,3.14.6,CPython,1,spawn,2.5.3,big_result,result_matrix_lists,44,741,0.0,ms,normal,167,763,8,4,2,5,0,0,0.0002503512191540766,1.0,0.22054471870957024,0.2463738750995521,0.5728192619283193,6.6,0.030341399993631057,0.0022230000104173087,0.3239605000053416,0.04669409999769414,0.04446309999912046,0.021569299999100622,0.048988;0.046694;0.042632,0.044463;0.046765;0.041396,0.021569;0.021241;0.024862,,multiprocessing,2026-10-03T20:05:07+00:00
M0-00091,M0,local,Windows,11,AMD64,AMD Ryzen 3 5300U with Radeon Graphics,amd,8,4,2600,20.8,3.14.6,CPython,1,spawn,2.5.3,cpu,cpu_sum_squares,276334,178,0.0,ms,normal,8,200,8,8,1,2,0,0,0.01899506666571445,0.9995088588075107,0.014312826041197284,0.0008142464498307507,1.0100494573508072,22.0,0.11490490000142017,0.0008551999999326654,0.4478529999978491,0.14600690000224859,0.14579460000095423,0.045025599996733945,0.153675;0.146007;0.141989,0.140554;0.149407;0.145795,0.041561;0.054091;0.045026,,multiprocessing,2026-10-03T20:05:09+00:00
M0-00092,M0,local,Windows,11,AMD64,AMD Ryzen 3 5300U with Radeon Graphics,amd,8,4,2600,20.8,3.14.6,CPython,1,spawn,2.5.3,text,text_regex_findall,7,210698,0.8,seconds,big,12,210720,8,16,1,1,0,0,0.08129976666774989,0.9966128804477871,0.29507830438708743,0.0007724499762006218,1.0497678958540797,7.3,0.46740760000102455,0.0011229999945499003,0.39584589999867603,0.73732249999739,0.7418646999940393,0.23036940000019968,0.911539;0.721661;0.737322,0.741865;0.739907;0.757295,0.230369;0.205181;0.233591,,multiprocessing,2026-10-03T20:05:16+00:00
M0-00093,M0,local,Windows,11,AMD64,AMD Ryzen 3 5300U with Radeon Graphics,amd,8,4,2600,20.8,3.14.6,CPython,1,spawn,2.5.3,tiny,tiny_dict_lookup,7,111,0.8,ms,normal,3580,130,8,16,0,1,0,0,3.2603376650371114e-07,1.0,0.6255090901090237,15.581208577035964,0.2882935384070989,10.5,0.004598300001816824,0.0027207997773075476,0.39584589999867603,0.0007003999999142252,0.0015505999981542118,0.007012200003373437,0.000700;0.000714;0.000698,0.001734;0.001551;0.001440,0.007012,,sequential,2026-10-03T20:05:17+00:00
M0-00094,M0,local,Windows,11,AMD64,AMD Ryzen 3 5300U with Radeon Graphics,amd,8,4,2600,20.8,3.14.6,CPython,1,spawn,2.5.3,io,io_file_roundtrip,5,132,0.8,seconds,normal,13,151,8,16,1,0,1,0,0.03138733333131919,0.21354869588128086,0.31978461593403923,0.00031328985232643113,1.9931725256511308,5.9,0.1530916999981855,0.001192500007164199,0.39584589999867603,0.24908959999447688,0.061286000003747176,0.06751690000237431,0.301673;0.240200;0.249090,0.062586;0.061286;0.060620,0.080004;0.067517;0.062176,,threading,2026-10-03T20:05:19+00:00
M0-00095,M0,local,Windows,11,AMD64,AMD Ryzen 3 5300U with Radeon Graphics,amd,8,4,2600,20.8,3.14.6,CPython,1,spawn,2.5.3,numpy,np_fft,8252,2048,0.3,ms,normal,368,2071,8,2,0,0,0,1,0.0006265098764058087,0.9980263821707119,0.7587096004810645,0.006320730298598898,1.328658181458379,2.4,0.09009879999939585,0.0010743000093498267,0.20556870000291383,0.20870309999736492,0.1468693999995594,0.14307149999513058,0.246585;0.208703;0.179755,0.161483;0.146869;0.119455,0.266797;0.140487;0.143071,,multiprocessing,2026-10-03T20:05:21+00:00
M0-00096,M0,local,Windows,11,AMD64,AMD Ryzen 3 5300U with Radeon Graphics,amd,8,4,2600,20.8,3.14.6,CPython,1,spawn,2.5.3,mixed,mixed_compute_then_sleep,6796,817246,0.3,seconds,big,244,817269,8,2,1,3,1,0,0.0008200672127117525,0.3560603198130604,0.06668427370852581,0.3636592168873061,1.6261933669826227,2.7,0.08801200000016252,0.007155400024203118,0.20556870000291383,0.20294520000607008,0.10971830000198679,0.44919020000088494,0.203752;0.202218;0.202945,0.109718;0.104789;0.112727,0.449190;0.447250;0.454718,,threading,2026-10-03T20:05:24+00:00
M0-00097,M0,local,Windows,11,AMD64,AMD Ryzen 3 5300U with Radeon Graphics,amd,8,4,2600,20.8,3.14.6,CPython,1,spawn,2.5.3,mixed,mixed_hash_then_write,37313,5310,0.0,seconds,normal,1376,5333,8,16,1,3,1,0,0.0007714415383256542,0.9979443253168244,0.08078556802264936,0.006967476184913596,1.1753749073865527,4.7,0.09400779999850783,0.0013427000012598,0.39584589999867603,1.0954935000045225,0.784934000002977,0.42667030000302475,1.069508;1.105740;1.095494,0.791139;0.784934;0.778143,0.518483;0.426670;0.379095,,multiprocessing,2026-10-03T20:05:32+00:00
M0-00098,M0,local,Windows,11,AMD64,AMD Ryzen 3 5300U with Radeon Graphics,amd,8,4,2600,20.8,3.14.6,CPython,1,spawn,2.5.3,algo_iter,algo_kmeans,31,55,0.0,seconds,normal,538,74,8,4,3,15,0,0,0.0007894484378994093,0.9998619300737267,0.06081989923550927,0.0068275520451956525,0.9713885619700457,5.9,0.10442840000177966,0.002176999973016791,0.3239605000053416,0.4245818999988842,0.4322503000003053,0.1264560000054189,0.426534;0.424582;0.422325,0.432250;0.431401;0.438849,0.126456;0.119891;0.127454,,multiprocessing,2026-10-03T20:05:35+00:00
M0-00099,M0,local,Windows,11,AMD64,AMD Ryzen 3 5300U with Radeon Graphics,amd,8,4,2600,20.8,3.14.6,CPython,1,spawn,2.5.3,db,db_mem_insert_select,283,67,0.3,ms,normal,49,86.66666666666667,8,2,1,1,1,0,0.00039934166670718696,0.9973672170544511,0.3965482930696108,0.010559045024618999,0.9152805309959353,8.6,0.010487799998372793,0.0009733999977470376,0.20556870000291383,0.01738150000164751,0.015139700000872836,0.010542500000155997,0.017016;0.017395;0.017382,0.015140;0.015572;0.015044,0.010896;0.010543;0.010501,,multiprocessing,2026-10-03T20:05:36+00:00
M0-00100,M0,local,Windows,11,AMD64,AMD Ryzen 3 5300U with Radeon Graphics,amd,8,4,2600,20.8,3.14.6,CPython,1,spawn,2.5.3,big_result,result_matrix_lists,301,208,0.3,seconds,normal,29,227.8,8,4,2,5,0,0,0.01083671999949729,0.9995968718786963,0.30522543438460886,0.25021039578974547,0.8365217086424446,9.8,0.12783109999872977,0.013829199997417163,0.3239605000053416,0.33378369999991264,0.3398979000048712,0.14395559999684338,0.342055;0.333667;0.333784,0.339898;0.341727;0.339083,0.143956;0.136335;0.144428,,multiprocessing,2026-10-03T20:05:39+00:00
M0-00101,M0,local,Windows,11,AMD64,AMD Ryzen 3 5300U with Radeon Graphics,amd,8,4,2600,20.8,3.14.6,CPython,1,spawn,2.5.3,numpy,np_fft,2221,1008106,0.0,ms,big,28,1008129,8,16,0,0,0,1,0.004800400000281765,0.9858520589844126,0.09953629401942216,0.09310533670738896,1.5321959908211307,0.0,0.05853900000511203,0.0035578000024543144,0.39584589999867603,0.11619169999903534,0.06253570000262698,0.4679809999943245,0.116580;0.116192;0.115896,0.062536;0.062852;0.060449,0.467981,,threading,2026-10-03T20:05:41+00:00
M0-00102,M0,local,Windows,11,AMD64,AMD Ryzen 3 5300U with Radeon Graphics,amd,8,4,2600,20.8,3.14.6,CPython,1,spawn,2.5.3,big_payload,big_reverse,1,3265400,0.3,seconds,big,61,3265422,8,2,0,0,0,0,0.002136353334450784,0.9942727098680115,0.05922045691781456,1.3355843126580311,0.9579084001447272,2.4,0.10893919999944046,0.04385979998187395,0.20556870000291383,0.13505739999527577,0.14149319999705767,0.5695065999971121,0.138793;0.135057;0.134435,0.142555;0.141493;0.140389,0.569507;0.577177;0.561108,,sequential,2026-10-03T20:05:45+00:00
M0-00103,M0,local,Windows,11,AMD64,AMD Ryzen 3 5300U with Radeon Graphics,amd,8,4,2600,20.8,3.14.6,CPython,1,spawn,2.5.3,big_payload,big_reverse,4,1854065,0.0,ms,big,13,1854087,8,2,0,0,0,0,0.0012907666629568364,0.993375427364967,0.14642634692753806,1.2609818492111546,0.6744158924346527,1.2,0.01439599999866914,0.005281000005197711,0.20556870000291383,0.01648219999333378,0.017788600001949817,0.05280530000163708,0.016685;0.016482;0.016188,0.017789;0.017286;0.018157,0.052853;0.052805;0.052594,,sequential,2026-10-03T20:05:45+00:00
M0-00104,M0,local,Windows,11,AMD64,AMD Ryzen 3 5300U with Radeon Graphics,amd,8,4,2600,20.8,3.14.6,CPython,1,spawn,2.5.3,text,text_format_report,21,371270,0.0,seconds,big,538,371292,8,4,1,2,0,0,3.02619395804515e-05,1.0,0.23787425759257105,1.4288575224551467,0.8090998609235862,2.0,0.011290099995676428,0.0021655000891769305,0.3239605000053416,0.014217999996617436,0.015877199999522418,0.4425377000006847,0.014303;0.014218;0.014019,0.016406;0.015877;0.015593,0.442538,,sequential,2026-10-03T20:05:47+00:00
M0-00105,M0,local,Windows,11,AMD64,AMD Ryzen 3 5300U with Radeon Graphics,amd,8,4,2600,20.8,3.14.6,CPython,1,spawn,2.5.3,mixed,mixed_compute_then_sleep,189399,325498,0.3,seconds,big,387,325532,8,2,1,3,1,0,0.012706325000181096,0.6472766575266989,0.17685360842415856,0.0065439851376865935,1.3120927390599098,2.0,0.09389190000365488,0.0006598999971174635,0.20556870000291383,4.849087000002328,3.1932276000006823,2.5113588999956846,4.780077;4.849087;4.898599,3.193228;4.067609;3.172894,2.511359;2.505641;2.528772,,multiprocessing,2026-10-03T20:06:21+00:00
M0-00106,M0,local,Windows,11,AMD64,AMD Ryzen 3 5300U with Radeon Graphics,amd,8,4,2600,20.8,3.14.6,CPython,1,spawn,2.5.3,cpu,cpu_matmul_lists,13,784,0.8,seconds,normal,481,806,8,2,3,5,0,0,0.00032289583341480463,0.9998373851910269,0.8953668907149974,0.012093685413864217,1.469738273903525,15.0,0.06655060000048252,0.0016589999868301675,0.20556870000291383,0.12483890000294195,0.1250992999994196,0.06634679999842774,0.124880;0.124839;0.123972,0.139927;0.125099;0.123970,0.084559;0.065676;0.066347,,multiprocessing,2026-10-03T20:06:22+00:00
M0-00107,M0,local,Windows,11,AMD64,AMD Ryzen 3 5300U with Radeon Graphics,amd,8,4,2600,20.8,3.14.6,CPython,1,spawn,2.5.3,recursive,rec_nqueens,19,1647,0.8,ms,normal,8,1669,8,4,1,10,0,0,0.003783033333699374,1.0,0.47343368347349196,0.0038505260620700574,0.729226361020264,11.9,0.024695000000065193,0.001239799996255897,0.3239605000053416,0.02316910000081407,0.0255886000013561,0.009424999996554106,0.023169;0.023626;0.022513,0.025777;0.025589;0.025417,0.008913;0.011077;0.009425,,multiprocessing,2026-10-03T20:06:23+00:00
M0-00108,M0,local,Windows,11,AMD64,AMD Ryzen 3 5300U with Radeon Graphics,amd,8,4,2600,20.8,3.14.6,CPython,1,spawn,2.5.3,gil_release,gil_zlib,2,5554,0.8,ms,normal,295,5576,8,8,1,1,0,1,0.0002521082196960366,1.0,0.4121392681956903,0.018166802808345598,1.679951829400413,7.9,0.030303499996080063,0.0010419999598525465,0.4478529999978491,0.07151729999895906,0.014305199998489115,0.016350699996110052,0.071517,0.013238;0.014892;0.014305,0.016351;0.015570;0.017586,,threading,2026-10-03T20:06:23+00:00
M0-00109,M0,local,Windows,11,AMD64,AMD Ryzen 3 5300U with Radeon Graphics,amd,8,4,2600,20.8,3.14.6,CPython,1,spawn,2.5.3,io,io_file_roundtrip,1,9205,0.8,ms,normal,8,9227,8,16,1,0,1,0,0.009123966667781739,0.16463798503906218,0.16640109329241223,0.0016403684039199714,0.8808383107050753,0.8,0.05517849999887403,0.0003099000023212284,0.39584589999867603,0.0872629999939818,0.025294799997936934,0.024883500002033543,0.095262;0.087263;0.085153,0.028769;0.025117;0.025295,0.025905;0.024884;0.022343,,multiprocessing,2026-10-03T20:06:25+00:00
M0-00110,M0,local,Windows,11,AMD64,AMD Ryzen 3 5300U with Radeon Graphics,amd,8,4,2600,20.8,3.14.6,CPython,1,spawn,2.5.3,text,text_csv_parse,2,1091,0.3,ms,normal,33,1113,8,8,2,3,0,0,0.002174562501750188,0.9978620917383995,0.12015503331736994,0.0023567958667003175,0.9246015507905277,5.1,0.03699200000119163,0.0012079999869456515,0.4478529999978491,0.06605780000245431,0.06998179999936838,0.01571920000424143,0.066058;0.066844;0.065837,0.069728;0.069982;0.071439,0.016201;0.015374;0.015719,,multiprocessing,2026-10-03T20:06:26+00:00
M0-00111,M0,local,Windows,11,AMD64,AMD Ryzen 3 5300U with Radeon Graphics,amd,8,4,2600,20.8,3.14.6,CPython,1,spawn,2.5.3,tiny,tiny_len,2,17,0.8,ms,normal,40657,36,8,2,0,0,0,0,2.4184999710996637e-07,1.0,0.4758351857433214,16.37378542687797,0.5038580683909377,9.2,0.005803200001537334,0.0035299000082886778,0.20556870000291383,0.0029739999954472296,0.0054894999993848614,0.014992099997471087,0.002974;0.003223;0.002790,0.005489;0.005361;0.005687,0.014992,,sequential,2026-10-03T20:06:27+00:00
M0-00112,M0,local,Windows,11,AMD64,AMD Ryzen 3 5300U with Radeon Graphics,amd,8,4,2600,20.8,3.14.6,CPython,1,spawn,2.5.3,db,db_file_commit,4,282011,0.3,seconds,big,173,282033,8,4,1,0,1,0,0.028214099998876918,0.48644006079787344,0.18344650608973484,0.0030646614771743528,1.4128202969380501,15.2,0.1384223999993992,0.0014385000031325035,0.3239605000053416,3.9062926999977208,1.925898800000141,1.8208821000007447,3.906293;3.921600;3.682263,1.925899;1.647006;1.943585,1.743890;1.968293;1.820882,,multiprocessing,2026-10-03T20:06:50+00:00
M0-00113,M0,local,Windows,11,AMD64,AMD Ryzen 3 5300U with Radeon Graphics,amd,8,4,2600,20.8,3.14.6,CPython,1,spawn,2.5.3,tiny,tiny_add,123,565234,0.0,ms,big,353,565256,8,2,0,1,0,0,4.3750027213139797e-07,1.0,0.2539489758147779,191.028452831886,0.05012456234050798,13.3,0.0033906000026036054,0.0024975999840535223,0.20556870000291383,5.8099998568650335e-05,0.0004297499981475994,0.4554379999972298,0.000101;0.000058;0.000037,0.000447;0.000412,0.455438,,sequential,2026-10-03T20:06:52+00:00
M0-00114,M0,local,Windows,11,AMD64,AMD Ryzen 3 5300U with Radeon Graphics,amd,8,4,2600,20.8,3.14.6,CPython,1,spawn,2.5.3,recursive,rec_fib,731,219674,0.3,seconds,big,910,219697,8,2,0,4,0,0,8.104669599048178e-05,0.996798804931712,0.10714082266020239,0.3958828851284948,0.9346262092794537,22.1,0.04003760000341572,0.0017954000140889548,0.20556870000291383,0.0716413999980432,0.07322969999950146,0.49162300000170944,0.071529;0.073997;0.071641,0.073230;0.074162;0.073187,0.491623,,sequential,2026-10-03T20:06:54+00:00
M0-00115,M0,local,Windows,11,AMD64,AMD Ryzen 3 5300U with Radeon Graphics,amd,8,4,2600,20.8,3.14.6,CPython,1,spawn,2.5.3,cpu,cpu_count_primes,11802,317848,0.3,seconds,big,170,317871,8,4,2,4,0,0,0.007923985712945327,0.9997681813148409,0.284540494431801,0.007842373861160093,0.8831162706550986,12.9,0.12013389999628998,0.0013055000017629936,0.3239605000053416,1.473974000000453,1.4888715999986744,0.584665499998664,1.473974;1.485667;1.471777,1.486163;1.488872;1.496626,0.608638;0.584665;0.507666,,multiprocessing,2026-10-03T20:07:05+00:00
M0-00116,M0,local,Windows,11,AMD64,AMD Ryzen 3 5300U with Radeon Graphics,amd,8,4,2600,20.8,3.14.6,CPython,1,spawn,2.5.3,tiny,tiny_len,107,334,0.3,ms,normal,126484,356,8,16,0,0,0,0,2.3914997655083425e-07,1.0,0.3332691174458275,15.032405244257633,0.37776248547908003,9.8,0.0057307000024593435,0.003167000053508673,0.39584589999867603,0.018919300004199613,0.027397099998779595,0.09614819999842439,0.018919;0.019130;0.018339,0.027397;0.028365;0.026195,0.096148,,sequential,2026-10-03T20:07:06+00:00
M0-00117,M0,local,Windows,11,AMD64,AMD Ryzen 3 5300U with Radeon Graphics,amd,8,4,2600,20.8,3.14.6,CPython,1,spawn,2.5.3,io,io_file_roundtrip,1,970680,0.0,seconds,big,35,970702,8,4,1,0,1,0,0.009901166667987127,0.2260535669269505,0.047638133672560354,0.03526857100058977,1.9117097327549915,0.0,0.09261659999901894,0.002455799993185792,0.3239605000053416,0.345871099998476,0.12089190000551753,0.15405050000117626,0.355599;0.345871;0.330261,0.120892;0.122144;0.106830,0.154842;0.154051;0.145260,,threading,2026-10-03T20:07:08+00:00
M0-00118,M0,local,Windows,11,AMD64,AMD Ryzen 3 5300U with Radeon Graphics,amd,8,4,2600,20.8,3.14.6,CPython,1,spawn,2.5.3,big_result,result_sorted_pairs,32282,1865,0.0,seconds,normal,23,1888,8,8,1,4,0,0,0.016966633333746966,0.9990643400071656,0.12132384213380577,0.8181568134642191,0.9438793822720322,12.8,0.1430471999992733,0.04273280000052182,0.4478529999978491,0.4708039999968605,0.4735080000027665,0.33467539999401197,0.468792;0.470804;0.477480,0.473508;0.483560;0.468885,0.316370;0.334675;0.352172,,multiprocessing,2026-10-03T20:07:13+00:00
M0-00119,M0,local,Windows,11,AMD64,AMD Ryzen 3 5300U with Radeon Graphics,amd,8,4,2600,20.8,3.14.6,CPython,1,spawn,2.5.3,io,io_file_roundtrip,1,8446,0.8,ms,normal,8,8468,8,4,1,0,1,0,0.009427133336430416,0.13985774007735483,0.030415014743262775,0.00193766911293966,1.0525015063565915,5.5,0.0552081999994698,0.0002947999892057851,0.3239605000053416,0.07521179999457672,0.02740780000021914,0.027496399998199195,0.075212;0.073662;0.075788,0.027023;0.027559;0.027408,0.027903;0.027496;0.027407,,threading,2026-10-03T20:07:14+00:00
M0-00120,M0,local,Windows,11,AMD64,AMD Ryzen 3 5300U with Radeon Graphics,amd,8,4,2600,20.8,3.14.6,CPython,1,spawn,2.5.3,db,db_mem_group_by,82,1044,0.0,ms,normal,573,1066,8,2,1,2,1,0,0.00020860559453575553,0.9955584400152587,0.175721034839919,0.016562359460741825,1.327421366524752,5.6,0.05410810000466881,0.0019027999878744595,0.20556870000291383,0.11507179999898653,0.08405180000409018,0.05921600000147009,0.116276;0.115072;0.114962,0.085833;0.084052;0.082922,0.059216;0.060688;0.059194,,multiprocessing,2026-10-03T20:07:15+00:00
M0-00121,M0,local,Windows,11,AMD64,AMD Ryzen 3 5300U with Radeon Graphics,amd,8,4,2600,20.8,3.14.6,CPython,1,spawn,2.5.3,gil_release,gil_numpy_matmul,298,4502,0.3,ms,normal,8,4525,8,8,0,2,0,1,0.0023818333332504458,0.9981752603669445,0.2759448240217644,0.004982156863308533,1.7871238271921122,3.1,0.011600100006035063,0.0011500000036903657,0.4478529999978491,0.012132800002291333,0.007387000005110167,0.723872599999595,0.012133;0.012223;0.011289,0.008092;0.007387;0.006359,0.723873,,threading,2026-10-03T20:07:17+00:00
M0-00122,M0,local,Windows,11,AMD64,AMD Ryzen 3 5300U with Radeon Graphics,amd,8,4,2600,20.8,3.14.6,CPython,1,spawn,2.5.3,big_payload,big_reverse,6,3561613,0.8,seconds,big,56,3561635,8,8,0,0,0,0,0.002366850000336334,0.998689156931484,0.06009746665364934,1.3113964009467618,1.0017111399461287,6.7,0.11036009999952512,0.04446989999996731,0.4478529999978491,0.13448200000129873,0.14047999999456806,0.3968393999966793,0.134337;0.136692;0.134482,0.140480;0.140191;0.143168,0.396839;0.396736;0.401160,,sequential,2026-10-03T20:07:20+00:00
M0-00123,M0,local,Windows,11,AMD64,AMD Ryzen 3 5300U with Radeon Graphics,amd,8,4,2600,20.8,3.14.6,CPython,1,spawn,2.5.3,numpy,np_sort,86211,3673,0.8,ms,normal,33,3697.5,8,16,0,3,0,1,0.002740600001743587,0.9985261087361534,0.5134145418043957,0.002540501843134021,1.2439221053519078,4.7,0.03778660000534728,0.0011422999887145124,0.39584589999867603,0.08531640000001062,0.030616999996709637,0.031459400001040194,0.085316;0.083945;0.085377,0.031753;0.030015;0.030617,0.031699;0.030161;0.031459,,threading,2026-10-03T20:07:21+00:00
M0-00124,M0,local,Windows,11,AMD64,AMD Ryzen 3 5300U with Radeon Graphics,amd,8,4,2600,20.8,3.14.6,CPython,1,spawn,2.5.3,big_payload,big_checksum_head,3686,2842084,0.0,seconds,big,70,2842107,8,4,1,1,0,0,0.00013012353027828366,1.0,0.09912466069941205,9.622982623506239,0.8284340150787906,2.8,0.027223299999604933,0.022276299983786885,0.3239605000053416,0.006106399996497203,0.007066199999826495,0.33652369999617804,0.006124;0.006106;0.006087,0.007170;0.006792;0.007066,0.336524,,sequential,2026-10-03T20:07:22+00:00
M0-00125,M0,local,Windows,11,AMD64,AMD Ryzen 3 5300U with Radeon Graphics,amd,8,4,2600,20.8,3.14.6,CPython,1,spawn,2.5.3,cpu,cpu_count_primes,2173,252,0.0,seconds,normal,7848,272,8,16,2,4,0,0,0.0009361555554884641,1.0,0.06536667347339839,0.003968358268477652,0.9854023288913923,4.3,0.10253350000130013,0.0005383000097936019,0.39584589999867603,7.096232800002326,7.184255300002405,2.174243399997067,7.096129;7.122602;7.096233,7.182186;7.185842;7.184255,2.183546;2.174243;2.147550,,multiprocessing,2026-10-03T20:08:12+00:00
M0-00126,M0,local,Windows,11,AMD64,AMD Ryzen 3 5300U with Radeon Graphics,amd,8,4,2600,20.8,3.14.6,CPython,1,spawn,2.5.3,gil_release,gil_bz2,4,300000,0.3,seconds,big,666,300022,8,2,0,1,0,1,0.0010538645835064624,0.9993942871615286,0.14442859325859345,0.03596761930221878,1.9486221279566884,4.6,0.0779813000044669,0.0017328999965684488,0.20556870000291383,0.6751189999995404,0.3495404999994207,0.549142199997732,0.675119;0.673394;0.676026,0.349540;0.350372;0.348893,0.550771;0.549142;0.548843,,threading,2026-10-03T20:08:18+00:00
M0-00127,M0,local,Windows,11,AMD64,AMD Ryzen 3 5300U with Radeon Graphics,amd,8,4,2600,20.8,3.14.6,CPython,1,spawn,2.5.3,recursive,rec_tree_sum,172,239,0.0,seconds,normal,28201,258,8,8,0,4,0,0,7.33631657556694e-05,0.999659422146133,0.12408255644639311,0.04866202081286812,0.9737128341222934,0.8,0.10328749999462161,0.0025038999374373816,0.4478529999978491,2.0150620999993407,2.066078399999242,0.5103496000010637,2.006454;2.018712;2.015062,2.066078;2.062878;2.072102,0.510256;0.510350;0.526012,,multiprocessing,2026-10-03T20:08:33+00:00
M0-00128,M0,local,Windows,11,AMD64,AMD Ryzen 3 5300U with Radeon Graphics,amd,8,4,2600,20.8,3.14.6,CPython,1,spawn,2.5.3,tiny,tiny_dict_lookup,82,94,0.8,seconds,normal,200000,113,8,8,0,1,0,0,3.2295006894855763e-07,1.0,0.6760512080233723,10.775660510987047,0.4259280961650014,1.2,0.00586230000044452,0.002893999859225005,0.4478529999978491,0.0432479000010062,0.05620890000136569,0.09001539999735542,0.042804;0.043607;0.043248,0.056514;0.054708;0.056209,0.089462;0.090015;0.092163,,sequential,2026-10-03T20:08:34+00:00
M0-00129,M0,local,Windows,11,AMD64,AMD Ryzen 3 5300U with Radeon Graphics,amd,8,4,2600,20.8,3.14.6,CPython,1,spawn,2.5.3,big_payload,big_count_byte,42,102443,0.0,seconds,big,1952,102465,8,8,0,1,0,0,5.45182376269816e-05,0.9963662792176665,0.08680497255942794,0.3647403116539367,0.9376093803144375,12.7,0.05712629999470664,0.0019134000322083011,0.4478529999978491,0.10704009999608388,0.1125631999966572,0.4437764000031166,0.106106;0.107213;0.107040,0.110131;0.112563;0.113661,0.443776;0.443213;0.445639,,sequential,2026-10-03T20:08:37+00:00
M0-00130,M0,local,Windows,11,AMD64,AMD Ryzen 3 5300U with Radeon Graphics,amd,8,4,2600,20.8,3.14.6,CPython,1,spawn,2.5.3,db,db_mem_group_by,6452,92,0.8,seconds,normal,159,112,8,2,1,2,1,0,0.007559971428625951,0.9963571878648566,0.2600120277461857,0.0006878335751991135,1.2295062970663637,2.0,0.09843389999878127,0.00028699999529635534,0.20556870000291383,1.114536400003999,0.8608303000000888,0.5956732999984524,1.114536;1.113657;1.115507,0.860197;0.860830;0.860961,0.615801;0.593170;0.595673,,multiprocessing,2026-10-03T20:08:45+00:00
M0-00131,M0,local,Windows,11,AMD64,AMD Ryzen 3 5300U with Radeon Graphics,amd,8,4,2600,20.8,3.14.6,CPython,1,spawn,2.5.3,gil_release,gil_zlib,18,8331,0.8,seconds,normal,445,8353,8,8,1,1,0,1,0.0027299450001009975,0.9966161243242361,0.43719431366890155,0.0018095601854377628,1.9654802084178544,3.5,0.08310350000101607,0.0003935999993700534,0.4478529999978491,1.3054587000005995,0.2310395000022254,0.23014169999805745,1.305459,0.231688;0.228409;0.231040,0.243507;0.226036;0.230142,,multiprocessing,2026-10-03T20:08:49+00:00
M0-00132,M0,local,Windows,11,AMD64,AMD Ryzen 3 5300U with Radeon Graphics,amd,8,4,2600,20.8,3.14.6,CPython,1,spawn,2.5.3,numpy,np_sort,2216,2960,0.8,ms,normal,255,2983,8,8,0,3,0,1,9.403650781476042e-05,0.9954070758017676,0.5457381807689443,0.042536666110922515,1.4372995312887311,0.0,0.010441400001582224,0.00044100000377511606,0.4478529999978491,0.018936499996925704,0.01962880000064615,0.00729210000281455,0.019188;0.018936;0.018898,0.019984;0.018825;0.019629,0.007292;0.006855;0.007313,,multiprocessing,2026-10-03T20:08:49+00:00
M0-00133,M0,local,Windows,11,AMD64,AMD Ryzen 3 5300U with Radeon Graphics,amd,8,4,2600,20.8,3.14.6,CPython,1,spawn,2.5.3,gil_release,gil_zlib,2,53843,0.3,ms,normal,8,53865,8,16,1,1,0,1,0.0020975000030981996,0.9952997989267266,0.29048716253526546,0.007516885748708284,0.8154076722588337,2.8,0.013520099993911572,0.00026399998751003295,0.39584589999867603,0.019828599994070828,0.005408999997598585,0.005535099997359794,0.020420;0.019829;0.019713,0.004845;0.005409;0.006010,0.005805;0.005535;0.004959,,threading,2026-10-03T20:08:50+00:00
M0-00134,M0,local,Windows,11,AMD64,AMD Ryzen 3 5300U with Radeon Graphics,amd,8,4,2600,20.8,3.14.6,CPython,1,spawn,2.5.3,db,db_file_commit,2,314,0.0,seconds,normal,197,336,8,8,1,0,1,0,0.009583883335532542,0.4534497012350369,0.13530710014208813,0.0008782104486972647,1.4556537380303507,0.4,0.09526239999831887,0.00032139998074853793,0.4478529999978491,1.7134051000030013,0.7905092000000877,0.7833095000023604,1.762594;1.713405;1.690050,0.790509;0.886408;0.747402,0.811844;0.783310;0.769400,,multiprocessing,2026-10-03T20:09:01+00:00
M0-00135,M0,local,Windows,11,AMD64,AMD Ryzen 3 5300U with Radeon Graphics,amd,8,4,2600,20.8,3.14.6,CPython,1,spawn,2.5.3,recursive,rec_fib,212,46,0.0,seconds,normal,97283,65,8,2,0,4,0,0,1.963160000013886e-05,0.9960317616835351,0.33649643383986516,0.17955744412177427,0.9682968316522651,3.6,0.08390850000432692,0.00326620000123512,0.20556870000291383,1.8180868999988888,1.8887671999982558,0.9378960000030929,1.818087;1.824275;1.817014,1.888767;1.876152;1.892860,0.934701;0.942763;0.937896,,multiprocessing,2026-10-03T20:09:15+00:00
M0-00136,M0,local,Windows,11,AMD64,AMD Ryzen 3 5300U with Radeon Graphics,amd,8,4,2600,20.8,3.14.6,CPython,1,spawn,2.5.3,cpu,cpu_count_primes,3139,93,0.0,ms,normal,37,113,8,4,2,4,0,0,0.0014934888887283807,0.9953758951065744,0.026323157156139965,0.004195990961211677,0.9077220877005752,4.4,0.028637200004595798,0.0003252000024076551,0.3239605000053416,0.054858100003912114,0.058240400001523085,0.015673099995183293,0.054858;0.054266;0.055968,0.058240;0.059231;0.057347,0.015673;0.015407;0.020486,,multiprocessing,2026-10-03T20:09:16+00:00
M0-00137,M0,local,Windows,11,AMD64,AMD Ryzen 3 5300U with Radeon Graphics,amd,8,4,2600,20.8,3.14.6,CPython,1,spawn,2.5.3,io,io_file_roundtrip,1,15896,0.3,seconds,normal,413,15918,8,8,1,0,1,0,0.008938300000105906,0.1594540291499114,0.08211854299630685,0.0014637381932500184,1.9273477490533646,0.0,0.08104489999823272,0.0004219999973429367,0.4478529999978491,3.6627206999983173,0.6915297999948962,0.6953261999951792,3.662721,0.765192;0.691530;0.679014,0.688687;0.695326;0.700275,,threading,2026-10-03T20:09:25+00:00
M0-00138,M0,local,Windows,11,AMD64,AMD Ryzen 3 5300U with Radeon Graphics,amd,8,4,2600,20.8,3.14.6,CPython,1,spawn,2.5.3,mixed,mixed_hash_then_write,212,10288,0.0,ms,normal,181,10310,8,16,1,3,1,0,0.0003680933328319548,0.999611994611452,0.15290033856962312,0.0197232585770805,1.0749276893771709,2.8,0.032356800002162345,0.000550700024177786,0.39584589999867603,0.0646478000053321,0.05480849999730708,0.05325230000016745,0.063702;0.073210;0.064648,0.053886;0.054808;0.057260,0.055997;0.053252;0.051390,,multiprocessing,2026-10-03T20:09:26+00:00
M0-00139,M0,local,Windows,11,AMD64,AMD Ryzen 3 5300U with Radeon Graphics,amd,8,4,2600,20.8,3.14.6,CPython,1,spawn,2.5.3,io,io_sleep,297,697,0.3,seconds,normal,12447,719.75,8,2,0,1,1,0,0.0005857116276422668,0.03867362916522183,0.06613162468380758,0.009168337021538695,1.9168863573177568,0.4,0.0780834999968647,0.0012908000207971781,0.20556870000291383,7.396030099997006,3.616995299998962,3.6584139999977197,7.396030;7.386451;7.398255,3.616995;3.622646;3.613132,3.655556;3.662869;3.658414,,threading,2026-10-03T20:10:10+00:00
M0-00140,M0,local,Windows,11,AMD64,AMD Ryzen 3 5300U with Radeon Graphics,amd,8,4,2600,20.8,3.14.6,CPython,1,spawn,2.5.3,tiny,tiny_dict_lookup,50,202,0.8,ms,normal,200000,221,8,2,0,1,0,0,3.288499610789586e-07,1.0,0.3389300683604376,10.110996920367882,0.5609175953875711,0.8,0.005641700001433492,0.0029862000737921335,0.20556870000291383,0.04610080000566086,0.057103699997242074,0.1869044000050053,0.046101;0.046406;0.046020,0.057439;0.056071;0.057104,0.188308;0.185721;0.186904,,sequential,2026-10-03T20:10:12+00:00
M0-00141,M0,local,Windows,11,AMD64,AMD Ryzen 3 5300U with Radeon Graphics,amd,8,4,2600,20.8,3.14.6,CPython,1,spawn,2.5.3,tiny,tiny_small_loop,72,285,0.8,seconds,normal,200000,307,8,8,0,0,0,0,7.412499908241444e-07,1.0,0.5891653887750199,4.748733671707983,0.6597951427140821,1.6,0.007876300005591474,0.0033045000236597843,0.4478529999978491,0.11354649999702815,0.12734430000273278,0.18183739999949466,0.112149;0.114631;0.113546,0.127344;0.123461;0.127643,0.181837;0.182346;0.179970,,sequential,2026-10-03T20:10:14+00:00
M0-00142,M0,local,Windows,11,AMD64,AMD Ryzen 3 5300U with Radeon Graphics,amd,8,4,2600,20.8,3.14.6,CPython,1,spawn,2.5.3,db,db_mem_insert_select,8951,70,0.0,seconds,normal,90,90,8,16,1,1,1,0,0.008127200001451586,0.9996216240227251,0.014462711467743977,0.0005747893199832697,1.0523028574117668,2.4,0.11096230000111973,0.00024619999021524563,0.39584589999867603,0.7320013999997173,1.8918165000068257,0.17836330000136513,0.732001,1.891817,0.178363,threading,multiprocessing,2026-10-03T20:10:17+00:00
M0-00143,M0,local,Windows,11,AMD64,AMD Ryzen 3 5300U with Radeon Graphics,amd,8,4,2600,20.8,3.14.6,CPython,1,spawn,2.5.3,big_payload,big_reverse,3,437007,0.8,seconds,big,457,437029,8,2,0,0,0,0,0.0002898982458741796,0.9986307891415235,0.07050592112436817,0.3136272845129013,0.9361028706748843,3.4,0.1035693000012543,0.03500209996855119,0.21115179999469547,0.15106029999878956,0.15345309999975143,0.7322891000003438,0.152392;0.151060;0.148615,0.153453;0.151861;0.154369,0.732289;0.723051;0.742382,,sequential,2026-10-03T20:10:23+00:00
M0-00144,M0,local,Windows,11,AMD64,AMD Ryzen 3 5300U with Radeon Graphics,amd,8,4,2600,20.8,3.14.6,CPython,1,spawn,2.5.3,gil_release,gil_numpy_matmul,25,4807,0.0,ms,normal,1309,4829,8,2,0,2,0,1,1.626636066907641e-05,1.0,0.7160127704919778,0.2689600126669046,0.7261401001341298,2.7,0.014153999996779021,0.0015919000579742715,0.21115179999469547,0.019274799997219816,0.025231599996914156,0.13327810000191675,0.019546;0.019275;0.019074,0.025232;0.022365;0.025423,0.133278,,sequential,2026-10-03T20:10:24+00:00
M0-00145,M0,local,Windows,11,AMD64,AMD Ryzen 3 5300U with Radeon Graphics,amd,8,4,2600,20.8,3.14.6,CPython,1,spawn,2.5.3,algo_iter,algo_edit_distance,198,43,0.8,seconds,normal,13933,62.3,8,16,2,16,0,0,4.617562795025405e-05,0.9989825929979669,0.4433610351737922,0.0795874153220359,0.9983105921156393,1.6,0.1031756999946083,0.003381799950147979,0.40976840000075754,0.6491145999971195,0.6567750000031083,0.1720839999979944,0.770378;0.648053;0.649115,0.658223;0.653174;0.656775,0.171299;0.172084;0.174874,,multiprocessing,2026-10-03T20:10:29+00:00
M0-00146,M0,local,Windows,11,AMD64,AMD Ryzen 3 5300U with Radeon Graphics,amd,8,4,2600,20.8,3.14.6,CPython,1,spawn,2.5.3,io,io_sleep_return_payload,522,30590,0.8,seconds,normal,488,30612.75,8,4,0,1,1,0,0.0009223363638739101,0.03395719291073849,0.3408320188045244,0.013937431247849888,2.1547991732774183,2.0,0.07590789999812841,0.0013488999829860404,0.2453587999989395,0.4430069000009098,0.1043705999982194,0.12550880000344478,0.416521;0.443007;0.445277,0.104098;0.104371;0.104841,0.125509;0.126178;0.124895,,threading,2026-10-03T20:10:32+00:00
M0-00147,M0,local,Windows,11,AMD64,AMD Ryzen 3 5300U with Radeon Graphics,amd,8,4,2600,20.8,3.14.6,CPython,1,spawn,2.5.3,algo_iter,algo_kmeans,227,230,0.3,seconds,normal,597,249.2,8,8,3,15,0,0,0.005306040000141366,0.9997354962768206,0.11937531525674797,0.0012438654912840582,1.0254454034078835,2.7,0.10799389999738196,0.002045399996859487,0.33566789999895263,3.2473649000021396,3.296443899998849,0.804247399995802,3.247365;3.221745;3.322747,3.292640;3.296444;3.375810,0.801817;0.804247;0.812394,,multiprocessing,2026-10-03T20:10:55+00:00
M0-00148,M0,local,Windows,11,AMD64,AMD Ryzen 3 5300U with Radeon Graphics,amd,8,4,2600,20.8,3.14.6,CPython,1,spawn,2.5.3,db,db_file_commit,2,284514,0.8,seconds,big,15,284536,8,4,1,0,1,0,0.01181433333113091,0.5508794515518766,0.25569607609654493,0.004373219015609116,1.0179626643680684,3.6,0.0656442000035895,0.0011975000161328353,0.2453587999989395,0.1474847999998019,0.0930207999990671,0.07957300000271061,0.145791;0.169686;0.147485,0.098574;0.093021;0.073091,0.083920;0.079573;0.072203,,multiprocessing,2026-10-03T20:10:57+00:00
M0-00149,M0,local,Windows,11,AMD64,AMD Ryzen 3 5300U with Radeon Graphics,amd,8,4,2600,20.8,3.14.6,CPython,1,spawn,2.5.3,recursive,rec_fib,2527,683,0.8,ms,normal,392,706,8,4,0,4,0,0,0.00027564183671659393,1.0,0.48600919247180985,0.013513909719696833,0.9326018379423563,4.3,0.0569476999953622,0.0011033999981009401,0.2453587999989395,0.10567029999947408,0.10959570000704844,0.03590010000334587,0.105637;0.107610;0.105670,0.109596;0.110726;0.108530,0.039590;0.035343;0.035900,,multiprocessing,2026-10-03T20:10:58+00:00
M0-00150,M0,local,Windows,11,AMD64,AMD Ryzen 3 5300U with Radeon Graphics,amd,8,4,2600,20.8,3.14.6,CPython,1,spawn,2.5.3,algo_iter,algo_edit_distance,7212,133125,0.3,ms,big,117,133148,8,8,2,16,0,0,0.0017107241380064555,0.9996776450175885,0.18282053977752363,0.010843361406527544,0.9297401722030479,1.2,0.10268789999827277,0.0007089999999152496,0.33566789999895263,0.20149490000039805,0.2051973000052385,0.05877859999600332,0.202715;0.201462;0.201495,0.206065;0.205197;0.204097,0.058779;0.059499;0.057611,,multiprocessing,2026-10-03T20:11:00+00:00
M0-00151,M0,local,Windows,11,AMD64,AMD Ryzen 3 5300U with Radeon Graphics,amd,8,4,2600,20.8,3.14.6,CPython,1,spawn,2.5.3,io,io_sleep_return_payload,9097,44175,0.8,ms,normal,8,44198,8,2,0,1,1,0,0.011175433336272059,0.008059003975358728,0.3596688037717725,0.005697020142468525,2.26715830943442,4.8,0.052463299994997215,0.0005348999839043245,0.21115179999469547,0.07526670000515878,0.04557590000331402,0.046730699999898206,0.074965;0.075516;0.075267,0.045576;0.046029;0.045416,0.046731;0.046682;0.047132,,threading,2026-10-03T20:11:01+00:00
M0-00152,M0,local,Windows,11,AMD64,AMD Ryzen 3 5300U with Radeon Graphics,amd,8,4,2600,20.8,3.14.6,CPython,1,spawn,2.5.3,algo_iter,algo_edit_distance,4330,215,0.8,seconds,normal,1015,235,8,16,2,16,0,0,0.0009881470590092551,1.0,0.4930548691888628,0.003769681067403205,1.0134837475316403,1.2,0.10034050000103889,0.0004375999851617962,0.40976840000075754,0.9858864999987418,0.9901582000020426,0.2622975000049337,0.994187;0.985886;0.982716,0.990122;0.990158;0.994934,0.262271;0.263627;0.262298,,multiprocessing,2026-10-03T20:11:09+00:00
M0-00153,M0,local,Windows,11,AMD64,AMD Ryzen 3 5300U with Radeon Graphics,amd,8,4,2600,20.8,3.14.6,CPython,1,spawn,2.5.3,big_payload,big_count_byte,9,447254,0.3,seconds,big,447,447276,8,8,0,1,0,0,0.00023560720669716043,1.0,0.0540667917458055,0.231677975003116,0.9411338277538531,1.2,0.05605459999787854,0.001979100052267313,0.33566789999895263,0.10585510000237264,0.11003999999957159,0.3846088999998756,0.105718;0.105855;0.106010,0.110325;0.110040;0.109436,0.385989;0.384609;0.384276,,sequential,2026-10-03T20:11:12+00:00
M0-00154,M0,local,Windows,11,AMD64,AMD Ryzen 3 5300U with Radeon Graphics,amd,8,4,2600,20.8,3.14.6,CPython,1,spawn,2.5.3,mixed,mixed_compute_then_sleep,6393,109260,0.3,ms,big,228,109283,8,2,1,3,1,0,0.0008021140346771286,0.33684082302979457,0.07763381074481981,0.03409739635713391,1.9313768442858275,0.8,0.07100270000228193,0.0015848000257392414,0.21115179999469547,0.18063069999334402,0.09174709999933839,0.11372340000525583,0.180476;0.180631;0.181585,0.091747;0.092652;0.091172,0.112302;0.113723;0.113957,,threading,2026-10-03T20:11:13+00:00
M0-00155,M0,local,Windows,11,AMD64,AMD Ryzen 3 5300U with Radeon Graphics,amd,8,4,2600,20.8,3.14.6,CPython,1,spawn,2.5.3,mixed,mixed_parse_lines,4,1147,0.0,seconds,normal,3357,1169,8,2,2,3,1,0,0.0007435029414516655,0.3237905193811015,0.07634431645617011,0.0054135626116788085,1.8770168308446558,2.7,0.07889589999831514,0.001409899974532891,0.21115179999469547,2.5035539000018616,1.2615942999982508,1.2603020000024117,2.500200;2.503554;2.504974,1.261594;1.264304;1.259287,1.257001;1.260302;1.261779,,multiprocessing,2026-10-03T20:11:29+00:00
M0-00156,M0,local,Windows,11,AMD64,AMD Ryzen 3 5300U with Radeon Graphics,amd,8,4,2600,20.8,3.14.6,CPython,1,spawn,2.5.3,recursive,rec_quicksort,152,242002,0.3,ms,big,230,242024,8,2,1,8,0,0,0.0001735473692462077,1.0,0.21403364425225752,0.18631801099330245,0.9338657596514199,0.0,0.02260759999626316,0.0021054999451735057,0.21115179999469547,0.03845049999654293,0.03937180000502849,0.11996250000083819,0.038450;0.038863;0.038409,0.039203;0.039372;0.039820,0.119963;0.123370;0.118993,,sequential,2026-10-03T20:11:30+00:00
M0-00157,M0,local,Windows,11,AMD64,AMD Ryzen 3 5300U with Radeon Graphics,amd,8,4,2600,20.8,3.14.6,CPython,1,spawn,2.5.3,recursive,rec_fib,18,102,0.8,ms,normal,54995,121,8,16,0,4,0,0,2.8275999684410637e-06,0.997110609479163,2.4606370404106865,1.264323221343656,0.8265072029686229,11.0,0.016506400002981536,0.0031842000607866794,0.40976840000075754,0.13023860000248533,0.14364420000492828,0.04442479999852367,0.129583;0.130239;0.130341,0.152608;0.142732;0.143644,0.044257;0.044425;0.044885,,multiprocessing,2026-10-03T20:11:32+00:00
M0-00158,M0,local,Windows,11,AMD64,AMD Ryzen 3 5300U with Radeon Graphics,amd,8,4,2600,20.8,3.14.6,CPython,1,spawn,2.5.3,numpy,np_elementwise,260679,275,0.3,seconds,normal,247,300,8,2,0,4,0,0,0.010330140001315158,0.995166616904911,0.223505411688522,0.001084205966676153,1.4151531039739702,3.2,0.08688170000095852,0.0011971999920206144,0.21115179999469547,2.636128500002087,1.5838072999977157,1.49571350000042,2.636129;2.637676;2.635204,1.556836;1.583807;1.586054,1.495714;1.494848;1.500112,,multiprocessing,2026-10-03T20:11:50+00:00
M0-00159,M0,local,Windows,11,AMD64,AMD Ryzen 3 5300U with Radeon Graphics,amd,8,4,2600,20.8,3.14.6,CPython,1,spawn,2.5.3,algo_rec,algo_lcs_memo,8,108,0.0,ms,normal,8,127,8,4,1,10,0,0,0.024631800001467734,0.9991000768687859,0.01000494360344231,0.00038703355681243715,0.9477194084288125,2.7,0.15288190000137547,0.0015006999965407886,0.2453587999989395,0.19857890000275802,0.2022039000003133,0.061601499997777864,0.195316;0.198579;0.200329,0.204571;0.201884;0.202204,0.064302;0.061601;0.052928,,multiprocessing,2026-10-03T20:11:52+00:00
M0-00160,M0,local,Windows,11,AMD64,AMD Ryzen 3 5300U with Radeon Graphics,amd,8,4,2600,20.8,3.14.6,CPython,1,spawn,2.5.3,numpy,np_linalg_solve,369,186,0.0,seconds,normal,140,206,8,4,0,3,0,1,0.0031894937496872444,0.9954607479005398,0.08136089081706055,0.0016656246858158547,0.954465461379687,4.7,0.10496779999812134,0.0013800000087940134,0.2453587999989395,0.4406310000049416,0.4538758000053349,0.2100272000025143,0.450767;0.440631;0.440024,0.453876;0.449667;0.456665,0.338480;0.210027;0.203311,,multiprocessing,2026-10-03T20:11:56+00:00
M0-00161,M0,local,Windows,11,AMD64,AMD Ryzen 3 5300U with Radeon Graphics,amd,8,4,2600,20.8,3.14.6,CPython,1,spawn,2.5.3,algo_rec,algo_merge_sort,102,698,0.0,ms,normal,797,720,8,2,1,10,0,0,0.0001585904522576655,1.0,0.09403260039915524,0.07450007197133492,0.928373239041407,8.1,0.06796910000412026,0.0023785000084899366,0.21115179999469547,0.12652260000322713,0.12897140000131913,0.06677569999737898,0.126505;0.126523;0.127893,0.128838;0.128971;0.129392,0.067714;0.066727;0.066776,,multiprocessing,2026-10-03T20:11:57+00:00
M0-00162,M0,local,Windows,11,AMD64,AMD Ryzen 3 5300U with Radeon Graphics,amd,8,4,2600,20.8,3.14.6,CPython,1,spawn,2.5.3,algo_rec,algo_merge_sort,9077,492,0.0,seconds,normal,43,515,8,2,1,10,0,0,0.023448933333080884,1.0,0.016062437180585573,0.024318092783808982,0.9759495907721463,14.5,0.14362370000162628,0.0019446000005700625,0.21115179999469547,1.011506200004078,1.041831499998807,0.5856526999996277,1.011506;1.015595;1.009658,1.044172;1.041513;1.041831,0.585653;0.580147;0.589966,,multiprocessing,2026-10-03T20:12:06+00:00
M0-00163,M0,local,Windows,11,AMD64,AMD Ryzen 3 5300U with Radeon Graphics,amd,8,4,2600,20.8,3.14.6,CPython,1,spawn,2.5.3,big_result,result_matrix_lists,78,972609,0.3,seconds,big,205,972631,8,8,2,5,0,0,0.000756796078348998,1.0,0.42227998082260954,0.7761998467676156,0.8967019561111885,2.0,0.0942845000026864,0.012911800004076213,0.33566789999895263,0.1547264999971958,0.16151389999868115,0.3836908000012045,0.192226;0.154726;0.153827,0.161352;0.161514;0.163115,0.383583;0.383691;0.393468,,sequential,2026-10-03T20:12:09+00:00
M0-00164,M0,local,Windows,11,AMD64,AMD Ryzen 3 5300U with Radeon Graphics,amd,8,4,2600,20.8,3.14.6,CPython,1,spawn,2.5.3,cpu,cpu_sum_squares,914,1264,0.8,ms,normal,134,1286.95,8,8,1,2,0,0,4.1727272962982006e-05,1.0,0.5749110557032393,0.13049020377119697,0.6246645039701814,11.1,0.004518800000369083,0.000927399996726308,0.33566789999895263,0.004743600002257153,0.006201899996085558,0.0028210999953444116,0.004800;0.004744;0.004733,0.005669;0.006204;0.006202,0.003201;0.002749;0.002821,,multiprocessing,2026-10-03T20:12:10+00:00
M0-00165,M0,local,Windows,11,AMD64,AMD Ryzen 3 5300U with Radeon Graphics,amd,8,4,2600,20.8,3.14.6,CPython,1,spawn,2.5.3,mixed,mixed_parse_lines,9,12340,0.3,ms,normal,8,12362,8,8,2,3,1,0,0.005923366666441628,0.9088943221642908,0.15562522682519864,0.0020877765874568275,0.703822602037504,1.2,0.04096170000411803,0.0002536000029067509,0.33566789999895263,0.04973269999754848,0.049639500000921544,0.014169399997626897,0.049680;0.049733;0.049898,0.050504;0.049640;0.049638,0.014743;0.013556;0.014169,,multiprocessing,2026-10-03T20:12:11+00:00
M0-00166,M0,local,Windows,11,AMD64,AMD Ryzen 3 5300U with Radeon Graphics,amd,8,4,2600,20.8,3.14.6,CPython,1,spawn,2.5.3,algo_rec,algo_sudoku,5,1827257,0.8,seconds,big,109,1827279,8,16,3,28,0,0,0.0059705888900983455,1.0,0.9566795782622871,0.13567431444794262,0.32446157815454807,0.4,0.23158140000305139,0.009551699986332096,0.40976840000075754,0.5789377000037348,0.5912825999985216,0.27445849999639904,0.573382;0.578938;0.579187,0.595972;0.586964;0.591283,0.274458;0.277312;0.272426,,multiprocessing,2026-10-03T20:12:16+00:00
M0-00167,M0,local,Windows,11,AMD64,AMD Ryzen 3 5300U with Radeon Graphics,amd,8,4,2600,20.8,3.14.6,CPython,1,spawn,2.5.3,io,io_file_roundtrip,3,22090,0.8,seconds,normal,23,22112,8,8,1,0,1,0,0.019992633334671456,0.15022126677594652,0.5310640242272064,0.0010420504167109872,1.4899655776974439,7.0,0.10371250000025611,0.0010706999964895658,0.33566789999895263,0.5489803000018583,0.1217640000031679,0.12240829999791458,0.574339;0.548980;0.544560,0.119756;0.121764;0.123504,0.129408;0.122036;0.122408,,threading,2026-10-03T20:12:19+00:00
M0-00168,M0,local,Windows,11,AMD64,AMD Ryzen 3 5300U with Radeon Graphics,amd,8,4,2600,20.8,3.14.6,CPython,1,spawn,2.5.3,tiny,tiny_dict_lookup,20,700288,0.0,ms,big,285,700310,8,2,0,1,0,0,6.605642085278433e-07,1.0,0.49299331751790204,425.96918950743066,0.05094114464914495,0.0,0.007566100000985898,0.006548899938934483,0.21115179999469547,6.959999882383272e-05,0.0006069000010029413,0.42338579999341164,0.000142;0.000070;0.000049,0.000607,0.423386,,sequential,2026-10-03T20:12:21+00:00
M0-00169,M0,local,Windows,11,AMD64,AMD Ryzen 3 5300U with Radeon Graphics,amd,8,4,2600,20.8,3.14.6,CPython,1,spawn,2.5.3,big_payload,big_reverse,4,2468270,0.8,ms,big,68,2468292,8,16,0,0,0,0,0.0016082411765477016,0.9998878293019063,0.11135100626560028,1.4210664927555579,0.9164169015225795,8.8,0.09596439999586437,0.0394869999945513,0.40976840000075754,0.11373769999772776,0.12442790000204695,0.33637260000250535,0.113738;0.112104;0.114911,0.124428;0.125126;0.123582,0.336373;0.330890;0.336588,,sequential,2026-10-03T20:12:24+00:00
M0-00170,M0,local,Windows,11,AMD64,AMD Ryzen 3 5300U with Radeon Graphics,amd,8,4,2600,20.8,3.14.6,CPython,1,spawn,2.5.3,recursive,rec_tree_sum,9,1195,0.0,seconds,normal,85300,1217,8,8,0,4,0,0,5.2661499685200395e-06,1.0,1.230556434076051,0.737730557258007,0.9440721777469697,0.8,0.02690419999998994,0.0044000000634696335,0.33566789999895263,0.4348625999991782,0.4492768000054639,0.27079020000383025,0.440665;0.434863;0.429549,0.446293;0.449277;0.449966,0.278341;0.269759;0.270790,,multiprocessing,2026-10-03T20:12:28+00:00
M0-00171,M0,local,Windows,11,AMD64,AMD Ryzen 3 5300U with Radeon Graphics,amd,8,4,2600,20.8,3.14.6,CPython,1,spawn,2.5.3,recursive,rec_fib,50431,120007,0.8,seconds,big,50,120033.3,8,16,0,4,0,0,0.005181630000879523,0.9999173648502542,0.6378707980442354,0.008028361780309835,0.8481376056703828,1.6,0.11758689999987837,0.0007576999923912808,0.40976840000075754,0.3018147999973735,0.31496139999944717,0.08581699999922421,0.301737;0.301815;0.305941,0.314961;0.316134;0.312962,0.085497;0.085817;0.091311,,multiprocessing,2026-10-03T20:12:31+00:00
M0-00172,M0,local,Windows,11,AMD64,AMD Ryzen 3 5300U with Radeon Graphics,amd,8,4,2600,20.8,3.14.6,CPython,1,spawn,2.5.3,tiny,tiny_dict_lookup,78,103875,0.3,seconds,big,1925,103897,8,4,0,1,0,0,6.139293447835855e-07,1.0,0.28277646438857235,36.85277649838706,0.32476879089670646,1.9,0.002842300003976561,0.001402599984430708,0.2453587999989395,0.0005132000005687587,0.0012692000018432736,0.4883975999982795,0.000681;0.000513;0.000464,0.001458;0.001269;0.000990,0.488398,,sequential,2026-10-03T20:12:32+00:00
M0-00173,M0,local,Windows,11,AMD64,AMD Ryzen 3 5300U with Radeon Graphics,amd,8,4,2600,20.8,3.14.6,CPython,1,spawn,2.5.3,text,text_format_report,655,85,0.8,ms,normal,43,104.6,8,4,1,2,0,0,0.0008071599993854761,1.0,0.5991566491072053,0.00558749303160925,0.6821811112545335,3.1,0.019882200002030004,0.0009403000076417811,0.2453587999989395,0.040771500003756955,0.0414669000019785,0.012019299996609334,0.039152;0.040772;0.040852,0.042057;0.040701;0.041467,0.012041;0.011724;0.012019,,multiprocessing,2026-10-03T20:12:33+00:00
M0-00174,M0,local,Windows,11,AMD64,AMD Ryzen 3 5300U with Radeon Graphics,amd,8,4,2600,20.8,3.14.6,CPython,1,spawn,2.5.3,db,db_mem_insert_select,1042,43,0.0,ms,normal,17,63,8,4,1,1,1,0,0.0010949000006803544,0.9958268332462535,0.09743099640857353,0.005251619604556422,0.9224797566177382,0.4,0.00984710000193445,0.0009225999965565279,0.2453587999989395,0.01753170000301907,0.025231599996914156,0.006209300001501106,0.017532;0.017499;0.018706,0.024720;0.025232;0.027796,0.006209;0.005981;0.006906,,multiprocessing,2026-10-03T20:12:34+00:00
M0-00175,M0,local,Windows,11,AMD64,AMD Ryzen 3 5300U with Radeon Graphics,amd,8,4,2600,20.8,3.14.6,CPython,1,spawn,2.5.3,tiny,tiny_len,441,20,0.8,ms,normal,8740,39.75,8,4,0,0,0,0,2.653999072208535e-07,1.0,0.6391317966479302,14.675963921819838,0.46702954021850995,1.6,0.005962399998679757,0.0034703001874731854,0.2453587999989395,0.0009433000013814308,0.0018743999971775338,0.003645700002380181,0.000943;0.000980;0.000832,0.001874;0.001976;0.001642,0.003977;0.003646;0.003404,,sequential,2026-10-03T20:12:34+00:00
M0-00176,M0,local,Windows,11,AMD64,AMD Ryzen 3 5300U with Radeon Graphics,amd,8,4,2600,20.8,3.14.6,CPython,1,spawn,2.5.3,big_result,result_records,1267,350677,0.3,ms,big,36,350700,8,8,1,2,0,0,0.00045700000029885105,1.0,0.1918001600888477,1.6813274954054442,0.2849129229138951,5.1,0.025684100000944454,0.007633799999894109,0.33566789999895263,0.02209690000017872,0.021166300000913907,0.031771699999808334,0.022097;0.018578;0.029488,0.021166;0.021119;0.022178,0.034636;0.030391;0.031772,,threading,2026-10-03T20:12:35+00:00
M0-00177,M0,local,Windows,11,AMD64,AMD Ryzen 3 5300U with Radeon Graphics,amd,8,4,2600,20.8,3.14.6,CPython,1,spawn,2.5.3,cpu,cpu_matmul_lists,16,107062,0.0,ms,big,66,107084,8,8,3,5,0,0,0.00030203125015759724,0.9980608064914236,0.12764893632602559,0.07002586520497243,0.7371143795549611,0.4,0.01279429999704007,0.001488099995185621,0.33566789999895263,0.019122799996694084,0.021106100000906736,0.010788399995362852,0.019390;0.019123;0.018805,0.021821;0.021106;0.019780,0.010788;0.012803;0.010634,,multiprocessing,2026-10-03T20:12:36+00:00
M0-00178,M0,local,Windows,11,AMD64,AMD Ryzen 3 5300U with Radeon Graphics,amd,8,4,2600,20.8,3.14.6,CPython,1,spawn,2.5.3,numpy,np_sort,63520,9113,0.3,seconds,normal,3797,9137.1,8,8,0,3,0,1,0.0017077333330234978,0.9989846335746091,0.18641409542905976,0.0041282791076110645,1.6415836201270428,3.1,0.08350169999903301,0.00137160000303993,0.33566789999895263,6.436360300001979,1.9945110999979079,2.0523528000048827,6.389701;6.436360;6.450066,2.046870;1.994511;1.876097,2.293527;2.052353;2.007067,,threading,2026-10-03T20:13:08+00:00
M0-00179,M0,local,Windows,11,AMD64,AMD Ryzen 3 5300U with Radeon Graphics,amd,8,4,2600,20.8,3.14.6,CPython,1,spawn,2.5.3,tiny,tiny_len,313,18,0.0,ms,normal,200000,38,8,8,0,0,0,0,1.7149991617770866e-07,1.0,0.469297584614709,28.454828945122664,0.36105635548595294,3.1,0.0052691000018967316,0.0031662001711083576,0.33566789999895263,0.016016200002923142,0.025517399997625034,0.05988430000434164,0.016501;0.016016;0.015538,0.026000;0.025517;0.024714,0.070519;0.059884;0.056087,,sequential,2026-10-03T20:13:09+00:00
M0-00180,M0,local,Windows,11,AMD64,AMD Ryzen 3 5300U with Radeon Graphics,amd,8,4,2600,20.8,3.14.6,CPython,1,spawn,2.5.3,recursive,rec_fib,4680,1031343,0.0,seconds,big,193,1031366,8,16,0,4,0,0,0.0005446312496436198,1.0,0.02158969250038199,0.8486016944591257,0.9766636268541048,0.0,0.06272020000324119,0.009728100019856356,0.40976840000075754,0.10414889999810839,0.11077889999432955,0.3480383999994956,0.101834;0.105673;0.104149,0.111481;0.109386;0.110779,0.350801;0.347770;0.348038,,sequential,2026-10-03T20:13:12+00:00
M0-00181,M0,local,Windows,11,AMD64,AMD Ryzen 3 5300U with Radeon Graphics,amd,8,4,2600,20.8,3.14.6,CPython,1,spawn,2.5.3,mixed,mixed_parse_lines,71,1755,0.8,seconds,normal,78,1777,8,4,2,3,1,0,0.00865262857093642,0.8787741389547709,0.4117069951361984,0.0007528679188072243,1.0800737637091997,0.0,0.11892190000071423,0.0002896000078180805,0.2453587999989395,0.6169318000029307,0.5651515999998082,0.17552409999916563,0.620224;0.616425;0.616932,0.565152;0.570354;0.565118,0.175524;0.179356;0.173986,,multiprocessing,2026-10-03T20:13:17+00:00
M0-00182,M0,local,Windows,11,AMD64,AMD Ryzen 3 5300U with Radeon Graphics,amd,8,4,2600,20.8,3.14.6,CPython,1,spawn,2.5.3,algo_iter,algo_game_of_life,5,70,0.0,ms,normal,8,89,8,16,5,9,0,0,0.008416166664877286,1.0,0.02281943689272017,0.007842049797516714,0.9211512791977222,3.5,0.05422990000079153,0.0019455000074231066,0.40976840000075754,0.0659834999969462,0.06807639999897219,0.019906800000171643,0.065456;0.065983;0.067391,0.068076;0.067520;0.069376,0.019907;0.020308;0.019801,,multiprocessing,2026-10-03T20:13:18+00:00
M0-00183,M0,local,Windows,11,AMD64,AMD Ryzen 3 5300U with Radeon Graphics,amd,8,4,2600,20.8,3.14.6,CPython,1,spawn,2.5.3,algo_rec,algo_sudoku,4,1426761,0.3,ms,big,12,1426783,8,4,3,28,0,0,0.0021019999985583127,1.0,0.45328677282851115,0.35577228047988185,0.7055151028865204,2.4,0.019567200004530605,0.0026403000083519146,0.2453587999989395,0.025705500003823545,0.02700650000042515,0.023597799998242408,0.025706;0.025397;0.026413,0.027594;0.027007;0.026203,0.023889;0.023402;0.023598,,multiprocessing,2026-10-03T20:13:19+00:00
M0-00184,M0,local,Windows,11,AMD64,AMD Ryzen 3 5300U with Radeon Graphics,amd,8,4,2600,20.8,3.14.6,CPython,1,spawn,2.5.3,algo_rec,algo_sudoku,6,216,0.0,seconds,normal,1157,235,8,4,3,28,0,0,0.016408975001468207,1.0,1.4848050072189716,0.000493632174589968,4.908751552649159,3.9,0.08324729999731062,0.00026309998793294653,0.2453587999989395,6.681363299998338,6.824540200002957,2.1104539999942062,6.693779;6.678050;6.681363,6.822316;6.835767;6.824540,2.110454;2.162710;2.087217,,multiprocessing,2026-10-03T20:14:06+00:00
M0-00185,M0,local,Windows,11,AMD64,AMD Ryzen 3 5300U with Radeon Graphics,amd,8,4,2600,20.8,3.14.6,CPython,1,spawn,2.5.3,algo_iter,algo_edit_distance,193,247,0.3,seconds,normal,37390,266,8,2,2,16,0,0,4.562658699480611e-05,0.998599219488769,0.19040719618608928,0.0760521462068094,0.9664652961002108,0.0,0.1033536000031745,0.0019781999435508624,0.21115179999469547,1.7078494999950635,1.734120699999039,0.865577000004123,1.712569;1.707849;1.705629,1.725555;1.734121;1.736242,0.865577;0.865097;0.867525,,multiprocessing,2026-10-03T20:14:20+00:00
M0-00186,M0,local,Windows,11,AMD64,AMD Ryzen 3 5300U with Radeon Graphics,amd,8,4,2600,20.8,3.14.6,CPython,1,spawn,2.5.3,big_result,result_records,18667,662,0.3,seconds,normal,32,685,8,16,1,2,0,0,0.008647557143246689,0.9948683723970344,0.4198286665810377,1.271754698490806,0.9482021180310789,0.4,0.2036249000011594,0.07778879999386845,0.40976840000075754,0.4073984999995446,0.4250480999980937,0.3722009999983129,0.472893;0.407398;0.398288,0.425048;0.416646;0.468402,0.372201;0.425224;0.356839,,multiprocessing,2026-10-03T20:14:24+00:00
M0-00187,M0,local,Windows,11,AMD64,AMD Ryzen 3 5300U with Radeon Graphics,amd,8,4,2600,20.8,3.14.6,CPython,1,spawn,2.5.3,io,io_sleep,1567,1170,0.3,seconds,normal,2463,1193,8,4,0,1,1,0,0.002022716000501532,0.03180373331063057,0.11244559556530162,0.006778015832527448,1.886397380612121,0.8,0.07832369999960065,0.001265399987460114,0.2453587999989395,4.826769400002377,1.197955899995577,1.1932296000013594,4.826769;4.830045;4.819896,1.197956;1.195270;1.198449,1.190069;1.202342;1.193230,,multiprocessing,2026-10-03T20:14:46+00:00
M0-00188,M0,local,Windows,11,AMD64,AMD Ryzen 3 5300U with Radeon Graphics,amd,8,4,2600,20.8,3.14.6,CPython,1,spawn,2.5.3,tiny,tiny_dict_lookup,652,92,0.0,seconds,normal,200000,112,8,2,0,1,0,0,3.514501113386359e-07,1.0,0.4072728528269452,11.609048067068304,0.5773708231044938,3.8,0.005850400004419498,0.0031103997825994156,0.21115179999469547,0.043341000004147645,0.05498950000037439,0.13196069999685278,0.042818;0.044839;0.043341,0.055148;0.054990;0.053605,0.131961;0.146615;0.131400,,sequential,2026-10-03T20:14:48+00:00
M0-00189,M0,local,Windows,11,AMD64,AMD Ryzen 3 5300U with Radeon Graphics,amd,8,4,2600,20.8,3.14.6,CPython,1,spawn,2.5.3,db,db_file_lookup,151,1187746,0.3,seconds,big,168,1187768,8,4,1,5,1,0,0.007538985713576299,0.9960461101939728,0.16219098972086599,0.08912907944104431,0.78022024253335,3.9,0.12484799999947427,0.006233900006918702,0.2453587999989395,1.2469674000021769,0.9603884999960428,1.130428700002085,1.306310;1.246967;1.231694,1.053007;0.954066;0.960388,1.130429;1.127176;1.156187,,threading,2026-10-03T20:14:59+00:00
M0-00190,M0,local,Windows,11,AMD64,AMD Ryzen 3 5300U with Radeon Graphics,amd,8,4,2600,20.8,3.14.6,CPython,1,spawn,2.5.3,mixed,mixed_compute_then_sleep,40905,26,0.8,seconds,normal,305,46.375,8,2,1,3,1,0,0.003174731250055629,0.6022413643051087,0.3468439165200332,0.0012717611358839822,1.7235808318206374,12.2,0.07985650000046007,0.00040530000114813447,0.21115179999469547,0.8765440999995917,0.6408465999993496,0.4542885999981081,0.876544;0.877862;0.874987,0.643634;0.632457;0.640847,0.453038;0.461302;0.454289,,multiprocessing,2026-10-03T20:15:06+00:00
M0-00191,M0,local,Windows,11,AMD64,AMD Ryzen 3 5300U with Radeon Graphics,amd,8,4,2600,20.8,3.14.6,CPython,1,spawn,2.5.3,numpy,np_elementwise,30746,6970,0.0,ms,normal,210,6993,8,16,0,4,0,0,0.0008345692307417407,0.9997590791518683,0.16680515099652912,0.00702757658469614,1.856276004185277,0.8,0.06725449999794364,0.0004934999960823916,0.40976840000075754,0.17137409999850206,0.09483150000596652,0.07141620000038529,0.171374;0.171426;0.169698,0.101077;0.093087;0.094832,0.455766;0.071416;0.071288,,multiprocessing,2026-10-03T20:15:08+00:00
M0-00192,M0,local,Windows,11,AMD64,AMD Ryzen 3 5300U with Radeon Graphics,amd,8,4,2600,20.8,3.14.6,CPython,1,spawn,2.5.3,big_result,result_matrix_lists,13,192129,0.3,ms,big,1040,192151,8,8,2,5,0,0,2.392961552966601e-05,0.9891807440069041,0.5268344525789777,1.6299885540698396,0.8678942418975591,0.8,0.014991700001701247,0.001446999958716333,0.33566789999895263,0.023388399997202214,0.02590980000240961,0.4268473999982234,0.023388;0.023940;0.022673,0.026771;0.025910;0.025276,0.426847,,sequential,2026-10-03T20:15:09+00:00
M0-00193,M0,local,Windows,11,AMD64,AMD Ryzen 3 5300U with Radeon Graphics,amd,8,4,2600,20.8,3.14.6,CPython,1,spawn,2.5.3,algo_rec,algo_sudoku,14,105,0.3,seconds,normal,447,124,8,8,3,28,0,0,0.03315076666573683,0.9988423334158488,1.074244196052194,0.00030466872224486463,1.4844519246322319,0.0,0.19070949999877485,0.00025830000231508166,0.33566789999895263,5.598603600003116,5.699026499998581,1.537992600002326,5.598604;5.588458;5.601536,5.699026;5.698728;5.703044,1.535648;1.570986;1.537993,,multiprocessing,2026-10-03T20:15:49+00:00
M0-00194,M0,local,Windows,11,AMD64,AMD Ryzen 3 5300U with Radeon Graphics,amd,8,4,2600,20.8,3.14.6,CPython,1,spawn,2.5.3,tiny,tiny_dict_lookup,10,71,0.8,seconds,normal,200000,90,8,16,0,1,0,0,3.0490012795780783e-07,1.0,0.5014498043978326,15.513276534990464,0.3763231291757861,6.1,0.006150799999886658,0.0030798997468082234,0.40976840000075754,0.03871440000511939,0.049234800004342105,0.07935579999320908,0.036640;0.039163;0.038714,0.048470;0.050820;0.049235,0.079087;0.079356;0.088878,,sequential,2026-10-03T20:15:50+00:00
M0-00195,M0,local,Windows,11,AMD64,AMD Ryzen 3 5300U with Radeon Graphics,amd,8,4,2600,20.8,3.14.6,CPython,1,spawn,2.5.3,algo_iter,algo_dijkstra,65,329,0.0,ms,normal,710,351,8,2,2,15,0,0,0.00014802937854297124,0.999383640382074,0.1568353582163853,0.0343175129764954,0.9915311829369058,1.6,0.05498020000231918,0.0023388999979943037,0.21115179999469547,0.10349509999650763,0.10368670000025304,0.05203890000120737,0.100906;0.103495;0.103974,0.103687;0.103404;0.104089,0.052039;0.065745;0.051682,,multiprocessing,2026-10-03T20:15:51+00:00
M0-00196,M0,local,Windows,11,AMD64,AMD Ryzen 3 5300U with Radeon Graphics,amd,8,4,2600,20.8,3.14.6,CPython,1,spawn,2.5.3,big_result,result_sorted_pairs,1952,60,0.0,ms,normal,52,80,8,2,1,4,0,0,0.0006751692327760303,1.0,0.09463329117624152,0.8290798859939048,0.8460291233967098,2.3,0.02735259999462869,0.008257799971033819,0.21115179999469547,0.041552900001988746,0.042755700000270735,0.04237690000445582,0.039986;0.041553;0.042333,0.042756;0.043959;0.042705,0.042556;0.041099;0.042377,,sequential,2026-10-03T20:15:52+00:00
M0-00197,M0,local,Windows,11,AMD64,AMD Ryzen 3 5300U with Radeon Graphics,amd,8,4,2600,20.8,3.14.6,CPython,1,spawn,2.5.3,algo_iter,algo_dijkstra,92,222,0.0,seconds,normal,18988,241,8,16,2,15,0,0,0.00019810634907954078,0.9982258312773962,0.07849130136953893,0.018853515662903164,0.946954027065701,5.2,0.1034049000008963,0.0007928000341053121,0.40976840000075754,3.737333299999591,3.799413699998695,0.901032399997348,3.737333;3.766304;3.734262,3.792956;3.799414;3.806182,0.899642;0.909004;0.901032,,multiprocessing,2026-10-03T20:16:18+00:00
M0-00198,M0,local,Windows,11,AMD64,AMD Ryzen 3 5300U with Radeon Graphics,amd,8,4,2600,20.8,3.14.6,CPython,1,spawn,2.5.3,algo_rec,algo_flood_fill,40,25,0.0,seconds,normal,103,44,8,8,3,10,0,0,0.007909071431121057,1.0,0.2325202140818525,0.0007243037824935163,0.8628813984850163,1.6,0.11721629999374272,0.0018016999747487716,0.33566789999895263,0.8030349000036949,0.8167501000061748,0.1957224999932805,0.803035;0.804399;0.802412,0.818735;0.813544;0.816750,0.188857;0.207165;0.195722,,multiprocessing,2026-10-03T20:16:24+00:00
M0-00199,M0,local,Windows,11,AMD64,AMD Ryzen 3 5300U with Radeon Graphics,amd,8,4,2600,20.8,3.14.6,CPython,1,spawn,2.5.3,recursive,rec_tree_sum,51,753,0.0,ms,normal,5655,775,8,16,0,4,0,0,1.886397737886767e-05,0.9978447831563396,0.4286662268199466,0.20223724707928517,0.9824808243457976,0.0,0.05680649999703746,0.002432599962048698,0.40976840000075754,0.10635629999887897,0.11342399999557529,0.03144640000391519,0.104392;0.106757;0.106356,0.114726;0.113424;0.113319,0.029391;0.031773;0.031446,,multiprocessing,2026-10-03T20:16:25+00:00
M0-00200,M0,local,Windows,11,AMD64,AMD Ryzen 3 5300U with Radeon Graphics,amd,8,4,2600,20.8,3.14.6,CPython,1,spawn,2.5.3,gil_release,gil_zlib,3,6949,0.0,ms,normal,383,6971,8,4,1,1,0,1,0.0004312978946377131,0.9994326776897443,0.09749033718772045,0.011569728245342173,1.8998186380265232,3.1,0.06348799999977928,0.0010502000150154345,0.2453587999989395,0.16468460000032792,0.043762100001913495,0.04871280000224942,0.165126;0.164685;0.164627,0.043762;0.044676;0.042298,0.048713;0.049262;0.043858,,threading,2026-10-03T20:16:27+00:00
M0-00201,M0,local,Windows,11,AMD64,AMD Ryzen 3 5300U with Radeon Graphics,amd,8,4,2600,20.8,3.14.6,CPython,1,spawn,2.5.3,gil_release,gil_sha256,234,222976,0.8,ms,big,8,222998.33333333334,8,8,1,1,0,1,0.03291266666929005,0.9980981534321183,0.2760917489073657,0.001903016036223918,1.0760576076694963,5.1,0.17435259999911068,0.0012072999888914637,0.33566789999895263,0.2703737000047113,0.06323449999763397,0.0495982000065851,0.270374,0.063549;0.063234;0.062392,0.050463;0.049287;0.049598,,multiprocessing,2026-10-03T20:16:28+00:00
M0-00202,M0,local,Windows,11,AMD64,AMD Ryzen 3 5300U with Radeon Graphics,amd,8,4,2600,20.8,3.14.6,CPython,1,spawn,2.5.3,text,text_csv_parse,11,117,0.3,ms,normal,27,136,8,4,2,3,0,0,0.000816399999166606,1.0,0.20923412973266892,0.00890086504621269,0.6414276351104211,2.0,0.013194200000725687,0.0012026000040350482,0.2453587999989395,0.022117400003480725,0.02368919999571517,0.00878000000375323,0.022117;0.021851;0.022658,0.024728;0.023689;0.023128,0.007295;0.009015;0.008780,,multiprocessing,2026-10-03T20:16:31+00:00
M0-00203,M0,local,Windows,11,AMD64,AMD Ryzen 3 5300U with Radeon Graphics,amd,8,4,2600,20.8,3.14.6,CPython,1,spawn,2.5.3,algo_iter,algo_dijkstra,197,100,0.8,seconds,normal,2454,119.25,8,4,2,15,0,0,0.0004629889906836896,0.9991120187214031,0.5039088585248916,0.0077215657583857246,1.0350869466712729,12.3,0.1000181999988854,0.0005347000114852563,0.2453587999989395,1.088220600002387,1.115969700003916,0.2986321999997017,1.088221;1.092790;1.083021,1.116574;1.115970;1.108720,0.298632;0.314781;0.288566,,multiprocessing,2026-10-03T20:16:39+00:00
M0-00204,M0,local,Windows,11,AMD64,AMD Ryzen 3 5300U with Radeon Graphics,amd,8,4,2600,20.8,3.14.6,CPython,1,spawn,2.5.3,recursive,rec_fib,4324,649778,0.0,ms,big,85,649801,8,4,0,4,0,0,0.0005534571429875324,0.9969907194765216,0.07359811574702958,0.26500696772822574,0.8921966265264488,0.0,0.02778519999992568,0.003260299999965355,0.2453587999989395,0.04598180000175489,0.047839200000453275,0.10288589999981923,0.045629;0.045982;0.046159,0.047387;0.047839;0.049294,0.102886;0.102622;0.103802,,sequential,2026-10-03T20:16:41+00:00
M0-00205,M0,local,Windows,11,AMD64,AMD Ryzen 3 5300U with Radeon Graphics,amd,8,4,2600,20.8,3.14.6,CPython,1,spawn,2.5.3,gil_release,gil_sha256,26,109144,0.3,ms,big,75,109166,8,4,1,1,0,1,0.0017126388892292096,0.9987251292006862,0.16389192720382942,0.01057497415328611,1.8706746214305958,0.4,0.04784359999757726,0.0006348999959300272,0.2453587999989395,0.12276269999711076,0.034384400001727045,0.03987070000584936,0.123132;0.122763;0.122330,0.035572;0.033414;0.034384,0.039996;0.039871;0.038219,,threading,2026-10-03T20:16:42+00:00
M0-00206,M0,local,Windows,11,AMD64,AMD Ryzen 3 5300U with Radeon Graphics,amd,8,4,2600,20.8,3.14.6,CPython,1,spawn,2.5.3,recursive,rec_nqueens,20,271,0.3,ms,normal,48,293,8,8,1,10,0,0,0.0033348666675010463,1.0,0.16137418420340593,0.0013993560422245952,0.995538524266381,2.8,0.08137960000021849,0.0015374999929917976,0.33566789999895263,0.1549410000006901,0.15785719999985304,0.03819180000573397,0.151806;0.154941;0.155809,0.157989;0.157857;0.157753,0.038811;0.038192;0.038149,,multiprocessing,2026-10-03T20:16:43+00:00
M0-00207,M0,local,Windows,11,AMD64,AMD Ryzen 3 5300U with Radeon Graphics,amd,8,4,2600,20.8,3.14.6,CPython,1,spawn,2.5.3,mixed,mixed_compute_then_sleep,70885,340532,0.8,ms,big,9,340566,8,8,1,3,1,0,0.006845966662998156,0.6524705584008931,0.08891495083924715,0.02140919929067209,1.1983819354192948,6.1,0.03959960000065621,0.0007780000087223016,0.33566789999895263,0.057001200002559926,0.04149429999961285,0.016627400000288617,0.057001;0.055825;0.057683,0.041494;0.042041;0.039952,0.018062;0.015795;0.016627,,multiprocessing,2026-10-03T20:16:44+00:00
M0-00208,M0,local,Windows,11,AMD64,AMD Ryzen 3 5300U with Radeon Graphics,amd,8,4,2600,20.8,3.14.6,CPython,1,spawn,2.5.3,io,io_sleep_chunks,5852,716,0.8,seconds,normal,221,739,8,16,1,1,1,0,0.007653142856725026,0.023961166514872064,0.3956246176677616,0.0010471887906862104,2.481380032808368,7.3,0.07832350000535371,0.0010389000017312355,0.40976840000075754,1.6571794999981648,0.11289740000211168,0.11264160000428092,1.657179,0.112165;0.113157;0.112897,0.112642;0.112650;0.112626,,multiprocessing,2026-10-03T20:16:47+00:00
M0-00209,M0,local,Windows,11,AMD64,AMD Ryzen 3 5300U with Radeon Graphics,amd,8,4,2600,20.8,3.14.6,CPython,1,spawn,2.5.3,text,text_split_count,44,1253,0.0,ms,normal,8,1275,8,8,1,1,0,0,0.0029480666659461954,0.9952563767067623,0.03936168193853862,0.002973701532383377,0.8982975845588191,1.2,0.019538500004273374,0.0010368000075686723,0.33566789999895263,0.023369299997284543,0.02619309999863617,0.005906400001549628,0.023369;0.022816;0.023399,0.026193;0.025608;0.026615,0.006063;0.005906;0.005813,,multiprocessing,2026-10-03T20:16:48+00:00
M0-00210,M0,local,Windows,11,AMD64,AMD Ryzen 3 5300U with Radeon Graphics,amd,8,4,2600,20.8,3.14.6,CPython,1,spawn,2.5.3,tiny,tiny_len,14,52,0.8,ms,normal,200000,71,8,16,0,0,0,0,2.4515007680747657e-07,0.9926901912251664,3.038165101158848,16.622466808554968,0.47064796067504217,2.0,0.005725700000766665,0.0033512998415972106,0.40976840000075754,0.017089300003135577,0.02825880000455072,0.07214920000114944,0.016599;0.017383;0.017089,0.028324;0.028259;0.027827,0.075901;0.072149;0.070656,,sequential,2026-10-03T20:16:49+00:00
M0-00211,M0,local,Windows,11,AMD64,AMD Ryzen 3 5300U with Radeon Graphics,amd,8,4,2600,20.8,3.14.6,CPython,1,spawn,2.5.3,numpy,np_sort,1746,519,0.0,ms,normal,2144,542,8,2,0,3,0,1,5.825746246779063e-05,0.9975823107513428,0.16402000871364622,0.0654851656776693,1.5413769792808165,1.9,0.052871699997922406,0.0012344001152087003,0.21115179999469547,0.12337290000141365,0.07496740000351565,0.06436479999683797,0.123373;0.122762;0.123982,0.076015;0.074967;0.072647,0.064365;0.064424;0.063683,,multiprocessing,2026-10-03T20:16:50+00:00
M0-00212,M0,local,Windows,11,AMD64,AMD Ryzen 3 5300U with Radeon Graphics,amd,8,4,2600,20.8,3.14.6,CPython,1,spawn,2.5.3,gil_release,gil_bz2,30,300000,0.0,seconds,big,666,300022,8,16,0,1,0,1,0.003888753845575803,0.9989273984251689,0.06423202569960457,0.013500468990172772,1.787683379121689,2.3,0.080045999995491,0.0015016000033938326,0.40976840000075754,2.521834899998794,0.4830757000017911,0.5931283000027179,2.521835,0.474972;0.483076;0.505254,0.589466;0.593128;0.601823,,threading,2026-10-03T20:16:57+00:00
M0-00213,M0,local,Windows,11,AMD64,AMD Ryzen 3 5300U with Radeon Graphics,amd,8,4,2600,20.8,3.14.6,CPython,1,spawn,2.5.3,big_payload,big_upper_copy,4,2474686,0.3,ms,big,8,2474708,8,8,0,0,0,0,0.002123000000816925,0.9904805525333681,0.10605250795364242,1.0346993263067583,0.9279729096375481,0.0,0.020211700000800192,0.007418500004860107,0.33566789999895263,0.015128200000617653,0.019272599995019846,0.03853320000052918,0.016276;0.015128;0.015024,0.018528;0.019273;0.019317,0.038533;0.038271;0.038563,,sequential,2026-10-03T20:16:58+00:00
M0-00214,M0,local,Windows,11,AMD64,AMD Ryzen 3 5300U with Radeon Graphics,amd,8,4,2600,20.8,3.14.6,CPython,1,spawn,2.5.3,algo_rec,algo_sudoku,20,395,0.3,ms,normal,8,417,8,8,3,28,0,0,0.019024900000658818,0.9993778528041737,0.5579224462481928,0.0007043401106098076,1.7239001564625958,1.6,0.09734989999560639,0.00025839998852461576,0.33566789999895263,0.22801320000144187,0.22982629999751225,0.11555960000259802,0.227073;0.229689;0.228013,0.229826;0.229869;0.229540,0.115260;0.120305;0.115560,,multiprocessing,2026-10-03T20:17:00+00:00
M0-00215,M0,local,Windows,11,AMD64,AMD Ryzen 3 5300U with Radeon Graphics,amd,8,4,2600,20.8,3.14.6,CPython,1,spawn,2.5.3,gil_release,gil_zlib,3,55740,0.8,seconds,normal,48,55762,8,8,1,1,0,1,0.003817991667043922,1.0,0.48349873856583236,0.0034245753426530474,2.059223182545695,8.7,0.06914539999706903,0.0004278999913367443,0.33566789999895263,0.16916809999383986,0.03224369999952614,0.03259950000210665,0.169168,0.032244;0.032821;0.031166,0.033658;0.032600;0.032384,,threading,2026-10-03T20:17:01+00:00
M0-00216,M0,local,Windows,11,AMD64,AMD Ryzen 3 5300U with Radeon Graphics,amd,8,4,2600,20.8,3.14.6,CPython,1,spawn,2.5.3,numpy,np_fft,65892,5902,0.8,seconds,normal,82,5927,8,4,0,0,0,1,0.01006838000321295,0.9928360427224504,0.7313434389958661,0.0011441763083025864,0.7869997586140417,0.0,0.10028000000602333,0.001057999994372949,0.2453587999989395,0.8129778000002261,0.5228598000030615,0.5421260999937658,0.817410;0.812978;0.806569,0.521472;0.530595;0.522860,0.542126;0.543403;0.536326,,threading,2026-10-03T20:17:08+00:00
M0-00217,M0,local,Windows,11,AMD64,AMD Ryzen 3 5300U with Radeon Graphics,amd,8,4,2600,20.8,3.14.6,CPython,1,spawn,2.5.3,recursive,rec_fib,191,104398,0.8,ms,big,1410,104420.35,8,4,0,4,0,0,2.1319034038407896e-05,1.0,0.42642902796782156,0.8980238141105304,0.8504805230909589,3.9,0.017800100002205,0.0012458000201149844,0.2453587999989395,0.028872499999124557,0.030180199995811563,0.3344973999992362,0.028021;0.028872;0.029380,0.030180;0.029695;0.030272,0.334497,,sequential,2026-10-03T20:17:09+00:00
M0-00218,M0,local,Windows,11,AMD64,AMD Ryzen 3 5300U with Radeon Graphics,amd,8,4,2600,20.8,3.14.6,CPython,1,spawn,2.5.3,tiny,tiny_len,8,420021,0.0,seconds,big,476,420043,8,4,0,0,0,0,6.319322044170704e-07,1.0,0.33138772410517253,146.91449402538845,0.08149847560467582,2.7,0.003501200000755489,0.0023961000697454438,0.2453587999989395,6.540000322274864e-05,0.0005870999993931036,0.4384862999941106,0.000155;0.000065;0.000042,0.000663;0.000511,0.438486,,sequential,2026-10-03T20:17:11+00:00
M0-00219,M0,local,Windows,11,AMD64,AMD Ryzen 3 5300U with Radeon Graphics,amd,8,4,2600,20.8,3.14.6,CPython,1,spawn,2.5.3,io,io_sleep_return_payload,810,1604,0.0,seconds,normal,2955,1627,8,8,0,1,1,0,0.0012877461536285968,0.047075318608932784,0.1039677400368873,0.004962158305415107,2.2999296071322797,0.8,0.0728612000020803,0.0007473000077879988,0.33566789999895263,3.1274980000016512,0.3833491000041249,0.389492500005872,3.127498,0.383349;0.382974;0.384897,0.392482;0.388992;0.389493,,threading,2026-10-03T20:17:17+00:00
M0-00220,M0,local,Windows,11,AMD64,AMD Ryzen 3 5300U with Radeon Graphics,amd,8,4,2600,20.8,3.14.6,CPython,1,spawn,2.5.3,io,io_sleep,908,119665,0.0,ms,big,76,119688,8,16,0,1,1,0,0.0010856894744057698,0.02380693122709241,0.13420601630170398,0.027346192565958764,1.8270182977917324,14.8,0.03266149999399204,0.0009411999781150371,0.40976840000075754,0.07920630000444362,0.007063400000333786,0.013273499993374571,0.079206,0.007063;0.007106;0.007012,0.016108;0.013273;0.012791,,threading,2026-10-03T20:17:17+00:00
M0-00221,M0,local,Windows,11,AMD64,AMD Ryzen 3 5300U with Radeon Graphics,amd,8,4,2600,20.8,3.14.6,CPython,1,spawn,2.5.3,db,db_file_lookup,19,1661273,0.3,seconds,big,120,1661295,8,4,1,5,1,0,0.0015849933324110074,0.9950675780256177,0.14248942666333053,0.5001188229318606,0.8096894886062975,17.5,0.12162739999621408,0.01641440002276795,0.2453587999989395,0.1771664999978384,0.16630289999739034,0.3989579000044614,0.198067;0.177166;0.174742,0.175717;0.166303;0.142256,0.398974;0.398958;0.396674,,threading,2026-10-03T20:17:21+00:00
M0-00222,M0,local,Windows,11,AMD64,AMD Ryzen 3 5300U with Radeon Graphics,amd,8,4,2600,20.8,3.14.6,CPython,1,spawn,2.5.3,db,db_file_commit,4,1384,0.3,ms,normal,8,1406,8,4,1,0,1,0,0.015165700002398808,0.466348205676135,0.19088134539511006,0.0010264390272683446,1.068550757514758,15.5,0.09233339999627788,0.00031769998895470053,0.2453587999989395,0.1372996999998577,0.06926080000266666,0.07257129999925382,0.134970;0.145333;0.137300,0.069146;0.069261;0.072615,0.072571;0.075031;0.072147,,threading,2026-10-03T20:17:22+00:00
M0-00223,M0,local,Windows,11,AMD64,AMD Ryzen 3 5300U with Radeon Graphics,amd,8,4,2600,20.8,3.14.6,CPython,1,spawn,2.5.3,numpy,np_elementwise,9688,1316,0.8,ms,normal,427,1339,8,16,0,4,0,0,0.0002656575475071495,0.9994863831302034,0.42856442059202327,0.01558397371440536,1.7296105480000403,18.4,0.044880399997055065,0.0005488999595399946,0.40976840000075754,0.10905559999810066,0.08524480000050971,0.032372799993027,0.109056;0.107822;0.110907,0.091317;0.082845;0.085245,0.032373;0.031136;0.033048,,multiprocessing,2026-10-03T20:17:24+00:00
M0-00224,M0,local,Windows,11,AMD64,AMD Ryzen 3 5300U with Radeon Graphics,amd,8,4,2600,20.8,3.14.6,CPython,1,spawn,2.5.3,big_payload,big_upper_copy,4,154455,0.3,seconds,big,1294,154477,8,16,0,0,0,0,0.0001261040247398668,0.9984945646870894,0.08108341166638139,0.3400367384199291,0.9158850956886361,13.7,0.08735829999932321,0.001910400009364821,0.40976840000075754,0.17530199999600882,0.18196300000272458,0.6392496000044048,0.183738;0.175302;0.172417,0.188347;0.181963;0.179910,0.650342;0.637128;0.639250,,sequential,2026-10-03T20:17:28+00:00
M0-00225,M0,local,Windows,11,AMD64,AMD Ryzen 3 5300U with Radeon Graphics,amd,8,4,2600,20.8,3.14.6,CPython,1,spawn,2.5.3,tiny,tiny_len,637,60,0.8,ms,normal,16686,79.8,8,16,0,0,0,0,1.6319998758262956e-07,1.0,0.48618743450379814,21.691173872640547,0.28665173203350697,14.6,0.005149399999936577,0.0028673000197159126,0.40976840000075754,0.0019322000007377937,0.0038534999985131435,0.01249929999903543,0.002163;0.001932;0.001742,0.003738;0.003853;0.004356,0.012499,,sequential,2026-10-03T20:17:28+00:00
M0-00226,M0,local,Windows,11,AMD64,AMD Ryzen 3 5300U with Radeon Graphics,amd,8,4,2600,20.8,3.14.6,CPython,1,spawn,2.5.3,text,text_regex_findall,2,162101,0.0,seconds,big,25,162123,8,2,1,1,0,0,0.02429419999922781,0.9999030929466879,0.010831133818099166,0.0019140370944017836,0.9127995624401591,11.9,0.15321119999862276,0.0008965000015450642,0.21115179999469547,0.6007551000002422,0.6133349000010639,0.20876010000210954,0.602860;0.600256;0.600755,0.613335;0.619860;0.612682,0.210669;0.208760;0.204775,,multiprocessing,2026-10-03T20:17:33+00:00
M0-00227,M0,local,Windows,11,AMD64,AMD Ryzen 3 5300U with Radeon Graphics,amd,8,4,2600,20.8,3.14.6,CPython,1,spawn,2.5.3,algo_rec,algo_lcs_memo,1,1693,0.3,ms,normal,34,1715,8,4,1,10,0,0,0.0034377999982098117,0.9978767179133576,0.0988730057199866,0.0018252951250783422,0.9712581231715305,19.3,0.055864300004031975,0.00029760002507828176,0.2453587999989395,0.11305469999933848,0.11431979999906616,0.046000299997103866,0.110621;0.117764;0.113055,0.113610;0.114320;0.115328,0.058264;0.043204;0.046000,,multiprocessing,2026-10-03T20:17:35+00:00
M0-00228,M0,local,Windows,11,AMD64,AMD Ryzen 3 5300U with Radeon Graphics,amd,8,4,2600,20.8,3.14.6,CPython,1,spawn,2.5.3,tiny,tiny_dict_lookup,2,21,0.0,ms,normal,49898,40,8,16,0,1,0,0,3.5639995985548014e-07,1.0,0.243624028807933,11.461841410543759,0.510532627030749,26.0,0.005934000000706874,0.0030197000814951025,0.40976840000075754,0.009537300000374671,0.013155900000128895,0.022311500004434492,0.009537;0.009934;0.009364,0.012591;0.013156;0.013260,0.021574;0.025136;0.022312,,sequential,2026-10-03T20:17:35+00:00
M0-00229,M0,local,Windows,11,AMD64,AMD Ryzen 3 5300U with Radeon Graphics,amd,8,4,2600,20.8,3.14.6,CPython,1,spawn,2.5.3,tiny,tiny_len,203,157059,0.8,seconds,big,1273,157081.35,8,2,0,0,0,0,3.9465405005206053e-07,1.0,0.30544540984655966,62.43442991591137,0.14873533392216526,14.5,0.002477100002579391,0.0012569000173243694,0.21115179999469547,0.00033709999843267724,0.0006303000045591034,0.5059117999990121,0.000345;0.000337;0.000232,0.000996;0.000630;0.000617,0.505912,,sequential,2026-10-03T20:17:37+00:00
M0-00230,M0,local,Windows,11,AMD64,AMD Ryzen 3 5300U with Radeon Graphics,amd,8,4,2600,20.8,3.14.6,CPython,1,spawn,2.5.3,big_payload,big_checksum_head,278,3166364,0.3,ms,big,63,3166386.6,8,16,1,1,0,0,1.0740000773997356e-05,1.0,0.18929180572378837,135.01054268568268,0.1779798139278608,14.4,0.023693099996307865,0.022558399985427968,0.40976840000075754,0.0004344000044511631,0.001152400000137277,0.2282943999962299,0.000439;0.000434;0.000425,0.001097;0.001152;0.001171,0.228294,,sequential,2026-10-03T20:17:38+00:00
M0-00231,M0,local,Windows,11,AMD64,AMD Ryzen 3 5300U with Radeon Graphics,amd,8,4,2600,20.8,3.14.6,CPython,1,spawn,2.5.3,gil_release,gil_numpy_matmul,197,12231,0.3,ms,normal,241,12253,8,8,0,2,0,1,0.00044926333381833196,0.9984782335711451,0.45613076774731265,0.012887763742848555,1.5669658704195875,16.1,0.04429070000333013,0.0005097999746794812,0.33566789999895263,0.10437159999855794,0.0622261000025901,0.0508308999997098,0.104865;0.103692;0.104372,0.066365;0.062226;0.055106,0.052257;0.048953;0.050831,,multiprocessing,2026-10-03T20:17:39+00:00
M0-00232,M0,local,Windows,11,AMD64,AMD Ryzen 3 5300U with Radeon Graphics,amd,8,4,2600,20.8,3.14.6,CPython,1,spawn,2.5.3,algo_iter,algo_edit_distance,7120,568,0.3,ms,normal,31,591,8,16,2,16,0,0,0.0014357000005215273,1.0,0.20694476649610247,0.004049791968564446,0.8268245069694855,15.0,0.02199050000490388,0.00024420000409008935,0.40976840000075754,0.04609889999846928,0.04897859999618959,0.01512910000019474,0.046099;0.045434;0.047761,0.048979;0.050174;0.047165,0.015129;0.015112;0.015488,,multiprocessing,2026-10-03T20:17:40+00:00
M0-00233,M0,local,Windows,11,AMD64,AMD Ryzen 3 5300U with Radeon Graphics,amd,8,4,2600,20.8,3.14.6,CPython,1,spawn,2.5.3,db,db_file_lookup,144,19,0.8,seconds,normal,685,38,8,2,1,5,1,0,0.0071009250032147975,0.9986468254715501,0.4597948748926863,0.0006812493376755181,0.8877846239708682,15.0,0.1227353999929619,0.00029009996069362387,0.21115179999469547,4.953622900000482,3.184268199998769,3.14840560000448,4.849525;4.953623;4.999872,3.184268;3.186915;3.078629,3.162334;3.085334;3.148406,,multiprocessing,2026-10-03T20:18:15+00:00
M0-00234,M0,local,Windows,11,AMD64,AMD Ryzen 3 5300U with Radeon Graphics,amd,8,4,2600,20.8,3.14.6,CPython,1,spawn,2.5.3,mixed,mixed_parse_lines,60,3139,0.3,ms,normal,8,3161,8,16,2,3,1,0,0.011208333334555695,0.9212315810262927,0.20155376598721722,0.001109293904242245,0.9434246255378136,13.0,0.06885109999711858,0.00024589999520685524,0.40976840000075754,0.08592769999813754,0.08261360000324203,0.025252400002500508,0.085928;0.083868;0.086531,0.082728;0.082614;0.082080,0.023432;0.025252;0.028489,,multiprocessing,2026-10-03T20:18:16+00:00
M0-00235,M0,local,Windows,11,AMD64,AMD Ryzen 3 5300U with Radeon Graphics,amd,8,4,2600,20.8,3.14.6,CPython,1,spawn,2.5.3,algo_iter,algo_kmeans,592,18,0.8,ms,normal,8,38,8,16,3,15,0,0,0.015960733333486132,0.9974828717633557,0.41248546908971956,0.0008165872106147305,0.972376222832486,16.3,0.1042682999977842,0.000258100000792183,0.40976840000075754,0.11358649999601766,0.1158482999962871,0.042758000003232155,0.112301;0.113586;0.114940,0.115848;0.115628;0.117284,0.035455;0.042758;0.043820,,multiprocessing,2026-10-03T20:18:17+00:00
M0-00236,M0,local,Windows,11,AMD64,AMD Ryzen 3 5300U with Radeon Graphics,amd,8,4,2600,20.8,3.14.6,CPython,1,spawn,2.5.3,algo_iter,algo_kmeans,132,20,0.0,seconds,normal,1294,39,8,4,3,15,0,0,0.003201868750693393,0.9993303972804815,0.03401307038231774,0.0018719534502598981,0.9698431172928225,17.1,0.10409980000258656,0.0003744999921764247,0.2453587999989395,4.082066000002669,4.21421630000259,1.4734437000006437,4.143955;4.082066;4.080632,4.241408;4.214216;4.183819,1.478676;1.473444;1.106310,,multiprocessing,2026-10-03T20:18:47+00:00
M0-00237,M0,local,Windows,11,AMD64,AMD Ryzen 3 5300U with Radeon Graphics,amd,8,4,2600,20.8,3.14.6,CPython,1,spawn,2.5.3,algo_rec,algo_merge_sort,206,359328,0.0,ms,big,556,359350,8,8,1,10,0,0,0.0003472438847697206,0.9996363217945012,0.1009215989050182,0.20366089838615334,0.9474642107348048,0.4,0.10107029999926453,0.0019530000208760612,0.33566789999895263,0.19406729999900563,0.19936330000200542,0.5009987000012188,0.194067;0.193889;0.194776,0.199363;0.199470;0.198106,0.521316;0.500999;0.474829,,sequential,2026-10-03T20:18:51+00:00
M0-00238,M0,local,Windows,11,AMD64,AMD Ryzen 3 5300U with Radeon Graphics,amd,8,4,2600,20.8,3.14.6,CPython,1,spawn,2.5.3,recursive,rec_fib,3832,27,0.8,ms,normal,54,47,8,8,0,4,0,0,0.00043263846209111553,1.0,0.43147002133998225,0.009778995430061365,0.703972306474528,0.0,0.013562100000854116,0.0002930999908130616,0.33566789999895263,0.022141699999338016,0.02529629999480676,0.007607100000313949,0.022267;0.022142;0.022099,0.025744;0.025073;0.025296,0.007644;0.007161;0.007607,,multiprocessing,2026-10-03T20:18:51+00:00
M0-00239,M0,local,Windows,11,AMD64,AMD Ryzen 3 5300U with Radeon Graphics,amd,8,4,2600,20.8,3.14.6,CPython,1,spawn,2.5.3,text,text_format_report,17,903,0.8,seconds,normal,80581,925,8,8,1,2,0,0,2.134909997766954e-05,1.0,0.4766932820275655,0.20024264153614366,0.9469340712626056,5.1,0.09236219999729656,0.0037364000381785445,0.33566789999895263,1.7258188999985578,1.7697576999999,0.505364799995732,1.790546;1.725819;1.720778,1.769920;1.748238;1.769758,0.505365;0.511199;0.504340,,multiprocessing,2026-10-03T20:19:04+00:00
M0-00240,M0,local,Windows,11,AMD64,AMD Ryzen 3 5300U with Radeon Graphics,amd,8,4,2600,20.8,3.14.6,CPython,1,spawn,2.5.3,algo_rec,algo_lcs_memo,5,321566,0.3,seconds,big,87,321588,8,2,1,10,0,0,0.02627576666660995,0.9984916355353292,0.05517242692124631,0.0049348385739967195,1.06935239625906,12.1,0.1559966999993776,0.0006320000029518269,0.21115179999469547,2.0422699999980978,2.09217009999702,1.1519904999950086,1.957744;2.061371;2.042270,2.041817;2.092170;2.108939,1.162015;1.141666;1.151990,,multiprocessing,2026-10-03T20:19:21+00:00
M0-00241,M0,local,Windows,11,AMD64,AMD Ryzen 3 5300U with Radeon Graphics,amd,8,4,2600,20.8,3.14.6,CPython,1,spawn,2.5.3,numpy,np_linalg_solve,114,642408,0.0,ms,big,24,642430,8,4,0,3,0,1,0.002951750000647735,0.9983293034803659,0.14507524971153005,0.04478134521259979,1.2923156064684773,0.0,0.03168030000233557,0.0010675000012270175,0.2453587999989395,0.0668807999973069,0.05176740000024438,0.05861619999632239,0.066881;0.073607;0.066617,0.064321;0.039998;0.051767,0.083720;0.054415;0.058616,,threading,2026-10-03T20:19:22+00:00
M0-00242,M0,local,Windows,11,AMD64,AMD Ryzen 3 5300U with Radeon Graphics,amd,8,4,2600,20.8,3.14.6,CPython,1,spawn,2.5.3,db,db_file_commit,4,547,0.3,ms,normal,8,569,8,8,1,0,1,0,0.01835153333134561,0.4123671632949116,0.38822444707822723,0.0006502637503181599,1.1007356138498807,1.2,0.0919549999962328,0.00030780000088270754,0.33566789999895263,0.11436980000144104,0.06264129999908619,0.07682789999671513,0.115097;0.112741;0.114370,0.077533;0.059390;0.062641,0.076828;0.085288;0.060089,,threading,2026-10-03T20:19:24+00:00
M0-00243,M0,local,Windows,11,AMD64,AMD Ryzen 3 5300U with Radeon Graphics,amd,8,4,2600,20.8,3.14.6,CPython,1,spawn,2.5.3,db,db_mem_insert_select,12095,504,0.8,seconds,normal,336,527,8,4,1,1,1,0,0.012262999996892177,0.9978216253256629,0.5800470890432315,0.0005871319847426486,1.3146105793580738,3.1,0.11543779999919934,0.00026610001805238426,0.2453587999989395,3.7001994000020204,5.520407199997862,1.0814193000041996,3.699939;3.705615;3.700199,5.520407,1.034223;1.105628;1.081419,,multiprocessing,2026-10-03T20:19:44+00:00
M0-00244,M0,local,Windows,11,AMD64,AMD Ryzen 3 5300U with Radeon Graphics,amd,8,4,2600,20.8,3.14.6,CPython,1,spawn,2.5.3,big_payload,big_upper_copy,5,218633,0.0,seconds,big,914,218655,8,4,0,0,0,0,0.00017538596454725943,0.99882240415728,0.07946768370360244,0.3399074724830863,0.9368715187312101,1.6,0.08489030000055209,0.0020581000790116377,0.2453587999989395,0.17435600000317208,0.17398959999991348,1.1017110000029788,0.174356;0.169677;0.181630,0.179662;0.173990;0.173628,1.101711,,threading,2026-10-03T20:19:47+00:00
M0-00245,M0,local,Windows,11,AMD64,AMD Ryzen 3 5300U with Radeon Graphics,amd,8,4,2600,20.8,3.14.6,CPython,1,spawn,2.5.3,algo_rec,algo_flood_fill,50,437159,0.3,seconds,big,15,437181,8,16,3,10,0,0,0.020145933332969435,1.0,0.05878868853912669,0.007020440975481868,0.8473842148575781,7.2,0.13239460000477266,0.0006726000065100379,0.40976840000075754,0.3131472000022768,0.32316110000101617,0.07887490000575781,0.313155;0.313147;0.310642,0.324438;0.321350;0.323161,0.080213;0.078875;0.077560,,multiprocessing,2026-10-03T20:19:50+00:00
M0-00246,M0,local,Windows,11,AMD64,AMD Ryzen 3 5300U with Radeon Graphics,amd,8,4,2600,20.8,3.14.6,CPython,1,spawn,2.5.3,recursive,rec_fib,316,48,0.8,ms,normal,222,67.7,8,16,0,4,0,0,3.880727242424407e-05,1.0,0.6525078108397626,0.11698838195505228,0.6173711512056448,12.1,0.006140700003015809,0.0004703000231529586,0.40976840000075754,0.007054099995002616,0.009061999997356907,0.003957600005378481,0.007054;0.007208;0.007016,0.008281;0.009224;0.009062,0.004554;0.003872;0.003958,,multiprocessing,2026-10-03T20:19:51+00:00
M0-00247,M0,local,Windows,11,AMD64,AMD Ryzen 3 5300U with Radeon Graphics,amd,8,4,2600,20.8,3.14.6,CPython,1,spawn,2.5.3,tiny,tiny_add,659,196033,0.0,seconds,big,1020,196056,8,4,0,1,0,0,6.223528294404055e-07,1.0,0.2770779405330034,74.99765106188197,0.1706834358289998,2.8,0.0032980999967548996,0.002033000026131049,0.2453587999989395,0.0002097000033245422,0.0005490999974426813,0.5332515000045532,0.000337;0.000210;0.000140,0.000884;0.000549;0.000433,0.533252,,sequential,2026-10-03T20:19:52+00:00
M0-00248,M0,local,Windows,11,AMD64,AMD Ryzen 3 5300U with Radeon Graphics,amd,8,4,2600,20.8,3.14.6,CPython,1,spawn,2.5.3,algo_rec,algo_lcs_memo,1,186107,0.3,seconds,big,192,186129,8,2,1,10,0,0,0.003730700000492756,0.9956959469630252,0.09708819687326148,0.03073724196697711,0.9336632334384867,1.9,0.1092618000038783,0.001935399996000342,0.21115179999469547,0.7600887000007788,0.7626763000007486,0.4405761000016355,0.706819;0.763143;0.760089,0.739033;0.762676;0.776631,0.436694;0.441977;0.440576,,multiprocessing,2026-10-03T20:19:59+00:00
M0-00249,M0,local,Windows,11,AMD64,AMD Ryzen 3 5300U with Radeon Graphics,amd,8,4,2600,20.8,3.14.6,CPython,1,spawn,2.5.3,io,io_sleep_return_payload,17229,8507,0.8,seconds,normal,9,8530,8,8,0,1,1,0,0.017271199998504017,0.006009329949572532,0.49015013280986636,0.002456883938457658,1.1104621356224995,0.0,0.08892600000399398,0.0005039000097895041,0.33566789999895263,0.1716902999978629,0.030046299994864967,0.030636199997388758,0.171690,0.030046;0.030385;0.029926,0.031033;0.030636;0.030154,,threading,2026-10-03T20:20:00+00:00
M0-00250,M0,local,Windows,11,AMD64,AMD Ryzen 3 5300U with Radeon Graphics,amd,8,4,2600,20.8,3.14.6,CPython,1,spawn,2.5.3,text,text_split_count,18,1008,0.3,ms,normal,30,1030,8,8,1,1,0,0,0.0009736857142083213,0.9980294249600868,0.17937145045866948,0.005091113232072766,0.8598237873887677,0.4,0.014814699999988079,0.00024090000079013407,0.33566789999895263,0.028514899997389875,0.031248999999661464,0.008756900002481416,0.028345;0.028847;0.028515,0.030908;0.031249;0.034043,0.008660;0.009171;0.008757,,multiprocessing,2026-10-03T20:20:01+00:00
M0-00251,M0,local,Windows,11,AMD64,AMD Ryzen 3 5300U with Radeon Graphics,amd,8,4,2600,20.8,3.14.6,CPython,1,spawn,2.5.3,big_result,result_records,6442,330434,0.0,seconds,big,605,330457,8,16,1,2,0,0,0.021697437499824446,0.9959104843637665,3.333924390968608,0.15639346807287172,8.292393516261923,1.9,0.4462377999952878,0.05466609999712091,0.40976840000075754,3.344408700002532,3.4815993000011076,3.2216314999968745,3.419411;3.109595;3.344409,3.481313;3.691962;3.481599,3.221631;3.332275;3.132911,,multiprocessing,2026-10-03T20:20:32+00:00
M0-00252,M0,local,Windows,11,AMD64,AMD Ryzen 3 5300U with Radeon Graphics,amd,8,4,2600,20.8,3.14.6,CPython,1,spawn,2.5.3,cpu,cpu_sum_squares,4457,374563,0.8,seconds,big,533,374586,8,2,1,2,0,0,0.00022526616532586626,1.0,0.4776902593021071,0.23596529885201056,1.0126497553254203,0.4,0.06165989999863086,0.00189610000961693,0.21115179999469547,0.11687820000224747,0.11848249999457039,0.5574946999986423,0.118634;0.116878;0.115584,0.117835;0.119294;0.118482,0.531811;0.576670;0.557495,,sequential,2026-10-03T20:20:36+00:00
M0-00253,M0,local,Windows,11,AMD64,AMD Ryzen 3 5300U with Radeon Graphics,amd,8,4,2600,20.8,3.14.6,CPython,1,spawn,2.5.3,numpy,np_linalg_solve,17,530,0.0,seconds,normal,114744,552,8,16,0,3,0,1,4.393122157232617e-05,0.9977376440501338,0.28503621656252814,0.09822171932154508,1.1764718171943953,1.2,0.09320010000374168,0.0031043001654325053,0.40976840000075754,3.294133099996543,5.115988400000788,0.9840907999969204,3.206736;3.294133;3.319523,5.115988,0.947826;1.167717;0.984091,,multiprocessing,2026-10-03T20:20:55+00:00
M0-00254,M0,local,Windows,11,AMD64,AMD Ryzen 3 5300U with Radeon Graphics,amd,8,4,2600,20.8,3.14.6,CPython,1,spawn,2.5.3,db,db_mem_insert_select,81,1525,0.0,ms,normal,103,1547,8,2,1,1,1,0,0.0001828439993551001,1.0,0.517350550179956,0.01889589008560926,1.05701102377622,0.0,0.008980200000223704,0.0004619000173988752,0.21115179999469547,0.016856199996254873,0.013714599997911137,0.009768899995833635,0.016856;0.016958;0.016829,0.013715;0.013815;0.013482,0.009991;0.009769;0.009374,,multiprocessing,2026-10-03T20:20:55+00:00
M0-00255,M0,local,Windows,11,AMD64,AMD Ryzen 3 5300U with Radeon Graphics,amd,8,4,2600,20.8,3.14.6,CPython,1,spawn,2.5.3,gil_release,gil_sha256,486,14852,0.0,seconds,normal,197,14875,8,8,1,1,0,1,0.004456924999127902,1.0,0.025379711936896063,0.0017650435091990148,1.882434558363875,1.6,0.08222090000344906,0.0003633000160334632,0.33566789999895263,0.8741885000054026,0.5522741000022506,0.14239500000257976,0.874189,0.552274;0.540876;0.555634,0.140843;0.143606;0.142395,,multiprocessing,2026-10-03T20:20:59+00:00
M0-00256,M0,local,Windows,11,AMD64,AMD Ryzen 3 5300U with Radeon Graphics,amd,8,4,2600,20.8,3.14.6,CPython,1,spawn,2.5.3,big_payload,big_reverse,5,3579119,0.0,seconds,big,55,3579141,8,2,0,0,0,0,0.002252630770761663,0.9981933104624932,0.04662573371194157,1.3822402517694312,0.9436510655312097,6.6,0.10111760000290815,0.0410165999783203,0.21115179999469547,0.13414940000075148,0.13893910000479082,0.7826898000057554,0.129788;0.134149;0.139198,0.135468;0.149124;0.138939,0.782690,,sequential,2026-10-03T20:21:02+00:00
M0-00257,M0,local,Windows,11,AMD64,AMD Ryzen 3 5300U with Radeon Graphics,amd,8,4,2600,20.8,3.14.6,CPython,1,spawn,2.5.3,algo_iter,algo_dijkstra,94,1025,0.0,seconds,normal,729,1047,8,2,2,15,0,0,0.00023101428542849045,0.999853302893342,0.9141801303052484,0.01748810002651357,0.990917000076626,3.9,0.08332670000527287,0.0010344000620534644,0.21115179999469547,0.15155139999842504,0.1556581000040751,0.07851819999632426,0.151551;0.153628;0.151196,0.158930;0.155316;0.155658,0.080642;0.078518;0.077521,,multiprocessing,2026-10-03T20:21:03+00:00
M0-00258,M0,local,Windows,11,AMD64,AMD Ryzen 3 5300U with Radeon Graphics,amd,8,4,2600,20.8,3.14.6,CPython,1,spawn,2.5.3,gil_release,gil_bz2,175,300000,0.0,seconds,big,48,300022,8,16,0,1,0,1,0.01750073333338757,0.9979210724096562,0.009654725559843222,0.006133076325718756,1.4641962601513778,4.8,0.0888459000052535,0.0006179000120027922,0.40976840000075754,0.839101399993524,0.183386699995026,0.1868112000011024,0.839101;0.839116;0.839047,0.205125;0.183270;0.183387,0.184972;0.202420;0.186811,,threading,2026-10-03T20:21:08+00:00
M0-00259,M0,local,Windows,11,AMD64,AMD Ryzen 3 5300U with Radeon Graphics,amd,8,4,2600,20.8,3.14.6,CPython,1,spawn,2.5.3,big_result,result_matrix_lists,129,86,0.8,seconds,normal,128,105,8,8,2,5,0,0,0.0027843368412791996,0.9967658229059037,0.6393294648617283,0.24492839612769976,1.1224350438364927,5.1,0.11227150000195252,0.013302100021974184,0.33566789999895263,0.2733294999998179,0.2794772000052035,0.10244690000399714,0.269298;0.274027;0.273329,0.280073;0.274926;0.279477,0.098429;0.103463;0.102447,,multiprocessing,2026-10-03T20:21:10+00:00
M0-00260,M0,local,Windows,11,AMD64,AMD Ryzen 3 5300U with Radeon Graphics,amd,8,4,2600,20.8,3.14.6,CPython,1,spawn,2.5.3,numpy,np_linalg_solve,29,630,0.3,ms,normal,1412,652,8,2,0,3,0,1,3.845127484604199e-05,0.995156666241484,0.40446704466840183,0.09050414986565399,0.6639715852189134,0.8,0.03524489999836078,0.0013475999803631566,0.21115179999469547,0.05126429999654647,0.07315229999949224,0.029202500001701992,0.051264;0.051354;0.050183,0.071187;0.073152;0.073199,0.029203;0.029287;0.028459,,multiprocessing,2026-10-03T20:21:11+00:00
M0-00261,M0,local,Windows,11,AMD64,AMD Ryzen 3 5300U with Radeon Graphics,amd,8,4,2600,20.8,3.14.6,CPython,1,spawn,2.5.3,cpu,cpu_count_primes,3355,136,0.0,seconds,normal,223,156,8,2,2,4,0,0,0.001651690321582024,1.0,0.020994761183734587,0.00230067308489569,0.9656879755039686,1.6,0.10559310000098776,0.0014055000356165692,0.21115179999469547,0.3609885999976541,0.3701419999997597,0.18204810000315774,0.364367;0.360776;0.360989,0.368842;0.370142;0.371350,0.183586;0.181544;0.182048,,multiprocessing,2026-10-03T20:21:15+00:00
M0-00262,M0,local,Windows,11,AMD64,AMD Ryzen 3 5300U with Radeon Graphics,amd,8,4,2600,20.8,3.14.6,CPython,1,spawn,2.5.3,text,text_regex_findall,21,173,0.3,ms,normal,33,192,8,8,1,1,0,0,0.00036670000190497376,0.9835256825514141,0.2762957588455963,0.014316882575796922,0.8117694021366226,0.0,0.006662599997071084,0.0002646999782882631,0.33566789999895263,0.009468299998843577,0.011487900002975948,0.0025605999981053174,0.010055;0.009444;0.009468,0.011488;0.011393;0.011581,0.003038;0.002345;0.002561,,multiprocessing,2026-10-03T20:21:15+00:00
M0-00263,M0,local,Windows,11,AMD64,AMD Ryzen 3 5300U with Radeon Graphics,amd,8,4,2600,20.8,3.14.6,CPython,1,spawn,2.5.3,cpu,cpu_count_primes,11965,1096,0.0,ms,normal,8,1119,8,4,2,4,0,0,0.009043733332267342,1.0,0.014839906580783201,0.0015111750330588343,0.9197948010026676,0.8,0.05671219999931054,0.0002823000031639822,0.2453587999989395,0.07250149999890709,0.07521129999804543,0.02793799999926705,0.072198;0.072864;0.072501,0.075107;0.075290;0.075211,0.027938;0.018911;0.028143,,multiprocessing,2026-10-03T20:21:16+00:00
M0-00264,M0,local,Windows,11,AMD64,AMD Ryzen 3 5300U with Radeon Graphics,amd,8,4,2600,20.8,3.14.6,CPython,1,spawn,2.5.3,io,io_file_roundtrip,2,704,0.8,seconds,normal,423,726,8,16,1,0,1,0,0.010246699998970144,0.1606424781953447,0.3393995125783158,0.0008529574997550846,1.1454923597029047,2.0,0.08885990000271704,0.0003659000067273155,0.40976840000075754,5.052533400004904,0.6947626000037417,0.7678759999980684,5.052533,0.694763;0.686988;0.698939,0.767876;0.824082;0.752446,,threading,2026-10-03T20:21:26+00:00
M0-00265,M0,local,Windows,11,AMD64,AMD Ryzen 3 5300U with Radeon Graphics,amd,8,4,2600,20.8,3.14.6,CPython,1,spawn,2.5.3,recursive,rec_quicksort,17267,288,0.8,ms,normal,8,311,8,4,1,8,0,0,0.03222343333375951,0.9989037475507816,0.5291501463949078,0.0002751619840054394,0.5110100964748538,0.8,0.2487877000021399,0.0002367999986745417,0.2453587999989395,0.2847330000004149,0.28822629999922356,0.09349080000538379,0.283342;0.285689;0.284733,0.288226;0.288233;0.287537,0.094554;0.092381;0.093491,,multiprocessing,2026-10-03T20:21:29+00:00
M0-00266,M0,local,Windows,11,AMD64,AMD Ryzen 3 5300U with Radeon Graphics,amd,8,4,2600,20.8,3.14.6,CPython,1,spawn,2.5.3,recursive,rec_quicksort,60,903138,0.0,ms,big,221,903160,8,4,1,8,0,0,6.435636367479509e-05,1.0,0.250967065825353,6.219276176961583,0.8515441957069585,3.2,0.016244900005403906,0.008492000000842381,0.2453587999989395,0.012472300004446879,0.014224899998225737,0.4799596000011661,0.012345;0.012825;0.012472,0.014225;0.014475;0.013345,0.479960,,sequential,2026-10-03T20:21:31+00:00
M0-00267,M0,local,Windows,11,AMD64,AMD Ryzen 3 5300U with Radeon Graphics,amd,8,4,2600,20.8,3.14.6,CPython,1,spawn,2.5.3,cpu,cpu_count_primes,3187,1359,0.0,seconds,normal,662,1382,8,4,2,4,0,0,0.0015357575751047327,0.9986290051362091,0.020754054631790517,0.003232931868718612,0.9674861936676472,4.3,0.10361489999922924,0.0005122000220580958,0.2453587999989395,0.9976391000018339,1.0173866999975871,0.2924607000022661,0.996869;0.997639;1.004158,1.017387;1.014436;1.020494,0.279332;0.292765;0.292461,,multiprocessing,2026-10-03T20:21:39+00:00
M0-00268,M0,local,Windows,11,AMD64,AMD Ryzen 3 5300U with Radeon Graphics,amd,8,4,2600,20.8,3.14.6,CPython,1,spawn,2.5.3,text,text_csv_parse,6,1728,0.3,seconds,normal,803,1750,8,4,2,3,0,0,0.007378014285807565,0.999163010250939,0.11848647151601682,0.0008054819995357024,0.9871574964944159,0.4,0.10426269999879878,0.0003080000024056062,0.2453587999989395,5.871951699999045,6.024212099997385,1.5527808999977424,5.927144;5.871952;5.711627,6.054564;5.984537;6.024212,1.566616;1.545430;1.552781,,multiprocessing,2026-10-03T20:22:23+00:00
M0-00269,M0,local,Windows,11,AMD64,AMD Ryzen 3 5300U with Radeon Graphics,amd,8,4,2600,20.8,3.14.6,CPython,1,spawn,2.5.3,db,db_mem_insert_select,884,1377455,0.3,seconds,big,145,1377478,8,2,1,1,1,0,0.000944494444209138,0.9991459257052648,0.18225217415209072,0.7783687929794103,1.1439567775313084,2.7,0.07845589999487856,0.015166200006206054,0.21115179999469547,0.13420120000228053,0.11346539999794913,0.477864700005739,0.133672;0.134201;0.134754,0.113151;0.113465;0.116258,0.466285;0.505547;0.477865,,threading,2026-10-03T20:22:27+00:00
M0-00270,M0,local,Windows,11,AMD64,AMD Ryzen 3 5300U with Radeon Graphics,amd,8,4,2600,20.8,3.14.6,CPython,1,spawn,2.5.3,recursive,rec_quicksort,667,236,0.8,ms,normal,174,255.75,8,2,1,8,0,0,0.0008527395352017307,0.9985856283462181,0.5293136952564085,0.0040340571281194185,1.0145723366497343,0.8,0.07245779999357183,0.0003725999777088873,0.21115179999469547,0.1485714000009466,0.1511735999956727,0.07634040000266396,0.148571;0.149782;0.148427,0.149605;0.152759;0.151174,0.076480;0.076340;0.075729,,multiprocessing,2026-10-03T20:22:28+00:00
M0-00271,M0,local,Windows,11,AMD64,AMD Ryzen 3 5300U with Radeon Graphics,amd,8,4,2600,20.8,3.14.6,CPython,1,spawn,2.5.3,big_result,result_sorted_pairs,18308,350923,0.0,ms,big,13,350946,8,2,1,4,0,0,0.009274933331956467,0.9949553119839796,0.14412045643149088,0.6507360341548818,0.8827251356846308,1.6,0.0746140999981435,0.018385600007604808,0.21115179999469547,0.127184800003306,0.134460900000704,0.15224779999698512,0.126443;0.131990;0.127185,0.131148;0.138266;0.134461,0.152518;0.152248;0.145174,,sequential,2026-10-03T20:22:30+00:00
M0-00272,M0,local,Windows,11,AMD64,AMD Ryzen 3 5300U with Radeon Graphics,amd,8,4,2600,20.8,3.14.6,CPython,1,spawn,2.5.3,text,text_regex_findall,3,323836,0.3,seconds,big,21,323858,8,8,1,1,0,0,0.06616699999964719,0.9979212777902362,0.17597052484141804,0.0014795895002207731,1.03564230916595,7.5,0.37887290000071516,0.0005318000039551407,0.33566789999895263,1.4128920000002836,1.4513280999963172,0.22558190000563627,1.412892,1.451328,0.217798;0.225582;0.229003,,multiprocessing,2026-10-03T20:22:35+00:00
M0-00273,M0,local,Windows,11,AMD64,AMD Ryzen 3 5300U with Radeon Graphics,amd,8,4,2600,20.8,3.14.6,CPython,1,spawn,2.5.3,recursive,rec_fib,2777,1574,0.3,ms,normal,155,1597,8,2,0,4,0,0,0.00031882105165430784,1.0,0.2259907901952364,0.012750102605824603,0.8811785144738965,4.8,0.026119900001503993,0.00039070004277164117,0.21115179999469547,0.05160969999997178,0.05024599999887869,0.025854100000287872,0.049226;0.051610;0.051871,0.050612;0.050135;0.050246,0.027812;0.025854;0.025818,,multiprocessing,2026-10-03T20:22:36+00:00
M0-00274,M0,local,Windows,11,AMD64,AMD Ryzen 3 5300U with Radeon Graphics,amd,8,4,2600,20.8,3.14.6,CPython,1,spawn,2.5.3,io,io_sleep,2220,37,0.0,seconds,normal,1200,57,8,8,0,1,1,0,0.002636355000140611,0.0296106072719646,0.05748768687516238,0.0019572475151274017,1.9950043192812459,0.4,0.07993410000199219,0.000632499999483116,0.33566789999895263,3.258184699996491,0.40206810000381665,0.39265960000193445,3.258185,0.398261;0.403933;0.402068,0.396766;0.392660;0.389956,,multiprocessing,2026-10-03T20:22:42+00:00
M0-00275,M0,local,Windows,11,AMD64,AMD Ryzen 3 5300U with Radeon Graphics,amd,8,4,2600,20.8,3.14.6,CPython,1,spawn,2.5.3,mixed,mixed_hash_then_write,8787,70410,0.3,seconds,normal,2840,70433,8,2,1,3,1,0,0.0010713404255047283,0.9991381438808277,0.13876235825039038,0.01448652575852337,1.1624248370471613,1.6,0.09489860000030603,0.0014824000027147122,0.21115179999469547,2.926510099998268,2.574624100001529,2.165695899995626,2.926510;2.932318;2.922403,2.586521;2.574624;2.565369,2.165696;2.110317;2.206904,,multiprocessing,2026-10-03T20:23:06+00:00
M0-00276,M0,local,Windows,11,AMD64,AMD Ryzen 3 5300U with Radeon Graphics,amd,8,4,2600,20.8,3.14.6,CPython,1,spawn,2.5.3,gil_release,gil_numpy_matmul,22,49393,0.8,ms,normal,406,49415,8,2,0,2,0,1,6.529702962028085e-05,0.9973288542108402,0.6581210126082653,0.16532146669620928,0.9320246394106354,1.5,0.014050600002519786,0.0006878000131109729,0.21115179999469547,0.024164300004485995,0.02128709999669809,0.04434969999419991,0.024850;0.024164;0.024010,0.022555;0.020207;0.021287,0.044350;0.044023;0.044453,,threading,2026-10-03T20:23:07+00:00
M0-00277,M0,local,Windows,11,AMD64,AMD Ryzen 3 5300U with Radeon Graphics,amd,8,4,2600,20.8,3.14.6,CPython,1,spawn,2.5.3,gil_release,gil_numpy_matmul,397,44372,0.8,ms,normal,8,44394.666666666664,8,16,0,2,0,1,0.005279566668226228,0.9951365300501608,0.795987506232428,0.010139721093228325,0.8868464721276237,4.4,0.03475530000287108,0.00039909999759402126,0.40976840000075754,0.05280230000062147,0.028902699996251613,0.028292199996940326,0.063983;0.052802;0.052228,0.028903;0.028752;0.031165,0.029591;0.028292;0.026346,,multiprocessing,2026-10-03T20:23:08+00:00
M0-00278,M0,local,Windows,11,AMD64,AMD Ryzen 3 5300U with Radeon Graphics,amd,8,4,2600,20.8,3.14.6,CPython,1,spawn,2.5.3,mixed,mixed_parse_lines,39,6298,0.8,ms,normal,10,6320,8,8,2,3,1,0,0.014481733334832825,0.9457552229381426,0.22092323677608114,0.0010864260171737981,0.9877787966928102,0.4,0.08150789999490371,0.0002680999896256253,0.33566789999895263,0.1339728000020841,0.13561749999644235,0.03943069999513682,0.133973;0.133866;0.134857,0.135617;0.135971;0.133706,0.035698;0.039431;0.039952,,multiprocessing,2026-10-03T20:23:18+00:00
M0-00279,M0,local,Windows,11,AMD64,AMD Ryzen 3 5300U with Radeon Graphics,amd,8,4,2600,20.8,3.14.6,CPython,1,spawn,2.5.3,cpu,cpu_sum_squares,24992,34,0.0,ms,normal,32,54,8,4,1,2,0,0,0.0013969750007163384,1.0,0.1727829669754411,0.003928129083178162,0.8552973061188351,0.4,0.02371040000434732,0.00026280000020051375,0.2453587999989395,0.04152099999919301,0.04376400000182912,0.013049100001808256,0.042849;0.041521;0.040536,0.044025;0.043764;0.043234,0.011760;0.017839;0.013049,,multiprocessing,2026-10-03T20:23:18+00:00
M0-00280,M0,local,Windows,11,AMD64,AMD Ryzen 3 5300U with Radeon Graphics,amd,8,4,2600,20.8,3.14.6,CPython,1,spawn,2.5.3,numpy,np_sort,1669,1543,0.8,seconds,normal,7180,1566,8,2,0,3,0,1,5.881803080447577e-05,0.9986690391611032,0.36368116476462325,0.06758131229865466,1.4497703138327156,1.6,0.08583619999990333,0.001722000029985793,0.21115179999469547,0.4096893999958411,0.250280100000964,0.22022979999746894,0.409000;0.409689;0.410182,0.248309;0.250280;0.254520,0.222179;0.220230;0.219991,,multiprocessing,2026-10-03T20:23:22+00:00
M0-00281,M0,local,Windows,11,AMD64,AMD Ryzen 3 5300U with Radeon Graphics,amd,8,4,2600,20.8,3.14.6,CPython,1,spawn,2.5.3,algo_rec,algo_sudoku,8,509,0.8,ms,normal,17,531,8,4,3,28,0,0,0.005017924999265233,1.0,0.378721054985546,0.0017188376417862623,1.0960188787471459,6.0,0.04219740000553429,0.00025340000865980983,0.2453587999989395,0.09221669999533333,0.09423290000268025,0.02850590000161901,0.091567;0.092217;0.092975,0.094233;0.093451;0.096444,0.028437;0.028506;0.028889,,multiprocessing,2026-10-03T20:23:23+00:00
M0-00282,M0,local,Windows,11,AMD64,AMD Ryzen 3 5300U with Radeon Graphics,amd,8,4,2600,20.8,3.14.6,CPython,1,spawn,2.5.3,gil_release,gil_numpy_matmul,512,2641,0.0,ms,normal,8,2664,8,4,0,2,0,1,0.007330733332006882,0.997066675177113,0.03118216857469398,0.001523267359930931,1.3432803699775357,0.4,0.03836260000389302,0.00026950000756187364,0.2453587999989395,0.05871789999946486,0.023406300002534408,0.02452379999886034,0.058283;0.058718;0.059262,0.023904;0.023406;0.023261,0.022707;0.024524;0.026606,,threading,2026-10-03T20:23:24+00:00
M0-00283,M0,local,Windows,11,AMD64,AMD Ryzen 3 5300U with Radeon Graphics,amd,8,4,2600,20.8,3.14.6,CPython,1,spawn,2.5.3,algo_iter,algo_dijkstra,613,1639817,0.0,seconds,big,121,1639840,8,2,2,15,0,0,0.001623390001138129,0.9994349599128791,0.0913339945382433,0.44263239283975236,0.9426675703234618,3.9,0.11441509999713162,0.014820099968346767,0.21115179999469547,0.19220339999446878,0.19877959999575978,0.4509929000050761,0.192203;0.192146;0.192966,0.198196;0.201144;0.198780,0.450993;0.456009;0.429873,,sequential,2026-10-03T20:23:28+00:00
M0-00284,M0,local,Windows,11,AMD64,AMD Ryzen 3 5300U with Radeon Graphics,amd,8,4,2600,20.8,3.14.6,CPython,1,spawn,2.5.3,algo_rec,algo_flood_fill,5,245,0.3,seconds,normal,6331,264,8,16,3,10,0,0,0.0019976960006169975,0.9979602675284921,0.42802004751421924,0.0018946825322060687,0.9709691957806043,7.4,0.10264360000292072,0.00046869998186593875,0.40976840000075754,13.22581419999915,13.360797300003469,3.1193436000030488,13.002063;13.225814;13.379187,13.317760;13.360797;14.084639,3.028362;3.119344;3.241990,,multiprocessing,2026-10-03T20:24:58+00:00
M0-00285,M0,local,Windows,11,AMD64,AMD Ryzen 3 5300U with Radeon Graphics,amd,8,4,2600,20.8,3.14.6,CPython,1,spawn,2.5.3,big_result,result_long_string,5130,310,0.0,ms,normal,10,333,8,4,1,1,0,0,0.0014326666641863994,1.0,0.004881780195849002,0.0424150781772445,0.8011442777022811,2.8,0.010825899997144006,0.0010716000033426099,0.2453587999989395,0.0134330000000773,0.014974400000937749,0.006862800000817515,0.014397;0.013433;0.013416,0.014974;0.015435;0.014849,0.007037;0.006863;0.006617,,multiprocessing,2026-10-03T20:24:59+00:00
M0-00286,M0,local,Windows,11,AMD64,AMD Ryzen 3 5300U with Radeon Graphics,amd,8,4,2600,20.8,3.14.6,CPython,1,spawn,2.5.3,algo_rec,algo_lcs_memo,4,697,0.0,ms,normal,8,719,8,4,1,10,0,0,0.012411533335883481,0.9996249981424904,0.016142402144457505,0.0007949597176871387,0.9618929307698268,3.5,0.07590280000295024,0.00024619999749120325,0.2453587999989395,0.10190020000300137,0.10356699999829289,0.029437699995469302,0.099512;0.117098;0.101900,0.103567;0.102426;0.103988,0.029282;0.033698;0.029438,,multiprocessing,2026-10-03T20:25:00+00:00
M0-00287,M0,local,Windows,11,AMD64,AMD Ryzen 3 5300U with Radeon Graphics,amd,8,4,2600,20.8,3.14.6,CPython,1,spawn,2.5.3,db,db_mem_group_by,51,79,0.8,ms,normal,998,98,8,16,1,2,1,0,0.0001697859443814389,0.9961891780817048,0.2675737752000266,0.019701275350072323,1.261890694952561,5.2,0.07718779999413528,0.0014258998417062685,0.40976840000075754,0.1677895000029821,0.37303000000247266,0.04518390000157524,0.168882;0.167790;0.165479,0.373030,0.045184;0.047815;0.044486,,multiprocessing,2026-10-03T20:25:02+00:00
M0-00288,M0,local,Windows,11,AMD64,AMD Ryzen 3 5300U with Radeon Graphics,amd,8,4,2600,20.8,3.14.6,CPython,1,spawn,2.5.3,algo_iter,algo_edit_distance,973,107,0.3,ms,normal,252,127,8,8,2,16,0,0,0.00023975396840204854,0.9931818912190735,0.23459758673121078,0.01632923498207353,1.0292225819309477,13.2,0.0302293999993708,0.00043969998660031706,0.33566789999895263,0.055234900006325915,0.058325699996203184,0.016416600003140047,0.055235;0.055276;0.055012,0.058073;0.058865;0.058326,0.016068;0.016507;0.016417,,multiprocessing,2026-10-03T20:25:02+00:00
M0-00289,M0,local,Windows,11,AMD64,AMD Ryzen 3 5300U with Radeon Graphics,amd,8,4,2600,20.8,3.14.6,CPython,1,spawn,2.5.3,big_payload,big_checksum_head,425,1217801,0.8,ms,big,164,1217823.6,8,16,1,1,0,0,1.5943902814420075e-05,1.0,0.4916725072124337,55.04517996591554,0.42175437869579885,0.8,0.02032590000453638,0.018071099992084783,0.40976840000075754,0.0017761999988579191,0.0028496999948401935,0.3621684000027017,0.002034;0.001776;0.001725,0.002829;0.003227;0.002850,0.362168,,sequential,2026-10-03T20:25:04+00:00
M0-00290,M0,local,Windows,11,AMD64,AMD Ryzen 3 5300U with Radeon Graphics,amd,8,4,2600,20.8,3.14.6,CPython,1,spawn,2.5.3,io,io_sleep_return_payload,2245,13954,0.3,seconds,normal,85,13977,8,8,0,1,1,0,0.002829444444311472,0.02468017550506393,0.114393712439529,0.004250932591902824,2.0942836484325245,1.5,0.07618499999807682,0.0006934999983059242,0.33566789999895263,0.23392759999842383,0.031452299997908995,0.032552999997278675,0.233928,0.031103;0.031452;0.031810,0.032520;0.032871;0.032553,,threading,2026-10-03T20:25:05+00:00
M0-00291,M0,local,Windows,11,AMD64,AMD Ryzen 3 5300U with Radeon Graphics,amd,8,4,2600,20.8,3.14.6,CPython,1,spawn,2.5.3,big_payload,big_count_byte,9,1491636,0.8,seconds,big,134,1491658,8,8,0,1,0,0,0.00077907575729169,1.0,0.02993727640044675,1.0773085828811733,0.8987598371559188,10.0,0.07157349999761209,0.017307300011452753,0.33566789999895263,0.10571239999990212,0.11124700000073062,0.4393474999960745,0.104800;0.105712;0.105866,0.111247;0.107235;0.111720,0.424940;0.449648;0.439347,,sequential,2026-10-03T20:25:08+00:00
M0-00292,M0,local,Windows,11,AMD64,AMD Ryzen 3 5300U with Radeon Graphics,amd,8,4,2600,20.8,3.14.6,CPython,1,spawn,2.5.3,numpy,np_sort,5521,128,0.0,ms,normal,408,148,8,16,0,3,0,1,0.00017377745005468765,0.9947649539878037,0.25371421848148673,0.020658604935579927,1.5303477983997258,3.1,0.029803800003719516,0.0005264000938041136,0.40976840000075754,0.06836110000585904,0.04972180000186199,0.02258830000209855,0.069842;0.067553;0.068361,0.044225;0.050198;0.049722,0.020014;0.022588;0.023435,,multiprocessing,2026-10-03T20:25:09+00:00
M0-00293,M0,local,Windows,11,AMD64,AMD Ryzen 3 5300U with Radeon Graphics,amd,8,4,2600,20.8,3.14.6,CPython,1,spawn,2.5.3,text,text_regex_findall,35,1985,0.0,seconds,normal,117,2007,8,16,1,1,0,0,0.005304780000733445,1.0,0.03962493270783483,0.0010122947363170683,0.9313188011393451,3.9,0.10974770000029821,0.00029329999233596027,0.40976840000075754,0.6232827999992878,0.6435780000028899,0.09012549999897601,0.623283,0.643578,0.090125;0.089138;0.092834,,multiprocessing,2026-10-03T20:25:11+00:00
M0-00294,M0,local,Windows,11,AMD64,AMD Ryzen 3 5300U with Radeon Graphics,amd,8,4,2600,20.8,3.14.6,CPython,1,spawn,2.5.3,gil_release,gil_sha256,931,30599,0.0,seconds,normal,31,30622,8,16,1,1,0,1,0.017172533334814943,0.9988063559120021,0.007774799458691477,0.0009414259495951531,1.3651165827279874,4.2,0.08941310000227531,0.000298099999781698,0.40976840000075754,0.5301258000035887,0.2650781999982428,0.07826980000390904,0.530126,0.256766;0.265078;0.271640,0.075434;0.079308;0.078270,,multiprocessing,2026-10-03T20:25:13+00:00
M0-00295,M0,local,Windows,11,AMD64,AMD Ryzen 3 5300U with Radeon Graphics,amd,8,4,2600,20.8,3.14.6,CPython,1,spawn,2.5.3,cpu,cpu_sum_squares,15955,164,0.0,seconds,normal,4937,184,8,2,1,2,0,0,0.0008170258068627934,0.9987788891049764,0.031217729935659057,0.005085518661593633,1.0034809452505529,7.2,0.10168209999392275,0.0005196999700274318,0.21115179999469547,3.9700364000018453,4.077563099999679,2.055820900000981,3.981311;3.970036;3.967105,4.194656;4.072353;4.077563,2.055821;2.256850;1.999241,,multiprocessing,2026-10-03T20:25:45+00:00
M0-00296,M0,local,Windows,11,AMD64,AMD Ryzen 3 5300U with Radeon Graphics,amd,8,4,2600,20.8,3.14.6,CPython,1,spawn,2.5.3,cpu,cpu_matmul_lists,38,52,0.8,ms,normal,8,71,8,16,3,5,0,0,0.009523833335454887,0.9984504504704339,0.6550469071354466,0.001035997403976828,1.1497021028735088,2.0,0.05038060000515543,0.0002494000000297092,0.40976840000075754,0.05014339999615913,0.05082340000080876,0.01897810000082245,0.049890;0.050143;0.050936,0.051133;0.050656;0.050823,0.018548;0.019026;0.018978,,multiprocessing,2026-10-03T20:25:46+00:00
M0-00297,M0,local,Windows,11,AMD64,AMD Ryzen 3 5300U with Radeon Graphics,amd,8,4,2600,20.8,3.14.6,CPython,1,spawn,2.5.3,big_result,result_long_string,1311,993,0.3,seconds,normal,3181,1016,8,16,1,1,0,0,0.0004125368855578718,0.9994707713323214,0.21839912840164835,0.03405756247868825,0.9356700993852213,3.8,0.10486800000217045,0.0008154999595717527,0.40976840000075754,1.315473299997393,1.353057300002547,0.5077728999967803,1.327450;1.315044;1.315473,1.360073;1.353057;1.344246,0.524006;0.506235;0.507773,,multiprocessing,2026-10-03T20:25:56+00:00
M0-00298,M0,local,Windows,11,AMD64,AMD Ryzen 3 5300U with Radeon Graphics,amd,8,4,2600,20.8,3.14.6,CPython,1,spawn,2.5.3,cpu,cpu_count_primes,3739,831,0.8,ms,normal,8,854,8,8,2,4,0,0,0.0030917000015809513,0.9929896475911876,0.3875201957759378,0.0035686936085142632,1.6246209320572205,17.3,0.014657300001999829,0.00023749999672872946,0.33566789999895263,0.01874110000062501,0.02111049999803072,0.007851900001696777,0.017583;0.018741;0.018902,0.021110;0.020133;0.021481,0.007852;0.008812;0.006961,,multiprocessing,2026-10-03T20:25:56+00:00
M0-00299,M0,local,Windows,11,AMD64,AMD Ryzen 3 5300U with Radeon Graphics,amd,8,4,2600,20.8,3.14.6,CPython,1,spawn,2.5.3,gil_release,gil_sha256,33,4781,0.8,ms,normal,126,4803,8,8,1,1,0,1,0.00013257096772224854,1.0,0.38548963276720477,0.03428352470501685,1.2604441065136494,18.1,0.007778599996527191,0.0003457999919191934,0.33566789999895263,0.01592969999910565,0.02429870000196388,0.005390099999203812,0.015653;0.016173;0.015930,0.024782;0.024299;0.023753,0.007258;0.005390;0.005067,,multiprocessing,2026-10-03T20:25:57+00:00
M0-00300,M0,local,Windows,11,AMD64,AMD Ryzen 3 5300U with Radeon Graphics,amd,8,4,2600,20.8,3.14.6,CPython,1,spawn,2.5.3,cpu,cpu_count_primes,1688,148109,0.3,ms,big,108,148132,8,2,2,4,0,0,0.000682514815707691,0.9982069649142904,0.23794234535400843,0.03985261489894868,0.9652521975074263,4.7,0.03820790000463603,0.0008557999753975309,0.21115179999469547,0.07220349999988684,0.07310950000101002,0.04820839999592863,0.072203;0.073113;0.071603,0.071191;0.073110;0.073165,0.051846;0.047705;0.048208,,multiprocessing,2026-10-03T20:25:58+00:00
M0-00301,M0,local,Windows,11,AMD64,AMD Ryzen 3 5300U with Radeon Graphics,amd,8,4,2600,20.8,3.14.6,CPython,1,spawn,2.5.3,gil_release,gil_zlib,12,9952,0.3,seconds,normal,580,9974,8,8,1,1,0,1,0.00228895652221779,0.9920063128093244,0.15853712452372884,0.003346503109607543,1.9058246418405662,5.4,0.0809229999940726,0.0005404999828897417,0.33566789999895263,1.3419333000056213,0.3016301999959978,0.25984340000286466,1.341933,0.301630;0.300221;0.315592,0.244250;0.259843;0.315022,,multiprocessing,2026-10-03T20:26:02+00:00
M0-00302,M0,local,Windows,11,AMD64,AMD Ryzen 3 5300U with Radeon Graphics,amd,8,4,2600,20.8,3.14.6,CPython,1,spawn,2.5.3,gil_release,gil_zlib,2,13200,0.8,seconds,normal,3672,13222,8,8,1,1,0,1,0.0005494307692720463,0.9989700971705233,0.4410572046079377,0.012940665079216368,1.8836962619441824,20.5,0.07743289999780245,0.00067299999500392,0.33566789999895263,1.9720143000013195,0.3552283000026364,0.4043709999968996,1.972014,0.352019;0.355228;0.359406,0.424518;0.391981;0.404371,,threading,2026-10-03T20:26:07+00:00
M0-00303,M0,local,Windows,11,AMD64,AMD Ryzen 3 5300U with Radeon Graphics,amd,8,4,2600,20.8,3.14.6,CPython,1,spawn,2.5.3,algo_rec,algo_flood_fill,27,1871,0.0,seconds,normal,366,1893,8,8,3,10,0,0,0.011568200000328942,0.9964266410980487,0.1330801995934258,0.0006466001801255445,0.8813253799000869,2.8,0.12410989999625599,0.00026679999427869916,0.33566789999895263,4.136720200003765,4.2615614000023925,0.998818799998844,4.136720;4.181568;4.119167,4.261561;4.334624;4.213231,0.998819;1.006049;0.997996,,multiprocessing,2026-10-03T20:26:36+00:00
M0-00304,M0,local,Windows,11,AMD64,AMD Ryzen 3 5300U with Radeon Graphics,amd,8,4,2600,20.8,3.14.6,CPython,1,spawn,2.5.3,numpy,np_sort,198422,2093,0.3,ms,normal,8,2118,8,2,0,3,0,1,0.006466300001193304,0.9994250224353395,0.12567084770705905,0.0019021699416774361,1.191622929440814,0.8,0.034868499998992775,0.0002854999911505729,0.21115179999469547,0.055700599994452205,0.03347789999679662,0.031630800003767945,0.055370;0.055701;0.056245,0.032480;0.033873;0.033478,0.031631;0.046225;0.031011,,multiprocessing,2026-10-03T20:26:37+00:00
M0-00305,M0,local,Windows,11,AMD64,AMD Ryzen 3 5300U with Radeon Graphics,amd,8,4,2600,20.8,3.14.6,CPython,1,spawn,2.5.3,algo_rec,algo_lcs_memo,2,36,0.8,ms,normal,8,55,8,4,1,10,0,0,0.008471300000868117,0.999153139235716,0.2167032043676419,0.0011214337825902214,1.521091199091443,1.9,0.04071239999757381,0.00026309999520890415,0.2453587999989395,0.05017470000166213,0.05303080000157934,0.017457800000556745,0.049551;0.050740;0.050175,0.051955;0.053839;0.053031,0.017458;0.017328;0.020742,,multiprocessing,2026-10-03T20:26:38+00:00
M0-00306,M0,local,Windows,11,AMD64,AMD Ryzen 3 5300U with Radeon Graphics,amd,8,4,2600,20.8,3.14.6,CPython,1,spawn,2.5.3,gil_release,gil_zlib,9,37922,0.8,ms,normal,8,37944,8,16,1,1,0,1,0.008751800000027288,0.9983012378906813,0.19474347616865248,0.0029708170519496062,1.4472008604673947,2.8,0.04479680000076769,0.0003206000037607737,0.40976840000075754,0.0804162999993423,0.015885000000707805,0.02200029999949038,0.080416,0.015897;0.015885;0.015631,0.017300;0.022000;0.035348,,threading,2026-10-03T20:26:38+00:00
M0-00307,M0,local,Windows,11,AMD64,AMD Ryzen 3 5300U with Radeon Graphics,amd,8,4,2600,20.8,3.14.6,CPython,1,spawn,2.5.3,numpy,np_elementwise,7079,390,0.3,seconds,normal,3381,413,8,2,0,4,0,0,0.00019502578089714007,0.9996365748294213,0.16853823183082867,0.01979225281273977,1.6851610897642324,7.0,0.08047829999850364,0.0008027000876609236,0.21115179999469547,0.6466847999981837,0.37650240000220947,0.3146441999997478,0.646685;0.646548;0.653028,0.378352;0.376502;0.372767,0.312398;0.314644;0.316990,,multiprocessing,2026-10-03T20:26:43+00:00
M0-00308,M0,local,Windows,11,AMD64,AMD Ryzen 3 5300U with Radeon Graphics,amd,8,4,2600,20.8,3.14.6,CPython,1,spawn,2.5.3,big_payload,big_upper_copy,3,124839,0.8,seconds,big,1602,124861,8,4,0,0,0,0,0.00010490150012628873,0.9990477223409181,0.09113250978151041,0.4606702523448676,0.9527751332481332,16.4,0.08830280000256607,0.0021050999566796236,0.2453587999989395,0.17797260000224924,0.1831097999966005,0.9860614999997779,0.185458;0.177973;0.175540,0.185131;0.183110;0.182098,0.986061,,sequential,2026-10-03T20:26:46+00:00
M0-00309,M0,local,Windows,11,AMD64,AMD Ryzen 3 5300U with Radeon Graphics,amd,8,4,2600,20.8,3.14.6,CPython,1,spawn,2.5.3,big_result,result_matrix_lists,42,380228,0.0,seconds,big,526,380250,8,16,2,5,0,0,0.00021270687012259586,0.9993906847808786,0.24642127365415237,0.594809179809746,0.8672055924341353,4.9,0.06314689999999246,0.00310840000747703,0.40976840000075754,0.1117182000016328,0.12032599999656668,0.4709906999996747,0.111718;0.112823;0.110907,0.121400;0.120326;0.117670,0.471469;0.467226;0.470991,,sequential,2026-10-03T20:26:50+00:00
M0-00310,M0,local,Windows,11,AMD64,AMD Ryzen 3 5300U with Radeon Graphics,amd,8,4,2600,20.8,3.14.6,CPython,1,spawn,2.5.3,cpu,cpu_matmul_lists,9,391,0.0,ms,normal,1351,413,8,8,3,5,0,0,6.108456986900336e-05,1.0,0.08373282336955175,0.06433707047046335,0.9114736427000228,3.1,0.04420100000425009,0.0008084999572020024,0.33566789999895263,0.0821697999999742,0.08672929999738699,0.02482630000304198,0.082314;0.082170;0.081392,0.083672;0.086729;0.087301,0.025528;0.024578;0.024826,,multiprocessing,2026-10-03T20:26:51+00:00
M0-00311,M0,local,Windows,11,AMD64,AMD Ryzen 3 5300U with Radeon Graphics,amd,8,4,2600,20.8,3.14.6,CPython,1,spawn,2.5.3,text,text_regex_findall,33,1160,0.8,seconds,normal,58,1182,8,4,1,1,0,0,0.0031565999982246596,0.9977513969548621,0.4467654623333855,0.0013192313638620713,1.0867505091126646,1.2,0.083831600000849,0.0003217000266886316,0.2453587999989395,0.16308459999709157,0.16777860000001965,0.03384109999751672,0.163085,0.167779,0.027736;0.034236;0.033841,,multiprocessing,2026-10-03T20:26:52+00:00
M0-00312,M0,local,Windows,11,AMD64,AMD Ryzen 3 5300U with Radeon Graphics,amd,8,4,2600,20.8,3.14.6,CPython,1,spawn,2.5.3,gil_release,gil_numpy_matmul,47,9149,0.8,ms,normal,1515,9171,8,16,0,2,0,1,3.294656098612077e-05,0.9983083369048991,0.587290958368208,0.18105077224990462,0.8362196274553585,8.6,0.028222799999639392,0.000980999946477823,0.40976840000075754,0.046321900001203176,0.09548009999707574,0.03213120000145864,0.047465;0.045914;0.046322,0.095480;0.100606;0.094782,0.034382;0.032131;0.031431,,multiprocessing,2026-10-03T20:26:53+00:00
M0-00313,M0,local,Windows,11,AMD64,AMD Ryzen 3 5300U with Radeon Graphics,amd,8,4,2600,20.8,3.14.6,CPython,1,spawn,2.5.3,text,text_format_report,1175,177290,0.0,ms,big,8,177313,8,4,1,2,0,0,0.0017216666625851456,0.9919794199924287,0.1615659660059778,0.042458858506097305,0.7728032821847024,2.7,0.011564000000362284,0.00042070001654792577,0.2453587999989395,0.012458900004276074,0.014559700000972953,0.005116100001032464,0.012222;0.012459;0.012511,0.014415;0.014634;0.014560,0.005116;0.005440;0.004803,,multiprocessing,2026-10-03T20:26:53+00:00
M0-00314,M0,local,Windows,11,AMD64,AMD Ryzen 3 5300U with Radeon Graphics,amd,8,4,2600,20.8,3.14.6,CPython,1,spawn,2.5.3,tiny,tiny_len,1,26,0.3,ms,normal,58285,45,8,4,0,0,0,0,1.8869997438741847e-07,1.0,0.41363629516976375,17.435088096358214,0.35772283918082864,2.3,0.005124400006025098,0.002886800059059169,0.2453587999989395,0.004129000000830274,0.007995300002221484,0.022464100002252962,0.004084;0.004129;0.004183,0.008592;0.007362;0.007995,0.022464,,sequential,2026-10-03T20:26:54+00:00
M0-00315,M0,local,Windows,11,AMD64,AMD Ryzen 3 5300U with Radeon Graphics,amd,8,4,2600,20.8,3.14.6,CPython,1,spawn,2.5.3,numpy,np_sort,271823,1259,0.8,seconds,normal,23,1284,8,4,0,3,0,1,0.00760217999923043,0.9945069108722169,0.3420215206777267,0.0010365446339025768,0.8639385922987578,0.4,0.0794060000043828,0.0002992000081576407,0.2453587999989395,0.2166088000012678,0.077878399999463,0.07990430000063498,0.212856;0.236186;0.216609,0.079410;0.076799;0.077878,0.079904;0.078506;0.107327,,threading,2026-10-03T20:26:56+00:00
M0-00316,M0,local,Windows,11,AMD64,AMD Ryzen 3 5300U with Radeon Graphics,amd,8,4,2600,20.8,3.14.6,CPython,1,spawn,2.5.3,io,io_sleep,1062,39,0.8,seconds,normal,573,59,8,2,0,1,1,0,0.0015610468751674489,0.023371219545341694,0.34470034515498726,0.003049235236510126,1.7296019357478514,3.1,0.0792996999953175,0.0006096999932196923,0.21115179999469547,0.866647800001374,0.4337627999993856,0.4381312000041362,0.866648;0.865900;0.872981,0.439478;0.423889;0.433763,0.442936;0.438131;0.427923,,threading,2026-10-03T20:27:02+00:00
M0-00317,M0,local,Windows,11,AMD64,AMD Ryzen 3 5300U with Radeon Graphics,amd,8,4,2600,20.8,3.14.6,CPython,1,spawn,2.5.3,gil_release,gil_numpy_matmul,66,3147,0.3,ms,normal,4815,3169,8,8,0,2,0,1,3.4238570110676136e-05,0.9995260863972967,0.37407247393890686,0.11522092865443968,1.1451435935584537,0.0,0.07980580000003101,0.0023615001555299386,0.33566789999895263,0.16248440000345,0.2796020000023418,0.052714699995703995,0.161906;0.163371;0.162484,0.279602,0.050597;0.052907;0.052715,,multiprocessing,2026-10-03T20:27:03+00:00
M0-00318,M0,local,Windows,11,AMD64,AMD Ryzen 3 5300U with Radeon Graphics,amd,8,4,2600,20.8,3.14.6,CPython,1,spawn,2.5.3,db,db_file_commit,3,250,0.8,ms,normal,8,269,8,4,1,0,1,0,0.012147800000093412,0.5025413152904462,0.3147067321631751,0.0009549054986534618,0.509683540312603,4.7,0.09240149999823188,0.0002845999915734865,0.2453587999989395,0.1300199999968754,0.07059379999554949,0.07467829999950482,0.130020;0.132911;0.123503,0.073643;0.070594;0.068341,0.074678;0.083229;0.071463,,threading,2026-10-03T20:27:05+00:00
M0-00319,M0,local,Windows,11,AMD64,AMD Ryzen 3 5300U with Radeon Graphics,amd,8,4,2600,20.8,3.14.6,CPython,1,spawn,2.5.3,mixed,mixed_hash_then_write,15303,2823,0.3,seconds,normal,959,2846,8,2,1,3,1,0,0.0006719799997517839,0.9994566080971404,0.1008639116220831,0.006912407688986526,1.0546450300400734,22.0,0.09869480000634212,0.0006839000270701945,0.21115179999469547,0.6727537999977358,0.5433484000022872,0.4635497999988729,0.674501;0.672754;0.670254,0.531783;0.543348;0.571021,0.468282;0.453932;0.463550,,multiprocessing,2026-10-03T20:27:10+00:00
M0-00320,M0,local,Windows,11,AMD64,AMD Ryzen 3 5300U with Radeon Graphics,amd,8,4,2600,20.8,3.14.6,CPython,1,spawn,2.5.3,db,db_file_lookup,287,217532,0.0,ms,big,8,217555,8,16,1,5,1,0,0.013527133332293792,0.9992492940786449,0.004624476740058528,0.0057267612013509476,0.706746856568663,15.8,0.09838529999979073,0.0004512000014074147,0.40976840000075754,0.10904699999809964,0.38322879999759607,0.1735971999951289,0.109047;0.111564;0.108047,0.384659;0.383229;0.134978,0.178122;0.173597;0.132604,,sequential,2026-10-03T20:27:13+00:00
M0-00321,M0,local,Windows,11,AMD64,AMD Ryzen 3 5300U with Radeon Graphics,amd,8,4,2600,20.8,3.14.6,CPython,1,spawn,2.5.3,gil_release,gil_sha256,608,19078,0.3,ms,normal,8,19101,8,2,1,1,0,1,0.007324333334205828,0.9987347921974989,0.11762261965065601,0.0033131567868615536,1.2289984922626467,19.1,0.038802700000815094,0.00031090000265976414,0.21115179999469547,0.056622199997946154,0.03150489999825368,0.031174399999144953,0.056674;0.056411;0.056622,0.032771;0.031505;0.031293,0.031513;0.030931;0.031174,,multiprocessing,2026-10-03T20:27:14+00:00
M0-00322,M0,local,Windows,11,AMD64,AMD Ryzen 3 5300U with Radeon Graphics,amd,8,4,2600,20.8,3.14.6,CPython,1,spawn,2.5.3,algo_rec,algo_lcs_memo,2,968236,0.3,ms,big,8,968258,8,8,1,10,0,0,0.017529933335026726,0.9975368846601202,0.21969144897126214,0.028303967929894095,1.067187946410091,14.5,0.10742200000095181,0.0018660999921848997,0.33566789999895263,0.13415309999982128,0.13902889999735635,0.06012929999997141,0.132219;0.158176;0.134153,0.139029;0.137750;0.164097,0.054343;0.060129;0.069940,,multiprocessing,2026-10-03T20:27:15+00:00
M0-00323,M0,local,Windows,11,AMD64,AMD Ryzen 3 5300U with Radeon Graphics,amd,8,4,2600,20.8,3.14.6,CPython,1,spawn,2.5.3,algo_iter,algo_dijkstra,3037,29,0.8,ms,normal,10,49,8,2,2,15,0,0,0.0096825333336407,0.9945122692203276,0.19311010116501243,0.0010465577663225929,1.4332426377580716,14.8,0.04916739999316633,0.0002696999945328571,0.21115179999469547,0.0713876000008895,0.07234849999804283,0.04077629999665078,0.071388;0.070857;0.072945,0.072348;0.073509;0.070364,0.132280;0.040766;0.040776,,multiprocessing,2026-10-03T20:27:17+00:00
M0-00324,M0,local,Windows,11,AMD64,AMD Ryzen 3 5300U with Radeon Graphics,amd,8,4,2600,20.8,3.14.6,CPython,1,spawn,2.5.3,gil_release,gil_sha256,64,18260,0.8,ms,normal,84,18282,8,2,1,1,0,1,0.0007167952384666673,1.0,0.5025195115066803,0.008196203474759191,1.4638923336138996,14.1,0.025916999999026302,0.00037739999243058264,0.21115179999469547,0.06372510000073817,0.03477269999712007,0.03460630000336096,0.063829;0.063725;0.063163,0.034434;0.035146;0.034773,0.035502;0.034606;0.033854,,multiprocessing,2026-10-03T20:27:17+00:00
M0-00325,M0,local,Windows,11,AMD64,AMD Ryzen 3 5300U with Radeon Graphics,amd,8,4,2600,20.8,3.14.6,CPython,1,spawn,2.5.3,recursive,rec_tree_sum,1185,33,0.8,ms,normal,11,53,8,4,0,4,0,0,0.000554300003083578,1.0,0.15663483999048375,0.019904987956603476,0.4567015060413303,17.7,0.005468999996082857,0.0002544999879319221,0.2453587999989395,0.005713300000934396,0.006756499999028165,0.0034329999980400316,0.005780;0.005713;0.005649,0.006561;0.006756;0.006922,0.003407;0.003475;0.003433,,multiprocessing,2026-10-03T20:27:18+00:00
M0-00326,M0,local,Windows,11,AMD64,AMD Ryzen 3 5300U with Radeon Graphics,amd,8,4,2600,20.8,3.14.6,CPython,1,spawn,2.5.3,db,db_mem_group_by,474,131,0.8,seconds,normal,397,150.8,8,8,1,2,1,0,0.0006707853332045488,0.9993101997279037,0.3932263817590807,0.005046324273426218,1.404527304147436,15.3,0.08648769999854267,0.0004851000048802234,0.33566789999895263,0.2610279000000446,0.6453517999980249,0.06543979999696603,0.257308;0.261331;0.261028,0.645352,0.063151;0.065440;0.070147,,multiprocessing,2026-10-03T20:27:20+00:00
M0-00327,M0,local,Windows,11,AMD64,AMD Ryzen 3 5300U with Radeon Graphics,amd,8,4,2600,20.8,3.14.6,CPython,1,spawn,2.5.3,cpu,cpu_collatz,1886,1778,0.0,ms,normal,8,1801,8,8,2,5,0,0,0.010369166666350793,1.0,0.004655050239061724,0.0012312141227035478,0.9364154536252586,14.8,0.06536179999966407,0.000988400002825074,0.33566789999895263,0.08359550000022864,0.08681950000027427,0.029507200000807643,0.082713;0.083596;0.084291,0.086805;0.088462;0.086820,0.030518;0.029507;0.025658,,multiprocessing,2026-10-03T20:27:21+00:00
M0-00328,M0,local,Windows,11,AMD64,AMD Ryzen 3 5300U with Radeon Graphics,amd,8,4,2600,20.8,3.14.6,CPython,1,spawn,2.5.3,io,io_sleep,2155,882,0.0,ms,normal,70,905,8,8,0,1,1,0,0.0025024235296501394,0.009680703364087094,0.0032400541850707834,0.002273090590782076,1.801013283934496,17.3,0.06673719999525929,0.00046529999235644937,0.33566789999895263,0.17643450000468874,0.023542000002635177,0.02428959999815561,0.176435,0.023507;0.023725;0.023542,0.024141;0.024315;0.024290,,threading,2026-10-03T20:27:22+00:00
M0-00329,M0,local,Windows,11,AMD64,AMD Ryzen 3 5300U with Radeon Graphics,amd,8,4,2600,20.8,3.14.6,CPython,1,spawn,2.5.3,io,io_file_roundtrip,5,331,0.0,ms,normal,8,353,8,2,1,0,1,0,0.023044633334696602,0.2472366240021774,0.012455045916961222,0.0006335533417047711,1.2786082556179545,14.3,0.12348979999660514,0.0003054999906453304,0.21115179999469547,0.13520669999707025,0.08462080000026617,0.08399620000272989,0.157258;0.135207;0.130788,0.090701;0.084414;0.084621,0.083996;0.081353;0.085822,,multiprocessing,2026-10-03T20:27:24+00:00
M0-00330,M0,local,Windows,11,AMD64,AMD Ryzen 3 5300U with Radeon Graphics,amd,8,4,2600,20.8,3.14.6,CPython,1,spawn,2.5.3,gil_release,gil_numpy_matmul,558,1608,0.0,seconds,normal,238,1631,8,8,0,2,0,1,0.00913846666783987,0.9975565730629105,0.020163882531567125,0.0009666100692252466,1.6094870088566924,17.7,0.08903270000155317,0.0003347999954712577,0.33566789999895263,2.1638447000004817,1.0597256000037305,0.9263559999963036,2.163845;2.211563;2.066958,1.046206;1.059726;1.064191,0.931763;0.926356;0.890457,,multiprocessing,2026-10-03T20:27:37+00:00
M0-00331,M0,local,Windows,11,AMD64,AMD Ryzen 3 5300U with Radeon Graphics,amd,8,4,2600,20.8,3.14.6,CPython,1,spawn,2.5.3,cpu,cpu_count_primes,14091,937,0.8,seconds,normal,12,960,8,8,2,4,0,0,0.013380900001114545,0.9983665797950355,0.651151626819743,0.001327763346022771,1.1441369974385813,2.0,0.06292509999912,0.0003273999973316677,0.33566789999895263,0.17422679999435786,0.17518589999963297,0.06157320000056643,0.171171;0.174227;0.175549,0.176800;0.175186;0.173827,0.065581;0.061573;0.060773,,multiprocessing,2026-10-03T20:27:39+00:00
M0-00332,M0,local,Windows,11,AMD64,AMD Ryzen 3 5300U with Radeon Graphics,amd,8,4,2600,20.8,3.14.6,CPython,1,spawn,2.5.3,db,db_mem_group_by,2787,243075,0.8,seconds,big,822,243098,8,16,1,2,1,0,0.0039051538456428368,0.9988248693208187,0.4350353753306561,0.010873204990822213,1.5815810074716257,0.8,0.08248040000034962,0.0008505000078002922,0.40976840000075754,2.6812992000050144,4.832595499989111,0.7665190999978222,2.681299,4.832595,0.766519,threading,multiprocessing,2026-10-03T20:27:48+00:00
M0-00333,M0,local,Windows,11,AMD64,AMD Ryzen 3 5300U with Radeon Graphics,amd,8,4,2600,20.8,3.14.6,CPython,1,spawn,2.5.3,tiny,tiny_small_loop,4,83,0.3,ms,normal,37819,102,8,16,0,0,0,0,2.785499964375049e-07,1.0,0.35493822775968864,16.621787594799027,0.37488264047101627,4.3,0.02682199999981094,0.02393990000564372,0.47380539999721805,0.011013299998012371,0.01624489999812795,0.02611760000581853,0.011013;0.010804;0.011020,0.017495;0.015707;0.016245,0.026719;0.025391;0.026118,,sequential,2026-10-03T20:27:50+00:00
M0-00334,M0,local,Windows,11,AMD64,AMD Ryzen 3 5300U with Radeon Graphics,amd,8,4,2600,20.8,3.14.6,CPython,1,spawn,2.5.3,db,db_file_commit,2,3740,0.3,seconds,normal,340,3762,8,8,1,0,1,0,0.009161799999371093,0.45419906107233854,0.2346255497830693,0.0008950202968619694,1.5069536255466698,21.7,0.09147780000057537,0.0013030999980401248,0.32305730000371113,3.237689400004456,1.4623540000029607,1.463475100004871,3.237689;3.250790;2.933090,1.493253;1.462354;1.432376,1.573541;1.463475;1.350791,,threading,2026-10-03T20:28:09+00:00
M0-00335,M0,local,Windows,11,AMD64,AMD Ryzen 3 5300U with Radeon Graphics,amd,8,4,2600,20.8,3.14.6,CPython,1,spawn,2.5.3,big_payload,big_count_byte,28,650540,0.8,ms,big,307,650562,8,4,0,1,0,0,0.0003418355258633566,1.0,0.06757107106150301,0.22488885501069114,0.9374663640168961,0.8,0.056123499998648185,0.002491900035238359,0.24794249999831663,0.10734080000111135,0.10912829999870155,0.47513180000532884,0.108522;0.107061;0.107341,0.107614;0.110838;0.109128,0.464736;0.475132;0.491631,,sequential,2026-10-03T20:28:13+00:00
M0-00336,M0,local,Windows,11,AMD64,AMD Ryzen 3 5300U with Radeon Graphics,amd,8,4,2600,20.8,3.14.6,CPython,1,spawn,2.5.3,big_result,result_records,187,188498,0.8,seconds,big,1061,188520.15,8,16,1,2,0,0,8.916377366129485e-05,0.9998339967096189,2.312064842080345,2.1933234916566495,0.9989142552593608,5.6,0.052905000004102476,0.005498299986356869,0.47380539999721805,0.11502440000185743,0.11857659999805037,0.4946176000012201,0.123997;0.115024;0.094715,0.118577;0.129144;0.116237,0.489251;0.494618;0.524737,,sequential,2026-10-03T20:28:16+00:00
M0-00337,M0,local,Windows,11,AMD64,AMD Ryzen 3 5300U with Radeon Graphics,amd,8,4,2600,20.8,3.14.6,CPython,1,spawn,2.5.3,big_payload,big_upper_copy,2,1029319,0.3,seconds,big,194,1029341,8,8,0,0,0,0,0.0007799000004524714,0.9986488257475694,0.10225417662930306,1.1192716988470883,0.984240461489687,3.1,0.09421060000022408,0.018661699978110846,0.32305730000371113,0.1595995000025141,0.1657240000058664,0.7176572999960626,0.160150;0.159600;0.154944,0.166007;0.165724;0.164341,0.722316;0.708353;0.717657,,sequential,2026-10-03T20:28:20+00:00
M0-00338,M0,local,Windows,11,AMD64,AMD Ryzen 3 5300U with Radeon Graphics,amd,8,4,2600,20.8,3.14.6,CPython,1,spawn,2.5.3,db,db_file_commit,2,2601,0.3,ms,normal,8,2623,8,4,1,0,1,0,0.011255000000043461,0.4416662323804621,0.14137035841392676,0.0011283873559527829,1.5231096932219528,1.9,0.058417300002474803,0.0002882000044337474,0.24794249999831663,0.0689762999973027,0.03339449999475619,0.0334906000061892,0.068976;0.062988;0.070070,0.040038;0.031881;0.033394,0.044438;0.033491;0.031380,,threading,2026-10-03T20:28:21+00:00
M0-00339,M0,local,Windows,11,AMD64,AMD Ryzen 3 5300U with Radeon Graphics,amd,8,4,2600,20.8,3.14.6,CPython,1,spawn,2.5.3,algo_rec,algo_flood_fill,1,507885,0.3,ms,big,40,507907,8,2,3,10,0,0,0.0004261200003384147,1.0,0.5807706036113776,0.17581901637020286,0.7017678166397368,2.4,0.013364200000069104,0.0024951999948825687,0.21637230000487762,0.020032799999171402,0.01997799999662675,0.04035190000286093,0.019925;0.020033;0.020340,0.019539;0.020565;0.019978,0.040352;0.040699;0.038556,,threading,2026-10-03T20:28:22+00:00
M0-00340,M0,local,Windows,11,AMD64,AMD Ryzen 3 5300U with Radeon Graphics,amd,8,4,2600,20.8,3.14.6,CPython,1,spawn,2.5.3,algo_rec,algo_merge_sort,774,71,0.3,ms,normal,15,91,8,8,1,10,0,0,0.0016490666651710246,1.0,0.27022860811394295,0.029835060400140313,0.7341457975822091,7.6,0.012599800000316463,0.001753399999870453,0.32305730000371113,0.024381900002481416,0.026722599999629892,0.008429800000158139,0.023954;0.024382;0.024531,0.027120;0.026723;0.025963,0.008134;0.008430;0.009103,,multiprocessing,2026-10-03T20:28:23+00:00
M0-00341,M0,local,Windows,11,AMD64,AMD Ryzen 3 5300U with Radeon Graphics,amd,8,4,2600,20.8,3.14.6,CPython,1,spawn,2.5.3,big_result,result_long_string,1529,1347,0.3,ms,normal,45,1370,8,8,1,1,0,0,0.0004992909082581966,1.0,0.15656158222280797,0.11330614510845213,0.7716815646717011,17.8,0.014145100001769606,0.001525100007711444,0.32305730000371113,0.02194739999686135,0.02430129999993369,0.011208100004296284,0.021947;0.023252;0.021720,0.025554;0.024258;0.024301,0.011440;0.010472;0.011208,,multiprocessing,2026-10-03T20:28:24+00:00
M0-00342,M0,local,Windows,11,AMD64,AMD Ryzen 3 5300U with Radeon Graphics,amd,8,4,2600,20.8,3.14.6,CPython,1,spawn,2.5.3,recursive,rec_fib,96720,820,0.8,ms,normal,8,845,8,2,0,4,0,0,0.009539999996680612,1.0,0.01236192034770898,0.0012473792929226268,0.8892578888325101,13.7,0.06163070000184234,0.0008319000116898678,0.21637230000487762,0.08564550000301097,0.08655169999838108,0.051321099999768194,0.086469;0.084475;0.085646,0.086552;0.086875;0.085930,0.050863;0.051321;0.052008,,multiprocessing,2026-10-03T20:28:25+00:00
M0-00343,M0,local,Windows,11,AMD64,AMD Ryzen 3 5300U with Radeon Graphics,amd,8,4,2600,20.8,3.14.6,CPython,1,spawn,2.5.3,algo_iter,algo_edit_distance,13218,1178,0.8,seconds,normal,71,1201,8,4,2,16,0,0,0.003154529410547933,0.997775416120223,0.37262856138604306,0.001402278662581465,1.1145851574432022,18.2,0.10453460000280757,0.001739100021950435,0.24794249999831663,0.21984389999852283,0.22564340000099037,0.08735470000101486,0.219844;0.222316;0.218389,0.225643;0.222208;0.225875,0.088513;0.087355;0.069152,,multiprocessing,2026-10-03T20:28:27+00:00
M0-00344,M0,local,Windows,11,AMD64,AMD Ryzen 3 5300U with Radeon Graphics,amd,8,4,2600,20.8,3.14.6,CPython,1,spawn,2.5.3,recursive,rec_fib,11080,22,0.3,ms,normal,84,42,8,4,0,4,0,0,0.0012817238090238312,0.9995359894423625,0.23852122797549946,0.00280871695945252,0.8631129709003686,13.7,0.05837790000077803,0.00035260000731796026,0.24794249999831663,0.11586469999747351,0.11701119999634102,0.04336479999619769,0.113617;0.116562;0.115865,0.116802;0.120284;0.117011,0.034409;0.043365;0.053196,,multiprocessing,2026-10-03T20:28:29+00:00
M0-00345,M0,local,Windows,11,AMD64,AMD Ryzen 3 5300U with Radeon Graphics,amd,8,4,2600,20.8,3.14.6,CPython,1,spawn,2.5.3,mixed,mixed_hash_then_write,1653,5404,0.0,ms,normal,428,5427,8,16,1,3,1,0,0.0005617573033407425,0.9980685650982593,0.11779099996852065,0.010751973119871607,1.1710393597711635,16.2,0.09471140000096057,0.0020564000005833805,0.47380539999721805,0.261001099999703,0.16615870000532595,0.1273086000001058,0.261001;0.241666;0.266304,0.166159;0.152933;0.175900,0.127918;0.127309;0.118731,,multiprocessing,2026-10-03T20:28:31+00:00
M0-00346,M0,local,Windows,11,AMD64,AMD Ryzen 3 5300U with Radeon Graphics,amd,8,4,2600,20.8,3.14.6,CPython,1,spawn,2.5.3,gil_release,gil_numpy_matmul,27,9239,0.3,seconds,normal,4337,9261,8,8,0,2,0,1,2.014354241238022e-05,0.992560638345899,0.3062175887963719,0.29264966147522214,0.7563576565278345,16.3,0.053885100001934916,0.002863200024876278,0.32305730000371113,0.08492480000131764,0.2093760999996448,0.09087230000295676,0.087941;0.083623;0.084925,0.213364;0.200811;0.209376,0.299436;0.087190;0.090872,,sequential,2026-10-03T20:28:33+00:00
M0-00347,M0,local,Windows,11,AMD64,AMD Ryzen 3 5300U with Radeon Graphics,amd,8,4,2600,20.8,3.14.6,CPython,1,spawn,2.5.3,io,io_sleep_chunks,668,333807,0.0,ms,big,76,333830,8,2,1,1,1,0,0.002296457895442329,0.036948793727834196,0.0621761165912124,0.02403014257079415,1.966107908753261,14.5,0.06783519999589771,0.0018110999881173484,0.21637230000487762,0.1709164999992936,0.09084940000320785,0.10954779999883613,0.170916;0.170127;0.180832,0.090587;0.090849;0.093679,0.109548;0.107498;0.111960,,threading,2026-10-03T20:28:35+00:00
M0-00348,M0,local,Windows,11,AMD64,AMD Ryzen 3 5300U with Radeon Graphics,amd,8,4,2600,20.8,3.14.6,CPython,1,spawn,2.5.3,cpu,cpu_count_primes,3120,41,0.0,ms,normal,180,61,8,2,2,4,0,0,0.0015058764716634281,1.0,0.04685310018048955,0.0025334082956005063,0.9724705426063159,7.5,0.10507270000380231,0.0011057999727199785,0.21637230000487762,0.26530020000063814,0.2696267999999691,0.13698979999753647,0.265300;0.263483;0.265725,0.269721;0.268307;0.269627,0.136990;0.137283;0.133941,,multiprocessing,2026-10-03T20:28:37+00:00
M0-00349,M0,local,Windows,11,AMD64,AMD Ryzen 3 5300U with Radeon Graphics,amd,8,4,2600,20.8,3.14.6,CPython,1,spawn,2.5.3,db,db_mem_insert_select,953,1401,0.8,ms,normal,12,1424,8,4,1,1,1,0,0.0013194666656393868,1.0,0.09456739979349058,0.006441996195073402,0.7998788103047892,2.0,0.0095422000013059,0.0008288000026368536,0.24794249999831663,0.013538300001528114,0.02023909999843454,0.005852000002050772,0.013759;0.013538;0.013475,0.020239;0.020189;0.020497,0.005189;0.005852;0.005880,,multiprocessing,2026-10-03T20:28:38+00:00
M0-00350,M0,local,Windows,11,AMD64,AMD Ryzen 3 5300U with Radeon Graphics,amd,8,4,2600,20.8,3.14.6,CPython,1,spawn,2.5.3,big_result,result_records,480,74,0.3,ms,normal,189,94,8,2,1,2,0,0,0.00018207021376509416,0.9977307846867116,0.9754497352356759,1.1483756540988972,1.0923559811679069,1.2,0.020873400004347786,0.004534299958322663,0.21637230000487762,0.050079900000127964,0.03880139999819221,0.051548000003094785,0.050080;0.035144;0.052112,0.038801;0.055008;0.037377,0.054235;0.047068;0.051548,,threading,2026-10-03T20:28:39+00:00
M0-00351,M0,local,Windows,11,AMD64,AMD Ryzen 3 5300U with Radeon Graphics,amd,8,4,2600,20.8,3.14.6,CPython,1,spawn,2.5.3,recursive,rec_fib,40,48,0.8,ms,normal,3329,67,8,16,0,4,0,0,5.416706795376041e-06,1.0,0.762083947859576,0.6203029844846998,0.7280022583073342,16.0,0.01269039999897359,0.0016041999406297691,0.47380539999721805,0.016704900001059286,0.018573099994682707,0.007778899998811539,0.016433;0.016705;0.017187,0.018607;0.018417;0.018573,0.007286;0.008161;0.007779,,multiprocessing,2026-10-03T20:28:39+00:00
M0-00352,M0,local,Windows,11,AMD64,AMD Ryzen 3 5300U with Radeon Graphics,amd,8,4,2600,20.8,3.14.6,CPython,1,spawn,2.5.3,text,text_regex_findall,62,455,0.3,seconds,normal,460,477,8,2,1,1,0,0,0.0013150487181682808,0.9978992988489365,0.18650519068184984,0.00274134260138687,0.9656231943542393,0.4,0.10521570000128122,0.001026199992338661,0.21637230000487762,0.6154673999990337,0.6312397999936366,0.30953360000421526,0.612804;0.619669;0.615467,0.630476;0.631240;0.631557,0.309534;0.309938;0.307530,,multiprocessing,2026-10-03T20:28:45+00:00
M0-00353,M0,local,Windows,11,AMD64,AMD Ryzen 3 5300U with Radeon Graphics,amd,8,4,2600,20.8,3.14.6,CPython,1,spawn,2.5.3,db,db_file_lookup,168,118,0.0,seconds,normal,227,137,8,8,1,5,1,0,0.008080985715163738,0.9962456517447086,0.00946134555126613,0.0005904510431014927,0.9103694094532596,0.0,0.12046019999979762,0.0018566999933682382,0.32305730000371113,1.8444396999984747,2.1817661999957636,2.1985372999988613,1.789087;1.844440;1.848814,2.234817;2.181766;2.159749,1.714999;2.198537;2.221685,,sequential,2026-10-03T20:29:04+00:00
M0-00354,M0,local,Windows,11,AMD64,AMD Ryzen 3 5300U with Radeon Graphics,amd,8,4,2600,20.8,3.14.6,CPython,1,spawn,2.5.3,tiny,tiny_add,32,230749,0.8,ms,big,866,230771,8,8,0,1,0,0,3.7916702745456456e-07,1.0,0.283522182049484,118.14054844677109,0.09510942120044055,15.6,0.00284280000050785,0.0017564999216119759,0.32305730000371113,0.00026280000020051375,0.0010427999986859504,0.49191959999734536,0.000269;0.000263;0.000071,0.001024;0.001062,0.491920,,sequential,2026-10-03T20:29:05+00:00
M0-00355,M0,local,Windows,11,AMD64,AMD Ryzen 3 5300U with Radeon Graphics,amd,8,4,2600,20.8,3.14.6,CPython,1,spawn,2.5.3,numpy,np_fft,2393,1196,0.8,ms,normal,340,1219,8,2,0,0,0,1,0.00012885176504770404,0.9992277764665831,0.9501302978034127,0.03244037966122643,1.2165253574035872,14.2,0.02086799999960931,0.0011181999725522473,0.21637230000487762,0.044040900000254624,0.03547190000244882,0.17481479999696603,0.041851;0.044221;0.044041,0.030584;0.035544;0.035472,0.174815,,threading,2026-10-03T20:29:06+00:00
M0-00356,M0,local,Windows,11,AMD64,AMD Ryzen 3 5300U with Radeon Graphics,amd,8,4,2600,20.8,3.14.6,CPython,1,spawn,2.5.3,io,io_sleep,268,26,0.3,seconds,normal,10204,45.6,8,2,0,1,1,0,0.0005766057470229979,0.046674370030494065,0.16303221700872472,0.00881885097985438,2.054096704826443,13.1,0.07597689999965951,0.0013811000098939985,0.21637230000487762,6.071854900001199,2.9661481000002823,2.9909071999936714,5.875484;6.071855;6.072186,2.959520;2.966876;2.966148,2.911523;2.991274;2.990907,,threading,2026-10-03T20:29:42+00:00
M0-00357,M0,local,Windows,11,AMD64,AMD Ryzen 3 5300U with Radeon Graphics,amd,8,4,2600,20.8,3.14.6,CPython,1,spawn,2.5.3,gil_release,gil_bz2,5,300000,0.0,seconds,big,278,300022,8,16,0,1,0,1,0.001153186363312257,0.9999624398696025,0.07212765609290549,0.033637233728040075,1.902124913723898,7.5,0.0790322999964701,0.0017065000138245523,0.47380539999721805,0.31596739999804413,0.06165560000226833,0.1399953000000096,0.315967,0.061400;0.061656;0.066334,0.140312;0.137484;0.139995,,threading,2026-10-03T20:29:44+00:00
M0-00358,M0,local,Windows,11,AMD64,AMD Ryzen 3 5300U with Radeon Graphics,amd,8,4,2600,20.8,3.14.6,CPython,1,spawn,2.5.3,db,db_mem_insert_select,100,145,0.8,ms,normal,140,164,8,16,1,1,1,0,0.00020028857127597023,1.0,0.3167480881995995,0.016800756068534088,1.1969239600852795,2.4,0.013038699995377101,0.000371000001905486,0.47380539999721805,0.025386900000739843,0.057357699995918665,0.009163000002445187,0.026978;0.025294;0.025387,0.057358,0.010145;0.009163;0.009028,,multiprocessing,2026-10-03T20:29:45+00:00
M0-00359,M0,local,Windows,11,AMD64,AMD Ryzen 3 5300U with Radeon Graphics,amd,8,4,2600,20.8,3.14.6,CPython,1,spawn,2.5.3,algo_iter,algo_edit_distance,4447,1477,0.0,ms,normal,95,1500,8,4,2,16,0,0,0.0010024826086642545,0.9969224685379608,0.07633681210417917,0.004299326531359948,0.8961121561550622,2.7,0.04885959999955958,0.00039509999623987824,0.24794249999831663,0.09455700000398792,0.09561459999531507,0.03495660000044154,0.093863;0.095299;0.094557,0.095615;0.097614;0.095271,0.034957;0.034852;0.036322,,multiprocessing,2026-10-03T20:29:46+00:00
M0-00360,M0,local,Windows,11,AMD64,AMD Ryzen 3 5300U with Radeon Graphics,amd,8,4,2600,20.8,3.14.6,CPython,1,spawn,2.5.3,db,db_mem_insert_select,86,290,0.3,ms,normal,53,312,8,2,1,1,1,0,0.00019666153933100688,1.0,0.3988264759122814,0.019557222435210013,0.8951117128618085,4.7,0.005469600000651553,0.000315399985993281,0.21637230000487762,0.008947099995566532,0.007243199994263705,0.0057487000012770295,0.009145;0.008920;0.008947,0.007243;0.007478;0.007040,0.005970;0.005749;0.005599,,multiprocessing,2026-10-03T20:29:47+00:00
M0-00361,M0,local,Windows,11,AMD64,AMD Ryzen 3 5300U with Radeon Graphics,amd,8,4,2600,20.8,3.14.6,CPython,1,spawn,2.5.3,algo_iter,algo_kmeans,84,147,0.3,ms,normal,55,166,8,4,3,15,0,0,0.0020568384615426813,1.0,0.14721915055110102,0.0030704329429177128,0.8494874939598689,6.3,0.05987540000205627,0.001991700002690777,0.24794249999831663,0.11571149999508634,0.11942670000280486,0.03398480000032578,0.115765;0.114780;0.115711,0.120556;0.119427;0.117985,0.033985;0.033497;0.038553,,multiprocessing,2026-10-03T20:29:48+00:00
M0-00362,M0,local,Windows,11,AMD64,AMD Ryzen 3 5300U with Radeon Graphics,amd,8,4,2600,20.8,3.14.6,CPython,1,spawn,2.5.3,algo_iter,algo_dijkstra,1995,338,0.8,ms,normal,8,361,8,16,2,15,0,0,0.005345700000664995,0.9995707729901473,0.21965897748944402,0.0016087692116346648,1.552427045598753,8.7,0.028321899997536093,0.0017908999943756498,0.47380539999721805,0.03615410000202246,0.03994849999435246,0.012433199997758493,0.035903;0.036154;0.037527,0.046640;0.038773;0.039948,0.012433;0.012431;0.013341,,multiprocessing,2026-10-03T20:29:49+00:00
M0-00363,M0,local,Windows,11,AMD64,AMD Ryzen 3 5300U with Radeon Graphics,amd,8,4,2600,20.8,3.14.6,CPython,1,spawn,2.5.3,numpy,np_elementwise,96995,229335,0.8,seconds,big,154,229367,8,8,0,4,0,0,0.0047016818180881355,0.9939877344519388,0.4133902914641002,0.007005230540370398,1.3789272675972164,3.1,0.08996149999438785,0.0014071999976295047,0.32305730000371113,0.7308188999959384,0.3754110999943805,0.3053875000041444,0.742173;0.730819;0.697090,0.435347;0.372423;0.375411,0.306678;0.305388;0.302166,,multiprocessing,2026-10-03T20:29:54+00:00
M0-00364,M0,local,Windows,11,AMD64,AMD Ryzen 3 5300U with Radeon Graphics,amd,8,4,2600,20.8,3.14.6,CPython,1,spawn,2.5.3,algo_iter,algo_game_of_life,14,99,0.8,ms,normal,8,118,8,2,5,9,0,0,0.021101933336467482,0.9997342009088404,0.6246943622871521,0.0028512395267614593,0.6125988593475994,3.1,0.12559830000100192,0.0016431999902124517,0.21637230000487762,0.1506747000021278,0.1520332000000053,0.08507539999845903,0.149528;0.150675;0.152013,0.152033;0.151489;0.153626,0.096773;0.084225;0.085075,,multiprocessing,2026-10-03T20:29:56+00:00
M0-00365,M0,local,Windows,11,AMD64,AMD Ryzen 3 5300U with Radeon Graphics,amd,8,4,2600,20.8,3.14.6,CPython,1,spawn,2.5.3,numpy,np_linalg_solve,11,133000,0.8,seconds,big,1503,133022,8,16,0,3,0,1,0.0006510363640369509,0.9971664408559172,0.10272080834960601,0.036603177442610775,1.2409624326648199,1.6,0.09220339999592397,0.0016644999632262625,0.47380539999721805,1.0343895000041812,0.7638809999989462,0.9035709999952815,1.034390;1.034670;1.021048,0.763881;0.769266;0.725484,1.190686;0.903571;0.865006,,threading,2026-10-03T20:30:05+00:00
M0-00366,M0,local,Windows,11,AMD64,AMD Ryzen 3 5300U with Radeon Graphics,amd,8,4,2600,20.8,3.14.6,CPython,1,spawn,2.5.3,db,db_mem_group_by,171,268082,0.8,seconds,big,746,268104.1,8,4,1,2,1,0,0.0002982065473458663,0.995795214180397,0.32892411269258415,0.14587205295439595,1.378466862113444,7.9,0.088694599995506,0.0023967000452103093,0.24794249999831663,0.2227206000025035,0.21083040000667097,0.4761560000042664,0.222721;0.220218;0.227529,0.210830;0.211578;0.210030,0.476080;0.493451;0.476156,,threading,2026-10-03T20:30:09+00:00
M0-00367,M0,local,Windows,11,AMD64,AMD Ryzen 3 5300U with Radeon Graphics,amd,8,4,2600,20.8,3.14.6,CPython,1,spawn,2.5.3,recursive,rec_nqueens,41,375,0.8,seconds,normal,61,397,8,8,1,10,0,0,0.007500385711734582,0.9986088656520953,0.4343032426120338,0.0009237619826330188,1.049181823779762,5.2,0.09822300000087125,0.0016462000130559318,0.32305730000371113,0.4028000999969663,0.4053272000019206,0.10291249999863794,0.402558;0.404436;0.402800,0.404660;0.405327;0.405880,0.102395;0.102912;0.103320,,multiprocessing,2026-10-03T20:30:13+00:00
M0-00368,M0,local,Windows,11,AMD64,AMD Ryzen 3 5300U with Radeon Graphics,amd,8,4,2600,20.8,3.14.6,CPython,1,spawn,2.5.3,gil_release,gil_sha256,4,43480,0.0,ms,normal,464,43502,8,16,1,1,0,1,0.00010250086196375096,0.9976297340395389,0.1228088263596167,0.10082841441378237,1.7678238280693812,0.0,0.019958999997470528,0.0012425000095390715,0.47380539999721805,0.046445799998764414,0.021406799998658244,0.027331999997841194,0.046856;0.046338;0.046446,0.021326;0.021407;0.025919,0.026827;0.027332;0.029174,,threading,2026-10-03T20:30:13+00:00
M0-00369,M0,local,Windows,11,AMD64,AMD Ryzen 3 5300U with Radeon Graphics,amd,8,4,2600,20.8,3.14.6,CPython,1,spawn,2.5.3,algo_iter,algo_edit_distance,5262,451,0.3,seconds,normal,5854,474,8,8,2,16,0,0,0.0011137533331445108,0.9955232393450005,0.1874704308987331,0.003479225781526729,0.8897903919201777,4.3,0.10668940000323346,0.0004985000123269856,0.32305730000371113,6.818199800000002,6.911557899999025,1.866353400000662,6.809823;6.818200;6.883421,6.911558;6.887540;6.988102,1.866353;1.877664;1.853024,,multiprocessing,2026-10-03T20:31:01+00:00
M0-00370,M0,local,Windows,11,AMD64,AMD Ryzen 3 5300U with Radeon Graphics,amd,8,4,2600,20.8,3.14.6,CPython,1,spawn,2.5.3,big_payload,big_reverse,1,1792309,0.3,seconds,big,111,1792331,8,4,0,0,0,0,0.0011519037046430942,0.9991120315149153,0.0638658166748196,1.4416960322033856,0.9531668578769428,4.7,0.097692499999539,0.03421889997116523,0.24794249999831663,0.13653599999815924,0.13937869999790564,0.6439496999955736,0.134553;0.136536;0.144656,0.139970;0.138492;0.139379,0.644597;0.639646;0.643950,,sequential,2026-10-03T20:31:05+00:00
M0-00371,M0,local,Windows,11,AMD64,AMD Ryzen 3 5300U with Radeon Graphics,amd,8,4,2600,20.8,3.14.6,CPython,1,spawn,2.5.3,tiny,tiny_len,3,422,0.8,ms,normal,28004,444,8,2,0,0,0,0,3.000500400958117e-07,1.0,0.7852566688095743,13.897688264529389,0.5044284377287204,0.4,0.006166299994220026,0.0035696999184438027,0.21637230000487762,0.005490000003192108,0.008010599995031953,0.040292800003953744,0.005590;0.005490;0.005411,0.008255;0.008011;0.007423,0.040293,,sequential,2026-10-03T20:31:06+00:00
M0-00372,M0,local,Windows,11,AMD64,AMD Ryzen 3 5300U with Radeon Graphics,amd,8,4,2600,20.8,3.14.6,CPython,1,spawn,2.5.3,cpu,cpu_matmul_lists,8,386,0.3,seconds,normal,29195,408,8,4,3,5,0,0,4.923343253505577e-05,0.9980589204005553,0.4277719390903352,0.07261326535022948,1.0176752739304509,1.2,0.1017818999971496,0.0028956000023754314,0.24794249999831663,1.3649597999974503,1.4078821999937645,0.4331155000036233,1.364960;1.362651;1.372611,1.400737;1.407882;1.413278,0.436556;0.416130;0.433116,,multiprocessing,2026-10-03T20:31:16+00:00
M0-00373,M0,local,Windows,11,AMD64,AMD Ryzen 3 5300U with Radeon Graphics,amd,8,4,2600,20.8,3.14.6,CPython,1,spawn,2.5.3,io,io_file_roundtrip,5,3282,0.8,seconds,normal,106,3304,8,2,1,0,1,0,0.019101033334057622,0.21222086742655943,0.6607512920927872,0.0006491795294738999,0.562361250590003,1.9,0.11320300000079442,0.0012353999991319142,0.21637230000487762,1.9614351999989594,1.0213420000000042,0.9916617999988375,2.283274;1.912091;1.961435,0.999868;1.021342;1.027376,1.004235;0.991662;0.991334,,multiprocessing,2026-10-03T20:31:29+00:00
M0-00374,M0,local,Windows,11,AMD64,AMD Ryzen 3 5300U with Radeon Graphics,amd,8,4,2600,20.8,3.14.6,CPython,1,spawn,2.5.3,big_result,result_sorted_pairs,10948,182,0.8,seconds,normal,446,202,8,8,1,4,0,0,0.004621872727346437,0.9968016688135616,0.44417419535913555,0.7619166572367753,1.0268370441352668,3.9,0.14051389999804087,0.03974459999881219,0.32305730000371113,2.548028900004283,2.6052541000026395,2.009192500001518,2.545320;2.611969;2.548029,2.605254;2.623415;2.571239,2.010634;2.008728;2.009193,,multiprocessing,2026-10-03T20:31:51+00:00
M0-00375,M0,local,Windows,11,AMD64,AMD Ryzen 3 5300U with Radeon Graphics,amd,8,4,2600,20.8,3.14.6,CPython,1,spawn,2.5.3,algo_iter,algo_edit_distance,2576,18,0.8,seconds,normal,347,38,8,8,2,16,0,0,0.0005785302324342368,1.0,0.4909234973727823,0.006343662706973216,0.92175809676878,2.0,0.10367420000693528,0.0006402000217349268,0.32305730000371113,0.20513149999896996,0.2098584000050323,0.05791270000190707,0.205131;0.206205;0.204321,0.209858;0.212029;0.206568,0.056185;0.057913;0.058023,,multiprocessing,2026-10-03T20:31:53+00:00
M0-00376,M0,local,Windows,11,AMD64,AMD Ryzen 3 5300U with Radeon Graphics,amd,8,4,2600,20.8,3.14.6,CPython,1,spawn,2.5.3,text,text_format_report,606,36,0.0,seconds,normal,725,56,8,8,1,2,0,0,0.0007490567162975238,0.999973082685147,0.07842502823851366,0.004906170023003621,0.9372207531553671,2.0,0.10482149999734247,0.0012456000040401705,0.32305730000371113,0.5361405000003288,0.5540199999959441,0.13505950000399025,0.534516;0.538681;0.536141,0.565085;0.553930;0.554020,0.134507;0.135060;0.136461,,multiprocessing,2026-10-03T20:31:57+00:00
M0-00377,M0,local,Windows,11,AMD64,AMD Ryzen 3 5300U with Radeon Graphics,amd,8,4,2600,20.8,3.14.6,CPython,1,spawn,2.5.3,big_result,result_matrix_lists,64,168,0.8,seconds,normal,175,187,8,4,2,5,0,0,0.0006235813951122488,0.9978540638896127,0.682594933192815,0.2807171621377855,0.7004629870944261,4.0,0.07053939999605063,0.004913600008876529,0.24794249999831663,0.10654620000423165,0.11145170000236249,0.05310089999693446,0.106729;0.106546;0.105034,0.111452;0.111833;0.111295,0.055424;0.053101;0.052870,,multiprocessing,2026-10-03T20:31:59+00:00
M0-00378,M0,local,Windows,11,AMD64,AMD Ryzen 3 5300U with Radeon Graphics,amd,8,4,2600,20.8,3.14.6,CPython,1,spawn,2.5.3,text,text_split_count,9,2728,0.8,ms,normal,21,2750,8,16,1,1,0,0,0.0016527200015843846,1.0,0.35010596138693073,0.003981315144340929,0.7819428548241321,0.4,0.018300199997611344,0.0009768999880179763,0.47380539999721805,0.0317125000001397,0.03821579999930691,0.00967300000047544,0.031622;0.031713;0.032254,0.038216;0.038262;0.036896,0.009694;0.009673;0.009137,,multiprocessing,2026-10-03T20:31:59+00:00
M0-00379,M0,local,Windows,11,AMD64,AMD Ryzen 3 5300U with Radeon Graphics,amd,8,4,2600,20.8,3.14.6,CPython,1,spawn,2.5.3,cpu,cpu_count_primes,642,1806692,0.3,seconds,big,110,1806715,8,8,2,4,0,0,0.000200085184554121,1.0,0.2587525003878333,4.103902054140635,0.8200511180879497,5.9,0.028814500001317356,0.016858700022567064,0.32305730000371113,0.02025829999911366,0.021783899996080436,0.3568091000051936,0.020445;0.020258;0.019421,0.021760;0.022542;0.021784,0.356809,,sequential,2026-10-03T20:32:01+00:00
M0-00380,M0,local,Windows,11,AMD64,AMD Ryzen 3 5300U with Radeon Graphics,amd,8,4,2600,20.8,3.14.6,CPython,1,spawn,2.5.3,mixed,mixed_compute_then_sleep,21614,82,0.8,seconds,normal,1763,102,8,8,1,3,1,0,0.0016648366671385398,0.5648046031703289,0.3626517657214922,0.002210426835099659,1.5236063207842951,3.5,0.08335549999901559,0.0010217999879387207,0.32305730000371113,2.8232539000018733,1.9594486999994842,0.5626248999978998,2.823254,1.963011;1.949299;1.959449,0.583999;0.562625;0.562088,,multiprocessing,2026-10-03T20:32:12+00:00
M0-00381,M0,local,Windows,11,AMD64,AMD Ryzen 3 5300U with Radeon Graphics,amd,8,4,2600,20.8,3.14.6,CPython,1,spawn,2.5.3,db,db_file_commit,3,9131,0.8,ms,normal,8,9153,8,16,1,0,1,0,0.010216500001358023,0.4591635917502662,0.07765202018308744,0.001458425281582462,0.8189672466333068,0.8,0.06939129999955185,0.00029099999665049836,0.47380539999721805,0.11977029999980005,0.06703579999884823,0.07267489999503596,0.111215;0.127270;0.119770,0.067185;0.067036;0.056136,0.072675;0.074952;0.060378,,threading,2026-10-03T20:32:13+00:00
M0-00382,M0,local,Windows,11,AMD64,AMD Ryzen 3 5300U with Radeon Graphics,amd,8,4,2600,20.8,3.14.6,CPython,1,spawn,2.5.3,algo_iter,algo_kmeans,252,362,0.3,ms,normal,10,384.3333333333333,8,2,3,15,0,0,0.005965533336469282,0.9983071629799497,0.08495920130064195,0.0019445031880716988,1.1354219400046155,2.0,0.03478960000211373,0.00023919999512145296,0.21637230000487762,0.05547300000034738,0.056699200002185535,0.034098999996786006,0.055045;0.056595;0.055473,0.056075;0.057483;0.056699,0.050113;0.034099;0.033934,,multiprocessing,2026-10-03T20:32:14+00:00
M0-00383,M0,local,Windows,11,AMD64,AMD Ryzen 3 5300U with Radeon Graphics,amd,8,4,2600,20.8,3.14.6,CPython,1,spawn,2.5.3,recursive,rec_quicksort,3150,816,0.8,ms,normal,8,839,8,4,1,8,0,0,0.005296866668989726,0.9964107529410229,0.4716619237865744,0.0015543779902744727,0.8703390556137337,1.2,0.03513370000291616,0.0014450999951804988,0.24794249999831663,0.048264999997627456,0.05086189999565249,0.01590790000045672,0.048265;0.048322;0.048061,0.051233;0.050862;0.049959,0.015908;0.018465;0.015281,,multiprocessing,2026-10-03T20:32:15+00:00
M0-00384,M0,local,Windows,11,AMD64,AMD Ryzen 3 5300U with Radeon Graphics,amd,8,4,2600,20.8,3.14.6,CPython,1,spawn,2.5.3,algo_rec,algo_flood_fill,2,1591,0.8,ms,normal,187,1613,8,16,3,10,0,0,0.0008604108696327667,0.999580469663973,0.5844487561592141,0.004829087788930249,0.9262510686646384,15.8,0.08350510000309441,0.00040470000385539606,0.47380539999721805,0.16381049999472452,0.1690156000040588,0.043055699999968056,0.160755;0.173251;0.163810,0.171909;0.168868;0.169016,0.043056;0.042509;0.043141,,multiprocessing,2026-10-03T20:32:17+00:00
M0-00385,M0,local,Windows,11,AMD64,AMD Ryzen 3 5300U with Radeon Graphics,amd,8,4,2600,20.8,3.14.6,CPython,1,spawn,2.5.3,io,io_sleep_chunks,4410,23,0.8,seconds,normal,109,43,8,2,1,1,1,0,0.006705224999677739,0.029711101293081753,0.22326290671799218,0.0010831106683109124,2.379790800431857,6.0,0.07645359999878565,0.00040350000199396163,0.21637230000487762,0.6529901999965659,0.32788849999633385,0.32565600000089034,0.639018;0.652990;0.658765,0.327888;0.327811;0.328089,0.325736;0.325656;0.322775,,multiprocessing,2026-10-03T20:32:21+00:00
M0-00386,M0,local,Windows,11,AMD64,AMD Ryzen 3 5300U with Radeon Graphics,amd,8,4,2600,20.8,3.14.6,CPython,1,spawn,2.5.3,text,text_format_report,8654,1426,0.3,seconds,normal,86,1449,8,2,1,2,0,0,0.01174374000111129,1.0,0.08659010350885749,0.0006437472911002028,1.0934169315269064,1.6,0.11263369999505812,0.00027389998285798356,0.21637230000487762,0.9233778999987408,0.949178299997584,0.472230600003968,0.925478;0.922971;0.923378,0.953745;0.941504;0.949178,0.469888;0.475639;0.472231,,multiprocessing,2026-10-03T20:32:29+00:00
M0-00387,M0,local,Windows,11,AMD64,AMD Ryzen 3 5300U with Radeon Graphics,amd,8,4,2600,20.8,3.14.6,CPython,1,spawn,2.5.3,big_result,result_matrix_lists,48,818,0.8,ms,normal,114,840,8,8,2,5,0,0,0.00035776785807684064,1.0,0.6982235369041365,0.23340554051514664,0.74903821297603,4.0,0.02539549999346491,0.0019723999648704194,0.32305730000371113,0.04053320000093663,0.04301119999581715,0.016267400002107024,0.040533;0.041351;0.040496,0.043902;0.042930;0.043011,0.016776;0.016267;0.015964,,multiprocessing,2026-10-03T20:32:30+00:00
M0-00388,M0,local,Windows,11,AMD64,AMD Ryzen 3 5300U with Radeon Graphics,amd,8,4,2600,20.8,3.14.6,CPython,1,spawn,2.5.3,text,text_split_count,4,424,0.0,ms,normal,1001,446,8,8,1,1,0,0,0.00011818479988141916,0.9984274479930474,0.08417106041997714,0.03447988789707098,0.9486077025129737,4.7,0.06153949999861652,0.0007828000307199545,0.32305730000371113,0.11725880000449251,0.12408370000048308,0.028255600002012216,0.116350;0.117259;0.120517,0.124677;0.121249;0.124084,0.028256;0.028242;0.028525,,multiprocessing,2026-10-03T20:32:31+00:00
M0-00389,M0,local,Windows,11,AMD64,AMD Ryzen 3 5300U with Radeon Graphics,amd,8,4,2600,20.8,3.14.6,CPython,1,spawn,2.5.3,big_payload,big_reverse,5,495261,0.3,seconds,big,403,495283,8,8,0,0,0,0,0.0003299570001399843,0.9959186732475717,0.1015009770239013,0.3408625949640316,0.9670022797566127,2.3,0.07013960000040242,0.0028394999826559797,0.32305730000371113,0.14486069999838946,0.15963629999896511,0.6948897000038414,0.144408;0.151736;0.144861,0.159636;0.160453;0.153351,0.694890;0.693886;0.727308,,sequential,2026-10-03T20:32:35+00:00
M0-00390,M0,local,Windows,11,AMD64,AMD Ryzen 3 5300U with Radeon Graphics,amd,8,4,2600,20.8,3.14.6,CPython,1,spawn,2.5.3,numpy,np_fft,605361,4473,0.8,ms,normal,8,4498,8,16,0,0,0,1,0.10223060000134865,0.9923017836479702,0.6587539597130371,0.000266717261863942,1.369313763273353,2.7,0.5793459999986226,0.00034149999555666,0.47380539999721805,0.8711411999975098,0.6374555000002147,0.6438295999978436,0.842458;0.892230;0.871141,0.637456;0.626919;0.668744,0.666746;0.643830;0.632789,,threading,2026-10-03T20:32:43+00:00
M0-00391,M0,local,Windows,11,AMD64,AMD Ryzen 3 5300U with Radeon Graphics,amd,8,4,2600,20.8,3.14.6,CPython,1,spawn,2.5.3,recursive,rec_fib,143,974,0.3,ms,normal,7597,996,8,4,0,4,0,0,1.7297788282337473e-05,0.9999009020567654,0.41783196011910506,0.21505639269958465,0.9516330698771831,8.3,0.07139410000672797,0.0031974000521586277,0.24794249999831663,0.12888650000240887,0.13203259999863803,0.04763649999949848,0.126542;0.128887;0.129110,0.134001;0.131510;0.132033,0.046758;0.065090;0.047636,,multiprocessing,2026-10-03T20:32:45+00:00
M0-00392,M0,local,Windows,11,AMD64,AMD Ryzen 3 5300U with Radeon Graphics,amd,8,4,2600,20.8,3.14.6,CPython,1,spawn,2.5.3,cpu,cpu_sum_squares,122864,1235,0.3,seconds,normal,102,1260,8,2,1,2,0,0,0.006811124998421292,1.0,0.1430193383078164,0.0009176164434374232,0.9119067510138712,11.4,0.11440529999526916,0.0008198000068659894,0.21637230000487762,0.7612265999996453,0.7674542000022484,0.38025419999758014,0.756459;0.761227;0.762631,0.765381;0.769542;0.767454,0.388690;0.377368;0.380254,,multiprocessing,2026-10-03T20:32:51+00:00
M0-00393,M0,local,Windows,11,AMD64,AMD Ryzen 3 5300U with Radeon Graphics,amd,8,4,2600,20.8,3.14.6,CPython,1,spawn,2.5.3,gil_release,gil_sha256,7,295111,0.0,seconds,big,677,295133,8,8,1,1,0,1,0.0011708232549460453,0.9962821480544456,0.07296979147917687,0.040467251844586674,1.952401976772351,3.9,0.07755729999917094,0.0014043000410310924,0.32305730000371113,0.7706009000030463,0.16834229999949457,0.4410643000010168,0.770247;0.776900;0.770601,0.167207;0.168342;0.198074,0.441064;0.437789;0.464780,,threading,2026-10-03T20:32:56+00:00
M0-00394,M0,local,Windows,11,AMD64,AMD Ryzen 3 5300U with Radeon Graphics,amd,8,4,2600,20.8,3.14.6,CPython,1,spawn,2.5.3,mixed,mixed_hash_then_write,20096,2792,0.0,seconds,normal,529,2815,8,4,1,3,1,0,0.0005929988103508506,0.9944438661248309,0.1383472992644653,0.006914009771084383,1.1387812893529694,3.1,0.0937400000038906,0.0006405999374692328,0.24794249999831663,0.3078365999972448,0.22433279999677325,0.1730018999951426,0.307837;0.310655;0.307255,0.236926;0.221603;0.224333,0.187936;0.173002;0.166684,,multiprocessing,2026-10-03T20:32:59+00:00
M0-00395,M0,local,Windows,11,AMD64,AMD Ryzen 3 5300U with Radeon Graphics,amd,8,4,2600,20.8,3.14.6,CPython,1,spawn,2.5.3,algo_iter,algo_dijkstra,449,530,0.3,ms,normal,27,553,8,16,2,15,0,0,0.0012331333321829636,0.9999192218262302,0.22787624725159936,0.0046764332436769,0.7755416733241571,0.8,0.016898800000490155,0.00028080000629415736,0.47380539999721805,0.029925599999842234,0.035388799995416775,0.009474699996644631,0.029474;0.029926;0.032356,0.034994;0.035389;0.036168,0.010555;0.009473;0.009475,,multiprocessing,2026-10-03T20:33:00+00:00
M0-00396,M0,local,Windows,11,AMD64,AMD Ryzen 3 5300U with Radeon Graphics,amd,8,4,2600,20.8,3.14.6,CPython,1,spawn,2.5.3,tiny,tiny_small_loop,2,21,0.8,seconds,normal,200000,40,8,2,0,0,0,0,4.231500497553498e-07,1.0,0.5981771906293493,8.637600954652296,0.5636508786340281,3.2,0.006531999999424443,0.003331099906063173,0.21637230000487762,0.04594849999557482,0.05985340000188444,0.08485819999623345,0.044572;0.045948;0.045962,0.060104;0.059853;0.058872,0.086656;0.084858;0.082896,,sequential,2026-10-03T20:33:01+00:00
M0-00397,M0,local,Windows,11,AMD64,AMD Ryzen 3 5300U with Radeon Graphics,amd,8,4,2600,20.8,3.14.6,CPython,1,spawn,2.5.3,io,io_sleep_return_payload,6781,23069,0.0,ms,normal,15,23092,8,2,0,1,1,0,0.0070473666686060215,0.010443015728234036,0.018458886883190535,0.004999503227757252,1.4370890315674736,0.8,0.03698209999856772,0.0008878999942680821,0.21637230000487762,0.1073949999990873,0.05775170000561047,0.05922370000189403,0.107395;0.108260;0.107391,0.058090;0.057752;0.057549,0.059875;0.059217;0.059224,,threading,2026-10-03T20:33:02+00:00
M0-00398,M0,local,Windows,11,AMD64,AMD Ryzen 3 5300U with Radeon Graphics,amd,8,4,2600,20.8,3.14.6,CPython,1,spawn,2.5.3,mixed,mixed_json_roundtrip,4,980290,0.8,ms,big,47,980312,8,16,1,1,1,0,0.0006201090912906114,0.21716325789756302,0.2450901066555642,0.6250952910766511,1.6067204321441648,2.0,0.01657859999977518,0.005185999994864687,0.47380539999721805,0.0291402000002563,0.00832510000327602,0.0529473999995389,0.029140;0.028788;0.029579,0.008325;0.007360;0.008616,0.052947,,threading,2026-10-03T20:33:03+00:00
M0-00399,M0,local,Windows,11,AMD64,AMD Ryzen 3 5300U with Radeon Graphics,amd,8,4,2600,20.8,3.14.6,CPython,1,spawn,2.5.3,algo_rec,algo_flood_fill,1,353,0.0,seconds,normal,70373,375,8,16,3,10,0,0,0.00044192543914265884,0.998813797088025,0.611454363308784,0.008960786693009157,1.0255816916337666,1.6,0.09965680000459542,0.0005994999446556903,0.47380539999721805,30.612655800003267,30.889663900001324,7.292818199995963,30.360775;31.286716;30.612656,30.819356;30.889664;30.973985,7.241385;7.292818;7.345508,,multiprocessing,2026-10-03T20:36:31+00:00
M0-00400,M0,local,Windows,11,AMD64,AMD Ryzen 3 5300U with Radeon Graphics,amd,8,4,2600,20.8,3.14.6,CPython,1,spawn,2.5.3,algo_rec,algo_lcs_memo,5,18,0.3,seconds,normal,269,37,8,8,1,10,0,0,0.008126942855597008,0.9996077242273227,0.060785420284872105,0.0008718794158849009,0.9834787532393953,3.5,0.1176458999980241,0.001796700009435881,0.32305730000371113,2.187294400006067,2.216770999999426,0.5703111999973771,2.190962;2.150989;2.187294,2.185362;2.254421;2.216771,0.553403;0.616754;0.570311,,multiprocessing,2026-10-03T20:36:46+00:00
M0-00401,M0,local,Windows,11,AMD64,AMD Ryzen 3 5300U with Radeon Graphics,amd,8,4,2600,20.8,3.14.6,CPython,1,spawn,2.5.3,db,db_file_commit,3,18483,0.8,ms,normal,8,18505,8,2,1,0,1,0,0.011042533330813361,0.45824315418487543,0.4885573772836108,0.0019319240491003976,1.031322440792135,7.5,0.06935130000056233,0.0003091000035055913,0.21637230000487762,0.10269809999590507,0.06814110000414075,0.06663440000556875,0.096974;0.102698;0.104964,0.068141;0.070027;0.065309,0.068704;0.062916;0.066634,,multiprocessing,2026-10-03T20:36:48+00:00
M0-00402,M0,local,Windows,11,AMD64,AMD Ryzen 3 5300U with Radeon Graphics,amd,8,4,2600,20.8,3.14.6,CPython,1,spawn,2.5.3,cpu,cpu_count_primes,238,679275,0.8,seconds,big,294,679297.65,8,16,2,4,0,0,5.9724657510069183e-05,0.991181093603136,0.5345620054883764,1.2908403784951186,0.7837268114244833,2.4,0.011943099998461548,0.0019130000000586733,0.47380539999721805,0.014902100003382657,0.0168543999971007,0.35687830000097165,0.014820;0.015151;0.014902,0.017259;0.016558;0.016854,0.356878,,sequential,2026-10-03T20:36:49+00:00
M0-00403,M0,local,Windows,11,AMD64,AMD Ryzen 3 5300U with Radeon Graphics,amd,8,4,2600,20.8,3.14.6,CPython,1,spawn,2.5.3,gil_release,gil_numpy_matmul,35,50630,0.0,seconds,normal,3950,50652,8,2,0,2,0,1,6.0757668751386206e-05,0.9984583585515232,0.3237922696808902,0.1928974502254642,1.3010206616553077,3.6,0.0896089999951073,0.0019231999613111839,0.21637230000487762,0.23569159999897238,0.14342000000033295,0.57569450000301,0.235152;0.235692;0.236906,0.142775;0.143420;0.145463,0.573970;0.575695;0.585235,,threading,2026-10-03T20:36:53+00:00
M0-00404,M0,local,Windows,11,AMD64,AMD Ryzen 3 5300U with Radeon Graphics,amd,8,4,2600,20.8,3.14.6,CPython,1,spawn,2.5.3,gil_release,gil_zlib,5,8349,0.0,seconds,normal,899,8371,8,2,1,1,0,1,0.0008433716662693769,0.9986464398343937,0.03951131193500537,0.008632018868308293,1.887452930067906,3.9,0.07854200000292622,0.001153800025349483,0.21637230000487762,0.7574045999936061,0.3849028999975417,0.38251950000267243,0.762079;0.757405;0.755678,0.384903;0.383229;0.387547,0.382520;0.381140;0.388536,,multiprocessing,2026-10-03T20:36:58+00:00
M0-00405,M0,local,Windows,11,AMD64,AMD Ryzen 3 5300U with Radeon Graphics,amd,8,4,2600,20.8,3.14.6,CPython,1,spawn,2.5.3,big_result,result_sorted_pairs,1709,31,0.8,seconds,normal,1153,51,8,16,1,4,0,0,0.0005906651161684179,0.9985678245622025,0.5568543874927574,0.7611927434125095,1.0221175978519212,0.0,0.11034300000028452,0.009489400006714277,0.47380539999721805,0.8396057999998447,0.8674687999955495,0.6344149999931687,0.940584;0.839606;0.832649,0.867469;0.869684;0.848179,0.634415;0.688985;0.601875,,multiprocessing,2026-10-03T20:37:06+00:00
M0-00406,M0,local,Windows,11,AMD64,AMD Ryzen 3 5300U with Radeon Graphics,amd,8,4,2600,20.8,3.14.6,CPython,1,spawn,2.5.3,tiny,tiny_len,159,29,0.3,ms,normal,114278,48,8,8,0,0,0,0,1.9390005400055088e-07,1.0,0.49447686005243324,26.405350915604338,0.3609619649399729,1.2,0.005556800002523232,0.003292599896667525,0.32305730000371113,0.011883599996508565,0.019345200002135243,0.041867699997965246,0.012340;0.011552;0.011884,0.019887;0.019345;0.019312,0.045631;0.041868;0.041293,,sequential,2026-10-03T20:37:07+00:00
M0-00407,M0,local,Windows,11,AMD64,AMD Ryzen 3 5300U with Radeon Graphics,amd,8,4,2600,20.8,3.14.6,CPython,1,spawn,2.5.3,algo_iter,algo_edit_distance,4269,60,0.0,seconds,normal,3001,80,8,2,2,16,0,0,0.0009713480772356539,0.9995512770391768,0.023530791082391513,0.0037936963788104293,0.9753199855453496,1.9,0.10270110000419663,0.00045209998643258587,0.21637230000487762,2.8585424999982934,2.904663100001926,1.4251480999955675,2.858542;2.857331;2.867777,2.900952;2.904663;2.912154,1.428096;1.423589;1.425148,,multiprocessing,2026-10-03T20:37:29+00:00
M0-00408,M0,local,Windows,11,AMD64,AMD Ryzen 3 5300U with Radeon Graphics,amd,8,4,2600,20.8,3.14.6,CPython,1,spawn,2.5.3,algo_rec,algo_sudoku,1,250,0.0,seconds,normal,22,269,8,2,3,28,0,0,0.0007982600000104867,1.0,0.8497271633767443,0.014406330449538077,0.5288024039691274,7.3,0.01137159999780124,0.002576699997007381,0.21637230000487762,0.015516900006332435,0.017592900003364775,0.00913629999558907,0.015765;0.015517;0.015502,0.017729;0.016185;0.017593,0.009136;0.009077;0.009852,,multiprocessing,2026-10-03T20:37:30+00:00
M0-00409,M0,local,Windows,11,AMD64,AMD Ryzen 3 5300U with Radeon Graphics,amd,8,4,2600,20.8,3.14.6,CPython,1,spawn,2.5.3,db,db_mem_insert_select,14,68,0.8,seconds,normal,4795,87,8,8,1,1,1,0,0.00010294813295769316,0.9990035859158284,0.12960321636951502,0.031229315675511186,1.274413075601246,0.8,0.08997860000090441,0.0013011999108130112,0.32305730000371113,0.4890097999959835,0.661315299999842,0.12241660000290722,0.491531;0.489010;0.488053,0.661315,0.121781;0.123105;0.122417,,multiprocessing,2026-10-03T20:37:33+00:00
M0-00410,M0,local,Windows,11,AMD64,AMD Ryzen 3 5300U with Radeon Graphics,amd,8,4,2600,20.8,3.14.6,CPython,1,spawn,2.5.3,big_result,result_sorted_pairs,427,172,0.3,seconds,normal,2644,192,8,8,1,4,0,0,0.0001313328949005441,0.9979391304558387,0.29813730779479974,0.862655159451496,0.9806875845205917,0.0,0.10429860000294866,0.0032929999360931106,0.32305730000371113,0.4179827000043588,0.4180238000044483,0.3579174000042258,0.404876;0.417983;0.418301,0.420212;0.418024;0.413628,0.391329;0.357917;0.355967,,multiprocessing,2026-10-03T20:37:37+00:00
M0-00411,M0,local,Windows,11,AMD64,AMD Ryzen 3 5300U with Radeon Graphics,amd,8,4,2600,20.8,3.14.6,CPython,1,spawn,2.5.3,gil_release,gil_sha256,375,208951,0.3,seconds,big,126,208974,8,16,1,1,0,1,0.03882436666511543,0.9983748286221846,0.13910101518108395,0.001491331523726169,1.259462552269873,12.3,0.20416990000376245,0.00041170000622514635,0.47380539999721805,5.449516400003631,1.9806059999973513,0.8244508999996469,5.449516,1.980606;2.023030;1.932559,0.902113;0.818081;0.824451,,multiprocessing,2026-10-03T20:37:52+00:00
M0-00412,M0,local,Windows,11,AMD64,AMD Ryzen 3 5300U with Radeon Graphics,amd,8,4,2600,20.8,3.14.6,CPython,1,spawn,2.5.3,db,db_file_lookup,11,199,0.8,ms,normal,34,218,8,16,1,5,1,0,0.0011260874998697545,0.9962554141759167,0.36247759798302415,0.00395173413674943,0.24805304229945024,5.9,0.04185419999703299,0.0004948999994667247,0.47380539999721805,0.03157140000257641,0.7184659999984433,0.035642599999846425,0.032796;0.031411;0.031571,0.718466,0.104080;0.035643;0.032685,,sequential,2026-10-03T20:37:53+00:00
M0-00413,M0,local,Windows,11,AMD64,AMD Ryzen 3 5300U with Radeon Graphics,amd,8,4,2600,20.8,3.14.6,CPython,1,spawn,2.5.3,db,db_file_commit,2,4841,0.3,ms,normal,10,4863,8,8,1,0,1,0,0.01002156666557615,0.4561543403464607,0.10870990294803827,0.001486793428928607,0.9567527729218324,1.6,0.05951220000133617,0.00028050000400980935,0.32305730000371113,0.09330559999943944,0.04230200000165496,0.04221709999546874,0.089836;0.093306;0.108031,0.042302;0.043950;0.042186,0.043023;0.042217;0.042133,,multiprocessing,2026-10-03T20:37:55+00:00
M0-00414,M0,local,Windows,11,AMD64,AMD Ryzen 3 5300U with Radeon Graphics,amd,8,4,2600,20.8,3.14.6,CPython,1,spawn,2.5.3,big_result,result_sorted_pairs,6786,99,0.8,ms,normal,8,119,8,16,1,4,0,0,0.004838266669442722,0.9998061667383823,0.018806271290233753,0.8075826055273279,1.8508812718875605,5.1,0.0342677000007825,0.011944899990339763,0.47380539999721805,0.029461799997079652,0.03299020000122255,0.024734600003284868,0.029603;0.029462;0.029174,0.032852;0.034419;0.032990,0.024735;0.025587;0.024295,,multiprocessing,2026-10-03T20:37:55+00:00
M0-00415,M0,local,Windows,11,AMD64,AMD Ryzen 3 5300U with Radeon Graphics,amd,8,4,2600,20.8,3.14.6,CPython,1,spawn,2.5.3,gil_release,gil_zlib,3,19627,0.0,ms,normal,8,19649,8,16,1,1,0,1,0.0014873000012206223,0.9930969435649024,0.2120967289994776,0.008919964624486203,1.2190724141616602,2.4,0.007928700004413258,0.00028780000138795003,0.47380539999721805,0.010013300001446623,0.0024658000038471073,0.002850400000170339,0.010001;0.010013;0.010024,0.002466;0.002134;0.002677,0.002850;0.002647;0.003185,,threading,2026-10-03T20:37:56+00:00
M0-00416,M0,local,Windows,11,AMD64,AMD Ryzen 3 5300U with Radeon Graphics,amd,8,4,2600,20.8,3.14.6,CPython,1,spawn,2.5.3,numpy,np_sort,591350,129,0.8,seconds,normal,47,151,8,8,0,3,0,1,0.02271183333262646,0.9972359567897844,0.2156930237875748,0.0005665181235388788,1.5720981013423296,8.2,0.11704149999422953,0.0014329999903566204,0.32305730000371113,0.8702845000007073,0.33103159999882337,0.25906369999574963,0.859862;0.870285;0.875488,0.331032;0.316938;0.332423,0.249797;0.259064;0.261052,,multiprocessing,2026-10-03T20:38:01+00:00
M0-00417,M0,local,Windows,11,AMD64,AMD Ryzen 3 5300U with Radeon Graphics,amd,8,4,2600,20.8,3.14.6,CPython,1,spawn,2.5.3,tiny,tiny_len,114,426535,0.3,seconds,big,468,426557,8,8,0,0,0,0,4.94871831809481e-07,1.0,0.3223282436204126,127.36631045264747,0.07009334558161358,1.6,0.0027494000023580156,0.001749099996231962,0.32305730000371113,8.259999594883993e-05,0.0007344000005105045,0.434041000000434,0.000196;0.000083;0.000043,0.000726;0.000743,0.434041,,sequential,2026-10-03T20:38:02+00:00
M0-00418,M0,local,Windows,11,AMD64,AMD Ryzen 3 5300U with Radeon Graphics,amd,8,4,2600,20.8,3.14.6,CPython,1,spawn,2.5.3,algo_iter,algo_game_of_life,11,1172632,0.3,seconds,big,16,1172654,8,4,5,9,0,0,0.017288866663875524,1.0,0.1667367086855768,0.03989465289406866,0.8896902018110197,7.6,0.10849989999405807,0.0024012000067159534,0.24794249999831663,0.260945999994874,0.2646078999969177,0.0887083000052371,0.260946;0.261122;0.257932,0.264608;0.265561;0.262252,0.088708;0.086955;0.091148,,multiprocessing,2026-10-03T20:38:05+00:00
M0-00419,M0,local,Windows,11,AMD64,AMD Ryzen 3 5300U with Radeon Graphics,amd,8,4,2600,20.8,3.14.6,CPython,1,spawn,2.5.3,numpy,np_linalg_solve,294,107079,0.0,seconds,big,1867,107102,8,8,0,3,0,1,0.0009476132070390895,0.9969649650682524,0.08885543147427763,0.02390215816688255,0.6711435061464629,16.7,0.12530149999656714,0.0009267000204999931,0.32305730000371113,1.9453576999949291,3.0450952000028337,1.9219402999951853,1.926303;1.945358;1.956091,3.094411;3.045095;3.006170,1.958481;1.910057;1.921940,,multiprocessing,2026-10-03T20:38:27+00:00
M0-00420,M0,local,Windows,11,AMD64,AMD Ryzen 3 5300U with Radeon Graphics,amd,8,4,2600,20.8,3.14.6,CPython,1,spawn,2.5.3,gil_release,gil_numpy_matmul,378,99940,0.0,seconds,normal,102,99963,8,16,0,2,0,1,0.003064388235917945,0.9979634146461679,0.05687125025735096,0.006580336505314541,1.5238558057504228,8.0,0.08664110000245273,0.0006979999961913563,0.47380539999721805,0.3125256999992416,0.14061599999695318,0.1354468000063207,0.312526;0.314859;0.311569,0.140616;0.163050;0.135600,0.135447;0.141357;0.130161,,multiprocessing,2026-10-03T20:38:29+00:00
M0-00421,M0,local,Windows,11,AMD64,AMD Ryzen 3 5300U with Radeon Graphics,amd,8,4,2600,20.8,3.14.6,CPython,1,spawn,2.5.3,text,text_csv_parse,2,426,0.3,ms,normal,106,448,8,16,2,3,0,0,0.0008623500003662999,0.9959805185027629,0.15443192909316963,0.004209427293595647,0.983577487427726,1.2,0.046121400002448354,0.0013005999935558066,0.47380539999721805,0.08702560000529047,0.09241189999738708,0.022073400003137067,0.086667;0.088374;0.087026,0.091062;0.092412;0.095757,0.022209;0.022065;0.022073,,multiprocessing,2026-10-03T20:38:31+00:00
M0-00422,M0,local,Windows,11,AMD64,AMD Ryzen 3 5300U with Radeon Graphics,amd,8,4,2600,20.8,3.14.6,CPython,1,spawn,2.5.3,recursive,rec_tree_sum,1099,110000,0.0,seconds,big,1818,110023,8,16,0,4,0,0,0.0005708329544259785,1.0,0.05378370825979444,0.03994162994075136,0.9578619888747287,1.1,0.10430270000506425,0.0018150000178138725,0.47380539999721805,1.028250499999558,1.0539657000044826,0.42117610000423156,1.022446;1.031639;1.028250,1.060554;1.050663;1.053966,0.420060;0.421176;0.423439,,multiprocessing,2026-10-03T20:38:39+00:00
M0-00423,M0,local,Windows,11,AMD64,AMD Ryzen 3 5300U with Radeon Graphics,amd,8,4,2600,20.8,3.14.6,CPython,1,spawn,2.5.3,algo_iter,algo_kmeans,21,593,0.8,ms,normal,127,615,8,2,3,15,0,0,0.0005679064519016162,0.9993617781610126,0.4521789828266362,0.016763324421339487,0.9252788938107124,19.2,0.03762819999974454,0.0006631999931414612,0.21637230000487762,0.07142840000597062,0.07358969999768306,0.037585499994747806,0.070790;0.071428;0.073073,0.073861;0.073590;0.071897,0.037679;0.036798;0.037585,,multiprocessing,2026-10-03T20:38:40+00:00
M0-00424,M0,local,Windows,11,AMD64,AMD Ryzen 3 5300U with Radeon Graphics,amd,8,4,2600,20.8,3.14.6,CPython,1,spawn,2.5.3,algo_rec,algo_lcs_memo,5,21,0.0,ms,normal,14,40,8,4,1,10,0,0,0.009894799996497264,0.9970756434846374,0.03604686333361866,0.0008624057919054126,0.9466420797142083,0.4,0.06059100000129547,0.00025600001390557736,0.24794249999831663,0.13431259999924805,0.14045000000623986,0.045124000003852416,0.134313;0.138650;0.134210,0.151589;0.140450;0.139797,0.045124;0.040977;0.045493,,multiprocessing,2026-10-03T20:38:42+00:00
M0-00425,M0,local,Windows,11,AMD64,AMD Ryzen 3 5300U with Radeon Graphics,amd,8,4,2600,20.8,3.14.6,CPython,1,spawn,2.5.3,recursive,rec_tree_sum,47338,46,0.0,ms,normal,8,66,8,8,0,4,0,0,0.023508899997978006,0.9990552000500532,0.003623931400711668,0.0005402209245175204,0.8317228904837828,3.1,0.15567860000010114,0.00031630000739824027,0.32305730000371113,0.21788530000048922,0.22188140000071144,0.05028870000387542,0.216080;0.217885;0.220749,0.221881;0.233748;0.220402,0.080753;0.048524;0.050289,,multiprocessing,2026-10-03T20:38:44+00:00
M0-00426,M0,local,Windows,11,AMD64,AMD Ryzen 3 5300U with Radeon Graphics,amd,8,4,2600,20.8,3.14.6,CPython,1,spawn,2.5.3,recursive,rec_quicksort,1033,249017,0.8,seconds,big,803,249040,8,16,1,8,0,0,0.0014702742854881632,0.981813286348086,0.419585629397429,0.028032184636818832,1.0173823872493621,3.4,0.1032199999972363,0.0011717000088538043,0.47380539999721805,1.1104675000024145,1.137375999998767,0.45886289999907603,1.108289;1.110468;1.114366,1.137376;1.145164;1.137214,0.463863;0.453358;0.458863,,multiprocessing,2026-10-03T20:38:53+00:00
M0-00427,M0,local,Windows,11,AMD64,AMD Ryzen 3 5300U with Radeon Graphics,amd,8,4,2600,20.8,3.14.6,CPython,1,spawn,2.5.3,big_payload,big_reverse,2,2065378,0.8,ms,big,42,2065400,8,2,0,0,0,0,0.0013202199974330143,0.9994007226697765,0.027465516247143055,1.317280455360778,0.8945470509314385,4.4,0.04582980000122916,0.017828000025474466,0.21637230000487762,0.06006689999776427,0.06136560000595637,0.2616883000009693,0.058979;0.068341;0.060067,0.062040;0.061366;0.061275,0.255966;0.261688;0.263818,,sequential,2026-10-03T20:38:55+00:00
M0-00428,M0,local,Windows,11,AMD64,AMD Ryzen 3 5300U with Radeon Graphics,amd,8,4,2600,20.8,3.14.6,CPython,1,spawn,2.5.3,big_payload,big_checksum_head,4857,216638,0.0,seconds,big,923,216661,8,8,1,1,0,0,0.00011385739145107042,0.9951139917875989,0.14313427459233452,0.28799184716769693,0.9808449538763607,4.6,0.05483969999477267,0.0018716999620664865,0.32305730000371113,0.10239400000136811,0.10865429999830667,0.4173828999992111,0.101383;0.102394;0.103310,0.108027;0.110060;0.108654,0.418220;0.417383;0.411004,,sequential,2026-10-03T20:38:58+00:00
M0-00429,M0,local,Windows,11,AMD64,AMD Ryzen 3 5300U with Radeon Graphics,amd,8,4,2600,20.8,3.14.6,CPython,1,spawn,2.5.3,cpu,cpu_collatz,78,255660,0.8,ms,big,46,255682,8,2,2,5,0,0,0.00017932727297937328,1.0,0.7369382687974454,0.20004055149442254,0.6611176229152576,1.2,0.006171300003188662,0.0013175999993109144,0.21637230000487762,0.006780499999877065,0.008012500002223533,0.020029500003147405,0.006811;0.006780;0.006673,0.007451;0.008331;0.008013,0.020283;0.020030;0.019446,,sequential,2026-10-03T20:38:59+00:00
M0-00430,M0,local,Windows,11,AMD64,AMD Ryzen 3 5300U with Radeon Graphics,amd,8,4,2600,20.8,3.14.6,CPython,1,spawn,2.5.3,big_payload,big_upper_copy,9,111862,0.8,seconds,big,1787,111884,8,16,0,0,0,0,9.198878926873383e-05,0.9956734480777271,0.16493104521742621,0.3946132905639231,0.9136083115944496,1.6,0.08813029999873834,0.0019938999830628745,0.47380539999721805,0.17549720000533853,0.1873011999996379,0.6925343999973848,0.186373;0.173170;0.175497,0.187301;0.184006;0.187480,0.723812;0.672651;0.692534,,sequential,2026-10-03T20:39:03+00:00
M0-00431,M0,local,Windows,11,AMD64,AMD Ryzen 3 5300U with Radeon Graphics,amd,8,4,2600,20.8,3.14.6,CPython,1,spawn,2.5.3,big_result,result_sorted_pairs,4892,45,0.0,ms,normal,91,65,8,8,1,4,0,0,0.002228913636248432,0.9985935247709181,0.8660903713959315,0.607908255440918,0.9661242535931175,0.8,0.11777890000666957,0.027469500004372094,0.32305730000371113,0.20032429999992019,0.2102902000042377,0.14494790000026114,0.197516;0.210570;0.200324,0.208024;0.210290;0.217908,0.142665;0.144948;0.165803,,multiprocessing,2026-10-03T20:39:06+00:00
M0-00432,M0,local,Windows,11,AMD64,AMD Ryzen 3 5300U with Radeon Graphics,amd,8,4,2600,20.8,3.14.6,CPython,1,spawn,2.5.3,cpu,cpu_sum_squares,4496,149,0.3,ms,normal,284,169,8,8,1,2,0,0,0.00022702253526929293,0.9950301345184609,0.2098984327779456,0.01689259655744114,0.9502938361529621,4.7,0.033651100005954504,0.0005208000002312474,0.32305730000371113,0.061867799995525274,0.0647977999979048,0.017603100000997074,0.061868;0.063933;0.061435,0.064798;0.064921;0.064154,0.016731;0.017603;0.018420,,multiprocessing,2026-10-03T20:39:07+00:00
M0-00433,M0,local,Windows,11,AMD64,AMD Ryzen 3 5300U with Radeon Graphics,amd,8,4,2600,20.8,3.14.6,CPython,1,spawn,2.5.3,big_result,result_records,634,30,0.8,seconds,normal,7395,49.75,8,4,1,2,0,0,0.00036016546800965443,0.9986449236253614,2.904462254900748,0.7276377748909537,1.4006447309530117,1.6,0.09154489999491489,0.005914899942581542,0.24794249999831663,3.8656665999951656,3.9517670999994152,3.521334199998819,3.911767;3.865667;3.628481,3.715837;3.951767;4.047359,3.521334;3.689248;3.362060,,multiprocessing,2026-10-03T20:39:41+00:00
M0-00434,M0,local,Windows,11,AMD64,AMD Ryzen 3 5300U with Radeon Graphics,amd,8,4,2600,20.8,3.14.6,CPython,1,spawn,2.5.3,cpu,cpu_matmul_lists,8,155,0.3,seconds,normal,20440,174,8,8,3,5,0,0,4.642563153427901e-05,0.9986239239381879,0.4369696302593786,0.07657409837175042,0.9421798124575747,2.0,0.10468129999935627,0.0018996998915099539,0.32305730000371113,0.9717391999947722,0.9848797000013292,0.2912189999988186,0.971739;0.975147;0.970133,0.984880;0.980869;0.986866,0.291219;0.287759;0.298486,,multiprocessing,2026-10-03T20:39:48+00:00
M0-00435,M0,local,Windows,11,AMD64,AMD Ryzen 3 5300U with Radeon Graphics,amd,8,4,2600,20.8,3.14.6,CPython,1,spawn,2.5.3,algo_rec,algo_sudoku,2,211517,0.8,seconds,big,879,211539,8,16,3,28,0,0,0.005952771052857554,0.9978394461634886,5.033928131078756,0.0059426105043116064,4.790357066202699,0.8,0.27564559999882476,0.0010872999919229187,0.47380539999721805,1.5510734999988927,1.5790758000002825,0.4894387000022107,1.551050;1.551209;1.551073,1.579504;1.579076;1.578611,0.489439;0.494797;0.484106,,multiprocessing,2026-10-03T20:40:00+00:00
M0-00436,M0,local,Windows,11,AMD64,AMD Ryzen 3 5300U with Radeon Graphics,amd,8,4,2600,20.8,3.14.6,CPython,1,spawn,2.5.3,io,io_sleep,7910,773921,0.0,seconds,big,149,773944,8,16,0,1,1,0,0.008348299999245986,0.010020914615633559,0.013695046184018365,0.042607476902586955,1.9438387722205357,3.5,0.07848910000029719,0.0025345000030938536,0.47380539999721805,1.225802200002363,0.09927990000142017,0.20903980000002775,1.225802,0.100039;0.098779;0.099280,0.209040;0.185169;0.216535,,threading,2026-10-03T20:40:03+00:00
M0-00437,M0,local,Windows,11,AMD64,AMD Ryzen 3 5300U with Radeon Graphics,amd,8,4,2600,20.8,3.14.6,CPython,1,spawn,2.5.3,recursive,rec_fib,30,854458,0.0,seconds,big,234,854480,8,4,0,4,0,0,4.8448273446410894e-06,1.0,0.13038324493490389,82.24648090912913,0.2782666640628351,9.7,0.00974809999752324,0.008379700011573732,0.24794249999831663,0.0008250000028056093,0.0018614999935380183,0.46494080000411486,0.001551;0.000825;0.000719,0.001861;0.001835;0.001894,0.464941,,sequential,2026-10-03T20:40:05+00:00
M0-00438,M0,local,Windows,11,AMD64,AMD Ryzen 3 5300U with Radeon Graphics,amd,8,4,2600,20.8,3.14.6,CPython,1,spawn,2.5.3,io,io_file_roundtrip,1,36065,0.0,ms,normal,8,36087,8,8,1,0,1,0,0.008778900000227926,0.13916605938567828,0.07108845451709757,0.0020617616761399947,1.3811636192444725,3.5,0.045177699998021126,0.00033350000012433156,0.32305730000371113,0.06775309999648016,0.018884999997681007,0.01798409999901196,0.072075;0.064954;0.067753,0.018885;0.021888;0.018578,0.018480;0.017984;0.017763,,multiprocessing,2026-10-03T20:40:06+00:00
M0-00439,M0,local,Windows,11,AMD64,AMD Ryzen 3 5300U with Radeon Graphics,amd,8,4,2600,20.8,3.14.6,CPython,1,spawn,2.5.3,io,io_sleep_return_payload,8410,1744,0.0,ms,normal,8,1767,8,16,0,1,1,0,0.008868866668005163,0.010520968869424434,0.011356649922928752,0.0018153392006066012,1.458781391797637,0.8,0.04539669999940088,0.0003947999939555302,0.47380539999721805,0.07042450000153622,0.009543100000882987,0.010281599999871105,0.070425,0.009442;0.009543;0.009570,0.010502;0.010282;0.010221,,threading,2026-10-03T20:40:07+00:00
M0-00440,M0,local,Windows,11,AMD64,AMD Ryzen 3 5300U with Radeon Graphics,amd,8,4,2600,20.8,3.14.6,CPython,1,spawn,2.5.3,numpy,np_elementwise,140170,4855,0.8,seconds,normal,460,4879.333333333333,8,16,0,4,0,0,0.0062777888888376765,0.9930912368718818,0.5524352582413897,0.0011610599759324756,1.7096870287191699,0.8,0.08778889999666717,0.00036610000097425655,0.47380539999721805,2.5898585000031744,1.124077300002682,0.818042200000491,2.561795;2.597760;2.589859,1.151160;1.124077;1.085327,0.846131;0.818042;0.805006,,multiprocessing,2026-10-03T20:40:21+00:00
M0-00441,M0,local,Windows,11,AMD64,AMD Ryzen 3 5300U with Radeon Graphics,amd,8,4,2600,20.8,3.14.6,CPython,1,spawn,2.5.3,cpu,cpu_matmul_lists,6,48,0.0,seconds,normal,200000,67,8,16,3,5,0,0,2.186394996533636e-05,1.0,0.08814017824726257,0.1612243116835,0.9606670009381616,2.3,0.09323900000163121,0.0031473000708501786,0.47380539999721805,4.247672600002261,4.311627600000065,1.2435258999976213,4.255545;4.247673;4.241152,4.298941;4.311628;4.401039,1.253509;1.243526;1.241929,,multiprocessing,2026-10-03T20:40:51+00:00
M0-00442,M0,local,Windows,11,AMD64,AMD Ryzen 3 5300U with Radeon Graphics,amd,8,4,2600,20.8,3.14.6,CPython,1,spawn,2.5.3,mixed,mixed_json_roundtrip,3,155794,0.3,seconds,big,857,155816,8,2,1,1,1,0,0.0006133048779546941,0.185086405621432,0.07770459546964592,0.040526337455559426,1.9556349751236781,8.7,0.07720909999625292,0.0009412000072188675,0.21637230000487762,0.5290992999944137,0.266095499995572,0.4131420999983675,0.538433;0.528628;0.529099,0.265839;0.300312;0.266095,0.409990;0.419438;0.413142,,threading,2026-10-03T20:40:56+00:00
M0-00443,M0,local,Windows,11,AMD64,AMD Ryzen 3 5300U with Radeon Graphics,amd,8,4,2600,20.8,3.14.6,CPython,1,spawn,2.5.3,big_payload,big_count_byte,1,537161,0.3,seconds,big,372,537183,8,8,0,1,0,0,0.0002992795691894297,0.946647135648735,0.34278987677739753,0.20808302953992555,0.9404614870183237,5.8,0.05922680000367109,0.0017569000701769255,0.32305730000371113,0.10594899999705376,0.11009719999856316,0.3954974000007496,0.105949;0.105800;0.106539,0.110923;0.110097;0.108251,0.395497;0.416407;0.393927,,sequential,2026-10-03T20:40:59+00:00
M0-00444,M0,local,Windows,11,AMD64,AMD Ryzen 3 5300U with Radeon Graphics,amd,8,4,2600,20.8,3.14.6,CPython,1,spawn,2.5.3,recursive,rec_tree_sum,9,100,0.3,ms,normal,1647,119,8,2,0,4,0,0,4.9802922742008494e-06,1.0,1.7059551255685153,0.6796789014066071,0.7385013327178868,4.7,0.005970099999103695,0.000928599874896463,0.21637230000487762,0.007912300003226846,0.008416799995757174,0.005066399993665982,0.007912;0.007912;0.007326,0.008417;0.008387;0.008458,0.005266;0.005066;0.004852,,multiprocessing,2026-10-03T20:40:59+00:00
M0-00445,M0,local,Windows,11,AMD64,AMD Ryzen 3 5300U with Radeon Graphics,amd,8,4,2600,20.8,3.14.6,CPython,1,spawn,2.5.3,cpu,cpu_count_primes,105,114,0.8,ms,normal,5504,133,8,4,2,4,0,0,1.8119186083716816e-05,0.9983348059385319,0.6013618223120181,0.19482115087313406,0.8888627995166639,4.3,0.055884000001242384,0.002215099950262811,0.24794249999831663,0.09400270000332966,0.09725410000100965,0.03470820000075037,0.092627;0.094003;0.094989,0.098785;0.097254;0.096805,0.037195;0.031139;0.034708,,multiprocessing,2026-10-03T20:41:00+00:00
M0-00446,M0,local,Windows,11,AMD64,AMD Ryzen 3 5300U with Radeon Graphics,amd,8,4,2600,20.8,3.14.6,CPython,1,spawn,2.5.3,db,db_mem_group_by,2266,220,0.3,seconds,normal,2563,240,8,8,1,2,1,0,0.002694494737385723,0.9990036435840871,0.15693850572922208,0.0012481589960049982,1.2974828636262636,10.5,0.09097230000043055,0.0003454999896348454,0.32305730000371113,6.709000199996808,9.003583000026993,1.6007166000053985,6.709000,9.003583,1.600717,threading,multiprocessing,2026-10-03T20:41:18+00:00
M0-00447,M0,local,Windows,11,AMD64,AMD Ryzen 3 5300U with Radeon Graphics,amd,8,4,2600,20.8,3.14.6,CPython,1,spawn,2.5.3,tiny,tiny_len,390,135,0.3,ms,normal,200000,155,8,8,0,0,0,0,1.683000155026093e-07,1.0,0.42495489000677655,26.44087508967412,0.27669197039927096,5.0,0.026070799998706207,0.02371559997118311,0.3155174000057741,0.017813300000852905,0.029063200003292877,0.12093360000289977,0.031560;0.017813;0.016916,0.029071;0.028204;0.029063,0.136842;0.105025,,sequential,2026-10-03T20:41:21+00:00
M0-00448,M0,local,Windows,11,AMD64,AMD Ryzen 3 5300U with Radeon Graphics,amd,8,4,2600,20.8,3.14.6,CPython,1,spawn,2.5.3,big_payload,big_reverse,1,1419389,0.3,ms,big,96,1419411,8,4,0,0,0,0,0.0009546791667768654,0.9953488702816009,0.08886205880755961,1.543796126064012,0.9344564010547914,0.8,0.07763410000188742,0.030492399993818253,0.2716173999942839,0.0946366999996826,0.09742289999849163,0.42943660000310047,0.094637;0.093040;0.094741,0.096615;0.097423;0.105684,0.459105;0.429437;0.425853,,sequential,2026-10-03T20:41:24+00:00
M0-00449,M0,local,Windows,11,AMD64,AMD Ryzen 3 5300U with Radeon Graphics,amd,8,4,2600,20.8,3.14.6,CPython,1,spawn,2.5.3,db,db_file_lookup,13,1175,0.8,seconds,normal,95,1197,8,2,1,5,1,0,0.0011732999995254668,0.993993192342402,0.1995747486643989,0.003541293467729406,0.5989789200772854,12.1,0.07344480000028852,0.0018429000119795091,0.21163619999424554,0.1033127999980934,0.07250740000017686,0.07383240000490332,0.105436;0.101792;0.103313,0.097955;0.069429;0.072507,0.097564;0.073832;0.073635,,threading,2026-10-03T20:41:25+00:00
M0-00450,M0,local,Windows,11,AMD64,AMD Ryzen 3 5300U with Radeon Graphics,amd,8,4,2600,20.8,3.14.6,CPython,1,spawn,2.5.3,io,io_sleep_chunks,1814,1401197,0.3,seconds,big,142,1401220,8,4,1,1,1,0,0.0031116058825693257,0.02662600967464141,0.3008047461688129,0.24763834851367628,1.9583132102631446,4.4,0.09423709999828134,0.014027199998963624,0.2716173999942839,0.4685539999991306,0.11306340000010096,0.44123969999782275,0.468554;0.466315;0.468896,0.111442;0.115238;0.113063,0.431190;0.450273;0.441240,,threading,2026-10-03T20:41:30+00:00
M0-00451,M0,local,Windows,11,AMD64,AMD Ryzen 3 5300U with Radeon Graphics,amd,8,4,2600,20.8,3.14.6,CPython,1,spawn,2.5.3,text,text_regex_findall,42,283,0.3,ms,normal,41,305,8,8,1,1,0,0,0.0006238099995243829,0.9919744109675381,0.23923308315497405,0.007309916598602426,0.9031056587173394,9.0,0.013736400003836025,0.0008497000017086975,0.3155174000057741,0.02397439999913331,0.026532700001553167,0.006922200002009049,0.024016;0.023974;0.023523,0.026226;0.027059;0.026533,0.007573;0.006685;0.006922,,multiprocessing,2026-10-03T20:41:30+00:00
M0-00452,M0,local,Windows,11,AMD64,AMD Ryzen 3 5300U with Radeon Graphics,amd,8,4,2600,20.8,3.14.6,CPython,1,spawn,2.5.3,recursive,rec_quicksort,522,207,0.0,seconds,normal,1210,227,8,16,1,8,0,0,0.0006642447368856091,0.9999750487757877,0.07083750884372023,0.005510018739723726,0.9568719565443751,5.1,0.10439309999492252,0.0013887999957660213,0.4349863000024925,0.9258415999938734,0.7968477999966126,0.18155539999861503,0.925842,0.800626;0.796848;0.793642,0.207574;0.180763;0.181555,,multiprocessing,2026-10-03T20:41:35+00:00
M0-00453,M0,local,Windows,11,AMD64,AMD Ryzen 3 5300U with Radeon Graphics,amd,8,4,2600,20.8,3.14.6,CPython,1,spawn,2.5.3,algo_rec,algo_merge_sort,6540,180336,0.3,seconds,big,62,180359,8,2,1,10,0,0,0.017344333333312534,0.9997037417136724,0.13869228677837464,0.025454999869251465,0.985407536977478,0.0,0.10349090000090655,0.003107500000623986,0.21163619999424554,1.0236260999954538,1.0529270999977598,0.5475404999961029,1.028755;1.023375;1.023626,1.052927;1.058962;1.049217,0.547540;0.548781;0.546313,,multiprocessing,2026-10-03T20:41:44+00:00
M0-00454,M0,local,Windows,11,AMD64,AMD Ryzen 3 5300U with Radeon Graphics,amd,8,4,2600,20.8,3.14.6,CPython,1,spawn,2.5.3,text,text_regex_findall,4,202,0.3,seconds,normal,76856,221,8,8,1,1,0,0,4.0941205577035436e-05,1.0,0.23523402266914467,0.08915223010705206,0.9609958140444131,0.8,0.10380810000060592,0.00211360004323069,0.3155174000057741,3.072331100003794,3.1369350000022678,0.7400903000016115,3.072331;3.086533;3.071424,3.135115;3.136935;3.148627,0.740090;0.737328;0.743273,,multiprocessing,2026-10-03T20:42:05+00:00
M0-00455,M0,local,Windows,11,AMD64,AMD Ryzen 3 5300U with Radeon Graphics,amd,8,4,2600,20.8,3.14.6,CPython,1,spawn,2.5.3,text,text_format_report,5410,28,0.3,seconds,normal,35,48,8,4,1,2,0,0,0.007059724998725869,0.9978246885507635,0.12559108550309594,0.0007153252210009257,1.0425171105484232,5.0,0.1117078000024776,0.0011334000082570128,0.2716173999942839,0.23452470000484027,0.24110329999530222,0.0825570999950287,0.232435;0.234525;0.236369,0.244336;0.241103;0.239816,0.073369;0.082557;0.083002,,multiprocessing,2026-10-03T20:42:08+00:00
M0-00456,M0,local,Windows,11,AMD64,AMD Ryzen 3 5300U with Radeon Graphics,amd,8,4,2600,20.8,3.14.6,CPython,1,spawn,2.5.3,gil_release,gil_sha256,691,11445,0.8,seconds,normal,615,11467.9,8,4,1,1,0,1,0.005422670000552898,0.9996110401389012,0.3479365077495474,0.0013019417820211755,1.9006378288246524,0.4,0.08586880000075325,0.0008623999965493567,0.2716173999942839,2.999936500003969,0.8957784999947762,0.793245000000752,2.996409;2.999937;3.004647,1.117360;0.895778;0.857706,0.784220;0.804592;0.793245,,multiprocessing,2026-10-03T20:42:22+00:00
M0-00457,M0,local,Windows,11,AMD64,AMD Ryzen 3 5300U with Radeon Graphics,amd,8,4,2600,20.8,3.14.6,CPython,1,spawn,2.5.3,gil_release,gil_numpy_matmul,25,35324,0.3,seconds,normal,4408,35346,8,2,0,2,0,1,4.174900191413288e-05,0.9990955193276315,0.20540805353703362,0.19713045469144624,1.4219008227101575,6.9,0.08183170000120299,0.0031450998940272257,0.21163619999424554,0.18322649999754503,0.1237559999935911,0.4364535999993677,0.183226;0.179992;0.191026,0.123756;0.120002;0.124291,0.519597;0.436454;0.425271,,threading,2026-10-03T20:42:26+00:00
M0-00458,M0,local,Windows,11,AMD64,AMD Ryzen 3 5300U with Radeon Graphics,amd,8,4,2600,20.8,3.14.6,CPython,1,spawn,2.5.3,recursive,rec_tree_sum,2234,39,0.8,ms,normal,10,59,8,8,0,4,0,0,0.0008760666654173596,0.9981553853309785,0.4805329258491818,0.011680998774097204,0.39528897101238397,4.7,0.008130599999276455,0.0010471000059624203,0.3155174000057741,0.007620199998200405,0.00903150000522146,0.003026700003829319,0.007620;0.007963;0.007209,0.009032;0.009283;0.009024,0.003713;0.003027;0.002986,,multiprocessing,2026-10-03T20:42:26+00:00
M0-00459,M0,local,Windows,11,AMD64,AMD Ryzen 3 5300U with Radeon Graphics,amd,8,4,2600,20.8,3.14.6,CPython,1,spawn,2.5.3,tiny,tiny_len,14,20,0.0,ms,normal,62783,39,8,4,0,0,0,0,1.4184998508426362e-07,1.0,0.45324537852080143,26.753622020553387,0.2991743635991946,7.2,0.004849899996770546,0.0028149000281700864,0.2716173999942839,0.004983799997717142,0.008450100001937244,0.02137129999755416,0.004442;0.004984;0.005241,0.008838;0.008030;0.008450,0.022051;0.021371;0.020643,,sequential,2026-10-03T20:42:27+00:00
M0-00460,M0,local,Windows,11,AMD64,AMD Ryzen 3 5300U with Radeon Graphics,amd,8,4,2600,20.8,3.14.6,CPython,1,spawn,2.5.3,text,text_format_report,13,803572,0.8,seconds,big,248,803594,8,8,1,2,0,0,1.988387063442309e-05,1.0,0.4293012140997971,16.917480792412942,0.49038637081263114,4.3,0.01093869999749586,0.0071639000161667354,0.3155174000057741,0.004190500003460329,0.005664299998898059,0.3799546000009286,0.004281;0.004191;0.004141,0.005664;0.005284;0.005786,0.379955,,sequential,2026-10-03T20:42:29+00:00
M0-00461,M0,local,Windows,11,AMD64,AMD Ryzen 3 5300U with Radeon Graphics,amd,8,4,2600,20.8,3.14.6,CPython,1,spawn,2.5.3,big_result,result_records,45574,370,0.0,seconds,normal,124,393,8,4,1,2,0,0,0.02034053333530513,0.9945790948763622,0.047791807216253125,1.6713622713856824,0.6891641658700958,7.5,0.25590839999495074,0.10326969999005087,0.2716173999942839,4.807387699998799,4.835167199998978,4.89235909999843,4.920866;4.807388;4.565515,4.555577;4.930892;4.835167,4.892359;5.024625;4.457848,,sequential,2026-10-03T20:43:12+00:00
M0-00462,M0,local,Windows,11,AMD64,AMD Ryzen 3 5300U with Radeon Graphics,amd,8,4,2600,20.8,3.14.6,CPython,1,spawn,2.5.3,cpu,cpu_sum_squares,43231,60,0.0,seconds,normal,334,80,8,4,1,2,0,0,0.0023321136365914504,0.9980057525063507,0.0330372355354104,0.0019231482752079805,0.9306810145112558,7.4,0.107326400000602,0.0011503999994602054,0.2716173999942839,0.7840385999952559,0.7996210999990581,0.23074479999922914,0.784039;0.780105;0.788339,0.799621;0.803006;0.799363,0.230745;0.230633;0.260155,,multiprocessing,2026-10-03T20:43:18+00:00
M0-00463,M0,local,Windows,11,AMD64,AMD Ryzen 3 5300U with Radeon Graphics,amd,8,4,2600,20.8,3.14.6,CPython,1,spawn,2.5.3,text,text_format_report,18,283,0.0,seconds,normal,122259,305,8,4,1,2,0,0,2.2456599992437986e-05,0.9985018657604579,0.10497272133344007,0.18702738796065274,0.9503446877812641,1.2,0.09617000000434928,0.0031646000206819735,0.2716173999942839,2.7868977000034647,2.8933118999993894,1.0494617000003927,2.767798;2.786898;2.824037,2.871170;2.897175;2.893312,1.073110;1.049462;0.788276,,multiprocessing,2026-10-03T20:43:39+00:00
M0-00464,M0,local,Windows,11,AMD64,AMD Ryzen 3 5300U with Radeon Graphics,amd,8,4,2600,20.8,3.14.6,CPython,1,spawn,2.5.3,algo_rec,algo_sudoku,6,34,0.3,ms,normal,89,53,8,8,3,28,0,0,0.004144250000535976,0.9975860806114838,0.6724790891442189,0.000996216474201119,0.9603460225590266,0.4,0.12268820000463165,0.002537399996072054,0.3155174000057741,0.3701172000000952,0.37845739999465877,0.1051344000006793,0.370117;0.368853;0.371384,0.378850;0.376811;0.378457,0.105807;0.104596;0.105134,,multiprocessing,2026-10-03T20:43:42+00:00
M0-00465,M0,local,Windows,11,AMD64,AMD Ryzen 3 5300U with Radeon Graphics,amd,8,4,2600,20.8,3.14.6,CPython,1,spawn,2.5.3,algo_iter,algo_game_of_life,2,1229546,0.8,seconds,big,126,1229568,8,2,5,9,0,0,0.003100582353106481,1.0,0.5551152778930044,0.2260922518022459,0.6514879843335143,7.3,0.14429390000441344,0.014215700000931975,0.21163619999424554,0.4478012999970815,0.45021730000007665,0.3677644999988843,0.442030;0.447801;0.448388,0.450217;0.452123;0.448847,0.367764;0.390379;0.366272,,multiprocessing,2026-10-03T20:43:47+00:00
M0-00466,M0,local,Windows,11,AMD64,AMD Ryzen 3 5300U with Radeon Graphics,amd,8,4,2600,20.8,3.14.6,CPython,1,spawn,2.5.3,mixed,mixed_json_roundtrip,39,235,0.3,seconds,normal,1995,254,8,4,1,1,1,0,0.001666890322784668,0.6986949400358127,0.13407929380900277,0.0020457253397921913,1.144351351295679,5.2,0.09746160000213422,0.0011909999957424589,0.2716173999942839,3.1815922999958275,2.7192929000011645,0.9133797000031336,3.261353;3.179468;3.181592,2.623982;2.719293;2.944908,0.913380;0.932350;0.819037,,multiprocessing,2026-10-03T20:44:08+00:00
M0-00467,M0,local,Windows,11,AMD64,AMD Ryzen 3 5300U with Radeon Graphics,amd,8,4,2600,20.8,3.14.6,CPython,1,spawn,2.5.3,cpu,cpu_matmul_lists,5,1222294,0.8,ms,big,163,1222316,8,2,3,5,0,0,3.297250004834496e-05,1.0,0.8373341772079642,20.872696879998323,0.6826883912301841,6.6,0.018367500000749715,0.015081899997312576,0.21163619999424554,0.003434199999901466,0.004368099995190278,0.43027080000319984,0.003434;0.003289;0.003762,0.004491;0.004168;0.004368,0.430271,,sequential,2026-10-03T20:44:10+00:00
M0-00468,M0,local,Windows,11,AMD64,AMD Ryzen 3 5300U with Radeon Graphics,amd,8,4,2600,20.8,3.14.6,CPython,1,spawn,2.5.3,io,io_sleep_return_payload,2907,81351,0.0,seconds,normal,457,81374,8,8,0,1,1,0,0.0032792124998195504,0.02404031844705147,0.0355464181521111,0.009874703039459563,1.948843598344617,0.0,0.08106840000255033,0.0015452000079676509,0.3155174000057741,1.4789500000042608,0.1955567000040901,0.23154300000169314,1.478950,0.199706;0.195557;0.191200,0.231543;0.232240;0.230618,,threading,2026-10-03T20:44:13+00:00
M0-00469,M0,local,Windows,11,AMD64,AMD Ryzen 3 5300U with Radeon Graphics,amd,8,4,2600,20.8,3.14.6,CPython,1,spawn,2.5.3,tiny,tiny_len,837,24,0.8,seconds,normal,200000,43.9,8,16,0,0,0,0,1.9809995137620718e-07,1.0,1.0479400183683767,18.929837126491872,0.34969620918840233,2.0,0.005156400002306327,0.0028190000957692973,0.4349863000024925,0.01576280000153929,0.026456699997652322,0.06646639999962645,0.015763;0.015849;0.015759,0.029085;0.026457;0.026170,0.068103;0.066466;0.064933,,sequential,2026-10-03T20:44:14+00:00
M0-00470,M0,local,Windows,11,AMD64,AMD Ryzen 3 5300U with Radeon Graphics,amd,8,4,2600,20.8,3.14.6,CPython,1,spawn,2.5.3,recursive,rec_tree_sum,1020,1155,0.0,ms,normal,270,1178,8,4,0,4,0,0,0.00029097462690664703,0.9970459743774248,0.11062992985791781,0.01314547866206085,0.9428043562278389,6.7,0.04047960000025341,0.00047030000132508576,0.2716173999942839,0.07818470000347588,0.08119250000163447,0.027880000001459848,0.077596;0.078185;0.078801,0.080928;0.081326;0.081193,0.030327;0.027880;0.023379,,multiprocessing,2026-10-03T20:44:16+00:00
M0-00471,M0,local,Windows,11,AMD64,AMD Ryzen 3 5300U with Radeon Graphics,amd,8,4,2600,20.8,3.14.6,CPython,1,spawn,2.5.3,big_payload,big_checksum_head,610,2136095,0.3,seconds,big,93,2136118,8,4,1,1,0,0,2.2765216430264484e-05,1.0,0.14566299645753278,40.269109714289,0.4121479510947503,3.1,0.021006100003432948,0.019130300024698954,0.2716173999942839,0.001762899999448564,0.0019938999976147898,0.35088370000448776,0.001455;0.001823;0.001763,0.001983;0.002111;0.001994,0.350884,,sequential,2026-10-03T20:44:17+00:00
M0-00472,M0,local,Windows,11,AMD64,AMD Ryzen 3 5300U with Radeon Graphics,amd,8,4,2600,20.8,3.14.6,CPython,1,spawn,2.5.3,text,text_csv_parse,1,193120,0.8,seconds,big,20,193142,8,8,2,3,0,0,0.2521326999994926,0.9995388553550081,0.0014970194917500615,0.00037427380463307794,0.8721562947747683,6.6,1.6259594000002835,0.0013020000042160973,0.3155174000057741,5.644949499997892,5.66654969999945,1.3599122000014177,5.674408;5.644949;5.559461,5.650137;5.666550;5.694911,1.461179;1.359912;1.348617,,multiprocessing,2026-10-03T20:44:58+00:00
M0-00473,M0,local,Windows,11,AMD64,AMD Ryzen 3 5300U with Radeon Graphics,amd,8,4,2600,20.8,3.14.6,CPython,1,spawn,2.5.3,big_payload,big_upper_copy,8,291347,0.8,seconds,big,686,291369,8,4,0,0,0,0,0.00022348070185126365,0.9967690859180334,0.08848070382548116,0.3289993262300503,0.953671407387992,14.9,0.0810023000012734,0.0025650999814388342,0.2716173999942839,0.17443050000292715,0.17420709999714745,0.7922545999972499,0.174652;0.171323;0.174431,0.181853;0.172530;0.174207,0.782087;0.812750;0.792255,,threading,2026-10-03T20:45:02+00:00
M0-00474,M0,local,Windows,11,AMD64,AMD Ryzen 3 5300U with Radeon Graphics,amd,8,4,2600,20.8,3.14.6,CPython,1,spawn,2.5.3,algo_iter,algo_dijkstra,569,756934,0.3,seconds,big,264,756957,8,2,2,15,0,0,0.001599618749878573,0.9995489120533445,0.1906045138968873,0.17957403898170674,1.0058168187883025,19.2,0.10972530000435654,0.007887700005085208,0.21163619999424554,0.4000716000009561,0.40816649999760557,0.5125219999972614,0.411584;0.399906;0.400072,0.426088;0.408166;0.406430,0.521947;0.512522;0.507357,,sequential,2026-10-03T20:45:08+00:00
M0-00475,M0,local,Windows,11,AMD64,AMD Ryzen 3 5300U with Radeon Graphics,amd,8,4,2600,20.8,3.14.6,CPython,1,spawn,2.5.3,db,db_file_lookup,67,507,0.8,ms,normal,8,529,8,2,1,5,1,0,0.004424666665727273,0.9994902238817817,0.25366306175610537,0.002124453552506532,0.3183196577427947,15.6,0.048424900000100024,0.0002390000008745119,0.21163619999424554,0.032003400003304705,0.022440399996412452,0.022254900002735667,0.033217;0.032003;0.031885,0.022897;0.022275;0.022440,0.023546;0.021833;0.022255,,multiprocessing,2026-10-03T20:45:08+00:00
M0-00476,M0,local,Windows,11,AMD64,AMD Ryzen 3 5300U with Radeon Graphics,amd,8,4,2600,20.8,3.14.6,CPython,1,spawn,2.5.3,gil_release,gil_sha256,117,7964,0.8,seconds,normal,543,7986,8,8,1,1,0,1,0.0005952647057711147,0.9969122840969057,0.456624695664645,0.010281137987933005,1.4799910700335976,20.1,0.08554949999961536,0.0006034000107320026,0.3155174000057741,0.3485000000000582,0.4569539000003715,0.06454730000405107,0.348500,0.456954,0.064547;0.064912;0.061581,,multiprocessing,2026-10-03T20:45:10+00:00
M0-00477,M0,local,Windows,11,AMD64,AMD Ryzen 3 5300U with Radeon Graphics,amd,8,4,2600,20.8,3.14.6,CPython,1,spawn,2.5.3,io,io_file_roundtrip,1,115,0.3,ms,normal,8,134,8,16,1,0,1,0,0.009066333332157228,0.13057401693964785,0.06050329783353468,0.0017574178262826103,1.4009446462010506,12.4,0.04797530000359984,0.0014582000076188706,0.4349863000024925,0.03223019999859389,0.012096799997380003,0.01832239999930607,0.039129;0.032230;0.030339,0.010654;0.012129;0.012097,0.018322;0.019937;0.012984,,threading,2026-10-03T20:45:11+00:00
M0-00478,M0,local,Windows,11,AMD64,AMD Ryzen 3 5300U with Radeon Graphics,amd,8,4,2600,20.8,3.14.6,CPython,1,spawn,2.5.3,gil_release,gil_zlib,9,34950,0.8,seconds,normal,69,34972,8,2,1,1,0,1,0.005142809089606585,1.0,0.632100014549991,0.0020558277671388556,1.4257841403771419,18.0,0.09841410000080941,0.0008509000181220472,0.21163619999424554,0.47082789999694796,0.24759829999675276,0.2448736000005738,0.470828;0.471162;0.468352,0.252214;0.242958;0.247598,0.245857;0.244874;0.244627,,multiprocessing,2026-10-03T20:45:14+00:00
M0-00479,M0,local,Windows,11,AMD64,AMD Ryzen 3 5300U with Radeon Graphics,amd,8,4,2600,20.8,3.14.6,CPython,1,spawn,2.5.3,text,text_regex_findall,2,189253,0.0,seconds,big,372,189275,8,2,1,1,0,0,0.018633133334030088,0.9984999942740371,0.01696527709358267,0.003320250337342657,1.0029100554093429,16.7,0.1127968000000692,0.0004512999948929064,0.21163619999424554,6.646711499997764,6.8893172000025515,3.4609602999989875,6.772658;6.635366;6.646711,6.889317;6.889871;6.888762,3.560637;3.460960;3.450110,,multiprocessing,2026-10-03T20:46:06+00:00
M0-00480,M0,local,Windows,11,AMD64,AMD Ryzen 3 5300U with Radeon Graphics,amd,8,4,2600,20.8,3.14.6,CPython,1,spawn,2.5.3,numpy,np_fft,322834,121,0.0,seconds,normal,133,143,8,8,0,0,0,1,0.013484449998941272,0.9915298708287401,0.024724047454970664,0.0006637276764569442,1.2812620229817777,3.1,0.09638500000437489,0.0008771000066190027,0.3155174000057741,1.8249743999986094,1.8029306999960681,1.8540409000052023,1.807683;1.824974;1.833080,1.787607;1.844322;1.802931,2.033930;1.827654;1.854041,,threading,2026-10-03T20:46:24+00:00
M0-00481,M0,local,Windows,11,AMD64,AMD Ryzen 3 5300U with Radeon Graphics,amd,8,4,2600,20.8,3.14.6,CPython,1,spawn,2.5.3,mixed,mixed_parse_lines,21,584,0.8,ms,normal,24,606,8,8,2,3,1,0,0.0012831833325132418,0.5853773071632568,0.18936957304943897,0.004675870901583281,1.1294730738324124,2.4,0.015446400000655558,0.0011277000085101463,0.3155174000057741,0.028400700000929646,0.020435400001588278,0.006590099997993093,0.028418;0.027682;0.028401,0.020435;0.022064;0.019490,0.007032;0.006590;0.006433,,multiprocessing,2026-10-03T20:46:24+00:00
M0-00482,M0,local,Windows,11,AMD64,AMD Ryzen 3 5300U with Radeon Graphics,amd,8,4,2600,20.8,3.14.6,CPython,1,spawn,2.5.3,numpy,np_sort,7168,319,0.3,seconds,normal,2777,342,8,16,0,3,0,1,0.00020278048771622825,0.996417170862323,0.17712526704705658,0.018073728750531065,1.7451141046849115,2.0,0.0799336999989464,0.0014048000230104662,0.4349863000024925,0.5589295999961905,0.27778419999958714,0.1451948000030825,0.558930;0.558469;0.561427,0.277784;0.315883;0.270925,0.553659;0.145195;0.143632,,multiprocessing,2026-10-03T20:46:28+00:00
M0-00483,M0,local,Windows,11,AMD64,AMD Ryzen 3 5300U with Radeon Graphics,amd,8,4,2600,20.8,3.14.6,CPython,1,spawn,2.5.3,tiny,tiny_small_loop,165,210,0.8,seconds,normal,200000,229.1,8,16,0,0,0,0,1.158199960627826e-06,0.9874585762986869,1.1265194481011527,3.8119495206959613,0.6726877885218372,1.6,0.010249200000544079,0.003674100080388598,0.4349863000024925,0.1978021000031731,0.21693349999986822,0.14410700000007637,0.195708;0.197802;0.201108,0.224735;0.216933;0.215816,0.155769;0.143798;0.144107,,multiprocessing,2026-10-03T20:46:31+00:00
M0-00484,M0,local,Windows,11,AMD64,AMD Ryzen 3 5300U with Radeon Graphics,amd,8,4,2600,20.8,3.14.6,CPython,1,spawn,2.5.3,mixed,mixed_hash_then_write,186,2250,0.8,seconds,normal,633,2272.2,8,8,1,3,1,0,0.00036782279408619027,0.9989822339672596,0.17861900139263118,0.01190791066755703,1.121981613336035,2.8,0.09588619999703951,0.001552800000354182,0.3155174000057741,0.23937380000279518,0.1870511999950395,0.18243649999931222,0.224948;0.260764;0.239374,0.187051;0.186979;0.188108,0.194359;0.181254;0.182436,,multiprocessing,2026-10-03T20:46:33+00:00
M0-00485,M0,local,Windows,11,AMD64,AMD Ryzen 3 5300U with Radeon Graphics,amd,8,4,2600,20.8,3.14.6,CPython,1,spawn,2.5.3,mixed,mixed_compute_then_sleep,5143,545,0.8,ms,normal,245,568,8,4,1,3,1,0,0.0007306163938292379,0.28140353640005317,0.13892214318789095,0.005372177268682237,1.7857771365372885,1.2,0.07075359999726061,0.0011156999753438868,0.2716173999942839,0.18163119999371702,0.06306680000125198,0.04421810000349069,0.180958;0.182125;0.181631,0.061124;0.063862;0.063067,0.044417;0.043813;0.044218,,multiprocessing,2026-10-03T20:46:35+00:00
M0-00486,M0,local,Windows,11,AMD64,AMD Ryzen 3 5300U with Radeon Graphics,amd,8,4,2600,20.8,3.14.6,CPython,1,spawn,2.5.3,mixed,mixed_json_roundtrip,2,326,0.3,seconds,normal,575,348,8,2,1,1,1,0,0.0006075240965302843,0.16042993640865574,0.12311981527614314,0.006139675405015644,2.0025487266861335,7.0,0.07641190000140341,0.0005199999941396527,0.21163619999424554,0.34171440000500297,0.17182239999965532,0.17068680000375025,0.341714;0.341700;0.344029,0.171595;0.172191;0.171822,0.170687;0.170095;0.170812,,multiprocessing,2026-10-03T20:46:37+00:00
M0-00487,M0,local,Windows,11,AMD64,AMD Ryzen 3 5300U with Radeon Graphics,amd,8,4,2600,20.8,3.14.6,CPython,1,spawn,2.5.3,tiny,tiny_len,61,133,0.3,seconds,normal,200000,152,8,8,0,0,0,0,2.0999993648729287e-07,0.9873709704408015,0.4338304240245835,18.047626804518156,0.35012894617517176,0.4,0.005545799998799339,0.0030913001246517524,0.3155174000057741,0.017948700005945284,0.030089799998677336,0.09736149999662302,0.017949;0.019626;0.017722,0.030090;0.030022;0.030982,0.097361,,sequential,2026-10-03T20:46:38+00:00
M0-00488,M0,local,Windows,11,AMD64,AMD Ryzen 3 5300U with Radeon Graphics,amd,8,4,2600,20.8,3.14.6,CPython,1,spawn,2.5.3,cpu,cpu_collatz,2785,1187055,0.8,ms,big,8,1187078,8,8,2,5,0,0,0.014422833335023219,0.9995463676966638,0.550367823945056,0.0562325940274032,0.8981159489784452,0.8,0.1069666999974288,0.003446999988227617,0.3155174000057741,0.16207240000221645,0.16644799999630777,0.06162960000074236,0.162072;0.160623;0.164440,0.166448;0.164833;0.167745,0.070221;0.061630;0.060479,,multiprocessing,2026-10-03T20:46:40+00:00
M0-00489,M0,local,Windows,11,AMD64,AMD Ryzen 3 5300U with Radeon Graphics,amd,8,4,2600,20.8,3.14.6,CPython,1,spawn,2.5.3,algo_rec,algo_flood_fill,3,184,0.3,ms,normal,63,203,8,16,3,10,0,0,0.0010970200009372396,1.0,0.5285466483184162,0.003506468765294888,0.9561716666723203,0.4,0.03398179999931017,0.0014800999852013774,0.4349863000024925,0.07260520000272663,0.07687609999993583,0.01950090000173077,0.072589;0.072865;0.072605,0.076714;0.076876;0.078511,0.019501;0.019087;0.019732,,multiprocessing,2026-10-03T20:46:41+00:00
M0-00490,M0,local,Windows,11,AMD64,AMD Ryzen 3 5300U with Radeon Graphics,amd,8,4,2600,20.8,3.14.6,CPython,1,spawn,2.5.3,mixed,mixed_parse_lines,35,816,0.0,ms,normal,45,838,8,16,2,3,1,0,0.002017627271760086,0.7373162644354858,0.09119951075920038,0.002266389706685425,1.0697788996818387,2.8,0.042731899993668776,0.00031850000232225284,0.4349863000024925,0.08856219999870518,0.08346170000004349,0.01860560000204714,0.088273;0.090170;0.088562,0.084660;0.082674;0.083462,0.018528;0.018661;0.018606,,multiprocessing,2026-10-03T20:46:42+00:00
M0-00491,M0,local,Windows,11,AMD64,AMD Ryzen 3 5300U with Radeon Graphics,amd,8,4,2600,20.8,3.14.6,CPython,1,spawn,2.5.3,big_payload,big_reverse,2,1010217,0.8,ms,big,31,1010239,8,16,0,0,0,0,0.0007209571433902186,1.0,0.0626489476169806,1.0851051188305945,0.8206694639848138,1.6,0.017041999999491964,0.005857199997990392,0.4349863000024925,0.022327400001813658,0.026259300000674557,0.06565600000612903,0.023240;0.021823;0.022327,0.026259;0.024963;0.030878,0.065656;0.065619;0.080201,,sequential,2026-10-03T20:46:43+00:00
M0-00492,M0,local,Windows,11,AMD64,AMD Ryzen 3 5300U with Radeon Graphics,amd,8,4,2600,20.8,3.14.6,CPython,1,spawn,2.5.3,big_payload,big_count_byte,2,139434,0.0,ms,big,156,139456,8,8,0,1,0,0,7.920256421829645e-05,0.9922773970738585,0.1805732587069213,0.5347680373883923,0.6768004977399089,3.5,0.009239200000592973,0.0015546999929938465,0.3155174000057741,0.01179289999708999,0.013088300001982134,0.02349119999416871,0.011524;0.012212;0.011793,0.013088;0.013026;0.013229,0.023695;0.023155;0.023491,,sequential,2026-10-03T20:46:44+00:00
M0-00493,M0,local,Windows,11,AMD64,AMD Ryzen 3 5300U with Radeon Graphics,amd,8,4,2600,20.8,3.14.6,CPython,1,spawn,2.5.3,numpy,np_elementwise,171360,1193,0.8,ms,normal,8,1218,8,2,0,4,0,0,0.010995966668512361,0.9930627330818491,0.1333580834838103,0.000997335702021295,1.4170132933512518,0.4,0.055310899995674845,0.001149399991845712,0.21163619999424554,0.07563700000173412,0.04862409999623196,0.04750000000058208,0.076079;0.075637;0.075459,0.058563;0.048015;0.048624,0.047500;0.044762;0.049017,,multiprocessing,2026-10-03T20:46:45+00:00
M0-00494,M0,local,Windows,11,AMD64,AMD Ryzen 3 5300U with Radeon Graphics,amd,8,4,2600,20.8,3.14.6,CPython,1,spawn,2.5.3,io,io_file_roundtrip,2,3357,0.3,seconds,normal,158,3379,8,2,1,0,1,0,0.012940474998686113,0.18786379179509563,0.10822948271072838,0.0006781050413104424,1.5153950490744352,0.4,0.08750470000086352,0.00029630000790348276,0.21163619999424554,1.1224904999980936,0.5679130999997142,0.5644004000059795,1.863944;1.122490;1.109121,0.554536;0.567913;0.572359,0.566290;0.564400;0.552102,,multiprocessing,2026-10-03T20:46:53+00:00
M0-00495,M0,local,Windows,11,AMD64,AMD Ryzen 3 5300U with Radeon Graphics,amd,8,4,2600,20.8,3.14.6,CPython,1,spawn,2.5.3,cpu,cpu_sum_squares,71389,1281,0.8,ms,normal,8,1305.3333333333333,8,4,1,2,0,0,0.00527406667000226,1.0,0.1779138476018713,0.0022816051450433583,0.7657841236075141,3.1,0.03886200000124518,0.0002513999934308231,0.2716173999942839,0.044790699997975025,0.04734679999819491,0.014033400002517737,0.044791;0.044742;0.045086,0.047000;0.047347;0.047435,0.013813;0.017388;0.014033,,multiprocessing,2026-10-03T20:46:54+00:00
M0-00496,M0,local,Windows,11,AMD64,AMD Ryzen 3 5300U with Radeon Graphics,amd,8,4,2600,20.8,3.14.6,CPython,1,spawn,2.5.3,tiny,tiny_small_loop,35,1541362,0.3,ms,big,129,1541384,8,4,0,0,0,0,1.4750003174412996e-06,1.0,0.6640519664957496,566.0947936218229,0.048058928473989335,4.0,0.018118500003765803,0.017119999996793922,0.2716173999942839,5.7600002037361264e-05,0.0005090000049676746,0.40634579999459675,0.000106;0.000058;0.000045,0.000509,0.406346,,sequential,2026-10-03T20:46:56+00:00
M0-00497,M0,local,Windows,11,AMD64,AMD Ryzen 3 5300U with Radeon Graphics,amd,8,4,2600,20.8,3.14.6,CPython,1,spawn,2.5.3,recursive,rec_tree_sum,33,195,0.8,ms,normal,7046,214,8,8,0,4,0,0,1.3503691156651013e-05,0.9993649281839968,0.653582216376539,0.2584478821863095,0.9454718115878469,0.8,0.052687700001115445,0.003011299872014206,0.3155174000057741,0.09620169999834616,0.09975940000003902,0.025391399998625275,0.097659;0.096202;0.096170,0.099521;0.100359;0.099759,0.026819;0.025391;0.024991,,multiprocessing,2026-10-03T20:46:57+00:00
M0-00498,M0,local,Windows,11,AMD64,AMD Ryzen 3 5300U with Radeon Graphics,amd,8,4,2600,20.8,3.14.6,CPython,1,spawn,2.5.3,mixed,mixed_json_roundtrip,295,1856809,0.0,seconds,big,107,1856832,8,16,1,1,1,0,0.008630716666327013,0.9379116916622415,0.00778571980217752,0.09202209950908144,0.9666233386379325,4.7,0.11054480000166222,0.005139500004588626,0.4349863000024925,0.9205500000025495,0.9236392000020714,0.30048149999493035,0.920550;0.925655;0.916701,0.919705;0.923639;0.925274,0.303638;0.300481;0.299695,,multiprocessing,2026-10-03T20:47:04+00:00
M0-00499,M0,local,Windows,11,AMD64,AMD Ryzen 3 5300U with Radeon Graphics,amd,8,4,2600,20.8,3.14.6,CPython,1,spawn,2.5.3,db,db_mem_group_by,14,127,0.3,ms,normal,116,146,8,2,1,2,1,0,0.00013520689641029156,0.9936699140485566,0.32854595077214244,0.022964804892180963,0.9721266243258972,6.7,0.008975600001576822,0.0011746000091079623,0.21163619999424554,0.013945599996077362,0.011067399995226879,0.008175900002242997,0.014130;0.013946;0.013935,0.011262;0.011067;0.010964,0.008193;0.008176;0.007990,,multiprocessing,2026-10-03T20:47:05+00:00
M0-00500,M0,local,Windows,11,AMD64,AMD Ryzen 3 5300U with Radeon Graphics,amd,8,4,2600,20.8,3.14.6,CPython,1,spawn,2.5.3,numpy,np_fft,1415,1797,0.3,seconds,normal,16231,1820,8,2,0,0,0,1,7.614723075396166e-05,0.995948072720383,0.5641094698149764,0.05108524780526559,1.5703934781132676,3.9,0.08281020000140416,0.0016189000161830336,0.21163619999424554,1.161027699999977,0.7099648000003072,0.6266161000021384,1.161028;1.150670;1.161746,0.723226;0.709965;0.708449,0.630371;0.626616;0.615982,,multiprocessing,2026-10-03T20:47:13+00:00
M0-00501,M0,local,Windows,11,AMD64,AMD Ryzen 3 5300U with Radeon Graphics,amd,8,4,2600,20.8,3.14.6,CPython,1,spawn,2.5.3,big_payload,big_checksum_head,419,329709,0.0,seconds,big,606,329732,8,2,1,1,0,0,1.1480795051856275e-05,1.0,0.21136023270549242,3.591650247531755,0.6372900686050671,1.6,0.005868000000191387,0.0012911999510833994,0.21163619999424554,0.006289899996772874,0.007251199996971991,0.49919709999812767,0.006290;0.006402;0.005942,0.007251;0.006988;0.007809,0.499197,,sequential,2026-10-03T20:47:15+00:00
M0-00502,M0,local,Windows,11,AMD64,AMD Ryzen 3 5300U with Radeon Graphics,amd,8,4,2600,20.8,3.14.6,CPython,1,spawn,2.5.3,cpu,cpu_sum_squares,6331,924,0.8,seconds,normal,15442,947,8,2,1,2,0,0,0.0003366250002727611,0.9988205056992687,0.4366734641129943,0.011481617810498087,1.0607974215063851,4.3,0.09774250000191387,0.0006939999584574252,0.21163619999424554,4.794427000000724,4.903923500001838,2.4528441000002204,4.794427;4.783385;4.803877,4.903924;4.903809;4.909532,2.452844;2.453247;2.439668,,multiprocessing,2026-10-03T20:47:52+00:00
M0-00503,M0,local,Windows,11,AMD64,AMD Ryzen 3 5300U with Radeon Graphics,amd,8,4,2600,20.8,3.14.6,CPython,1,spawn,2.5.3,gil_release,gil_sha256,5,12457,0.8,ms,normal,2387,12479,8,8,1,1,0,1,4.0476006725174064e-05,0.9949295357469723,0.512666004179887,0.13501829942232,1.7387144482250685,11.7,0.03955780000251252,0.0013084999955026433,0.3155174000057741,0.09374779999780003,0.11950130000332138,0.05369470000005094,0.093940;0.093606;0.093748,0.121487;0.105388;0.119501,0.053695;0.055691;0.053650,,multiprocessing,2026-10-03T20:47:53+00:00
M0-00504,M0,local,Windows,11,AMD64,AMD Ryzen 3 5300U with Radeon Graphics,amd,8,4,2600,20.8,3.14.6,CPython,1,spawn,2.5.3,tiny,tiny_small_loop,120,205,0.0,ms,normal,16280,224,8,8,0,0,0,0,8.839999718475156e-07,1.0,0.3464274747690723,4.592760318236239,0.6242358460056049,2.7,0.00838849999854574,0.0029351000557653606,0.3155174000057741,0.012828599996282719,0.015002300002379343,0.012700100000074599,0.012829;0.013267;0.012654,0.014811;0.015002;0.015502,0.012700;0.015817;0.011792,,multiprocessing,2026-10-03T20:47:54+00:00
M0-00505,M0,local,Windows,11,AMD64,AMD Ryzen 3 5300U with Radeon Graphics,amd,8,4,2600,20.8,3.14.6,CPython,1,spawn,2.5.3,numpy,np_elementwise,698553,1116,0.8,seconds,normal,101,1141,8,4,0,4,0,0,0.026153233333995256,0.9969653387348274,0.3981040722542285,0.00042314705340277246,1.7620204333632428,8.5,0.12258999999903608,0.00028049999673385173,0.2716173999942839,2.85684709999623,1.2541897000046447,1.2458220000044093,2.860501;2.856847;2.844919,1.240507;1.282679;1.254190,1.344945;1.227065;1.245822,,multiprocessing,2026-10-03T20:48:11+00:00
M0-00506,M0,local,Windows,11,AMD64,AMD Ryzen 3 5300U with Radeon Graphics,amd,8,4,2600,20.8,3.14.6,CPython,1,spawn,2.5.3,algo_iter,algo_dijkstra,1709,1427,0.3,seconds,normal,81,1450,8,2,2,15,0,0,0.004714390909198714,0.9984458548294289,0.20811175388348677,0.0009834491819485423,0.947782950185026,0.4,0.10574410000117496,0.00031680000392952934,0.21163619999424554,0.3846562999970047,0.3983284000059939,0.2100263000029372,0.386140;0.384656;0.375257,0.398328;0.397893;0.399898,0.206935;0.210462;0.210026,,multiprocessing,2026-10-03T20:48:14+00:00
M0-00507,M0,local,Windows,11,AMD64,AMD Ryzen 3 5300U with Radeon Graphics,amd,8,4,2600,20.8,3.14.6,CPython,1,spawn,2.5.3,tiny,tiny_dict_lookup,389,121215,0.8,ms,big,1649,121237.5,8,8,0,1,0,0,5.936895143093758e-07,1.0,0.2770155639853134,35.80154301414745,0.27015698833662033,1.1,0.0030721000002813525,0.0016966999173746444,0.3155174000057741,0.0004594000056385994,0.0012329000019235536,0.46104980000382056,0.000739;0.000459;0.000346,0.001746;0.001233;0.001213,0.461050,,sequential,2026-10-03T20:48:16+00:00
M0-00508,M0,local,Windows,11,AMD64,AMD Ryzen 3 5300U with Radeon Graphics,amd,8,4,2600,20.8,3.14.6,CPython,1,spawn,2.5.3,text,text_csv_parse,3,181,0.8,seconds,normal,7045,200,8,4,2,3,0,0,0.0004625440369052556,0.9998990079114974,0.32146783223031294,0.007501992042212573,0.9911496228138333,17.3,0.10196829999767942,0.000539999979082495,0.2716173999942839,3.1589572000011685,3.239932399999816,0.8755372000014177,3.129803;3.158957;3.160239,3.239932;3.246258;3.203571,0.833268;0.885332;0.875537,,multiprocessing,2026-10-03T20:48:41+00:00
M0-00509,M0,local,Windows,11,AMD64,AMD Ryzen 3 5300U with Radeon Graphics,amd,8,4,2600,20.8,3.14.6,CPython,1,spawn,2.5.3,db,db_mem_insert_select,8669,453,0.0,ms,normal,15,476,8,16,1,1,1,0,0.008173666664030558,1.0,0.031039188173434897,0.001109253431596542,1.0449610036934318,0.8,0.04864169999927981,0.001098100001399871,0.4349863000024925,0.12119949999760138,0.34638960000302177,0.03250049999769544,0.121199;0.122973;0.120824,0.346390,0.032500;0.032422;0.032522,,multiprocessing,2026-10-03T20:48:43+00:00
M0-00510,M0,local,Windows,11,AMD64,AMD Ryzen 3 5300U with Radeon Graphics,amd,8,4,2600,20.8,3.14.6,CPython,1,spawn,2.5.3,mixed,mixed_parse_lines,2,1396,0.0,seconds,normal,4596,1418,8,4,2,3,1,0,0.0006482987007913906,0.24668627970659332,0.09819229074822457,0.006077446289289038,1.8315112627934267,5.9,0.07800280000083148,0.0005541000427911058,0.2716173999942839,3.051939199998742,0.8546366000009584,0.7697885999950813,3.052146;3.051939;3.040586,0.854637;0.884785;0.833977,0.774419;0.769789;0.769243,,multiprocessing,2026-10-03T20:48:57+00:00
M0-00511,M0,local,Windows,11,AMD64,AMD Ryzen 3 5300U with Radeon Graphics,amd,8,4,2600,20.8,3.14.6,CPython,1,spawn,2.5.3,big_result,result_matrix_lists,303,1258,0.8,ms,normal,8,1281,8,4,2,5,0,0,0.020644733335454173,0.9983220067829135,0.5200236155389573,0.21082535977573139,2.3389208402247443,0.4,0.1055843000067398,0.013953500005300157,0.2716173999942839,0.11262349999742582,0.11636459999863291,0.05150280000088969,0.113564;0.112623;0.112182,0.116365;0.114801;0.117423,0.051503;0.058897;0.050476,,multiprocessing,2026-10-03T20:48:59+00:00
M0-00512,M0,local,Windows,11,AMD64,AMD Ryzen 3 5300U with Radeon Graphics,amd,8,4,2600,20.8,3.14.6,CPython,1,spawn,2.5.3,big_result,result_matrix_lists,36,1281373,0.0,ms,big,81,1281395,8,4,2,5,0,0,0.00016292499894916547,0.9881546551733983,0.1301977577389997,4.71094064909228,0.6428086029729934,9.4,0.024067400001513306,0.015783500020916108,0.2716173999942839,0.012730900001770351,0.013919700002588797,0.1967304999998305,0.012821;0.012731;0.012650,0.013843;0.013920;0.014683,0.196730,,sequential,2026-10-03T20:49:00+00:00
M0-00513,M0,local,Windows,11,AMD64,AMD Ryzen 3 5300U with Radeon Graphics,amd,8,4,2600,20.8,3.14.6,CPython,1,spawn,2.5.3,recursive,rec_nqueens,57,623653,0.0,seconds,big,40,623675,8,4,1,10,0,0,0.009311800002857732,1.0,0.03506244859276018,0.022859883949390293,0.9627371076855391,8.9,0.1161463999960688,0.003065999975660816,0.2716173999942839,0.3716855000020587,0.3760766999985208,0.123798300002818,0.370113;0.373406;0.371686,0.376407;0.376077;0.373917,0.132438;0.123763;0.123798,,multiprocessing,2026-10-03T20:49:03+00:00
M0-00514,M0,local,Windows,11,AMD64,AMD Ryzen 3 5300U with Radeon Graphics,amd,8,4,2600,20.8,3.14.6,CPython,1,spawn,2.5.3,algo_iter,algo_edit_distance,6784,1516,0.3,seconds,normal,1258,1539,8,2,2,16,0,0,0.0015758281244870886,1.0,0.185446583967331,0.0025700767268643267,1.0184674021474933,1.2,0.10138309999456396,0.001572900015162304,0.21163619999424554,1.908356099993398,1.9332786000013584,0.9671847999998135,1.908356;1.907474;1.908669,1.933279;1.937345;1.926203,0.971228;0.967185;0.964277,,multiprocessing,2026-10-03T20:49:19+00:00
M0-00515,M0,local,Windows,11,AMD64,AMD Ryzen 3 5300U with Radeon Graphics,amd,8,4,2600,20.8,3.14.6,CPython,1,spawn,2.5.3,big_payload,big_reverse,5,250594,0.8,seconds,big,798,250616,8,2,0,0,0,0,0.00018422311576564174,0.999804079647008,0.12119813376746044,0.39384308095781073,0.9687073277097926,17.3,0.07697370000096271,0.002264599963382352,0.21163619999424554,0.16216390000045067,0.16385960000479827,0.8479690000021947,0.166075;0.162164;0.162004,0.171463;0.163860;0.163576,0.847969,,sequential,2026-10-03T20:49:21+00:00
M0-00516,M0,local,Windows,11,AMD64,AMD Ryzen 3 5300U with Radeon Graphics,amd,8,4,2600,20.8,3.14.6,CPython,1,spawn,2.5.3,db,db_mem_insert_select,523,106951,0.0,ms,big,117,106974,8,4,1,1,1,0,0.0006169000001230823,1.0,0.164113733538756,0.04144107521471941,1.0813780952138687,18.2,0.034969899999850895,0.000861099993926473,0.2716173999942839,0.07002710000233492,0.09692589999758638,0.03657099999691127,0.071553;0.066501;0.070027,0.096926;0.094309;0.100778,0.037941;0.033280;0.036571,,multiprocessing,2026-10-03T20:49:23+00:00
M0-00517,M0,local,Windows,11,AMD64,AMD Ryzen 3 5300U with Radeon Graphics,amd,8,4,2600,20.8,3.14.6,CPython,1,spawn,2.5.3,algo_rec,algo_flood_fill,27,1247199,0.3,seconds,big,160,1247221,8,16,3,10,0,0,0.011208760000590701,0.9992619318134244,0.21969754458606172,0.058302613508751454,1.258213486259296,20.3,0.10564500000327826,0.0036219000030541793,0.4349863000024925,1.8435484000001452,1.881306000002951,0.5712484000032418,1.843548;1.848930;1.837688,1.881306;1.875893;1.890642,0.571248;0.579138;0.545015,,multiprocessing,2026-10-03T20:49:37+00:00
M0-00518,M0,local,Windows,11,AMD64,AMD Ryzen 3 5300U with Radeon Graphics,amd,8,4,2600,20.8,3.14.6,CPython,1,spawn,2.5.3,io,io_sleep,370,18,0.3,seconds,normal,4316,38,8,8,0,1,1,0,0.0005851523252034853,0.03687553332162468,0.20211977326711572,0.008262806500180981,1.9954504521096668,13.7,0.07694949999859091,0.0012434000309440307,0.3155174000057741,2.6525087999980315,0.329688999998325,0.3063913000005414,2.652509,0.326583;0.331132;0.329689,0.308259;0.303599;0.306391,,multiprocessing,2026-10-03T20:49:42+00:00
M0-00519,M0,local,Windows,11,AMD64,AMD Ryzen 3 5300U with Radeon Graphics,amd,8,4,2600,20.8,3.14.6,CPython,1,spawn,2.5.3,algo_rec,algo_sudoku,12,183,0.3,ms,normal,18,202,8,16,3,28,0,0,0.004949174999637762,1.0,0.20342257464754776,0.0016922008796165877,0.47059049401172,14.8,0.0583039999983157,0.0002482999989297241,0.4349863000024925,0.12351819999457803,0.1286268999974709,0.038369200003216974,0.122925;0.125598;0.123518,0.128627;0.130421;0.128533,0.038369;0.041976;0.037324,,multiprocessing,2026-10-03T20:49:43+00:00
M0-00520,M0,local,Windows,11,AMD64,AMD Ryzen 3 5300U with Radeon Graphics,amd,8,4,2600,20.8,3.14.6,CPython,1,spawn,2.5.3,big_payload,big_reverse,6,240458,0.0,ms,big,277,240480,8,8,0,0,0,0,0.0001683623186840703,0.999893238664288,0.13535263255349278,0.38532968500437864,0.8369150041489388,20.8,0.0273931999981869,0.001767800007655751,0.3155174000057741,0.05306969999946887,0.05615920000127517,0.23478709999471903,0.053628;0.053070;0.051107,0.056159;0.058816;0.052943,0.230779;0.234787;0.242082,,sequential,2026-10-03T20:49:45+00:00
M0-00521,M0,local,Windows,11,AMD64,AMD Ryzen 3 5300U with Radeon Graphics,amd,8,4,2600,20.8,3.14.6,CPython,1,spawn,2.5.3,text,text_regex_findall,71,1818,0.3,ms,normal,32,1840,8,4,1,1,0,0,0.00648727499992674,0.9990737810648412,0.19895190778427937,0.0010058153187477068,1.0167045158255477,17.2,0.10391370000434108,0.0003091000035055913,0.2716173999942839,0.20055800000409363,0.1996311000038986,0.07381760000134818,0.200558;0.200900;0.198164,0.200442;0.199631;0.198447,0.073901;0.073818;0.067651,,multiprocessing,2026-10-03T20:49:47+00:00
M0-00522,M0,local,Windows,11,AMD64,AMD Ryzen 3 5300U with Radeon Graphics,amd,8,4,2600,20.8,3.14.6,CPython,1,spawn,2.5.3,big_result,result_records,48370,410844,0.3,ms,big,8,410867,8,8,1,2,0,0,0.017706966665476404,0.9987604270199357,0.2742127130963642,1.9461963184691058,0.5837604033840423,22.0,0.25226370000018505,0.10392780000256607,0.3155174000057741,0.2620422999971197,0.3165630000003148,0.2669146999978693,0.264099;0.248845;0.262042,0.318932;0.316563;0.244276,0.266915;0.278742;0.245377,,sequential,2026-10-03T20:49:50+00:00
M0-00523,M0,local,Windows,11,AMD64,AMD Ryzen 3 5300U with Radeon Graphics,amd,8,4,2600,20.8,3.14.6,CPython,1,spawn,2.5.3,numpy,np_linalg_solve,232,416,0.8,seconds,normal,1754,438.45,8,4,0,3,0,1,0.001206467441840877,0.9967874293154217,0.9572113462366848,0.003468805236593346,0.8986242193741198,14.9,0.10997409999981755,0.0013158000001567416,0.2716173999942839,1.986110000005283,2.4478320999987773,1.2017957999996725,1.986110;1.989442;1.985110,2.433696;2.447832;2.468028,1.230527;1.201796;1.082691,,multiprocessing,2026-10-03T20:50:08+00:00
M0-00524,M0,local,Windows,11,AMD64,AMD Ryzen 3 5300U with Radeon Graphics,amd,8,4,2600,20.8,3.14.6,CPython,1,spawn,2.5.3,tiny,tiny_len,19,74,0.0,ms,normal,200000,93,8,4,0,0,0,0,2.1764994380646385e-07,0.9841558674047071,2.0715361157538386,16.609238736900785,0.32418560900808224,15.6,0.005771600001025945,0.0031622001115465537,0.2716173999942839,0.015565599998808466,0.024898199997551274,0.10930699999880744,0.015566;0.016450;0.015318,0.024898;0.031622;0.024895,0.109307,,sequential,2026-10-03T20:50:09+00:00
M0-00525,M0,local,Windows,11,AMD64,AMD Ryzen 3 5300U with Radeon Graphics,amd,8,4,2600,20.8,3.14.6,CPython,1,spawn,2.5.3,cpu,cpu_count_primes,195,16,0.3,seconds,normal,48403,35,8,4,2,4,0,0,3.663478577923081e-05,1.0,0.23265339231306142,0.09772134943588415,0.9693617329734504,19.3,0.10415829999692505,0.002784600052109454,0.2716173999942839,1.7639210000052117,1.7862539999987348,0.7039165000023786,1.764447;1.751079;1.763921,1.786172;1.798537;1.786254,0.703917;0.761860;0.520636,,multiprocessing,2026-10-03T20:50:22+00:00
M0-00526,M0,local,Windows,11,AMD64,AMD Ryzen 3 5300U with Radeon Graphics,amd,8,4,2600,20.8,3.14.6,CPython,1,spawn,2.5.3,mixed,mixed_json_roundtrip,2,658352,0.8,seconds,big,303,658374,8,8,1,1,1,0,0.0006363386667605179,0.1706841636622486,0.13357277733814274,0.2579994069518419,2.096954042657078,5.5,0.07466310000017984,0.0038698999924235977,0.3155174000057741,0.18829639999603387,0.02999889999773586,0.43203949999588076,0.188296,0.029999;0.030882;0.029153,0.432039,,threading,2026-10-03T20:50:24+00:00
M0-00527,M0,local,Windows,11,AMD64,AMD Ryzen 3 5300U with Radeon Graphics,amd,8,4,2600,20.8,3.14.6,CPython,1,spawn,2.5.3,io,io_file_roundtrip,3,107815,0.3,seconds,big,13,107837,8,2,1,0,1,0,0.02400649999860131,0.14698656849719324,0.2132734198880434,0.0021730225622266447,0.8597878448515672,17.7,0.14703349999763304,0.00043120000191265717,0.21163619999424554,0.404906600000686,0.21056639999733306,0.2140034000040032,0.419421;0.399017;0.404907,0.204905;0.210566;0.211434,0.214003;0.205504;0.219607,,threading,2026-10-03T20:50:27+00:00
M0-00528,M0,local,Windows,11,AMD64,AMD Ryzen 3 5300U with Radeon Graphics,amd,8,4,2600,20.8,3.14.6,CPython,1,spawn,2.5.3,tiny,tiny_add,4,20,0.3,ms,normal,36427,39,8,4,0,1,0,0,1.6270006017293782e-07,1.0,0.4190624031631269,20.49784078099841,0.2907138743931249,4.2,0.005482200002006721,0.003240399884816725,0.2716173999942839,0.003883600002154708,0.006143500002508517,0.010711399998399429,0.003884;0.003996;0.003515,0.006260;0.005901;0.006144,0.011272;0.010145;0.010711,,sequential,2026-10-03T20:50:28+00:00
M0-00529,M0,local,Windows,11,AMD64,AMD Ryzen 3 5300U with Radeon Graphics,amd,8,4,2600,20.8,3.14.6,CPython,1,spawn,2.5.3,db,db_mem_group_by,13783,679,0.8,ms,normal,8,702,8,4,1,2,1,0,0.012640766668482684,1.0,0.6648292095265622,0.0006065031190382148,0.6077849190493468,4.8,0.07133969999995315,0.0002175999979954213,0.2716173999942839,0.1042721000048914,0.12774670000362676,0.04384760000539245,0.103921;0.105263;0.104272,0.127248;0.127918;0.127747,0.030900;0.043848;0.046756,,multiprocessing,2026-10-03T20:50:29+00:00
M0-00530,M0,local,Windows,11,AMD64,AMD Ryzen 3 5300U with Radeon Graphics,amd,8,4,2600,20.8,3.14.6,CPython,1,spawn,2.5.3,mixed,mixed_hash_then_write,290,1322,0.0,seconds,normal,16850,1345,8,2,1,3,1,0,0.000425207692061145,0.9975322909571281,0.13681490498163895,0.011088698474598695,1.2047294366231,1.9,0.09182449999934761,0.0008911000259104185,0.21163619999424554,6.7603401000014856,5.7947075000047334,5.728051199999754,6.484179;6.833808;6.760340,5.794708;5.760824;6.389701,5.742705;5.728051;5.715606,,multiprocessing,2026-10-03T20:51:25+00:00
M0-00531,M0,local,Windows,11,AMD64,AMD Ryzen 3 5300U with Radeon Graphics,amd,8,4,2600,20.8,3.14.6,CPython,1,spawn,2.5.3,algo_rec,algo_sudoku,10,1719,0.8,seconds,normal,70,1741,8,4,3,28,0,0,0.005556433333064585,1.0,0.7715496649888621,0.0009718462826259948,0.5221797218136871,15.5,0.14565749999746913,0.00030730000435141847,0.2716173999942839,0.6739923999994062,0.6607912999970722,0.24865500000305474,0.657726;0.673992;0.679381,0.664385;0.660791;0.658407,0.248655;0.237116;0.249609,,multiprocessing,2026-10-03T20:51:31+00:00
M0-00532,M0,local,Windows,11,AMD64,AMD Ryzen 3 5300U with Radeon Graphics,amd,8,4,2600,20.8,3.14.6,CPython,1,spawn,2.5.3,db,db_file_lookup,181,57,0.8,seconds,normal,150,76.125,8,8,1,5,1,0,0.0072042500014504185,0.9986587459764853,0.45838155910001743,0.0007200612555592175,0.8446283232338189,14.8,0.13114340000174707,0.0002888999879360199,0.3155174000057741,1.2844452999997884,1.5114993000024697,1.555277899999055,1.296159;1.280842;1.284445,1.752025;1.511499;1.509388,1.555278;1.553388;1.592465,,sequential,2026-10-03T20:51:45+00:00
M0-00533,M0,local,Windows,11,AMD64,AMD Ryzen 3 5300U with Radeon Graphics,amd,8,4,2600,20.8,3.14.6,CPython,1,spawn,2.5.3,io,io_sleep_chunks,3467,930,0.0,ms,normal,8,953,8,2,1,1,1,0,0.005123033331377276,0.0168044490587326,0.20141577126528365,0.0020886061678910667,1.9001661585448864,13.4,0.024331299995537847,0.00023599999985890463,0.21163619999424554,0.03309079999598907,0.017604900000151247,0.019347599998582155,0.035346;0.032857;0.033091,0.016865;0.018413;0.017605,0.019348;0.018955;0.019860,,threading,2026-10-03T20:51:45+00:00
M0-00534,M0,local,Windows,11,AMD64,AMD Ryzen 3 5300U with Radeon Graphics,amd,8,4,2600,20.8,3.14.6,CPython,1,spawn,2.5.3,big_result,result_sorted_pairs,1702,1276,0.3,ms,normal,80,1299,8,8,1,4,0,0,0.0007584800001495751,0.9999588890135105,0.21101604025441237,0.699379020069284,1.037524583275814,14.2,0.04126969999924768,0.011583199993765447,0.3155174000057741,0.06147330000385409,0.06639069999800995,0.039399799999955576,0.061731;0.061473;0.059393,0.066271;0.066391;0.066810,0.039939;0.039400;0.037886,,multiprocessing,2026-10-03T20:51:46+00:00
M0-00535,M0,local,Windows,11,AMD64,AMD Ryzen 3 5300U with Radeon Graphics,amd,8,4,2600,20.8,3.14.6,CPython,1,spawn,2.5.3,recursive,rec_tree_sum,26639,285,0.0,seconds,normal,260,308,8,16,0,4,0,0,0.010647159999643918,0.9982803183304041,0.03513279212074896,0.0007062916786046467,0.763399258076224,0.0,0.1227973999993992,0.00030700000206707045,0.4349863000024925,3.3807839000000968,3.8648175000053016,0.8166108000004897,3.256113;3.380784;3.694518,3.657415;3.864818;3.955987,0.816611;0.837446;0.813314,,multiprocessing,2026-10-03T20:52:11+00:00
M0-00536,M0,local,Windows,11,AMD64,AMD Ryzen 3 5300U with Radeon Graphics,amd,8,4,2600,20.8,3.14.6,CPython,1,spawn,2.5.3,recursive,rec_nqueens,18,93,0.3,seconds,normal,239,112,8,8,1,10,0,0,0.002889833332624726,0.9991452749165969,0.16486623248834845,0.001366861171135679,0.9936588088774794,18.1,0.10505030000058468,0.00035450001450954005,0.3155174000057741,0.6876479999991716,0.6890324000050896,0.18391710000287276,0.687648;0.691257;0.686262,0.692012;0.689032;0.686840,0.183917;0.183999;0.177992,,multiprocessing,2026-10-03T20:52:17+00:00
M0-00537,M0,local,Windows,11,AMD64,AMD Ryzen 3 5300U with Radeon Graphics,amd,8,4,2600,20.8,3.14.6,CPython,1,spawn,2.5.3,recursive,rec_quicksort,757,1594,0.8,ms,normal,8,1617,8,4,1,8,0,0,0.0013956666662124917,1.0,0.2907432178522435,0.008192022749894988,1.2496854053178985,7.1,0.00841289999516448,0.0002625999986776151,0.2716173999942839,0.007044800004223362,0.0085213999991538,0.003444800000579562,0.007132;0.007045;0.007040,0.008340;0.008521;0.008574,0.002980;0.003558;0.003445,,multiprocessing,2026-10-03T20:52:17+00:00
M0-00538,M0,local,Windows,11,AMD64,AMD Ryzen 3 5300U with Radeon Graphics,amd,8,4,2600,20.8,3.14.6,CPython,1,spawn,2.5.3,big_result,result_long_string,161,1007917,0.3,ms,big,33,1007939,8,8,1,1,0,0,0.0040355374994760496,0.9976116657458283,0.18273657630447798,0.1266064311365019,0.9201963815848413,13.0,0.07306110000354238,0.005007900013879407,0.3155174000057741,0.13458109999919543,0.13689460000023246,0.7004602000015439,0.133352;0.134627;0.134581,0.165273;0.135268;0.136895,0.700460,,sequential,2026-10-03T20:52:19+00:00
M0-00539,M0,local,Windows,11,AMD64,AMD Ryzen 3 5300U with Radeon Graphics,amd,8,4,2600,20.8,3.14.6,CPython,1,spawn,2.5.3,big_result,result_long_string,14226,49,0.0,ms,normal,10,69,8,4,1,1,0,0,0.0038232666653736183,0.9995191506966635,0.06820562249225987,0.031700639646106275,0.8748520228404124,14.3,0.024641199997859076,0.0005962000068393536,0.2716173999942839,0.03644029999850318,0.03874630000063917,0.01765750000049593,0.036901;0.035980;0.036440,0.039110;0.037846;0.038746,0.017658;0.021124;0.015421,,multiprocessing,2026-10-03T20:52:20+00:00
M0-00540,M0,local,Windows,11,AMD64,AMD Ryzen 3 5300U with Radeon Graphics,amd,8,4,2600,20.8,3.14.6,CPython,1,spawn,2.5.3,db,db_file_lookup,106,28,0.0,seconds,normal,113,47,8,2,1,5,1,0,0.00555493333538632,0.9987903327014902,0.017667127740848845,0.0008260931364505945,0.8535498295899497,13.7,0.10885280000366038,0.00030259998311521485,0.21163619999424554,0.6385892999969656,0.4283378999971319,0.4271649000002071,0.624211;0.638589;0.645649,0.430140;0.423179;0.428338,0.412327;0.435584;0.427165,,multiprocessing,2026-10-03T20:52:25+00:00
M0-00541,M0,local,Windows,11,AMD64,AMD Ryzen 3 5300U with Radeon Graphics,amd,8,4,2600,20.8,3.14.6,CPython,1,spawn,2.5.3,cpu,cpu_matmul_lists,12,365898,0.8,ms,big,112,365920,8,4,3,5,0,0,0.0002032178573634675,1.0,1.0711282570853922,0.27337656386703524,1.0830542508692251,16.8,0.012565999997605104,0.001467899994167965,0.2716173999942839,0.021948800000245683,0.022913799999514595,0.07833360000222456,0.022140;0.021818;0.021949,0.022914;0.022706;0.023178,0.078334;0.076332;0.105459,,sequential,2026-10-03T20:52:26+00:00
M0-00542,M0,local,Windows,11,AMD64,AMD Ryzen 3 5300U with Radeon Graphics,amd,8,4,2600,20.8,3.14.6,CPython,1,spawn,2.5.3,algo_iter,algo_dijkstra,71,615,0.0,ms,normal,89,637,8,8,2,15,0,0,0.00017381363795720972,1.0,0.21490362675003533,0.02200633063296346,0.8876237841341298,21.7,0.008429399997112341,0.0003382999639143236,0.3155174000057741,0.013961100004962645,0.015386899998702575,0.0055415000024368055,0.014646;0.013705;0.013961,0.015437;0.015387;0.014877,0.005542;0.005399;0.005678,,multiprocessing,2026-10-03T20:52:27+00:00
M0-00543,M0,local,Windows,11,AMD64,AMD Ryzen 3 5300U with Radeon Graphics,amd,8,4,2600,20.8,3.14.6,CPython,1,spawn,2.5.3,mixed,mixed_compute_then_sleep,12642,105,0.0,ms,normal,87,125,8,16,1,3,1,0,0.0010960476190250898,0.4912951623265024,0.10984849040989864,0.0034533168553330038,1.7384395518249673,16.8,0.03689010000380222,0.00039710000419290736,0.4349863000024925,0.09550669999589445,0.05150899999716785,0.018360000001848675,0.095507,0.051509;0.051187;0.052129,0.018360;0.017555;0.018511,,multiprocessing,2026-10-03T20:52:28+00:00
M0-00544,M0,local,Windows,11,AMD64,AMD Ryzen 3 5300U with Radeon Graphics,amd,8,4,2600,20.8,3.14.6,CPython,1,spawn,2.5.3,big_payload,big_upper_copy,5,707817,0.0,seconds,big,282,707839,8,2,0,0,0,0,0.0005235114288682651,0.9990321019045332,0.06164602286191312,1.0328045764861236,0.9058883092099701,16.8,0.08870089999982156,0.011483999980555382,0.21163619999424554,0.16024669999751495,0.16621449999365723,0.811405399999785,0.162382;0.160247;0.156063,0.166214;0.166339;0.163053,0.799263;0.823548,,sequential,2026-10-03T20:52:32+00:00
M0-00545,M0,local,Windows,11,AMD64,AMD Ryzen 3 5300U with Radeon Graphics,amd,8,4,2600,20.8,3.14.6,CPython,1,spawn,2.5.3,db,db_file_commit,2,10791,0.8,ms,normal,8,10813,8,4,1,0,1,0,0.008356566664588172,0.4849710630964276,0.1845082415682646,0.0027244045000097547,0.7284421865718542,23.4,0.056466800000634976,0.0013732000006712042,0.2716173999942839,0.07980189999943832,0.0386075000060373,0.04023809999489458,0.082451;0.079802;0.079174,0.048617;0.038593;0.038608,0.055723;0.040238;0.039209,,threading,2026-10-03T20:52:33+00:00
M0-00546,M0,local,Windows,11,AMD64,AMD Ryzen 3 5300U with Radeon Graphics,amd,8,4,2600,20.8,3.14.6,CPython,1,spawn,2.5.3,cpu,cpu_sum_squares,63662,80,0.8,ms,normal,28,101.14285714285714,8,2,1,2,0,0,0.004772228572359641,0.9991654508027732,0.393665367393019,0.0013380996065628986,1.012440434521242,27.3,0.06932450000022072,0.00029069998709019274,0.21163619999424554,0.11844619999465067,0.11748929999885149,0.0788267999960226,0.117316;0.118446;0.119860,0.117489;0.117223;0.123045,0.080829;0.078827;0.064750,,multiprocessing,2026-10-03T20:52:34+00:00
M0-00547,M0,local,Windows,11,AMD64,AMD Ryzen 3 5300U with Radeon Graphics,amd,8,4,2600,20.8,3.14.6,CPython,1,spawn,2.5.3,tiny,tiny_add,16,247429,0.8,seconds,big,808,247451,8,16,0,1,0,0,3.569307454658838e-07,1.0,0.33309355194890056,144.01953598369218,0.09852971883732958,23.2,0.002796599997964222,0.0018583999917609617,0.4349863000024925,0.0001688999982434325,0.0010023499962699134,0.4275991000031354,0.000253;0.000169;0.000063,0.001071;0.000933,0.427599,,sequential,2026-10-03T20:52:36+00:00
M0-00548,M0,local,Windows,11,AMD64,AMD Ryzen 3 5300U with Radeon Graphics,amd,8,4,2600,20.8,3.14.6,CPython,1,spawn,2.5.3,gil_release,gil_zlib,12,4214,0.3,ms,normal,165,4236,8,2,1,1,0,1,0.001111519512139749,1.0,0.1801405951676219,0.004008026886355676,1.803323239897689,21.2,0.07098430000041844,0.00040699999954085797,0.21163619999424554,0.1799109999992652,0.0932563999958802,0.09508009999990463,0.180388;0.179911;0.178992,0.093120;0.093634;0.093256,0.098915;0.094055;0.095080,,threading,2026-10-03T20:52:37+00:00
M0-00549,M0,local,Windows,11,AMD64,AMD Ryzen 3 5300U with Radeon Graphics,amd,8,4,2600,20.8,3.14.6,CPython,1,spawn,2.5.3,text,text_split_count,13,124,0.3,seconds,normal,9538,143,8,4,1,1,0,0,9.20669128370554e-05,1.0,0.1785422067534333,0.037689981361555616,0.954959653010314,20.8,0.10400159999699099,0.0018337001456529833,0.2716173999942839,0.88472489999549,0.9186618000021554,0.37874810000357684,0.873758;0.884725;0.931971,0.903580;0.918662;0.954707,0.378748;0.357784;0.383867,,multiprocessing,2026-10-03T20:52:45+00:00
M0-00550,M0,local,Windows,11,AMD64,AMD Ryzen 3 5300U with Radeon Graphics,amd,8,4,2600,20.8,3.14.6,CPython,1,spawn,2.5.3,cpu,cpu_sum_squares,101717,160102,0.0,seconds,big,125,160136,8,8,1,2,0,0,0.0065941874991040095,1.0,0.03084551042846252,0.005976855026765264,1.0114268960305781,29.7,0.10563030000048457,0.0006026000046404079,0.3155174000057741,0.7982656000021962,0.7823571000044467,0.2519255000006524,0.830569;0.798266;0.774181,0.788648;0.782357;0.781968,0.243382;0.251926;0.257989,,multiprocessing,2026-10-03T20:52:51+00:00
M0-00551,M0,local,Windows,11,AMD64,AMD Ryzen 3 5300U with Radeon Graphics,amd,8,4,2600,20.8,3.14.6,CPython,1,spawn,2.5.3,big_result,result_records,345,537,0.0,seconds,normal,3698,560,8,4,1,2,0,0,0.00013378176960036727,0.9985650053284207,1.1876692634471389,1.196799839857953,0.6026115133289327,15.1,0.137038399996527,0.0042041999331559055,0.2716173999942839,0.9916763999935938,1.0801131000043824,0.8627287999988766,0.991676;1.009856;0.979209,1.031858;1.080113;1.097749,0.997033;0.862729;0.838827,,multiprocessing,2026-10-03T20:53:00+00:00
M0-00552,M0,local,Windows,11,AMD64,AMD Ryzen 3 5300U with Radeon Graphics,amd,8,4,2600,20.8,3.14.6,CPython,1,spawn,2.5.3,algo_rec,algo_flood_fill,25,481234,0.3,seconds,big,257,481256,8,2,3,10,0,0,0.011072319999220781,1.0,0.31767571214222057,0.007223418333967975,1.073094897090204,13.5,0.10908650000055786,0.0006490000014309771,0.21163619999424554,2.655958700001065,2.769938200006436,1.6812704999974812,2.655959;2.800155;2.591865,2.787673;2.769938;2.686904,1.718307;1.681270;1.442330,,multiprocessing,2026-10-03T20:53:22+00:00
M0-00553,M0,local,Windows,11,AMD64,AMD Ryzen 3 5300U with Radeon Graphics,amd,8,4,2600,20.8,3.14.6,CPython,1,spawn,2.5.3,cpu,cpu_count_primes,123,120911,0.0,seconds,big,1654,120933,8,4,2,4,0,0,2.114213085575503e-05,0.9943397230769929,0.17494992804940868,1.6003589802245441,0.8563620720786869,1.2,0.020832200003496837,0.0016938999615376815,0.2716173999942839,0.03423540000221692,0.036799299996346235,0.47467260000121314,0.033613;0.034762;0.034235,0.037304;0.036317;0.036799,0.474673,,sequential,2026-10-03T20:53:24+00:00
M0-00554,M0,local,Windows,11,AMD64,AMD Ryzen 3 5300U with Radeon Graphics,amd,8,4,2600,20.8,3.14.6,CPython,1,spawn,2.5.3,algo_rec,algo_flood_fill,5,403760,0.8,seconds,big,495,403782,8,4,3,10,0,0,0.0017136967740483552,0.9981099026104936,0.640779678656888,0.03194555793551703,0.7182251895101969,1.9,0.12784370000008494,0.0014715000070282258,0.2716173999942839,0.9969075999979395,1.0278035999945132,0.5481855000034557,0.996286;0.996908;0.998156,1.024006;1.027804;1.036332,0.543493;0.548186;0.562084,,multiprocessing,2026-10-03T20:53:33+00:00
M0-00555,M0,local,Windows,11,AMD64,AMD Ryzen 3 5300U with Radeon Graphics,amd,8,4,2600,20.8,3.14.6,CPython,1,spawn,2.5.3,io,io_sleep_chunks,10556,64,0.3,seconds,normal,23,84,8,8,1,1,1,0,0.01260961999942083,0.010017624661938332,0.13902605194537865,0.000729601701285881,1.975334688118906,13.4,0.09572389999812003,0.00035510000452632084,0.3155174000057741,0.27756209999643033,0.04159839999920223,0.04100450000260025,0.277562,0.041474;0.041598;0.041753,0.040586;0.041056;0.041005,,multiprocessing,2026-10-03T20:53:34+00:00
M0-00556,M0,local,Windows,11,AMD64,AMD Ryzen 3 5300U with Radeon Graphics,amd,8,4,2600,20.8,3.14.6,CPython,1,spawn,2.5.3,numpy,np_linalg_solve,55,161697,0.0,ms,big,82,161719,8,4,0,3,0,1,0.0009719449986732798,0.9987807796826209,0.09225415122525918,0.030639593214212002,1.3281641309231886,22.2,0.03507920000265585,0.0009741000321810134,0.2716173999942839,0.07327330000407528,0.061577399996167514,0.05042910000338452,0.073273;0.079420;0.072689,0.061577;0.050074;0.072536,0.050429;0.049320;0.054226,,multiprocessing,2026-10-03T20:53:35+00:00
M0-00557,M0,local,Windows,11,AMD64,AMD Ryzen 3 5300U with Radeon Graphics,amd,8,4,2600,20.8,3.14.6,CPython,1,spawn,2.5.3,big_result,result_long_string,7196,30,0.0,seconds,normal,485,50,8,4,1,1,0,0,0.0017999357140589772,0.9991770811667019,0.03793588967734601,0.018042311586936415,0.9505389821950219,17.6,0.10428120000142371,0.0010337000057916157,0.2716173999942839,0.9157655000017257,0.9041014999966137,0.4040030000032857,0.915766;0.898329;0.930632,0.904101;0.870532;0.916437,0.389140;0.404003;0.449222,,multiprocessing,2026-10-03T20:53:43+00:00
M0-00558,M0,local,Windows,11,AMD64,AMD Ryzen 3 5300U with Radeon Graphics,amd,8,4,2600,20.8,3.14.6,CPython,1,spawn,2.5.3,big_payload,big_count_byte,3,2998388,0.0,seconds,big,66,2998410,8,16,0,1,0,0,0.0016044562489696546,1.0,0.11171888333179952,0.8305812330379644,0.959478240535021,26.0,0.07358499999827472,0.021840300018084235,0.4349863000024925,0.10483889999886742,0.11474100000486942,0.2703553000028478,0.104513;0.105706;0.104839,0.127296;0.114741;0.111541,0.292721;0.270355;0.270275,,sequential,2026-10-03T20:53:48+00:00
M0-00559,M0,local,Windows,11,AMD64,AMD Ryzen 3 5300U with Radeon Graphics,amd,8,4,2600,20.8,3.14.6,CPython,1,spawn,2.5.3,tiny,tiny_small_loop,183,413,0.8,seconds,normal,200000,435.1,8,2,0,0,0,0,1.3144500517228152e-06,1.0,0.5391504303187475,2.795846039193041,0.7012462511992346,2.3,0.01024870000401279,0.003032199907465838,0.21163619999424554,0.2301900999955251,0.2471741999979713,0.3490479000029154,0.230190;0.229758;0.231785,0.248116;0.247174;0.242624,0.360682;0.348456;0.349048,,sequential,2026-10-03T20:53:52+00:00
M0-00560,M0,local,Windows,11,AMD64,AMD Ryzen 3 5300U with Radeon Graphics,amd,8,4,2600,20.8,3.14.6,CPython,1,spawn,2.5.3,mixed,mixed_json_roundtrip,380,2574,0.0,seconds,normal,401,2597,8,2,1,1,1,0,0.010948100000678095,0.9500003340552686,0.013288929532508646,0.000562654738152638,0.9888163132305327,5.1,0.11009119999653194,0.0002727999890339561,0.21163619999424554,4.470931000003475,4.473477200001071,2.2733578000043053,4.397145;4.653302;4.470931,4.478396;4.455448;4.473477,2.273358;2.358467;2.254405,,multiprocessing,2026-10-03T20:54:26+00:00
M0-00561,M0,local,Windows,11,AMD64,AMD Ryzen 3 5300U with Radeon Graphics,amd,8,4,2600,20.8,3.14.6,CPython,1,spawn,2.5.3,cpu,cpu_count_primes,113,44,0.3,ms,normal,1371,63,8,4,2,4,0,0,1.955058471873615e-05,0.9985251858082953,0.2781266506015634,0.17774405813994967,0.8108230009613016,11.8,0.015937700001813937,0.0008182000237866305,0.2716173999942839,0.024551000002247747,0.026993499996024184,0.010298599998350255,0.024668;0.024551;0.024283,0.026052;0.026993;0.027127,0.008124;0.010299;0.011405,,multiprocessing,2026-10-03T20:54:27+00:00
M0-00562,M0,local,Windows,11,AMD64,AMD Ryzen 3 5300U with Radeon Graphics,amd,8,4,2600,20.8,3.14.6,CPython,1,spawn,2.5.3,big_result,result_records,899,229,0.8,ms,normal,113,248.9,8,4,1,2,0,0,0.0003422714287028482,0.9995542731336485,0.5579896460613205,1.9027442676846336,1.0365514225159955,0.8,0.03177579999464797,0.013352799993299413,0.2716173999942839,0.046005699994566385,0.047398700000485405,0.05826559999695746,0.044842;0.046989;0.046006,0.072669;0.046879;0.047399,0.050039;0.058266;0.078775,,sequential,2026-10-03T20:54:28+00:00
M0-00563,M0,local,Windows,11,AMD64,AMD Ryzen 3 5300U with Radeon Graphics,amd,8,4,2600,20.8,3.14.6,CPython,1,spawn,2.5.3,big_result,result_matrix_lists,287,719,0.0,ms,normal,8,742,8,16,2,5,0,0,0.010520799997417877,0.9997566054766605,0.005304500256136104,0.21980584530439956,0.9378974572921992,0.0,0.07263229999807663,0.007206600006611552,0.4349863000024925,0.08511020000150893,0.08716140000615269,0.03527350000513252,0.085110;0.085604;0.082857,0.087161;0.087134;0.087855,0.035274;0.035677;0.034869,,multiprocessing,2026-10-03T20:54:29+00:00
M0-00564,M0,local,Windows,11,AMD64,AMD Ryzen 3 5300U with Radeon Graphics,amd,8,4,2600,20.8,3.14.6,CPython,1,spawn,2.5.3,algo_iter,algo_kmeans,121,454,0.8,ms,normal,50,476,8,4,3,15,0,0,0.003488824999294593,0.9995248218100481,0.30766066268633174,0.001683948170017393,1.067765903069676,0.0,0.08221159999811789,0.0023244000112754293,0.2716173999942839,0.1559895999962464,0.15803899999446003,0.05450429999473272,0.155990;0.154875;0.156474,0.157853;0.158039;0.160449,0.046440;0.059834;0.054504,,multiprocessing,2026-10-03T20:54:31+00:00
M0-00565,M0,local,Windows,11,AMD64,AMD Ryzen 3 5300U with Radeon Graphics,amd,8,4,2600,20.8,3.14.6,CPython,1,spawn,2.5.3,algo_iter,algo_dijkstra,51,1708526,0.8,ms,big,117,1708548,8,8,2,15,0,0,0.0001163310348758763,1.0,0.5331309003041177,6.596906838508325,0.6460173099661454,2.0,0.024260999998659827,0.015786399992066436,0.3155174000057741,0.01287400000001071,0.014519800002744887,0.3450391999940621,0.013646;0.012395;0.012874,0.014132;0.014520;0.014882,0.345039,,sequential,2026-10-03T20:54:32+00:00
M0-00566,M0,local,Windows,11,AMD64,AMD Ryzen 3 5300U with Radeon Graphics,amd,8,4,2600,20.8,3.14.6,CPython,1,spawn,2.5.3,algo_iter,algo_dijkstra,389,31,0.3,ms,normal,124,51,8,16,2,15,0,0,0.0009258677424851715,1.0,0.2726224039727879,0.0036722308204644918,0.9207647451833484,2.7,0.05930559999978868,0.0003561999837984331,0.4349863000024925,0.11715070000354899,0.12444639999739593,0.03150080000341404,0.117151;0.116039;0.117216,0.121643;0.124570;0.124446,0.031501;0.030792;0.031668,,multiprocessing,2026-10-03T20:54:34+00:00
M0-00567,M0,local,Windows,11,AMD64,AMD Ryzen 3 5300U with Radeon Graphics,amd,8,4,2600,20.8,3.14.6,CPython,1,spawn,2.5.3,algo_iter,algo_game_of_life,3,222,0.8,seconds,normal,109,241,8,8,5,9,0,0,0.005659511111540875,0.9997416695980204,0.3277090499872357,0.010077431277283224,0.9389677943792979,4.2,0.1082516000024043,0.0007913000008556992,0.3155174000057741,0.5675744999971357,0.5697856999977375,0.17005129999597557,0.559764;0.571431;0.567574,0.569786;0.568084;0.572986,0.166636;0.170263;0.170051,,multiprocessing,2026-10-03T20:54:38+00:00
M0-00568,M0,local,Windows,11,AMD64,AMD Ryzen 3 5300U with Radeon Graphics,amd,8,4,2600,20.8,3.14.6,CPython,1,spawn,2.5.3,gil_release,gil_zlib,2,112912,0.0,ms,big,12,112934,8,8,1,1,0,1,0.005681400002989297,0.9974631726501023,0.06155202986772829,0.006430339381122232,1.4313083628658527,19.1,0.028836299999966286,0.00032979999377857894,0.3155174000057741,0.06510559999878751,0.014335100000607781,0.016114500002004206,0.067413;0.064929;0.065106,0.014513;0.014335;0.013698,0.016186;0.016115;0.015590,,threading,2026-10-03T20:54:39+00:00
M0-00569,M0,local,Windows,11,AMD64,AMD Ryzen 3 5300U with Radeon Graphics,amd,8,4,2600,20.8,3.14.6,CPython,1,spawn,2.5.3,db,db_mem_insert_select,3708,629,0.8,seconds,normal,135,652,8,2,1,1,1,0,0.003239141176249284,1.0,0.40309181294143026,0.0013020880674117004,1.007532303203433,17.2,0.10843290000048,0.00037030001112725586,0.21163619999424554,0.49601179999444867,0.4325587999992422,0.2777062000022852,0.472586;0.497001;0.496012,0.427831;0.442464;0.432559,0.255131;0.285609;0.277706,,multiprocessing,2026-10-03T20:54:43+00:00
M0-00570,M0,local,Windows,11,AMD64,AMD Ryzen 3 5300U with Radeon Graphics,amd,8,4,2600,20.8,3.14.6,CPython,1,spawn,2.5.3,algo_iter,algo_kmeans,50,113,0.3,ms,normal,23,132,8,2,3,15,0,0,0.0012460600002668798,0.992569450042537,0.11012629719804057,0.008667317651723785,0.8129408873730734,29.2,0.014109300005657133,0.00027240000054007396,0.21163619999424554,0.030438499998126645,0.030928899999707937,0.01759160000074189,0.031025;0.029463;0.030438,0.030929;0.031016;0.029354,0.017887;0.017592;0.015684,,multiprocessing,2026-10-03T20:54:44+00:00
M0-00571,M0,local,Windows,11,AMD64,AMD Ryzen 3 5300U with Radeon Graphics,amd,8,4,2600,20.8,3.14.6,CPython,1,spawn,2.5.3,big_payload,big_reverse,2,1379946,0.8,seconds,big,144,1379968,8,4,0,0,0,0,0.0008981805559516135,0.9980991997744674,0.07181307792231344,1.8882227950483972,0.9639755255918621,26.6,0.10061470000073314,0.03459629999269964,0.2716173999942839,0.14043769999989308,0.14272709999931976,0.7435806000066805,0.139161;0.141770;0.140438,0.142498;0.142727;0.143856,0.743581,,sequential,2026-10-03T20:54:47+00:00
M0-00572,M0,local,Windows,11,AMD64,AMD Ryzen 3 5300U with Radeon Graphics,amd,8,4,2600,20.8,3.14.6,CPython,1,spawn,2.5.3,mixed,mixed_json_roundtrip,20,152203,0.3,ms,big,19,152225,8,2,1,1,1,0,0.0010130249993380858,0.6091809937247731,0.1909897389905701,0.03970780475315987,0.9229116059415663,19.5,0.008876400002918672,0.00036320000799605623,0.21163619999424554,0.01927179999620421,0.012634099999559112,0.012284600001294166,0.019324;0.018435;0.019272,0.012634;0.013227;0.012265,0.012937;0.012285;0.011607,,multiprocessing,2026-10-03T20:54:48+00:00
M0-00573,M0,local,Windows,11,AMD64,AMD Ryzen 3 5300U with Radeon Graphics,amd,8,4,2600,20.8,3.14.6,CPython,1,spawn,2.5.3,cpu,cpu_collatz,29,965,0.3,seconds,normal,10956,987,8,4,2,5,0,0,3.302382858548939e-05,0.9979545579741914,0.40325084427897906,0.1196106199314545,0.9878823824315472,10.6,0.10268489999725716,0.00274380009068409,0.2716173999942839,0.35511350000160746,0.36358710000058636,0.11630710000463296,0.350977;0.355114;0.356001,0.361935;0.363587;0.364966,0.116307;0.122134;0.112595,,multiprocessing,2026-10-03T20:54:51+00:00
M0-00574,M0,local,Windows,11,AMD64,AMD Ryzen 3 5300U with Radeon Graphics,amd,8,4,2600,20.8,3.14.6,CPython,1,spawn,2.5.3,io,io_sleep,292,448,0.0,ms,normal,39,471,8,2,0,1,1,0,0.0005717555557364702,0.08988487164578271,0.010865435230108847,0.013389560563536023,1.469039649058809,2.7,0.00923559999500867,0.00048409998998977244,0.21163619999424554,0.022364199998264667,0.011141700000735,0.011546599998837337,0.021366;0.022364;0.023585,0.010845;0.011142;0.012044,0.011408;0.011547;0.012157,,threading,2026-10-03T20:54:51+00:00
M0-00575,M0,local,Windows,11,AMD64,AMD Ryzen 3 5300U with Radeon Graphics,amd,8,4,2600,20.8,3.14.6,CPython,1,spawn,2.5.3,db,db_file_lookup,422,49,0.3,seconds,normal,268,69,8,4,1,5,1,0,0.01902196666681751,0.9988578805079215,0.24374441713447653,0.00046788023768845616,0.7363176619457407,0.8,0.1410796999989543,0.000250899996899534,0.2716173999942839,5.401655200003006,5.038408499996876,4.357612100000551,5.324748;5.708686;5.401655,4.727163;6.104897;5.038408,4.330106;6.326410;4.357612,,multiprocessing,2026-10-03T20:55:39+00:00
M0-00576,M0,local,Windows,11,AMD64,AMD Ryzen 3 5300U with Radeon Graphics,amd,8,4,2600,20.8,3.14.6,CPython,1,spawn,2.5.3,text,text_format_report,146,51,0.8,ms,normal,587,70,8,16,1,2,0,0,0.0001884698628588286,1.0,0.4278722265613404,0.01835836972882802,1.0103097217707602,0.0,0.05529750000278,0.0005691000260412693,0.4349863000024925,0.10879879999993136,0.11659040000085952,0.029337399995711166,0.107465;0.108799;0.111176,0.117737;0.116460;0.116590,0.029174;0.030342;0.029337,,multiprocessing,2026-10-03T20:55:41+00:00
M0-00577,M0,local,Windows,11,AMD64,AMD Ryzen 3 5300U with Radeon Graphics,amd,8,4,2600,20.8,3.14.6,CPython,1,spawn,2.5.3,gil_release,gil_zlib,2,188228,0.0,ms,big,8,188250,8,8,1,1,0,1,0.009194666670130877,1.0,0.02585783077047786,0.0037558000459376067,1.4335897386229999,9.0,0.04686270000092918,0.0003282999896327965,0.3155174000057741,0.07331210000120336,0.012674799996602815,0.01430149999941932,0.073312,0.012026;0.012850;0.012675,0.014067;0.014301;0.014522,,threading,2026-10-03T20:55:41+00:00
M0-00578,M0,local,Windows,11,AMD64,AMD Ryzen 3 5300U with Radeon Graphics,amd,8,4,2600,20.8,3.14.6,CPython,1,spawn,2.5.3,big_result,result_matrix_lists,54,1536,0.0,seconds,normal,9739,1558,8,4,2,5,0,0,0.0003590748197605947,1.0,0.4309746486153179,0.25181380982993007,1.0245589817146927,0.0,0.10114919999614358,0.002380300051299855,0.2716173999942839,3.7970626000023913,3.9420516999962274,1.5115653000029852,3.834772;3.797063;3.770126,3.942052;3.942513;3.854874,1.511565;1.732697;1.467103,,multiprocessing,2026-10-03T20:56:10+00:00
M0-00579,M0,local,Windows,11,AMD64,AMD Ryzen 3 5300U with Radeon Graphics,amd,8,4,2600,20.8,3.14.6,CPython,1,spawn,2.5.3,db,db_file_lookup,217,465734,0.0,seconds,big,121,465756,8,16,1,5,1,0,0.011227319999306928,0.9988199436182101,0.0216852282269916,0.008969193124891573,0.806632063070362,0.4,0.12582120000297436,0.0007682000068598427,0.4349863000024925,1.3050644999966607,1.7142689999964205,1.7820680000004359,1.290167;1.305064;1.357237,2.311894;1.581157;1.714269,1.530343;1.782068;1.798956,,sequential,2026-10-03T20:56:25+00:00
M0-00580,M0,local,Windows,11,AMD64,AMD Ryzen 3 5300U with Radeon Graphics,amd,8,4,2600,20.8,3.14.6,CPython,1,spawn,2.5.3,big_result,result_long_string,31503,23,0.3,ms,normal,8,43,8,16,1,1,0,0,0.008109333330745963,0.9960499833534581,0.219857903585015,0.042239395072624905,0.8197661913176514,17.5,0.05084319999878062,0.0013079000054858625,0.4349863000024925,0.06755949999933364,0.06788190000224859,0.024464499998430256,0.067559;0.066512;0.070883,0.067882;0.071315;0.066142,0.024464;0.023491;0.030669,,multiprocessing,2026-10-03T20:56:26+00:00
M0-00581,M0,local,Windows,11,AMD64,AMD Ryzen 3 5300U with Radeon Graphics,amd,8,4,2600,20.8,3.14.6,CPython,1,spawn,2.5.3,numpy,np_fft,74206,125,0.8,seconds,normal,304,146.4,8,4,0,0,0,1,0.007139519999327604,0.9927926128130272,1.1084710013276744,0.0007087312165010262,0.9938036786586183,1.6,0.14988520000042627,0.0003350000115460716,0.2716173999942839,3.236570799999754,2.1073735000027227,2.07122309999977,3.231364;3.236571;3.365617,2.058143;2.107374;2.109419,2.071223;2.032422;2.134888,,multiprocessing,2026-10-03T20:56:50+00:00
