run_id,machine_id,vm_size,os,os_release,arch,cpu_model,cpu_vendor,logical_cpus,physical_cores,cpu_freq_mhz,ram_gb,python,python_impl,gil_enabled,start_method,numpy_version,family,template_id,work,payload_size,jitter,duration_tier,input_tier,n_items,input_bytes,cpu_count,n_workers,max_loop_depth,arith_op_count,has_io_call,has_gil_release_call,time_per_item,cpu_ratio,time_cv,pickle_time_ratio,thread_probe_speedup,cpu_load,probe_overhead_s,probe_extra_s,pool_startup_s,t_sequential,t_threading,t_multiprocessing,runs_sequential,runs_threading,runs_multiprocessing,censored,label,timestamp
M0c3-00000,M0c3,localc3,Windows,11,AMD64,AMD Ryzen 3 5300U with Radeon Graphics,amd,3,4,2600,20.8,3.14.6,CPython,1,spawn,2.5.3,cpu,cpu_count_primes,3794,202,0.3,seconds,normal,267,222,3,3,2,4,0,0,0.0019243000004078364,1.0,0.24688238918541242,0.002728265179445196,0.941570602537069,20.6,0.1279078999941703,0.021564499984378926,0.26785910000035074,0.5134768999996595,0.5230884999982663,0.2826134999995702,0.517346;0.512222;0.513477,0.522631;0.527436;0.523088,0.281145;0.282613;0.287443,,multiprocessing,2026-10-03T23:57:50+00:00
M0c3-00001,M0c3,localc3,Windows,11,AMD64,AMD Ryzen 3 5300U with Radeon Graphics,amd,3,4,2600,20.8,3.14.6,CPython,1,spawn,2.5.3,io,io_sleep_chunks,8025,34,0.8,ms,normal,8,54,3,6,1,1,1,0,0.012879466667072847,0.013021479951695522,0.13278089671998147,0.0012138183930063581,1.9506176269582964,15.4,0.06124120000458788,0.0009083000040845945,0.3692585000026156,0.0911502000017208,0.015461699993466027,0.016356899999664165,0.091150,0.015557;0.015462;0.014919,0.020841;0.016357;0.015900,,threading,2026-10-03T23:57:51+00:00
M0c3-00002,M0c3,localc3,Windows,11,AMD64,AMD Ryzen 3 5300U with Radeon Graphics,amd,3,4,2600,20.8,3.14.6,CPython,1,spawn,2.5.3,io,io_sleep,8720,923359,0.3,seconds,big,156,923382,3,6,0,1,1,0,0.008866733334192153,0.006221666566416252,0.17526629110404887,0.04698460939376991,1.950195506885113,16.5,0.08249079999950482,0.0034262999906786717,0.3692585000026156,1.404218600000604,0.2544110999951954,0.35482839999895077,1.404219,0.254411;0.254253;0.254956,0.354891;0.347824;0.354828,,threading,2026-10-03T23:57:55+00:00
M0c3-00003,M0c3,localc3,Windows,11,AMD64,AMD Ryzen 3 5300U with Radeon Graphics,amd,3,4,2600,20.8,3.14.6,CPython,1,spawn,2.5.3,algo_rec,algo_sudoku,4,599,0.3,seconds,normal,4017,621,3,3,3,28,0,0,0.0043759461550507694,1.0,1.6766839770983213,0.0010722954249904374,2.1088618237634567,16.9,0.0874820000026375,0.00218309999036137,0.26785910000035074,16.383203900004446,16.60916740000539,8.20198430000164,16.554260;16.338930;16.383204,16.609167;16.630059;16.503625,8.261848;8.138867;8.201984,,multiprocessing,2026-10-04T00:00:00+00:00
M0c3-00004,M0c3,localc3,Windows,11,AMD64,AMD Ryzen 3 5300U with Radeon Graphics,amd,3,4,2600,20.8,3.14.6,CPython,1,spawn,2.5.3,big_payload,big_count_byte,132,1457530,0.3,ms,big,29,1457552,3,3,0,1,0,0,0.0007626142853821095,1.0,0.008889776500537638,1.2087930621795748,0.864787608662906,23.3,0.018910399994638283,0.00729249999858439,0.26785910000035074,0.022718599997460842,0.022865099999762606,0.07459560000279453,0.025978;0.022719;0.022361,0.022555;0.023429;0.022865,0.073921;0.088257;0.074596,,sequential,2026-10-04T00:00:01+00:00
M0c3-00005,M0c3,localc3,Windows,11,AMD64,AMD Ryzen 3 5300U with Radeon Graphics,amd,3,4,2600,20.8,3.14.6,CPython,1,spawn,2.5.3,text,text_format_report,8097,861,0.8,ms,normal,8,884,3,3,1,2,0,0,0.004058766666275915,1.0,0.2055128617380033,0.0023241875192066643,0.2868330108559157,14.1,0.05121599999984028,0.0011171999940415844,0.26785910000035074,0.07263650000095367,0.07555739999952493,0.03620890000456711,0.072692;0.072637;0.072091,0.075557;0.076430;0.074115,0.036209;0.044208;0.035942,,multiprocessing,2026-10-04T00:00:02+00:00
M0c3-00006,M0c3,localc3,Windows,11,AMD64,AMD Ryzen 3 5300U with Radeon Graphics,amd,3,4,2600,20.8,3.14.6,CPython,1,spawn,2.5.3,numpy,np_fft,36764,3991,0.8,ms,normal,8,4014,3,2,0,0,0,1,0.0018095333337745008,1.0,0.7829145099774495,0.007865746312936359,0.5978021079261207,17.0,0.017372700000123587,0.0008468000014545396,0.23801100000127917,0.030585499996959697,0.024427999996987637,0.15441940000164323,0.029870;0.031347;0.030585,0.023333;0.024428;0.024821,0.154419,,threading,2026-10-04T00:00:03+00:00
M0c3-00007,M0c3,localc3,Windows,11,AMD64,AMD Ryzen 3 5300U with Radeon Graphics,amd,3,4,2600,20.8,3.14.6,CPython,1,spawn,2.5.3,recursive,rec_tree_sum,9426,27,0.8,ms,normal,8,47,3,3,0,4,0,0,0.004651000002922956,1.0,0.9763406261840254,0.002092740202546192,1.9867637556794089,19.5,0.024526799999875948,0.0012418999904184602,0.26785910000035074,0.02963369999633869,0.029572799998277333,0.01836609999736538,0.035066;0.026819;0.029634,0.029573;0.028068;0.038441,0.016896;0.018366;0.019879,,multiprocessing,2026-10-04T00:00:04+00:00
M0c3-00008,M0c3,localc3,Windows,11,AMD64,AMD Ryzen 3 5300U with Radeon Graphics,amd,3,4,2600,20.8,3.14.6,CPython,1,spawn,2.5.3,text,text_split_count,11,127,0.8,ms,normal,74,146,3,2,1,1,0,0,8.959444433761139e-05,1.0,0.26887214662135334,0.04160725709887488,0.6046023026905722,19.8,0.0053014999939478,0.0009688999925856479,0.23801100000127917,0.005391300001065247,0.006499199997051619,0.004000200002337806,0.005571;0.005391;0.005378,0.006931;0.006499;0.006171,0.004141;0.004000;0.003780,,multiprocessing,2026-10-04T00:00:05+00:00
M0c3-00009,M0c3,localc3,Windows,11,AMD64,AMD Ryzen 3 5300U with Radeon Graphics,amd,3,4,2600,20.8,3.14.6,CPython,1,spawn,2.5.3,gil_release,gil_zlib,3,51152,0.3,seconds,normal,503,51174,3,4,1,1,0,1,0.0035728357127352084,0.9983848242647289,0.23030488112060646,0.003066791763577866,1.7381315189671476,12.5,0.07892140000330983,0.001030600025842432,0.29391860000032466,3.1674442000003182,0.8661973999987822,0.7034753000043565,1.786984;3.167444;3.295876,0.870863;0.866197;0.843716,0.745019;0.703475;0.702306,,multiprocessing,2026-10-04T00:00:19+00:00
M0c3-00010,M0c3,localc3,Windows,11,AMD64,AMD Ryzen 3 5300U with Radeon Graphics,amd,3,4,2600,20.8,3.14.6,CPython,1,spawn,2.5.3,numpy,np_elementwise,140236,406,0.8,seconds,normal,301,430.6,3,6,0,4,0,0,0.005477430002065376,0.9984638070618148,0.5141110861129529,0.0010369827309578872,1.428871538110485,8.2,0.09505310000531608,0.0010541999799897894,0.3692585000026156,1.7104352999958792,0.9854466999968281,0.9516632000013487,1.730283;1.710435;1.620898,1.006423;0.985447;0.969546,1.171324;0.948729;0.951663,,multiprocessing,2026-10-04T00:00:31+00:00
M0c3-00011,M0c3,localc3,Windows,11,AMD64,AMD Ryzen 3 5300U with Radeon Graphics,amd,3,4,2600,20.8,3.14.6,CPython,1,spawn,2.5.3,db,db_file_commit,1,644,0.0,ms,normal,9,666,3,6,1,0,1,0,0.007018699999510621,0.425617286055258,0.01939715201475678,0.0016242326812439794,1.1874185650545934,5.5,0.03976220000186004,0.0009819000042625703,0.3692585000026156,0.04847639999934472,0.02318060000106925,0.024547000000893604,0.047976;0.048476;0.052773,0.034351;0.023155;0.023181,0.041447;0.023761;0.024547,,threading,2026-10-04T00:00:31+00:00
M0c3-00012,M0c3,localc3,Windows,11,AMD64,AMD Ryzen 3 5300U with Radeon Graphics,amd,3,4,2600,20.8,3.14.6,CPython,1,spawn,2.5.3,gil_release,gil_numpy_matmul,270,7474,0.0,ms,normal,30,7497,3,3,0,2,0,1,0.0008877714280970395,0.9949331041227195,0.13098380153054615,0.008174561332018777,1.0587935480799,2.0,0.012740399994072504,0.0008946999951149337,0.26785910000035074,0.025419899997359607,0.015935000003082678,0.1515776000014739,0.025420;0.025681;0.025108,0.015935;0.016741;0.015678,0.151578,,threading,2026-10-04T00:00:32+00:00
M0c3-00013,M0c3,localc3,Windows,11,AMD64,AMD Ryzen 3 5300U with Radeon Graphics,amd,3,4,2600,20.8,3.14.6,CPython,1,spawn,2.5.3,algo_rec,algo_merge_sort,1521,39,0.3,ms,normal,8,59,3,3,1,10,0,0,0.0037120000003293776,0.999081733891468,0.07783632790935803,0.021803160980981666,0.9048581486143378,12.0,0.024931699997978285,0.001664799994614441,0.26785910000035074,0.028869400004623458,0.03044429999863496,0.017638500001339708,0.028869;0.028905;0.028605,0.030444;0.030347;0.030948,0.017639;0.018089;0.017214,,multiprocessing,2026-10-04T00:00:33+00:00
M0c3-00014,M0c3,localc3,Windows,11,AMD64,AMD Ryzen 3 5300U with Radeon Graphics,amd,3,4,2600,20.8,3.14.6,CPython,1,spawn,2.5.3,algo_iter,algo_kmeans,74,793,0.8,ms,normal,23,815,3,2,3,15,0,0,0.0022916800022358074,1.0,0.1683846686637314,0.004424702197126476,1.214981280645116,0.8,0.023281299996597227,0.0019628999871201813,0.23801100000127917,0.04169679999904474,0.04309559999819612,0.025267900004109833,0.041697;0.041629;0.042428,0.043096;0.043679;0.042679,0.022535;0.037122;0.025268,,multiprocessing,2026-10-04T00:00:34+00:00
M0c3-00015,M0c3,localc3,Windows,11,AMD64,AMD Ryzen 3 5300U with Radeon Graphics,amd,3,4,2600,20.8,3.14.6,CPython,1,spawn,2.5.3,big_payload,big_upper_copy,6,794362,0.3,ms,big,71,794384,3,3,0,0,0,0,0.0006109411774292204,0.9957952010030506,0.1340462961072838,0.8812247257806576,0.8757553888097229,1.6,0.03198780000093393,0.01003479998325929,0.26785910000035074,0.04459099999803584,0.04688720000558533,0.18231119999836665,0.045233;0.044591;0.044228,0.046887;0.046175;0.047313,0.179713;0.185657;0.182311,,sequential,2026-10-04T00:00:35+00:00
M0c3-00016,M0c3,localc3,Windows,11,AMD64,AMD Ryzen 3 5300U with Radeon Graphics,amd,3,4,2600,20.8,3.14.6,CPython,1,spawn,2.5.3,algo_rec,algo_flood_fill,45,41,0.0,ms,normal,8,60,3,4,3,10,0,0,0.020119599997997284,0.9993781473664577,0.1852730775921067,0.0004705195924324247,0.8239096111551627,4.3,0.1257843999992474,0.001515700001618825,0.29391860000032466,0.14807529999961844,0.150094500000705,0.07096209999872372,0.150430;0.147629;0.148075,0.150095;0.150127;0.149955,0.070318;0.072968;0.070962,,multiprocessing,2026-10-04T00:00:37+00:00
M0c3-00017,M0c3,localc3,Windows,11,AMD64,AMD Ryzen 3 5300U with Radeon Graphics,amd,3,4,2600,20.8,3.14.6,CPython,1,spawn,2.5.3,gil_release,gil_zlib,1,4963,0.3,ms,normal,2298,4985,3,3,1,1,0,1,0.00011660444983161236,0.9990906931511374,0.09509569429519911,0.039878401161543404,1.9211510007769375,0.4,0.07690960000036284,0.001073899918992538,0.26785910000035074,0.2671517999988282,0.10537309999926947,0.11596949999511708,0.266986;0.267152;0.268061,0.107538;0.105373;0.104372,0.115969;0.112696;0.119074,,threading,2026-10-04T00:00:39+00:00
M0c3-00018,M0c3,localc3,Windows,11,AMD64,AMD Ryzen 3 5300U with Radeon Graphics,amd,3,4,2600,20.8,3.14.6,CPython,1,spawn,2.5.3,io,io_sleep_return_payload,7911,4715,0.3,seconds,normal,164,4738,3,4,0,1,1,0,0.00796017142835938,0.01002157230093337,0.17417204369603217,0.0013944422413673847,1.3622696314249405,0.0,0.09724510000523878,0.0010679000042728148,0.29391860000032466,1.3764756000018679,0.3733531999969273,0.3762347999945632,1.379086;1.374464;1.376476,0.373353;0.374133;0.372886,0.376888;0.374667;0.376235,,threading,2026-10-04T00:00:46+00:00
M0c3-00019,M0c3,localc3,Windows,11,AMD64,AMD Ryzen 3 5300U with Radeon Graphics,amd,3,4,2600,20.8,3.14.6,CPython,1,spawn,2.5.3,algo_iter,algo_dijkstra,1989,103718,0.8,seconds,big,246,103741,3,2,2,15,0,0,0.006212022223432238,1.0,0.38507899121966743,0.0034002169062597827,0.83722545051282,0.4,0.12766680000640918,0.001695299994025845,0.23801100000127917,1.5546254000000772,1.6247723999986192,0.8143185000008089,1.554625;1.664272;1.554517,1.717764;1.624772;1.602012,0.837793;0.810835;0.814319,,multiprocessing,2026-10-04T00:00:59+00:00
M0c3-00020,M0c3,localc3,Windows,11,AMD64,AMD Ryzen 3 5300U with Radeon Graphics,amd,3,4,2600,20.8,3.14.6,CPython,1,spawn,2.5.3,big_payload,big_reverse,4,210223,0.3,seconds,big,951,210245,3,2,0,0,0,0,0.00015060168761958442,0.9949941852117301,0.19141856310098063,0.3491328775080269,0.8921395619294114,1.9,0.07810730000346666,0.0022966000324231572,0.23801100000127917,0.15973519999533892,0.17513770000368822,0.8212802000016381,0.164111;0.159735;0.155498,0.179113;0.175138;0.158505,0.818348;0.824213,,sequential,2026-10-04T00:01:03+00:00
M0c3-00021,M0c3,localc3,Windows,11,AMD64,AMD Ryzen 3 5300U with Radeon Graphics,amd,3,4,2600,20.8,3.14.6,CPython,1,spawn,2.5.3,mixed,mixed_compute_then_sleep,29210,328754,0.3,ms,big,10,328777,3,2,1,3,1,0,0.0025030000033439137,0.6005806351192543,0.07528902194357782,0.05424157694514164,1.1154647093339691,6.8,0.015241500004776753,0.0012736999997287057,0.23801100000127917,0.025281800000811927,0.017108799998823088,0.02115559999947436,0.025345;0.025282;0.024278,0.017109;0.018230;0.016520,0.021156;0.021361;0.017973,,threading,2026-10-04T00:01:04+00:00
M0c3-00022,M0c3,localc3,Windows,11,AMD64,AMD Ryzen 3 5300U with Radeon Graphics,amd,3,4,2600,20.8,3.14.6,CPython,1,spawn,2.5.3,algo_rec,algo_flood_fill,2,189269,0.3,ms,big,68,189291,3,6,3,10,0,0,0.0005815941185574047,1.0,0.7722613348282731,0.04388546765388312,0.6452650926351899,2.0,0.026569599998765625,0.0007201999833341688,0.3692585000026156,0.05388689999381313,0.055845599999884143,0.04372319999674801,0.059279;0.053887;0.053103,0.054348;0.056118;0.055846,0.043723;0.036538;0.044649,,multiprocessing,2026-10-04T00:01:05+00:00
M0c3-00023,M0c3,localc3,Windows,11,AMD64,AMD Ryzen 3 5300U with Radeon Graphics,amd,3,4,2600,20.8,3.14.6,CPython,1,spawn,2.5.3,big_payload,big_count_byte,25,405984,0.8,ms,big,195,406006,3,6,0,1,0,0,0.00021956041594724715,1.0,0.1443887847718931,0.21923350953450355,0.8717026812596232,1.2,0.02388230000360636,0.0013255000376375392,0.3692585000026156,0.04279099999985192,0.044364599998516496,0.15242729999590665,0.041898;0.042791;0.043187,0.045330;0.044365;0.043727,0.152427;0.152384;0.155820,,sequential,2026-10-04T00:01:06+00:00
M0c3-00024,M0c3,localc3,Windows,11,AMD64,AMD Ryzen 3 5300U with Radeon Graphics,amd,3,4,2600,20.8,3.14.6,CPython,1,spawn,2.5.3,algo_iter,algo_dijkstra,413,309664,0.3,seconds,big,645,309687,3,3,2,15,0,0,0.0010427541662162791,1.0,0.21105301662668624,0.054538261492180565,0.9331649697073207,2.3,0.10494979999930365,0.0015125000209081918,0.26785910000035074,0.6648113999981433,0.6803376999960165,0.6181431000004523,0.664365;0.664954;0.664811,0.680338;0.682118;0.678104,0.621567;0.618143;0.593174,,multiprocessing,2026-10-04T00:01:13+00:00
M0c3-00025,M0c3,localc3,Windows,11,AMD64,AMD Ryzen 3 5300U with Radeon Graphics,amd,3,4,2600,20.8,3.14.6,CPython,1,spawn,2.5.3,gil_release,gil_zlib,9,51474,0.0,seconds,normal,162,51496,3,4,1,1,0,1,0.010654799998155795,1.0,0.013913647468645981,0.0015298269726117624,1.6263916243188947,0.4,0.08620370000426192,0.0003194000164512545,0.29391860000032466,1.7149487999995472,0.6654472000009264,0.6834328000040841,1.714949;1.722690;1.711790,0.651601;0.670515;0.665447,0.705300;0.683433;0.673163,,threading,2026-10-04T00:01:23+00:00
M0c3-00026,M0c3,localc3,Windows,11,AMD64,AMD Ryzen 3 5300U with Radeon Graphics,amd,3,4,2600,20.8,3.14.6,CPython,1,spawn,2.5.3,big_payload,big_count_byte,66,601475,0.0,seconds,big,332,601497,3,6,0,1,0,0,0.00031431807204730335,1.0,0.04483836894584629,0.25744622000359446,0.9179810164150113,1.1,0.05657269999937853,0.0020862000237684697,0.3692585000026156,0.10542100000020582,0.10906689999683294,0.40714040000602836,0.104804;0.105421;0.106019,0.107985;0.109728;0.109067,0.407140;0.371132;0.465750,,sequential,2026-10-04T00:01:26+00:00
M0c3-00027,M0c3,localc3,Windows,11,AMD64,AMD Ryzen 3 5300U with Radeon Graphics,amd,3,4,2600,20.8,3.14.6,CPython,1,spawn,2.5.3,db,db_file_commit,2,3700,0.8,ms,normal,12,3722,3,2,1,0,1,0,0.012642333332526809,0.43806942456022535,0.1985512090737916,0.001178580053172016,1.2168104015366001,7.4,0.06579069999861531,0.0003525000065565109,0.23801100000127917,0.11043169999902602,0.0730861999982153,0.07753750000119908,0.109757;0.110432;0.113477,0.086888;0.073086;0.072684,0.081143;0.077538;0.075141,,threading,2026-10-04T00:01:27+00:00
M0c3-00028,M0c3,localc3,Windows,11,AMD64,AMD Ryzen 3 5300U with Radeon Graphics,amd,3,4,2600,20.8,3.14.6,CPython,1,spawn,2.5.3,algo_rec,algo_lcs_memo,7,1473,0.3,ms,normal,8,1495,3,2,1,10,0,0,0.02326300000034583,0.9949242613805522,0.08050455282710593,0.00047571964266818315,1.3401656159070552,2.0,0.1249316999965231,0.0017062999904737808,0.23801100000127917,0.16592430000309832,0.1694489999936195,0.10079189999669325,0.166302;0.165924;0.165400,0.169449;0.169637;0.167677,0.106512;0.100792;0.092218,,multiprocessing,2026-10-04T00:01:29+00:00
M0c3-00029,M0c3,localc3,Windows,11,AMD64,AMD Ryzen 3 5300U with Radeon Graphics,amd,3,4,2600,20.8,3.14.6,CPython,1,spawn,2.5.3,io,io_sleep_return_payload,5757,146761,0.3,seconds,big,119,146784,3,3,0,1,1,0,0.006161633334057923,0.011608233546241376,0.16280601087679764,0.009310301832110577,1.572672041341009,1.2,0.09143520000361605,0.0009045999977388419,0.26785910000035074,0.723563199993805,0.2477392000000691,0.27606699999887496,0.723555;0.727265;0.723563,0.247739;0.248382;0.246366,0.276067;0.272618;0.276440,,threading,2026-10-04T00:01:34+00:00
M0c3-00030,M0c3,localc3,Windows,11,AMD64,AMD Ryzen 3 5300U with Radeon Graphics,amd,3,4,2600,20.8,3.14.6,CPython,1,spawn,2.5.3,recursive,rec_nqueens,15,474,0.3,seconds,normal,813,496,3,4,1,10,0,0,0.0022890863633206623,1.0,0.17164579353272164,0.0016229178783028749,0.8907968408144297,0.0,0.10897500000282889,0.0016588000144110993,0.29391860000032466,1.9417956999968737,2.0027238999973633,0.980424999994284,1.958997;1.933188;1.941796,2.004199;2.001059;2.002724,0.980263;0.984224;0.980425,,multiprocessing,2026-10-04T00:01:49+00:00
M0c3-00031,M0c3,localc3,Windows,11,AMD64,AMD Ryzen 3 5300U with Radeon Graphics,amd,3,4,2600,20.8,3.14.6,CPython,1,spawn,2.5.3,big_payload,big_checksum_head,7631,532123,0.3,ms,big,90,532146,3,3,1,1,0,0,0.00018425454618409276,0.995738671283104,0.23265961233376567,0.6731448542854156,0.8189088795980102,2.7,0.012183300001197495,0.003225699983886443,0.26785910000035074,0.01577479999832576,0.017114099995524157,0.08914830000139773,0.016295;0.015721;0.015775,0.018279;0.016310;0.017114,0.089148,,sequential,2026-10-04T00:01:50+00:00
M0c3-00032,M0c3,localc3,Windows,11,AMD64,AMD Ryzen 3 5300U with Radeon Graphics,amd,3,4,2600,20.8,3.14.6,CPython,1,spawn,2.5.3,text,text_format_report,13,200201,0.8,ms,big,998,200223,3,3,1,2,0,0,1.8532128373897787e-05,1.0,0.41578601699745693,2.0510326412973874,0.830356122723048,0.8,0.011792199999035802,0.0014670000309706666,0.26785910000035074,0.016859900002600625,0.018050200000288896,0.5197674999944866,0.016660;0.017353;0.016860,0.018665;0.017537;0.018050,0.519767,,sequential,2026-10-04T00:01:52+00:00
M0c3-00033,M0c3,localc3,Windows,11,AMD64,AMD Ryzen 3 5300U with Radeon Graphics,amd,3,4,2600,20.8,3.14.6,CPython,1,spawn,2.5.3,tiny,tiny_add,2,654186,0.8,seconds,big,305,654208,3,3,0,1,0,0,6.434214523515517e-07,1.0,0.35774426464962844,201.75733836410686,0.0512027959285243,3.9,0.004702099999121856,0.0036073999654036015,0.26785910000035074,4.410000110510737e-05,0.0005357499976526015,0.44957520000025397,0.000128;0.000044;0.000022,0.000514;0.000558,0.449575,,sequential,2026-10-04T00:01:53+00:00
M0c3-00034,M0c3,localc3,Windows,11,AMD64,AMD Ryzen 3 5300U with Radeon Graphics,amd,3,4,2600,20.8,3.14.6,CPython,1,spawn,2.5.3,mixed,mixed_compute_then_sleep,185413,37,0.3,ms,normal,9,59,3,6,1,3,1,0,0.011000499997559624,0.6578484982856903,0.11229768873964198,0.0012060054906440022,1.2227165295737148,10.6,0.06149500000174157,0.0003442000088398345,0.3692585000026156,0.10176769999816315,0.07362080000166316,0.04632069999934174,0.100706;0.101768;0.102920,0.073621;0.073059;0.075432,0.046321;0.044027;0.046669,,multiprocessing,2026-10-04T00:01:54+00:00
M0c3-00035,M0c3,localc3,Windows,11,AMD64,AMD Ryzen 3 5300U with Radeon Graphics,amd,3,4,2600,20.8,3.14.6,CPython,1,spawn,2.5.3,io,io_sleep,426,1900,0.0,seconds,normal,4326,1923,3,3,0,1,1,0,0.0006049927704510313,0.03711425718299791,0.13084525413512205,0.00902490140188764,2.040402708507261,1.9,0.07568840000021737,0.0008082000495051034,0.26785910000035074,2.5725728000033996,0.8129625000001397,0.830757600000652,2.581870;2.568021;2.572573,0.812963;0.811421;0.816843,0.818920;0.836421;0.830758,,threading,2026-10-04T00:02:08+00:00
M0c3-00036,M0c3,localc3,Windows,11,AMD64,AMD Ryzen 3 5300U with Radeon Graphics,amd,3,4,2600,20.8,3.14.6,CPython,1,spawn,2.5.3,db,db_mem_insert_select,25,199,0.0,seconds,normal,2955,218,3,3,1,1,1,0,0.00011145560520285044,0.9976799497334594,0.16966319133988114,0.027948345018784716,1.3295915702988987,0.0,0.08883179999975255,0.0017727000813465565,0.26785910000035074,0.324913700002071,0.2691058000054909,0.16723819999606349,0.324914;0.324016;0.326263,0.273009;0.268930;0.269106,0.178854;0.162238;0.167238,,multiprocessing,2026-10-04T00:02:11+00:00
M0c3-00037,M0c3,localc3,Windows,11,AMD64,AMD Ryzen 3 5300U with Radeon Graphics,amd,3,4,2600,20.8,3.14.6,CPython,1,spawn,2.5.3,io,io_file_roundtrip,5,6306,0.0,seconds,normal,557,6328,3,6,1,0,1,0,0.023657333333782542,0.2424175832266296,0.049365998189717354,0.0006509609781709824,1.460738699082982,0.0,0.11947670000517974,0.0010276000029989518,0.3692585000026156,12.807083599996986,2.6706099000002723,2.5186963000014657,12.807084,2.670610;2.832713;2.596736,2.517167;2.518696;2.679782,,multiprocessing,2026-10-04T00:02:40+00:00
M0c3-00038,M0c3,localc3,Windows,11,AMD64,AMD Ryzen 3 5300U with Radeon Graphics,amd,3,4,2600,20.8,3.14.6,CPython,1,spawn,2.5.3,big_payload,big_upper_copy,2,1152302,0.0,ms,big,173,1152324,3,2,0,0,0,0,0.0008144813942043436,0.9992732491549073,0.03856036050200091,1.5646643510098328,0.8788748268688777,13.8,0.10091050000482937,0.02602500005014008,0.23801100000127917,0.17882059999828925,0.15781699999934062,0.6984784999949625,0.151388;0.188007;0.178821,0.157817;0.169784;0.156319,0.683850;0.698478;0.710519,,threading,2026-10-04T00:02:44+00:00
M0c3-00039,M0c3,localc3,Windows,11,AMD64,AMD Ryzen 3 5300U with Radeon Graphics,amd,3,4,2600,20.8,3.14.6,CPython,1,spawn,2.5.3,cpu,cpu_matmul_lists,4,1803726,0.0,ms,big,110,1803748,3,3,3,5,0,0,1.3396297786298587e-05,1.0,0.13667241450475745,63.126396024676296,0.34741746759226894,0.0,0.019856200000504032,0.018387499963864684,0.26785910000035074,0.0009715999985928647,0.0012199999982840382,0.3765253999954439,0.000972;0.001025;0.000932,0.001447;0.001121;0.001220,0.376525,,sequential,2026-10-04T00:02:46+00:00
M0c3-00040,M0c3,localc3,Windows,11,AMD64,AMD Ryzen 3 5300U with Radeon Graphics,amd,3,4,2600,20.8,3.14.6,CPython,1,spawn,2.5.3,big_payload,big_count_byte,2,220189,0.8,ms,big,98,220211,3,6,0,1,0,0,0.0001401666665212057,0.9966379074400128,0.19159737667103222,0.2512009566093401,0.7758598666221368,1.2,0.008752399997320026,0.0010183999984292313,0.3692585000026156,0.01135700000304496,0.012473200004023965,0.05064429999765707,0.011318;0.011357;0.011652,0.012473;0.012352;0.013264,0.031568;0.052940;0.050644,,sequential,2026-10-04T00:02:46+00:00
M0c3-00041,M0c3,localc3,Windows,11,AMD64,AMD Ryzen 3 5300U with Radeon Graphics,amd,3,4,2600,20.8,3.14.6,CPython,1,spawn,2.5.3,text,text_regex_findall,1,153,0.8,ms,normal,1479,172,3,3,1,1,0,0,1.646476965126276e-05,0.9990546434491795,0.39698065916161807,0.21014565415656486,0.8652611718647052,1.2,0.014613300001656171,0.0013551000010920689,0.26785910000035074,0.02301180000358727,0.015684899997722823,0.009103999997023493,0.022704;0.023201;0.023012,0.016426;0.015685;0.015527,0.009535;0.009104;0.008862,,multiprocessing,2026-10-04T00:02:47+00:00
M0c3-00042,M0c3,localc3,Windows,11,AMD64,AMD Ryzen 3 5300U with Radeon Graphics,amd,3,4,2600,20.8,3.14.6,CPython,1,spawn,2.5.3,tiny,tiny_dict_lookup,80,60,0.0,seconds,normal,75369,79,3,4,0,1,0,0,3.5280000156490135e-07,1.0,0.2427093865935443,9.977325946586511,0.504523318244429,10.3,0.006371399998897687,0.0034784999952535145,0.29391860000032466,0.01345729999593459,0.0176184000010835,0.03324129999964498,0.013594;0.013401;0.013457,0.017618;0.017313;0.018532,0.033496;0.032256;0.033241,,sequential,2026-10-04T00:02:48+00:00
M0c3-00043,M0c3,localc3,Windows,11,AMD64,AMD Ryzen 3 5300U with Radeon Graphics,amd,3,4,2600,20.8,3.14.6,CPython,1,spawn,2.5.3,big_payload,big_count_byte,19,132959,0.0,seconds,big,1504,132981,3,3,0,1,0,0,7.063111705916681e-05,1.0,0.08944835484680132,0.2727551225777323,0.9296917126920828,0.4,0.0565950999953202,0.0012778999880538322,0.26785910000035074,0.10673969999334076,0.11010399999941001,0.47796999999991385,0.105758;0.106740;0.140723,0.106365;0.145135;0.110104,0.506511;0.477970;0.476077,,sequential,2026-10-04T00:02:51+00:00
M0c3-00044,M0c3,localc3,Windows,11,AMD64,AMD Ryzen 3 5300U with Radeon Graphics,amd,3,4,2600,20.8,3.14.6,CPython,1,spawn,2.5.3,db,db_file_lookup,186,113,0.3,ms,normal,14,132,3,4,1,5,1,0,0.009299633330859555,0.9996525300321585,0.1256425899002941,0.0008889239242814093,0.6126694475225609,4.6,0.079162299996824,0.0016497000033268705,0.29391860000032466,0.13594539999758126,0.13808579999749782,0.1448524000006728,0.137555;0.135017;0.135945,0.158410;0.137882;0.138086,0.168082;0.144470;0.144852,,sequential,2026-10-04T00:02:53+00:00
M0c3-00045,M0c3,localc3,Windows,11,AMD64,AMD Ryzen 3 5300U with Radeon Graphics,amd,3,4,2600,20.8,3.14.6,CPython,1,spawn,2.5.3,recursive,rec_nqueens,26,82,0.8,seconds,normal,85,101,3,4,1,10,0,0,0.004578633335161915,1.0,0.3554854306265614,0.0011793910728859348,0.8722277401400826,0.0,0.11770090000209166,0.00035579998075263575,0.29391860000032466,0.37451149999833433,0.3864560000001802,0.19019079999998212,0.375967;0.374511;0.373692,0.388440;0.386456;0.384736,0.189014;0.190191;0.190524,,multiprocessing,2026-10-04T00:02:57+00:00
M0c3-00046,M0c3,localc3,Windows,11,AMD64,AMD Ryzen 3 5300U with Radeon Graphics,amd,3,4,2600,20.8,3.14.6,CPython,1,spawn,2.5.3,tiny,tiny_add,95,40,0.3,ms,normal,127860,59,3,4,0,1,0,0,2.3030001466395333e-07,1.0,0.5272091875841977,16.97785679494625,0.3778113092301889,2.7,0.005687600001692772,0.00314019997313153,0.29391860000032466,0.009410799997567665,0.015217000000120606,0.04472869999881368,0.009023;0.009954;0.009411,0.016091;0.015217;0.015115,0.044885;0.044729;0.042495,,sequential,2026-10-04T00:02:57+00:00
M0c3-00047,M0c3,localc3,Windows,11,AMD64,AMD Ryzen 3 5300U with Radeon Graphics,amd,3,4,2600,20.8,3.14.6,CPython,1,spawn,2.5.3,tiny,tiny_add,523,61,0.8,ms,normal,69935,80.9,3,4,0,1,0,0,2.5635001293267124e-07,1.0,1.5632879372352144,15.58416520666195,0.4229568602068801,0.0,0.0055299999949056655,0.0029864999669371173,0.29391860000032466,0.006131599999207538,0.010050999997474719,0.029436500000883825,0.006132;0.005942;0.006202,0.009820;0.011367;0.010051,0.028022;0.029649;0.029437,,sequential,2026-10-04T00:02:58+00:00
M0c3-00048,M0c3,localc3,Windows,11,AMD64,AMD Ryzen 3 5300U with Radeon Graphics,amd,3,4,2600,20.8,3.14.6,CPython,1,spawn,2.5.3,numpy,np_linalg_solve,36,142,0.3,seconds,normal,22082,161,3,6,0,3,0,1,4.223005124950847e-05,1.0,0.15893126313611175,0.07920900565957725,0.8346713103513336,0.8,0.11172369999985676,0.0029509001396945678,0.3692585000026156,0.8877737000002526,1.5265634000024875,0.49081110000406625,0.902687;0.887774;0.886246,1.510274;1.529185;1.526563,0.491083;0.471614;0.490811,,multiprocessing,2026-10-04T00:03:07+00:00
M0c3-00049,M0c3,localc3,Windows,11,AMD64,AMD Ryzen 3 5300U with Radeon Graphics,amd,3,4,2600,20.8,3.14.6,CPython,1,spawn,2.5.3,io,io_sleep_chunks,7759,143,0.8,ms,normal,8,163,3,6,1,1,1,0,0.00873903333073637,0.027901771330694818,0.2682086801672508,0.0015219076677390059,1.9044272142857637,0.0,0.04182790000049863,0.00035060000664088875,0.3692585000026156,0.061615699996764306,0.014237399998819456,0.014749499998288229,0.061616;0.058841;0.062742,0.014237;0.014544;0.014161,0.015563;0.014632;0.014749,,threading,2026-10-04T00:03:08+00:00
M0c3-00050,M0c3,localc3,Windows,11,AMD64,AMD Ryzen 3 5300U with Radeon Graphics,amd,3,4,2600,20.8,3.14.6,CPython,1,spawn,2.5.3,big_payload,big_count_byte,5,197508,0.0,ms,big,1012,197530,3,6,0,1,0,0,0.00010377747039384256,1.0,0.043542725457041694,0.29953515064429936,0.9198258714265711,5.9,0.056273399997735396,0.00130229999194853,0.3692585000026156,0.10691429999860702,0.10994109999592183,0.4092376000044169,0.106032;0.109786;0.106914,0.109941;0.111469;0.107940,0.406238;0.457980;0.409238,,sequential,2026-10-04T00:03:11+00:00
M0c3-00051,M0c3,localc3,Windows,11,AMD64,AMD Ryzen 3 5300U with Radeon Graphics,amd,3,4,2600,20.8,3.14.6,CPython,1,spawn,2.5.3,big_result,result_matrix_lists,23,142310,0.8,seconds,big,1405,142332,3,4,2,5,0,0,7.610398863257835e-05,1.0,0.7692599099693269,0.753311375334463,0.9758638433911195,0.4,0.05685109999467386,0.002618599981360603,0.29391860000032466,0.12786590000177966,0.11332950000360142,0.5345431000023382,0.142115;0.112490;0.127866,0.113330;0.116041;0.111933,0.474258;0.554966;0.534543,,threading,2026-10-04T00:03:15+00:00
M0c3-00052,M0c3,localc3,Windows,11,AMD64,AMD Ryzen 3 5300U with Radeon Graphics,amd,3,4,2600,20.8,3.14.6,CPython,1,spawn,2.5.3,big_result,result_long_string,612,386,0.8,ms,normal,834,408.8,3,2,1,1,0,0,0.00016282884644169826,1.0,0.5283654841655933,0.05499640316119652,0.9464111804608303,1.2,0.0707059999986086,0.0014295999353635125,0.23801100000127917,0.13152529999933904,0.1367677000016556,0.09913049999886425,0.135466;0.131525;0.131362,0.130767;0.136798;0.136768,0.090718;0.101910;0.099130,,multiprocessing,2026-10-04T00:03:16+00:00
M0c3-00053,M0c3,localc3,Windows,11,AMD64,AMD Ryzen 3 5300U with Radeon Graphics,amd,3,4,2600,20.8,3.14.6,CPython,1,spawn,2.5.3,db,db_mem_insert_select,78,668,0.8,ms,normal,74,690,3,4,1,1,1,0,0.00019882777754294997,1.0,0.5039183627899138,0.02232529066473839,0.9254991046730852,6.2,0.007469299998774659,0.000375000003259629,0.29391860000032466,0.011687500002153683,0.010819499999342952,0.007925300000351854,0.011688;0.011581;0.011894,0.010819;0.010819;0.011172,0.007976;0.007925;0.007884,,multiprocessing,2026-10-04T00:03:17+00:00
M0c3-00054,M0c3,localc3,Windows,11,AMD64,AMD Ryzen 3 5300U with Radeon Graphics,amd,3,4,2600,20.8,3.14.6,CPython,1,spawn,2.5.3,big_result,result_long_string,20967,200,0.3,ms,normal,8,220,3,6,1,1,0,0,0.005947899999834287,0.9997515853867361,0.1009885284163262,0.06764852551198201,0.9359683624195841,8.1,0.03791320000163978,0.0014873000036459416,0.3692585000026156,0.04421449999790639,0.04554680000001099,0.0285786000022199,0.044214;0.044302;0.043508,0.045806;0.045386;0.045547,0.028329;0.028579;0.029448,,multiprocessing,2026-10-04T00:03:18+00:00
M0c3-00055,M0c3,localc3,Windows,11,AMD64,AMD Ryzen 3 5300U with Radeon Graphics,amd,3,4,2600,20.8,3.14.6,CPython,1,spawn,2.5.3,numpy,np_elementwise,20098,4405,0.3,ms,normal,49,4428,3,3,0,4,0,0,0.0006025416666185871,1.0,0.2424700397608769,0.009861003066223685,1.4828015188883663,0.8,0.012259000002813991,0.00034900000173365697,0.26785910000035074,0.026387900004920084,0.0137306999968132,0.017404599995643366,0.025971;0.026401;0.026388,0.013165;0.013791;0.013731,0.017293;0.018699;0.017405,,threading,2026-10-04T00:03:19+00:00
M0c3-00056,M0c3,localc3,Windows,11,AMD64,AMD Ryzen 3 5300U with Radeon Graphics,amd,3,4,2600,20.8,3.14.6,CPython,1,spawn,2.5.3,mixed,mixed_json_roundtrip,2,207,0.0,seconds,normal,2388,226,3,3,1,1,1,0,0.0005914941173293354,0.14870122969591093,0.08355106106495817,0.005545278942576918,1.9735105902147239,9.8,0.07707859999936773,0.0010751000299933366,0.26785910000035074,1.4199835999970674,0.4740562000006321,0.4991135000018403,1.431756;1.419566;1.419984,0.474056;0.463410;0.474158,0.500714;0.499114;0.469765,,threading,2026-10-04T00:03:26+00:00
M0c3-00057,M0c3,localc3,Windows,11,AMD64,AMD Ryzen 3 5300U with Radeon Graphics,amd,3,4,2600,20.8,3.14.6,CPython,1,spawn,2.5.3,text,text_split_count,45,119,0.0,seconds,normal,24062,138,3,3,1,1,0,0,0.00028926416189541685,0.9991990705499536,0.12251432117351838,0.011771243917654156,0.9926844157435782,5.4,0.10107390000484884,0.0006738999945810065,0.26785910000035074,6.792442899997695,6.962823000001663,3.3924053000009735,6.759877;6.799145;6.792443,6.935635;6.962823;6.974846,3.386655;3.392405;3.410356,,multiprocessing,2026-10-04T00:04:35+00:00
M0c3-00058,M0c3,localc3,Windows,11,AMD64,AMD Ryzen 3 5300U with Radeon Graphics,amd,3,4,2600,20.8,3.14.6,CPython,1,spawn,2.5.3,cpu,cpu_count_primes,1260,297157,0.3,ms,big,69,297180,3,4,2,4,0,0,0.00042071764619322494,0.9967017930972081,0.24173264612595874,0.10152120933052684,0.9170976610647879,0.0,0.016230599998380058,0.0010380000167060643,0.29391860000032466,0.0290893000055803,0.03043220000108704,0.03732739999395562,0.028800;0.029089;0.029820,0.029327;0.030432;0.030832,0.037327;0.036799;0.037483,,sequential,2026-10-04T00:04:36+00:00
M0c3-00059,M0c3,localc3,Windows,11,AMD64,AMD Ryzen 3 5300U with Radeon Graphics,amd,3,4,2600,20.8,3.14.6,CPython,1,spawn,2.5.3,numpy,np_elementwise,464253,672,0.3,seconds,normal,246,697,3,3,0,4,0,0,0.019467633333988488,0.9980508927144838,0.16814169905809181,0.0005941484928200558,1.524231863468795,2.3,0.09934849999990547,0.00027379999664844945,0.26785910000035074,4.869043800004874,2.6978872000036063,2.5908201999991434,4.820072;4.869044;4.907639,2.625332;2.708007;2.697887,2.590820;2.641297;2.514055,,multiprocessing,2026-10-04T00:05:07+00:00
M0c3-00060,M0c3,localc3,Windows,11,AMD64,AMD Ryzen 3 5300U with Radeon Graphics,amd,3,4,2600,20.8,3.14.6,CPython,1,spawn,2.5.3,mixed,mixed_parse_lines,31,1556,0.0,ms,normal,8,1578,3,3,2,3,1,0,0.0029978666667981693,0.8015262854005091,0.06256581532092576,0.0033690622094796675,0.9624485127092919,0.0,0.0192518999974709,0.0012613999933819287,0.26785910000035074,0.02432050000061281,0.02211610000085784,0.012411299998348113,0.023127;0.024931;0.024321,0.022498;0.020873;0.022116,0.012398;0.013007;0.012411,,multiprocessing,2026-10-04T00:05:11+00:00
M0c3-00061,M0c3,localc3,Windows,11,AMD64,AMD Ryzen 3 5300U with Radeon Graphics,amd,3,4,2600,20.8,3.14.6,CPython,1,spawn,2.5.3,algo_rec,algo_lcs_memo,2,598807,0.3,ms,big,13,598829,3,2,1,10,0,0,0.014534599999024067,0.9954730721968229,0.205834625777048,0.010042702579855537,0.9448713169371562,0.0,0.0837660999968648,0.0006649999995715916,0.23801100000127917,0.17976400000043213,0.1807362999970792,0.10656759999983478,0.182938;0.177982;0.179764,0.180736;0.180226;0.198308,0.117925;0.106371;0.106568,,multiprocessing,2026-10-04T00:05:13+00:00
M0c3-00062,M0c3,localc3,Windows,11,AMD64,AMD Ryzen 3 5300U with Radeon Graphics,amd,3,4,2600,20.8,3.14.6,CPython,1,spawn,2.5.3,io,io_sleep_chunks,11657,1656,0.3,seconds,normal,20,1679,3,3,1,1,1,0,0.013948575000540586,0.021045065990857585,0.09974586286403149,0.0008979412437180903,2.399079348309907,0.0,0.08032660000026226,0.0003797999961534515,0.26785910000035074,0.26073249999899417,0.10394359999918379,0.10571570000320207,0.251371;0.260732;0.262182,0.102435;0.104567;0.103944,0.106003;0.105380;0.105716,,threading,2026-10-04T00:05:15+00:00
M0c3-00063,M0c3,localc3,Windows,11,AMD64,AMD Ryzen 3 5300U with Radeon Graphics,amd,3,4,2600,20.8,3.14.6,CPython,1,spawn,2.5.3,text,text_csv_parse,2,673,0.3,ms,normal,14,695,3,6,2,3,0,0,0.001350799999878897,1.0,0.3781499558259284,0.006761424745040967,0.6240961849909831,2.8,0.010002600000007078,0.0010511000000406057,0.3692585000026156,0.016844099998706952,0.017853600002126768,0.009941699994669762,0.016785;0.017307;0.016844,0.017854;0.017579;0.017923,0.009898;0.010159;0.009942,,multiprocessing,2026-10-04T00:05:15+00:00
M0c3-00064,M0c3,localc3,Windows,11,AMD64,AMD Ryzen 3 5300U with Radeon Graphics,amd,3,4,2600,20.8,3.14.6,CPython,1,spawn,2.5.3,gil_release,gil_numpy_matmul,28,52878,0.8,ms,normal,54,52900,3,4,0,2,0,1,9.866923266180002e-05,0.9632430773089217,0.6622672946872376,0.1124970630561067,0.7624459069577322,9.2,0.0031271999978343956,0.00038009997660992667,0.29391860000032466,0.0032942999969236553,0.005116399996040855,0.16784460000053514,0.003224;0.003305;0.003294,0.005116;0.005169;0.004876,0.167845,,sequential,2026-10-04T00:05:16+00:00
M0c3-00065,M0c3,localc3,Windows,11,AMD64,AMD Ryzen 3 5300U with Radeon Graphics,amd,3,4,2600,20.8,3.14.6,CPython,1,spawn,2.5.3,numpy,np_elementwise,1330,101,0.3,seconds,normal,56822,121,3,6,0,4,0,0,4.954859726209117e-05,0.9974232790834777,0.19894313193567043,0.07134411303488553,1.0717614256357464,5.9,0.09782049999921583,0.00198669993551448,0.3692585000026156,2.7131743999998434,3.397929500002647,1.3635817000031238,2.804258;2.713174;2.701619,3.168956;3.397930;3.414882,1.363582;1.355768;1.364011,,multiprocessing,2026-10-04T00:05:39+00:00
M0c3-00066,M0c3,localc3,Windows,11,AMD64,AMD Ryzen 3 5300U with Radeon Graphics,amd,3,4,2600,20.8,3.14.6,CPython,1,spawn,2.5.3,cpu,cpu_count_primes,2476,1475,0.0,ms,normal,43,1498,3,3,2,4,0,0,0.0011083099998359103,0.9967529322437623,0.037565573104533186,0.0055760570280512746,0.9188166605704436,1.2,0.023433399997884408,0.0003265000050305389,0.26785910000035074,0.04853720000392059,0.04780969999410445,0.026705399999627843,0.046451;0.048717;0.048537,0.046911;0.047810;0.048179,0.026672;0.026705;0.028900,,multiprocessing,2026-10-04T00:05:40+00:00
M0c3-00067,M0c3,localc3,Windows,11,AMD64,AMD Ryzen 3 5300U with Radeon Graphics,amd,3,4,2600,20.8,3.14.6,CPython,1,spawn,2.5.3,io,io_sleep_chunks,2960,1870,0.3,seconds,normal,68,1893,3,6,1,1,1,0,0.004996090000349796,0.03056489109509857,0.18400229178130548,0.0021076483554019134,2.284250743827077,0.8,0.07267049999791197,0.0004425999941304326,0.3692585000026156,0.3327872000008938,0.05091969999921275,0.05242759999964619,0.332787,0.050920;0.051002;0.050096,0.053585;0.052428;0.051045,,threading,2026-10-04T00:05:41+00:00
M0c3-00068,M0c3,localc3,Windows,11,AMD64,AMD Ryzen 3 5300U with Radeon Graphics,amd,3,4,2600,20.8,3.14.6,CPython,1,spawn,2.5.3,algo_iter,algo_dijkstra,664,179,0.0,seconds,normal,371,199,3,6,2,15,0,0,0.0016744699991249946,0.9993134669893909,0.058743756992224894,0.0020991709342921445,0.9600874275310848,0.4,0.10246400000323774,0.000381000034394674,0.3692585000026156,0.6119235000005574,0.6294038999985787,0.3002467999976943,0.611924;0.613751;0.607952,0.631355;0.626467;0.629404,0.300247;0.292703;0.301688,,multiprocessing,2026-10-04T00:05:46+00:00
M0c3-00069,M0c3,localc3,Windows,11,AMD64,AMD Ryzen 3 5300U with Radeon Graphics,amd,3,4,2600,20.8,3.14.6,CPython,1,spawn,2.5.3,mixed,mixed_hash_then_write,1801,1178,0.0,seconds,normal,7786,1201,3,4,1,3,1,0,0.0004626712960560798,0.9842129187216145,0.19999655657842869,0.009164174020262674,1.181861067463331,0.4,0.09341119999589864,0.0014683000263175927,0.29391860000032466,3.5462215000006836,2.5863798999998835,2.814202800000203,3.546222;3.785720;3.523876,2.586380;2.606510;2.584870,2.814203;2.791542;2.847478,,threading,2026-10-04T00:06:14+00:00
M0c3-00070,M0c3,localc3,Windows,11,AMD64,AMD Ryzen 3 5300U with Radeon Graphics,amd,3,4,2600,20.8,3.14.6,CPython,1,spawn,2.5.3,recursive,rec_nqueens,3,53,0.0,ms,normal,296,72,3,3,1,10,0,0,0.00047971891930304793,0.99967841295348,0.06249416100384583,0.0076294674012988535,0.9458707006033703,1.2,0.07334419999824604,0.0004711999717983417,0.26785910000035074,0.141471900002216,0.14744649999920512,0.07179470000119181,0.141685;0.140772;0.141472,0.148141;0.147446;0.144777,0.078292;0.070911;0.071795,,multiprocessing,2026-10-04T00:06:16+00:00
M0c3-00071,M0c3,localc3,Windows,11,AMD64,AMD Ryzen 3 5300U with Radeon Graphics,amd,3,4,2600,20.8,3.14.6,CPython,1,spawn,2.5.3,big_payload,big_count_byte,7,144611,0.3,ms,big,1310,144633,3,6,0,1,0,0,7.720550438367822e-05,1.0,0.0972411989766446,0.32115584370317535,0.9348050272186914,0.0,0.053800900001078844,0.0013782000678475015,0.3692585000026156,0.10175159999926109,0.10384830000111833,0.4058106999946176,0.100231;0.108654;0.101752,0.103848;0.102565;0.140052,0.399219;0.405811;0.466764,,sequential,2026-10-04T00:06:19+00:00
M0c3-00072,M0c3,localc3,Windows,11,AMD64,AMD Ryzen 3 5300U with Radeon Graphics,amd,3,4,2600,20.8,3.14.6,CPython,1,spawn,2.5.3,recursive,rec_fib,2877,318,0.3,seconds,normal,25226,341,3,2,0,4,0,0,0.00033297799944800014,1.0,0.10727779159521944,0.011667435666990212,0.979758537226464,0.0,0.10208520000014687,0.0011895000789081678,0.23801100000127917,8.161836300001596,8.329512000003888,4.135598000000755,8.174255;8.161836;8.147931,8.423289;8.329512;8.316741,4.135598;4.126661;4.145466,,multiprocessing,2026-10-04T00:07:21+00:00
M0c3-00073,M0c3,localc3,Windows,11,AMD64,AMD Ryzen 3 5300U with Radeon Graphics,amd,3,4,2600,20.8,3.14.6,CPython,1,spawn,2.5.3,db,db_mem_group_by,114,297409,0.8,ms,big,57,297431,3,6,1,2,1,0,0.00025895714186065433,1.0,0.35573411306967434,0.3264743206701218,0.8852743781479565,6.7,0.009627799998270348,0.002074700008961372,0.3692585000026156,0.013503800000762567,0.012124699998821598,0.023779700000886805,0.013477;0.013504;0.013626,0.012125;0.011960;0.012126,0.024505;0.023780;0.022941,,threading,2026-10-04T00:07:22+00:00
M0c3-00074,M0c3,localc3,Windows,11,AMD64,AMD Ryzen 3 5300U with Radeon Graphics,amd,3,4,2600,20.8,3.14.6,CPython,1,spawn,2.5.3,cpu,cpu_matmul_lists,27,178,0.3,seconds,normal,196,197,3,3,3,5,0,0,0.0014349257159795212,1.0,0.46986707450725695,0.0029931855170037356,0.9369617581698114,5.9,0.10347150000598049,0.0004428999454830773,0.26785910000035074,0.29593860000022687,0.2988199000028544,0.1617058000047109,0.294208;0.295939;0.299128,0.296778;0.298820;0.301179,0.161706;0.163939;0.158404,,multiprocessing,2026-10-04T00:07:25+00:00
M0c3-00075,M0c3,localc3,Windows,11,AMD64,AMD Ryzen 3 5300U with Radeon Graphics,amd,3,4,2600,20.8,3.14.6,CPython,1,spawn,2.5.3,mixed,mixed_parse_lines,9,945,0.0,ms,normal,197,967,3,4,2,3,1,0,0.0010207693877437494,0.4765388153153063,0.09153507470036643,0.003815749055361803,1.8602111343350216,6.5,0.0773345000052359,0.0004766000056406483,0.29391860000032466,0.19492080000054557,0.09201450000546174,0.056034199995337985,0.194921;0.197301;0.187449,0.091019;0.092028;0.092015,0.056000;0.056034;0.056408,,multiprocessing,2026-10-04T00:07:27+00:00
M0c3-00076,M0c3,localc3,Windows,11,AMD64,AMD Ryzen 3 5300U with Radeon Graphics,amd,3,4,2600,20.8,3.14.6,CPython,1,spawn,2.5.3,recursive,rec_nqueens,1,434461,0.0,seconds,big,460,434483,3,2,1,10,0,0,0.00016545478252025887,0.9992928878907843,0.09787490150896043,0.3138621874891158,0.9489615638668918,0.4,0.04070279999723425,0.0015405000012833625,0.23801100000127917,0.07476410000526812,0.07607350000034785,0.5078781999982311,0.078677;0.073588;0.074764,0.076074;0.076294;0.075454,0.507878,,sequential,2026-10-04T00:07:29+00:00
M0c3-00077,M0c3,localc3,Windows,11,AMD64,AMD Ryzen 3 5300U with Radeon Graphics,amd,3,4,2600,20.8,3.14.6,CPython,1,spawn,2.5.3,text,text_split_count,3,1616,0.3,seconds,normal,1395,1638,3,2,1,1,0,0,0.00036478102169794975,0.9994799366921777,0.16477476860658366,0.010650223438157774,1.0219892547391687,18.0,0.09940210000058869,0.0005670000246027485,0.23801100000127917,0.5000333999996656,0.515279899998859,0.27905420000024606,0.500033;0.499507;0.503319,0.508272;0.519257;0.515280,0.275729;0.279054;0.322853,,multiprocessing,2026-10-04T00:07:34+00:00
M0c3-00078,M0c3,localc3,Windows,11,AMD64,AMD Ryzen 3 5300U with Radeon Graphics,amd,3,4,2600,20.8,3.14.6,CPython,1,spawn,2.5.3,recursive,rec_quicksort,1470,23,0.8,ms,normal,15,43,3,6,1,8,0,0,0.001507533333400109,1.0,0.8087780136675136,0.00601424034542114,0.865566146772701,16.4,0.012123000000428874,0.0010862999988603406,0.3692585000026156,0.02641270000458462,0.027883399998245295,0.01464280000072904,0.026413;0.026169;0.026424,0.027632;0.027883;0.028891,0.014643;0.014488;0.016012,,multiprocessing,2026-10-04T00:07:34+00:00
M0c3-00079,M0c3,localc3,Windows,11,AMD64,AMD Ryzen 3 5300U with Radeon Graphics,amd,3,4,2600,20.8,3.14.6,CPython,1,spawn,2.5.3,io,io_sleep_return_payload,2213,42579,0.0,ms,normal,23,42602,3,2,0,1,1,0,0.002530599999590777,0.013702062387801332,0.06608048950749168,0.009088753858406741,1.5275425841450405,22.2,0.021116299998539034,0.00036330000148154795,0.23801100000127917,0.05775770000036573,0.03053599999839207,0.032913399998506065,0.057650;0.057758;0.059781,0.030536;0.030775;0.030493,0.033168;0.032913;0.032592,,threading,2026-10-04T00:07:35+00:00
M0c3-00080,M0c3,localc3,Windows,11,AMD64,AMD Ryzen 3 5300U with Radeon Graphics,amd,3,4,2600,20.8,3.14.6,CPython,1,spawn,2.5.3,tiny,tiny_len,224,310160,0.0,ms,big,644,310182,3,6,0,0,0,0,4.583849681552893e-07,1.0,0.2820508910015907,110.33302829184919,0.10493560864130208,14.6,0.002992399997310713,0.0020530000183498487,0.3692585000026156,9.159999899566174e-05,0.0005955000015092082,0.45784370000183117,0.000266;0.000092;0.000058,0.000596,0.457844,,sequential,2026-10-04T00:07:37+00:00
M0c3-00081,M0c3,localc3,Windows,11,AMD64,AMD Ryzen 3 5300U with Radeon Graphics,amd,3,4,2600,20.8,3.14.6,CPython,1,spawn,2.5.3,text,text_split_count,8,1756,0.3,ms,normal,19,1778,3,6,1,1,0,0,0.0010085749963764101,0.9993358107836493,0.30518495117300787,0.007064420484537406,0.8417871965043409,13.5,0.008357700004125945,0.00022130001889308915,0.3692585000026156,0.01616410000133328,0.017042100000253413,0.00967520000267541,0.016990;0.016164;0.016077,0.017879;0.016638;0.017042,0.010131;0.009474;0.009675,,multiprocessing,2026-10-04T00:07:37+00:00
M0c3-00082,M0c3,localc3,Windows,11,AMD64,AMD Ryzen 3 5300U with Radeon Graphics,amd,3,4,2600,20.8,3.14.6,CPython,1,spawn,2.5.3,text,text_format_report,12,413688,0.3,ms,big,483,413710,3,6,1,2,0,0,2.0384167449568243e-05,1.0,0.28817717527232356,2.621397179709724,0.9201887380659926,14.5,0.006759500000043772,0.0015665999017073773,0.3692585000026156,0.007455699997080956,0.007962599993334152,0.4157636000018101,0.007454;0.007456;0.007533,0.007861;0.007963;0.008128,0.415764,,sequential,2026-10-04T00:07:39+00:00
M0c3-00083,M0c3,localc3,Windows,11,AMD64,AMD Ryzen 3 5300U with Radeon Graphics,amd,3,4,2600,20.8,3.14.6,CPython,1,spawn,2.5.3,numpy,np_linalg_solve,212,1028,0.3,seconds,normal,1015,1050.15,3,3,0,3,0,1,0.0008200508199792477,0.996617719554892,0.4148763197472774,0.00975549226852498,0.8742628472362391,22.3,0.10794629999872996,0.00092559998302022,0.26785910000035074,0.5131963000021642,0.6726154999996652,0.4056565999999293,0.507411;0.520070;0.513196,0.672615;0.633503;0.714587,0.479647;0.405657;0.358053,,multiprocessing,2026-10-04T00:07:44+00:00
M0c3-00084,M0c3,localc3,Windows,11,AMD64,AMD Ryzen 3 5300U with Radeon Graphics,amd,3,4,2600,20.8,3.14.6,CPython,1,spawn,2.5.3,gil_release,gil_numpy_matmul,64,18323,0.3,seconds,normal,10915,18345,3,2,0,2,0,1,4.424044838636663e-05,1.0,0.21812521036891655,0.14816756122929906,1.446036992452717,15.6,0.08629340000334196,0.002396900046733208,0.23801100000127917,0.47877210000297055,0.315578200003074,0.6445352000009734,0.462242;0.478772;0.491698,0.315578;0.319383;0.314875,0.644535;0.606061;0.701434,,threading,2026-10-04T00:07:50+00:00
M0c3-00085,M0c3,localc3,Windows,11,AMD64,AMD Ryzen 3 5300U with Radeon Graphics,amd,3,4,2600,20.8,3.14.6,CPython,1,spawn,2.5.3,numpy,np_elementwise,465102,2301,0.3,seconds,normal,69,2326,3,4,0,4,0,0,0.022893800000019837,0.9986959601456713,0.1545476813314655,0.0006129752804689389,1.2628419780046376,19.0,0.11821290000079898,0.0002976000032504089,0.29391860000032466,1.445060399993963,0.7646767999976873,0.7867637000017567,1.437490;1.500711;1.445060,0.764677;0.855747;0.700793,0.809517;0.731979;0.786764,,threading,2026-10-04T00:08:00+00:00
M0c3-00086,M0c3,localc3,Windows,11,AMD64,AMD Ryzen 3 5300U with Radeon Graphics,amd,3,4,2600,20.8,3.14.6,CPython,1,spawn,2.5.3,tiny,tiny_dict_lookup,5,131,0.8,ms,normal,20427,150,3,2,0,1,0,0,3.437000486883335e-07,1.0,0.6344495911271142,10.22694337317962,0.4677815431008295,18.3,0.006026099996233825,0.003046899895707611,0.23801100000127917,0.004128799999307375,0.0064722999959485605,0.011910000001080334,0.004234;0.004059;0.004129,0.006472;0.006440;0.006639,0.011910;0.012227;0.011076,,sequential,2026-10-04T00:08:00+00:00
M0c3-00087,M0c3,localc3,Windows,11,AMD64,AMD Ryzen 3 5300U with Radeon Graphics,amd,3,4,2600,20.8,3.14.6,CPython,1,spawn,2.5.3,cpu,cpu_count_primes,3824,270,0.3,seconds,normal,709,293,3,6,2,4,0,0,0.0019819730766287716,1.0,0.24019482084757326,0.0019626903468193363,0.9355234938318345,11.0,0.10597140000027139,0.00040080001053866,0.3692585000026156,1.394861699998728,1.4062763000038103,0.7519775999971898,1.410546;1.394862;1.389713,1.406276;1.402147;1.408186,0.751978;0.753704;0.749830,,multiprocessing,2026-10-04T00:08:11+00:00
M0c3-00088,M0c3,localc3,Windows,11,AMD64,AMD Ryzen 3 5300U with Radeon Graphics,amd,3,4,2600,20.8,3.14.6,CPython,1,spawn,2.5.3,gil_release,gil_numpy_matmul,197,1509,0.3,seconds,normal,2320,1531,3,3,0,2,0,1,0.00043171637944710553,0.9961343259690233,0.42567974422602495,0.009520138314918145,1.8177100583795454,1.9,0.07812800000101561,0.0006228999845916405,0.26785910000035074,0.9561818000001949,0.5232782000020961,0.49652039999637054,0.956182;0.946255;0.958726,0.523278;0.520985;0.528193,0.514816;0.493523;0.496520,,multiprocessing,2026-10-04T00:08:18+00:00
M0c3-00089,M0c3,localc3,Windows,11,AMD64,AMD Ryzen 3 5300U with Radeon Graphics,amd,3,4,2600,20.8,3.14.6,CPython,1,spawn,2.5.3,big_payload,big_upper_copy,2,844415,0.8,ms,big,25,844437,3,4,0,0,0,0,0.0007801166660404609,0.9877723439828945,0.21109662689272793,0.8160745186893876,0.9573088622366287,1.9,0.014085800001339521,0.004165800011833198,0.29391860000032466,0.016473599993332755,0.017501000002084766,0.05343350000475766,0.016891;0.016101;0.016474,0.018914;0.017241;0.017501,0.052628;0.054370;0.053434,,sequential,2026-10-04T00:08:19+00:00
M0c3-00090,M0c3,localc3,Windows,11,AMD64,AMD Ryzen 3 5300U with Radeon Graphics,amd,3,4,2600,20.8,3.14.6,CPython,1,spawn,2.5.3,gil_release,gil_bz2,94,300000,0.0,ms,big,29,300022,3,6,0,1,0,1,0.010426160001952667,0.9972797033724522,0.04441678123924135,0.017252756559093235,1.6007995592586726,4.7,0.08708240000123624,0.0019009999887202866,0.3692585000026156,0.28402469999855384,0.12399500000174157,0.13498330000584247,0.284025;0.284234;0.283952,0.123126;0.123995;0.124959,0.134983;0.133708;0.135082,,threading,2026-10-04T00:08:21+00:00
M0c3-00091,M0c3,localc3,Windows,11,AMD64,AMD Ryzen 3 5300U with Radeon Graphics,amd,3,4,2600,20.8,3.14.6,CPython,1,spawn,2.5.3,gil_release,gil_numpy_matmul,147,11080,0.0,ms,normal,54,11102,3,3,0,2,0,1,0.00020806153770536184,1.0,0.5894473984503037,0.06551316053095338,0.8214494782357107,3.5,0.005925999997998588,0.00041790000250330195,0.26785910000035074,0.009223799999745097,0.0055212000006577,0.006917399994563311,0.009305;0.009224;0.009127,0.006049;0.005521;0.005407,0.006989;0.006917;0.006396,,threading,2026-10-04T00:08:22+00:00
M0c3-00092,M0c3,localc3,Windows,11,AMD64,AMD Ryzen 3 5300U with Radeon Graphics,amd,3,4,2600,20.8,3.14.6,CPython,1,spawn,2.5.3,big_payload,big_checksum_head,1596,1544051,0.0,seconds,big,129,1544074,3,3,1,1,0,0,5.762499949923949e-05,1.0,0.08869762754506873,14.442169323151433,0.7856682320806647,0.8,0.021314999998139683,0.017053200012014713,0.26785910000035074,0.004757499998959247,0.005179300002055243,0.3855120000007446,0.005330;0.004757;0.004639,0.006023;0.005179;0.005147,0.385512,,sequential,2026-10-04T00:08:23+00:00
M0c3-00093,M0c3,localc3,Windows,11,AMD64,AMD Ryzen 3 5300U with Radeon Graphics,amd,3,4,2600,20.8,3.14.6,CPython,1,spawn,2.5.3,big_result,result_long_string,9720,17,0.8,ms,normal,33,37,3,3,1,1,0,0,0.0024794250002742046,1.0,0.41175468289592376,0.029850670523728508,0.8627973787926538,2.7,0.04331880000245292,0.0008650000017951243,0.26785910000035074,0.07220770000276389,0.07381159999931697,0.04272610000043642,0.072230;0.072208;0.071669,0.073309;0.075264;0.073812,0.041639;0.042726;0.044574,,multiprocessing,2026-10-04T00:08:25+00:00
M0c3-00094,M0c3,localc3,Windows,11,AMD64,AMD Ryzen 3 5300U with Radeon Graphics,amd,3,4,2600,20.8,3.14.6,CPython,1,spawn,2.5.3,cpu,cpu_count_primes,371,642,0.8,ms,normal,68,664.7647058823529,3,6,2,4,0,0,0.00011517647105981322,1.0,0.4920591246053455,0.04576098326235447,0.8070523294927687,0.4,0.004887800001597498,0.0003633999949670397,0.3692585000026156,0.0064717999994172715,0.00753180000174325,0.005204900000535417,0.006336;0.006870;0.006472,0.007532;0.007683;0.007059,0.005280;0.005043;0.005205,,multiprocessing,2026-10-04T00:08:26+00:00
M0c3-00095,M0c3,localc3,Windows,11,AMD64,AMD Ryzen 3 5300U with Radeon Graphics,amd,3,4,2600,20.8,3.14.6,CPython,1,spawn,2.5.3,algo_iter,algo_dijkstra,777,303,0.8,seconds,normal,159,325.95,3,6,2,15,0,0,0.002030953846350223,0.9990169150230543,0.5449978227597451,0.00189566056732117,0.8837557725319566,2.3,0.11427520000142977,0.000389000000723172,0.3692585000026156,0.3159668000007514,0.3306064999997034,0.15424749999510823,0.315958;0.316082;0.315967,0.334005;0.330606;0.328140,0.150015;0.159455;0.154247,,multiprocessing,2026-10-04T00:08:29+00:00
M0c3-00096,M0c3,localc3,Windows,11,AMD64,AMD Ryzen 3 5300U with Radeon Graphics,amd,3,4,2600,20.8,3.14.6,CPython,1,spawn,2.5.3,algo_iter,algo_dijkstra,6813,55,0.8,ms,normal,8,75,3,6,2,15,0,0,0.018055399998653836,0.9984695000244153,0.5673110956220947,0.0005778512338936916,0.5243796356826332,6.2,0.1186667000001762,0.00027570000384002924,0.3692585000026156,0.1284349999987171,0.1325933999978588,0.0712582000051043,0.126371;0.128435;0.128588,0.132593;0.122588;0.137290,0.071258;0.074066;0.068250,,multiprocessing,2026-10-04T00:08:30+00:00
M0c3-00097,M0c3,localc3,Windows,11,AMD64,AMD Ryzen 3 5300U with Radeon Graphics,amd,3,4,2600,20.8,3.14.6,CPython,1,spawn,2.5.3,numpy,np_linalg_solve,17,3617,0.8,ms,normal,128,3639,3,4,0,3,0,1,5.0971875452887616e-05,1.0,0.7574130089075993,0.12820799794255136,0.49420710672754603,3.9,0.005098300003737677,0.0005087999961688183,0.29391860000032466,0.004324699999415316,0.007952399995701853,0.005474800003867131,0.004325;0.004384;0.004162,0.007953;0.007952;0.007227,0.005506;0.004656;0.005475,,sequential,2026-10-04T00:08:31+00:00
M0c3-00098,M0c3,localc3,Windows,11,AMD64,AMD Ryzen 3 5300U with Radeon Graphics,amd,3,4,2600,20.8,3.14.6,CPython,1,spawn,2.5.3,gil_release,gil_sha256,43,243690,0.0,ms,big,18,243712,3,2,1,1,0,1,0.005911525000556139,0.9980062832653301,0.03725639873585849,0.007180888087445482,1.7799793851673364,1.6,0.037558600000920705,0.0008467000006930903,0.23801100000127917,0.10373640000034356,0.05449609999777749,0.058637599999201484,0.103706;0.104478;0.103736,0.054496;0.053215;0.054661,0.057321;0.058638;0.058951,,threading,2026-10-04T00:08:32+00:00
M0c3-00099,M0c3,localc3,Windows,11,AMD64,AMD Ryzen 3 5300U with Radeon Graphics,amd,3,4,2600,20.8,3.14.6,CPython,1,spawn,2.5.3,numpy,np_elementwise,609968,334,0.3,ms,normal,8,359,3,2,0,4,0,0,0.023211733333785862,0.9990895690533118,0.11797508359231368,0.000471026286248073,1.3924504794893116,2.4,0.12346149999939371,0.00030300000071292743,0.23801100000127917,0.17740809999668272,0.11598299999604933,0.10890500000095926,0.180815;0.177263;0.177408,0.133493;0.115983;0.114049,0.108423;0.108905;0.116635,,multiprocessing,2026-10-04T00:08:34+00:00
M0c3-00100,M0c3,localc3,Windows,11,AMD64,AMD Ryzen 3 5300U with Radeon Graphics,amd,3,4,2600,20.8,3.14.6,CPython,1,spawn,2.5.3,tiny,tiny_dict_lookup,3,61,0.8,ms,normal,166245,80,3,4,0,1,0,0,2.8964999364688994e-07,0.9947020729391614,0.4918717798493758,14.206804297861659,0.33711742641341913,7.0,0.006266699994739611,0.003146000010019634,0.29391860000032466,0.0332879999987199,0.04202239999722224,0.0758505999983754,0.032586;0.033288;0.033980,0.042022;0.041185;0.042809,0.075851;0.077520;0.072738,,sequential,2026-10-04T00:08:35+00:00
M0c3-00101,M0c3,localc3,Windows,11,AMD64,AMD Ryzen 3 5300U with Radeon Graphics,amd,3,4,2600,20.8,3.14.6,CPython,1,spawn,2.5.3,big_payload,big_checksum_head,3185,110817,0.0,seconds,big,1804,110840,3,2,1,1,0,0,7.364878052096512e-05,1.0,0.09359967908559698,0.25282156924771515,0.9578557912634249,7.0,0.06939389999752166,0.0012766999789164402,0.23801100000127917,0.13448999999673106,0.13694679999753134,0.5611191999996663,0.135386;0.134490;0.133874,0.137435;0.134441;0.136947,0.508091;0.589298;0.561119,,sequential,2026-10-04T00:08:39+00:00
M0c3-00102,M0c3,localc3,Windows,11,AMD64,AMD Ryzen 3 5300U with Radeon Graphics,amd,3,4,2600,20.8,3.14.6,CPython,1,spawn,2.5.3,numpy,np_fft,1499,1125,0.3,ms,normal,52,1148,3,2,0,0,0,1,0.00018812307770041606,1.0,0.7125733033587666,0.023756953551085303,1.0813248152800108,2.0,0.004927599999064114,0.00035239999124314636,0.23801100000127917,0.006008000003930647,0.004146499995840713,0.004132399997615721,0.004150;0.006096;0.006008,0.004146;0.004174;0.003909,0.004132;0.003840;0.004608,,multiprocessing,2026-10-04T00:08:39+00:00
M0c3-00103,M0c3,localc3,Windows,11,AMD64,AMD Ryzen 3 5300U with Radeon Graphics,amd,3,4,2600,20.8,3.14.6,CPython,1,spawn,2.5.3,io,io_file_roundtrip,5,1516,0.0,ms,normal,10,1538,3,6,1,0,1,0,0.023602999999032665,0.2326052702818591,0.015983601522993537,0.00047451596816559734,1.4824793599992205,10.6,0.11846789999981411,0.000258400003076531,0.3692585000026156,0.16947490000166,0.048102900000230875,0.05162489999929676,0.188976;0.158113;0.169475,0.050707;0.048103;0.046252,0.051035;0.051625;0.051843,,threading,2026-10-04T00:08:41+00:00
M0c3-00104,M0c3,localc3,Windows,11,AMD64,AMD Ryzen 3 5300U with Radeon Graphics,amd,3,4,2600,20.8,3.14.6,CPython,1,spawn,2.5.3,big_payload,big_upper_copy,1,3042130,0.8,ms,big,42,3042152,3,2,0,0,0,0,0.0022745900001609697,1.0,0.15626159702834788,1.1588901740045012,0.9669370384106473,3.1,0.07274319999851286,0.026891999994404614,0.23801100000127917,0.09564539999701083,0.09876249999797437,0.42757669999991776,0.094656;0.096790;0.095645,0.098762;0.096800;0.100618,0.427577;0.355672;0.513497,,sequential,2026-10-04T00:08:44+00:00
M0c3-00105,M0c3,localc3,Windows,11,AMD64,AMD Ryzen 3 5300U with Radeon Graphics,amd,3,4,2600,20.8,3.14.6,CPython,1,spawn,2.5.3,text,text_csv_parse,10,106,0.3,seconds,normal,488,125,3,3,2,3,0,0,0.0006688453330813596,1.0,0.1639714763459345,0.005412311894817156,0.9350666128030857,4.7,0.10449920000246493,0.000489200021547731,0.26785910000035074,0.3320354000024963,0.3418133000013768,0.17165250000107335,0.329511;0.339041;0.332035,0.341813;0.342871;0.339381,0.171653;0.173344;0.166062,,multiprocessing,2026-10-04T00:08:47+00:00
M0c3-00106,M0c3,localc3,Windows,11,AMD64,AMD Ryzen 3 5300U with Radeon Graphics,amd,3,4,2600,20.8,3.14.6,CPython,1,spawn,2.5.3,recursive,rec_nqueens,7,1898937,0.8,ms,big,39,1898959,3,4,1,10,0,0,0.001313677777943667,1.0,0.4635816124465559,0.6295387831879903,0.9846470022483464,3.5,0.030760899993765634,0.007797899990691803,0.29391860000032466,0.0482345999989775,0.05129789999773493,0.10968990000401391,0.048367;0.048235;0.047844,0.051298;0.050808;0.052454,0.108703;0.109690;0.121082,,sequential,2026-10-04T00:08:48+00:00
M0c3-00107,M0c3,localc3,Windows,11,AMD64,AMD Ryzen 3 5300U with Radeon Graphics,amd,3,4,2600,20.8,3.14.6,CPython,1,spawn,2.5.3,big_payload,big_upper_copy,6,1342096,0.8,seconds,big,149,1342118,3,2,0,0,0,0,0.0009493513522052986,0.9996702139187162,0.09623618992736417,1.5814903475811575,0.9244720532382639,4.6,0.10322090000408934,0.030590699978347402,0.23801100000127917,0.15032060000521597,0.16649429999961285,0.719290799999726,0.150321;0.150256;0.151233,0.167699;0.166494;0.156344,0.716440;0.719291;0.764597,,sequential,2026-10-04T00:08:53+00:00
M0c3-00108,M0c3,localc3,Windows,11,AMD64,AMD Ryzen 3 5300U with Radeon Graphics,amd,3,4,2600,20.8,3.14.6,CPython,1,spawn,2.5.3,algo_rec,algo_lcs_memo,2,1847,0.0,ms,normal,10,1869,3,3,1,10,0,0,0.006576633330647989,0.9998246184123617,0.0687834231352727,0.0015053291365864205,0.9001546283536802,0.4,0.04099649999989197,0.00024780000967439264,0.26785910000035074,0.06356099999538856,0.06685649999417365,0.03334029999678023,0.066185;0.063514;0.063561,0.066856;0.065801;0.067312,0.033340;0.032463;0.040054,,multiprocessing,2026-10-04T00:08:54+00:00
M0c3-00109,M0c3,localc3,Windows,11,AMD64,AMD Ryzen 3 5300U with Radeon Graphics,amd,3,4,2600,20.8,3.14.6,CPython,1,spawn,2.5.3,algo_rec,algo_flood_fill,36,332,0.3,seconds,normal,249,354,3,4,3,10,0,0,0.016715000000355456,1.0,0.06551360827729646,0.0005723400734004059,1.1927274091883113,3.5,0.09444600000279024,0.00025230000755982473,0.29391860000032466,3.561104800006433,3.6466146999955527,1.7230004000011832,3.565651;3.561044;3.561105,3.628189;3.646615;3.657264,1.750174;1.723000;1.709988,,multiprocessing,2026-10-04T00:09:21+00:00
M0c3-00110,M0c3,localc3,Windows,11,AMD64,AMD Ryzen 3 5300U with Radeon Graphics,amd,3,4,2600,20.8,3.14.6,CPython,1,spawn,2.5.3,db,db_mem_group_by,10465,123,0.3,ms,normal,8,143,3,2,1,2,1,0,0.011309566667478066,1.0,0.0475473367033701,0.000674944588838207,1.2732424996367786,0.4,0.06107730000076117,0.00023879999935161322,0.23801100000127917,0.0832968000031542,0.06707279999682214,0.04415030000382103,0.083387;0.083297;0.083123,0.071422;0.067073;0.066087,0.044150;0.043828;0.048573,,multiprocessing,2026-10-04T00:09:23+00:00
M0c3-00111,M0c3,localc3,Windows,11,AMD64,AMD Ryzen 3 5300U with Radeon Graphics,amd,3,4,2600,20.8,3.14.6,CPython,1,spawn,2.5.3,numpy,np_fft,12828,4555,0.8,ms,normal,12,4578,3,2,0,0,0,1,0.00183880000016264,0.9940311802177237,0.5131924394849859,0.007015445515039859,1.9883407056385336,1.6,0.008428999994066544,0.0002784999887808226,0.23801100000127917,0.012264600001799408,0.008425100000749808,0.015842499997233972,0.012182;0.012265;0.012484,0.008631;0.008395;0.008425,0.016862;0.015842;0.013208,,threading,2026-10-04T00:09:23+00:00
M0c3-00112,M0c3,localc3,Windows,11,AMD64,AMD Ryzen 3 5300U with Radeon Graphics,amd,3,4,2600,20.8,3.14.6,CPython,1,spawn,2.5.3,tiny,tiny_dict_lookup,426,81,0.3,ms,normal,16059,101,3,2,0,1,0,0,4.534501022135373e-07,0.9874228585634843,1.7899328891098605,8.63380548422875,0.6349871184194316,0.4,0.006510300001536962,0.0033747998022590764,0.23801100000127917,0.004223199997795746,0.005731900004320778,0.008666500005347189,0.003890;0.004234;0.004223,0.005732;0.005493;0.005835,0.009759;0.008667;0.008637,,sequential,2026-10-04T00:09:24+00:00
M0c3-00113,M0c3,localc3,Windows,11,AMD64,AMD Ryzen 3 5300U with Radeon Graphics,amd,3,4,2600,20.8,3.14.6,CPython,1,spawn,2.5.3,io,io_file_roundtrip,3,248,0.3,seconds,normal,268,267,3,2,1,0,1,0,0.015863374996115454,0.21378389522701916,0.06281923440818309,0.0006839652424158159,1.5237445940969059,0.0,0.10401329999876907,0.00029900001391069964,0.23801100000127917,2.9109961000067415,1.6423854999957257,1.6818086999992374,3.987495;2.910996;2.853330,1.629565;1.645726;1.642385,1.681809;1.655058;1.699404,,threading,2026-10-04T00:09:44+00:00
M0c3-00114,M0c3,localc3,Windows,11,AMD64,AMD Ryzen 3 5300U with Radeon Graphics,amd,3,4,2600,20.8,3.14.6,CPython,1,spawn,2.5.3,mixed,mixed_parse_lines,7,18077,0.8,ms,normal,19,18099,3,2,2,3,1,0,0.005725600000005215,0.9090014027205204,0.3860449729331192,0.0017771065180777251,0.7472133260698777,7.1,0.05776799999875948,0.00023639999562874436,0.23801100000127917,0.1143817999982275,0.1143166999972891,0.06554260000120848,0.112642;0.114604;0.114382,0.114317;0.116130;0.110569,0.061494;0.065543;0.067607,,multiprocessing,2026-10-04T00:09:46+00:00
M0c3-00115,M0c3,localc3,Windows,11,AMD64,AMD Ryzen 3 5300U with Radeon Graphics,amd,3,4,2600,20.8,3.14.6,CPython,1,spawn,2.5.3,recursive,rec_fib,469,1749,0.3,ms,normal,731,1772,3,4,0,4,0,0,4.78615389051361e-05,1.0,0.49882238368768356,0.08148504946378583,0.9136414660658302,1.2,0.019006599999556784,0.0006203999218996614,0.29391860000032466,0.03440700000646757,0.03577289999520872,0.0210951000044588,0.035081;0.034407;0.033720,0.035773;0.034335;0.037006,0.021336;0.021095;0.020170,,multiprocessing,2026-10-04T00:09:46+00:00
M0c3-00116,M0c3,localc3,Windows,11,AMD64,AMD Ryzen 3 5300U with Radeon Graphics,amd,3,4,2600,20.8,3.14.6,CPython,1,spawn,2.5.3,text,text_csv_parse,9,1362,0.3,seconds,normal,455,1384,3,3,2,3,0,0,0.007970642855590475,1.0,0.18552545471282345,0.0008208694316957941,1.0326501089675548,15.6,0.10878510000475217,0.0002918000172940083,0.26785910000035074,3.604039899997588,3.6296683000036865,1.822897700003523,3.584210;3.616219;3.604040,3.629668;3.622808;3.649060,1.757295;1.843196;1.822898,,multiprocessing,2026-10-04T00:10:30+00:00
M0c3-00117,M0c3,localc3,Windows,11,AMD64,AMD Ryzen 3 5300U with Radeon Graphics,amd,3,4,2600,20.8,3.14.6,CPython,1,spawn,2.5.3,big_result,result_sorted_pairs,19904,48,0.8,seconds,normal,175,68,3,4,1,4,0,0,0.010139899999194313,0.995640556328829,0.5316483338242347,0.7418692494677729,1.7017559406896183,9.3,0.11958600000070874,0.03862390000722371,0.29391860000032466,1.9401941999967676,2.087530400000105,2.2676367000021855,1.940194;1.916263;2.157659,2.087530;1.964536;2.333828,2.267637;2.266365;3.030927,,sequential,2026-10-04T00:10:51+00:00
M0c3-00118,M0c3,localc3,Windows,11,AMD64,AMD Ryzen 3 5300U with Radeon Graphics,amd,3,4,2600,20.8,3.14.6,CPython,1,spawn,2.5.3,algo_iter,algo_game_of_life,9,1504,0.0,ms,normal,14,1526,3,2,5,9,0,0,0.014933699999043407,1.0,0.0042865539833169845,0.005845838620931263,0.9617828447247853,2.7,0.09323330000188434,0.0017515000072307885,0.23801100000127917,0.20663400000194088,0.21216940000158502,0.1201632999946014,0.206634;0.206798;0.205188,0.212169;0.210412;0.212414,0.120269;0.120007;0.120163,,multiprocessing,2026-10-04T00:10:53+00:00
M0c3-00119,M0c3,localc3,Windows,11,AMD64,AMD Ryzen 3 5300U with Radeon Graphics,amd,3,4,2600,20.8,3.14.6,CPython,1,spawn,2.5.3,tiny,tiny_len,59,18,0.0,seconds,normal,200000,37,3,4,0,0,0,0,2.1570004901150241e-07,1.0,0.3249718407921462,16.22623352162104,0.3736463765995942,21.5,0.005442499998025596,0.0030247999020502903,0.29391860000032466,0.022010300002875738,0.03422409999620868,0.09724470000219299,0.021440;0.022010;0.050747,0.036296;0.033715;0.034224,0.095551;0.097245;0.142903,,sequential,2026-10-04T00:10:54+00:00
M0c3-00120,M0c3,localc3,Windows,11,AMD64,AMD Ryzen 3 5300U with Radeon Graphics,amd,3,4,2600,20.8,3.14.6,CPython,1,spawn,2.5.3,recursive,rec_fib,1775,25,0.0,ms,normal,313,45,3,4,0,4,0,0,0.0001572935898133064,0.9999274989108103,0.1545179338468263,0.024254000805730064,1.1397833583592063,28.4,0.023656099998333957,0.0005218999940552749,0.29391860000032466,0.04183049999846844,0.0408164000036777,0.02242850000038743,0.043565;0.041830;0.039954,0.040723;0.040816;0.041331,0.022429;0.022195;0.026097,,multiprocessing,2026-10-04T00:10:56+00:00
M0c3-00121,M0c3,localc3,Windows,11,AMD64,AMD Ryzen 3 5300U with Radeon Graphics,amd,3,4,2600,20.8,3.14.6,CPython,1,spawn,2.5.3,text,text_csv_parse,2,164,0.0,seconds,normal,983,183,3,4,2,3,0,0,0.0003022391566742318,1.0,0.09141938592772901,0.012655543349484722,0.9934993381963407,19.7,0.10136929999862332,0.0006322999906842597,0.29391860000032466,0.2963956000021426,0.30161710000538733,0.1394441000011284,0.292655;0.301037;0.296396,0.300559;0.301617;0.305021,0.139444;0.138921;0.142924,,multiprocessing,2026-10-04T00:11:01+00:00
M0c3-00122,M0c3,localc3,Windows,11,AMD64,AMD Ryzen 3 5300U with Radeon Graphics,amd,3,4,2600,20.8,3.14.6,CPython,1,spawn,2.5.3,big_result,result_records,405,32,0.8,ms,normal,84,51.75,3,4,1,2,0,0,0.00016166190471267328,1.0,0.584143054350548,1.1461574746036471,0.7268921839179466,16.3,0.012710399998468347,0.004527700002654456,0.29391860000032466,0.014265099998738151,0.016078200002084486,0.020792499999515712,0.027882;0.014202;0.014265,0.016419;0.014989;0.016078,0.020792;0.020645;0.021032,,sequential,2026-10-04T00:11:02+00:00
M0c3-00123,M0c3,localc3,Windows,11,AMD64,AMD Ryzen 3 5300U with Radeon Graphics,amd,3,4,2600,20.8,3.14.6,CPython,1,spawn,2.5.3,gil_release,gil_sha256,3,29593,0.0,ms,normal,407,29615,3,4,1,1,0,1,5.285940581118909e-05,1.0,0.11890419942992039,0.158439157883651,1.4946764252502456,18.3,0.009560099999362137,0.0005782000152976252,0.29391860000032466,0.021488500002305955,0.009350100001029205,0.023791799998434726,0.021741;0.021489;0.021411,0.009504;0.008748;0.009350,0.023792;0.024598;0.023506,,threading,2026-10-04T00:11:02+00:00
M0c3-00124,M0c3,localc3,Windows,11,AMD64,AMD Ryzen 3 5300U with Radeon Graphics,amd,3,4,2600,20.8,3.14.6,CPython,1,spawn,2.5.3,big_payload,big_checksum_head,571,110598,0.0,seconds,big,1808,110621,3,3,1,1,0,0,1.5416814153267077e-05,0.9997182720484042,0.19544977092799218,1.2106911361702999,0.9520721306268576,22.7,0.01584490000095684,0.0013153000036254525,0.26785910000035074,0.025124400002823677,0.02645209999900544,0.4855719000042882,0.025124;0.026565;0.025074,0.028202;0.026452;0.026188,0.485572,,sequential,2026-10-04T00:11:04+00:00
M0c3-00125,M0c3,localc3,Windows,11,AMD64,AMD Ryzen 3 5300U with Radeon Graphics,amd,3,4,2600,20.8,3.14.6,CPython,1,spawn,2.5.3,big_payload,big_reverse,4,3576537,0.0,seconds,big,55,3576559,3,4,0,0,0,0,0.0022461230775941378,0.9992291783460628,0.04263528665087541,1.3989266978759474,0.9473386942745172,25.2,0.10114429999521235,0.04137719998834655,0.29391860000032466,0.13383600000088336,0.1369459999987157,0.6745947000017622,0.132159;0.136341;0.133836,0.137278;0.136759;0.136946,0.595235;0.729200;0.674595,,sequential,2026-10-04T00:11:08+00:00
M0c3-00126,M0c3,localc3,Windows,11,AMD64,AMD Ryzen 3 5300U with Radeon Graphics,amd,3,4,2600,20.8,3.14.6,CPython,1,spawn,2.5.3,big_payload,big_checksum_head,1710,157176,0.8,seconds,big,1272,157199,3,6,1,1,0,0,3.9610691898855316e-05,0.9962942035482661,0.5255401893326371,0.6089265082528195,0.8966500823947201,25.5,0.02808260000165319,0.0012746999782393686,0.3692585000026156,0.05100829999719281,0.052767300003324635,0.5171073000019533,0.054567;0.050740;0.051008,0.054126;0.052156;0.052767,0.517107,,sequential,2026-10-04T00:11:10+00:00
M0c3-00127,M0c3,localc3,Windows,11,AMD64,AMD Ryzen 3 5300U with Radeon Graphics,amd,3,4,2600,20.8,3.14.6,CPython,1,spawn,2.5.3,gil_release,gil_bz2,233,300000,0.8,seconds,big,64,300022.6666666667,3,3,0,1,0,1,0.02610106666543288,0.993285510037503,0.21725268548853519,0.003057346365558822,1.9737420378821513,19.4,0.1245587000012165,0.0004557000065688044,0.26785910000035074,1.4900582999980543,0.6690053999991505,0.6771513999992749,1.490058;1.498618;1.471068,0.678433;0.655797;0.669005,0.677151;0.686218;0.675293,,threading,2026-10-04T00:11:19+00:00
M0c3-00128,M0c3,localc3,Windows,11,AMD64,AMD Ryzen 3 5300U with Radeon Graphics,amd,3,4,2600,20.8,3.14.6,CPython,1,spawn,2.5.3,gil_release,gil_numpy_matmul,492,98023,0.3,seconds,normal,394,98046,3,3,0,2,0,1,0.007211342857252541,0.9954054654131477,0.35359347775419536,0.0036430704523950238,1.2988949477139562,10.3,0.08724549999897135,0.0004903000008198433,0.26785910000035074,2.6772730000011506,1.5477991000007023,1.562999800000398,2.677273;2.677539;2.651085,1.555494;1.527777;1.547799,1.563000;1.556343;1.603948,,threading,2026-10-04T00:11:37+00:00
M0c3-00129,M0c3,localc3,Windows,11,AMD64,AMD Ryzen 3 5300U with Radeon Graphics,amd,3,4,2600,20.8,3.14.6,CPython,1,spawn,2.5.3,gil_release,gil_sha256,124,22479,0.0,seconds,normal,378,22501,3,3,1,1,0,1,0.0016993966666632332,0.999201939382951,0.031641222164657944,0.005937400925412685,1.892042209093697,2.8,0.07848620000004303,0.0006302000037976541,0.26785910000035074,0.6407470999984071,0.24363249999441905,0.24321380000037607,0.640747;0.643952;0.639062,0.244819;0.243632;0.243259,0.244129;0.243214;0.242500,,multiprocessing,2026-10-04T00:11:41+00:00
M0c3-00130,M0c3,localc3,Windows,11,AMD64,AMD Ryzen 3 5300U with Radeon Graphics,amd,3,4,2600,20.8,3.14.6,CPython,1,spawn,2.5.3,big_payload,big_upper_copy,5,468733,0.0,ms,big,426,468755,3,4,0,0,0,0,0.0003529556607250959,0.9997185691541866,0.09342997540548244,0.9900677024108768,0.9443364851745389,1.5,0.08476969999901485,0.007801199964887928,0.29391860000032466,0.16228029999911087,0.17916620000323746,0.7878456999969785,0.163764;0.162280;0.158391,0.184512;0.179166;0.162511,0.787353;0.787846;0.876909,,sequential,2026-10-04T00:11:46+00:00
M0c3-00131,M0c3,localc3,Windows,11,AMD64,AMD Ryzen 3 5300U with Radeon Graphics,amd,3,4,2600,20.8,3.14.6,CPython,1,spawn,2.5.3,cpu,cpu_collatz,77,691673,0.3,ms,big,289,691695,3,3,2,5,0,0,0.00016834722221877504,1.0,0.2798466907180468,0.6056826933754639,0.8745481015985248,5.6,0.029194899994763546,0.003278099997260142,0.26785910000035074,0.048139000005903654,0.05034020000312012,0.41933009999775095,0.048139;0.048476;0.048053,0.050639;0.048582;0.050340,0.419330,,sequential,2026-10-04T00:11:48+00:00
M0c3-00132,M0c3,localc3,Windows,11,AMD64,AMD Ryzen 3 5300U with Radeon Graphics,amd,3,4,2600,20.8,3.14.6,CPython,1,spawn,2.5.3,mixed,mixed_compute_then_sleep,7817,62,0.8,ms,normal,20,82,3,2,1,3,1,0,0.00101719999947818,0.48262942714172774,0.0977454752947413,0.006783325502809264,1.1817697345393738,0.8,0.009605999999621417,0.0002860999957192689,0.23801100000127917,0.020826200001465622,0.01131570000143256,0.012390600000799168,0.018804;0.020965;0.020826,0.011316;0.011869;0.011062,0.011823;0.014178;0.012391,,threading,2026-10-04T00:11:48+00:00
M0c3-00133,M0c3,localc3,Windows,11,AMD64,AMD Ryzen 3 5300U with Radeon Graphics,amd,3,4,2600,20.8,3.14.6,CPython,1,spawn,2.5.3,io,io_file_roundtrip,2,8888,0.8,ms,normal,8,8910,3,4,1,0,1,0,0.01810530000026726,0.133417159160765,0.44501304727960367,0.0007824598459965397,1.3896487986290769,26.5,0.08319670000491897,0.00037180000072112307,0.29391860000032466,0.16145409999444382,0.08623510000325041,0.10537389999808511,0.161454;0.147305;0.231976,0.081477;0.086235;0.128470,0.105374;0.072964;0.142847,,threading,2026-10-04T00:11:51+00:00
M0c3-00134,M0c3,localc3,Windows,11,AMD64,AMD Ryzen 3 5300U with Radeon Graphics,amd,3,4,2600,20.8,3.14.6,CPython,1,spawn,2.5.3,gil_release,gil_zlib,3,128954,0.8,seconds,big,64,128976,3,4,1,1,0,1,0.00705472499885218,0.996961675073886,0.654256467349468,0.003674842174443808,1.7163060392776506,26.1,0.09230800000659656,0.00047190002078423277,0.29391860000032466,0.5428044999935082,0.22171479999815347,0.22324919999664417,0.540799;0.550258;0.542804,0.222244;0.221715;0.209825,0.220704;0.223249;0.228404,,threading,2026-10-04T00:11:56+00:00
M0c3-00135,M0c3,localc3,Windows,11,AMD64,AMD Ryzen 3 5300U with Radeon Graphics,amd,3,4,2600,20.8,3.14.6,CPython,1,spawn,2.5.3,algo_iter,algo_edit_distance,39442,806425,0.3,ms,big,8,806448,3,3,2,16,0,0,0.009868333332027154,1.0,0.09991254279249082,0.032318864893239985,0.8217892312469275,11.3,0.0660825000013574,0.0029282000032253563,0.26785910000035074,0.08540180000272812,0.08673980000457959,0.04841850000229897,0.085402;0.086537;0.084805,0.087279;0.086393;0.086740,0.048419;0.054014;0.047104,,multiprocessing,2026-10-04T00:11:57+00:00
M0c3-00136,M0c3,localc3,Windows,11,AMD64,AMD Ryzen 3 5300U with Radeon Graphics,amd,3,4,2600,20.8,3.14.6,CPython,1,spawn,2.5.3,numpy,np_elementwise,16809,1178,0.8,ms,normal,357,1201,3,6,0,4,0,0,0.0004278797754563988,0.9997519763559072,0.43609083908433754,0.00923156226867184,1.8359522216506654,9.4,0.05929979999928037,0.0005248999877949245,0.3692585000026156,0.14976539999770466,0.07840440000290982,0.09157009999762522,0.149501;0.151546;0.149765,0.078404;0.074608;0.082819,0.091570;0.095103;0.090321,,threading,2026-10-04T00:11:58+00:00
M0c3-00137,M0c3,localc3,Windows,11,AMD64,AMD Ryzen 3 5300U with Radeon Graphics,amd,3,4,2600,20.8,3.14.6,CPython,1,spawn,2.5.3,text,text_split_count,12,226,0.3,ms,normal,348,245,3,3,1,1,0,0,0.00015687816087210058,0.9965789421764675,0.18705916496733666,0.025019414237411587,0.8708821115468243,4.4,0.029757999996945728,0.00047420000191777945,0.26785910000035074,0.05587379999633413,0.05638309999631019,0.02958579999540234,0.055874;0.055348;0.056236,0.056383;0.055279;0.058892,0.032846;0.029586;0.027945,,multiprocessing,2026-10-04T00:11:59+00:00
M0c3-00138,M0c3,localc3,Windows,11,AMD64,AMD Ryzen 3 5300U with Radeon Graphics,amd,3,4,2600,20.8,3.14.6,CPython,1,spawn,2.5.3,big_result,result_matrix_lists,136,81,0.0,ms,normal,56,100,3,2,2,5,0,0,0.0020297428574329907,0.998679424931746,0.05323869184670667,0.2550569386648055,0.8902988643001623,4.8,0.06754009999713162,0.007555899988801684,0.23801100000127917,0.11584669999865582,0.11836159999802476,0.08129770000232384,0.116426;0.115847;0.114825,0.134258;0.118282;0.118362,0.080132;0.102143;0.081298,,multiprocessing,2026-10-04T00:12:01+00:00
M0c3-00139,M0c3,localc3,Windows,11,AMD64,AMD Ryzen 3 5300U with Radeon Graphics,amd,3,4,2600,20.8,3.14.6,CPython,1,spawn,2.5.3,numpy,np_fft,137205,108,0.3,ms,normal,8,130,3,6,0,0,0,1,0.013218700002956515,0.9994029922631995,0.5115711796746268,0.0009279783871519371,0.4541838243376526,4.7,0.09576010000455426,0.0002806999982567504,0.3692585000026156,0.13788019999628887,0.10274339999887161,0.09845499999937601,0.145040;0.137880;0.137413,0.102743;0.129594;0.101982,0.121400;0.098455;0.097478,,multiprocessing,2026-10-04T00:12:03+00:00
M0c3-00140,M0c3,localc3,Windows,11,AMD64,AMD Ryzen 3 5300U with Radeon Graphics,amd,3,4,2600,20.8,3.14.6,CPython,1,spawn,2.5.3,big_result,result_matrix_lists,21,974976,0.8,ms,big,205,974998,3,3,2,5,0,0,8.353137287913876e-05,1.0,0.811043341914198,4.948260573040148,0.8669070777404743,6.2,0.01805400000012014,0.008706799984793179,0.26785910000035074,0.014385499998752493,0.016574299996136688,0.40437959999690065,0.014972;0.014385;0.013921,0.015650;0.016640;0.016574,0.404380,,sequential,2026-10-04T00:12:04+00:00
M0c3-00141,M0c3,localc3,Windows,11,AMD64,AMD Ryzen 3 5300U with Radeon Graphics,amd,3,4,2600,20.8,3.14.6,CPython,1,spawn,2.5.3,text,text_regex_findall,1,578474,0.0,seconds,big,8,578496,3,2,1,1,0,0,0.04481276666774647,0.9981063470072793,0.0022534178716386074,0.0032007247566299534,0.977075920585598,5.1,0.27257210000243504,0.0006869999997434206,0.23801100000127917,0.36318800000299234,0.36752879999403376,0.13497129999450408,0.363188;0.364497;0.361254,0.371666;0.367529;0.365483,0.135061;0.132466;0.134971,,multiprocessing,2026-10-04T00:12:08+00:00
M0c3-00142,M0c3,localc3,Windows,11,AMD64,AMD Ryzen 3 5300U with Radeon Graphics,amd,3,4,2600,20.8,3.14.6,CPython,1,spawn,2.5.3,cpu,cpu_count_primes,857,282,0.3,ms,normal,109,305,3,3,2,4,0,0,0.00028238888814855644,1.0,0.2675057118007042,0.0132087351250993,0.8757747577339765,0.4,0.016652400001476053,0.0003788000249187462,0.26785910000035074,0.02854520000255434,0.028855600001406856,0.016386000002967194,0.028545;0.027981;0.028952,0.028856;0.031004;0.028830,0.018221;0.016386;0.016338,,multiprocessing,2026-10-04T00:12:09+00:00
M0c3-00143,M0c3,localc3,Windows,11,AMD64,AMD Ryzen 3 5300U with Radeon Graphics,amd,3,4,2600,20.8,3.14.6,CPython,1,spawn,2.5.3,cpu,cpu_sum_squares,68984,770,0.8,ms,normal,33,794.25,3,6,1,2,0,0,0.004428074999850651,1.0,0.186331473112261,0.0013775739963483474,0.742088725002797,3.5,0.08414349999657134,0.0009578000026522204,0.3692585000026156,0.15908150000177557,0.16207980000035604,0.08295930000167573,0.157872;0.159082;0.161302,0.162080;0.161108;0.162212,0.078769;0.085221;0.082959,,multiprocessing,2026-10-04T00:12:10+00:00
M0c3-00144,M0c3,localc3,Windows,11,AMD64,AMD Ryzen 3 5300U with Radeon Graphics,amd,3,4,2600,20.8,3.14.6,CPython,1,spawn,2.5.3,io,io_file_roundtrip,2,8389,0.3,seconds,normal,15,8411,3,4,1,0,1,0,0.018079533333851334,0.14781452641204984,0.012024687678868665,0.0007872621660505775,1.544093706084619,3.9,0.08943880000151694,0.00030059999699005857,0.29391860000032466,0.2651477999970666,0.08244510000076843,0.08144370000081835,0.274256;0.260841;0.265148,0.092913;0.079682;0.082445,0.080891;0.081444;0.085129,,multiprocessing,2026-10-04T00:12:12+00:00
M0c3-00145,M0c3,localc3,Windows,11,AMD64,AMD Ryzen 3 5300U with Radeon Graphics,amd,3,4,2600,20.8,3.14.6,CPython,1,spawn,2.5.3,big_payload,big_upper_copy,1,151098,0.8,ms,big,373,151120,3,6,0,0,0,0,0.00013504516125546507,1.0,0.1832518481930832,0.30963715906705586,0.9951862636837254,0.0,0.026827500005310867,0.0015679000134696253,0.3692585000026156,0.048466199994436465,0.05171960000006948,0.1919488999992609,0.050199;0.048466;0.046543,0.051720;0.056589;0.050332,0.191949;0.238617;0.189681,,sequential,2026-10-04T00:12:14+00:00
M0c3-00146,M0c3,localc3,Windows,11,AMD64,AMD Ryzen 3 5300U with Radeon Graphics,amd,3,4,2600,20.8,3.14.6,CPython,1,spawn,2.5.3,numpy,np_fft,25330,4605,0.3,ms,normal,35,4628,3,3,0,0,0,1,0.0025476875016465783,0.9977174613181012,0.5009013049464522,0.005485366628612282,1.1928424680664211,7.7,0.037616900001012255,0.00041069998405873775,0.26785910000035074,0.07381549999990966,0.05218510000122478,0.06070470000122441,0.076889;0.070344;0.073815,0.052185;0.051453;0.053435,0.067429;0.057191;0.060705,,threading,2026-10-04T00:12:15+00:00
M0c3-00147,M0c3,localc3,Windows,11,AMD64,AMD Ryzen 3 5300U with Radeon Graphics,amd,3,4,2600,20.8,3.14.6,CPython,1,spawn,2.5.3,tiny,tiny_len,82,19,0.8,ms,normal,200000,38,3,3,0,0,0,0,2.3409998902934604e-07,1.0,1.6151079439262848,20.140962749721577,0.4495796657826828,13.3,0.005567000000155531,0.0032444000244140625,0.26785910000035074,0.018294399997103028,0.029622699999890756,0.08654959999694256,0.017553;0.018294;0.018836,0.029474;0.029623;0.031087,0.079939;0.086550;0.099250,,sequential,2026-10-04T00:12:16+00:00
M0c3-00148,M0c3,localc3,Windows,11,AMD64,AMD Ryzen 3 5300U with Radeon Graphics,amd,3,4,2600,20.8,3.14.6,CPython,1,spawn,2.5.3,cpu,cpu_count_primes,7088,1399,0.0,ms,normal,23,1422,3,3,2,4,0,0,0.004489000000467059,1.0,0.0195339546758568,0.0019068834251624177,0.940962703047033,11.3,0.04649249999783933,0.0002969999986817129,0.26785910000035074,0.10383480000018608,0.10397490000468679,0.05672210000193445,0.102574;0.103835;0.104976,0.103303;0.104509;0.103975,0.056618;0.058955;0.056722,,multiprocessing,2026-10-04T00:12:18+00:00
M0c3-00149,M0c3,localc3,Windows,11,AMD64,AMD Ryzen 3 5300U with Radeon Graphics,amd,3,4,2600,20.8,3.14.6,CPython,1,spawn,2.5.3,big_payload,big_count_byte,231,236940,0.8,ms,big,844,236962.4,3,2,0,1,0,0,0.00012574691943503184,1.0,0.0836068676888838,0.2549167842999635,0.9614643138175208,1.6,0.05567460000020219,0.0013502000001608394,0.23801100000127917,0.10667990000365535,0.10969679999834625,0.5244648999942001,0.105695;0.107536;0.106680,0.109697;0.111288;0.107518,0.465157;0.542957;0.524465,,sequential,2026-10-04T00:12:21+00:00
M0c3-00150,M0c3,localc3,Windows,11,AMD64,AMD Ryzen 3 5300U with Radeon Graphics,amd,3,4,2600,20.8,3.14.6,CPython,1,spawn,2.5.3,cpu,cpu_sum_squares,1276,37,0.8,seconds,normal,31468,57,3,3,1,2,0,0,5.327500012898598e-05,0.99961025912028,0.5073751612229099,0.06785549860143772,0.9413504809096023,1.6,0.1046178000033251,0.001741199885145761,0.26785910000035074,1.6785478000019793,1.7023165999999037,0.9123198000015691,1.681672;1.675122;1.678548,1.705224;1.702317;1.700557,0.912320;0.911073;0.916547,,multiprocessing,2026-10-04T00:12:34+00:00
M0c3-00151,M0c3,localc3,Windows,11,AMD64,AMD Ryzen 3 5300U with Radeon Graphics,amd,3,4,2600,20.8,3.14.6,CPython,1,spawn,2.5.3,cpu,cpu_count_primes,901,581355,0.8,ms,big,95,581377.95,3,4,2,4,0,0,0.00033095652116057664,0.9979762195440407,0.5258123020040084,0.2255583331588582,0.9616686971194879,0.4,0.017211500002304092,0.0017929000168805942,0.29391860000032466,0.027987200002826285,0.03006259999528993,0.09472780000214698,0.027987;0.027776;0.028047,0.029269;0.030063;0.030108,0.094688;0.094728;0.100991,,sequential,2026-10-04T00:12:35+00:00
M0c3-00152,M0c3,localc3,Windows,11,AMD64,AMD Ryzen 3 5300U with Radeon Graphics,amd,3,4,2600,20.8,3.14.6,CPython,1,spawn,2.5.3,big_payload,big_count_byte,5,336030,0.0,seconds,big,595,336052,3,4,0,1,0,0,0.0001796506760886562,0.9972024141418394,0.09772851576905549,0.21374815945190623,0.9279535203944679,2.8,0.056595399997604545,0.0013140999362803996,0.29391860000032466,0.10643710000294959,0.1084703999949852,0.4584011000042665,0.106164;0.107682;0.106437,0.106159;0.111526;0.108470,0.412219;0.490987;0.458401,,sequential,2026-10-04T00:12:39+00:00
M0c3-00153,M0c3,localc3,Windows,11,AMD64,AMD Ryzen 3 5300U with Radeon Graphics,amd,3,4,2600,20.8,3.14.6,CPython,1,spawn,2.5.3,algo_iter,algo_kmeans,39,57,0.0,seconds,normal,330,76,3,6,3,15,0,0,0.000981856862256559,1.0,0.08070183024930652,0.0055048757664676986,0.9502836352905695,2.4,0.10270019999734359,0.00043730001925723627,0.3692585000026156,0.3201154000053066,0.3300997999976971,0.16232550000131596,0.322659;0.319966;0.320115,0.330100;0.325421;0.330241,0.161460;0.176621;0.162326,,multiprocessing,2026-10-04T00:12:42+00:00
M0c3-00154,M0c3,localc3,Windows,11,AMD64,AMD Ryzen 3 5300U with Radeon Graphics,amd,3,4,2600,20.8,3.14.6,CPython,1,spawn,2.5.3,algo_iter,algo_game_of_life,2,405,0.3,seconds,normal,82,427,3,4,5,9,0,0,0.0035176533332560212,0.9996000471810632,0.009207672059509207,0.01632148708955227,1.033950478770695,0.4,0.10491670000192244,0.0011202000023331493,0.29391860000032466,0.2798809000014444,0.28250950000074226,0.15722209999512415,0.279881;0.278289;0.280354,0.284123;0.282510;0.282232,0.157222;0.163102;0.152529,,multiprocessing,2026-10-04T00:12:44+00:00
M0c3-00155,M0c3,localc3,Windows,11,AMD64,AMD Ryzen 3 5300U with Radeon Graphics,amd,3,4,2600,20.8,3.14.6,CPython,1,spawn,2.5.3,algo_rec,algo_sudoku,12,416,0.0,seconds,normal,336,438,3,3,3,28,0,0,0.009348916665961346,0.9994406191689871,0.3776611367986596,0.0009145445551022244,0.7009299240342893,1.9,0.1331346000006306,0.0003431000077398494,0.26785910000035074,3.683964800002286,3.7332056000013836,1.9139779999968596,3.696379;3.683965;3.664848,3.721139;3.733206;3.743577,1.955735;1.891019;1.913978,,multiprocessing,2026-10-04T00:13:13+00:00
M0c3-00156,M0c3,localc3,Windows,11,AMD64,AMD Ryzen 3 5300U with Radeon Graphics,amd,3,4,2600,20.8,3.14.6,CPython,1,spawn,2.5.3,big_result,result_sorted_pairs,6531,189547,0.8,seconds,big,121,189570,3,2,1,4,0,0,0.002546019999135751,0.9941751323798527,0.4552334321062928,0.7319325851402767,0.7810717431594716,1.2,0.15525269999488955,0.03766260001430055,0.23801100000127917,0.4275954999975511,0.43009129999700235,0.541582700003346,0.427595;0.436442;0.420179,0.420414;0.437301;0.430091,0.523983;0.559251;0.541583,,sequential,2026-10-04T00:13:18+00:00
M0c3-00157,M0c3,localc3,Windows,11,AMD64,AMD Ryzen 3 5300U with Radeon Graphics,amd,3,4,2600,20.8,3.14.6,CPython,1,spawn,2.5.3,io,io_sleep,18886,114,0.8,seconds,normal,14,134,3,2,0,1,1,0,0.02264346666682589,0.004172080087975017,0.2844002808558607,0.0006712754897148666,2.1435014415944678,1.2,0.10641230000328505,0.00038830000266898423,0.23801100000127917,0.292868799995631,0.14958599999954458,0.15031650000310037,0.292086;0.293717;0.292869,0.150010;0.149586;0.149496,0.150317;0.150154;0.150701,,threading,2026-10-04T00:13:20+00:00
M0c3-00158,M0c3,localc3,Windows,11,AMD64,AMD Ryzen 3 5300U with Radeon Graphics,amd,3,4,2600,20.8,3.14.6,CPython,1,spawn,2.5.3,text,text_split_count,5,527,0.8,ms,normal,452,549,3,6,1,1,0,0,0.0001736707965183006,0.9981252720340056,0.3190615030002052,0.020498558108322202,0.8919426666892779,0.4,0.04214430000138236,0.0004990999950678088,0.3692585000026156,0.07854419999785023,0.08109159999730764,0.03919060000043828,0.078209;0.078823;0.078544,0.082501;0.081092;0.080454,0.039068;0.039311;0.039191,,multiprocessing,2026-10-04T00:13:24+00:00
M0c3-00159,M0c3,localc3,Windows,11,AMD64,AMD Ryzen 3 5300U with Radeon Graphics,amd,3,4,2600,20.8,3.14.6,CPython,1,spawn,2.5.3,gil_release,gil_bz2,224,300000,0.3,seconds,big,21,300022.6666666667,3,6,0,1,0,1,0.0236499000020558,0.9986546750176007,0.2006701906071807,0.003199449808361531,1.611039854958403,0.8,0.12164159999520052,0.0004870999910053797,0.3692585000026156,0.45731420000083745,0.20241069999610772,0.20767630000045756,0.459947;0.457314;0.455624,0.202411;0.201349;0.206947,0.211668;0.206278;0.207676,,threading,2026-10-04T00:13:27+00:00
M0c3-00160,M0c3,localc3,Windows,11,AMD64,AMD Ryzen 3 5300U with Radeon Graphics,amd,3,4,2600,20.8,3.14.6,CPython,1,spawn,2.5.3,db,db_mem_insert_select,26,1348003,0.0,ms,big,148,1348025,3,4,1,1,1,0,0.00012150810712105217,0.9864988033439553,0.31183033991483944,6.405128164817846,1.028270249169612,4.7,0.024785699999483768,0.01603120003710501,0.29391860000032466,0.01676189999852795,0.014570799998182338,0.4025354999976116,0.016784;0.016762;0.016684,0.014894;0.013565;0.014571,0.402535,,threading,2026-10-04T00:13:29+00:00
M0c3-00161,M0c3,localc3,Windows,11,AMD64,AMD Ryzen 3 5300U with Radeon Graphics,amd,3,4,2600,20.8,3.14.6,CPython,1,spawn,2.5.3,tiny,tiny_add,3,190,0.0,seconds,normal,200000,209,3,4,0,1,0,0,2.192500833189115e-07,1.0,0.4984748697336012,20.0227988768116,0.3330170250392105,4.2,0.0057340999992447905,0.0031446998327737674,0.29391860000032466,0.029277100002218504,0.03482660000008764,0.16498870000214083,0.038831;0.029125;0.029277,0.042457;0.034790;0.034827,0.164989,,sequential,2026-10-04T00:13:30+00:00
M0c3-00162,M0c3,localc3,Windows,11,AMD64,AMD Ryzen 3 5300U with Radeon Graphics,amd,3,4,2600,20.8,3.14.6,CPython,1,spawn,2.5.3,text,text_regex_findall,31,367,0.0,ms,normal,28,389,3,2,1,1,0,0,0.0008651857154161137,1.0,0.06790642377468023,0.006588180601346489,0.7847799684232482,18.1,0.01407150000159163,0.00024589999520685524,0.23801100000127917,0.024159000000508968,0.025915999998687766,0.00961049999750685,0.024253;0.023757;0.024159,0.025916;0.026054;0.025596,0.009148;0.010005;0.009610,,multiprocessing,2026-10-04T00:13:30+00:00
M0c3-00163,M0c3,localc3,Windows,11,AMD64,AMD Ryzen 3 5300U with Radeon Graphics,amd,3,4,2600,20.8,3.14.6,CPython,1,spawn,2.5.3,algo_rec,algo_sudoku,4,859,0.8,seconds,normal,992,881,3,4,3,28,0,0,0.002402413637438175,0.9989373367210965,0.7871793031829146,0.0019376349053004756,0.9556252127218589,7.2,0.10700480000377866,0.00041019998025149107,0.29391860000032466,3.513425899996946,3.56660600000032,1.7997169000009308,3.518156;3.509961;3.513426,3.566606;3.579893;3.563049,1.802483;1.791972;1.799717,,multiprocessing,2026-10-04T00:13:58+00:00
M0c3-00164,M0c3,localc3,Windows,11,AMD64,AMD Ryzen 3 5300U with Radeon Graphics,amd,3,4,2600,20.8,3.14.6,CPython,1,spawn,2.5.3,gil_release,gil_bz2,127,300000,0.3,seconds,big,19,300022,3,3,0,1,0,1,0.012786200000846293,0.9989172149435886,0.1451680250448776,0.004197885175561402,1.7011146057197675,10.0,0.08111040000221692,0.000455000001238659,0.26785910000035074,0.24600030000146944,0.10683140000037383,0.11312039999756962,0.242921;0.246545;0.246000,0.107525;0.105987;0.106831,0.112739;0.114930;0.113120,,threading,2026-10-04T00:14:00+00:00
M0c3-00165,M0c3,localc3,Windows,11,AMD64,AMD Ryzen 3 5300U with Radeon Graphics,amd,3,4,2600,20.8,3.14.6,CPython,1,spawn,2.5.3,big_payload,big_upper_copy,7,1988811,0.3,seconds,big,100,1988833,3,2,0,0,0,0,0.0014433119996101595,0.9961036547297185,0.0833254319446957,1.2151738508726306,0.9777149413895342,3.9,0.10813670000061393,0.0356313000083901,0.23801100000127917,0.14851110000017798,0.15133709999645362,0.6862283000009484,0.147807;0.148511;0.149256,0.151212;0.151909;0.151337,0.680149;0.686228;0.714341,,sequential,2026-10-04T00:14:04+00:00
M0c3-00166,M0c3,localc3,Windows,11,AMD64,AMD Ryzen 3 5300U with Radeon Graphics,amd,3,4,2600,20.8,3.14.6,CPython,1,spawn,2.5.3,algo_iter,algo_dijkstra,6122,119313,0.0,seconds,big,34,119336,3,2,2,15,0,0,0.01928129999820764,0.9982184750750333,0.05565010046955063,0.0028836230630433757,0.8737735972726143,5.5,0.12199780000082683,0.0004113000104553066,0.23801100000127917,0.6887072999961674,0.7136552000010852,0.40826620000007097,0.688707;0.687029;0.689154,0.713530;0.713655;0.717329,0.416247;0.398536;0.408266,,multiprocessing,2026-10-04T00:14:10+00:00
M0c3-00167,M0c3,localc3,Windows,11,AMD64,AMD Ryzen 3 5300U with Radeon Graphics,amd,3,4,2600,20.8,3.14.6,CPython,1,spawn,2.5.3,gil_release,gil_numpy_matmul,259,18078,0.0,seconds,normal,1203,18101,3,3,0,2,0,1,0.0007788507687599541,0.9983451615057995,0.120194019849335,0.009533277503932295,1.8182081929658929,2.7,0.07872839999618009,0.0005658000300172716,0.26785910000035074,0.9236759999985225,0.5165323000037461,0.538875400001416,0.923676;0.922941;0.961941,0.534940;0.513523;0.516532,0.535944;0.538875;0.548732,,threading,2026-10-04T00:14:17+00:00
M0c3-00168,M0c3,localc3,Windows,11,AMD64,AMD Ryzen 3 5300U with Radeon Graphics,amd,3,4,2600,20.8,3.14.6,CPython,1,spawn,2.5.3,recursive,rec_quicksort,309,1975932,0.8,ms,big,45,1975954.5454545454,3,2,1,8,0,0,0.0003507818189312027,1.0,0.5693994609522542,2.473539619509656,0.8589547557614357,17.8,0.018621900002472103,0.00992969999788329,0.23801100000127917,0.015987300001143012,0.01674829999683425,0.15089850000367733,0.015987;0.015870;0.017067,0.017348;0.016748;0.016627,0.150899,,sequential,2026-10-04T00:14:18+00:00
M0c3-00169,M0c3,localc3,Windows,11,AMD64,AMD Ryzen 3 5300U with Radeon Graphics,amd,3,4,2600,20.8,3.14.6,CPython,1,spawn,2.5.3,cpu,cpu_matmul_lists,41,57,0.0,ms,normal,8,76,3,3,3,5,0,0,0.004647266667840692,1.0,0.050889779608476196,0.0019796592765775525,0.9061472096579457,15.0,0.029046700001345016,0.00020599999697878957,0.26785910000035074,0.0371824000030756,0.03808810000191443,0.02046229999541538,0.037182;0.036887;0.037203,0.037933;0.038088;0.038664,0.020105;0.020462;0.020587,,multiprocessing,2026-10-04T00:14:19+00:00
M0c3-00170,M0c3,localc3,Windows,11,AMD64,AMD Ryzen 3 5300U with Radeon Graphics,amd,3,4,2600,20.8,3.14.6,CPython,1,spawn,2.5.3,gil_release,gil_numpy_matmul,21,9966,0.3,seconds,normal,20068,9988,3,6,0,2,0,1,2.0184450157103127e-05,1.0,0.20700934220450798,0.2794230559311851,0.5510637915592305,13.4,0.11811239999951795,0.003907599682861473,0.3692585000026156,0.3981513999970048,0.908413199998904,0.5735834000006435,0.398522;0.396084;0.398151,0.970779;0.908413;0.857357,0.576271;0.573583;0.551418,,sequential,2026-10-04T00:14:25+00:00
M0c3-00171,M0c3,localc3,Windows,11,AMD64,AMD Ryzen 3 5300U with Radeon Graphics,amd,3,4,2600,20.8,3.14.6,CPython,1,spawn,2.5.3,cpu,cpu_count_primes,593,427919,0.8,seconds,big,467,427942,3,2,2,4,0,0,0.00017339655152744823,1.0,0.5503450323577906,0.35917668812898,0.9886768464129149,18.1,0.04243480000150157,0.001773100026184693,0.23801100000127917,0.07709759999852395,0.0782997999995132,0.47979810000106227,0.077002;0.077098;0.081010,0.089341;0.077349;0.078300,0.479798,,sequential,2026-10-04T00:14:27+00:00
M0c3-00172,M0c3,localc3,Windows,11,AMD64,AMD Ryzen 3 5300U with Radeon Graphics,amd,3,4,2600,20.8,3.14.6,CPython,1,spawn,2.5.3,big_payload,big_upper_copy,4,159634,0.0,ms,big,118,159656,3,3,0,0,0,0,0.00013850689619771559,0.9990890345810632,0.15925455629681176,0.3172044186319923,0.8939612529151566,18.2,0.009775799997441936,0.0012017000044579618,0.26785910000035074,0.011709300000802614,0.012507800005550962,0.056092200000421144,0.014440;0.011709;0.011587,0.012508;0.012698;0.012210,0.055839;0.056696;0.056092,,sequential,2026-10-04T00:14:28+00:00
M0c3-00173,M0c3,localc3,Windows,11,AMD64,AMD Ryzen 3 5300U with Radeon Graphics,amd,3,4,2600,20.8,3.14.6,CPython,1,spawn,2.5.3,text,text_split_count,18,168,0.3,ms,normal,303,187,3,6,1,1,0,0,0.00017740133383388942,1.0,0.23918085497278702,0.02065937261729389,0.9537859574059624,15.2,0.027588199998717755,0.00041699995927046984,0.3692585000026156,0.0528589000023203,0.05556490000162739,0.026675100001739338,0.052732;0.054536;0.052859,0.055565;0.054093;0.058246,0.026607;0.026675;0.027085,,multiprocessing,2026-10-04T00:14:31+00:00
M0c3-00174,M0c3,localc3,Windows,11,AMD64,AMD Ryzen 3 5300U with Radeon Graphics,amd,3,4,2600,20.8,3.14.6,CPython,1,spawn,2.5.3,algo_iter,algo_edit_distance,3649,126418,0.3,ms,big,9,126441,3,2,2,16,0,0,0.0010857333327294327,1.0,0.3274476978235396,0.042306275824615096,0.5621511339882249,18.7,0.008129000001645181,0.0003452000019024126,0.23801100000127917,0.008069499999692198,0.008763999998336658,0.005682200004230253,0.008069;0.008077;0.008006,0.008521;0.009208;0.008764,0.005682;0.005306;0.007288,,multiprocessing,2026-10-04T00:14:31+00:00
M0c3-00175,M0c3,localc3,Windows,11,AMD64,AMD Ryzen 3 5300U with Radeon Graphics,amd,3,4,2600,20.8,3.14.6,CPython,1,spawn,2.5.3,cpu,cpu_collatz,100,582,0.8,seconds,normal,5220,604,3,6,2,5,0,0,0.000287189080332066,0.9955329292817234,0.6299096361575051,0.013440623451458453,1.1121333633067427,16.4,0.09585359999618959,0.0007298000200535171,0.3692585000026156,1.3954979999980424,1.4148170999978902,0.768122300003597,1.395985;1.394625;1.395498,1.416748;1.414817;1.414223,0.766332;0.771031;0.768122,,multiprocessing,2026-10-04T00:14:43+00:00
M0c3-00176,M0c3,localc3,Windows,11,AMD64,AMD Ryzen 3 5300U with Radeon Graphics,amd,3,4,2600,20.8,3.14.6,CPython,1,spawn,2.5.3,algo_rec,algo_sudoku,4,139,0.0,seconds,normal,35,158,3,4,3,28,0,0,0.0014790499990340322,0.999827786512307,0.27912701378342075,0.004107368591841943,0.16431835902864556,19.8,0.07891200000449317,0.0002874000056181103,0.29391860000032466,0.12464840000029653,0.12730350000492763,0.0775087000001804,0.124999;0.124172;0.124648,0.127304;0.124988;0.128125,0.077509;0.077440;0.077834,,multiprocessing,2026-10-04T00:14:44+00:00
M0c3-00177,M0c3,localc3,Windows,11,AMD64,AMD Ryzen 3 5300U with Radeon Graphics,amd,3,4,2600,20.8,3.14.6,CPython,1,spawn,2.5.3,cpu,cpu_count_primes,2069,345,0.3,ms,normal,96,368,3,6,2,4,0,0,0.0008733083329085881,1.0,0.25320544481626345,0.004505853911529321,0.881141166326386,15.1,0.04492779999418417,0.0003775000004679896,0.3692585000026156,0.0865170000033686,0.08933580000302754,0.04765439999755472,0.085871;0.086517;0.087452,0.088425;0.090542;0.089336,0.048409;0.047654;0.046902,,multiprocessing,2026-10-04T00:14:46+00:00
M0c3-00178,M0c3,localc3,Windows,11,AMD64,AMD Ryzen 3 5300U with Radeon Graphics,amd,3,4,2600,20.8,3.14.6,CPython,1,spawn,2.5.3,db,db_file_commit,1,1156,0.3,ms,normal,8,1178,3,2,1,0,1,0,0.006423466664273292,0.4346613645930626,0.14504418454546975,0.0018940970987720096,0.9764336807445694,14.9,0.03737760000512935,0.0002969000124721788,0.23801100000127917,0.046495300004608,0.030246800000895746,0.03141409999807365,0.047088;0.045679;0.046495,0.030247;0.030564;0.029784,0.031414;0.031967;0.031377,,threading,2026-10-04T00:14:46+00:00
M0c3-00179,M0c3,localc3,Windows,11,AMD64,AMD Ryzen 3 5300U with Radeon Graphics,amd,3,4,2600,20.8,3.14.6,CPython,1,spawn,2.5.3,big_payload,big_count_byte,111,1179462,0.0,ms,big,169,1179484,3,3,0,1,0,0,0.0006162309513283184,0.9999577493327362,0.022852611626974172,1.0449004533837194,0.9381894193782431,13.7,0.06690410000010161,0.013375900045502931,0.26785910000035074,0.10602229999494739,0.11107200000697048,0.45374530000117375,0.105839;0.106022;0.106504,0.111072;0.106106;0.112302,0.430831;0.453745;0.519456,,sequential,2026-10-04T00:14:50+00:00
M0c3-00180,M0c3,localc3,Windows,11,AMD64,AMD Ryzen 3 5300U with Radeon Graphics,amd,3,4,2600,20.8,3.14.6,CPython,1,spawn,2.5.3,tiny,tiny_small_loop,4,21,0.3,ms,normal,53880,40,3,6,0,0,0,0,3.501000101095997e-07,1.0,0.2833384760511339,13.567552172781483,0.4702924166456349,13.4,0.006422300000849646,0.0034138999835704453,0.3692585000026156,0.012418500002240762,0.015648199994757306,0.022747899995010812,0.012343;0.012540;0.012419,0.015763;0.015642;0.015648,0.027291;0.022748;0.022649,,sequential,2026-10-04T00:14:50+00:00
M0c3-00181,M0c3,localc3,Windows,11,AMD64,AMD Ryzen 3 5300U with Radeon Graphics,amd,3,4,2600,20.8,3.14.6,CPython,1,spawn,2.5.3,mixed,mixed_parse_lines,16,17208,0.8,seconds,normal,24,17230,3,2,2,3,1,0,0.016950299999734852,0.9688052777385731,0.32803272490705043,0.0008062788781447275,1.0500586737038964,12.3,0.10919990000547841,0.00025129999994533136,0.23801100000127917,0.3818507000032696,0.38646139999764273,0.22387850000086473,0.382331;0.378705;0.381851,0.387146;0.382584;0.386461,0.223879;0.225823;0.212746,,multiprocessing,2026-10-04T00:14:54+00:00
M0c3-00182,M0c3,localc3,Windows,11,AMD64,AMD Ryzen 3 5300U with Radeon Graphics,amd,3,4,2600,20.8,3.14.6,CPython,1,spawn,2.5.3,text,text_split_count,4,3607,0.0,seconds,normal,2448,3629,3,6,1,1,0,0,0.0009628653851205644,0.9990717744594592,0.04175316647865944,0.004216581107560381,0.9652630673704082,0.8,0.10217739999643527,0.0004254999657860026,0.3692585000026156,2.3877130999971996,2.4475863999978174,1.095335400001204,2.373976;2.399655;2.387713,2.436740;2.449128;2.447586,1.080877;1.095335;1.096725,,multiprocessing,2026-10-04T00:15:12+00:00
M0c3-00183,M0c3,localc3,Windows,11,AMD64,AMD Ryzen 3 5300U with Radeon Graphics,amd,3,4,2600,20.8,3.14.6,CPython,1,spawn,2.5.3,cpu,cpu_collatz,712,20,0.0,ms,normal,9,40,3,3,2,5,0,0,0.003426233333205649,0.9985115548208879,0.06465401891150054,0.003765067921432776,0.8906062752056192,2.3,0.02160600000206614,0.00025520000781398267,0.26785910000035074,0.030629599998064805,0.031156600001850165,0.017493999999715015,0.030630;0.030738;0.029501,0.030441;0.031848;0.031157,0.017288;0.017494;0.017886,,multiprocessing,2026-10-04T00:15:13+00:00
M0c3-00184,M0c3,localc3,Windows,11,AMD64,AMD Ryzen 3 5300U with Radeon Graphics,amd,3,4,2600,20.8,3.14.6,CPython,1,spawn,2.5.3,gil_release,gil_sha256,175,5193,0.3,seconds,normal,429,5215,3,2,1,1,0,1,0.0006946930558721457,1.0,0.17536880950201772,0.007449332253277542,1.866278666174494,0.8,0.07741489999898477,0.0005114999730722047,0.23801100000127917,0.28873010000097565,0.1529584999952931,0.153421500006516,0.289898;0.288575;0.288730,0.154507;0.150939;0.152958,0.148240;0.153422;0.155023,,threading,2026-10-04T00:15:15+00:00
M0c3-00185,M0c3,localc3,Windows,11,AMD64,AMD Ryzen 3 5300U with Radeon Graphics,amd,3,4,2600,20.8,3.14.6,CPython,1,spawn,2.5.3,algo_iter,algo_dijkstra,2103,194055,0.8,ms,big,8,194078,3,2,2,15,0,0,0.0073349000012967736,0.9955548953513182,0.2617257374697434,0.009429803351644396,0.5801447008733305,5.2,0.0669460999997682,0.0004380999962450005,0.23801100000127917,0.05167749999964144,0.06052089999866439,0.045410099999571685,0.049288;0.051677;0.051840,0.060521;0.053263;0.061107,0.045410;0.043264;0.045874,,multiprocessing,2026-10-04T00:15:17+00:00
M0c3-00186,M0c3,localc3,Windows,11,AMD64,AMD Ryzen 3 5300U with Radeon Graphics,amd,3,4,2600,20.8,3.14.6,CPython,1,spawn,2.5.3,big_payload,big_count_byte,10,512482,0.3,ms,big,49,512504,3,6,0,1,0,0,0.0003326583343247573,1.0,0.22386769166330275,0.4217039487421464,0.9313679383089016,8.9,0.010619500004395377,0.002165299993066583,0.3692585000026156,0.013612799994007219,0.014280199997301679,0.04095140000572428,0.014112;0.013217;0.013613,0.014205;0.014419;0.014280,0.042892;0.040008;0.040951,,sequential,2026-10-04T00:15:17+00:00
M0c3-00187,M0c3,localc3,Windows,11,AMD64,AMD Ryzen 3 5300U with Radeon Graphics,amd,3,4,2600,20.8,3.14.6,CPython,1,spawn,2.5.3,recursive,rec_quicksort,9774,168,0.8,seconds,normal,49,188,3,3,1,8,0,0,0.017477433335443493,0.999472320335864,0.34847617956687027,0.000522578594321427,1.1071011471310779,16.8,0.10899800000333926,0.00023979999969014898,0.26785910000035074,0.8170804999972461,0.8342897999973502,0.3933335999972769,0.817080;0.819790;0.816924,0.830043;0.834290;0.836568,0.385403;0.399577;0.393334,,multiprocessing,2026-10-04T00:15:24+00:00
M0c3-00188,M0c3,localc3,Windows,11,AMD64,AMD Ryzen 3 5300U with Radeon Graphics,amd,3,4,2600,20.8,3.14.6,CPython,1,spawn,2.5.3,numpy,np_linalg_solve,149,1549,0.3,seconds,normal,6028,1571,3,4,0,3,0,1,0.00024828258691157506,0.9977272286884535,0.3965793577760286,0.015949564888270738,0.7530126318520307,13.7,0.11672240000189049,0.0008144000312313437,0.29391860000032466,1.3994802000015625,1.9529069000054733,0.7670327999949222,1.425135;1.382736;1.399480,1.952907;1.933166;1.999971,0.770389;0.761011;0.767033,,multiprocessing,2026-10-04T00:15:37+00:00
M0c3-00189,M0c3,localc3,Windows,11,AMD64,AMD Ryzen 3 5300U with Radeon Graphics,amd,3,4,2600,20.8,3.14.6,CPython,1,spawn,2.5.3,mixed,mixed_compute_then_sleep,17269,575,0.3,ms,normal,8,598,3,4,1,3,1,0,0.0013188333323341794,0.610846633435431,0.091670528975672,0.007734108478715067,1.2028038229994968,15.3,0.007477700004528742,0.00023510000755777583,0.29391860000032466,0.010595699997793417,0.006606999995710794,0.005883799996809103,0.010596;0.010647;0.009873,0.006602;0.006607;0.006889,0.005016;0.005884;0.006511,,multiprocessing,2026-10-04T00:15:38+00:00
M0c3-00190,M0c3,localc3,Windows,11,AMD64,AMD Ryzen 3 5300U with Radeon Graphics,amd,3,4,2600,20.8,3.14.6,CPython,1,spawn,2.5.3,io,io_file_roundtrip,3,218,0.8,ms,normal,8,237,3,6,1,0,1,0,0.019637966666778084,0.213953248350791,0.09458142640836621,0.0006059689708340718,1.2458139889489743,18.4,0.10706919999938691,0.00028390000079525635,0.3692585000026156,0.11108149999927264,0.033482200000435114,0.032051499998488,0.128097;0.103005;0.111081,0.033482;0.033461;0.040590,0.033345;0.032051;0.031021,,multiprocessing,2026-10-04T00:15:39+00:00
M0c3-00191,M0c3,localc3,Windows,11,AMD64,AMD Ryzen 3 5300U with Radeon Graphics,amd,3,4,2600,20.8,3.14.6,CPython,1,spawn,2.5.3,tiny,tiny_add,298,166,0.8,seconds,normal,200000,185.55,3,2,0,1,0,0,2.613500691950321e-07,1.0,0.3383866510277772,19.112298606223664,0.5399099209687648,15.4,0.005728899996029213,0.0034175998516730033,0.23801100000127917,0.029383499997493345,0.043513399999937974,0.19100590000016382,0.030566;0.029383;0.028368,0.043513;0.043690;0.041498,0.191006,,sequential,2026-10-04T00:15:40+00:00
M0c3-00192,M0c3,localc3,Windows,11,AMD64,AMD Ryzen 3 5300U with Radeon Graphics,amd,3,4,2600,20.8,3.14.6,CPython,1,spawn,2.5.3,db,db_file_lookup,48,114,0.8,ms,normal,9,133,3,2,1,5,1,0,0.003110400000878144,0.9997468205185468,0.1344834495358791,0.0028292170366513176,0.28010881123908105,17.6,0.04205360000196379,0.00022219999664230272,0.23801100000127917,0.025647299997217488,0.01692899999761721,0.018505199994251598,0.027864;0.025647;0.025318,0.040786;0.016708;0.016929,0.037251;0.018505;0.018234,,threading,2026-10-04T00:15:41+00:00
M0c3-00193,M0c3,localc3,Windows,11,AMD64,AMD Ryzen 3 5300U with Radeon Graphics,amd,3,4,2600,20.8,3.14.6,CPython,1,spawn,2.5.3,algo_rec,algo_flood_fill,16,1422,0.0,ms,normal,8,1444,3,4,3,10,0,0,0.006373000001379599,0.9999999340328661,0.101265733937027,0.0016423452576857169,0.8633329121545285,17.2,0.04314699999667937,0.00023979999241419137,0.29391860000032466,0.050220099998114165,0.05145289999927627,0.027825099998153746,0.049625;0.050239;0.050220,0.051453;0.050057;0.051469,0.027706;0.027825;0.028165,,multiprocessing,2026-10-04T00:15:42+00:00
M0c3-00194,M0c3,localc3,Windows,11,AMD64,AMD Ryzen 3 5300U with Radeon Graphics,amd,3,4,2600,20.8,3.14.6,CPython,1,spawn,2.5.3,gil_release,gil_sha256,35,227541,0.8,seconds,big,68,227563,3,3,1,1,0,1,0.004879190907310906,0.9987922028397168,0.4903532858250507,0.006972094937135734,1.670785939557441,16.7,0.08561439999903087,0.0006950000170036219,0.26785910000035074,0.30469459999585524,0.11976739999954589,0.1336922000045888,0.305157;0.304695;0.304124,0.118319;0.119879;0.119767,0.140890;0.132459;0.133692,,threading,2026-10-04T00:15:44+00:00
M0c3-00195,M0c3,localc3,Windows,11,AMD64,AMD Ryzen 3 5300U with Radeon Graphics,amd,3,4,2600,20.8,3.14.6,CPython,1,spawn,2.5.3,tiny,tiny_small_loop,26,243358,0.0,ms,big,821,243380,3,3,0,0,0,0,5.995121105892084e-07,1.0,0.3158396585646953,60.2323098445378,0.147169578841013,14.5,0.0023204000026453286,0.0012386000162223354,0.26785910000035074,0.0002901999978348613,0.0006349999966914766,0.493974299999536,0.000468;0.000290;0.000289,0.000897;0.000635;0.000567,0.493974,,sequential,2026-10-04T00:15:46+00:00
M0c3-00196,M0c3,localc3,Windows,11,AMD64,AMD Ryzen 3 5300U with Radeon Graphics,amd,3,4,2600,20.8,3.14.6,CPython,1,spawn,2.5.3,tiny,tiny_add,36,1857969,0.3,seconds,big,107,1857991,3,3,0,1,0,0,4.153844201937318e-07,1.0,0.5244357462647614,1960.0518497109827,0.01567671394043966,19.5,0.01740369999606628,0.01669009999750415,0.26785910000035074,3.1400006264448166e-05,0.000407900006393902,0.3865302999984124,0.000048;0.000031;0.000012,0.000408,0.386530,,sequential,2026-10-04T00:15:47+00:00
M0c3-00197,M0c3,localc3,Windows,11,AMD64,AMD Ryzen 3 5300U with Radeon Graphics,amd,3,4,2600,20.8,3.14.6,CPython,1,spawn,2.5.3,big_payload,big_count_byte,1,1632652,0.8,ms,big,46,1632674,3,4,0,1,0,0,0.0009099727288809266,1.0,0.15174790590577575,0.8055486160312272,0.9484624733865311,19.3,0.028696800000034273,0.008456799980194774,0.29391860000032466,0.03990289999637753,0.040210200000728946,0.12227780000102939,0.039903;0.039623;0.046996,0.040210;0.039983;0.040733,0.108557;0.122278;0.145697,,sequential,2026-10-04T00:15:49+00:00
M0c3-00198,M0c3,localc3,Windows,11,AMD64,AMD Ryzen 3 5300U with Radeon Graphics,amd,3,4,2600,20.8,3.14.6,CPython,1,spawn,2.5.3,tiny,tiny_dict_lookup,386,42,0.0,ms,normal,21374,62,3,4,0,1,0,0,3.9439998727175405e-07,1.0,0.2591750143667594,9.089755996492007,0.5364139986932944,15.6,0.006527300000016112,0.0033793000256991945,0.29391860000032466,0.005164599999261554,0.007400300004519522,0.01282300000457326,0.005047;0.008605;0.005165,0.007400;0.007196;0.007821,0.013736;0.011019;0.012823,,sequential,2026-10-04T00:15:49+00:00
M0c3-00199,M0c3,localc3,Windows,11,AMD64,AMD Ryzen 3 5300U with Radeon Graphics,amd,3,4,2600,20.8,3.14.6,CPython,1,spawn,2.5.3,io,io_sleep_chunks,7692,840,0.0,ms,normal,10,863,3,3,1,1,1,0,0.008471300000868117,0.00915672507135214,0.008643300099622315,0.0014637661582422164,1.3270817765764076,16.7,0.04502669999783393,0.00027579999732552096,0.26785910000035074,0.08974790000502253,0.03361490000679623,0.03613729999779025,0.091062;0.089748;0.082017,0.033615;0.033833;0.032813,0.037012;0.036137;0.035501,,threading,2026-10-04T00:15:50+00:00
M0c3-00200,M0c3,localc3,Windows,11,AMD64,AMD Ryzen 3 5300U with Radeon Graphics,amd,3,4,2600,20.8,3.14.6,CPython,1,spawn,2.5.3,gil_release,gil_bz2,138,300000,0.0,ms,big,8,300022,3,6,0,1,0,1,0.014010133330884855,1.0,0.012066588549213697,0.005158171209830818,1.1518340594539653,17.6,0.07873919999838108,0.0004575000057229772,0.3692585000026156,0.11347889999888139,0.05664550000074087,0.057258100001490675,0.112204;0.114037;0.113479,0.056646;0.050539;0.056827,0.057258;0.056946;0.063147,,threading,2026-10-04T00:15:52+00:00
M0c3-00201,M0c3,localc3,Windows,11,AMD64,AMD Ryzen 3 5300U with Radeon Graphics,amd,3,4,2600,20.8,3.14.6,CPython,1,spawn,2.5.3,algo_rec,algo_sudoku,12,17,0.8,ms,normal,8,36,3,2,3,28,0,0,0.05166116666805465,0.9991927565350464,1.3396926475389315,0.00019485943423812687,20.169192500707968,17.5,0.16649280000274302,0.00023350000265054405,0.23801100000127917,0.2177060000030906,0.21757289999368368,0.1570549000025494,0.217706;0.217101;0.219296,0.217230;0.219967;0.217573,0.157055;0.170848;0.156360,,multiprocessing,2026-10-04T00:15:54+00:00
M0c3-00202,M0c3,localc3,Windows,11,AMD64,AMD Ryzen 3 5300U with Radeon Graphics,amd,3,4,2600,20.8,3.14.6,CPython,1,spawn,2.5.3,algo_rec,algo_flood_fill,3,397,0.8,seconds,normal,870,419,3,2,3,10,0,0,0.0011972571425888287,0.9986765368434396,0.6636026817908067,0.0031405118587391583,0.970845658670824,14.2,0.10315730000002077,0.00043390001519583166,0.23801100000127917,1.1258625999980723,1.1468696000010823,0.578868099997635,1.117747;1.125863;1.134830,1.143585;1.154343;1.146870,0.585130;0.578868;0.569187,,multiprocessing,2026-10-04T00:16:03+00:00
M0c3-00203,M0c3,localc3,Windows,11,AMD64,AMD Ryzen 3 5300U with Radeon Graphics,amd,3,4,2600,20.8,3.14.6,CPython,1,spawn,2.5.3,text,text_regex_findall,1,338,0.0,ms,normal,3340,360,3,4,1,1,0,0,2.8919760510046593e-05,1.0,0.20305338955297578,0.12949619853692557,0.9790342835679329,19.0,0.050827400002162904,0.0016360999798052944,0.29391860000032466,0.09278460000496125,0.09162159999686992,0.03200339999602875,0.092413;0.092785;0.093516,0.092253;0.091622;0.091255,0.034104;0.032003;0.031841,,multiprocessing,2026-10-04T00:16:04+00:00
M0c3-00204,M0c3,localc3,Windows,11,AMD64,AMD Ryzen 3 5300U with Radeon Graphics,amd,3,4,2600,20.8,3.14.6,CPython,1,spawn,2.5.3,tiny,tiny_dict_lookup,15,46,0.3,seconds,normal,200000,65,3,6,0,1,0,0,3.4210001831525003e-07,1.0,0.30020881089144225,10.494011441628835,0.5234604039186328,20.8,0.005865599996468518,0.003049899954930879,0.3692585000026156,0.03656999999657273,0.04636860000027809,0.08789610000530956,0.036085;0.036655;0.036570,0.047861;0.045887;0.046369,0.082142;0.087896;0.093827,,sequential,2026-10-04T00:16:06+00:00
M0c3-00205,M0c3,localc3,Windows,11,AMD64,AMD Ryzen 3 5300U with Radeon Graphics,amd,3,4,2600,20.8,3.14.6,CPython,1,spawn,2.5.3,mixed,mixed_hash_then_write,5249,1075,0.3,ms,normal,83,1098,3,2,1,3,1,0,0.0005913100005273009,0.9926416380849128,0.14414766075172367,0.007711691257081258,1.3192492524902304,17.4,0.0211671000070055,0.0004358999940450303,0.23801100000127917,0.04498730000341311,0.036433599998417776,0.038510399994265754,0.042818;0.044987;0.046044,0.038441;0.036434;0.035627,0.034718;0.038774;0.038510,,threading,2026-10-04T00:16:06+00:00
M0c3-00206,M0c3,localc3,Windows,11,AMD64,AMD Ryzen 3 5300U with Radeon Graphics,amd,3,4,2600,20.8,3.14.6,CPython,1,spawn,2.5.3,big_payload,big_upper_copy,3,204887,0.8,seconds,big,976,204909,3,4,0,0,0,0,0.0001648618851847504,0.9992036712334723,0.108920158439307,0.3249083249381293,0.9308430780663897,19.1,0.0855846999984351,0.0019475000153761357,0.29391860000032466,0.17470990000583697,0.17479090000415454,0.8912390000041341,0.174732;0.174710;0.170577,0.183559;0.174791;0.174111,0.873479;0.893646;0.891239,,sequential,2026-10-04T00:16:11+00:00
M0c3-00207,M0c3,localc3,Windows,11,AMD64,AMD Ryzen 3 5300U with Radeon Graphics,amd,3,4,2600,20.8,3.14.6,CPython,1,spawn,2.5.3,mixed,mixed_hash_then_write,1171,73974,0.8,seconds,normal,893,73997,3,3,1,3,1,0,0.0005257642108757098,0.9948391740459612,0.16859878418879812,0.03612836151458313,1.2535401445697387,16.6,0.09089370000583585,0.0011785999740823172,0.26785910000035074,0.5034134000015911,0.34036440000636503,0.4357199000005494,0.492446;0.511574;0.503413,0.340364;0.360554;0.329026,0.453476;0.421146;0.435720,,threading,2026-10-04T00:16:16+00:00
M0c3-00208,M0c3,localc3,Windows,11,AMD64,AMD Ryzen 3 5300U with Radeon Graphics,amd,3,4,2600,20.8,3.14.6,CPython,1,spawn,2.5.3,io,io_sleep,336,714,0.3,ms,normal,80,736.95,3,6,0,1,1,0,0.0005892949993722141,0.03728700456831724,0.22520370178389088,0.009282279523402335,1.9245339999442395,14.7,0.018401799999992363,0.0004940000144415535,0.3692585000026156,0.04648499999893829,0.009227199996530544,0.010938700004771817,0.043839;0.046485;0.048200,0.008935;0.009622;0.009227,0.010159;0.011023;0.010939,,threading,2026-10-04T00:16:17+00:00
M0c3-00209,M0c3,localc3,Windows,11,AMD64,AMD Ryzen 3 5300U with Radeon Graphics,amd,3,4,2600,20.8,3.14.6,CPython,1,spawn,2.5.3,io,io_sleep,637,212,0.0,seconds,normal,330,232,3,3,0,1,1,0,0.001044516666297568,0.020864059860268583,0.06585519573732468,0.0047150998666716844,1.9406091007300164,2.8,0.07678350000060163,0.000597800019022543,0.26785910000035074,0.3510404999979073,0.11940189999586437,0.11905169999954524,0.351409;0.351040;0.350454,0.119628;0.119207;0.119402,0.117053;0.119052;0.119684,,multiprocessing,2026-10-04T00:16:19+00:00
M0c3-00210,M0c3,localc3,Windows,11,AMD64,AMD Ryzen 3 5300U with Radeon Graphics,amd,3,4,2600,20.8,3.14.6,CPython,1,spawn,2.5.3,gil_release,gil_numpy_matmul,203,3241,0.3,ms,normal,94,3263.05,3,2,0,2,0,1,0.0005437913034414953,0.9994260171528907,0.4447556300896878,0.008183285865978308,1.4242337449921927,0.4,0.021205299999564886,0.0004090000147698447,0.23801100000127917,0.04247829999803798,0.02498149999883026,0.03141659999528201,0.043458;0.042430;0.042478,0.024937;0.024981;0.026034,0.030081;0.031417;0.032057,,threading,2026-10-04T00:16:20+00:00
M0c3-00211,M0c3,localc3,Windows,11,AMD64,AMD Ryzen 3 5300U with Radeon Graphics,amd,3,4,2600,20.8,3.14.6,CPython,1,spawn,2.5.3,db,db_mem_group_by,12855,751,0.3,seconds,normal,119,774,3,2,1,2,1,0,0.01206761999928858,0.9999320469714177,0.0351691199525261,0.000498855675656656,1.0086955569124896,6.6,0.12002909999864642,0.0002494000073056668,0.23801100000127917,1.7700543999962974,1.2929038000002038,0.8899572000009357,1.770054;1.764632;1.787035,1.301005;1.292904;1.285642,0.910833;0.885779;0.889957,,multiprocessing,2026-10-04T00:16:32+00:00
M0c3-00212,M0c3,localc3,Windows,11,AMD64,AMD Ryzen 3 5300U with Radeon Graphics,amd,3,4,2600,20.8,3.14.6,CPython,1,spawn,2.5.3,algo_rec,algo_lcs_memo,1,122706,0.8,seconds,big,360,122728,3,2,1,10,0,0,0.004104392307523925,0.9961446285167544,0.28680170219105783,0.006284074645965768,0.8606750717201929,1.6,0.11609499999758555,0.0006484000041382387,0.23801100000127917,1.490005999999994,1.541716500003531,0.8716396000017994,1.486605;1.490006;1.496082,1.541717;1.665197;1.536590,0.871640;0.861083;0.875515,,multiprocessing,2026-10-04T00:16:45+00:00
M0c3-00213,M0c3,localc3,Windows,11,AMD64,AMD Ryzen 3 5300U with Radeon Graphics,amd,3,4,2600,20.8,3.14.6,CPython,1,spawn,2.5.3,db,db_file_lookup,85,733,0.3,ms,normal,25,755,3,4,1,5,1,0,0.0041513833311910275,0.9968491839340625,0.10784208846769495,0.001344933524979889,0.559303344824269,1.6,0.06937399999878835,0.00027030001365346834,0.29391860000032466,0.11073660000693053,0.10911430000123801,0.11716860000160523,0.110576;0.110737;0.113456,0.108076;0.113590;0.109114,0.113517;0.117255;0.117169,,threading,2026-10-04T00:16:47+00:00
M0c3-00214,M0c3,localc3,Windows,11,AMD64,AMD Ryzen 3 5300U with Radeon Graphics,amd,3,4,2600,20.8,3.14.6,CPython,1,spawn,2.5.3,algo_iter,algo_dijkstra,55,337731,0.3,seconds,big,592,337753,3,4,2,15,0,0,0.00012443716160133418,0.9990836976890614,0.21729462169946273,0.4941449814881661,0.8919358643969885,12.9,0.0408744000014849,0.0017670000888756476,0.29391860000032466,0.0711920999965514,0.07373399999778485,0.46805940000194823,0.071051;0.071192;0.073798,0.073734;0.072586;0.078261,0.468059,,sequential,2026-10-04T00:16:49+00:00
M0c3-00215,M0c3,localc3,Windows,11,AMD64,AMD Ryzen 3 5300U with Radeon Graphics,amd,3,4,2600,20.8,3.14.6,CPython,1,spawn,2.5.3,big_payload,big_reverse,3,2140702,0.8,seconds,big,93,2140724,3,3,0,0,0,0,0.001454143478717331,0.9977990406323816,0.19896467307571666,1.2909420754534415,0.9577109785300969,22.6,0.10546949999843491,0.03809749998617917,0.26785910000035074,0.13826030000200262,0.14274280000245199,0.7297625000028347,0.138260;0.137150;0.141819,0.142743;0.142912;0.140511,0.690806;0.768719,,sequential,2026-10-04T00:16:52+00:00
M0c3-00216,M0c3,localc3,Windows,11,AMD64,AMD Ryzen 3 5300U with Radeon Graphics,amd,3,4,2600,20.8,3.14.6,CPython,1,spawn,2.5.3,text,text_split_count,3,1580,0.3,ms,normal,57,1602,3,2,1,1,0,0,0.00038792142887749445,1.0,0.2866942911609147,0.011066304281490358,0.7717033169720683,15.1,0.01257649999752175,0.0003040999945369549,0.23801100000127917,0.02044939999905182,0.022178299994266126,0.013384599995333701,0.020422;0.020449;0.020554,0.022017;0.022178;0.022689,0.013385;0.012386;0.016561,,multiprocessing,2026-10-04T00:16:53+00:00
M0c3-00217,M0c3,localc3,Windows,11,AMD64,AMD Ryzen 3 5300U with Radeon Graphics,amd,3,4,2600,20.8,3.14.6,CPython,1,spawn,2.5.3,tiny,tiny_dict_lookup,19,407,0.8,ms,normal,31220,429,3,2,0,1,0,0,4.4085001718485725e-07,1.0,0.8601076356123353,8.517635717399738,0.6158867343184798,15.2,0.006276199994317722,0.003160699961881619,0.23801100000127917,0.008375599994906224,0.011346300001605414,0.03828659999999218,0.008376;0.008315;0.009261,0.010785;0.012166;0.011346,0.039285;0.038287;0.038108,,sequential,2026-10-04T00:16:54+00:00
M0c3-00218,M0c3,localc3,Windows,11,AMD64,AMD Ryzen 3 5300U with Radeon Graphics,amd,3,4,2600,20.8,3.14.6,CPython,1,spawn,2.5.3,numpy,np_sort,8878,1408903,0.8,seconds,big,141,1408926,3,3,0,3,0,1,0.005641222222442998,0.9988863582159598,0.028223579373884016,0.14473025967991607,1.276507233823031,13.3,0.09874809999746503,0.00846839999576332,0.26785910000035074,0.8402732999966247,0.5723273999974481,0.8856654999981401,0.890578;0.838273;0.840273,0.622909;0.549305;0.572327,0.905335;0.885665;0.800739,,threading,2026-10-04T00:17:02+00:00
M0c3-00219,M0c3,localc3,Windows,11,AMD64,AMD Ryzen 3 5300U with Radeon Graphics,amd,3,4,2600,20.8,3.14.6,CPython,1,spawn,2.5.3,gil_release,gil_bz2,2,300000,0.0,seconds,big,666,300022,3,2,0,1,0,1,0.0006743119994644075,0.9995244854080055,0.08503804726142734,0.0636945530815132,1.7745742215653175,5.0,0.080173599999398,0.001268500040168874,0.23801100000127917,0.44570580000436166,0.24244539999926928,0.5781807999956072,0.445706;0.448753;0.444256,0.238218;0.242445;0.243189,0.578181;0.598181;0.558337,,threading,2026-10-04T00:17:07+00:00
M0c3-00220,M0c3,localc3,Windows,11,AMD64,AMD Ryzen 3 5300U with Radeon Graphics,amd,3,4,2600,20.8,3.14.6,CPython,1,spawn,2.5.3,db,db_mem_group_by,19,1737971,0.8,seconds,big,115,1737993,3,4,1,2,1,0,0.00014622500098734496,0.9920448356342527,0.44146946256583486,5.054881139210482,0.8915214751862222,2.4,0.023591499993926845,0.015174199972534552,0.29391860000032466,0.014730900002177805,0.01244839999708347,0.35285100000328384,0.014739;0.014731;0.014514,0.012448;0.011910;0.012667,0.352851,,threading,2026-10-04T00:17:08+00:00
M0c3-00221,M0c3,localc3,Windows,11,AMD64,AMD Ryzen 3 5300U with Radeon Graphics,amd,3,4,2600,20.8,3.14.6,CPython,1,spawn,2.5.3,mixed,mixed_parse_lines,43,950,0.3,ms,normal,8,972,3,2,2,3,1,0,0.002798966668099941,0.7676249410218224,0.20105452906118074,0.0035132011882673645,0.8836901063937623,4.7,0.017181999995955266,0.00020769998809555545,0.23801100000127917,0.0224990999995498,0.01993640000000596,0.014092299999902025,0.021017;0.022499;0.023319,0.020305;0.019277;0.019936,0.014027;0.014092;0.014878,,multiprocessing,2026-10-04T00:17:09+00:00
M0c3-00222,M0c3,localc3,Windows,11,AMD64,AMD Ryzen 3 5300U with Radeon Graphics,amd,3,4,2600,20.8,3.14.6,CPython,1,spawn,2.5.3,tiny,tiny_add,5,31,0.0,seconds,normal,200000,50,3,3,0,1,0,0,2.8224993366166016e-07,1.0,0.39261223561502334,13.62267875147013,0.5522335975045239,0.0,0.00573420000000624,0.003302500132122077,0.26785910000035074,0.017448399994464125,0.02560500000254251,0.08365339999727439,0.017448;0.017317;0.018749,0.025725;0.025372;0.025605,0.083653;0.081871;0.085501,,sequential,2026-10-04T00:17:10+00:00
M0c3-00223,M0c3,localc3,Windows,11,AMD64,AMD Ryzen 3 5300U with Radeon Graphics,amd,3,4,2600,20.8,3.14.6,CPython,1,spawn,2.5.3,numpy,np_fft,1117743,2495,0.3,ms,normal,8,2520,3,3,0,0,0,1,0.3159448999989157,0.9968612676339722,0.037098995627295635,4.2095953549875544e-05,1.3844059396683903,2.0,1.619299799996952,0.0002868000010494143,0.26785910000035074,2.2757061999946018,1.6807622999986052,1.7240228000009665,2.293368;2.269773;2.275706,1.710447;1.680762;1.678961,1.667692;1.724023;1.740352,,threading,2026-10-04T00:17:30+00:00
M0c3-00224,M0c3,localc3,Windows,11,AMD64,AMD Ryzen 3 5300U with Radeon Graphics,amd,3,4,2600,20.8,3.14.6,CPython,1,spawn,2.5.3,big_payload,big_upper_copy,8,1469554,0.3,ms,big,19,1469576,3,6,0,0,0,0,0.0012025999967590906,0.9904439609317721,0.02383792907610044,1.3331323838589784,0.8364755746128255,3.8,0.017423400000552647,0.006792100015445612,0.3692585000026156,0.02138790000026347,0.02307170000131009,0.06686300000001211,0.021044;0.021550;0.021388,0.023212;0.023072;0.022940,0.066380;0.066863;0.068227,,sequential,2026-10-04T00:17:31+00:00
M0c3-00225,M0c3,localc3,Windows,11,AMD64,AMD Ryzen 3 5300U with Radeon Graphics,amd,3,4,2600,20.8,3.14.6,CPython,1,spawn,2.5.3,big_result,result_sorted_pairs,187,584,0.0,ms,normal,965,606,3,6,1,4,0,0,5.540248960366712e-05,1.0,0.45224299188566824,0.7388657119443388,0.8896776904066371,14.2,0.02996970000094734,0.0014842000091448426,0.3692585000026156,0.06227509999735048,0.06418579999444773,0.065677799997502,0.192016;0.062275;0.060649,0.064029;0.064186;0.064325,0.072914;0.061601;0.065678,,sequential,2026-10-04T00:17:33+00:00
M0c3-00226,M0c3,localc3,Windows,11,AMD64,AMD Ryzen 3 5300U with Radeon Graphics,amd,3,4,2600,20.8,3.14.6,CPython,1,spawn,2.5.3,recursive,rec_quicksort,4712,919809,0.0,ms,big,8,919832,3,6,1,8,0,0,0.007997366665222216,0.9962125499920855,0.037596254080447984,0.04897028623290825,1.013207933198356,0.4,0.04900640000414569,0.0014875000051688403,0.3692585000026156,0.060471299999335315,0.06162110000150278,0.035615699998743366,0.058967;0.060471;0.060980,0.062061;0.061621;0.061327,0.034570;0.036503;0.035616,,multiprocessing,2026-10-04T00:17:34+00:00
M0c3-00227,M0c3,localc3,Windows,11,AMD64,AMD Ryzen 3 5300U with Radeon Graphics,amd,3,4,2600,20.8,3.14.6,CPython,1,spawn,2.5.3,tiny,tiny_len,2,37,0.0,ms,normal,182641,56,3,4,0,0,0,0,2.23199949687114e-07,1.0,0.5601572821332332,17.741945815455495,0.36865330840450994,0.0,0.005792900003143586,0.003282500103523489,0.29391860000032466,0.01925630000187084,0.030205399998521898,0.09515829999872949,0.018853;0.019256;0.019398,0.028468;0.032022;0.030205,0.095158,,sequential,2026-10-04T00:17:35+00:00
M0c3-00228,M0c3,localc3,Windows,11,AMD64,AMD Ryzen 3 5300U with Radeon Graphics,amd,3,4,2600,20.8,3.14.6,CPython,1,spawn,2.5.3,cpu,cpu_matmul_lists,7,1139430,0.3,seconds,big,175,1139452,3,6,3,5,0,0,4.328372106524617e-05,1.0,0.4570996016487231,14.06995483832044,0.8690619570637005,1.2,0.01659289999952307,0.012563499993120786,0.3692585000026156,0.006141899997601286,0.007239799997478258,0.3742458999986411,0.006142;0.006081;0.006174,0.007240;0.007400;0.006626,0.374246,,sequential,2026-10-04T00:17:36+00:00
M0c3-00229,M0c3,localc3,Windows,11,AMD64,AMD Ryzen 3 5300U with Radeon Graphics,amd,3,4,2600,20.8,3.14.6,CPython,1,spawn,2.5.3,big_payload,big_upper_copy,7,274845,0.3,ms,big,727,274867,3,3,0,0,0,0,0.00021762928167468667,0.9952027614348922,0.09707953925186817,0.3452890099677363,0.9382102040627974,3.5,0.0836632999998983,0.0022615000198129565,0.26785910000035074,0.17475779999949737,0.1725256999998237,0.8633220999981859,0.179098;0.174758;0.166565,0.188169;0.171945;0.172526,0.863322,,threading,2026-10-04T00:17:39+00:00
M0c3-00230,M0c3,localc3,Windows,11,AMD64,AMD Ryzen 3 5300U with Radeon Graphics,amd,3,4,2600,20.8,3.14.6,CPython,1,spawn,2.5.3,io,io_sleep,329,23,0.8,seconds,normal,570,42.5,3,2,0,1,1,0,0.0006610526313459942,0.03308694110364786,0.2611188387115216,0.007760350526904893,1.947237730528767,4.7,0.07679550000466406,0.0007255000236909837,0.23801100000127917,0.38840499999787426,0.18026390000159154,0.17941889999929117,0.388405;0.389950;0.387993,0.180929;0.180264;0.179603,0.178285;0.179419;0.180976,,multiprocessing,2026-10-04T00:17:42+00:00
M0c3-00231,M0c3,localc3,Windows,11,AMD64,AMD Ryzen 3 5300U with Radeon Graphics,amd,3,4,2600,20.8,3.14.6,CPython,1,spawn,2.5.3,big_result,result_matrix_lists,11,197,0.3,ms,normal,1277,216,3,2,2,5,0,0,1.5889655141419728e-05,1.0,0.5743067412574352,0.6479058053331145,0.8374990980462357,0.0,0.012213000001793262,0.0009539000093354844,0.23801100000127917,0.019715499998710584,0.019903699998394586,0.01981800000066869,0.029226;0.019715;0.019320,0.019900;0.020740;0.019904,0.024783;0.019818;0.016571,,sequential,2026-10-04T00:17:43+00:00
M0c3-00232,M0c3,localc3,Windows,11,AMD64,AMD Ryzen 3 5300U with Radeon Graphics,amd,3,4,2600,20.8,3.14.6,CPython,1,spawn,2.5.3,numpy,np_elementwise,1062,289,0.8,ms,normal,174,311.95,3,3,0,4,0,0,5.4800000344944556e-05,1.0,0.6614104913117964,0.0645985337259592,0.6871831119101923,3.9,0.005928799997491296,0.00037269998574629426,0.26785910000035074,0.007520800005295314,0.008987900000647642,0.005967800003418233,0.007553;0.007467;0.007521,0.009787;0.008988;0.008891,0.005968;0.005066;0.006078,,multiprocessing,2026-10-04T00:17:43+00:00
M0c3-00233,M0c3,localc3,Windows,11,AMD64,AMD Ryzen 3 5300U with Radeon Graphics,amd,3,4,2600,20.8,3.14.6,CPython,1,spawn,2.5.3,recursive,rec_tree_sum,30,1471,0.3,seconds,normal,25645,1493,3,2,0,4,0,0,1.3404500008618925e-05,1.0,0.6498841803066094,0.2771458364288857,0.8385425875888849,0.8,0.06309820000024047,0.0034460999886505306,0.23801100000127917,0.3397389000019757,0.35023699999874225,0.23509500000363914,0.339921;0.337961;0.339739,0.354703;0.347004;0.350237,0.229491;0.235095;0.237833,,multiprocessing,2026-10-04T00:17:47+00:00
M0c3-00234,M0c3,localc3,Windows,11,AMD64,AMD Ryzen 3 5300U with Radeon Graphics,amd,3,4,2600,20.8,3.14.6,CPython,1,spawn,2.5.3,recursive,rec_nqueens,19,16,0.3,seconds,normal,289,35,3,2,1,10,0,0,0.0029229277776418408,1.0,0.1610944237357385,0.0012734565286560764,0.861046515750548,7.3,0.11257550000300398,0.0003370000049471855,0.23801100000127917,0.8762648000047193,0.8986262000034912,0.46076320000429405,0.879192;0.876265;0.869789,0.889367;0.898626;0.905472,0.461771;0.460763;0.446462,,multiprocessing,2026-10-04T00:17:54+00:00
M0c3-00235,M0c3,localc3,Windows,11,AMD64,AMD Ryzen 3 5300U with Radeon Graphics,amd,3,4,2600,20.8,3.14.6,CPython,1,spawn,2.5.3,db,db_file_lookup,10,283,0.3,seconds,normal,1373,305,3,6,1,5,1,0,0.0009163545451222241,0.9963716796193401,0.1593431199421171,0.0036394205522721924,0.8970297546034968,0.4,0.10632819999591447,0.0004852000129176304,0.3692585000026156,1.2733831000005011,1.0528687000041828,0.9985731999986456,1.273383;1.268819;1.275294,1.186710;1.052869;0.929221,1.254748;0.962447;0.998573,,multiprocessing,2026-10-04T00:18:05+00:00
M0c3-00236,M0c3,localc3,Windows,11,AMD64,AMD Ryzen 3 5300U with Radeon Graphics,amd,3,4,2600,20.8,3.14.6,CPython,1,spawn,2.5.3,cpu,cpu_sum_squares,40156,269,0.3,seconds,normal,2544,292,3,3,1,2,0,0,0.0021194291660625217,1.0,0.202459880265505,0.002304866108023568,0.8871926223273704,0.4,0.10871819999738364,0.00046790001215413213,0.26785910000035074,5.4719094000029145,5.531565199999022,2.741725400002906,5.443148;5.483214;5.471909,5.557273;5.531565;5.520745,2.739071;2.763778;2.741725,,multiprocessing,2026-10-04T00:18:47+00:00
M0c3-00237,M0c3,localc3,Windows,11,AMD64,AMD Ryzen 3 5300U with Radeon Graphics,amd,3,4,2600,20.8,3.14.6,CPython,1,spawn,2.5.3,algo_rec,algo_merge_sort,106,36,0.3,ms,normal,401,55,3,3,1,10,0,0,0.00016516799973032904,1.0,0.2501197717723795,0.06487333738054511,0.940646114257075,12.5,0.03483979999873554,0.000627300025371369,0.26785910000035074,0.06852109999454115,0.06869259999803035,0.035785699998086784,0.068403;0.068521;0.069534,0.068840;0.068693;0.067836,0.035335;0.035786;0.036872,,multiprocessing,2026-10-04T00:18:48+00:00
M0c3-00238,M0c3,localc3,Windows,11,AMD64,AMD Ryzen 3 5300U with Radeon Graphics,amd,3,4,2600,20.8,3.14.6,CPython,1,spawn,2.5.3,text,text_regex_findall,1,1920,0.3,seconds,normal,11894,1942,3,2,1,1,0,0,9.385188685934375e-05,1.0,0.11104214465508634,0.04363257153555199,0.996911398812813,16.1,0.10110449999774573,0.0012129999595344998,0.23801100000127917,1.7905654999995022,1.8080475000024308,0.58456699999806,1.719113;1.804336;1.790565,1.808048;1.818978;1.803392,0.584567;0.584363;0.592207,,multiprocessing,2026-10-04T00:19:01+00:00
M0c3-00239,M0c3,localc3,Windows,11,AMD64,AMD Ryzen 3 5300U with Radeon Graphics,amd,3,4,2600,20.8,3.14.6,CPython,1,spawn,2.5.3,mixed,mixed_hash_then_write,9785,14709,0.0,ms,normal,37,14732,3,6,1,3,1,0,0.0011423111096115059,1.0,0.1438943968750018,0.0070325264230416025,0.9679010408420715,14.2,0.020777999998244923,0.00032220000866800547,0.3692585000026156,0.04309839999768883,0.03511340000113705,0.026596199997584336,0.042750;0.043704;0.043098,0.035113;0.034122;0.035649,0.029657;0.025732;0.026596,,multiprocessing,2026-10-04T00:19:02+00:00
M0c3-00240,M0c3,localc3,Windows,11,AMD64,AMD Ryzen 3 5300U with Radeon Graphics,amd,3,4,2600,20.8,3.14.6,CPython,1,spawn,2.5.3,tiny,tiny_small_loop,19,71,0.3,seconds,normal,200000,90,3,3,0,0,0,0,4.603000525094103e-07,1.0,0.25469141046207205,7.343035320360037,0.6936137177131784,23.0,0.006092600000556558,0.003028299892321229,0.26785910000035074,0.060792800002673175,0.07375170000159414,0.1224925999995321,0.060793;0.060073;0.060858,0.072313;0.074887;0.073752,0.122493;0.126702;0.121439,,sequential,2026-10-04T00:19:03+00:00
M0c3-00241,M0c3,localc3,Windows,11,AMD64,AMD Ryzen 3 5300U with Radeon Graphics,amd,3,4,2600,20.8,3.14.6,CPython,1,spawn,2.5.3,algo_iter,algo_kmeans,528,74,0.0,ms,normal,8,94,3,3,3,15,0,0,0.012819966667545183,1.0,0.01199604269539942,0.0009646410607623712,0.9488908772320953,18.8,0.07899199999519624,0.00023889999283710495,0.26785910000035074,0.10200990000157617,0.10252459999901475,0.05221390000224346,0.100663;0.107737;0.102010,0.105298;0.101474;0.102525,0.051708;0.052821;0.052214,,multiprocessing,2026-10-04T00:19:05+00:00
M0c3-00242,M0c3,localc3,Windows,11,AMD64,AMD Ryzen 3 5300U with Radeon Graphics,amd,3,4,2600,20.8,3.14.6,CPython,1,spawn,2.5.3,io,io_file_roundtrip,3,551285,0.0,seconds,big,67,551307,3,3,1,0,1,0,0.02885233333169405,0.1836400774080385,0.02486945050498467,0.002770428647340087,1.4705874774822407,16.4,0.14533240000309888,0.0004782000105478801,0.26785910000035074,1.8806016000016825,0.7640799000000698,0.7955435999974725,1.880602;1.848662;1.886678,0.764080;0.871954;0.758839,0.787435;0.795544;0.810823,,threading,2026-10-04T00:19:16+00:00
M0c3-00243,M0c3,localc3,Windows,11,AMD64,AMD Ryzen 3 5300U with Radeon Graphics,amd,3,4,2600,20.8,3.14.6,CPython,1,spawn,2.5.3,io,io_file_roundtrip,3,266984,0.0,seconds,big,352,267006,3,6,1,0,1,0,0.029213400002239116,0.1604992363066554,0.0637255771388009,0.0027042384679550604,1.2529811793137222,16.7,0.1550790000037523,0.0004952999952365644,0.3692585000026156,11.460681899996416,2.8627857999963453,3.370786400002544,12.392453;11.460682;11.415847,6.894658;2.862786;2.786211,5.491514;3.370786;2.966758,,threading,2026-10-04T00:20:16+00:00
M0c3-00244,M0c3,localc3,Windows,11,AMD64,AMD Ryzen 3 5300U with Radeon Graphics,amd,3,4,2600,20.8,3.14.6,CPython,1,spawn,2.5.3,recursive,rec_fib,59,182,0.3,ms,normal,11712,201,3,3,0,4,0,0,7.811049930751323e-06,1.0,1.1225461400563614,0.44680293280379485,0.961673920929551,18.6,0.03586630000063451,0.0031686001384514384,0.26785910000035074,0.0887804000012693,0.09001980000175536,0.05245139999897219,0.090535;0.088780;0.088443,0.089925;0.090020;0.092664,0.049703;0.052451;0.054016,,multiprocessing,2026-10-04T00:20:18+00:00
M0c3-00245,M0c3,localc3,Windows,11,AMD64,AMD Ryzen 3 5300U with Radeon Graphics,amd,3,4,2600,20.8,3.14.6,CPython,1,spawn,2.5.3,algo_rec,algo_flood_fill,4,1285,0.8,seconds,normal,269,1307,3,3,3,10,0,0,0.0014537657128780015,1.0,0.7862664346776032,0.00275491479069972,0.8826726602283083,17.3,0.10647630000312347,0.00039960005233297125,0.26785910000035074,0.4457117999991169,0.447808899996744,0.21501480000006268,0.437161;0.445712;0.446135,0.446672;0.447809;0.459321,0.214836;0.215015;0.224486,,multiprocessing,2026-10-04T00:20:22+00:00
M0c3-00246,M0c3,localc3,Windows,11,AMD64,AMD Ryzen 3 5300U with Radeon Graphics,amd,3,4,2600,20.8,3.14.6,CPython,1,spawn,2.5.3,algo_rec,algo_sudoku,11,936999,0.0,ms,big,72,937021,3,3,3,28,0,0,0.007486437501029286,1.0,0.46084804405887597,0.050528038074351994,0.9088659022477494,19.1,0.13230399999883957,0.0033699999839882366,0.26785910000035074,0.6302360000045155,0.6334741999962716,0.38901330000226153,0.626792;0.633979;0.630236,0.632828;0.641360;0.633474,0.398211;0.389013;0.372363,,multiprocessing,2026-10-04T00:20:27+00:00
M0c3-00247,M0c3,localc3,Windows,11,AMD64,AMD Ryzen 3 5300U with Radeon Graphics,amd,3,4,2600,20.8,3.14.6,CPython,1,spawn,2.5.3,algo_rec,algo_lcs_memo,3,875,0.3,ms,normal,8,897,3,6,1,10,0,0,0.012716899999456169,0.9813490967194434,0.0902473963704857,0.0009095508677410836,1.1975180029133363,13.7,0.06978540000272915,0.00031999999919207767,0.3692585000026156,0.09008959999482613,0.09302909999678377,0.046264099997642916,0.095666;0.090090;0.089228,0.093719;0.093029;0.091849,0.049582;0.046093;0.046264,,multiprocessing,2026-10-04T00:20:29+00:00
M0c3-00248,M0c3,localc3,Windows,11,AMD64,AMD Ryzen 3 5300U with Radeon Graphics,amd,3,4,2600,20.8,3.14.6,CPython,1,spawn,2.5.3,algo_iter,algo_game_of_life,2,308357,0.0,ms,big,8,308379,3,6,5,9,0,0,0.003665766666623919,1.0,0.09408066387914185,0.051203476754548005,0.8766320257195512,13.6,0.02354409999679774,0.0007716999971307814,0.3692585000026156,0.02796420000231592,0.02917899999738438,0.017441000003600493,0.028207;0.027964;0.027697,0.029660;0.029179;0.028675,0.017789;0.017297;0.017441,,multiprocessing,2026-10-04T00:20:29+00:00
M0c3-00249,M0c3,localc3,Windows,11,AMD64,AMD Ryzen 3 5300U with Radeon Graphics,amd,3,4,2600,20.8,3.14.6,CPython,1,spawn,2.5.3,tiny,tiny_add,1,30,0.3,ms,normal,200000,49,3,6,0,1,0,0,1.9919997794204392e-07,0.9952758130779754,0.18165192789033388,23.268074889701385,0.4095391560386271,13.0,0.005473199998959899,0.0033308000420220196,0.3692585000026156,0.019688300002599135,0.030271299998275936,0.06871250000403961,0.020228;0.019688;0.019350,0.030271;0.030358;0.029782,0.068713;0.066015;0.070670,,sequential,2026-10-04T00:20:30+00:00
M0c3-00250,M0c3,localc3,Windows,11,AMD64,AMD Ryzen 3 5300U with Radeon Graphics,amd,3,4,2600,20.8,3.14.6,CPython,1,spawn,2.5.3,recursive,rec_tree_sum,32,1705,0.0,ms,normal,1204,1727,3,4,0,4,0,0,2.053621269730028e-05,1.0,0.1970348238461225,0.19648224900703612,0.924132300612845,15.4,0.013831999996909872,0.0007842999693821184,0.29391860000032466,0.022173099998326506,0.023847999997087754,0.014686599999549799,0.022028;0.023110;0.022173,0.024081;0.022825;0.023848,0.013905;0.015064;0.014687,,multiprocessing,2026-10-04T00:20:31+00:00
M0c3-00251,M0c3,localc3,Windows,11,AMD64,AMD Ryzen 3 5300U with Radeon Graphics,amd,3,4,2600,20.8,3.14.6,CPython,1,spawn,2.5.3,numpy,np_sort,1004,273,0.8,seconds,normal,62031,295.95,3,3,0,3,0,1,4.006017840543682e-05,0.9995769665786303,0.3209573495439794,0.09785281206459695,1.2562186225077716,12.5,0.09155939999618568,0.0023034000187180936,0.26785910000035074,2.4741941999964183,2.90129860000161,1.275419999998121,2.464245;2.480229;2.474194,2.901299;2.910555;2.892743,1.275420;1.280489;1.265042,,multiprocessing,2026-10-04T00:20:52+00:00
M0c3-00252,M0c3,localc3,Windows,11,AMD64,AMD Ryzen 3 5300U with Radeon Graphics,amd,3,4,2600,20.8,3.14.6,CPython,1,spawn,2.5.3,mixed,mixed_json_roundtrip,36,4051,0.8,ms,normal,83,4073,3,2,1,1,1,0,0.0015436800000315997,0.6788252133712442,0.3179779977888817,0.002549103054991242,1.307170352931944,3.5,0.05524420000438113,0.0003485000052023679,0.23801100000127917,0.12739990000409307,0.09597419999772683,0.06726979999803007,0.127874;0.127400;0.126293,0.096965;0.095698;0.095974,0.064631;0.067270;0.067607,,multiprocessing,2026-10-04T00:20:53+00:00
M0c3-00253,M0c3,localc3,Windows,11,AMD64,AMD Ryzen 3 5300U with Radeon Graphics,amd,3,4,2600,20.8,3.14.6,CPython,1,spawn,2.5.3,gil_release,gil_bz2,262,300000,0.3,seconds,big,43,300023,3,2,0,1,0,1,0.029240000001057826,0.9997234481502024,0.038598427961370585,0.004130186971385148,1.539850689040855,7.6,0.14463360000081593,0.000635899996268563,0.23801100000127917,1.099275000000489,0.6099343999958364,0.6281295999942813,1.226072;1.088568;1.099275,0.609934;0.611448;0.608434,0.632469;0.618692;0.628130,,threading,2026-10-04T00:21:01+00:00
M0c3-00254,M0c3,localc3,Windows,11,AMD64,AMD Ryzen 3 5300U with Radeon Graphics,amd,3,4,2600,20.8,3.14.6,CPython,1,spawn,2.5.3,algo_rec,algo_lcs_memo,2,488419,0.0,seconds,big,362,488441,3,4,1,10,0,0,0.010984179998922627,0.9943261428593784,0.0497345441128867,0.010234719421910041,0.9475382249192098,6.4,0.11246320000645937,0.0008629000149085186,0.29391860000032466,3.993073199999344,4.137917400003062,2.19302990000142,4.002711;3.993073;3.989462,4.174977;4.137917;4.096378,2.250923;2.193030;2.192863,,multiprocessing,2026-10-04T00:21:33+00:00
M0c3-00255,M0c3,localc3,Windows,11,AMD64,AMD Ryzen 3 5300U with Radeon Graphics,amd,3,4,2600,20.8,3.14.6,CPython,1,spawn,2.5.3,db,db_mem_group_by,1433,142,0.3,seconds,normal,1323,162,3,2,1,2,1,0,0.0016819733318698127,1.0,0.1611497850280631,0.0019114444860862396,1.243911666007543,6.8,0.09090110000397544,0.0003683000468299724,0.23801100000127917,2.2834742999984883,1.7191603999963263,1.1289007000013953,2.283474;2.288242;2.259641,1.722717;1.719160;1.692145,1.126568;1.143831;1.128901,,multiprocessing,2026-10-04T00:21:49+00:00
M0c3-00256,M0c3,localc3,Windows,11,AMD64,AMD Ryzen 3 5300U with Radeon Graphics,amd,3,4,2600,20.8,3.14.6,CPython,1,spawn,2.5.3,numpy,np_fft,311126,2269,0.0,ms,normal,8,2294,3,6,0,0,0,1,0.07048206666513579,0.9927964158188746,0.004035617434323199,0.00016268920679000245,1.1969191058275872,3.9,0.3879409000001033,0.00026980000257026404,0.3692585000026156,0.5972435000003316,0.4461125000016182,0.38943019999715034,0.597244;0.570325;0.616121,0.476661;0.446113;0.444055,0.387913;0.389430;0.398990,,multiprocessing,2026-10-04T00:21:55+00:00
M0c3-00257,M0c3,localc3,Windows,11,AMD64,AMD Ryzen 3 5300U with Radeon Graphics,amd,3,4,2600,20.8,3.14.6,CPython,1,spawn,2.5.3,recursive,rec_quicksort,4688,42,0.8,ms,normal,8,62,3,6,1,8,0,0,0.009756033335482547,1.0,0.31553579437644635,0.0008678386938585999,1.0630134135194256,1.6,0.05166730000200914,0.0002525999952922575,0.3692585000026156,0.07060590000037337,0.07169989999965765,0.03660439999657683,0.068625;0.070606;0.073826,0.070425;0.071700;0.076068,0.040744;0.035308;0.036604,,multiprocessing,2026-10-04T00:21:56+00:00
M0c3-00258,M0c3,localc3,Windows,11,AMD64,AMD Ryzen 3 5300U with Radeon Graphics,amd,3,4,2600,20.8,3.14.6,CPython,1,spawn,2.5.3,mixed,mixed_json_roundtrip,90,1964,0.8,seconds,normal,514,1986,3,3,1,1,1,0,0.0034016266664063247,0.8465656394822196,0.39184619936381354,0.001665869513453497,1.0712962176581857,7.0,0.09688420000020415,0.00043840000580530614,0.26785910000035074,1.5569888999962131,1.5136860999991768,0.6811190000007628,1.532515;1.560240;1.556989,1.513686;1.526271;1.497168,0.681864;0.681119;0.671211,,multiprocessing,2026-10-04T00:22:08+00:00
M0c3-00259,M0c3,localc3,Windows,11,AMD64,AMD Ryzen 3 5300U with Radeon Graphics,amd,3,4,2600,20.8,3.14.6,CPython,1,spawn,2.5.3,db,db_mem_insert_select,28,303214,0.8,ms,big,449,303236,3,3,1,1,1,0,0.00012022767876780043,0.9973827649485728,0.30019348554479275,0.3601084252173541,1.257037625941923,1.9,0.025388999994902406,0.0013804999689455144,0.26785910000035074,0.05229909999616211,0.04437290000350913,0.29350630000408273,0.052299;0.052088;0.053267,0.044373;0.044789;0.043620,0.293506,,threading,2026-10-04T00:22:09+00:00
M0c3-00260,M0c3,localc3,Windows,11,AMD64,AMD Ryzen 3 5300U with Radeon Graphics,amd,3,4,2600,20.8,3.14.6,CPython,1,spawn,2.5.3,algo_rec,algo_merge_sort,128,562,0.0,seconds,normal,18009,584,3,2,1,10,0,0,0.0002066243803049226,0.9990855915798595,0.09995496038275827,0.06816717324924869,0.9543030050001667,4.3,0.10355059999710647,0.001076899963663891,0.23801100000127917,3.7216528999997536,3.816541700005473,2.0040465999991284,3.836999;3.721653;3.712602,3.815217;3.816542;3.820458,2.003275;2.043665;2.004047,,multiprocessing,2026-10-04T00:22:38+00:00
M0c3-00261,M0c3,localc3,Windows,11,AMD64,AMD Ryzen 3 5300U with Radeon Graphics,amd,3,4,2600,20.8,3.14.6,CPython,1,spawn,2.5.3,algo_rec,algo_sudoku,5,287,0.3,seconds,normal,1922,309,3,6,3,28,0,0,0.0029415764699532543,1.0,0.7277990343856593,0.0012898246570383519,0.6378858461019282,4.7,0.11710250000032829,0.0003313000124762766,0.3692585000026156,11.155931900000724,11.317334300001676,5.914072899999155,11.192931;11.119993;11.155932,11.357204;11.298239;11.317334,5.995835;5.660857;5.914073,,multiprocessing,2026-10-04T00:24:04+00:00
M0c3-00262,M0c3,localc3,Windows,11,AMD64,AMD Ryzen 3 5300U with Radeon Graphics,amd,3,4,2600,20.8,3.14.6,CPython,1,spawn,2.5.3,text,text_format_report,51,38,0.0,ms,normal,425,57,3,6,1,2,0,0,6.63320753582806e-05,1.0,0.18708973156908612,0.05163413784198656,0.9573643397501558,4.8,0.014917500004230533,0.0004839000175707042,0.3692585000026156,0.02666000000317581,0.027854699997988064,0.015027000001282431,0.026111;0.026660;0.026779,0.027855;0.027201;0.028079,0.014936;0.015470;0.015027,,multiprocessing,2026-10-04T00:24:05+00:00
M0c3-00263,M0c3,localc3,Windows,11,AMD64,AMD Ryzen 3 5300U with Radeon Graphics,amd,3,4,2600,20.8,3.14.6,CPython,1,spawn,2.5.3,cpu,cpu_count_primes,1930,625153,0.0,seconds,big,319,625176,3,6,2,4,0,0,0.0008001730156903495,1.0,0.0519537544192661,0.11005119842640841,0.9847050374462043,3.1,0.10359180000523338,0.0022026000151527114,0.3692585000026156,0.24815639999724226,0.2509859999991022,0.4321284000034211,0.249795;0.248156;0.245107,0.250986;0.249024;0.255348,0.409388;0.432128;0.438455,,sequential,2026-10-04T00:24:09+00:00
M0c3-00264,M0c3,localc3,Windows,11,AMD64,AMD Ryzen 3 5300U with Radeon Graphics,amd,3,4,2600,20.8,3.14.6,CPython,1,spawn,2.5.3,text,text_format_report,10880,24,0.8,ms,normal,8,44,3,6,1,2,0,0,0.01270203333357737,0.9976892935044364,0.5753816915207473,0.0007452872557511799,0.94053621953206,0.0,0.08796649999567308,0.0002553999947849661,0.3692585000026156,0.10482670000055805,0.10605429999850458,0.0532076999952551,0.105753;0.104827;0.102302,0.109206;0.106054;0.105376,0.058698;0.053208;0.053149,,multiprocessing,2026-10-04T00:24:10+00:00
M0c3-00265,M0c3,localc3,Windows,11,AMD64,AMD Ryzen 3 5300U with Radeon Graphics,amd,3,4,2600,20.8,3.14.6,CPython,1,spawn,2.5.3,recursive,rec_tree_sum,5335,234,0.8,ms,normal,8,254,3,4,0,4,0,0,0.00203953333402751,1.0,0.40074774827704246,0.005900043418509449,0.6409276045121344,8.1,0.018645600001036655,0.00023659999715164304,0.29391860000032466,0.02208960000280058,0.021302299996023066,0.012194499999168329,0.020947;0.022090;0.027299,0.021302;0.021362;0.021032,0.012194;0.054096;0.011379,,multiprocessing,2026-10-04T00:24:11+00:00
M0c3-00266,M0c3,localc3,Windows,11,AMD64,AMD Ryzen 3 5300U with Radeon Graphics,amd,3,4,2600,20.8,3.14.6,CPython,1,spawn,2.5.3,recursive,rec_nqueens,6,33,0.8,ms,normal,55,52,3,3,1,10,0,0,0.0011945230771044197,0.9975641949853379,0.40649092144682464,0.003651281296918135,0.9751010676537453,0.4,0.032850399999006186,0.00031689999741502106,0.26785910000035074,0.05899039999349043,0.06074639999860665,0.030090499996731523,0.057943;0.058990;0.059427,0.060403;0.060788;0.060746,0.030090;0.039150;0.030075,,multiprocessing,2026-10-04T00:24:12+00:00
M0c3-00267,M0c3,localc3,Windows,11,AMD64,AMD Ryzen 3 5300U with Radeon Graphics,amd,3,4,2600,20.8,3.14.6,CPython,1,spawn,2.5.3,algo_iter,algo_kmeans,28,313,0.3,ms,normal,34,335,3,6,3,15,0,0,0.0007375500008492963,1.0,0.19244124205101723,0.01272795259867761,0.6834500740768888,0.8,0.014477299999271054,0.0002918999962275848,0.3692585000026156,0.02503890000662068,0.026736399995570537,0.01570709999941755,0.025039;0.025869;0.024860,0.026736;0.027456;0.026636,0.015227;0.015707;0.017849,,multiprocessing,2026-10-04T00:24:13+00:00
M0c3-00268,M0c3,localc3,Windows,11,AMD64,AMD Ryzen 3 5300U with Radeon Graphics,amd,3,4,2600,20.8,3.14.6,CPython,1,spawn,2.5.3,numpy,np_sort,390938,333,0.8,seconds,normal,47,358,3,4,0,3,0,1,0.017406833333855804,0.9952991401670408,0.2815461699134313,0.0006932143345464733,1.4098476838279155,2.7,0.08396950000314973,0.00028169999859528616,0.29391860000032466,0.5768201000028057,0.29701940000086324,0.278416199995263,0.576820;0.572639;0.592707,0.297019;0.319359;0.277383,0.278416;0.281073;0.276805,,multiprocessing,2026-10-04T00:24:17+00:00
M0c3-00269,M0c3,localc3,Windows,11,AMD64,AMD Ryzen 3 5300U with Radeon Graphics,amd,3,4,2600,20.8,3.14.6,CPython,1,spawn,2.5.3,text,text_split_count,5,291,0.0,seconds,normal,7641,313,3,2,1,1,0,0,9.910139135107264e-05,0.9977093732664649,0.08692148683022993,0.03673006017869127,0.9452385740476805,2.8,0.10381999999663094,0.0011193001482752152,0.23801100000127917,0.7542310999997426,0.7730177999983425,0.40269370000169147,0.749432;0.756035;0.754231,0.773018;0.776301;0.769541,0.404403;0.377310;0.402694,,multiprocessing,2026-10-04T00:24:24+00:00
M0c3-00270,M0c3,localc3,Windows,11,AMD64,AMD Ryzen 3 5300U with Radeon Graphics,amd,3,4,2600,20.8,3.14.6,CPython,1,spawn,2.5.3,algo_iter,algo_game_of_life,8,16,0.3,ms,normal,8,35,3,3,5,9,0,0,0.01129373333484788,0.9993981665053022,0.0047612690256716135,0.005047046729720947,0.7213233081522733,0.4,0.08119499999884283,0.0004030999989481643,0.26785910000035074,0.09983099999953993,0.10144660000514705,0.05591160000039963,0.099568;0.100374;0.099831,0.102248;0.101447;0.100354,0.055580;0.060738;0.055912,,multiprocessing,2026-10-04T00:24:25+00:00
M0c3-00271,M0c3,localc3,Windows,11,AMD64,AMD Ryzen 3 5300U with Radeon Graphics,amd,3,4,2600,20.8,3.14.6,CPython,1,spawn,2.5.3,gil_release,gil_bz2,2,300000,0.0,seconds,big,666,300022,3,3,0,1,0,1,0.0006991555547857489,0.998056561068151,0.14533351355806587,0.07117872445527053,1.43152605711965,5.6,0.08651329999702284,0.0014679000523756258,0.26785910000035074,0.45323629999620607,0.1989400000020396,0.48811149999528425,0.453236;0.454532;0.452313,0.197662;0.198940;0.207416,0.499385;0.488111;0.479914,,threading,2026-10-04T00:24:30+00:00
M0c3-00272,M0c3,localc3,Windows,11,AMD64,AMD Ryzen 3 5300U with Radeon Graphics,amd,3,4,2600,20.8,3.14.6,CPython,1,spawn,2.5.3,big_result,result_long_string,101,86,0.0,ms,normal,693,105,3,2,1,1,0,0,2.6982080802386036e-05,0.9956770764003782,0.2952970608777423,0.2114366267938971,0.9524786333475675,2.4,0.010403100000985432,0.0007424000214086846,0.23801100000127917,0.01668709999648854,0.017421900003682822,0.015447600002516992,0.017248;0.016505;0.016687,0.017227;0.017422;0.017639,0.012050;0.015448;0.015576,,multiprocessing,2026-10-04T00:24:30+00:00
M0c3-00273,M0c3,localc3,Windows,11,AMD64,AMD Ryzen 3 5300U with Radeon Graphics,amd,3,4,2600,20.8,3.14.6,CPython,1,spawn,2.5.3,gil_release,gil_bz2,71,300000,0.8,seconds,big,519,300022,3,6,0,1,0,1,0.008726299999883244,0.9972695839424688,0.48753156491088484,0.007152707079620432,1.7848395480714747,0.4,0.08618169999681413,0.0006560999972862191,0.3692585000026156,3.9759238000042387,1.7096781000000192,1.8648401000027661,3.975924;4.001148;3.968665,1.708690;1.709678;1.715403,1.858424;1.864840;1.884637,,threading,2026-10-04T00:24:54+00:00
M0c3-00274,M0c3,localc3,Windows,11,AMD64,AMD Ryzen 3 5300U with Radeon Graphics,amd,3,4,2600,20.8,3.14.6,CPython,1,spawn,2.5.3,io,io_sleep_chunks,700,49,0.3,seconds,normal,3619,69,3,2,1,1,1,0,0.002213408695040372,0.019832841644321655,0.011996582446828174,0.0016580758796057016,1.8963844378301769,1.2,0.07822690000466537,0.00041670002246974036,0.23801100000127917,8.434953000003588,3.96792429999914,3.956338900003175,8.416706;8.434953;8.474182,3.974893;3.956895;3.967924,3.983310;3.956339;3.939266,,multiprocessing,2026-10-04T00:25:44+00:00
M0c3-00275,M0c3,localc3,Windows,11,AMD64,AMD Ryzen 3 5300U with Radeon Graphics,amd,3,4,2600,20.8,3.14.6,CPython,1,spawn,2.5.3,gil_release,gil_zlib,9,127119,0.0,seconds,big,360,127141,3,2,1,1,0,1,0.027319633336446714,0.9990648819440996,0.010367621184476627,0.0018192045068269832,1.381854147453553,0.4,0.14133510000101523,0.00040649998845765367,0.23801100000127917,9.85839660000056,5.007005000006757,4.958413400003337,9.792072;9.931130;9.858397,5.007005;5.070758;4.948199,4.988203;4.958413;4.957355,,multiprocessing,2026-10-04T00:26:44+00:00
M0c3-00276,M0c3,localc3,Windows,11,AMD64,AMD Ryzen 3 5300U with Radeon Graphics,amd,3,4,2600,20.8,3.14.6,CPython,1,spawn,2.5.3,big_payload,big_checksum_head,1262,556812,0.8,ms,big,359,556835,3,4,1,1,0,0,3.840898920970268e-05,1.0,0.5327963155505708,1.8746913363813176,1.000851319219683,17.0,0.008761299999605399,0.0018400999615550973,0.29391860000032466,0.011457700005848892,0.01199129999440629,0.48644980000244686,0.011458;0.011221;0.011652,0.011756;0.011991;0.012672,0.486450,,sequential,2026-10-04T00:26:46+00:00
M0c3-00277,M0c3,localc3,Windows,11,AMD64,AMD Ryzen 3 5300U with Radeon Graphics,amd,3,4,2600,20.8,3.14.6,CPython,1,spawn,2.5.3,db,db_mem_group_by,123,587,0.3,ms,normal,65,609,3,6,1,2,1,0,0.00028456250083763734,1.0,0.40001277568524085,0.012694923970613843,0.8777217490643292,19.2,0.009667099999205675,0.00030479998531518504,0.3692585000026156,0.01631949999864446,0.015059500001370907,0.011717399996996392,0.016319;0.016883;0.016253,0.015060;0.014935;0.015414,0.011717;0.012056;0.011071,,multiprocessing,2026-10-04T00:26:46+00:00
M0c3-00278,M0c3,localc3,Windows,11,AMD64,AMD Ryzen 3 5300U with Radeon Graphics,amd,3,4,2600,20.8,3.14.6,CPython,1,spawn,2.5.3,numpy,np_sort,10046,1039,0.0,seconds,normal,12897,1062,3,4,0,3,0,1,0.0002936264705460738,0.997427731935318,0.14117267869078493,0.013503548441230173,1.9402124005310806,17.1,0.07640009999886388,0.0007691000064369291,0.29391860000032466,3.6541018999996595,1.7629291999983252,1.692603199997393,3.693461;3.654102;3.648690,1.774580;1.761664;1.762929,1.690688;1.730980;1.692603,,multiprocessing,2026-10-04T00:27:08+00:00
M0c3-00279,M0c3,localc3,Windows,11,AMD64,AMD Ryzen 3 5300U with Radeon Graphics,amd,3,4,2600,20.8,3.14.6,CPython,1,spawn,2.5.3,cpu,cpu_matmul_lists,45,407289,0.8,seconds,big,135,407311,3,6,3,5,0,0,0.011456299998098985,0.9997236363752382,0.6178183061371239,0.008157956891194855,1.3179867323247128,1.2,0.09076470000582049,0.0007409000172629021,0.3692585000026156,1.2787068999969051,1.2876048000034643,0.7091164000012213,1.288912;1.274354;1.278707,1.282402;1.295103;1.287605,0.709116;0.710551;0.691727,,multiprocessing,2026-10-04T00:27:19+00:00
M0c3-00280,M0c3,localc3,Windows,11,AMD64,AMD Ryzen 3 5300U with Radeon Graphics,amd,3,4,2600,20.8,3.14.6,CPython,1,spawn,2.5.3,gil_release,gil_zlib,3,10925,0.8,ms,normal,52,10947,3,3,1,1,0,1,0.0007183230761886359,1.0,0.3827865701429746,0.008491999821160823,1.7278629555285485,0.8,0.015165199998591561,0.0003116000079899095,0.26785910000035074,0.03366649999952642,0.013383099998463877,0.01458229999843752,0.033031;0.034208;0.033666,0.013512;0.013383;0.012774,0.014766;0.014240;0.014582,,threading,2026-10-04T00:27:20+00:00
M0c3-00281,M0c3,localc3,Windows,11,AMD64,AMD Ryzen 3 5300U with Radeon Graphics,amd,3,4,2600,20.8,3.14.6,CPython,1,spawn,2.5.3,tiny,tiny_dict_lookup,6,391537,0.3,seconds,big,510,391559,3,2,0,1,0,0,7.81889415463418e-07,1.0,0.46638748798265856,104.23468839250505,0.08306106762010317,0.0,0.00364619999891147,0.0022245000436669216,0.23801100000127917,0.00016390000382671133,0.0004247999968356453,0.4345155999981216,0.000313;0.000164;0.000107,0.000796;0.000425;0.000368,0.434516,,sequential,2026-10-04T00:27:21+00:00
M0c3-00282,M0c3,localc3,Windows,11,AMD64,AMD Ryzen 3 5300U with Radeon Graphics,amd,3,4,2600,20.8,3.14.6,CPython,1,spawn,2.5.3,big_result,result_records,34046,32,0.3,seconds,normal,57,52,3,4,1,2,0,0,0.01568655000119179,0.999335810348773,0.45333503656267676,1.1438238492319948,1.2323096831771212,7.8,0.18558159999520285,0.07206639998912578,0.29391860000032466,1.534085999999661,1.559875799997826,1.6826604000016232,1.534086;1.594404;1.458518,1.559876;1.529904;1.596209,1.806991;1.592121;1.682660,,sequential,2026-10-04T00:27:36+00:00
M0c3-00283,M0c3,localc3,Windows,11,AMD64,AMD Ryzen 3 5300U with Radeon Graphics,amd,3,4,2600,20.8,3.14.6,CPython,1,spawn,2.5.3,gil_release,gil_bz2,27,300000,0.8,ms,big,8,300022,3,4,0,1,0,1,0.0027528333351559318,1.0,0.06285343645342192,0.021153963299877756,1.0923238525054233,2.7,0.01653049999731593,0.00039939999260241166,0.29391860000032466,0.02456299999903422,0.011669400002574548,0.01350329999695532,0.024563;0.024311;0.024612,0.013130;0.011669;0.011476,0.013503;0.013036;0.014694,,threading,2026-10-04T00:27:37+00:00
M0c3-00284,M0c3,localc3,Windows,11,AMD64,AMD Ryzen 3 5300U with Radeon Graphics,amd,3,4,2600,20.8,3.14.6,CPython,1,spawn,2.5.3,db,db_file_commit,1,1055265,0.3,seconds,big,75,1055287,3,3,1,0,1,0,0.015086250001331791,0.6436114992480191,0.07705746391173433,0.038646117982693184,1.7886661297496331,0.8,0.09602829999494134,0.0027086999907623976,0.26785910000035074,1.0606316999983392,0.5213071000034688,0.5799631999980193,1.060632;1.000560;1.518579,0.521307;0.489994;0.523041,0.579963;0.545564;0.598875,,threading,2026-10-04T00:27:45+00:00
M0c3-00285,M0c3,localc3,Windows,11,AMD64,AMD Ryzen 3 5300U with Radeon Graphics,amd,3,4,2600,20.8,3.14.6,CPython,1,spawn,2.5.3,io,io_file_roundtrip,2,487,0.0,ms,normal,8,509,3,6,1,0,1,0,0.012053499997515852,0.1960313402988128,0.05324106494122773,0.0008185727476229057,1.266175480201145,5.1,0.06454730000405107,0.0002510000122128986,0.3692585000026156,0.055579499996383674,0.0177036999957636,0.017387300002155825,0.067127;0.055579;0.052464,0.017704;0.016291;0.018402,0.017387;0.017436;0.017236,,multiprocessing,2026-10-04T00:27:46+00:00
M0c3-00286,M0c3,localc3,Windows,11,AMD64,AMD Ryzen 3 5300U with Radeon Graphics,amd,3,4,2600,20.8,3.14.6,CPython,1,spawn,2.5.3,tiny,tiny_len,287,33,0.3,seconds,normal,200000,52.75,3,6,0,0,0,0,1.957999265869148e-07,1.0,1.447276522595064,19.330955751644794,0.30839328149299416,6.6,0.0053666000021621585,0.0028589001449290663,0.3692585000026156,0.01750690000335453,0.026659600000130013,0.07627409999986412,0.017279;0.017507;0.017600,0.027152;0.026362;0.026660,0.076274;0.076801;0.071542,,sequential,2026-10-04T00:27:47+00:00
M0c3-00287,M0c3,localc3,Windows,11,AMD64,AMD Ryzen 3 5300U with Radeon Graphics,amd,3,4,2600,20.8,3.14.6,CPython,1,spawn,2.5.3,big_payload,big_checksum_head,9140,280440,0.3,seconds,big,713,280463,3,6,1,1,0,0,0.00021682471953191157,1.0,0.19568406386176526,0.20837107488275045,0.9785653660025756,3.5,0.07960269999603042,0.0014908999219187535,0.3692585000026156,0.15439060000062454,0.1557950999995228,0.43105669999931706,0.157733;0.154391;0.151856,0.155795;0.156113;0.155207,0.427064;0.431057;0.505629,,sequential,2026-10-04T00:27:50+00:00
M0c3-00288,M0c3,localc3,Windows,11,AMD64,AMD Ryzen 3 5300U with Radeon Graphics,amd,3,4,2600,20.8,3.14.6,CPython,1,spawn,2.5.3,recursive,rec_nqueens,2,1645,0.8,ms,normal,8,1667,3,4,1,10,0,0,0.00024170000203109035,1.0,0.3291063250432693,0.05488898690955795,0.32296532580488907,2.3,0.003571200002625119,0.0003214999960619025,0.29391860000032466,0.002108000000589527,0.003013599998666905,0.0021760999952675775,0.002108;0.002093;0.002875,0.002556;0.003014;0.003215,0.002176;0.002333;0.002150,,sequential,2026-10-04T00:27:50+00:00
M0c3-00289,M0c3,localc3,Windows,11,AMD64,AMD Ryzen 3 5300U with Radeon Graphics,amd,3,4,2600,20.8,3.14.6,CPython,1,spawn,2.5.3,big_payload,big_count_byte,218,3676341,0.0,seconds,big,54,3676363,3,3,0,1,0,0,0.001960438461257861,0.9953679804378791,0.043914395077941024,0.8321960940902492,0.9470375687064067,1.6,0.07390239999949699,0.02174350000132108,0.26785910000035074,0.10537879999901634,0.10786200000438839,0.33897739999520127,0.104539;0.105379;0.105824,0.107862;0.108244;0.105866,0.338977;0.408434;0.332256,,sequential,2026-10-04T00:27:53+00:00
M0c3-00290,M0c3,localc3,Windows,11,AMD64,AMD Ryzen 3 5300U with Radeon Graphics,amd,3,4,2600,20.8,3.14.6,CPython,1,spawn,2.5.3,big_payload,big_reverse,4,131616,0.0,seconds,big,1519,131638,3,2,0,0,0,0,0.00010411424812213284,0.9993578032895017,0.14110164499573263,0.41075069399475184,0.910005399850986,0.4,0.08499070000107167,0.0019103999657090753,0.23801100000127917,0.16810239999904297,0.16974959999788553,0.9041778000027989,0.171300;0.165644;0.168102,0.172148;0.169750;0.169493,0.904178,,sequential,2026-10-04T00:27:56+00:00
M0c3-00291,M0c3,localc3,Windows,11,AMD64,AMD Ryzen 3 5300U with Radeon Graphics,amd,3,4,2600,20.8,3.14.6,CPython,1,spawn,2.5.3,cpu,cpu_sum_squares,55748,31,0.3,ms,normal,16,51.5,3,3,1,2,0,0,0.003849524997349363,1.0,0.1273411007811603,0.0027405984176294565,1.0922985577903743,27.8,0.028974599998036865,0.00026280000747647136,0.26785910000035074,0.05571859999326989,0.05743320000328822,0.029511499997170176,0.055619;0.056896;0.055719,0.057433;0.054786;0.059569,0.029511;0.028420;0.029924,,multiprocessing,2026-10-04T00:27:57+00:00
M0c3-00292,M0c3,localc3,Windows,11,AMD64,AMD Ryzen 3 5300U with Radeon Graphics,amd,3,4,2600,20.8,3.14.6,CPython,1,spawn,2.5.3,text,text_split_count,6,1334,0.3,ms,normal,29,1356,3,3,1,1,0,0,0.0005651571419938202,1.0,0.2602060468574824,0.009934026186234209,0.7622959054045216,14.9,0.00922770000033779,0.00024750000739004463,0.26785910000035074,0.014749200003279839,0.015583200001856312,0.009351400003652088,0.014652;0.014749;0.015480,0.018115;0.015583;0.015209,0.009351;0.008088;0.010396,,multiprocessing,2026-10-04T00:27:58+00:00
M0c3-00293,M0c3,localc3,Windows,11,AMD64,AMD Ryzen 3 5300U with Radeon Graphics,amd,3,4,2600,20.8,3.14.6,CPython,1,spawn,2.5.3,db,db_file_lookup,138,91,0.8,ms,normal,8,110,3,4,1,5,1,0,0.010376266664631354,0.9985639383207099,0.2772873961685712,0.0008288147080546525,0.6017791068944277,20.3,0.07612750000407686,0.00023520001559518278,0.29391860000032466,0.06840679999731947,0.07446150000032503,0.07823520000238204,0.068407;0.071118;0.067088,0.076829;0.074462;0.071262,0.078355;0.078235;0.076205,,sequential,2026-10-04T00:27:59+00:00
M0c3-00294,M0c3,localc3,Windows,11,AMD64,AMD Ryzen 3 5300U with Radeon Graphics,amd,3,4,2600,20.8,3.14.6,CPython,1,spawn,2.5.3,cpu,cpu_matmul_lists,9,578158,0.3,ms,big,345,578180,3,2,3,5,0,0,7.226395398394616e-05,1.0,0.5138692719918544,1.2159589235451016,0.934401634664448,24.0,0.01514840000163531,0.0021779999588034116,0.23801100000127917,0.021872500001336448,0.024192700002458878,0.4774330000000191,0.021811;0.022686;0.021873,0.024646;0.022199;0.024193,0.477433,,sequential,2026-10-04T00:28:01+00:00
M0c3-00295,M0c3,localc3,Windows,11,AMD64,AMD Ryzen 3 5300U with Radeon Graphics,amd,3,4,2600,20.8,3.14.6,CPython,1,spawn,2.5.3,big_payload,big_count_byte,6,143759,0.0,ms,big,448,143781,3,4,0,1,0,0,8.07508925260793e-05,1.0,0.16546696827211244,0.34544508856946066,0.9591540858912198,23.3,0.01958359999844106,0.0010222000346402638,0.29391860000032466,0.03509260000282666,0.03577309999673162,0.13493300000118325,0.035093;0.035241;0.033921,0.035938;0.035114;0.035773,0.134729;0.134933;0.135436,,sequential,2026-10-04T00:28:02+00:00
M0c3-00296,M0c3,localc3,Windows,11,AMD64,AMD Ryzen 3 5300U with Radeon Graphics,amd,3,4,2600,20.8,3.14.6,CPython,1,spawn,2.5.3,gil_release,gil_zlib,6,109137,0.8,ms,big,8,109159,3,2,1,1,0,1,0.015894766666557796,0.999343895198052,0.5486941355596376,0.0016630211605368104,1.0154913842028281,16.9,0.07911800000147196,0.0003028999999514781,0.23801100000127917,0.11238520000188146,0.06116199999814853,0.06349939999927301,0.111486;0.112572;0.112385,0.061162;0.061069;0.063366,0.070817;0.063499;0.061424,,threading,2026-10-04T00:28:04+00:00
M0c3-00297,M0c3,localc3,Windows,11,AMD64,AMD Ryzen 3 5300U with Radeon Graphics,amd,3,4,2600,20.8,3.14.6,CPython,1,spawn,2.5.3,algo_rec,algo_flood_fill,11,169,0.3,ms,normal,8,188,3,4,3,10,0,0,0.005288699998345692,1.0,0.15703413496643823,0.0019097323963633743,0.9411228975966225,16.1,0.031139400001848117,0.00022610000451095402,0.29391860000032466,0.0392238000058569,0.04128679999848828,0.019621100000222214,0.038958;0.040164;0.039224,0.040395;0.041311;0.041287,0.018678;0.025820;0.019621,,multiprocessing,2026-10-04T00:28:05+00:00
M0c3-00298,M0c3,localc3,Windows,11,AMD64,AMD Ryzen 3 5300U with Radeon Graphics,amd,3,4,2600,20.8,3.14.6,CPython,1,spawn,2.5.3,algo_iter,algo_edit_distance,332,454563,0.8,seconds,big,439,454585.6,3,2,2,16,0,0,0.00044502477095368395,0.998231275054984,0.1337958416689481,0.3794507883186735,0.9559255936001548,19.7,0.10313029999815626,0.004101999962585978,0.23801100000127917,0.19517439999617636,0.1962781999973231,0.48431419999542413,0.192722;0.195174;0.208877,0.199930;0.195647;0.196278,0.484314;0.513148;0.472887,,sequential,2026-10-04T00:28:08+00:00
M0c3-00299,M0c3,localc3,Windows,11,AMD64,AMD Ryzen 3 5300U with Radeon Graphics,amd,3,4,2600,20.8,3.14.6,CPython,1,spawn,2.5.3,db,db_mem_insert_select,2890,653691,0.3,ms,big,8,653714,3,4,1,1,1,0,0.003444533334307683,1.0,0.05061766729522628,0.06571765937141417,1.3125614960405625,20.2,0.019238900000345893,0.000913099996978417,0.29391860000032466,0.025235400004021358,0.032191800004511606,0.017133100001956336,0.025218;0.025311;0.025235,0.032192;0.031725;0.032494,0.017133;0.017399;0.017122,,multiprocessing,2026-10-04T00:28:09+00:00
M0c3-00300,M0c3,localc3,Windows,11,AMD64,AMD Ryzen 3 5300U with Radeon Graphics,amd,3,4,2600,20.8,3.14.6,CPython,1,spawn,2.5.3,gil_release,gil_numpy_matmul,29,31371,0.8,seconds,normal,6375,31393,3,2,0,2,0,1,4.4620452354961326e-05,1.0,0.16625107537123532,0.22624155377109628,1.1464443095858012,14.2,0.09524070000043139,0.0025060001498786733,0.23801100000127917,0.3279800999953295,0.29416109999874607,0.5621128999991925,0.282771;0.332990;0.327980,0.243953;0.294161;0.329376,0.574193;0.558354;0.562113,,threading,2026-10-04T00:28:14+00:00
M0c3-00301,M0c3,localc3,Windows,11,AMD64,AMD Ryzen 3 5300U with Radeon Graphics,amd,3,4,2600,20.8,3.14.6,CPython,1,spawn,2.5.3,algo_rec,algo_flood_fill,3,20,0.8,ms,normal,23,39,3,3,3,10,0,0,0.0013523000001441688,1.0,0.3725891268955928,0.005176365790594524,0.7926970078886832,18.1,0.014675600003101863,0.0002741999996942468,0.26785910000035074,0.0239651000010781,0.025556599997798912,0.013126399993780069,0.023501;0.024293;0.023965,0.025104;0.025557;0.025704,0.013126;0.014383;0.012926,,multiprocessing,2026-10-04T00:28:14+00:00
M0c3-00302,M0c3,localc3,Windows,11,AMD64,AMD Ryzen 3 5300U with Radeon Graphics,amd,3,4,2600,20.8,3.14.6,CPython,1,spawn,2.5.3,text,text_split_count,13,631,0.8,ms,normal,223,653,3,6,1,1,0,0,0.0004999545455740934,1.0,0.37139768341808926,0.007830711839652874,0.9999052251145771,15.9,0.0551975999987917,0.00042719999328255653,0.3692585000026156,0.10966650000045775,0.11319979999825591,0.053711100001237355,0.109667;0.112216;0.109377,0.112575;0.114363;0.113200,0.052980;0.053711;0.055212,,multiprocessing,2026-10-04T00:28:16+00:00
M0c3-00303,M0c3,localc3,Windows,11,AMD64,AMD Ryzen 3 5300U with Radeon Graphics,amd,3,4,2600,20.8,3.14.6,CPython,1,spawn,2.5.3,mixed,mixed_parse_lines,43,570,0.8,seconds,normal,973,592,3,4,2,3,1,0,0.0018895499994999096,0.6355026373785293,0.44520001239272594,0.001989892485855968,1.0759961334946626,15.8,0.10244569999485975,0.00040010001248447224,0.29391860000032466,1.9111417000021902,1.3078985000029206,0.6619840999992448,1.911142;1.912490;1.910354,1.317863;1.305348;1.307899,0.664923;0.661984;0.650883,,multiprocessing,2026-10-04T00:28:31+00:00
M0c3-00304,M0c3,localc3,Windows,11,AMD64,AMD Ryzen 3 5300U with Radeon Graphics,amd,3,4,2600,20.8,3.14.6,CPython,1,spawn,2.5.3,io,io_sleep,523,173497,0.0,ms,big,27,173520,3,4,0,1,1,0,0.0009491166662580023,0.02696888965846337,0.16052927671962344,0.05471754325463342,1.6987307941693968,13.2,0.009968500002287328,0.0006009999997331761,0.29391860000032466,0.027731199996196665,0.008062600005359855,0.009524300003249664,0.027374;0.027776;0.027731,0.008153;0.008063;0.008043,0.009524;0.009639;0.008693,,threading,2026-10-04T00:28:32+00:00
M0c3-00305,M0c3,localc3,Windows,11,AMD64,AMD Ryzen 3 5300U with Radeon Graphics,amd,3,4,2600,20.8,3.14.6,CPython,1,spawn,2.5.3,big_result,result_long_string,2170,1067,0.8,seconds,normal,239,1090,3,4,1,1,0,0,0.0006939745762176275,1.0,0.49797659584582193,0.02948234713576809,1.0121342972198386,15.8,0.08195479999994859,0.0008450000023003668,0.29391860000032466,0.16368640000291634,0.16561470000306144,0.1056414999984554,0.164382;0.163686;0.162348,0.165615;0.163917;0.166490,0.110079;0.105641;0.105219,,multiprocessing,2026-10-04T00:28:34+00:00
M0c3-00306,M0c3,localc3,Windows,11,AMD64,AMD Ryzen 3 5300U with Radeon Graphics,amd,3,4,2600,20.8,3.14.6,CPython,1,spawn,2.5.3,cpu,cpu_sum_squares,1959,1188,0.8,ms,normal,864,1211,3,2,1,2,0,0,0.00010756944417759466,0.999440284067137,0.5824058998530566,0.03844027585651474,1.217906496227354,17.1,0.04320039999583969,0.0007752000528853387,0.23801100000127917,0.07208089999767253,0.07301610000286018,0.05539560000033816,0.072638;0.072081;0.071909,0.072247;0.074370;0.073016,0.059744;0.039001;0.055396,,multiprocessing,2026-10-04T00:28:35+00:00
M0c3-00307,M0c3,localc3,Windows,11,AMD64,AMD Ryzen 3 5300U with Radeon Graphics,amd,3,4,2600,20.8,3.14.6,CPython,1,spawn,2.5.3,big_payload,big_checksum_head,175,599913,0.8,ms,big,333,599935.15,3,6,1,1,0,0,6.756626671959972e-06,1.0,0.4207168602079625,23.042563718503118,0.507501837935472,18.3,0.005310599997756071,0.0035586999874794856,0.3692585000026156,0.0015050000001792796,0.001987900002859533,0.43904420000035316,0.001530;0.001505;0.001437,0.001988;0.002162;0.001806,0.439044,,sequential,2026-10-04T00:28:37+00:00
M0c3-00308,M0c3,localc3,Windows,11,AMD64,AMD Ryzen 3 5300U with Radeon Graphics,amd,3,4,2600,20.8,3.14.6,CPython,1,spawn,2.5.3,cpu,cpu_sum_squares,79848,166,0.0,ms,normal,22,188,3,3,1,2,0,0,0.0052130199983366765,1.0,0.038627989140302736,0.0014885806851467343,1.0194347239742327,20.0,0.05154509999556467,0.00029260000155773014,0.26785910000035074,0.10828469999978552,0.11330799999996088,0.052999500003352296,0.106447;0.110295;0.108285,0.108848;0.113308;0.118812,0.053000;0.056981;0.052926,,multiprocessing,2026-10-04T00:28:38+00:00
M0c3-00309,M0c3,localc3,Windows,11,AMD64,AMD Ryzen 3 5300U with Radeon Graphics,amd,3,4,2600,20.8,3.14.6,CPython,1,spawn,2.5.3,recursive,rec_nqueens,1,717290,0.8,seconds,big,278,717312,3,6,1,10,0,0,0.00020631739133260334,1.0,0.4031805067917788,1.496504965095505,0.964700680734019,15.2,0.035407900002610404,0.006645900000876281,0.3692585000026156,0.05481290000170702,0.05766610000137007,0.42740419999609003,0.054514;0.056652;0.054813,0.057671;0.057666;0.057123,0.427404,,sequential,2026-10-04T00:28:40+00:00
M0c3-00310,M0c3,localc3,Windows,11,AMD64,AMD Ryzen 3 5300U with Radeon Graphics,amd,3,4,2600,20.8,3.14.6,CPython,1,spawn,2.5.3,db,db_file_commit,3,1803,0.3,ms,normal,8,1825,3,2,1,0,1,0,0.013796966668451205,0.47300735043176473,0.23556699168078624,0.0008311005559108024,1.1170841404173455,15.4,0.07793910000327742,0.00027769999724114314,0.23801100000127917,0.11089399999764282,0.0888656999959494,0.07342130000324687,0.103078;0.110894;0.112988,0.067634;0.089380;0.088866,0.069606;0.076613;0.073421,,multiprocessing,2026-10-04T00:28:41+00:00
M0c3-00311,M0c3,localc3,Windows,11,AMD64,AMD Ryzen 3 5300U with Radeon Graphics,amd,3,4,2600,20.8,3.14.6,CPython,1,spawn,2.5.3,tiny,tiny_dict_lookup,133,74,0.0,seconds,normal,200000,93,3,4,0,1,0,0,3.814499832515139e-07,0.9788317745304351,0.41177009885494803,9.77847736164705,0.4673065014744946,13.2,0.006779200004530139,0.003557200041541364,0.29391860000032466,0.04431950000434881,0.056546699997852556,0.14045350000378676,0.043863;0.044320;0.045755,0.056547;0.055205;0.058629,0.134559;0.140454;0.140709,,sequential,2026-10-04T00:28:43+00:00
M0c3-00312,M0c3,localc3,Windows,11,AMD64,AMD Ryzen 3 5300U with Radeon Graphics,amd,3,4,2600,20.8,3.14.6,CPython,1,spawn,2.5.3,numpy,np_elementwise,8935,343523,0.0,seconds,big,582,343546,3,6,0,4,0,0,0.001673329999903217,0.9980723155576904,0.056907450741647,0.03848015605864429,1.4130571391264892,12.7,0.08719600000040373,0.001708600000711158,0.3692585000026156,1.0330451999980141,0.7065377000035369,0.9970327000046382,1.033045;1.021620;1.074669,0.706538;0.693556;0.734714,0.997033;0.987091;1.124165,,threading,2026-10-04T00:28:52+00:00
M0c3-00313,M0c3,localc3,Windows,11,AMD64,AMD Ryzen 3 5300U with Radeon Graphics,amd,3,4,2600,20.8,3.14.6,CPython,1,spawn,2.5.3,big_payload,big_reverse,7,188778,0.3,ms,big,642,188800,3,2,0,0,0,0,0.00013653875025738672,1.0,0.18777994840544907,0.43115965748080054,0.9495198247559029,13.6,0.046750399997108616,0.0018824999569915235,0.23801100000127917,0.09758660000079544,0.09686239999427926,0.5304187000001548,0.097587;0.094779;0.098357,0.096862;0.099749;0.094839,0.530419,,threading,2026-10-04T00:28:54+00:00
M0c3-00314,M0c3,localc3,Windows,11,AMD64,AMD Ryzen 3 5300U with Radeon Graphics,amd,3,4,2600,20.8,3.14.6,CPython,1,spawn,2.5.3,tiny,tiny_len,4,843700,0.3,ms,big,237,843722,3,6,0,0,0,0,4.966100046442726e-07,1.0,0.343744420023642,680.5944263042096,0.041453098289310854,14.7,0.007976100001542363,0.0071684000140521675,0.3692585000026156,3.819999983534217e-05,0.000538200001756195,0.4105654999948456,0.000087;0.000038;0.000020,0.000538,0.410565,,sequential,2026-10-04T00:28:56+00:00
M0c3-00315,M0c3,localc3,Windows,11,AMD64,AMD Ryzen 3 5300U with Radeon Graphics,amd,3,4,2600,20.8,3.14.6,CPython,1,spawn,2.5.3,tiny,tiny_add,51,55,0.3,ms,normal,14371,74,3,6,0,1,0,0,2.1274996834108607e-07,1.0,0.2664080866121245,26.34547695114793,0.2830357764958501,15.6,0.007509800001571421,0.004292700068617705,0.3692585000026156,0.0014930000033928081,0.0026604999948176555,0.006776199996238574,0.002497;0.001493;0.001462,0.003014;0.002660;0.002545,0.008812;0.006776;0.006536,,sequential,2026-10-04T00:28:56+00:00
M0c3-00316,M0c3,localc3,Windows,11,AMD64,AMD Ryzen 3 5300U with Radeon Graphics,amd,3,4,2600,20.8,3.14.6,CPython,1,spawn,2.5.3,io,io_sleep_return_payload,15315,119304,0.8,ms,big,8,119327,3,3,0,1,1,0,0.019009266662275575,0.0030525734158766537,0.2849409799071814,0.0026986838081936226,2.2488747495749473,18.0,0.08795570000074804,0.00039250001282198355,0.26785910000035074,0.132645900004718,0.057724700003745966,0.05915619999723276,0.132646;0.133499;0.132578,0.058235;0.057543;0.057725,0.059544;0.059156;0.058911,,threading,2026-10-04T00:28:58+00:00
M0c3-00317,M0c3,localc3,Windows,11,AMD64,AMD Ryzen 3 5300U with Radeon Graphics,amd,3,4,2600,20.8,3.14.6,CPython,1,spawn,2.5.3,algo_iter,algo_dijkstra,1179,1032,0.3,seconds,normal,246,1055,3,2,2,15,0,0,0.0034510733326897024,1.0,0.14257219698709914,0.00117258198994672,1.0785480628700663,13.3,0.10000980000040727,0.0003532000118866563,0.23801100000127917,0.8166213000004063,0.8399490999945556,0.43909269999858225,0.816621;0.811598;0.821039,0.852225;0.835821;0.839949,0.523881;0.410522;0.439093,,multiprocessing,2026-10-04T00:29:05+00:00
M0c3-00318,M0c3,localc3,Windows,11,AMD64,AMD Ryzen 3 5300U with Radeon Graphics,amd,3,4,2600,20.8,3.14.6,CPython,1,spawn,2.5.3,cpu,cpu_sum_squares,21792,1759,0.3,seconds,normal,565,1782,3,2,1,2,0,0,0.001052506249986133,1.0,0.1752361404432221,0.004080735135682649,0.87005822284608,20.3,0.1088919000030728,0.0004594000056385994,0.23801100000127917,0.625040999999328,0.626386600000842,0.3158583999975235,0.625937;0.620269;0.625041,0.622616;0.629136;0.626387,0.315858;0.317299;0.313571,,multiprocessing,2026-10-04T00:29:10+00:00
M0c3-00319,M0c3,localc3,Windows,11,AMD64,AMD Ryzen 3 5300U with Radeon Graphics,amd,3,4,2600,20.8,3.14.6,CPython,1,spawn,2.5.3,recursive,rec_quicksort,16937,18,0.3,ms,normal,8,38,3,3,1,8,0,0,0.026652866664032143,1.0,0.21938941723439226,0.0003626876317055103,0.6450347478669146,15.7,0.18688770000153454,0.0002750000130617991,0.26785910000035074,0.23915929999930086,0.24481220000598114,0.11912199999642326,0.241885;0.239159;0.238980,0.241321;0.246724;0.244812,0.119122;0.115013;0.123777,,multiprocessing,2026-10-04T00:29:13+00:00
M0c3-00320,M0c3,localc3,Windows,11,AMD64,AMD Ryzen 3 5300U with Radeon Graphics,amd,3,4,2600,20.8,3.14.6,CPython,1,spawn,2.5.3,gil_release,gil_bz2,4,300000,0.8,seconds,big,666,300022,3,3,0,1,0,1,0.0010954913047063874,0.9999267328964774,0.23322487914784504,0.04473791845424628,1.9843362533311322,14.6,0.07691450000129407,0.0013425999859464355,0.26785910000035074,0.6691213000012795,0.2812439999979688,0.5694081999972695,0.667679;0.669297;0.669121,0.281244;0.298589;0.279258,0.550053;0.569408;0.623022,,threading,2026-10-04T00:29:18+00:00
M0c3-00321,M0c3,localc3,Windows,11,AMD64,AMD Ryzen 3 5300U with Radeon Graphics,amd,3,4,2600,20.8,3.14.6,CPython,1,spawn,2.5.3,algo_rec,algo_merge_sort,937,76,0.8,ms,normal,19,96,3,2,1,10,0,0,0.0013842000007571187,1.0,0.5020021831194856,0.036916631720790336,0.4987005268293394,24.0,0.017239799999515526,0.0004107999993721023,0.23801100000127917,0.036581000000296626,0.037277700001141056,0.024887899999157526,0.036581;0.036344;0.038248,0.036680;0.037874;0.037278,0.020719;0.031816;0.024888,,multiprocessing,2026-10-04T00:29:19+00:00
M0c3-00322,M0c3,localc3,Windows,11,AMD64,AMD Ryzen 3 5300U with Radeon Graphics,amd,3,4,2600,20.8,3.14.6,CPython,1,spawn,2.5.3,cpu,cpu_collatz,53,275017,0.8,ms,big,555,275039,3,3,2,5,0,0,0.00011631086997205284,0.9996964263016992,0.627746766614664,0.34958038999689334,1.1871093436732187,15.9,0.031116199999814853,0.0013252999415271915,0.26785910000035074,0.05625220000365516,0.05627230000391137,0.37607289999868954,0.056986;0.056252;0.055769,0.056272;0.057139;0.056072,0.376073,,sequential,2026-10-04T00:29:21+00:00
M0c3-00323,M0c3,localc3,Windows,11,AMD64,AMD Ryzen 3 5300U with Radeon Graphics,amd,3,4,2600,20.8,3.14.6,CPython,1,spawn,2.5.3,algo_rec,algo_merge_sort,2365,79,0.3,ms,normal,11,99,3,6,1,10,0,0,0.005422966666325617,1.0,0.1906518110985262,0.05514201892065619,0.94806166628218,19.5,0.03638820000196574,0.0013477000029524788,0.3692585000026156,0.05596450000302866,0.05747279999923194,0.03437570000096457,0.055965;0.055939;0.056488,0.057473;0.057512;0.056354,0.034376;0.035282;0.031932,,multiprocessing,2026-10-04T00:29:22+00:00
M0c3-00324,M0c3,localc3,Windows,11,AMD64,AMD Ryzen 3 5300U with Radeon Graphics,amd,3,4,2600,20.8,3.14.6,CPython,1,spawn,2.5.3,tiny,tiny_small_loop,23,44,0.0,ms,normal,23316,63,3,3,0,0,0,0,3.7450001036631873e-07,1.0,0.26257640325274206,9.212279107785772,0.5238272874201858,18.1,0.005901000004087109,0.002882499982661102,0.26785910000035074,0.007669699996768031,0.010053199999674689,0.013179900000977796,0.007670;0.007842;0.007464,0.010053;0.009475;0.012739,0.013182;0.012375;0.013180,,sequential,2026-10-04T00:29:23+00:00
M0c3-00325,M0c3,localc3,Windows,11,AMD64,AMD Ryzen 3 5300U with Radeon Graphics,amd,3,4,2600,20.8,3.14.6,CPython,1,spawn,2.5.3,db,db_file_commit,2,4617,0.3,seconds,normal,134,4639,3,3,1,0,1,0,0.008938716668732619,0.4835018865012412,0.1469665551706692,0.0010143142614103774,1.1829227849107173,17.3,0.09873180000431603,0.00034359998971922323,0.26785910000035074,1.248717200003739,0.6724596999993082,0.689510699994571,1.273972;1.248717;1.233898,0.672460;0.635125;0.688982,0.689511;0.685162;0.800411,,threading,2026-10-04T00:29:31+00:00
M0c3-00326,M0c3,localc3,Windows,11,AMD64,AMD Ryzen 3 5300U with Radeon Graphics,amd,3,4,2600,20.8,3.14.6,CPython,1,spawn,2.5.3,big_result,result_long_string,707,1100,0.3,ms,normal,353,1123,3,2,1,1,0,0,0.00024286022744490765,1.0,0.16465901233505165,0.03613189352035777,0.9282939696920077,16.7,0.04512049999902956,0.0006215999892447144,0.23801100000127917,0.08427520000259392,0.08404489999520592,0.060706199998094235,0.084275;0.084396;0.083586,0.084226;0.084045;0.083416,0.060706;0.066787;0.059794,,multiprocessing,2026-10-04T00:29:32+00:00
M0c3-00327,M0c3,localc3,Windows,11,AMD64,AMD Ryzen 3 5300U with Radeon Graphics,amd,3,4,2600,20.8,3.14.6,CPython,1,spawn,2.5.3,io,io_sleep_return_payload,3553,6032,0.3,seconds,normal,169,6055,3,4,0,1,1,0,0.003954238460909647,0.010564562614092377,0.16442766636827527,0.002398595122195671,1.799593123754875,15.2,0.08023619999585208,0.0005196000056457706,0.29391860000032466,0.6763136000008672,0.17843749999883585,0.18024520000471966,0.676314;0.678223;0.674089,0.178474;0.178263;0.178437,0.179145;0.180969;0.180245,,threading,2026-10-04T00:29:36+00:00
M0c3-00328,M0c3,localc3,Windows,11,AMD64,AMD Ryzen 3 5300U with Radeon Graphics,amd,3,4,2600,20.8,3.14.6,CPython,1,spawn,2.5.3,recursive,rec_nqueens,38,112684,0.0,ms,big,8,112706,3,6,1,10,0,0,0.006275700000211752,1.0,0.021676149250666833,0.00558237858854361,0.9373634821210378,19.7,0.03900400000566151,0.0003339000031701289,0.3692585000026156,0.04830249999940861,0.050689200004853774,0.026714700004959013,0.048529;0.047998;0.048302,0.050689;0.050029;0.051666,0.026715;0.026796;0.026004,,multiprocessing,2026-10-04T00:29:37+00:00
M0c3-00329,M0c3,localc3,Windows,11,AMD64,AMD Ryzen 3 5300U with Radeon Graphics,amd,3,4,2600,20.8,3.14.6,CPython,1,spawn,2.5.3,numpy,np_linalg_solve,357,275425,0.3,seconds,big,726,275448,3,4,0,3,0,1,0.0037883357144892216,0.9989863271381626,0.3838014782402549,0.012651616740233846,1.0283378911152126,14.2,0.10364240000490099,0.000989800006209407,0.29391860000032466,2.658568299993931,2.443317199999001,2.1884312000038335,2.761527;2.658568;2.645248,2.618546;2.435073;2.443317,2.247987;2.188431;1.968257,,multiprocessing,2026-10-04T00:30:00+00:00
M0c3-00330,M0c3,localc3,Windows,11,AMD64,AMD Ryzen 3 5300U with Radeon Graphics,amd,3,4,2600,20.8,3.14.6,CPython,1,spawn,2.5.3,big_result,result_long_string,34891,39,0.8,ms,normal,8,59,3,3,1,1,0,0,0.009737533332857614,1.0,0.20369496886698452,0.055270670808880665,1.0440549227189255,7.0,0.06295260000479175,0.0018973000042024069,0.26785910000035074,0.06041340000228956,0.06261510000331327,0.03831699999864213,0.060381;0.060413;0.063256,0.062615;0.062972;0.060613,0.038317;0.037799;0.042380,,multiprocessing,2026-10-04T00:30:01+00:00
M0c3-00331,M0c3,localc3,Windows,11,AMD64,AMD Ryzen 3 5300U with Radeon Graphics,amd,3,4,2600,20.8,3.14.6,CPython,1,spawn,2.5.3,io,io_file_roundtrip,1,129450,0.8,seconds,big,252,129472,3,3,1,0,1,0,0.012929499998790561,0.16673940642894317,0.3852043445563656,0.0035964268683512184,1.976317266398904,0.8,0.08012340000277618,0.0005796000041300431,0.26785910000035074,2.9166189000025042,1.0468264000010095,1.1089142999990145,2.878720;2.917690;2.916619,1.046826;1.060962;1.042057,1.081977;1.115167;1.108914,,threading,2026-10-04T00:30:17+00:00
M0c3-00332,M0c3,localc3,Windows,11,AMD64,AMD Ryzen 3 5300U with Radeon Graphics,amd,3,4,2600,20.8,3.14.6,CPython,1,spawn,2.5.3,gil_release,gil_zlib,1,31380,0.0,ms,normal,38,31402,3,4,1,1,0,1,0.0007195888885891893,0.9987642130099309,0.11201511381538261,0.013742414814464922,1.491846117561808,11.8,0.011121900002763141,0.00028700000257231295,0.29391860000032466,0.025239899994630832,0.010309700002835598,0.012776600000506733,0.025240;0.025140;0.026076,0.010638;0.010129;0.010310,0.014648;0.012777;0.012052,,threading,2026-10-04T00:30:18+00:00
M0c3-00333,M0c3,localc3,Windows,11,AMD64,AMD Ryzen 3 5300U with Radeon Graphics,amd,3,4,2600,20.8,3.14.6,CPython,1,spawn,2.5.3,db,db_file_commit,5,1225332,0.0,ms,big,8,1225354,3,4,1,0,1,0,0.0472675999966062,0.7076619626019033,0.017154732487163697,0.014946813520416005,1.2854916145502773,7.8,0.2535706999988179,0.0024695000029169023,0.29391860000032466,0.39741679999860935,0.17334919999848353,0.2032411000036518,0.397417;0.423012;0.367120,0.166203;0.177301;0.173349,0.188112;0.224832;0.203241,,threading,2026-10-04T00:30:21+00:00
M0c3-00334,M0c3,localc3,Windows,11,AMD64,AMD Ryzen 3 5300U with Radeon Graphics,amd,3,4,2600,20.8,3.14.6,CPython,1,spawn,2.5.3,big_payload,big_count_byte,116,1052175,0.8,seconds,big,190,1052197,3,3,0,1,0,0,0.0005587191496507582,1.0,0.09805372300547659,1.058841462612888,0.9267054915224108,0.4,0.0667397999932291,0.012331699959759135,0.26785910000035074,0.10568999999668449,0.1088339000052656,0.44921289999911096,0.104945;0.105690;0.106033,0.106422;0.108834;0.109587,0.449213;0.399256;0.468452,,sequential,2026-10-04T00:30:24+00:00
M0c3-00335,M0c3,localc3,Windows,11,AMD64,AMD Ryzen 3 5300U with Radeon Graphics,amd,3,4,2600,20.8,3.14.6,CPython,1,spawn,2.5.3,io,io_file_roundtrip,2,5886,0.0,ms,normal,8,5908,3,6,1,0,1,0,0.012528800002958937,0.1721977216646566,0.05598309818434307,0.0013276077071941099,1.5306213954025165,2.3,0.06168230000184849,0.00027639999461825937,0.3692585000026156,0.05406230000517098,0.01760639999702107,0.018415300000924617,0.064778;0.053320;0.054062,0.016890;0.017606;0.022309,0.018557;0.017269;0.018415,,threading,2026-10-04T00:30:25+00:00
M0c3-00336,M0c3,localc3,Windows,11,AMD64,AMD Ryzen 3 5300U with Radeon Graphics,amd,3,4,2600,20.8,3.14.6,CPython,1,spawn,2.5.3,gil_release,gil_numpy_matmul,414,76584,0.0,ms,normal,30,76607,3,3,0,2,0,1,0.003911200002351377,0.9956184810833885,0.05051572657242642,0.006910557224264118,1.1617629880141231,3.1,0.051059600002190564,0.00048159998550545424,0.26785910000035074,0.11545119999937015,0.06567830000130925,0.06765879999875324,0.115451;0.114334;0.121023,0.065318;0.066051;0.065678,0.066924;0.070085;0.067659,,threading,2026-10-04T00:30:26+00:00
M0c3-00337,M0c3,localc3,Windows,11,AMD64,AMD Ryzen 3 5300U with Radeon Graphics,amd,3,4,2600,20.8,3.14.6,CPython,1,spawn,2.5.3,numpy,np_sort,15656,269467,0.0,seconds,big,742,269490,3,6,0,3,0,1,0.0014713142850918562,0.9984103501045105,0.10053780631443571,0.030221279255672247,1.630891191966294,0.8,0.08424929999455344,0.0012885000178357586,0.3692585000026156,1.1503034999986994,0.7477108999955817,0.990831299997808,1.126213;1.210269;1.150303,0.751241;0.734861;0.747711,0.967774;1.043248;0.990831,,threading,2026-10-04T00:30:36+00:00
M0c3-00338,M0c3,localc3,Windows,11,AMD64,AMD Ryzen 3 5300U with Radeon Graphics,amd,3,4,2600,20.8,3.14.6,CPython,1,spawn,2.5.3,text,text_regex_findall,1,666,0.8,ms,normal,791,688,3,3,1,1,0,0,6.188984784808218e-05,1.0,0.3428395899774036,0.05921811712117236,0.8963577356325554,3.5,0.026451799996721093,0.0006015999751980416,0.26785910000035074,0.04805869999836432,0.04938469999615336,0.017184000003908295,0.047595;0.048059;0.049042,0.048862;0.049385;0.050306,0.016722;0.017495;0.017184,,multiprocessing,2026-10-04T00:30:37+00:00
M0c3-00339,M0c3,localc3,Windows,11,AMD64,AMD Ryzen 3 5300U with Radeon Graphics,amd,3,4,2600,20.8,3.14.6,CPython,1,spawn,2.5.3,algo_iter,algo_game_of_life,7,33,0.0,seconds,normal,326,52,3,3,5,9,0,0,0.011345799999253359,1.0,0.023276917406262077,0.005323555860217271,0.9441098645145658,0.0,0.11699039999803063,0.0006188999977894127,0.26785910000035074,3.7550429000039003,3.821765900000173,2.0426082000049064,3.748396;3.844225;3.755043,3.796419;3.902077;3.821766,2.033121;2.042608;2.046582,,multiprocessing,2026-10-04T00:31:07+00:00
M0c3-00340,M0c3,localc3,Windows,11,AMD64,AMD Ryzen 3 5300U with Radeon Graphics,amd,3,4,2600,20.8,3.14.6,CPython,1,spawn,2.5.3,text,text_regex_findall,10,324,0.3,seconds,normal,11573,346,3,3,1,1,0,0,0.0002381923805625688,0.9999002844725099,0.19729777081224897,0.01555465609062909,0.9055560066924947,0.8,0.10602600000129314,0.0006986000880715437,0.26785910000035074,2.8311447000014596,2.8839320999977645,0.9113543999992544,2.826736;2.831145;2.844170,2.879596;2.883932;2.893174,0.908458;0.911801;0.911354,,multiprocessing,2026-10-04T00:31:27+00:00
M0c3-00341,M0c3,localc3,Windows,11,AMD64,AMD Ryzen 3 5300U with Radeon Graphics,amd,3,4,2600,20.8,3.14.6,CPython,1,spawn,2.5.3,tiny,tiny_dict_lookup,138,839762,0.8,ms,big,238,839784,3,2,0,1,0,0,7.44067296243699e-07,1.0,0.5285536939359683,453.62160520826325,0.05590602185331724,6.1,0.008046800001466181,0.007174300029873848,0.23801100000127917,8.709999383427203e-05,0.0006413000010070391,0.4633646000002045,0.000106;0.000087;0.000068,0.000641,0.463365,,sequential,2026-10-04T00:31:29+00:00
M0c3-00342,M0c3,localc3,Windows,11,AMD64,AMD Ryzen 3 5300U with Radeon Graphics,amd,3,4,2600,20.8,3.14.6,CPython,1,spawn,2.5.3,mixed,mixed_parse_lines,33,9797,0.3,ms,normal,9,9819,3,3,2,3,1,0,0.017646100001002196,0.9691605079572908,0.11683012893323408,0.0008972707966047083,1.043981785099593,3.1,0.10214640000049258,0.00031540000054519624,0.26785910000035074,0.14682929999980843,0.14838759999838658,0.07865770000353223,0.146105;0.147330;0.146829,0.146143;0.148388;0.150869,0.078658;0.079445;0.077739,,multiprocessing,2026-10-04T00:31:31+00:00
M0c3-00343,M0c3,localc3,Windows,11,AMD64,AMD Ryzen 3 5300U with Radeon Graphics,amd,3,4,2600,20.8,3.14.6,CPython,1,spawn,2.5.3,tiny,tiny_add,124,833502,0.3,ms,big,239,833524,3,3,0,1,0,0,4.7627123668632014e-07,1.0,0.2927247128572406,686.8040204451797,0.027771000136260895,1.6,0.00807889999850886,0.006966799992369488,0.26785910000035074,4.6799999836366624e-05,0.00046149999980116263,0.41323190000548493,0.000087;0.000047;0.000026,0.000461,0.413232,,sequential,2026-10-04T00:31:32+00:00
M0c3-00344,M0c3,localc3,Windows,11,AMD64,AMD Ryzen 3 5300U with Radeon Graphics,amd,3,4,2600,20.8,3.14.6,CPython,1,spawn,2.5.3,gil_release,gil_sha256,13,28941,0.8,ms,normal,55,28963,3,4,1,1,0,1,0.0002751923082262063,1.0,0.5672556253118975,0.03902165515549838,1.013860518340316,6.8,0.007436599997163285,0.0005177999846637249,0.29391860000032466,0.012409700000716839,0.00689829999464564,0.010627600000589155,0.012207;0.013094;0.012410,0.006898;0.007150;0.005596,0.010628;0.011580;0.010507,,threading,2026-10-04T00:31:33+00:00
M0c3-00345,M0c3,localc3,Windows,11,AMD64,AMD Ryzen 3 5300U with Radeon Graphics,amd,3,4,2600,20.8,3.14.6,CPython,1,spawn,2.5.3,text,text_regex_findall,21,744,0.8,seconds,normal,923,766,3,6,1,1,0,0,0.0011778604645325348,0.999851037763007,0.4254617664840061,0.0031158192392579127,0.9992732383744122,2.0,0.10152930000185734,0.0004256000247551128,0.3692585000026156,1.057115600000543,1.0750809999954072,0.32172520000312943,1.057116;1.062021;1.056104,1.064470;1.075081;1.075645,0.321725;0.320952;0.326438,,multiprocessing,2026-10-04T00:31:41+00:00
M0c3-00346,M0c3,localc3,Windows,11,AMD64,AMD Ryzen 3 5300U with Radeon Graphics,amd,3,4,2600,20.8,3.14.6,CPython,1,spawn,2.5.3,algo_rec,algo_merge_sort,59,1952786,0.0,seconds,big,102,1952808,3,6,1,10,0,0,0.00011132000101497396,1.0,0.2018341766970261,8.033506949889812,0.8300589091165131,4.7,0.024557299999287352,0.01835649996792199,0.3692585000026156,0.008859300003678072,0.009509700001217425,0.32159259999752976,0.008859;0.008955;0.008788,0.009858;0.009510;0.009341,0.321593,,sequential,2026-10-04T00:31:42+00:00
M0c3-00347,M0c3,localc3,Windows,11,AMD64,AMD Ryzen 3 5300U with Radeon Graphics,amd,3,4,2600,20.8,3.14.6,CPython,1,spawn,2.5.3,mixed,mixed_parse_lines,6,8441,0.3,seconds,normal,1780,8463,3,6,2,3,1,0,0.0032387937490057084,0.8319071145287187,0.19951539340535054,0.002047444788026722,1.0113389723485686,6.6,0.10386890000518179,0.0003889000217895955,0.3692585000026156,5.44775550000486,5.201219599999604,2.281656399994972,5.443442;5.458641;5.447756,5.216038;5.189945;5.201220,2.276907;2.281656;2.292981,,multiprocessing,2026-10-04T00:32:22+00:00
M0c3-00348,M0c3,localc3,Windows,11,AMD64,AMD Ryzen 3 5300U with Radeon Graphics,amd,3,4,2600,20.8,3.14.6,CPython,1,spawn,2.5.3,algo_iter,algo_dijkstra,1499,1301,0.8,ms,normal,8,1324,3,2,2,15,0,0,0.0034594666697861007,1.0,0.9084309867922581,0.002919524961572464,1.014916238674688,16.8,0.024019599994062446,0.0002537999826017767,0.23801100000127917,0.02268690000346396,0.023987599997781217,0.021188899991102517,0.025202;0.022465;0.022687,0.023384;0.024531;0.023988,0.017997;0.021189;0.021672,,multiprocessing,2026-10-04T00:32:22+00:00
M0c3-00349,M0c3,localc3,Windows,11,AMD64,AMD Ryzen 3 5300U with Radeon Graphics,amd,3,4,2600,20.8,3.14.6,CPython,1,spawn,2.5.3,numpy,np_linalg_solve,15,1766,0.3,seconds,normal,7222,1788,3,3,0,3,0,1,3.068900737367704e-05,0.99881930459978,0.25658132071877343,0.1305028000237867,0.8247414088508068,14.6,0.11195070001122076,0.0033084002789109945,0.26785910000035074,0.21103479999874253,0.3495395999925677,0.13375620001170319,0.211035;0.209668;0.211058,0.348380;0.350340;0.349540,0.135542;0.133756;0.132565,,multiprocessing,2026-10-04T00:32:25+00:00
M0c3-00350,M0c3,localc3,Windows,11,AMD64,AMD Ryzen 3 5300U with Radeon Graphics,amd,3,4,2600,20.8,3.14.6,CPython,1,spawn,2.5.3,numpy,np_elementwise,3931,1122,0.3,ms,normal,698,1145,3,4,0,4,0,0,0.00012346264259252782,1.0,0.22478457776711988,0.03604328883661877,1.7065563679724776,17.1,0.03475369999068789,0.000653500173939392,0.29391860000032466,0.08327600000484381,0.05195639999874402,0.04181640000024345,0.083276;0.082906;0.084686,0.051956;0.050660;0.055343,0.041816;0.040813;0.041910,,multiprocessing,2026-10-04T00:32:26+00:00
M0c3-00351,M0c3,localc3,Windows,11,AMD64,AMD Ryzen 3 5300U with Radeon Graphics,amd,3,4,2600,20.8,3.14.6,CPython,1,spawn,2.5.3,tiny,tiny_dict_lookup,808,1622296,0.8,ms,big,123,1622318.9,3,2,0,1,0,0,7.766662747599184e-07,1.0,0.6646271597412434,987.3416963169897,0.025441248618028007,16.2,0.0166909000108717,0.015781200025230646,0.23801100000127917,5.329999839887023e-05,0.0005914000066695735,0.43074469998828135,0.000060;0.000053;0.000036,0.000591,0.430745,,sequential,2026-10-04T00:32:28+00:00
M0c3-00352,M0c3,localc3,Windows,11,AMD64,AMD Ryzen 3 5300U with Radeon Graphics,amd,3,4,2600,20.8,3.14.6,CPython,1,spawn,2.5.3,numpy,np_sort,47125,540823,0.8,seconds,big,141,540849.9285714285,3,6,0,3,0,1,0.003693035716423765,0.9970698187586832,0.21194813167040144,0.035901551645170844,1.5233312736373579,17.2,0.0872767999971984,0.0021872999641345814,0.3692585000026156,0.5156891999940854,0.3549941000092076,0.37773659999947995,0.515689;0.529526;0.511967,0.361924;0.354994;0.275490,0.377737;0.356589;0.459431,,threading,2026-10-04T00:32:32+00:00
M0c3-00353,M0c3,localc3,Windows,11,AMD64,AMD Ryzen 3 5300U with Radeon Graphics,amd,3,4,2600,20.8,3.14.6,CPython,1,spawn,2.5.3,big_result,result_sorted_pairs,134,465537,0.3,ms,big,429,465559,3,2,1,4,0,0,4.256635558330149e-05,1.0,0.26408599779324116,2.6714760804038136,0.30937641931379617,17.5,0.022038600000087172,0.002746499958448112,0.23801100000127917,0.018779800011543557,0.020770199989783578,0.5056925999961095,0.019513;0.018420;0.018780,0.019588;0.021346;0.020770,0.505693,,sequential,2026-10-04T00:32:34+00:00
M0c3-00354,M0c3,localc3,Windows,11,AMD64,AMD Ryzen 3 5300U with Radeon Graphics,amd,3,4,2600,20.8,3.14.6,CPython,1,spawn,2.5.3,big_payload,big_checksum_head,850,548493,0.0,ms,big,364,548516,3,2,1,1,0,0,2.5565934125692227e-05,1.0,0.2980552314700402,2.6953837356299366,0.876342213013352,20.2,0.0068802000023424625,0.0018034999957308173,0.23801100000127917,0.007749899988994002,0.008813499996904284,0.4537745999987237,0.007750;0.008808;0.007726,0.008724;0.008813;0.010543,0.453775,,sequential,2026-10-04T00:32:35+00:00
M0c3-00355,M0c3,localc3,Windows,11,AMD64,AMD Ryzen 3 5300U with Radeon Graphics,amd,3,4,2600,20.8,3.14.6,CPython,1,spawn,2.5.3,io,io_sleep,1186,39,0.0,ms,normal,8,59,3,2,0,1,1,0,0.0019071999946997191,0.032289728570919544,0.04364132169595615,0.007602765328821744,1.6287832744308008,19.3,0.009767300012754276,0.0003482000174699351,0.23801100000127917,0.01261069999600295,0.00693909999972675,0.0075776000012410805,0.012611;0.013252;0.012230,0.007723;0.006624;0.006939,0.007732;0.007578;0.006917,,threading,2026-10-04T00:32:36+00:00
M0c3-00356,M0c3,localc3,Windows,11,AMD64,AMD Ryzen 3 5300U with Radeon Graphics,amd,3,4,2600,20.8,3.14.6,CPython,1,spawn,2.5.3,cpu,cpu_matmul_lists,16,879,0.3,ms,normal,83,901,3,3,3,5,0,0,0.0002871249998861458,1.0,0.47252727483417845,0.013373961452869806,0.7838479462304397,13.2,0.013103199991746806,0.00031039999157655984,0.26785910000035074,0.02307610001298599,0.024203499997383915,0.014137000005575828,0.024274;0.023051;0.023076,0.024378;0.024203;0.023603,0.014137;0.014064;0.014218,,multiprocessing,2026-10-04T00:32:37+00:00
M0c3-00357,M0c3,localc3,Windows,11,AMD64,AMD Ryzen 3 5300U with Radeon Graphics,amd,3,4,2600,20.8,3.14.6,CPython,1,spawn,2.5.3,io,io_sleep_chunks,9600,24,0.3,seconds,normal,215,44,3,3,1,1,1,0,0.010264150000390751,0.012245240489137948,0.22709696517034791,0.0007972732848467614,1.9594923767182342,16.5,0.09490139999252278,0.0003583999932743609,0.26785910000035074,2.3658184000087203,0.7916147999931127,0.7949914000055287,2.365818;2.363903;2.370061,0.777284;0.792213;0.791615,0.794998;0.794944;0.794991,,threading,2026-10-04T00:32:49+00:00
M0c3-00358,M0c3,localc3,Windows,11,AMD64,AMD Ryzen 3 5300U with Radeon Graphics,amd,3,4,2600,20.8,3.14.6,CPython,1,spawn,2.5.3,gil_release,gil_bz2,7,300000,0.0,ms,big,163,300022,3,4,0,1,0,1,0.0014204166667089642,1.0,0.09398112485609887,0.03322264586276146,1.7649670314802612,13.9,0.08104429999366403,0.0013001999905100092,0.29391860000032466,0.22813899999891873,0.10010639998654369,0.14722070000425447,0.228139;0.229725;0.227943,0.101302;0.098169;0.100106,0.149953;0.147221;0.143768,,threading,2026-10-04T00:32:51+00:00
M0c3-00359,M0c3,localc3,Windows,11,AMD64,AMD Ryzen 3 5300U with Radeon Graphics,amd,3,4,2600,20.8,3.14.6,CPython,1,spawn,2.5.3,recursive,rec_tree_sum,312,495212,0.8,seconds,big,403,495234.75,3,6,0,4,0,0,0.00014007500067236833,1.0,0.4944573790368014,0.4293057287251351,1.033935018935429,19.5,0.02922440000111237,0.0016455999430036172,0.3692585000026156,0.05014079999818932,0.05155630000808742,0.4295832000061637,0.050141;0.051064;0.049822,0.052558;0.051556;0.050161,0.429583,,sequential,2026-10-04T00:32:53+00:00
M0c3-00360,M0c3,localc3,Windows,11,AMD64,AMD Ryzen 3 5300U with Radeon Graphics,amd,3,4,2600,20.8,3.14.6,CPython,1,spawn,2.5.3,db,db_mem_insert_select,125,168054,0.8,ms,big,130,168076,3,2,1,1,1,0,0.00020187812378935632,1.0,0.3325728433206049,0.13030139395121698,0.9503965047443065,21.5,0.013926600004197098,0.0008488000457873568,0.23801100000127917,0.026708299992606044,0.02157059998717159,0.04757419999805279,0.027194;0.026434;0.026708,0.021868;0.020826;0.021571,0.046887;0.047574;0.048672,,threading,2026-10-04T00:32:54+00:00
M0c3-00361,M0c3,localc3,Windows,11,AMD64,AMD Ryzen 3 5300U with Radeon Graphics,amd,3,4,2600,20.8,3.14.6,CPython,1,spawn,2.5.3,text,text_split_count,69,1244,0.0,seconds,normal,1333,1266,3,4,1,1,0,0,0.0044201416688641375,0.9981133910388971,0.06782994420332981,0.0011311852971998622,0.9687672683061005,14.9,0.10757059999741614,0.00035109996679238975,0.29391860000032466,6.325854499998968,5.9436110999959055,2.6662836000032257,5.819106;6.325854;6.841714,5.922799;5.943611;5.990267,2.666284;2.660957;2.671723,,multiprocessing,2026-10-04T00:33:47+00:00
M0c3-00362,M0c3,localc3,Windows,11,AMD64,AMD Ryzen 3 5300U with Radeon Graphics,amd,3,4,2600,20.8,3.14.6,CPython,1,spawn,2.5.3,numpy,np_elementwise,391296,910749,0.0,ms,big,10,910783,3,3,0,4,0,0,0.020548000000417233,0.9930434222963193,0.008831234406826165,0.019288170824690188,1.39632889881847,7.0,0.10764370000106283,0.0015121999895200133,0.26785910000035074,0.21238630000152625,0.10526080000272486,0.10670899999968242,0.212386;0.202254;0.247081,0.107266;0.105006;0.105261,0.106709;0.106486;0.123013,,threading,2026-10-04T00:33:49+00:00
M0c3-00363,M0c3,localc3,Windows,11,AMD64,AMD Ryzen 3 5300U with Radeon Graphics,amd,3,4,2600,20.8,3.14.6,CPython,1,spawn,2.5.3,tiny,tiny_len,746,421,0.0,seconds,normal,200000,444,3,4,0,0,0,0,3.7135004095034676e-07,0.9945194007820963,1.116827920253642,11.000406148670399,0.4759143762345721,1.2,0.006376399993314408,0.0032412999134976417,0.29391860000032466,0.03900449999491684,0.04998880000493955,0.2772352000029059,0.039004;0.038725;0.039474,0.050731;0.049813;0.049989,0.277235,,sequential,2026-10-04T00:33:50+00:00
M0c3-00364,M0c3,localc3,Windows,11,AMD64,AMD Ryzen 3 5300U with Radeon Graphics,amd,3,4,2600,20.8,3.14.6,CPython,1,spawn,2.5.3,cpu,cpu_sum_squares,15713,431,0.3,seconds,normal,2614,454,3,4,1,2,0,0,0.0008283065573300891,1.0,0.16839733241588234,0.004961930151322428,1.006108839623208,5.4,0.1012680999992881,0.00048370001604780555,0.29391860000032466,2.0697733999986667,2.0950771999923745,0.9999783000093885,2.064182;2.069773;2.434248,2.092437;2.095077;2.121983,0.999978;1.133704;0.999861,,multiprocessing,2026-10-04T00:34:07+00:00
M0c3-00365,M0c3,localc3,Windows,11,AMD64,AMD Ryzen 3 5300U with Radeon Graphics,amd,3,4,2600,20.8,3.14.6,CPython,1,spawn,2.5.3,io,io_sleep,11505,1028,0.3,seconds,normal,437,1051,3,4,0,1,1,0,0.01180006000213325,0.005974304526900182,0.14355528604471712,0.000798300938067131,1.4921370376844894,5.4,0.09950270000263117,0.00035599998955149204,0.29391860000032466,5.273622200009413,1.3641514999908395,1.3659082999947714,5.294262;5.264964;5.273622,1.364338;1.362293;1.364151,1.365908;1.364614;1.368498,,threading,2026-10-04T00:34:31+00:00
M0c3-00366,M0c3,localc3,Windows,11,AMD64,AMD Ryzen 3 5300U with Radeon Graphics,amd,3,4,2600,20.8,3.14.6,CPython,1,spawn,2.5.3,text,text_csv_parse,5,511,0.0,ms,normal,58,533,3,4,2,3,0,0,0.0018401214287483267,1.0,0.01012033884890846,0.0022514032837022556,0.9178104015795338,1.2,0.054128800009493716,0.0002960999991046265,0.29391860000032466,0.11032469999918249,0.11143150000134483,0.05026999999245163,0.109364;0.110325;0.111089,0.112529;0.110814;0.111432,0.049994;0.050270;0.054852,,multiprocessing,2026-10-04T00:34:33+00:00
M0c3-00367,M0c3,localc3,Windows,11,AMD64,AMD Ryzen 3 5300U with Radeon Graphics,amd,3,4,2600,20.8,3.14.6,CPython,1,spawn,2.5.3,io,io_sleep,1261,1911387,0.8,seconds,big,104,1911410,3,2,0,1,1,0,0.0016058653838207158,0.033704251742065865,0.3710882497254989,0.5155880492762169,1.879486050591347,5.0,0.08147410000674427,0.017117000024882145,0.23801100000127917,0.16907890001311898,0.0882360000105109,0.44887789999484085,0.174034;0.169079;0.165840,0.088236;0.089335;0.088201,0.448878,,threading,2026-10-04T00:34:35+00:00
M0c3-00368,M0c3,localc3,Windows,11,AMD64,AMD Ryzen 3 5300U with Radeon Graphics,amd,3,4,2600,20.8,3.14.6,CPython,1,spawn,2.5.3,algo_rec,algo_merge_sort,2354,35,0.0,seconds,normal,150,55,3,3,1,10,0,0,0.005373510000936221,0.9989351833882079,0.05499130064211088,0.024877593834963886,0.9352285622767161,16.8,0.11183249999885447,0.0015991999971447513,0.26785910000035074,0.8074755000125151,0.8160510000016075,0.41520970000419766,0.802985;0.807476;0.808853,0.812237;0.816051;0.818180,0.435650;0.398037;0.415210,,multiprocessing,2026-10-04T00:34:42+00:00
M0c3-00369,M0c3,localc3,Windows,11,AMD64,AMD Ryzen 3 5300U with Radeon Graphics,amd,3,4,2600,20.8,3.14.6,CPython,1,spawn,2.5.3,cpu,cpu_matmul_lists,41,246,0.8,ms,normal,8,265,3,3,3,5,0,0,0.0017886666658644874,1.0,0.3499380865466059,0.00564666107904941,0.35270957517000856,15.6,0.023929699993459508,0.00021619998733513057,0.26785910000035074,0.029369500000029802,0.02956599999743048,0.016457500008982606,0.028692;0.029370;0.030087,0.029101;0.029898;0.029566,0.018001;0.016458;0.016445,,multiprocessing,2026-10-04T00:34:43+00:00
M0c3-00370,M0c3,localc3,Windows,11,AMD64,AMD Ryzen 3 5300U with Radeon Graphics,amd,3,4,2600,20.8,3.14.6,CPython,1,spawn,2.5.3,numpy,np_sort,77268,4325,0.3,ms,normal,11,4350,3,2,0,3,0,1,0.0027395666596324495,1.0,0.1903171468405742,0.005183302024001844,0.9565682220540305,18.5,0.015989299994544126,0.00026440001965966076,0.23801100000127917,0.026434200000949204,0.017052199997124262,0.020996099992771633,0.026459;0.026434;0.026012,0.017052;0.016405;0.020317,0.023498;0.020996;0.020082,,threading,2026-10-04T00:34:43+00:00
M0c3-00371,M0c3,localc3,Windows,11,AMD64,AMD Ryzen 3 5300U with Radeon Graphics,amd,3,4,2600,20.8,3.14.6,CPython,1,spawn,2.5.3,tiny,tiny_dict_lookup,6,963923,0.0,seconds,big,207,963945,3,6,0,1,0,0,7.117644189765641e-07,1.0,0.512751128912949,601.5262761994711,0.038803702165997656,16.8,0.009977099995012395,0.008978000012575649,0.3692585000026156,7.920000643935055e-05,0.0007433999999193475,0.41698860000178684,0.000079;0.000109;0.000069,0.000743,0.416989,,sequential,2026-10-04T00:34:45+00:00
M0c3-00372,M0c3,localc3,Windows,11,AMD64,AMD Ryzen 3 5300U with Radeon Graphics,amd,3,4,2600,20.8,3.14.6,CPython,1,spawn,2.5.3,algo_iter,algo_edit_distance,7429,726,0.0,ms,normal,42,749,3,6,2,16,0,0,0.0016528899999684655,1.0,0.009512010054327676,0.004948909258244282,0.8674505433396229,14.6,0.03615860000718385,0.0004778000002261251,0.3692585000026156,0.07290819998888765,0.08252850000280887,0.04596559998753946,0.070057;0.086065;0.072908,0.087047;0.082529;0.072291,0.039013;0.045966;0.047565,,multiprocessing,2026-10-04T00:34:46+00:00
M0c3-00373,M0c3,localc3,Windows,11,AMD64,AMD Ryzen 3 5300U with Radeon Graphics,amd,3,4,2600,20.8,3.14.6,CPython,1,spawn,2.5.3,recursive,rec_fib,1841,450406,0.3,seconds,big,444,450429,3,6,0,4,0,0,0.00021973693638993846,1.0,0.4634737894450188,0.2743962960835412,1.015119074269301,23.3,0.050234700000146404,0.0016699000698281452,0.3692585000026156,0.08856699999887496,0.09190890000900254,0.4197291000018595,0.088430;0.089976;0.088567,0.091909;0.093037;0.089906,0.428007;0.419729;0.391651,,sequential,2026-10-04T00:34:49+00:00
M0c3-00374,M0c3,localc3,Windows,11,AMD64,AMD Ryzen 3 5300U with Radeon Graphics,amd,3,4,2600,20.8,3.14.6,CPython,1,spawn,2.5.3,recursive,rec_tree_sum,1539,757,0.3,ms,normal,438,780,3,3,0,4,0,0,0.0006959736098603267,0.9937759308374984,0.23631958020460683,0.009217302609721945,1.0599760551000008,15.5,0.09820209999452345,0.0008005000854609534,0.26785910000035074,0.2520351999992272,0.25999139998748433,0.1316474999912316,0.268830;0.252035;0.247080,0.259991;0.263842;0.258216,0.138402;0.131647;0.130081,,multiprocessing,2026-10-04T00:34:51+00:00
M0c3-00375,M0c3,localc3,Windows,11,AMD64,AMD Ryzen 3 5300U with Radeon Graphics,amd,3,4,2600,20.8,3.14.6,CPython,1,spawn,2.5.3,algo_iter,algo_edit_distance,166,1177,0.0,seconds,normal,34641,1199,3,4,2,16,0,0,3.839712720810832e-05,1.0,0.08896207896032854,0.10052834264390162,0.9907578721893772,23.3,0.10214629999245517,0.00223610014654696,0.29391860000032466,1.309307000003173,1.32557220000308,0.7087814000115031,1.308838;1.309307;1.313933,1.326209;1.325572;1.321405,0.702769;0.725486;0.708781,,multiprocessing,2026-10-04T00:35:02+00:00
M0c3-00376,M0c3,localc3,Windows,11,AMD64,AMD Ryzen 3 5300U with Radeon Graphics,amd,3,4,2600,20.8,3.14.6,CPython,1,spawn,2.5.3,db,db_file_commit,1,313789,0.8,ms,big,14,313811,3,4,1,0,1,0,0.007305199998275687,0.5100288548275304,0.08373264911308254,0.009116794547065444,1.0513147354866221,13.3,0.04204710001067724,0.00044520001392811537,0.29391860000032466,0.11576190000050701,0.06542879999324214,0.06270130000484642,0.115762;0.124267;0.111329,0.065429;0.051216;0.071680,0.065199;0.062701;0.057254,,multiprocessing,2026-10-04T00:35:04+00:00
M0c3-00377,M0c3,localc3,Windows,11,AMD64,AMD Ryzen 3 5300U with Radeon Graphics,amd,3,4,2600,20.8,3.14.6,CPython,1,spawn,2.5.3,cpu,cpu_count_primes,2042,412081,0.0,seconds,big,485,412104,3,4,2,4,0,0,0.0008977964301136256,1.0,0.11906486955148834,0.06635691138909522,1.0107367392673494,16.4,0.10135440000158269,0.001603499913471751,0.29391860000032466,0.405604300001869,0.40944830000807997,0.48792270000558347,0.405604;0.404532;0.411034,0.409216;0.409448;0.414902,0.521603;0.487923;0.470129,,sequential,2026-10-04T00:35:09+00:00
M0c3-00378,M0c3,localc3,Windows,11,AMD64,AMD Ryzen 3 5300U with Radeon Graphics,amd,3,4,2600,20.8,3.14.6,CPython,1,spawn,2.5.3,text,text_format_report,443,778309,0.3,ms,big,101,778332,3,2,1,2,0,0,0.0005840239976532758,1.0,0.16771343957140372,0.5864399448079298,0.9011392797449003,14.4,0.03791300000739284,0.007268000073963776,0.23801100000127917,0.057561199995689094,0.059996099997079,0.1682615000026999,0.057561;0.058607;0.057142,0.059982;0.059996;0.061037,0.164626;0.168262;0.170026,,sequential,2026-10-04T00:35:10+00:00
M0c3-00379,M0c3,localc3,Windows,11,AMD64,AMD Ryzen 3 5300U with Radeon Graphics,amd,3,4,2600,20.8,3.14.6,CPython,1,spawn,2.5.3,tiny,tiny_len,478,39,0.8,seconds,normal,200000,58.85,3,3,0,0,0,0,2.5839997397270055e-07,1.0,0.27932032721423844,18.595203915772107,0.5035235123532649,23.1,0.005617100003291853,0.003290900058345869,0.26785910000035074,0.01844400000118185,0.02807580000080634,0.10199690000445116,0.018050;0.018810;0.018444,0.029096;0.028076;0.027858,0.101997,,sequential,2026-10-04T00:35:11+00:00
M0c3-00380,M0c3,localc3,Windows,11,AMD64,AMD Ryzen 3 5300U with Radeon Graphics,amd,3,4,2600,20.8,3.14.6,CPython,1,spawn,2.5.3,db,db_file_commit,4,373,0.0,ms,normal,8,395,3,2,1,0,1,0,0.01694119999592658,0.5065767887363075,0.05090125735455697,0.0007752305815055945,1.264526672671396,15.5,0.0899234999960754,0.00026920001255348325,0.23801100000127917,0.13016329999663867,0.08311639999737963,0.08189950000087265,0.125869;0.130163;0.140746,0.087637;0.082659;0.083116,0.081900;0.080003;0.092330,,multiprocessing,2026-10-04T00:35:13+00:00
M0c3-00381,M0c3,localc3,Windows,11,AMD64,AMD Ryzen 3 5300U with Radeon Graphics,amd,3,4,2600,20.8,3.14.6,CPython,1,spawn,2.5.3,big_result,result_records,1189,196336,0.8,ms,big,13,196359,3,2,1,2,0,0,0.0007722000009380281,1.0,0.1995518531146642,1.4303289275566389,0.9168167476257004,13.7,0.008131199996569194,0.003528999994159676,0.23801100000127917,0.00726649998978246,0.008855300009599887,0.01680879999184981,0.017748;0.006987;0.007266,0.008855;0.007987;0.010090,0.016613;0.017300;0.016809,,sequential,2026-10-04T00:35:13+00:00
M0c3-00382,M0c3,localc3,Windows,11,AMD64,AMD Ryzen 3 5300U with Radeon Graphics,amd,3,4,2600,20.8,3.14.6,CPython,1,spawn,2.5.3,mixed,mixed_parse_lines,3,4662,0.0,ms,normal,38,4684,3,2,2,3,1,0,0.0013770111076559664,0.6001025655283956,0.1386678987658452,0.005115748937137825,1.4553279859788948,26.8,0.02093879999301862,0.000304100030916743,0.23801100000127917,0.049424199998611584,0.029714800009969622,0.027565600001253188,0.050921;0.049335;0.049424,0.029715;0.029617;0.029882,0.029336;0.026305;0.027566,,multiprocessing,2026-10-04T00:35:14+00:00
M0c3-00383,M0c3,localc3,Windows,11,AMD64,AMD Ryzen 3 5300U with Radeon Graphics,amd,3,4,2600,20.8,3.14.6,CPython,1,spawn,2.5.3,big_result,result_matrix_lists,189,367,0.8,ms,normal,8,389.3333333333333,3,3,2,5,0,0,0.005816833339243506,1.0,0.7761110549468104,0.21760407988320576,3.0092414612132483,14.3,0.029450200003338978,0.004027899980428629,0.26785910000035074,0.03383220000250731,0.034177099994849414,0.026990500002284534,0.034087;0.033015;0.033832,0.033902;0.034177;0.034516,0.026991;0.028076;0.022687,,multiprocessing,2026-10-04T00:35:15+00:00
M0c3-00384,M0c3,localc3,Windows,11,AMD64,AMD Ryzen 3 5300U with Radeon Graphics,amd,3,4,2600,20.8,3.14.6,CPython,1,spawn,2.5.3,big_result,result_sorted_pairs,501,148,0.3,seconds,normal,10551,168,3,3,1,4,0,0,0.0002031767444279904,0.9875080039770414,3.22685272372931,0.714747157543093,1.2825191746652502,19.8,0.0972613000049023,0.003831599940895103,0.26785910000035074,2.1963692999997875,2.224559899987071,2.6823785999877146,2.196369;2.174102;2.233644,2.144740;2.224560;2.620091,2.682379;2.651069;3.581985,,sequential,2026-10-04T00:35:38+00:00
M0c3-00385,M0c3,localc3,Windows,11,AMD64,AMD Ryzen 3 5300U with Radeon Graphics,amd,3,4,2600,20.8,3.14.6,CPython,1,spawn,2.5.3,big_payload,big_upper_copy,1,262326,0.0,seconds,big,762,262348,3,3,0,0,0,0,0.00022458157917227303,0.9665099109999334,0.30612167603500823,0.3705112356836021,0.977021181753207,29.7,0.08896909999020863,0.002533099948777817,0.26785910000035074,0.17793790000723675,0.18323270000109915,1.0672824000066612,0.184102;0.177938;0.175859,0.217909;0.181224;0.183233,1.067282,,sequential,2026-10-04T00:35:42+00:00
M0c3-00386,M0c3,localc3,Windows,11,AMD64,AMD Ryzen 3 5300U with Radeon Graphics,amd,3,4,2600,20.8,3.14.6,CPython,1,spawn,2.5.3,algo_rec,algo_sudoku,1,27,0.3,seconds,normal,4279,46,3,3,3,28,0,0,0.0007861292325497533,1.0,1.1393839771614631,0.007021746973002491,0.6287195044106302,21.3,0.131158799995319,0.0009829998743953183,0.26785910000035074,5.227740100002848,5.320176900000661,2.7553784999909112,5.243950;5.219706;5.227740,5.327801;5.320177;5.288692,2.755378;2.648547;3.129839,,multiprocessing,2026-10-04T00:36:22+00:00
M0c3-00387,M0c3,localc3,Windows,11,AMD64,AMD Ryzen 3 5300U with Radeon Graphics,amd,3,4,2600,20.8,3.14.6,CPython,1,spawn,2.5.3,numpy,np_fft,414726,2738,0.8,seconds,normal,8,2763,3,6,0,0,0,1,0.07855929999398843,0.9915612560762824,0.3258900191900261,0.00015487239764700781,0.9290051282131208,13.6,0.46484450000571087,0.0002668000233825296,0.3692585000026156,0.6680410999979358,0.5175914999999804,0.4818113999936031,0.668041;0.693192;0.652847,0.530599;0.491220;0.517591,0.465552;0.481811;0.502340,,multiprocessing,2026-10-04T00:36:29+00:00
M0c3-00388,M0c3,localc3,Windows,11,AMD64,AMD Ryzen 3 5300U with Radeon Graphics,amd,3,4,2600,20.8,3.14.6,CPython,1,spawn,2.5.3,tiny,tiny_dict_lookup,5,67,0.0,seconds,normal,200000,86,3,4,0,1,0,0,3.021000375156291e-07,1.0,0.4521199569339962,18.07348610305515,0.3983799677280309,3.2,0.006519899994600564,0.0035965999122709036,0.29391860000032466,0.04231190000427887,0.05368329999328125,0.11501770000904799,0.041494;0.043549;0.042312,0.053683;0.053555;0.055283,0.109176;0.129538;0.115018,,sequential,2026-10-04T00:36:30+00:00
M0c3-00389,M0c3,localc3,Windows,11,AMD64,AMD Ryzen 3 5300U with Radeon Graphics,amd,3,4,2600,20.8,3.14.6,CPython,1,spawn,2.5.3,gil_release,gil_zlib,9,217414,0.0,seconds,big,22,217436,3,6,1,1,0,1,0.049482166665256955,0.9792910779343624,0.039971930885529215,0.0011788758493135533,1.4894088860969767,4.3,0.24575729999924079,0.00038600001425947994,0.3692585000026156,1.0551065000036033,0.4092799000063678,0.4091268000047421,1.070215;1.054007;1.055107,0.409280;0.435867;0.404761,0.406961;0.409127;0.410311,,multiprocessing,2026-10-04T00:36:37+00:00
M0c3-00390,M0c3,localc3,Windows,11,AMD64,AMD Ryzen 3 5300U with Radeon Graphics,amd,3,4,2600,20.8,3.14.6,CPython,1,spawn,2.5.3,numpy,np_fft,21220,582035,0.8,seconds,big,255,582058,3,4,0,0,0,1,0.004543054545964961,0.9934837572052311,0.2693620598421381,0.01851777745091858,1.3385405781848436,3.5,0.0876152999990154,0.001221999991685152,0.29391860000032466,1.1592326999962097,0.7500290999887511,1.0601813999965088,1.336946;1.159233;1.144154,0.651032;0.750029;0.795558,1.060181;1.009898;1.138233,,threading,2026-10-04T00:36:47+00:00
M0c3-00391,M0c3,localc3,Windows,11,AMD64,AMD Ryzen 3 5300U with Radeon Graphics,amd,3,4,2600,20.8,3.14.6,CPython,1,spawn,2.5.3,algo_rec,algo_flood_fill,41,1396,0.3,seconds,normal,170,1418,3,4,3,10,0,0,0.017094574999646284,0.9996608469512843,0.2551003476897606,0.0005264827823464007,1.2475149746073215,19.8,0.12816259999817703,0.00024449999909847975,0.29391860000032466,2.832475599992904,2.888825400004862,1.3582852999970783,2.844369;2.832476;2.824753,2.888825;2.893659;2.873087,1.402077;1.358285;1.333339,,multiprocessing,2026-10-04T00:37:09+00:00
M0c3-00392,M0c3,localc3,Windows,11,AMD64,AMD Ryzen 3 5300U with Radeon Graphics,amd,3,4,2600,20.8,3.14.6,CPython,1,spawn,2.5.3,tiny,tiny_small_loop,38,401,0.3,seconds,normal,200000,423,3,2,0,0,0,0,5.09399949805811e-07,0.9916729612684707,0.4124448215232901,6.870825715287837,0.5228283897199554,3.1,0.006640299994614907,0.0028731000929838046,0.23801100000127917,0.09537709999131039,0.10815919999731705,0.3099937999941176,0.095081;0.095377;0.099489,0.108159;0.109448;0.105951,0.306091;0.353173;0.309994,,sequential,2026-10-04T00:37:11+00:00
M0c3-00393,M0c3,localc3,Windows,11,AMD64,AMD Ryzen 3 5300U with Radeon Graphics,amd,3,4,2600,20.8,3.14.6,CPython,1,spawn,2.5.3,numpy,np_linalg_solve,284,144663,0.0,ms,big,59,144686,3,4,0,3,0,1,0.0017128714285458305,0.9911401202911275,0.13402468538987006,0.016284268057597112,1.1549926200614569,12.2,0.044943000000785105,0.000708499996108003,0.29391860000032466,0.09510410000802949,0.09483040000486653,0.06533910000871401,0.095104;0.101079;0.094856,0.093971;0.117825;0.094830,0.067694;0.065339;0.065043,,multiprocessing,2026-10-04T00:37:13+00:00
M0c3-00394,M0c3,localc3,Windows,11,AMD64,AMD Ryzen 3 5300U with Radeon Graphics,amd,3,4,2600,20.8,3.14.6,CPython,1,spawn,2.5.3,big_payload,big_reverse,2,117346,0.8,seconds,big,1704,117368,3,3,0,0,0,0,8.717112687521313e-05,0.99489737445692,0.16599141385798352,0.5719784208251223,0.8969018530591429,7.3,0.08083609999448527,0.002125099941622466,0.26785910000035074,0.16849320000619628,0.17430440000316594,0.9011652999906801,0.174215;0.167592;0.168493,0.172636;0.205125;0.174304,0.901165,,sequential,2026-10-04T00:37:16+00:00
M0c3-00395,M0c3,localc3,Windows,11,AMD64,AMD Ryzen 3 5300U with Radeon Graphics,amd,3,4,2600,20.8,3.14.6,CPython,1,spawn,2.5.3,cpu,cpu_count_primes,10257,318,0.8,ms,normal,8,341,3,2,2,4,0,0,0.012587733333930373,1.0,0.25428351067578725,0.0010804170483215021,1.332066847748717,4.5,0.0652399999962654,0.0003825999883702025,0.23801100000127917,0.06849560000409838,0.06987569999182597,0.036494200001470745,0.070568;0.068418;0.068496,0.068305;0.070445;0.069876,0.036494;0.053769;0.034838,,multiprocessing,2026-10-04T00:37:17+00:00
M0c3-00396,M0c3,localc3,Windows,11,AMD64,AMD Ryzen 3 5300U with Radeon Graphics,amd,3,4,2600,20.8,3.14.6,CPython,1,spawn,2.5.3,numpy,np_elementwise,97053,719,0.3,ms,normal,8,744,3,3,0,4,0,0,0.0031321666659399248,1.0,0.2755758422505458,0.00360772742581089,1.022035871789742,17.6,0.01719480000610929,0.000259000007645227,0.26785910000035074,0.021053100004792213,0.013769099998171441,0.01742730000114534,0.022469;0.021053;0.020824,0.013769;0.014996;0.013758,0.017427;0.016852;0.017735,,threading,2026-10-04T00:37:18+00:00
M0c3-00397,M0c3,localc3,Windows,11,AMD64,AMD Ryzen 3 5300U with Radeon Graphics,amd,3,4,2600,20.8,3.14.6,CPython,1,spawn,2.5.3,numpy,np_elementwise,136044,183669,0.8,seconds,big,34,183700.25,3,3,0,4,0,0,0.006274725004914217,0.9942457295875857,0.5398101981319188,0.005765193017792225,1.4950286487824427,3.2,0.08705649999319576,0.0005723999493056908,0.26785910000035074,0.2462398000061512,0.12679550000757445,0.13239670000621118,0.246240;0.235175;0.276707,0.127373;0.126084;0.126796,0.132397;0.133821;0.130552,,threading,2026-10-04T00:37:20+00:00
M0c3-00398,M0c3,localc3,Windows,11,AMD64,AMD Ryzen 3 5300U with Radeon Graphics,amd,3,4,2600,20.8,3.14.6,CPython,1,spawn,2.5.3,algo_iter,algo_kmeans,334,622511,0.0,ms,big,14,622534,3,3,3,15,0,0,0.008082966669462621,1.0,0.03439690568225224,0.027263092895023447,0.9385547001495018,10.8,0.0504534999927273,0.0009290999878430739,0.26785910000035074,0.11069180000049528,0.1128824000043096,0.06516019999980927,0.110692;0.111648;0.109728,0.113397;0.112882;0.112329,0.065117;0.065190;0.065160,,multiprocessing,2026-10-04T00:37:21+00:00
M0c3-00399,M0c3,localc3,Windows,11,AMD64,AMD Ryzen 3 5300U with Radeon Graphics,amd,3,4,2600,20.8,3.14.6,CPython,1,spawn,2.5.3,algo_iter,algo_kmeans,533,23,0.3,ms,normal,8,43,3,2,3,15,0,0,0.013079200003024502,1.0,0.10022986245846123,0.0008767100943009508,0.8733190329297658,6.9,0.08130389999132603,0.00023779997718520463,0.23801100000127917,0.09759040000790264,0.09886839998944197,0.06110020000778604,0.097590;0.096471;0.098946,0.100037;0.097738;0.098868,0.051979;0.061100;0.072895,,multiprocessing,2026-10-04T00:37:23+00:00
M0c3-00400,M0c3,localc3,Windows,11,AMD64,AMD Ryzen 3 5300U with Radeon Graphics,amd,3,4,2600,20.8,3.14.6,CPython,1,spawn,2.5.3,text,text_format_report,5770,393,0.3,ms,normal,8,416,3,3,1,2,0,0,0.007396600000599089,0.9982460201792468,0.11210137233866477,0.0012077621402373365,1.0426242034012494,5.2,0.04525199999625329,0.00023349998809862882,0.26785910000035074,0.05717709999589715,0.059390299997176044,0.02896850000252016,0.056948;0.057177;0.057423,0.057964;0.059786;0.059390,0.028969;0.029535;0.028788,,multiprocessing,2026-10-04T00:37:24+00:00
M0c3-00401,M0c3,localc3,Windows,11,AMD64,AMD Ryzen 3 5300U with Radeon Graphics,amd,3,4,2600,20.8,3.14.6,CPython,1,spawn,2.5.3,algo_rec,algo_lcs_memo,3,508,0.0,ms,normal,8,530,3,3,1,10,0,0,0.009792566658385718,0.996109363251322,0.01874667592389821,0.0010177791120444374,0.928280668206715,4.3,0.06101009999110829,0.0002249000099254772,0.26785910000035074,0.07531040000321809,0.07894890000170562,0.0403299000026891,0.075310;0.076006;0.075250,0.079242;0.078949;0.078596,0.040082;0.040330;0.040361,,multiprocessing,2026-10-04T00:37:25+00:00
M0c3-00402,M0c3,localc3,Windows,11,AMD64,AMD Ryzen 3 5300U with Radeon Graphics,amd,3,4,2600,20.8,3.14.6,CPython,1,spawn,2.5.3,big_result,result_sorted_pairs,7034,1702958,0.0,ms,big,9,1702981,3,6,1,4,0,0,0.0031918666645651683,0.997441934832194,0.1945495197871434,1.0226826527470385,0.8427636984771358,0.0,0.029585099997348152,0.010137800010852516,0.3692585000026156,0.031266399993910454,0.03237020000233315,0.04159530000470113,0.028769;0.031587;0.031266,0.032370;0.031883;0.034294,0.038868;0.044757;0.041595,,sequential,2026-10-04T00:37:26+00:00
M0c3-00403,M0c3,localc3,Windows,11,AMD64,AMD Ryzen 3 5300U with Radeon Graphics,amd,3,4,2600,20.8,3.14.6,CPython,1,spawn,2.5.3,algo_iter,algo_kmeans,45,122866,0.3,seconds,big,511,122888,3,2,3,15,0,0,0.0011425295461694159,0.9954266005564476,0.18920190052068175,0.02999922208752427,1.0006304087762152,0.4,0.10111960000358522,0.001070399972377345,0.23801100000127917,0.5697796000022208,0.5780381999938982,0.3634682999982033,0.566965;0.570043;0.569780,0.578038;0.584262;0.576340,0.363468;0.362694;0.380630,,multiprocessing,2026-10-04T00:37:31+00:00
M0c3-00404,M0c3,localc3,Windows,11,AMD64,AMD Ryzen 3 5300U with Radeon Graphics,amd,3,4,2600,20.8,3.14.6,CPython,1,spawn,2.5.3,algo_iter,algo_edit_distance,275,1259,0.3,seconds,normal,59167,1281.7,3,4,2,16,0,0,6.462656239136777e-05,1.0,0.17011184182283978,0.05910881090665432,0.9534884568120685,4.5,0.1036448999948334,0.001635600085137412,0.29391860000032466,3.829551700007869,3.8792146000050707,2.015009700000519,3.884433;3.829552;3.819871,3.876791;3.879215;3.880255,2.015010;2.031498;2.014930,,multiprocessing,2026-10-04T00:38:01+00:00
M0c3-00405,M0c3,localc3,Windows,11,AMD64,AMD Ryzen 3 5300U with Radeon Graphics,amd,3,4,2600,20.8,3.14.6,CPython,1,spawn,2.5.3,text,text_csv_parse,2,1194,0.3,ms,normal,23,1216,3,3,2,3,0,0,0.0026492999983020126,0.9942191159269952,0.17410390243603113,0.003902917812307522,0.9086040203882421,0.4,0.027392999996664003,0.0003555000002961606,0.26785910000035074,0.05079780000960454,0.051487200005794875,0.025114800009760074,0.050798;0.050474;0.051603,0.051207;0.051951;0.051487,0.025115;0.024995;0.025459,,multiprocessing,2026-10-04T00:38:02+00:00
M0c3-00406,M0c3,localc3,Windows,11,AMD64,AMD Ryzen 3 5300U with Radeon Graphics,amd,3,4,2600,20.8,3.14.6,CPython,1,spawn,2.5.3,algo_rec,algo_flood_fill,3,528,0.0,seconds,normal,4125,550,3,2,3,10,0,0,0.0012506829268049177,1.0,0.3976047309538512,0.0030183506626462824,0.9788799272299599,0.8,0.10411339999700431,0.000428599989390932,0.23801100000127917,5.183854100003373,5.345699299999978,2.6654407999885734,5.183854;5.197816;5.176860,5.304806;5.345699;5.357964,2.612473;2.672462;2.665441,,multiprocessing,2026-10-04T00:38:42+00:00
M0c3-00407,M0c3,localc3,Windows,11,AMD64,AMD Ryzen 3 5300U with Radeon Graphics,amd,3,4,2600,20.8,3.14.6,CPython,1,spawn,2.5.3,text,text_regex_findall,6,637,0.3,ms,normal,37,659,3,4,1,1,0,0,0.00031866666783268255,1.0,0.19584054815443663,0.019490940722458952,0.6677065572990635,13.3,0.007360799994785339,0.00031079998007044196,0.29391860000032466,0.011566599991056137,0.012696499994490296,0.005194400000618771,0.011567;0.011265;0.011624,0.013040;0.012696;0.012192,0.004969;0.005194;0.005305,,multiprocessing,2026-10-04T00:38:43+00:00
M0c3-00408,M0c3,localc3,Windows,11,AMD64,AMD Ryzen 3 5300U with Radeon Graphics,amd,3,4,2600,20.8,3.14.6,CPython,1,spawn,2.5.3,algo_iter,algo_kmeans,186,1541,0.0,ms,normal,8,1563,3,4,3,15,0,0,0.0044332000009793164,1.0,0.008347151627347947,0.0023609737328575105,0.8562935146136647,13.3,0.028992399995331652,0.00019629999587778002,0.29391860000032466,0.036005100002512336,0.0366381000058027,0.01886309999099467,0.036005;0.039460;0.035774,0.036638;0.037541;0.036530,0.018694;0.020334;0.018863,,multiprocessing,2026-10-04T00:38:44+00:00
M0c3-00409,M0c3,localc3,Windows,11,AMD64,AMD Ryzen 3 5300U with Radeon Graphics,amd,3,4,2600,20.8,3.14.6,CPython,1,spawn,2.5.3,text,text_format_report,18285,233,0.3,seconds,normal,10,253,3,2,1,2,0,0,0.01815296666366824,0.9989827394625511,0.12667233989226984,0.0004994590202884012,0.7789984587983436,4.3,0.12846349999017548,0.00027299999783281237,0.23801100000127917,0.21688809999614023,0.22204199999396224,0.1365605000028154,0.224165;0.216888;0.212892,0.222504;0.218387;0.222042,0.136561;0.129931;0.152004,,multiprocessing,2026-10-04T00:38:46+00:00
M0c3-00410,M0c3,localc3,Windows,11,AMD64,AMD Ryzen 3 5300U with Radeon Graphics,amd,3,4,2600,20.8,3.14.6,CPython,1,spawn,2.5.3,tiny,tiny_len,10,1373151,0.3,seconds,big,145,1373173,3,3,0,0,0,0,4.1388961512388454e-07,1.0,0.4936921649584997,2006.3682942646024,0.01768622140759785,18.1,0.01791909999155905,0.01703849996556528,0.26785910000035074,2.5399989681318402e-05,0.00044160000106785446,0.42466599999170285,0.000051;0.000025;0.000013,0.000442,0.424666,,sequential,2026-10-04T00:38:48+00:00
M0c3-00411,M0c3,localc3,Windows,11,AMD64,AMD Ryzen 3 5300U with Radeon Graphics,amd,3,4,2600,20.8,3.14.6,CPython,1,spawn,2.5.3,text,text_format_report,475,403,0.0,ms,normal,42,426,3,4,1,2,0,0,0.0006834300016635098,1.0,0.2331002381909941,0.006423479350253612,0.9223367868415339,2.4,0.014326799995615147,0.0003103999770246446,0.29391860000032466,0.02788769999460783,0.026462900001206435,0.014345099989441223,0.025593;0.027888;0.034944,0.025115;0.026463;0.033401,0.013997;0.014353;0.014345,,multiprocessing,2026-10-04T00:38:49+00:00
M0c3-00412,M0c3,localc3,Windows,11,AMD64,AMD Ryzen 3 5300U with Radeon Graphics,amd,3,4,2600,20.8,3.14.6,CPython,1,spawn,2.5.3,mixed,mixed_json_roundtrip,129,218,0.3,ms,normal,41,237,3,2,1,1,1,0,0.003941060001670849,0.8633272060973362,0.12640520102006866,0.0011240627662940789,1.0906982479929268,3.6,0.07592219999060035,0.0003117999731330201,0.23801100000127917,0.1648743999976432,0.16566459999012295,0.09615529999427963,0.164874;0.169689;0.163348,0.165665;0.165982;0.163377,0.098278;0.096155;0.095645,,multiprocessing,2026-10-04T00:38:50+00:00
M0c3-00413,M0c3,localc3,Windows,11,AMD64,AMD Ryzen 3 5300U with Radeon Graphics,amd,3,4,2600,20.8,3.14.6,CPython,1,spawn,2.5.3,tiny,tiny_len,25,265,0.0,ms,normal,200000,287,3,6,0,0,0,0,2.7480003336677327e-07,1.0,0.4519552645603746,15.702324829686878,0.41688149892156984,3.4,0.0059849999961443245,0.00330599992594216,0.3692585000026156,0.027827899990370497,0.038908300004550256,0.17784990000654943,0.027828;0.045181;0.027090,0.038908;0.038005;0.040897,0.177850,,sequential,2026-10-04T00:38:52+00:00
M0c3-00414,M0c3,localc3,Windows,11,AMD64,AMD Ryzen 3 5300U with Radeon Graphics,amd,3,4,2600,20.8,3.14.6,CPython,1,spawn,2.5.3,db,db_mem_insert_select,9846,791,0.3,ms,normal,8,814,3,4,1,1,1,0,0.00853613333310932,0.9976330426438986,0.0759796980445546,0.0010504360503525861,1.0811676588421053,0.4,0.04833779999171384,0.0002531999925849959,0.29391860000032466,0.07305339998856653,0.09280470000521746,0.039853199996287,0.073053;0.072875;0.075024,0.093429;0.092805;0.092293,0.039853;0.039881;0.036038,,multiprocessing,2026-10-04T00:38:53+00:00
M0c3-00415,M0c3,localc3,Windows,11,AMD64,AMD Ryzen 3 5300U with Radeon Graphics,amd,3,4,2600,20.8,3.14.6,CPython,1,spawn,2.5.3,big_payload,big_reverse,3,3171833,0.3,seconds,big,63,3171855,3,6,0,0,0,0,0.002120613333924363,0.9991580261894392,0.12907260868175913,1.271330306050165,1.0175108654178846,4.7,0.10390960000222549,0.04102059999422636,0.3692585000026156,0.1335630000103265,0.14028099999995902,0.5867131999984849,0.133563;0.132960;0.146581,0.139108;0.153436;0.140281,0.568984;0.586713;0.600352,,sequential,2026-10-04T00:38:57+00:00
M0c3-00416,M0c3,localc3,Windows,11,AMD64,AMD Ryzen 3 5300U with Radeon Graphics,amd,3,4,2600,20.8,3.14.6,CPython,1,spawn,2.5.3,algo_iter,algo_edit_distance,2791,1693,0.3,seconds,normal,8551,1716,3,6,2,16,0,0,0.0006044469873704218,1.0,0.18298943455546923,0.006609348167743532,0.9398318449910595,5.0,0.10399909999978263,0.0005431000463431701,0.3692585000026156,5.284619400001247,5.3151910999877146,2.717049400001997,5.300250;5.277995;5.284619,5.322958;5.314779;5.315191,2.705726;2.717049;2.717774,,multiprocessing,2026-10-04T00:39:37+00:00
M0c3-00417,M0c3,localc3,Windows,11,AMD64,AMD Ryzen 3 5300U with Radeon Graphics,amd,3,4,2600,20.8,3.14.6,CPython,1,spawn,2.5.3,cpu,cpu_matmul_lists,45,151,0.0,ms,normal,23,170,3,4,3,5,0,0,0.005919379999977536,1.0,0.006456803876513284,0.00131094825485728,0.9240999535319927,15.0,0.06198980000044685,0.0002739000046858564,0.29391860000032466,0.1382787000038661,0.1424122000025818,0.07528200000524521,0.138279;0.140866;0.137964,0.142412;0.139880;0.142499,0.075282;0.075905;0.073487,,multiprocessing,2026-10-04T00:39:39+00:00
M0c3-00418,M0c3,localc3,Windows,11,AMD64,AMD Ryzen 3 5300U with Radeon Graphics,amd,3,4,2600,20.8,3.14.6,CPython,1,spawn,2.5.3,gil_release,gil_bz2,26,300000,0.0,seconds,big,131,300022,3,3,0,1,0,1,0.003897184615757746,0.9920249447734515,0.13995480175289063,0.012091569506172661,1.981959099488236,17.1,0.07719510000606533,0.0009292000031564385,0.26785910000035074,0.4539268000080483,0.19963420000567567,0.24139759999525268,0.458155;0.453927;0.453265,0.199634;0.202136;0.196301,0.241398;0.236939;0.244241,,threading,2026-10-04T00:39:42+00:00
M0c3-00419,M0c3,localc3,Windows,11,AMD64,AMD Ryzen 3 5300U with Radeon Graphics,amd,3,4,2600,20.8,3.14.6,CPython,1,spawn,2.5.3,big_result,result_sorted_pairs,1066,328,0.8,ms,normal,169,351,3,2,1,4,0,0,0.00036423571423039816,1.0,0.5391942125026953,0.7840115321476391,0.895117378710124,14.8,0.03864320000866428,0.0060769000119762495,0.23801100000127917,0.07269480000832118,0.07472550000238698,0.08614240000315476,0.069081;0.072695;0.131969,0.071642;0.074726;0.076748,0.084753;0.086142;0.095705,,sequential,2026-10-04T00:39:44+00:00
M0c3-00420,M0c3,localc3,Windows,11,AMD64,AMD Ryzen 3 5300U with Radeon Graphics,amd,3,4,2600,20.8,3.14.6,CPython,1,spawn,2.5.3,text,text_split_count,5,2175,0.0,ms,normal,37,2197,3,4,1,1,0,0,0.0008170888888546162,1.0,0.2002966582749324,0.00614648338042182,0.8801188099936894,20.2,0.015645599996787496,0.0002775000029942021,0.29391860000032466,0.026694600004702806,0.027502800003276207,0.013907900007325225,0.025789;0.026695;0.026704,0.026992;0.027503;0.028154,0.013643;0.013908;0.015060,,multiprocessing,2026-10-04T00:39:45+00:00
M0c3-00421,M0c3,localc3,Windows,11,AMD64,AMD Ryzen 3 5300U with Radeon Graphics,amd,3,4,2600,20.8,3.14.6,CPython,1,spawn,2.5.3,numpy,np_fft,2396,105,0.3,seconds,normal,13368,125,3,3,0,0,0,1,0.00012576035342962396,0.9993831873827695,0.6444695992766736,0.027910231147597157,1.6733140259068897,14.5,0.08075920000555925,0.0010744000464910641,0.26785910000035074,1.6165217999950983,0.9313572000100976,0.8161030000046594,1.616522;1.615897;1.625754,0.940074;0.931357;0.929840,0.808722;0.820892;0.816103,,multiprocessing,2026-10-04T00:39:55+00:00
M0c3-00422,M0c3,localc3,Windows,11,AMD64,AMD Ryzen 3 5300U with Radeon Graphics,amd,3,4,2600,20.8,3.14.6,CPython,1,spawn,2.5.3,big_payload,big_count_byte,36,242034,0.3,ms,big,379,242056,3,4,0,1,0,0,0.00012667978676580922,1.0,0.023180585545442625,0.2926670483044815,0.8862265330983103,12.5,0.026669499988202006,0.0012081000313628465,0.29391860000032466,0.04905089999374468,0.050553699998999946,0.21366829999897163,0.048988;0.055106;0.049051,0.050739;0.050390;0.050554,0.213668;0.245531;0.190288,,sequential,2026-10-04T00:39:57+00:00
M0c3-00423,M0c3,localc3,Windows,11,AMD64,AMD Ryzen 3 5300U with Radeon Graphics,amd,3,4,2600,20.8,3.14.6,CPython,1,spawn,2.5.3,recursive,rec_nqueens,1,804,0.8,ms,normal,230,826,3,2,1,10,0,0,0.0001982263166338957,1.0,0.36219644884912977,0.03137827597287192,0.8118488310305974,13.7,0.02586900000460446,0.0006020999571774155,0.23801100000127917,0.045354999994742684,0.0459083999885479,0.03572290000738576,0.045355;0.045711;0.045315,0.045842;0.045908;0.047151,0.035723;0.032012;0.038222,,multiprocessing,2026-10-04T00:39:58+00:00
M0c3-00424,M0c3,localc3,Windows,11,AMD64,AMD Ryzen 3 5300U with Radeon Graphics,amd,3,4,2600,20.8,3.14.6,CPython,1,spawn,2.5.3,mixed,mixed_json_roundtrip,319,228,0.0,ms,normal,15,248,3,4,1,1,1,0,0.009282566665206105,0.9378362907914882,0.016894326146649093,0.0009408321092568061,1.0100273451761947,14.2,0.05542430000787135,0.00023460001102648675,0.29391860000032466,0.14014669999596663,0.13772070000413805,0.06481019999773707,0.139763;0.142099;0.140147,0.137721;0.139595;0.134641,0.064810;0.064242;0.066176,,multiprocessing,2026-10-04T00:39:59+00:00
M0c3-00425,M0c3,localc3,Windows,11,AMD64,AMD Ryzen 3 5300U with Radeon Graphics,amd,3,4,2600,20.8,3.14.6,CPython,1,spawn,2.5.3,algo_iter,algo_edit_distance,10459,103581,0.0,ms,big,122,103604,3,4,2,16,0,0,0.0024098190485910024,1.0,0.04902697561818949,0.006840761842804576,0.9587320254287403,12.8,0.10355149999668356,0.0006451999797718599,0.29391860000032466,0.29542499998933636,0.2977117999980692,0.15682449999439996,0.295425;0.297534;0.293740,0.298011;0.294659;0.297712,0.155553;0.156824;0.160785,,multiprocessing,2026-10-04T00:40:02+00:00
M0c3-00426,M0c3,localc3,Windows,11,AMD64,AMD Ryzen 3 5300U with Radeon Graphics,amd,3,4,2600,20.8,3.14.6,CPython,1,spawn,2.5.3,algo_iter,algo_game_of_life,7,595765,0.3,seconds,big,113,595787,3,3,5,9,0,0,0.009721949997280413,1.0,0.1039869563668277,0.030722574711354474,0.8721463224768758,14.3,0.12847250000049826,0.002051200019195676,0.26785910000035074,1.2345812999992631,1.2450272999994922,0.7117548999958672,1.228180;1.234581;1.236181,1.237254;1.245027;1.252498,0.711755;0.710269;0.720565,,multiprocessing,2026-10-04T00:40:13+00:00
M0c3-00427,M0c3,localc3,Windows,11,AMD64,AMD Ryzen 3 5300U with Radeon Graphics,amd,3,4,2600,20.8,3.14.6,CPython,1,spawn,2.5.3,db,db_file_lookup,149,183,0.0,seconds,normal,86,202,3,4,1,5,1,0,0.008139399996642689,1.0,0.035892507422473414,0.0006915220767571674,0.7826671979614752,13.2,0.1290681999962544,0.0002800000220304355,0.29391860000032466,0.6611761999956798,0.644953799986979,0.668632200002321,0.702951;0.646036;0.661176,0.709650;0.644954;0.636073,0.753117;0.668632;0.660413,,threading,2026-10-04T00:40:20+00:00
M0c3-00428,M0c3,localc3,Windows,11,AMD64,AMD Ryzen 3 5300U with Radeon Graphics,amd,3,4,2600,20.8,3.14.6,CPython,1,spawn,2.5.3,io,io_sleep,2916,33,0.3,seconds,normal,2193,53,3,3,0,1,1,0,0.0034552733326563612,0.013109717217464564,0.14272894557659677,0.0012251799513350065,2.101411073747274,8.6,0.07704230000672396,0.0004175000067334622,0.26785910000035074,7.209527999992133,2.393785799999023,2.3978544999990845,7.207064;7.209528;7.312193,2.393786;2.390811;2.400263,2.397854;2.392625;2.401102,,threading,2026-10-04T00:40:56+00:00
M0c3-00429,M0c3,localc3,Windows,11,AMD64,AMD Ryzen 3 5300U with Radeon Graphics,amd,3,4,2600,20.8,3.14.6,CPython,1,spawn,2.5.3,cpu,cpu_collatz,173,364,0.8,seconds,normal,3434,386.1,3,4,2,5,0,0,0.0005622314602487166,1.0,0.6261650271281751,0.006990006477022326,1.0082238870283908,15.0,0.10008049999305513,0.0005463000270538032,0.29391860000032466,1.9394345999899087,1.969641000003321,1.068166899989592,1.941043;1.939435;1.931461,1.969641;1.969031;1.971273,1.063724;1.099822;1.068167,,multiprocessing,2026-10-04T00:41:12+00:00
M0c3-00430,M0c3,localc3,Windows,11,AMD64,AMD Ryzen 3 5300U with Radeon Graphics,amd,3,4,2600,20.8,3.14.6,CPython,1,spawn,2.5.3,big_payload,big_checksum_head,8206,3648908,0.0,seconds,big,54,3648931,3,4,1,1,0,0,0.000222030771860423,1.0,0.25114071031071555,7.040430905879903,0.753924066570589,17.1,0.027407000001403503,0.02078319997235667,0.29391860000032466,0.010534099987125956,0.011233299999730662,0.3350111000036122,0.010490;0.010571;0.010534,0.011277;0.011233;0.010909,0.335011,,sequential,2026-10-04T00:41:13+00:00
M0c3-00431,M0c3,localc3,Windows,11,AMD64,AMD Ryzen 3 5300U with Radeon Graphics,amd,3,4,2600,20.8,3.14.6,CPython,1,spawn,2.5.3,cpu,cpu_matmul_lists,9,1014,0.8,seconds,normal,4423,1036,3,2,3,5,0,0,8.971026979558807e-05,0.9982920824616939,0.9431577058522833,0.041299601357947635,0.9681642946446704,19.3,0.10280120000243187,0.0012109002564102411,0.23801100000127917,0.4024139999964973,0.4078340000123717,0.20662420000007842,0.403481;0.401249;0.402414,0.404890;0.415308;0.407834,0.205834;0.206624;0.234222,,multiprocessing,2026-10-04T00:41:17+00:00
M0c3-00432,M0c3,localc3,Windows,11,AMD64,AMD Ryzen 3 5300U with Radeon Graphics,amd,3,4,2600,20.8,3.14.6,CPython,1,spawn,2.5.3,io,io_sleep,215,1677764,0.8,ms,big,119,1677786.45,3,3,0,1,1,0,0.0005273379306188496,0.03306443772257938,0.09430946719677974,1.4505025251309691,1.588124141370201,22.4,0.041032300010556355,0.01582080003572628,0.26785910000035074,0.067542400007369,0.021493199994438328,0.4364384000073187,0.065601;0.067580;0.067542,0.021210;0.021493;0.022325,0.436438,,threading,2026-10-04T00:41:19+00:00
M0c3-00433,M0c3,localc3,Windows,11,AMD64,AMD Ryzen 3 5300U with Radeon Graphics,amd,3,4,2600,20.8,3.14.6,CPython,1,spawn,2.5.3,cpu,cpu_collatz,323,65,0.0,seconds,normal,6472,85,3,6,2,5,0,0,0.0012402414640968256,1.0,0.0117403390130386,0.0030800447868595273,0.9573218620161636,19.1,0.10451920000195969,0.00045549997594207525,0.3692585000026156,7.906786999999895,8.064605500010657,4.337849200004712,7.935062;7.906787;7.902383,8.127309;8.064606;8.046916,4.348016;4.289798;4.337849,,multiprocessing,2026-10-04T00:42:20+00:00
M0c3-00434,M0c3,localc3,Windows,11,AMD64,AMD Ryzen 3 5300U with Radeon Graphics,amd,3,4,2600,20.8,3.14.6,CPython,1,spawn,2.5.3,gil_release,gil_numpy_matmul,33,13995,0.0,seconds,normal,13362,14017,3,6,0,2,0,1,2.719003872659045e-05,0.9967629797942776,0.19032224845006399,0.21423292128589017,0.6989957277857449,10.0,0.122653900005389,0.0033810004097176716,0.3692585000026156,0.3567884999938542,0.7886410999926738,0.519873799989,0.353392;0.358582;0.356788,0.800937;0.748873;0.788641,0.506392;0.519874;0.568780,,sequential,2026-10-04T00:42:27+00:00
M0c3-00435,M0c3,localc3,Windows,11,AMD64,AMD Ryzen 3 5300U with Radeon Graphics,amd,3,4,2600,20.8,3.14.6,CPython,1,spawn,2.5.3,big_result,result_sorted_pairs,119,1104,0.3,ms,normal,2558,1126,3,6,1,4,0,0,3.6746009494540906e-05,1.0,0.4778797589828167,0.9727586900166976,1.003912227700513,0.4,0.04924110000138171,0.0021110999368829653,0.3692585000026156,0.10136909999710042,0.10395189998962451,0.12568599999940488,0.113128;0.101369;0.099011,0.103952;0.117283;0.102383,0.120711;0.125686;0.127201,,sequential,2026-10-04T00:42:28+00:00
M0c3-00436,M0c3,localc3,Windows,11,AMD64,AMD Ryzen 3 5300U with Radeon Graphics,amd,3,4,2600,20.8,3.14.6,CPython,1,spawn,2.5.3,io,io_file_roundtrip,2,18125,0.3,seconds,normal,80,18147,3,3,1,0,1,0,0.017551999999947537,0.14125981650265673,0.08934675393341876,0.0009419631928201667,1.104199929023125,7.4,0.09793610000633635,0.0003003000165335834,0.26785910000035074,1.7019814999948721,0.7833618000004208,0.7763281999941682,1.694719;1.702387;1.701981,0.783362;0.773172;0.817165,0.792897;0.776328;0.775341,,multiprocessing,2026-10-04T00:42:39+00:00
M0c3-00437,M0c3,localc3,Windows,11,AMD64,AMD Ryzen 3 5300U with Radeon Graphics,amd,3,4,2600,20.8,3.14.6,CPython,1,spawn,2.5.3,gil_release,gil_zlib,4,214251,0.8,seconds,big,213,214273,3,6,1,1,0,1,0.013232650002464652,1.0,0.32407104353831256,0.003151296302135284,1.020190778758899,5.2,0.10200070000428241,0.00038889999268576503,0.3692585000026156,4.138897500000894,1.6118063000030816,1.6523268000019016,4.138898;4.134491;4.139106,1.611806;1.616474;1.592634,1.638500;1.658472;1.652327,,threading,2026-10-04T00:43:02+00:00
M0c3-00438,M0c3,localc3,Windows,11,AMD64,AMD Ryzen 3 5300U with Radeon Graphics,amd,3,4,2600,20.8,3.14.6,CPython,1,spawn,2.5.3,big_result,result_matrix_lists,23,78,0.0,seconds,normal,59270,97,3,3,2,5,0,0,5.9596762662458655e-05,1.0,0.24802643572490468,0.39775649332632385,0.7229776047034139,0.0,0.12088170000060927,0.00211929994111415,0.26785910000035074,4.45092959998874,4.3925404000037815,2.792090899994946,4.450930;4.415182;4.508328,4.378147;4.392540;4.566840,2.792091;2.786355;2.901569,,multiprocessing,2026-10-04T00:43:37+00:00
M0c3-00439,M0c3,localc3,Windows,11,AMD64,AMD Ryzen 3 5300U with Radeon Graphics,amd,3,4,2600,20.8,3.14.6,CPython,1,spawn,2.5.3,big_result,result_sorted_pairs,167,39,0.0,seconds,normal,200000,58,3,4,1,4,0,0,4.667394181727918e-05,0.9960036621657725,0.3685303121065574,0.8321559605979725,0.9940719310483584,0.8,0.10275940000428818,0.002834899860317819,0.29391860000032466,13.675749500005622,13.988331299988204,15.284210300000268,11.295740;13.675750;13.810210,14.037977;13.988331;13.679097,15.284210;15.073856;15.629139,,sequential,2026-10-04T00:45:45+00:00
M0c3-00440,M0c3,localc3,Windows,11,AMD64,AMD Ryzen 3 5300U with Radeon Graphics,amd,3,4,2600,20.8,3.14.6,CPython,1,spawn,2.5.3,gil_release,gil_bz2,2,300000,0.0,ms,big,13,300022,3,4,0,1,0,1,0.0007221666649760058,1.0,0.08208814726964934,0.1352411681225724,0.7581915462692277,11.0,0.005441400004201569,0.0005151000077603385,0.29391860000032466,0.00872959999833256,0.0044316999992588535,0.006960999991861172,0.008742;0.008672;0.008730,0.004260;0.004432;0.004614,0.006929;0.007143;0.006961,,threading,2026-10-04T00:45:45+00:00
M0c3-00441,M0c3,localc3,Windows,11,AMD64,AMD Ryzen 3 5300U with Radeon Graphics,amd,3,4,2600,20.8,3.14.6,CPython,1,spawn,2.5.3,db,db_mem_insert_select,274,787,0.0,ms,normal,221,810,3,3,1,1,1,0,0.00034021999956828286,0.9999875163268993,0.12188038635423311,0.009802480549984241,1.1371580850955347,0.8,0.03538260000641458,0.00039660003676544875,0.26785910000035074,0.07710599999700207,0.08235609999974258,0.041085600008955225,0.077106;0.077604;0.076444,0.082005;0.082356;0.086993,0.054531;0.037701;0.041086,,multiprocessing,2026-10-04T00:45:46+00:00
M0c3-00442,M0c3,localc3,Windows,11,AMD64,AMD Ryzen 3 5300U with Radeon Graphics,amd,3,4,2600,20.8,3.14.6,CPython,1,spawn,2.5.3,big_payload,big_checksum_head,1858,636566,0.3,seconds,big,314,636589,3,3,1,1,0,0,5.258461579871483e-05,0.9986957764795772,0.34670859341051863,5.173090959460243,0.7772861765166986,0.4,0.015339800011133775,0.005901799973798916,0.26785910000035074,0.014590499995392747,0.015662000005249865,0.4720781999931205,0.014361;0.015264;0.014590,0.015662;0.016271;0.015083,0.472078,,sequential,2026-10-04T00:45:48+00:00
M0c3-00443,M0c3,localc3,Windows,11,AMD64,AMD Ryzen 3 5300U with Radeon Graphics,amd,3,4,2600,20.8,3.14.6,CPython,1,spawn,2.5.3,algo_rec,algo_sudoku,14,1927768,0.3,seconds,big,90,1927790,3,2,3,28,0,0,0.008533599998502592,1.0,0.5148289103610509,0.10598608474786933,0.3090531001389975,1.2,0.2643566000042483,0.006705600026180036,0.23801100000127917,1.2014943999965908,1.214167099999031,0.8140701999946032,1.201494;1.206526;1.200544,1.210906;1.214167;1.218959,0.804366;0.814070;0.837723,,multiprocessing,2026-10-04T00:45:59+00:00
M0c3-00444,M0c3,localc3,Windows,11,AMD64,AMD Ryzen 3 5300U with Radeon Graphics,amd,3,4,2600,20.8,3.14.6,CPython,1,spawn,2.5.3,numpy,np_elementwise,9053,808,0.0,ms,normal,811,831,3,3,0,4,0,0,0.00024219851501143104,0.9944637392115976,0.15634951146187595,0.015668966924047952,1.701300462277876,3.9,0.07836050000332762,0.0006764999707229435,0.26785910000035074,0.19246259999636095,0.09958080000069458,0.09673039999324828,0.191202;0.193327;0.192463,0.099581;0.100141;0.098647,0.095276;0.100529;0.096730,,multiprocessing,2026-10-04T00:46:01+00:00
M0c3-00445,M0c3,localc3,Windows,11,AMD64,AMD Ryzen 3 5300U with Radeon Graphics,amd,3,4,2600,20.8,3.14.6,CPython,1,spawn,2.5.3,gil_release,gil_numpy_matmul,116,3955,0.3,seconds,normal,9277,3977,3,6,0,2,0,1,0.00010508498951967956,0.9970970053153246,0.4161032332347307,0.040919273774095745,1.641032678340819,5.1,0.08129589998861775,0.0012283999531064183,0.3692585000026156,1.038634299999103,0.723243000000366,0.5035388999967836,2.247520;1.038634;1.007220,0.784906;0.723243;0.715279,0.731147;0.503539;0.492310,,multiprocessing,2026-10-04T00:46:10+00:00
M0c3-00446,M0c3,localc3,Windows,11,AMD64,AMD Ryzen 3 5300U with Radeon Graphics,amd,3,4,2600,20.8,3.14.6,CPython,1,spawn,2.5.3,db,db_file_lookup,80,35,0.8,seconds,normal,77,54,3,2,1,5,1,0,0.0039622230744078895,1.0,0.43261565674131075,0.001048362024028156,0.7820176787081294,4.3,0.12006829999154434,0.00038010002754162997,0.23801100000127917,0.3149027999897953,0.1988188999966951,0.20305710000684485,0.314903;0.316460;0.308525,0.198216;0.198819;0.226773,0.191575;0.204824;0.203057,,threading,2026-10-04T00:46:13+00:00
M0c3-00447,M0c3,localc3,Windows,11,AMD64,AMD Ryzen 3 5300U with Radeon Graphics,amd,3,4,2600,20.8,3.14.6,CPython,1,spawn,2.5.3,numpy,np_sort,1933,230,0.0,ms,normal,377,250,3,6,0,3,0,1,6.748191508256453e-05,0.9968181456983499,0.3364727446659284,0.051865765525368875,1.3192347914582063,9.7,0.011605199993937276,0.0004942999803461134,0.3692585000026156,0.023772000000462867,0.020805699998163618,0.016246399987721816,0.023517;0.023772;0.024461,0.021135;0.020102;0.020806,0.016246;0.016016;0.017676,,multiprocessing,2026-10-04T00:46:13+00:00
M0c3-00448,M0c3,localc3,Windows,11,AMD64,AMD Ryzen 3 5300U with Radeon Graphics,amd,3,4,2600,20.8,3.14.6,CPython,1,spawn,2.5.3,cpu,cpu_matmul_lists,4,90,0.8,seconds,normal,20570,109,3,6,3,5,0,0,1.1768399876018521e-05,1.0,0.8393771871252169,0.2923082183347428,0.9610272501063845,0.0,0.05181370000354946,0.0029707002540817484,0.3692585000026156,0.23826289999124128,0.24533330000122078,0.1323640000045998,0.236633;0.239685;0.238263,0.245333;0.249251;0.241782,0.131642;0.132364;0.132753,,multiprocessing,2026-10-04T00:46:16+00:00
M0c3-00449,M0c3,localc3,Windows,11,AMD64,AMD Ryzen 3 5300U with Radeon Graphics,amd,3,4,2600,20.8,3.14.6,CPython,1,spawn,2.5.3,algo_iter,algo_edit_distance,11585,69,0.8,seconds,normal,1913,89,3,2,2,16,0,0,0.0032053562499640975,0.9350511163889189,0.39459058304694855,0.0012401118453933195,1.0071040879978312,0.4,0.10243369999807328,0.0003828999906545505,0.23801100000127917,4.845198800001526,4.897364700009348,2.4558796000055736,4.845199;4.946149;4.839855,5.186881;4.897365;4.882078,2.525261;2.455880;2.440721,,multiprocessing,2026-10-04T00:46:52+00:00
M0c3-00450,M0c3,localc3,Windows,11,AMD64,AMD Ryzen 3 5300U with Radeon Graphics,amd,3,4,2600,20.8,3.14.6,CPython,1,spawn,2.5.3,mixed,mixed_json_roundtrip,3,979464,0.0,seconds,big,204,979486,3,6,1,1,1,0,0.0006671333337412672,0.202202721625868,0.09718649984406139,0.6663510530779206,1.9918697587809195,2.8,0.06081730000732932,0.009401199989952147,0.3692585000026156,0.13408699999854434,0.02622709999559447,0.44263829999545123,0.134087,0.026227;0.025495;0.026774,0.442638,,threading,2026-10-04T00:46:54+00:00
M0c3-00451,M0c3,localc3,Windows,11,AMD64,AMD Ryzen 3 5300U with Radeon Graphics,amd,3,4,2600,20.8,3.14.6,CPython,1,spawn,2.5.3,algo_iter,algo_game_of_life,1,1031,0.8,seconds,normal,1244,1053,3,3,5,9,0,0,0.0022779409112197095,1.0,0.3189455796586122,0.027002456250228936,1.064078539195815,8.4,0.09872470000118483,0.001557199953822419,0.26785910000035074,2.744612499998766,2.7837902000028407,1.4719505999964895,2.744612;2.727175;2.748577,2.783790;2.783849;2.782567,1.479177;1.471951;1.459177,,multiprocessing,2026-10-04T00:47:15+00:00
M0c3-00452,M0c3,localc3,Windows,11,AMD64,AMD Ryzen 3 5300U with Radeon Graphics,amd,3,4,2600,20.8,3.14.6,CPython,1,spawn,2.5.3,algo_iter,algo_kmeans,82,62,0.0,ms,normal,8,81,3,3,3,15,0,0,0.002116200004820712,0.9973938228389084,0.08428252550828584,0.00530825837965834,0.7786362586302255,5.1,0.014301699993666261,0.0002266999799758196,0.26785910000035074,0.016186799999559298,0.01746350000030361,0.008743999991565943,0.016187;0.015865;0.016740,0.016748;0.017939;0.017464,0.008744;0.008683;0.009615,,multiprocessing,2026-10-04T00:47:16+00:00
M0c3-00453,M0c3,localc3,Windows,11,AMD64,AMD Ryzen 3 5300U with Radeon Graphics,amd,3,4,2600,20.8,3.14.6,CPython,1,spawn,2.5.3,gil_release,gil_bz2,18,300000,0.0,ms,big,14,300022,3,3,0,1,0,1,0.002998399994491289,0.998850542274493,0.1267781079833629,0.03216159635286865,1.1930343296406558,4.3,0.016434200006187893,0.0005083000141894445,0.26785910000035074,0.03872139999293722,0.016708299997844733,0.019981599994935095,0.038320;0.038721;0.039215,0.016696;0.016708;0.019039,0.022719;0.019982;0.019014,,threading,2026-10-04T00:47:17+00:00
M0c3-00454,M0c3,localc3,Windows,11,AMD64,AMD Ryzen 3 5300U with Radeon Graphics,amd,3,4,2600,20.8,3.14.6,CPython,1,spawn,2.5.3,algo_rec,algo_merge_sort,601,474,0.8,seconds,normal,848,497,3,4,1,10,0,0,0.001225743904176009,1.0,0.41016929221989995,0.03296365736409399,1.0421611187425064,0.4,0.09934070000599604,0.0011804999376181513,0.29391860000032466,1.0054511000053026,1.026557999997749,0.5070616000011796,1.005767;1.004826;1.005451,1.025309;1.026558;1.030667,0.506842;0.511475;0.507062,,multiprocessing,2026-10-04T00:47:25+00:00
M0c3-00455,M0c3,localc3,Windows,11,AMD64,AMD Ryzen 3 5300U with Radeon Graphics,amd,3,4,2600,20.8,3.14.6,CPython,1,spawn,2.5.3,big_payload,big_checksum_head,1469,1803527,0.3,seconds,big,110,1803550,3,4,1,1,0,0,5.105925676481867e-05,1.0,0.150491857441736,15.341684353236582,0.820574178134679,4.3,0.019188000005669892,0.016059000074164942,0.29391860000032466,0.005271999994874932,0.005943500000284985,0.39964340000005905,0.003937;0.005272;0.005280,0.005085;0.005944;0.005961,0.399643,,sequential,2026-10-04T00:47:26+00:00
M0c3-00456,M0c3,localc3,Windows,11,AMD64,AMD Ryzen 3 5300U with Radeon Graphics,amd,3,4,2600,20.8,3.14.6,CPython,1,spawn,2.5.3,tiny,tiny_len,9,1360340,0.8,ms,big,147,1360362,3,2,0,0,0,0,5.250007638500797e-07,1.0,0.44979720275098106,1500.0168617185093,0.01932904248817383,15.4,0.01722660000086762,0.01618849996884819,0.23801100000127917,5.190000229049474e-05,0.0007638000097358599,0.4635634000005666,0.000059;0.000052;0.000017,0.000764,0.463563,,sequential,2026-10-04T00:47:28+00:00
M0c3-00457,M0c3,localc3,Windows,11,AMD64,AMD Ryzen 3 5300U with Radeon Graphics,amd,3,4,2600,20.8,3.14.6,CPython,1,spawn,2.5.3,big_payload,big_checksum_head,4827,2027823,0.3,ms,big,98,2027846,3,2,1,1,0,0,0.00011533750209006637,1.0,0.1515614917140637,7.89400657873145,0.7666538319694592,20.9,0.025052500001038425,0.018632799954502843,0.23801100000127917,0.011911500012502074,0.011922000005142763,0.435831099995994,0.014888;0.011322;0.011912,0.012604;0.011922;0.011687,0.435831,,sequential,2026-10-04T00:47:30+00:00
M0c3-00458,M0c3,localc3,Windows,11,AMD64,AMD Ryzen 3 5300U with Radeon Graphics,amd,3,4,2600,20.8,3.14.6,CPython,1,spawn,2.5.3,text,text_split_count,25,121665,0.3,seconds,big,18,121687,3,4,1,1,0,0,0.32931246666703373,0.9978259309243708,0.18348831564538406,0.00015638642461953558,0.9748052684489551,21.1,2.04140329999791,0.0004061999934492633,0.29391860000032466,5.930084999999963,6.635806700011017,2.8713425000023562,6.062256;5.871382;5.930085,6.673813;6.635807;6.620296,2.987554;2.780888;2.871343,,multiprocessing,2026-10-04T00:48:19+00:00
M0c3-00459,M0c3,localc3,Windows,11,AMD64,AMD Ryzen 3 5300U with Radeon Graphics,amd,3,4,2600,20.8,3.14.6,CPython,1,spawn,2.5.3,algo_iter,algo_edit_distance,120,1400,0.8,ms,normal,4749,1422,3,6,2,16,0,0,3.078879520085992e-05,1.0,0.4191475561145076,0.13072935577568998,0.973900972672417,3.1,0.07675599999492988,0.002150900094420649,0.3692585000026156,0.14389789999404456,0.14809559998684563,0.08061679999809712,0.146393;0.143898;0.143563,0.149220;0.147339;0.148096,0.080007;0.081902;0.080617,,multiprocessing,2026-10-04T00:48:21+00:00
M0c3-00460,M0c3,localc3,Windows,11,AMD64,AMD Ryzen 3 5300U with Radeon Graphics,amd,3,4,2600,20.8,3.14.6,CPython,1,spawn,2.5.3,tiny,tiny_add,422,85,0.3,ms,normal,101220,105,3,4,0,1,0,0,1.7390000721206887e-07,1.0,0.44944615773053787,20.21276840552563,0.3300717759234664,6.6,0.004913299999316223,0.002719899988733232,0.29391860000032466,0.011858599988045171,0.017975899987504818,0.05012729999725707,0.011859;0.011919;0.011858,0.017976;0.017441;0.018275,0.050127;0.048062;0.052201,,sequential,2026-10-04T00:48:22+00:00
M0c3-00461,M0c3,localc3,Windows,11,AMD64,AMD Ryzen 3 5300U with Radeon Graphics,amd,3,4,2600,20.8,3.14.6,CPython,1,spawn,2.5.3,tiny,tiny_dict_lookup,205,267,0.8,seconds,normal,200000,289.3,3,3,0,1,0,0,3.667498167487793e-07,1.0,0.7496037503443193,10.838460348272838,0.4567771185065008,5.3,0.00620350000099279,0.0030594003619626164,0.26785910000035074,0.054699900007108226,0.06751449999865144,0.22243569999409374,0.054700;0.054884;0.054638,0.076534;0.067514;0.067071,0.223549;0.221235;0.222436,,sequential,2026-10-04T00:48:24+00:00
M0c3-00462,M0c3,localc3,Windows,11,AMD64,AMD Ryzen 3 5300U with Radeon Graphics,amd,3,4,2600,20.8,3.14.6,CPython,1,spawn,2.5.3,mixed,mixed_hash_then_write,11567,88192,0.0,ms,normal,208,88215,3,4,1,3,1,0,0.0012020904766922328,0.9996942051577539,0.06101018333249759,0.01430424953875257,1.1141481754401479,1.6,0.09632719999353867,0.0007416999724227935,0.29391860000032466,0.25104400000418536,0.2110134999966249,0.15935480000916868,0.251044;0.250013;0.252491,0.216252;0.211013;0.208278,0.171264;0.157001;0.159355,,multiprocessing,2026-10-04T00:48:26+00:00
M0c3-00463,M0c3,localc3,Windows,11,AMD64,AMD Ryzen 3 5300U with Radeon Graphics,amd,3,4,2600,20.8,3.14.6,CPython,1,spawn,2.5.3,big_payload,big_count_byte,15,136242,0.8,seconds,big,1467,136264,3,3,0,1,0,0,7.24718580992582e-05,0.9949266414615643,0.09376302397566953,0.3250226989265451,0.918443339462279,0.8,0.056926400007796474,0.0013428999518509954,0.26785910000035074,0.10757500000181608,0.11028770000848453,0.5176123999990523,0.105999;0.107575;0.120521,0.110288;0.131144;0.107472,0.527629;0.517612;0.512348,,sequential,2026-10-04T00:48:29+00:00
M0c3-00464,M0c3,localc3,Windows,11,AMD64,AMD Ryzen 3 5300U with Radeon Graphics,amd,3,4,2600,20.8,3.14.6,CPython,1,spawn,2.5.3,mixed,mixed_json_roundtrip,2,369,0.0,seconds,normal,6588,391,3,4,1,1,1,0,0.0005892988239579341,0.143162192257482,0.08029460555125632,0.00810285247565698,1.8729080459851102,5.0,0.07775179999589454,0.0006708999571856111,0.29391860000032466,3.914269400003832,0.9841095000010682,1.0243533000029856,3.942337;3.914269;3.910721,0.982661;0.986074;0.984110,1.034743;0.968375;1.024353,,threading,2026-10-04T00:48:48+00:00
M0c3-00465,M0c3,localc3,Windows,11,AMD64,AMD Ryzen 3 5300U with Radeon Graphics,amd,3,4,2600,20.8,3.14.6,CPython,1,spawn,2.5.3,algo_rec,algo_flood_fill,1,138,0.0,seconds,normal,5072,157,3,2,3,10,0,0,0.00043051982695409415,0.9988216914207956,0.6159931469564307,0.00812970794409565,0.9348863297151296,1.2,0.10360829999262933,0.0005698000750271603,0.23801100000127917,2.1492345000006026,2.1957218000025023,1.1050104999885662,2.149235;2.135921;2.195896,2.195722;2.194336;2.229401,1.104368;1.128639;1.105010,,multiprocessing,2026-10-04T00:49:05+00:00
M0c3-00466,M0c3,localc3,Windows,11,AMD64,AMD Ryzen 3 5300U with Radeon Graphics,amd,3,4,2600,20.8,3.14.6,CPython,1,spawn,2.5.3,text,text_format_report,15753,147826,0.8,seconds,big,108,147849,3,3,1,2,0,0,0.021836000004744466,0.9914027830175706,0.45802507898629446,0.0020852413807812453,0.718283652694406,15.5,0.12967249999928754,0.00039919998380355537,0.26785910000035074,2.286450600004173,2.3286846999981208,1.1330982000072254,2.297888;2.285167;2.286451,2.328685;2.314887;2.329281,1.132496;1.138294;1.133098,,multiprocessing,2026-10-04T00:49:23+00:00
M0c3-00467,M0c3,localc3,Windows,11,AMD64,AMD Ryzen 3 5300U with Radeon Graphics,amd,3,4,2600,20.8,3.14.6,CPython,1,spawn,2.5.3,db,db_mem_group_by,4055,1615609,0.0,seconds,big,123,1615632,3,2,1,2,1,0,0.005419690001872368,0.9972546935903746,0.10588892639293818,0.13888986287582306,1.3313472735154988,18.2,0.10263859998667613,0.007927599974209443,0.23801100000127917,0.6061239999980899,0.4783616000058828,0.5317990000039572,0.618709;0.595508;0.606124,0.477858;0.478362;0.479509,0.531799;0.530460;0.568495,,threading,2026-10-04T00:49:29+00:00
M0c3-00468,M0c3,localc3,Windows,11,AMD64,AMD Ryzen 3 5300U with Radeon Graphics,amd,3,4,2600,20.8,3.14.6,CPython,1,spawn,2.5.3,gil_release,gil_bz2,151,300000,0.8,seconds,big,12,300022,3,2,0,1,0,1,0.0053946333306763945,1.0,0.13491946631429427,0.009948158580555264,0.5997300065171299,16.6,0.04620690000592731,0.00039730001299176365,0.23801100000127917,0.14301379999960773,0.07922709999547806,0.0793209000112256,0.142665;0.143014;0.143399,0.079227;0.088353;0.078219,0.079321;0.084384;0.079140,,threading,2026-10-04T00:49:31+00:00
M0c3-00469,M0c3,localc3,Windows,11,AMD64,AMD Ryzen 3 5300U with Radeon Graphics,amd,3,4,2600,20.8,3.14.6,CPython,1,spawn,2.5.3,big_payload,big_upper_copy,3,166684,0.3,seconds,big,1199,166706,3,3,0,0,0,0,0.00013107792636882638,0.9991913673995969,0.08950865204977251,0.4155543312350125,0.9331800085081703,19.4,0.08336570000392385,0.0020412000158103183,0.26785910000035074,0.1741242999996757,0.1868493999936618,0.9201701999991201,0.182571;0.174124;0.173589,0.186849;0.192949;0.174708,0.920170,,sequential,2026-10-04T00:49:34+00:00
M0c3-00470,M0c3,localc3,Windows,11,AMD64,AMD Ryzen 3 5300U with Radeon Graphics,amd,3,4,2600,20.8,3.14.6,CPython,1,spawn,2.5.3,big_payload,big_upper_copy,6,865200,0.8,seconds,big,231,865222,3,4,0,0,0,0,0.0005889368432945686,1.0,0.1821401614544369,1.5460231617476403,0.8166536960430989,17.2,0.0934484000026714,0.01891549993888475,0.29391860000032466,0.15848769999865908,0.16119020000041928,0.7924403000070015,0.168688;0.158349;0.158488,0.178956;0.160143;0.161190,0.768367;0.827205;0.792440,,sequential,2026-10-04T00:49:38+00:00
M0c3-00471,M0c3,localc3,Windows,11,AMD64,AMD Ryzen 3 5300U with Radeon Graphics,amd,3,4,2600,20.8,3.14.6,CPython,1,spawn,2.5.3,cpu,cpu_count_primes,988,66,0.0,seconds,normal,1951,86,3,4,2,4,0,0,0.0003255792207828445,1.0,0.0834931913699458,0.011564008940361071,0.9904718590983159,15.4,0.1013478000095347,0.0006069000082788989,0.29391860000032466,0.6130952999956207,0.619331100009731,0.3298521999968216,0.625725;0.611621;0.613095,0.616863;0.619331;0.624760,0.329852;0.330860;0.329046,,multiprocessing,2026-10-04T00:49:44+00:00
M0c3-00472,M0c3,localc3,Windows,11,AMD64,AMD Ryzen 3 5300U with Radeon Graphics,amd,3,4,2600,20.8,3.14.6,CPython,1,spawn,2.5.3,tiny,tiny_dict_lookup,285,19,0.3,seconds,normal,200000,38.65,3,2,0,1,0,0,4.0474996785633264e-07,1.0,0.9560292827073792,11.105619912357017,0.44875906689162015,20.9,0.00697020000370685,0.003472000069450587,0.23801100000127917,0.04648330000054557,0.05318980000447482,0.10981329999049194,0.047263;0.046483;0.045914,0.054044;0.053190;0.052456,0.109813;0.111522;0.103891,,sequential,2026-10-04T00:49:45+00:00
M0c3-00473,M0c3,localc3,Windows,11,AMD64,AMD Ryzen 3 5300U with Radeon Graphics,amd,3,4,2600,20.8,3.14.6,CPython,1,spawn,2.5.3,io,io_sleep,371,177559,0.0,seconds,big,1126,177582,3,4,0,1,1,0,0.0005537747251315063,0.03843154862168217,0.05794208356929878,0.06297687068893537,1.9307547520650064,15.2,0.07788969999819528,0.0013949000131106004,0.29391860000032466,0.6461865000019316,0.15638879999460187,0.5422417999943718,0.646187;0.642808;0.658054,0.151538;0.157541;0.156389,0.553694;0.542242;0.536148,,threading,2026-10-04T00:49:50+00:00
M0c3-00474,M0c3,localc3,Windows,11,AMD64,AMD Ryzen 3 5300U with Radeon Graphics,amd,3,4,2600,20.8,3.14.6,CPython,1,spawn,2.5.3,text,text_csv_parse,4,1383,0.0,seconds,normal,337,1405,3,4,2,3,0,0,0.004378833335067611,0.9987745753318186,0.07726217798065829,0.0010695389060025886,1.015920627502034,16.0,0.10407240000495221,0.0003274999762652442,0.29391860000032466,1.4362708000116982,1.4216914999997243,0.6671464999963064,1.437009;1.432646;1.436271,1.424724;1.418069;1.421691,0.677718;0.660529;0.667146,,multiprocessing,2026-10-04T00:50:01+00:00
M0c3-00475,M0c3,localc3,Windows,11,AMD64,AMD Ryzen 3 5300U with Radeon Graphics,amd,3,4,2600,20.8,3.14.6,CPython,1,spawn,2.5.3,algo_rec,algo_flood_fill,28,404,0.8,ms,normal,8,426,3,3,3,10,0,0,0.00974113333116596,0.9970781504399525,0.5823263182853091,0.0011429204507643297,0.7700464890464834,23.6,0.07250900000508409,0.00027540001610759646,0.26785910000035074,0.10019359999569133,0.10229039999831002,0.048644000009517185,0.101037;0.100194;0.099681,0.099828;0.102390;0.102290,0.048644;0.047316;0.049481,,multiprocessing,2026-10-04T00:50:03+00:00
M0c3-00476,M0c3,localc3,Windows,11,AMD64,AMD Ryzen 3 5300U with Radeon Graphics,amd,3,4,2600,20.8,3.14.6,CPython,1,spawn,2.5.3,gil_release,gil_bz2,53,300000,0.3,seconds,big,666,300022,3,2,0,1,0,1,0.005879755553905852,1.0,0.10053002955553421,0.010306551299445252,1.8754108505233094,13.1,0.08225099999981467,0.0008511000196449459,0.23801100000127917,3.9563584999996237,1.9985627999994904,2.2832666000031168,4.054280;3.956358;3.947733,1.998563;1.980974;2.014590,2.283267;2.312425;2.240039,,threading,2026-10-04T00:50:28+00:00
M0c3-00477,M0c3,localc3,Windows,11,AMD64,AMD Ryzen 3 5300U with Radeon Graphics,amd,3,4,2600,20.8,3.14.6,CPython,1,spawn,2.5.3,numpy,np_fft,884028,2363,0.3,ms,normal,8,2388,3,2,0,0,0,1,0.1925889999984065,0.9965377594983723,0.24418728903407277,5.9193409248853116e-05,1.4010371694120656,0.4,0.9857621999981347,0.0002699000033317134,0.23801100000127917,1.6264987000031397,1.215235900002881,1.192564399985713,1.546571;1.626499;1.640312,1.173353;1.256257;1.215236,1.192564;1.186106;1.248215,,multiprocessing,2026-10-04T00:50:43+00:00
M0c3-00478,M0c3,localc3,Windows,11,AMD64,AMD Ryzen 3 5300U with Radeon Graphics,amd,3,4,2600,20.8,3.14.6,CPython,1,spawn,2.5.3,numpy,np_fft,18235,879553,0.0,seconds,big,227,879576,3,6,0,0,0,1,0.005477040000550914,0.9983928390644805,0.044019308437513414,0.07729357467314792,1.505836668772317,14.0,0.09535799999139272,0.004618299979483709,0.3692585000026156,1.333872600007453,0.7842508000030648,1.1874029000027804,1.333873;1.265920;1.417131,0.817727;0.784251;0.783272,1.187403;1.252146;1.130882,,threading,2026-10-04T00:50:54+00:00
M0c3-00479,M0c3,localc3,Windows,11,AMD64,AMD Ryzen 3 5300U with Radeon Graphics,amd,3,4,2600,20.8,3.14.6,CPython,1,spawn,2.5.3,tiny,tiny_add,62,156,0.3,seconds,normal,200000,175,3,3,0,1,0,0,2.2994987375568598e-07,1.0,0.3037295976265596,20.0913363373768,0.3763776807576543,5.6,0.005641899988404475,0.003166000242345035,0.26785910000035074,0.02231319999555126,0.028325799998128787,0.1527228000049945,0.021598;0.023301;0.022313,0.029429;0.028022;0.028326,0.152723,,sequential,2026-10-04T00:50:55+00:00
M0c3-00480,M0c3,localc3,Windows,11,AMD64,AMD Ryzen 3 5300U with Radeon Graphics,amd,3,4,2600,20.8,3.14.6,CPython,1,spawn,2.5.3,tiny,tiny_dict_lookup,50,29,0.8,ms,normal,200000,48,3,3,0,1,0,0,3.513500341796316e-07,1.0,0.23206636832408808,16.906227918837555,0.6036475697249855,5.5,0.005872100009582937,0.003178199942340143,0.26785910000035074,0.03994609999062959,0.04739039999549277,0.0910483000043314,0.039905;0.039946;0.040100,0.047390;0.046737;0.047798,0.091048;0.085692;0.091768,,sequential,2026-10-04T00:50:56+00:00
M0c3-00481,M0c3,localc3,Windows,11,AMD64,AMD Ryzen 3 5300U with Radeon Graphics,amd,3,4,2600,20.8,3.14.6,CPython,1,spawn,2.5.3,db,db_file_lookup,74,347,0.0,seconds,normal,115,369,3,2,1,5,1,0,0.003957376921719585,0.997446261068579,0.04068113110697683,0.0010340954002522546,0.8880085941297022,3.9,0.10922509999363683,0.00032390000706072897,0.23801100000127917,0.451676700002281,0.2958727000077488,0.2912357999884989,0.451472;0.451677;0.454111,0.295873;0.292717;0.296682,0.291236;0.289959;0.295555,,multiprocessing,2026-10-04T00:51:00+00:00
M0c3-00482,M0c3,localc3,Windows,11,AMD64,AMD Ryzen 3 5300U with Radeon Graphics,amd,3,4,2600,20.8,3.14.6,CPython,1,spawn,2.5.3,mixed,mixed_parse_lines,28,1396,0.8,seconds,normal,1424,1418,3,6,2,3,1,0,0.002287313042831121,0.7574731854333472,0.38308842242920926,0.002015465030058195,0.9885090261133433,4.3,0.10729810000339057,0.0004539000219665468,0.3692585000026156,3.5638168000004953,3.2054243000020506,1.3533476000011433,3.563817;3.571364;3.550612,3.169796;3.205424;3.225962,1.352772;1.354516;1.353348,,multiprocessing,2026-10-04T00:51:25+00:00
M0c3-00483,M0c3,localc3,Windows,11,AMD64,AMD Ryzen 3 5300U with Radeon Graphics,amd,3,4,2600,20.8,3.14.6,CPython,1,spawn,2.5.3,mixed,mixed_parse_lines,52,4512,0.3,ms,normal,8,4534,3,2,2,3,1,0,0.011670266670989804,0.9327499223674138,0.20498200998259966,0.0011539292866324488,0.9923241310059306,5.1,0.07205570000223815,0.00032419999479316175,0.23801100000127917,0.09354509999684524,0.09275170000910293,0.05146700001205318,0.092673;0.093720;0.093545,0.092752;0.093386;0.091865,0.051316;0.051467;0.051568,,multiprocessing,2026-10-04T00:51:27+00:00
M0c3-00484,M0c3,localc3,Windows,11,AMD64,AMD Ryzen 3 5300U with Radeon Graphics,amd,3,4,2600,20.8,3.14.6,CPython,1,spawn,2.5.3,big_result,result_sorted_pairs,44655,285,0.3,seconds,normal,34,308,3,6,1,4,0,0,0.02431339999990693,0.999876544926538,0.3883271746862704,0.75656770907379,0.6938710180021666,0.0,0.20505600000615232,0.05549379999865778,0.3692585000026156,1.0490480000007665,1.0525572000042303,1.0876284000114538,1.068761;1.049048;1.038271,1.043698;1.052557;1.059132,1.054821;1.087628;1.088690,,sequential,2026-10-04T00:51:37+00:00
M0c3-00485,M0c3,localc3,Windows,11,AMD64,AMD Ryzen 3 5300U with Radeon Graphics,amd,3,4,2600,20.8,3.14.6,CPython,1,spawn,2.5.3,text,text_regex_findall,2,581,0.8,seconds,normal,37572,603,3,2,1,1,0,0,9.110533100658144e-05,0.997166057339505,0.4578625082507738,0.042094134946664946,0.9659582892440295,3.9,0.1023680000071181,0.001449299932573922,0.23801100000127917,3.4572190000035334,3.508583599992562,1.1372604000061983,3.455313;3.457219;3.461906,3.497624;3.508584;3.517992,1.131958;1.155089;1.137260,,multiprocessing,2026-10-04T00:52:02+00:00
M0c3-00486,M0c3,localc3,Windows,11,AMD64,AMD Ryzen 3 5300U with Radeon Graphics,amd,3,4,2600,20.8,3.14.6,CPython,1,spawn,2.5.3,io,io_sleep,930,892876,0.8,seconds,big,223,892898.95,3,4,0,1,1,0,0.0014004666671907115,0.03638075586371763,0.3460233366712629,0.2947374677050657,1.8009107389351104,7.6,0.0871744000032777,0.00887389997660648,0.29391860000032466,0.3123306000052253,0.07074770001054276,0.42105059999448713,0.312331;0.313081;0.305144,0.071622;0.070748;0.069389,0.421051,,threading,2026-10-04T00:52:05+00:00
M0c3-00487,M0c3,localc3,Windows,11,AMD64,AMD Ryzen 3 5300U with Radeon Graphics,amd,3,4,2600,20.8,3.14.6,CPython,1,spawn,2.5.3,tiny,tiny_len,22,129296,0.8,ms,big,1546,129318,3,6,0,0,0,0,4.3005195905941833e-07,1.0,0.23998307102413288,158.2250704869113,0.18139829835471116,2.7,0.0034958000032929704,0.0021941999584669247,0.3692585000026156,0.0005252999981166795,0.002070699993055314,0.47260069999902043,0.000525;0.001188;0.000305,0.002422;0.002071;0.000780,0.472601,,sequential,2026-10-04T00:52:07+00:00
M0c3-00488,M0c3,localc3,Windows,11,AMD64,AMD Ryzen 3 5300U with Radeon Graphics,amd,3,4,2600,20.8,3.14.6,CPython,1,spawn,2.5.3,numpy,np_linalg_solve,182,8163,0.8,seconds,normal,250,8185.15,3,3,0,3,0,1,0.00048782096799245223,0.9996383406769658,0.8847215604891779,0.011500121734907557,0.8687103260524986,8.0,0.06576339999446645,0.0005412999744294211,0.26785910000035074,0.11321090000274125,0.13802710000891238,0.0755382999923313,0.120144;0.112037;0.113211,0.138027;0.137952;0.141837,0.075538;0.073387;0.076695,,multiprocessing,2026-10-04T00:52:08+00:00
M0c3-00489,M0c3,localc3,Windows,11,AMD64,AMD Ryzen 3 5300U with Radeon Graphics,amd,3,4,2600,20.8,3.14.6,CPython,1,spawn,2.5.3,recursive,rec_quicksort,352,584,0.0,ms,normal,165,607,3,4,1,8,0,0,0.0004354243900729116,1.0,0.14212575731875746,0.009806522422335266,0.909082875831734,1.2,0.037541600002441555,0.0003915999986929819,0.29391860000032466,0.07054239998979028,0.07283069999539293,0.03481289999035653,0.070491;0.071124;0.070542,0.070965;0.072831;0.073671,0.034634;0.034813;0.035288,,multiprocessing,2026-10-04T00:52:09+00:00
M0c3-00490,M0c3,localc3,Windows,11,AMD64,AMD Ryzen 3 5300U with Radeon Graphics,amd,3,4,2600,20.8,3.14.6,CPython,1,spawn,2.5.3,big_result,result_matrix_lists,15,1022,0.8,seconds,normal,24798,1044,3,6,2,5,0,0,6.861041660350135e-05,0.9961683371556074,14.633763440589792,0.2872012688328129,1.9010920568364347,11.9,0.09808560000965372,0.002178600072511472,0.3692585000026156,0.9652800000039861,0.946968400006881,0.6936196000024211,0.958051;0.965280;0.974541,0.998680;0.946968;0.943048,0.710456;0.657552;0.693620,,multiprocessing,2026-10-04T00:52:18+00:00
M0c3-00491,M0c3,localc3,Windows,11,AMD64,AMD Ryzen 3 5300U with Radeon Graphics,amd,3,4,2600,20.8,3.14.6,CPython,1,spawn,2.5.3,big_payload,big_count_byte,7,449684,0.8,seconds,big,444,449706,3,4,0,1,0,0,0.00023491981794306722,1.0,0.022295464957674094,0.24763767876850765,0.9091932762815734,16.0,0.056534500006819144,0.0016444002103526145,0.29391860000032466,0.10614419999183156,0.1090632999985246,0.4775450000015553,0.105579;0.106144;0.106189,0.109510;0.108773;0.109063,0.445151;0.477545;0.521081,,sequential,2026-10-04T00:52:21+00:00
M0c3-00492,M0c3,localc3,Windows,11,AMD64,AMD Ryzen 3 5300U with Radeon Graphics,amd,3,4,2600,20.8,3.14.6,CPython,1,spawn,2.5.3,cpu,cpu_collatz,775,25,0.8,ms,normal,8,45,3,6,2,5,0,0,0.004474666668102145,1.0,0.189939065301213,0.0021901076860805346,1.4181052300190562,12.9,0.02289809999638237,0.00022170000011101365,0.3692585000026156,0.03139169998758007,0.0329148000018904,0.01822830000310205,0.030186;0.031491;0.031392,0.032060;0.033300;0.032915,0.017692;0.018228;0.018826,,multiprocessing,2026-10-04T00:52:22+00:00
M0c3-00493,M0c3,localc3,Windows,11,AMD64,AMD Ryzen 3 5300U with Radeon Graphics,amd,3,4,2600,20.8,3.14.6,CPython,1,spawn,2.5.3,algo_rec,algo_flood_fill,5,542,0.3,ms,normal,52,564,3,6,3,10,0,0,0.0017383846156567766,1.0,0.47828248623394787,0.002880657833368439,0.8316478442291955,18.0,0.048325600000680424,0.0003273999900557101,0.3692585000026156,0.10439340000448283,0.10583220000262372,0.05157719999260735,0.103283;0.104393;0.104557,0.105385;0.105832;0.107062,0.051512;0.052568;0.051577,,multiprocessing,2026-10-04T00:52:23+00:00
M0c3-00494,M0c3,localc3,Windows,11,AMD64,AMD Ryzen 3 5300U with Radeon Graphics,amd,3,4,2600,20.8,3.14.6,CPython,1,spawn,2.5.3,big_result,result_records,1485,21,0.8,seconds,normal,3186,41,3,4,1,2,0,0,0.0008349866666928089,0.9995057236808397,2.073517079657541,0.9597877827377458,1.394001963227717,14.2,0.1028978999966057,0.01651609998953063,0.29391860000032466,3.757795099998475,3.8636570000089705,4.230891599989263,3.904686;3.757795;3.594451,3.697744;4.086036;3.863657,4.711986;4.048697;4.230892,,sequential,2026-10-04T00:53:00+00:00
M0c3-00495,M0c3,localc3,Windows,11,AMD64,AMD Ryzen 3 5300U with Radeon Graphics,amd,3,4,2600,20.8,3.14.6,CPython,1,spawn,2.5.3,recursive,rec_nqueens,9,172,0.0,ms,normal,17,191,3,6,1,10,0,0,0.001515924999694107,1.0,0.09609795275971271,0.0066625966805002376,0.6825485728346411,19.9,0.014798899996094406,0.00026270000671502203,0.3692585000026156,0.025296599997091107,0.026250700000673532,0.014205900006345473,0.026749;0.025297;0.024331,0.026251;0.027721;0.025869,0.014206;0.014147;0.015434,,multiprocessing,2026-10-04T00:53:00+00:00
M0c3-00496,M0c3,localc3,Windows,11,AMD64,AMD Ryzen 3 5300U with Radeon Graphics,amd,3,4,2600,20.8,3.14.6,CPython,1,spawn,2.5.3,gil_release,gil_zlib,3,162281,0.8,ms,big,8,162303,3,4,1,1,0,1,0.014482399996874543,1.0,0.27376311882693255,0.004131451819960359,1.3983863619496053,20.6,0.06898150000779424,0.00040960001933854073,0.29391860000032466,0.1173826000012923,0.050661299988860264,0.04868510000233073,0.117810;0.117383;0.116269,0.047443;0.051788;0.050661,0.048685;0.047947;0.052335,,multiprocessing,2026-10-04T00:53:02+00:00
M0c3-00497,M0c3,localc3,Windows,11,AMD64,AMD Ryzen 3 5300U with Radeon Graphics,amd,3,4,2600,20.8,3.14.6,CPython,1,spawn,2.5.3,text,text_regex_findall,47,2438,0.0,ms,normal,16,2460,3,2,1,1,0,0,0.00875517500389833,1.0,0.00784503502559854,0.0008766240071934056,0.961614118970938,17.7,0.07185330000356771,0.00037739999243058264,0.23801100000127917,0.13939379999646917,0.1415807000012137,0.05804379998880904,0.138619;0.141210;0.139394,0.141581;0.140080;0.141940,0.043882;0.060117;0.058044,,multiprocessing,2026-10-04T00:53:16+00:00
M0c3-00498,M0c3,localc3,Windows,11,AMD64,AMD Ryzen 3 5300U with Radeon Graphics,amd,3,4,2600,20.8,3.14.6,CPython,1,spawn,2.5.3,numpy,np_elementwise,14132,133,0.3,seconds,normal,3520,153,3,3,0,4,0,0,0.00036674485251269825,0.9982975494695151,0.22530216802025524,0.009966055228033557,1.2225213876559662,12.9,0.09127400000579655,0.000842600071337074,0.26785910000035074,1.246725199991488,0.6335793000034755,0.6117926999868359,1.246725;1.241629;1.247393,0.633579;0.630568;0.643398,0.609384;0.611793;0.617743,,multiprocessing,2026-10-04T00:53:24+00:00
M0c3-00499,M0c3,localc3,Windows,11,AMD64,AMD Ryzen 3 5300U with Radeon Graphics,amd,3,4,2600,20.8,3.14.6,CPython,1,spawn,2.5.3,gil_release,gil_sha256,2,14301,0.8,ms,normal,1043,14323,3,6,1,1,0,1,1.9581153509744373e-05,1.0,0.507081347929815,0.361827551715437,1.3013645933110436,20.5,0.009911100001772866,0.0007811000832589343,0.3692585000026156,0.01871390000451356,0.008488200008287095,0.022527499997522682,0.018714;0.018978;0.018639,0.008919;0.008488;0.008463,0.025603;0.022527;0.021979,,threading,2026-10-04T00:53:25+00:00
M0c3-00500,M0c3,localc3,Windows,11,AMD64,AMD Ryzen 3 5300U with Radeon Graphics,amd,3,4,2600,20.8,3.14.6,CPython,1,spawn,2.5.3,big_result,result_records,41360,38,0.3,ms,normal,8,58,3,3,1,2,0,0,0.014666999995824881,0.9994639811068514,0.2606122594051957,1.7653939687144804,0.7990473017831509,23.6,0.16704739999840967,0.07794050000666175,0.26785910000035074,0.17269910000322852,0.1723026999970898,0.23647319999872707,0.171141;0.212496;0.172699,0.165619;0.185610;0.172303,0.236473;0.240868;0.233748,,threading,2026-10-04T00:53:28+00:00
M0c3-00501,M0c3,localc3,Windows,11,AMD64,AMD Ryzen 3 5300U with Radeon Graphics,amd,3,4,2600,20.8,3.14.6,CPython,1,spawn,2.5.3,gil_release,gil_numpy_matmul,330,9101,0.8,seconds,normal,335,9123.526315789473,3,3,0,2,0,1,0.002900321054192701,0.9986109038133116,1.174762742847676,0.002339123833996207,1.0258182051054379,16.6,0.10346060000301804,0.0004577999789034948,0.26785910000035074,1.0048513999936404,0.5658199000026798,0.5544350999989547,1.005985;1.004851;0.996326,0.576085;0.551280;0.565820,0.541920;0.554435;0.557145,,multiprocessing,2026-10-04T00:53:35+00:00
M0c3-00502,M0c3,localc3,Windows,11,AMD64,AMD Ryzen 3 5300U with Radeon Graphics,amd,3,4,2600,20.8,3.14.6,CPython,1,spawn,2.5.3,tiny,tiny_len,64,132,0.3,ms,normal,136158,151,3,4,0,0,0,0,2.3894990590633826e-07,1.0,0.30917539951923745,20.96673292018139,0.4517192759693513,15.6,0.005618700000923127,0.0032766001822892576,0.29391860000032466,0.014897800007020123,0.02492050000000745,0.09045139999943785,0.014863;0.014932;0.014898,0.023619;0.027314;0.024921,0.090451,,sequential,2026-10-04T00:53:36+00:00
M0c3-00503,M0c3,localc3,Windows,11,AMD64,AMD Ryzen 3 5300U with Radeon Graphics,amd,3,4,2600,20.8,3.14.6,CPython,1,spawn,2.5.3,big_payload,big_checksum_head,1026,364104,0.8,ms,big,549,364126.95,3,6,1,1,0,0,2.4944524931633016e-05,1.0,0.5343926463268691,2.5729092828881233,0.708333620279535,20.8,0.010177999996813014,0.001810400077374652,0.3692585000026156,0.013443600008031353,0.01507090000086464,0.5280800999898929,0.013444;0.013932;0.012708,0.015639;0.014428;0.015071,0.528080,,sequential,2026-10-04T00:53:37+00:00
M0c3-00504,M0c3,localc3,Windows,11,AMD64,AMD Ryzen 3 5300U with Radeon Graphics,amd,3,4,2600,20.8,3.14.6,CPython,1,spawn,2.5.3,mixed,mixed_hash_then_write,526,69982,0.8,ms,normal,12,70005,3,4,1,3,1,0,0.0006548000092152506,0.9640480732725002,0.22144158709251638,0.03772143945552192,0.7864417989202158,13.4,0.004472100001294166,0.00030239997431635857,0.29391860000032466,0.006668300004093908,0.0046647999988636,0.0063698999874759465,0.006668;0.006220;0.007030,0.005764;0.004665;0.004640,0.006370;0.006198;0.006426,,threading,2026-10-04T00:53:38+00:00
M0c3-00505,M0c3,localc3,Windows,11,AMD64,AMD Ryzen 3 5300U with Radeon Graphics,amd,3,4,2600,20.8,3.14.6,CPython,1,spawn,2.5.3,big_result,result_records,3916,338140,0.8,ms,big,18,338163,3,4,1,2,0,0,0.0024212250027630944,1.0,0.21910127039677565,1.440438204476702,0.895965948754964,13.7,0.03409859999374021,0.014246099977754056,0.29391860000032466,0.04091599999810569,0.05776690000493545,0.06604850001167506,0.042403;0.040916;0.039856,0.062734;0.043180;0.057767,0.062300;0.074832;0.066049,,sequential,2026-10-04T00:53:39+00:00
M0c3-00506,M0c3,localc3,Windows,11,AMD64,AMD Ryzen 3 5300U with Radeon Graphics,amd,3,4,2600,20.8,3.14.6,CPython,1,spawn,2.5.3,big_payload,big_checksum_head,137,2445444,0.0,ms,big,81,2445466,3,2,1,1,0,0,5.789998976979405e-06,1.0,0.2239864492415561,257.24011456053836,0.08526469244177605,12.8,0.031923500006087124,0.030387900027562864,0.23801100000127917,0.0003262999962316826,0.0010153000039281324,0.4214998000097694,0.000345;0.000326;0.000282,0.001015;0.001107;0.000588,0.421500,,sequential,2026-10-04T00:53:40+00:00
M0c3-00507,M0c3,localc3,Windows,11,AMD64,AMD Ryzen 3 5300U with Radeon Graphics,amd,3,4,2600,20.8,3.14.6,CPython,1,spawn,2.5.3,big_payload,big_checksum_head,9381,1113802,0.3,ms,big,160,1113825,3,2,1,1,0,0,0.00023693750190432184,1.0,0.25445219370656014,2.5110419256281875,0.973713083337707,21.6,0.031530800013570115,0.01233859994681552,0.23801100000127917,0.03389960000640713,0.03654180000012275,0.44674790000135545,0.033705;0.034802;0.033900,0.038457;0.036123;0.036542,0.446748,,sequential,2026-10-04T00:53:42+00:00
M0c3-00508,M0c3,localc3,Windows,11,AMD64,AMD Ryzen 3 5300U with Radeon Graphics,amd,3,4,2600,20.8,3.14.6,CPython,1,spawn,2.5.3,algo_rec,algo_sudoku,3,599,0.0,ms,normal,8,621,3,3,3,28,0,0,0.011173133330885321,1.0,1.042919184441905,0.0010948884220349482,7.570057655039895,14.8,0.03979490000347141,0.0002570000069681555,0.26785910000035074,0.039927699996042065,0.04212689999258146,0.032577699996181764,0.039928;0.039664;0.041024,0.042378;0.040999;0.042127,0.032959;0.032578;0.029336,,multiprocessing,2026-10-04T00:53:43+00:00
M0c3-00509,M0c3,localc3,Windows,11,AMD64,AMD Ryzen 3 5300U with Radeon Graphics,amd,3,4,2600,20.8,3.14.6,CPython,1,spawn,2.5.3,io,io_file_roundtrip,3,5394,0.8,ms,normal,8,5416,3,4,1,0,1,0,0.028023333337235574,0.14423928274675732,0.42152788052572476,0.00041037231783921783,1.0095827316084807,7.1,0.1638227000075858,0.0002629999944474548,0.29391860000032466,0.09228389999771025,0.0674964999925578,0.04131240000424441,0.148500;0.092284;0.090803,0.071463;0.067496;0.032965,0.069088;0.041312;0.034288,,multiprocessing,2026-10-04T00:53:44+00:00
M0c3-00510,M0c3,localc3,Windows,11,AMD64,AMD Ryzen 3 5300U with Radeon Graphics,amd,3,4,2600,20.8,3.14.6,CPython,1,spawn,2.5.3,db,db_file_lookup,563,36,0.3,seconds,normal,54,56,3,2,1,5,1,0,0.02530743334015521,0.9997260980622648,0.08129338624028931,0.00038592093255906636,0.6972882790185355,0.0,0.18093240000598598,0.00029489998996723443,0.23801100000127917,1.4572382000042126,0.9348746000032406,0.9121411999949487,1.461777;1.448937;1.457238,0.928107;0.938449;0.934875,0.923535;0.912141;0.893633,,multiprocessing,2026-10-04T00:53:55+00:00
M0c3-00511,M0c3,localc3,Windows,11,AMD64,AMD Ryzen 3 5300U with Radeon Graphics,amd,3,4,2600,20.8,3.14.6,CPython,1,spawn,2.5.3,db,db_mem_group_by,10920,1780,0.0,seconds,normal,314,1803,3,6,1,2,1,0,0.012775725001120009,0.9999714886413998,0.007785604369749507,0.0006261874820885628,1.2360798479167343,1.6,0.09260720000020228,0.00025779999850783497,0.3692585000026156,3.9749173000018345,4.162364900010289,1.8755978000117466,3.974521;3.974917;3.976476,4.133381;4.197018;4.162365,1.866370;1.875598;1.878684,,multiprocessing,2026-10-04T00:54:26+00:00
M0c3-00512,M0c3,localc3,Windows,11,AMD64,AMD Ryzen 3 5300U with Radeon Graphics,amd,3,4,2600,20.8,3.14.6,CPython,1,spawn,2.5.3,algo_rec,algo_sudoku,2,391894,0.3,ms,big,8,391916,3,3,3,28,0,0,0.001132800006113636,1.0,0.16833771322328714,0.06859109692643846,0.3435967393351364,7.9,0.012618000007933006,0.00043829999049194157,0.26785910000035074,0.013064300001133233,0.0140226000075927,0.008854300001985393,0.013064;0.012676;0.013102,0.014346;0.014023;0.013784,0.008618;0.008854;0.008896,,multiprocessing,2026-10-04T00:54:26+00:00
M0c3-00513,M0c3,localc3,Windows,11,AMD64,AMD Ryzen 3 5300U with Radeon Graphics,amd,3,4,2600,20.8,3.14.6,CPython,1,spawn,2.5.3,tiny,tiny_dict_lookup,9,311108,0.3,seconds,big,642,311130,3,4,0,1,0,0,7.612497029185761e-07,1.0,0.430198578042796,96.99839462921813,0.10194883671789168,2.4,0.003602199998567812,0.0020952000486431643,0.29391860000032466,0.00019350000366102904,0.001028799990308471,0.4462884000095073,0.000464;0.000194;0.000129,0.001029,0.446288,,sequential,2026-10-04T00:54:28+00:00
M0c3-00514,M0c3,localc3,Windows,11,AMD64,AMD Ryzen 3 5300U with Radeon Graphics,amd,3,4,2600,20.8,3.14.6,CPython,1,spawn,2.5.3,text,text_csv_parse,2,306,0.0,seconds,normal,1711,328,3,2,2,3,0,0,0.0005686431804034245,1.0,0.04858453383859087,0.0062517238771045485,0.9513164393676893,8.7,0.10317080000822898,0.0004726001207018271,0.23801100000127917,0.9680108000029577,0.9811805999925127,0.4954130999976769,0.969482;0.966979;0.968011,0.980126;0.981181;0.983220,0.491597;0.501882;0.495413,,multiprocessing,2026-10-04T00:54:36+00:00
M0c3-00515,M0c3,localc3,Windows,11,AMD64,AMD Ryzen 3 5300U with Radeon Graphics,amd,3,4,2600,20.8,3.14.6,CPython,1,spawn,2.5.3,db,db_mem_insert_select,15,1691714,0.8,ms,big,118,1691736,3,3,1,1,1,0,0.00013074827639402114,1.0,0.32215607656960904,6.371862209086954,1.03309787125618,3.8,0.024461600012728013,0.017097699994337745,0.26785910000035074,0.020530299996607937,0.011311900001601316,0.3827586999977939,0.012343;0.022135;0.020530,0.011312;0.010852;0.011445,0.382759,,threading,2026-10-04T00:54:38+00:00
M0c3-00516,M0c3,localc3,Windows,11,AMD64,AMD Ryzen 3 5300U with Radeon Graphics,amd,3,4,2600,20.8,3.14.6,CPython,1,spawn,2.5.3,gil_release,gil_numpy_matmul,82,5732,0.8,seconds,normal,3655,5754,3,2,0,2,0,1,6.599401615645509e-05,0.9952755668262426,0.7292285601816353,0.0747037381811245,1.519685260244623,5.7,0.08421600000292528,0.0017210998485097662,0.23801100000127917,0.23476120000123046,0.157062300000689,0.14848689999780618,0.237383;0.233618;0.234761,0.157062;0.159531;0.154330,0.157993;0.148487;0.147284,,multiprocessing,2026-10-04T00:54:40+00:00
M0c3-00517,M0c3,localc3,Windows,11,AMD64,AMD Ryzen 3 5300U with Radeon Graphics,amd,3,4,2600,20.8,3.14.6,CPython,1,spawn,2.5.3,big_payload,big_reverse,2,152557,0.3,ms,big,736,152579,3,4,0,0,0,0,0.00010234565264039227,0.9986345798696648,0.17961995277184678,0.501486861149705,0.8362476331560658,2.3,0.04315830000268761,0.0017347999237244949,0.29391860000032466,0.09497340000234544,0.10816089999570977,0.44848130000173114,0.094973;0.093373;0.111316,0.108161;0.097618;0.123368,0.448481;0.438250;0.519271,,sequential,2026-10-04T00:54:43+00:00
M0c3-00518,M0c3,localc3,Windows,11,AMD64,AMD Ryzen 3 5300U with Radeon Graphics,amd,3,4,2600,20.8,3.14.6,CPython,1,spawn,2.5.3,cpu,cpu_matmul_lists,7,70,0.3,seconds,normal,43796,89,3,2,3,5,0,0,3.418625706142054e-05,1.0,0.4436610250311298,0.10486669081317762,0.9845042541596605,2.8,0.10297079999872949,0.0025908997777150944,0.23801100000127917,1.4740949999977602,1.5022042999917176,0.7689719000045443,1.464854;1.477948;1.474095,1.495293;1.508368;1.502204,0.767244;0.768972;0.774693,,multiprocessing,2026-10-04T00:54:55+00:00
M0c3-00519,M0c3,localc3,Windows,11,AMD64,AMD Ryzen 3 5300U with Radeon Graphics,amd,3,4,2600,20.8,3.14.6,CPython,1,spawn,2.5.3,io,io_sleep_chunks,1606,202,0.0,ms,normal,15,222,3,6,1,1,1,0,0.0023344333361213407,0.03248425911232105,0.023202188863269815,0.004126626268418428,1.3786234089553049,4.3,0.012328099997830577,0.00023449998116120696,0.3692585000026156,0.03505130000121426,0.0068392999964999035,0.008238000009441748,0.035051,0.006840;0.006839;0.006675,0.008550;0.008238;0.007995,,threading,2026-10-04T00:54:56+00:00
M0c3-00520,M0c3,localc3,Windows,11,AMD64,AMD Ryzen 3 5300U with Radeon Graphics,amd,3,4,2600,20.8,3.14.6,CPython,1,spawn,2.5.3,big_payload,big_upper_copy,6,2568447,0.8,ms,big,77,2568469,3,4,0,0,0,0,0.0018382368419368408,0.9950782578691907,0.07306432269497605,1.2156099234831537,0.9371377586726111,0.0,0.11478410000563599,0.04303650000656489,0.29391860000032466,0.1495203000085894,0.15391449999879114,0.6593194999877596,0.146463;0.149520;0.151724,0.152634;0.156052;0.153914,0.634081;0.659319;0.665565,,sequential,2026-10-04T00:55:00+00:00
M0c3-00521,M0c3,localc3,Windows,11,AMD64,AMD Ryzen 3 5300U with Radeon Graphics,amd,3,4,2600,20.8,3.14.6,CPython,1,spawn,2.5.3,io,io_sleep,1637,429,0.0,seconds,normal,213,452,3,4,0,1,1,0,0.0019911230752208773,0.03018564436854702,0.06466375820112635,0.0026567922037246364,1.9318809082273967,1.2,0.07925450000038836,0.0006371000490617007,0.29391860000032466,0.4165581999986898,0.1149240000086138,0.11386269998911303,0.416558;0.417172;0.416410,0.115416;0.113728;0.114924,0.114002;0.113863;0.111617,,multiprocessing,2026-10-04T00:55:02+00:00
M0c3-00522,M0c3,localc3,Windows,11,AMD64,AMD Ryzen 3 5300U with Radeon Graphics,amd,3,4,2600,20.8,3.14.6,CPython,1,spawn,2.5.3,algo_rec,algo_lcs_memo,3,204913,0.3,seconds,big,14,204935,3,3,1,10,0,0,0.012406466669441821,0.9994159592989931,0.121957861106962,0.00530368582539125,0.9017323345599306,1.6,0.07543250000162516,0.0004284999886294827,0.26785910000035074,0.16391000000294298,0.16688829999475274,0.09207480000623036,0.164675;0.163910;0.162752,0.166888;0.165390;0.167274,0.092075;0.097613;0.090052,,multiprocessing,2026-10-04T00:55:04+00:00
M0c3-00523,M0c3,localc3,Windows,11,AMD64,AMD Ryzen 3 5300U with Radeon Graphics,amd,3,4,2600,20.8,3.14.6,CPython,1,spawn,2.5.3,mixed,mixed_hash_then_write,54193,8545,0.3,seconds,normal,5061,8568.3,3,6,1,3,1,0,0.001033789794820798,1.0,0.10708897074599008,0.005842580554835123,1.1292791833785705,5.2,0.09576640000159387,0.0005832000606460497,0.3692585000026156,5.051338999997824,4.07988170000317,2.689996900007827,5.056452;5.047487;5.051339,4.120594;4.074663;4.079882,2.678744;2.689997;2.698243,,multiprocessing,2026-10-04T00:55:40+00:00
M0c3-00524,M0c3,localc3,Windows,11,AMD64,AMD Ryzen 3 5300U with Radeon Graphics,amd,3,4,2600,20.8,3.14.6,CPython,1,spawn,2.5.3,algo_rec,algo_sudoku,9,950729,0.0,ms,big,8,950751,3,6,3,28,0,0,0.009901166665561808,1.0,0.33637340350614575,0.04962714799975132,0.8400374644828047,1.6,0.0639186000043992,0.001793800009181723,0.3692585000026156,0.08373540001048241,0.08679819999088068,0.05114500000490807,0.083735;0.085711;0.083709,0.088193;0.086798;0.086292,0.050345;0.052223;0.051145,,multiprocessing,2026-10-04T00:55:42+00:00
M0c3-00525,M0c3,localc3,Windows,11,AMD64,AMD Ryzen 3 5300U with Radeon Graphics,amd,3,4,2600,20.8,3.14.6,CPython,1,spawn,2.5.3,recursive,rec_fib,97800,784,0.3,ms,normal,8,809,3,6,0,4,0,0,0.009914466664971163,0.9978298598839843,0.05895626792262355,0.0015700964368182927,0.9222962804235881,0.0,0.06105950000346638,0.00031990000570658594,0.3692585000026156,0.07616630000120495,0.0790835999941919,0.042532400009804405,0.076166;0.077551;0.075793,0.081272;0.079084;0.076368,0.042532;0.042088;0.044029,,multiprocessing,2026-10-04T00:55:43+00:00
M0c3-00526,M0c3,localc3,Windows,11,AMD64,AMD Ryzen 3 5300U with Radeon Graphics,amd,3,4,2600,20.8,3.14.6,CPython,1,spawn,2.5.3,recursive,rec_nqueens,3,120932,0.8,seconds,big,1653,120954,3,6,1,10,0,0,0.0005006480017618742,0.9985090325251771,0.4597392736686373,0.05357057188267729,0.9441179149251713,0.0,0.10391830001026392,0.001027399834129028,0.3692585000026156,0.7851654999976745,0.8168273000046611,0.6211595999920974,0.783983;0.785592;0.785165,0.816827;0.825363;0.813162,0.621160;0.611252;0.642373,,multiprocessing,2026-10-04T00:55:51+00:00
M0c3-00527,M0c3,localc3,Windows,11,AMD64,AMD Ryzen 3 5300U with Radeon Graphics,amd,3,4,2600,20.8,3.14.6,CPython,1,spawn,2.5.3,gil_release,gil_bz2,210,300000,0.8,ms,big,8,300022.3333333333,3,6,0,1,0,1,0.015293066666345112,1.0,0.662837928446413,0.004640447215023902,1.9514575247388686,0.8,0.07758139999350533,0.00045769999269396067,0.3692585000026156,0.12178029998904094,0.0566955000103917,0.06055290000222158,0.121210;0.122750;0.121780,0.058859;0.056696;0.053682,0.062267;0.060125;0.060553,,threading,2026-10-04T00:55:52+00:00
M0c3-00528,M0c3,localc3,Windows,11,AMD64,AMD Ryzen 3 5300U with Radeon Graphics,amd,3,4,2600,20.8,3.14.6,CPython,1,spawn,2.5.3,mixed,mixed_json_roundtrip,333,389,0.3,seconds,normal,283,411.8333333333333,3,3,1,1,1,0,0.009596500004893945,0.9416200184050392,0.1604785300237186,0.0006200178864643915,1.082900039159314,0.4,0.11175069998716936,0.00025009995442815125,0.26785910000035074,2.7710280000028433,2.7752394000126515,1.2652233999979217,2.776550;2.740920;2.771028,2.775239;2.769154;2.775887,1.265223;1.252021;1.269324,,multiprocessing,2026-10-04T00:56:13+00:00
M0c3-00529,M0c3,localc3,Windows,11,AMD64,AMD Ryzen 3 5300U with Radeon Graphics,amd,3,4,2600,20.8,3.14.6,CPython,1,spawn,2.5.3,numpy,np_elementwise,55144,974,0.3,ms,normal,43,997.2,3,3,0,4,0,0,0.0012936499973875471,1.0,0.16981387709346074,0.004321106111050856,1.1726551100427252,1.2,0.023952000003191642,0.00032340003235731274,0.26785910000035074,0.056715800004894845,0.031191499991109595,0.03592929999285843,0.056716;0.056574;0.057703,0.030910;0.031191;0.032341,0.039853;0.034545;0.035929,,threading,2026-10-04T00:56:14+00:00
M0c3-00530,M0c3,localc3,Windows,11,AMD64,AMD Ryzen 3 5300U with Radeon Graphics,amd,3,4,2600,20.8,3.14.6,CPython,1,spawn,2.5.3,algo_iter,algo_edit_distance,1087,784,0.8,ms,normal,541,806.95,3,4,2,16,0,0,0.00023329703749536915,1.0,0.4761754860736504,0.016009636605728187,0.9356008265875998,10.1,0.06592550000641495,0.0006070999370422214,0.29391860000032466,0.13374629999452736,0.13520280001102947,0.0722169000073336,0.135217;0.133746;0.133678,0.135203;0.134459;0.137879,0.073652;0.072217;0.070608,,multiprocessing,2026-10-04T00:56:15+00:00
M0c3-00531,M0c3,localc3,Windows,11,AMD64,AMD Ryzen 3 5300U with Radeon Graphics,amd,3,4,2600,20.8,3.14.6,CPython,1,spawn,2.5.3,algo_rec,algo_flood_fill,13,158,0.8,seconds,normal,983,177,3,4,3,10,0,0,0.004018107694439375,1.0,0.5102035674045412,0.001098871934280699,0.6291509847542022,7.6,0.13837749999947846,0.00034519996552262455,0.29391860000032466,5.075706099989475,5.2047853999974905,2.392893299998832,5.063038;5.090494;5.075706,5.198761;5.204785;5.208396,2.392893;2.404329;2.392318,,multiprocessing,2026-10-04T00:56:54+00:00
M0c3-00532,M0c3,localc3,Windows,11,AMD64,AMD Ryzen 3 5300U with Radeon Graphics,amd,3,4,2600,20.8,3.14.6,CPython,1,spawn,2.5.3,db,db_mem_group_by,12885,27,0.3,seconds,normal,315,47,3,6,1,2,1,0,0.017373633333287824,0.9948474659628771,0.1648093289456359,0.000767446716030134,1.101516103028793,5.2,0.09859330000472255,0.0003660000074887648,0.3692585000026156,4.580202900004224,4.825095599997439,2.1702768999966793,4.550761;4.580389;4.580203,4.825096;4.816467;4.839005,2.161596;2.170277;2.172998,,multiprocessing,2026-10-04T00:57:30+00:00
M0c3-00533,M0c3,localc3,Windows,11,AMD64,AMD Ryzen 3 5300U with Radeon Graphics,amd,3,4,2600,20.8,3.14.6,CPython,1,spawn,2.5.3,gil_release,gil_sha256,43,198289,0.8,seconds,big,450,198311,3,3,1,1,0,1,0.00517923999868799,1.0,0.3797535321679456,0.007302229925044959,2.1400306992963025,0.8,0.07856029999675229,0.0006883000023663044,0.26785910000035074,2.1123600999999326,0.7667083999986062,0.8808030000072904,2.118480;2.112360;2.105821,0.766708;0.763764;0.784184,0.892314;0.874131;0.880803,,threading,2026-10-04T00:57:42+00:00
M0c3-00534,M0c3,localc3,Windows,11,AMD64,AMD Ryzen 3 5300U with Radeon Graphics,amd,3,4,2600,20.8,3.14.6,CPython,1,spawn,2.5.3,algo_iter,algo_edit_distance,10672,32,0.8,ms,normal,13,52,3,4,2,16,0,0,0.0030812000040896237,0.999957424990829,0.3163745770118294,0.0038621311289584125,0.7848822984061117,2.4,0.019381599995540455,0.0002590999938547611,0.29391860000032466,0.03421359999629203,0.035213900002418086,0.01857840000593569,0.034214;0.034607;0.034168,0.034109;0.037319;0.035214,0.018635;0.018578;0.018242,,multiprocessing,2026-10-04T00:57:42+00:00
M0c3-00535,M0c3,localc3,Windows,11,AMD64,AMD Ryzen 3 5300U with Radeon Graphics,amd,3,4,2600,20.8,3.14.6,CPython,1,spawn,2.5.3,mixed,mixed_hash_then_write,745,10020,0.0,ms,normal,62,10043,3,4,1,3,1,0,0.0005530066671781241,0.9986426817600585,0.1516384503647896,0.01330906155765205,1.1327195290711598,11.1,0.015957700001308694,0.0004017000028397888,0.29391860000032466,0.030492600009893067,0.02277539999340661,0.02726440000697039,0.030493;0.031375;0.028017,0.022775;0.024566;0.021746,0.024372;0.027657;0.027264,,threading,2026-10-04T00:57:43+00:00
M0c3-00536,M0c3,localc3,Windows,11,AMD64,AMD Ryzen 3 5300U with Radeon Graphics,amd,3,4,2600,20.8,3.14.6,CPython,1,spawn,2.5.3,cpu,cpu_matmul_lists,18,1839,0.3,seconds,normal,825,1861,3,2,3,5,0,0,0.0004431280704968805,1.0,0.45816845462988254,0.00875593632253747,0.9848605968843304,11.6,0.10196559999894816,0.0005481999687617645,0.23801100000127917,0.36404030000267085,0.3685582999896724,0.2014225000020815,0.364040;0.363015;0.365538,0.367421;0.368558;0.369726,0.185919;0.201423;0.204741,,multiprocessing,2026-10-04T00:57:47+00:00
