run_id,machine_id,vm_size,os,os_release,arch,cpu_model,cpu_vendor,logical_cpus,physical_cores,cpu_freq_mhz,ram_gb,python,python_impl,gil_enabled,start_method,numpy_version,family,template_id,work,payload_size,jitter,duration_tier,input_tier,n_items,input_bytes,cpu_count,n_workers,max_loop_depth,arith_op_count,has_io_call,has_gil_release_call,time_per_item,cpu_ratio,time_cv,pickle_time_ratio,thread_probe_speedup,cpu_load,probe_overhead_s,probe_extra_s,pool_startup_s,t_sequential,t_threading,t_multiprocessing,runs_sequential,runs_threading,runs_multiprocessing,censored,label,timestamp
R4-00000,R4,t2a-standard-4,Linux,6.1.0-53-cloud-arm64,aarch64,0xd0c,arm,4,4,,16.8,3.14.6,CPython,1,forkserver,2.5.3,recursive,rec_fib,91800,1508,0.3,seconds,normal,399,1533,4,4,0,4,0,0,0.00851498066667015,1.0,0.0020848800843529785,0.0009458232476102365,0.9800790929001325,0.0,0.10438328099999694,0.0011125279999788518,0.09813758100000314,3.3746525210000016,3.402618222000001,0.8606417060000027,3.374381;3.374908;3.374653,3.402618;3.412975;3.398246,0.856271;0.860642;0.860751,,multiprocessing,2026-10-03T11:03:33+00:00
R4-00001,R4,t2a-standard-4,Linux,6.1.0-53-cloud-arm64,aarch64,0xd0c,arm,4,4,,16.8,3.14.6,CPython,1,forkserver,2.5.3,algo_rec,algo_flood_fill,36,19,0.8,seconds,normal,136,38,4,4,3,10,0,0,0.01316461200000063,1.0,0.5626291767327198,0.0006271928110955633,1.363357431736305,0.0,0.10362691100000632,0.0014564760000013166,0.09813758100000314,1.5151323089999948,1.554529985000002,0.44139263699999276,1.514457;1.517658;1.515132,1.553352;1.554530;1.555250,0.436102;0.441393;0.447899,,multiprocessing,2026-10-03T11:03:44+00:00
R4-00002,R4,t2a-standard-4,Linux,6.1.0-53-cloud-arm64,aarch64,0xd0c,arm,4,4,,16.8,3.14.6,CPython,1,forkserver,2.5.3,io,io_file_roundtrip,6,118118,0.8,ms,big,14,118140,4,8,1,0,1,0,0.011355190666667644,0.14077564016624963,0.19610354760047707,0.0019776858587402797,1.274962854183351,0.5,0.05891224300000886,0.0010317419999950062,0.08068440099999918,0.1425044559999975,0.04024848299999917,0.039261565000003884,0.138412;0.142618;0.142504,0.040248;0.047721;0.035889,0.039262;0.046237;0.037963,,multiprocessing,2026-10-03T11:03:45+00:00
R4-00003,R4,t2a-standard-4,Linux,6.1.0-53-cloud-arm64,aarch64,0xd0c,arm,4,4,,16.8,3.14.6,CPython,1,forkserver,2.5.3,mixed,mixed_json_roundtrip,234,394,0.8,seconds,normal,497,416.8,4,2,1,1,1,0,0.010532221599996205,0.980163421703898,0.24194776882885025,0.0006233252819335497,1.4143024929196646,0.0,0.09082719999999256,0.0008573340000026519,0.0407260559999969,4.108585336999994,4.0997744609999955,2.081713368999999,4.103274;4.109050;4.108585,4.099774;4.098580;4.103758,2.094859;2.076559;2.081713,,multiprocessing,2026-10-03T11:04:17+00:00
R4-00004,R4,t2a-standard-4,Linux,6.1.0-53-cloud-arm64,aarch64,0xd0c,arm,4,4,,16.8,3.14.6,CPython,1,forkserver,2.5.3,io,io_file_roundtrip,1,1150497,0.3,ms,big,10,1150519,4,2,1,0,1,0,0.005006402333331532,0.25669440301722474,0.0741955310811278,0.0666428660319348,1.3143759563358652,0.0,0.02718284699999174,0.0012024999999908914,0.0407260559999969,0.06742610800000648,0.07818315000000098,0.07819787399999711,0.048655;0.067426;0.077022,0.036600;0.078554;0.078183,0.044067;0.078198;0.079632,,sequential,2026-10-03T11:04:18+00:00
R4-00005,R4,t2a-standard-4,Linux,6.1.0-53-cloud-arm64,aarch64,0xd0c,arm,4,4,,16.8,3.14.6,CPython,1,forkserver,2.5.3,io,io_file_roundtrip,1,136036,0.3,seconds,big,1449,136058,4,8,1,0,1,0,0.0018708225925923602,0.1355067030084622,0.0855516911292587,0.011466212823811016,1.6654171742809443,0.0,0.0812957549999993,0.0007459810000085554,0.08068440099999918,2.7131436419999915,1.4470948660000005,1.445262810999992,2.716768;2.713144;2.698979,1.447095;1.314384;1.448687,1.324607;1.447146;1.445263,,multiprocessing,2026-10-03T11:04:36+00:00
R4-00006,R4,t2a-standard-4,Linux,6.1.0-53-cloud-arm64,aarch64,0xd0c,arm,4,4,,16.8,3.14.6,CPython,1,forkserver,2.5.3,recursive,rec_fib,35,94,0.3,ms,normal,9486,113,4,4,0,4,0,0,4.0091419997025925e-06,0.9992231962193461,2.44959199177305,0.9518121332811464,0.8704673174649566,0.0,0.021000587999992604,0.00296884300058764,0.09813758100000314,0.0367850750000116,0.039692884999993794,0.03362597400001732,0.036953;0.036785;0.036693,0.048795;0.039395;0.039693,0.058909;0.033626;0.026093,,multiprocessing,2026-10-03T11:04:37+00:00
R4-00007,R4,t2a-standard-4,Linux,6.1.0-53-cloud-arm64,aarch64,0xd0c,arm,4,4,,16.8,3.14.6,CPython,1,forkserver,2.5.3,io,io_sleep_chunks,487,22,0.3,seconds,normal,1214,42,4,8,1,1,1,0,0.0007216076285743612,0.017777773912169323,0.12019620636131582,0.0056178729813303185,1.99465070481337,0.0,0.07687531200002695,0.0008991769998374366,0.08068440099999918,0.8608048350000104,0.10692832300000532,0.11327616999997758,0.860805,0.106518;0.106928;0.107038,0.118547;0.113276;0.109991,,threading,2026-10-03T11:04:39+00:00
R4-00008,R4,t2a-standard-4,Linux,6.1.0-53-cloud-arm64,aarch64,0xd0c,arm,4,4,,16.8,3.14.6,CPython,1,forkserver,2.5.3,algo_iter,algo_kmeans,455,509800,0.8,seconds,big,371,509823,4,8,3,15,0,0,0.010283481800001937,1.0,0.18530474131576083,0.010765400489734523,1.0071811892334248,0.0,0.10812295800002403,0.0020416440000303737,0.08068440099999918,3.428042836000003,3.538651879999975,0.9788005759999976,3.416140;3.428043;3.430768,3.538652;3.534899;3.542029,0.978801;0.955180;0.983192,,multiprocessing,2026-10-03T11:05:04+00:00
R4-00009,R4,t2a-standard-4,Linux,6.1.0-53-cloud-arm64,aarch64,0xd0c,arm,4,4,,16.8,3.14.6,CPython,1,forkserver,2.5.3,gil_release,gil_zlib,1,105995,0.3,seconds,big,192,106017,4,2,1,1,0,1,0.002493685047618382,1.0,0.006926663953560522,0.006061932325027263,1.8418452068414173,0.0,0.08192691799999352,0.0010709130000066125,0.0407260559999969,0.47808375299999284,0.23911240000001044,0.2507368329999906,0.477632;0.478679;0.478084,0.239377;0.238623;0.239112,0.251421;0.250737;0.249024,,threading,2026-10-03T11:05:07+00:00
R4-00010,R4,t2a-standard-4,Linux,6.1.0-53-cloud-arm64,aarch64,0xd0c,arm,4,4,,16.8,3.14.6,CPython,1,forkserver,2.5.3,algo_rec,algo_lcs_memo,5,349235,0.8,seconds,big,42,349257,4,8,1,10,0,0,0.017126865250006063,1.0,0.439665393264774,0.003119470447171657,0.7527885853962888,0.0,0.17679043599997613,0.0015106749999347358,0.08068440099999918,0.7427547400000094,0.7762200459999917,0.2325116160000107,0.738262;0.742755;0.750493,0.776220;0.767133;0.863634,0.232512;0.224736;0.234653,,multiprocessing,2026-10-03T11:05:14+00:00
R4-00011,R4,t2a-standard-4,Linux,6.1.0-53-cloud-arm64,aarch64,0xd0c,arm,4,4,,16.8,3.14.6,CPython,1,forkserver,2.5.3,db,db_file_lookup,16,76,0.0,seconds,normal,2839,95,4,2,1,5,1,0,0.00028374142045447826,1.0,0.09308438529490518,0.01250099472694833,0.409952350033591,0.0,0.17303605000000744,0.001743609000016022,0.0407260559999969,0.7939184120000107,0.8769860550000033,0.3833024879999982,0.788752;0.793918;0.799315,0.899990;0.876986;0.845475,0.393735;0.379106;0.383302,,multiprocessing,2026-10-03T11:05:20+00:00
R4-00012,R4,t2a-standard-4,Linux,6.1.0-53-cloud-arm64,aarch64,0xd0c,arm,4,4,,16.8,3.14.6,CPython,1,forkserver,2.5.3,big_payload,big_upper_copy,9,502058,0.0,ms,big,210,502080,4,4,0,0,0,0,0.00047174332692525065,0.9997020650874888,0.06612479469047924,0.3086132684661485,1.125974231626284,0.0,0.050120802000009235,0.0036002089998987685,0.09813758100000314,0.10326159200002394,0.10263189599999123,1.5226600700000006,0.104532;0.103262;0.100182,0.105830;0.102632;0.101764,1.522660,multiprocessing,threading,2026-10-03T11:05:24+00:00
R4-00013,R4,t2a-standard-4,Linux,6.1.0-53-cloud-arm64,aarch64,0xd0c,arm,4,4,,16.8,3.14.6,CPython,1,forkserver,2.5.3,cpu,cpu_collatz,38,630,0.3,seconds,normal,4914,652,4,4,2,5,0,0,5.60506922208393e-05,1.0,0.3008803703025653,0.07148618231042797,0.9952607166840896,0.0,0.10227778099999796,0.002224710000120922,0.04124198299999193,0.27290893699998264,0.27814354800000274,0.08720417500001076,0.273229;0.272831;0.272909,0.278144;0.278146;0.277872,0.087204;0.086808;0.087275,,multiprocessing,2026-10-03T11:05:26+00:00
R4-00014,R4,t2a-standard-4,Linux,6.1.0-53-cloud-arm64,aarch64,0xd0c,arm,4,4,,16.8,3.14.6,CPython,1,forkserver,2.5.3,mixed,mixed_hash_then_write,13144,2043,0.8,seconds,normal,10646,2066,4,4,1,3,1,0,0.00033222015999986827,0.6467986834590687,0.19331454793431402,0.012488104280650468,1.5767538088898587,0.0,0.08297435400001518,0.0013981360000343557,0.04124198299999193,3.575841103000016,3.4744069230000036,3.425940484000023,3.611941;3.532319;3.575841,3.474407;3.478420;3.373966,1.738045;3.425940;3.488089,,multiprocessing,2026-10-03T11:05:56+00:00
R4-00015,R4,t2a-standard-4,Linux,6.1.0-53-cloud-arm64,aarch64,0xd0c,arm,4,4,,16.8,3.14.6,CPython,1,forkserver,2.5.3,algo_rec,algo_sudoku,1,22,0.8,ms,normal,117,41,4,8,3,28,0,0,0.0076907922857165955,1.0,2.1576041481686845,0.0007806180696866115,19.151524035779293,0.0,0.05922128800000337,0.002074404999973467,0.08068440099999918,0.5211386489999938,0.5309631599999989,0.2541309730000023,0.519204;0.521242;0.521139,0.530963;0.535664;0.530188,0.254311;0.224990;0.254131,,multiprocessing,2026-10-03T11:06:01+00:00
R4-00016,R4,t2a-standard-4,Linux,6.1.0-53-cloud-arm64,aarch64,0xd0c,arm,4,4,,16.8,3.14.6,CPython,1,forkserver,2.5.3,big_result,result_long_string,153,112,0.3,ms,normal,292,131,4,4,1,1,0,0,3.996415068585308e-05,1.0,0.2029362150775222,0.11706366611753495,0.9090839974548515,0.0,0.007124279000009892,0.0009294369999395258,0.04124198299999193,0.011338081999980432,0.011260149000008823,0.06804692599999385,0.011220;0.011338;0.011374,0.011138;0.011260;0.011309,0.068047,,threading,2026-10-03T11:06:02+00:00
R4-00017,R4,t2a-standard-4,Linux,6.1.0-53-cloud-arm64,aarch64,0xd0c,arm,4,4,,16.8,3.14.6,CPython,1,forkserver,2.5.3,big_payload,big_reverse,8,139346,0.0,seconds,big,1435,139368,4,4,0,0,0,0,0.00012891560614521015,1.0,0.11995540274047888,0.3574737875434257,0.9979168812324468,0.0,0.09487377700000366,0.0022223740000129055,0.04124198299999193,0.18226059700000974,0.17479090200001224,1.9576800399999286,0.191536;0.182211;0.182261,0.189183;0.174791;0.167355,1.957680,multiprocessing,threading,2026-10-03T11:06:06+00:00
R4-00018,R4,t2a-standard-4,Linux,6.1.0-53-cloud-arm64,aarch64,0xd0c,arm,4,4,,16.8,3.14.6,CPython,1,forkserver,2.5.3,gil_release,gil_bz2,21,300000,0.0,seconds,big,666,300022,4,4,0,1,0,1,0.003859962615385152,1.0,0.009522601226630399,0.012209444674725864,1.8416953529167772,0.0,0.07878978900001243,0.001355961000001571,0.05098007199998733,2.5668510270000127,0.6502258219999817,0.7491372200000228,2.567865;2.566540;2.566851,0.650226;0.650092;0.652285,0.750016;0.740319;0.749137,,threading,2026-10-03T11:06:19+00:00
R4-00019,R4,t2a-standard-4,Linux,6.1.0-53-cloud-arm64,aarch64,0xd0c,arm,4,4,,16.8,3.14.6,CPython,1,forkserver,2.5.3,io,io_file_roundtrip,4,48078,0.0,seconds,normal,116,48100,4,2,1,0,1,0,0.005554354666666465,0.11669132631697336,0.0706399508960653,0.0016714012902359198,1.5219219220388607,0.0,0.0825317279999922,0.0003472489999865047,0.0407260559999969,0.6534820389999823,0.39267577600000436,0.39134743299999286,0.626557;0.653482;0.660083,0.385575;0.394039;0.392676,0.391347;0.386479;0.391866,,multiprocessing,2026-10-03T11:06:24+00:00
R4-00020,R4,t2a-standard-4,Linux,6.1.0-53-cloud-arm64,aarch64,0xd0c,arm,4,4,,16.8,3.14.6,CPython,1,forkserver,2.5.3,algo_iter,algo_game_of_life,2,37,0.3,seconds,normal,113,56,4,2,5,9,0,0,0.0037061952857158076,0.9997329948802813,0.15141455665210551,0.012249123253524926,0.9673121923754489,0.0,0.1078343559999837,0.0020179399999733505,0.0407260559999969,0.39867857599998047,0.4042408200000125,0.21431973200000698,0.398095;0.399490;0.398679,0.405101;0.403532;0.404241,0.214159;0.214320;0.214460,,multiprocessing,2026-10-03T11:06:28+00:00
R4-00021,R4,t2a-standard-4,Linux,6.1.0-53-cloud-arm64,aarch64,0xd0c,arm,4,4,,16.8,3.14.6,CPython,1,forkserver,2.5.3,recursive,rec_fib,65,1674633,0.8,seconds,big,119,1674655,4,4,0,4,0,0,7.1151034482117494e-06,1.0,0.4618111064723253,37.031148164664415,0.3302337022803034,0.0,0.006446509999989303,0.005542890000015177,0.05098007199998733,0.0008638909999945099,0.0014204120000158582,0.14632002300001545,0.000865;0.000864;0.000823,0.001420;0.001168;0.001536,0.146320,,sequential,2026-10-03T11:06:29+00:00
R4-00022,R4,t2a-standard-4,Linux,6.1.0-53-cloud-arm64,aarch64,0xd0c,arm,4,4,,16.8,3.14.6,CPython,1,forkserver,2.5.3,text,text_regex_findall,9,113,0.3,seconds,normal,14048,132,4,8,1,1,0,0,6.588220105783945e-05,0.999796939248207,0.1861406740903671,0.06501376595256957,1.006718432068748,0.0,0.10147098699999901,0.0018422660002954672,0.08068440099999918,0.9207070549999798,0.93372051099999,0.25316142200000513,0.920707;0.922998;0.920485,0.933721;0.935629;0.932769,0.256474;0.253161;0.248814,,multiprocessing,2026-10-03T11:06:36+00:00
R4-00023,R4,t2a-standard-4,Linux,6.1.0-53-cloud-arm64,aarch64,0xd0c,arm,4,4,,16.8,3.14.6,CPython,1,forkserver,2.5.3,db,db_file_commit,3,868044,0.0,ms,big,11,868066,4,4,1,0,1,0,0.024825508999981594,0.23830066211708154,0.05204657638510336,0.004708047140489406,1.3029240612444344,0.0,0.13122490000000653,0.001259600000082628,0.05098007199998733,0.2747381140000016,0.2718388860000118,0.2726155340000105,0.256370;0.275658;0.274738,0.248500;0.271839;0.272412,0.148895;0.272616;0.273756,,threading,2026-10-03T11:06:39+00:00
R4-00024,R4,t2a-standard-4,Linux,6.1.0-53-cloud-arm64,aarch64,0xd0c,arm,4,4,,16.8,3.14.6,CPython,1,forkserver,2.5.3,algo_rec,algo_flood_fill,16,246,0.0,ms,normal,12,265,4,2,3,10,0,0,0.006717969333351448,0.9999330794386013,0.06984621745085959,0.0014670107665109595,1.125340915261212,0.0,0.037665328000002773,0.00019919999994044701,0.0407260559999969,0.0684216750000246,0.07027644599997984,0.03655430599997089,0.068403;0.069039;0.068422,0.070877;0.070119;0.070276,0.037611;0.036554;0.036335,,multiprocessing,2026-10-03T11:06:40+00:00
R4-00025,R4,t2a-standard-4,Linux,6.1.0-53-cloud-arm64,aarch64,0xd0c,arm,4,4,,16.8,3.14.6,CPython,1,forkserver,2.5.3,big_result,result_sorted_pairs,197,1409862,0.3,seconds,big,141,1409884.05,4,8,1,4,0,0,7.933188571606869e-05,1.0,0.45751321997263206,3.3808291279221407,0.9003361626992258,0.0,0.012011190999999144,0.006088049999902978,0.08068440099999918,0.011432715000012195,0.012623055999995358,0.14538177200000746,0.011946;0.011101;0.011433,0.012921;0.012400;0.012623,0.145382,,sequential,2026-10-03T11:06:42+00:00
R4-00026,R4,t2a-standard-4,Linux,6.1.0-53-cloud-arm64,aarch64,0xd0c,arm,4,4,,16.8,3.14.6,CPython,1,forkserver,2.5.3,algo_iter,algo_dijkstra,7433,123,0.8,ms,normal,8,143,4,2,2,15,0,0,0.040791308999985176,0.9995854934458536,0.22533302594446739,0.00025990013419072686,0.9704761684078063,0.0,0.2345752040000093,0.0014822240000853526,0.0407260559999969,0.28419115299999476,0.3061622029999853,0.15750332600003958,0.282962;0.284191;0.285998,0.306162;0.303278;0.311428,0.160238;0.153549;0.157503,,multiprocessing,2026-10-03T11:06:45+00:00
R4-00027,R4,t2a-standard-4,Linux,6.1.0-53-cloud-arm64,aarch64,0xd0c,arm,4,4,,16.8,3.14.6,CPython,1,forkserver,2.5.3,io,io_file_roundtrip,2,10115,0.3,seconds,normal,122,10137,4,8,1,0,1,0,0.0022503090869611738,0.09346856333414846,0.231608400310896,0.002272065659178909,1.5225472309207515,0.0,0.08562729699997362,0.0003920279998510523,0.08068440099999918,0.28625576400003183,0.07237402799995607,0.06414349700003186,0.280180;0.286256;0.294006,0.072793;0.072221;0.072374,0.064143;0.063632;0.064755,,multiprocessing,2026-10-03T11:06:47+00:00
R4-00028,R4,t2a-standard-4,Linux,6.1.0-53-cloud-arm64,aarch64,0xd0c,arm,4,4,,16.8,3.14.6,CPython,1,forkserver,2.5.3,tiny,tiny_len,14,395,0.8,ms,normal,171388,417,4,4,0,0,0,0,1.9740800038903216e-07,0.9915095947388153,1.34418463539604,20.448006108912182,0.4018988806676164,0.0,0.005666652000002159,0.003480459999195773,0.05098007199998733,0.026006126999959633,0.035724720000018806,0.08973818099997288,0.027134;0.025968;0.026006,0.035725;0.035889;0.035013,0.093946;0.088657;0.089738,,sequential,2026-10-03T11:06:48+00:00
R4-00029,R4,t2a-standard-4,Linux,6.1.0-53-cloud-arm64,aarch64,0xd0c,arm,4,4,,16.8,3.14.6,CPython,1,forkserver,2.5.3,cpu,cpu_matmul_lists,5,178092,0.8,ms,big,1123,178114,4,4,3,5,0,0,1.841153571474154e-05,1.0,0.9156404992972949,1.500130159380685,0.8866884319017111,0.0,0.013307058999998844,0.0021594899998262918,0.05098007199998733,0.021034915999962323,0.02202381099999684,0.13821005900001637,0.021214;0.021035;0.020851,0.022384;0.022024;0.021692,0.138210,,sequential,2026-10-03T11:06:50+00:00
R4-00030,R4,t2a-standard-4,Linux,6.1.0-53-cloud-arm64,aarch64,0xd0c,arm,4,4,,16.8,3.14.6,CPython,1,forkserver,2.5.3,recursive,rec_nqueens,2,17,0.0,seconds,normal,23704,36,4,2,1,10,0,0,0.0003145068805032959,0.9999400142189978,0.021639195856819036,0.012389077171379818,0.9834767111630736,0.0,0.10239849800001366,0.0014457079999488087,0.0407260559999969,7.373294719,7.483695280000006,3.691359852000005,7.373295;7.386981;7.371824,7.487063;7.473977;7.483695,3.688935;3.691360;3.692293,,multiprocessing,2026-10-03T11:07:46+00:00
R4-00031,R4,t2a-standard-4,Linux,6.1.0-53-cloud-arm64,aarch64,0xd0c,arm,4,4,,16.8,3.14.6,CPython,1,forkserver,2.5.3,algo_rec,algo_merge_sort,378,828,0.8,seconds,normal,4272,850.7,4,8,1,10,0,0,0.0006192774024359606,1.0,0.5492627311739973,0.0418021873427572,0.8746056501237615,0.0,0.11073005399998692,0.0020336180002686888,0.08068440099999918,2.94127586999997,2.9956787090000034,0.8454653890000259,2.926631;2.941276;2.946551,2.995679;2.998326;2.992236,0.838973;0.845465;0.866139,,multiprocessing,2026-10-03T11:08:07+00:00
R4-00032,R4,t2a-standard-4,Linux,6.1.0-53-cloud-arm64,aarch64,0xd0c,arm,4,4,,16.8,3.14.6,CPython,1,forkserver,2.5.3,big_result,result_records,4509,385,0.3,seconds,normal,1206,408,4,4,1,2,0,0,0.002312863272725901,1.0,0.2686990990703156,1.1413518391371105,0.66412607720825,0.0,0.18122274599994626,0.053625324999984514,0.05098007199998733,5.240309534999994,4.745926725999993,5.718758702999992,5.088123;5.252389;5.240310,4.745927;5.296177;4.649749,5.909033;5.718759;5.697275,,threading,2026-10-03T11:08:55+00:00
R4-00033,R4,t2a-standard-4,Linux,6.1.0-53-cloud-arm64,aarch64,0xd0c,arm,4,4,,16.8,3.14.6,CPython,1,forkserver,2.5.3,tiny,tiny_dict_lookup,34,250,0.0,seconds,normal,200000,269,4,4,0,1,0,0,2.644820000909931e-07,1.0,1.4124602403371813,15.99768603256071,0.6497547747113536,0.0,0.005370408000032967,0.0032473579998395508,0.05098007199998733,0.03266051299999617,0.04092123999998876,0.09740386800001488,0.032177;0.032661;0.033912,0.040724;0.040921;0.042827,0.099479;0.097404;0.095278,,sequential,2026-10-03T11:08:56+00:00
R4-00034,R4,t2a-standard-4,Linux,6.1.0-53-cloud-arm64,aarch64,0xd0c,arm,4,4,,16.8,3.14.6,CPython,1,forkserver,2.5.3,text,text_csv_parse,8,321,0.3,ms,normal,8,343,4,4,2,3,0,0,0.0015379643333327901,1.0,0.14031155473071683,0.005729218255777086,0.7801833946695226,0.0,0.011532110999951328,0.0008774039999366323,0.05098007199998733,0.013845596000010119,0.014417307999963214,0.007006279999984599,0.013735;0.013846;0.013956,0.014612;0.014397;0.014417,0.004648;0.007006;0.009594,,multiprocessing,2026-10-03T11:08:57+00:00
R4-00035,R4,t2a-standard-4,Linux,6.1.0-53-cloud-arm64,aarch64,0xd0c,arm,4,4,,16.8,3.14.6,CPython,1,forkserver,2.5.3,big_payload,big_upper_copy,1,1361387,0.0,ms,big,23,1361409,4,8,0,0,0,0,0.001180799799988108,1.0,0.1694763371334452,0.5151220384824409,0.9615928119660742,0.0,0.015675934999990204,0.0032466360000853456,0.08068440099999918,0.030838982999966902,0.02478529699999399,0.6703837239999757,0.031151;0.030333;0.030839,0.024871;0.024785;0.023329,0.670384,,threading,2026-10-03T11:08:58+00:00
R4-00036,R4,t2a-standard-4,Linux,6.1.0-53-cloud-arm64,aarch64,0xd0c,arm,4,4,,16.8,3.14.6,CPython,1,forkserver,2.5.3,mixed,mixed_compute_then_sleep,14692,1836720,0.0,seconds,big,108,1836743,4,8,1,3,1,0,0.0011512117407514106,0.6985148974491978,0.020146512674892824,0.23667296845449898,1.3675978582396475,0.0,0.06012713199999098,0.006243512999674294,0.08068440099999918,0.12345770299998549,0.09128343300000097,0.14392813099999557,0.123477;0.123458;0.123319,0.091283;0.091865;0.090913,0.152516;0.143928;0.142684,,threading,2026-10-03T11:09:01+00:00
R4-00037,R4,t2a-standard-4,Linux,6.1.0-53-cloud-arm64,aarch64,0xd0c,arm,4,4,,16.8,3.14.6,CPython,1,forkserver,2.5.3,numpy,np_sort,3214,1029,0.3,ms,normal,311,1052,4,4,0,3,0,1,0.00021909224675659792,1.0,0.17963313119528512,0.019019842350028415,1.6171445030081362,0.0,0.028414535000024443,0.0010526439997420312,0.05098007199998733,0.06803284000000076,0.02945115599999326,0.02437042899998687,0.068356;0.068033;0.067686,0.029812;0.029451;0.028277,0.077290;0.023986;0.024370,,multiprocessing,2026-10-03T11:09:02+00:00
R4-00038,R4,t2a-standard-4,Linux,6.1.0-53-cloud-arm64,aarch64,0xd0c,arm,4,4,,16.8,3.14.6,CPython,1,forkserver,2.5.3,text,text_csv_parse,5,1056,0.0,ms,normal,29,1078,4,8,2,3,0,0,0.0036157794285632656,0.9998351249039207,0.013223464285126022,0.0015783990605749093,0.9722558403373751,0.0,0.051500312000030135,0.00023438600010194932,0.08068440099999918,0.10463225099999818,0.1082632630000262,0.03486107800000582,0.105457;0.104632;0.104147,0.109041;0.107715;0.108263,0.034861;0.035078;0.033414,,multiprocessing,2026-10-03T11:09:03+00:00
R4-00039,R4,t2a-standard-4,Linux,6.1.0-53-cloud-arm64,aarch64,0xd0c,arm,4,4,,16.8,3.14.6,CPython,1,forkserver,2.5.3,algo_iter,algo_dijkstra,535,425,0.0,seconds,normal,3262,448,4,8,2,15,0,0,0.0013661580270290623,1.0,0.034903739848973936,0.0030589799303871144,0.9482154056506086,0.0,0.10404266300002973,0.0003839939999465969,0.08068440099999918,4.417228526000031,4.824165477000008,1.1447274029999903,4.405537;4.425112;4.417229,4.808597;4.830419;4.824165,1.144727;1.157359;1.143684,,multiprocessing,2026-10-03T11:09:35+00:00
R4-00040,R4,t2a-standard-4,Linux,6.1.0-53-cloud-arm64,aarch64,0xd0c,arm,4,4,,16.8,3.14.6,CPython,1,forkserver,2.5.3,text,text_split_count,2,1402,0.0,seconds,normal,3138,1424,4,8,1,1,0,0,0.0002513687035193059,1.0,0.07588364545494569,0.016338748391728945,0.9914176052170518,0.0,0.10187464399996315,0.0013421069996297774,0.08068440099999918,0.7824898459999758,0.8277780760000155,0.22853024500000174,0.776936;0.782490;0.786082,0.825646;0.827778;0.833369,0.228530;0.224824;0.234243,,multiprocessing,2026-10-03T11:09:41+00:00
R4-00041,R4,t2a-standard-4,Linux,6.1.0-53-cloud-arm64,aarch64,0xd0c,arm,4,4,,16.8,3.14.6,CPython,1,forkserver,2.5.3,recursive,rec_quicksort,6080,1200758,0.8,seconds,big,166,1200781,4,4,1,8,0,0,0.010575587166670175,1.0,0.47153308904170355,0.02185303407042365,0.8900323095403685,0.0,0.14375774199999114,0.0026237839999794232,0.05098007199998733,1.7478892899999892,1.7576862420000339,0.5073865640000008,1.747888;1.747889;1.749704,1.756744;1.757686;1.764553,0.513479;0.507387;0.502145,,multiprocessing,2026-10-03T11:09:54+00:00
R4-00042,R4,t2a-standard-4,Linux,6.1.0-53-cloud-arm64,aarch64,0xd0c,arm,4,4,,16.8,3.14.6,CPython,1,forkserver,2.5.3,big_result,result_records,53170,337,0.3,ms,normal,8,360.6666666666667,4,8,1,2,0,0,0.022281139000028816,1.0,0.21686820372019983,1.6400518543181726,0.6363308969134552,0.0,0.29030860099999245,0.11018084999989242,0.08068440099999918,0.307901395999977,0.3656172399999491,0.393000083000004,0.307901;0.300272;0.347468,0.312387;0.365617;0.367492,0.463089;0.356162;0.393000,,sequential,2026-10-03T11:09:59+00:00
R4-00043,R4,t2a-standard-4,Linux,6.1.0-53-cloud-arm64,aarch64,0xd0c,arm,4,4,,16.8,3.14.6,CPython,1,forkserver,2.5.3,cpu,cpu_collatz,191,531,0.8,seconds,normal,652,553.35,4,8,2,5,0,0,0.0006989619166641129,1.0,0.5558819421395035,0.006056052412833283,0.9471461419663209,0.0,0.1042575030000421,0.0004291270002454439,0.08068440099999918,0.4408623470000066,0.4471698270000388,0.12766240100000914,0.440862;0.441013;0.440629,0.447082;0.447283;0.447170,0.127662;0.124313;0.132738,,multiprocessing,2026-10-03T11:10:02+00:00
R4-00044,R4,t2a-standard-4,Linux,6.1.0-53-cloud-arm64,aarch64,0xd0c,arm,4,4,,16.8,3.14.6,CPython,1,forkserver,2.5.3,db,db_file_lookup,49,1831482,0.0,seconds,big,109,1831504,4,2,1,5,1,0,0.0005397994814786587,1.0,0.08476044298731245,0.5211814009630372,0.7579438261303787,1.5,0.039526972000032856,0.005945225000118626,0.0407260559999969,0.05771278499997834,0.0755442500000072,0.14324109000000362,0.057378;0.057713;0.058230,0.077113;0.054723;0.075544,0.159071;0.141788;0.143241,,sequential,2026-10-03T11:10:04+00:00
R4-00045,R4,t2a-standard-4,Linux,6.1.0-53-cloud-arm64,aarch64,0xd0c,arm,4,4,,16.8,3.14.6,CPython,1,forkserver,2.5.3,mixed,mixed_hash_then_write,199,21103,0.8,seconds,normal,1277,21125.3,4,2,1,3,1,0,0.0003253458311683239,0.26843828809325043,0.1300732658043602,0.020305316289514028,1.8324496846917817,0.0,0.07838641000000734,0.0007427670001334263,0.0407260559999969,0.42372289000002183,0.21985627699996257,0.23102412800000138,0.417944;0.423723;0.440024,0.221085;0.219856;0.217652,0.231024;0.223329;0.233665,,threading,2026-10-03T11:10:08+00:00
R4-00046,R4,t2a-standard-4,Linux,6.1.0-53-cloud-arm64,aarch64,0xd0c,arm,4,4,,16.8,3.14.6,CPython,1,forkserver,2.5.3,cpu,cpu_matmul_lists,41,21,0.0,seconds,normal,246,40,4,4,3,5,0,0,0.004596463090908029,1.0,0.0326887077621209,0.0010479796965397327,1.0039790077403512,0.0,0.10116665999998986,0.00027748999997356805,0.05098007199998733,1.1012054800000328,1.1400771769999665,0.30157698799996524,1.095489;1.102725;1.101205,1.137476;1.140077;1.144361,0.304886;0.301577;0.300456,,multiprocessing,2026-10-03T11:10:16+00:00
R4-00047,R4,t2a-standard-4,Linux,6.1.0-53-cloud-arm64,aarch64,0xd0c,arm,4,4,,16.8,3.14.6,CPython,1,forkserver,2.5.3,mixed,mixed_hash_then_write,49380,5397,0.0,seconds,normal,959,5420,4,4,1,3,1,0,0.0004540933272685586,0.9961213980796686,0.083496614261207,0.011584843192517508,1.038372979262503,0.0,0.09868640400003414,0.0005977640004743989,0.05098007199998733,0.43766726799998423,0.43895263600001044,0.14022302400002218,0.428357;0.437667;0.438071,0.438835;0.438953;0.442036,0.153009;0.125001;0.140223,,multiprocessing,2026-10-03T11:10:20+00:00
R4-00048,R4,t2a-standard-4,Linux,6.1.0-53-cloud-arm64,aarch64,0xd0c,arm,4,4,,16.8,3.14.6,CPython,1,forkserver,2.5.3,recursive,rec_nqueens,3,865,0.3,seconds,normal,5446,887,4,8,1,10,0,0,0.0004584925963315172,1.0,0.21831859232227258,0.009362964728901,0.9574456192060665,0.0,0.1027409710000029,0.0005393779998144055,0.08068440099999918,2.5422918239999603,2.5782196299999782,0.6754963150000322,2.531927;2.547813;2.542292,2.570376;2.579337;2.578220,0.677355;0.675496;0.674968,,multiprocessing,2026-10-03T11:10:38+00:00
R4-00049,R4,t2a-standard-4,Linux,6.1.0-53-cloud-arm64,aarch64,0xd0c,arm,4,4,,16.8,3.14.6,CPython,1,forkserver,2.5.3,algo_rec,algo_sudoku,2,1128042,0.8,ms,big,18,1128064,4,2,3,28,0,0,0.0010823157499970648,0.9997634097576028,0.5832128723760268,0.23550082312449636,0.2857999325708795,0.0,0.023869352000019717,0.001210779000018647,0.0407260559999969,0.0707523639999863,0.07158223600004021,0.060229730999992626,0.070752;0.070802;0.070303,0.071582;0.071234;0.071684,0.060716;0.060230;0.060145,,multiprocessing,2026-10-03T11:10:39+00:00
R4-00050,R4,t2a-standard-4,Linux,6.1.0-53-cloud-arm64,aarch64,0xd0c,arm,4,4,,16.8,3.14.6,CPython,1,forkserver,2.5.3,big_result,result_long_string,1300,48,0.3,ms,normal,75,68,4,8,1,1,0,0,0.000282266388890346,0.9997474156159423,0.1865587315919932,0.0375903770690391,0.8803439153003592,0.0,0.011292530000048373,0.0004396300000166775,0.08068440099999918,0.021972211999980118,0.023268264000023464,0.08704823699997633,0.021972;0.022377;0.021871,0.023268;0.023119;0.024072,0.073439;0.087048;0.115415,,sequential,2026-10-03T11:10:40+00:00
R4-00051,R4,t2a-standard-4,Linux,6.1.0-53-cloud-arm64,aarch64,0xd0c,arm,4,4,,16.8,3.14.6,CPython,1,forkserver,2.5.3,io,io_sleep,800,129,0.8,ms,normal,107,148.9,4,8,0,1,1,0,0.0008925221923098329,0.007378137828567466,0.4809933415298004,0.004529971397793405,1.7285662913781588,0.0,0.03761601100001144,0.0007522239999389058,0.08068440099999918,0.08546520200002306,0.013364141000010932,0.019870253999954457,0.085465,0.013364;0.013363;0.013430,0.019870;0.027198;0.014244,,threading,2026-10-03T11:10:41+00:00
R4-00052,R4,t2a-standard-4,Linux,6.1.0-53-cloud-arm64,aarch64,0xd0c,arm,4,4,,16.8,3.14.6,CPython,1,forkserver,2.5.3,tiny,tiny_add,30,1654187,0.8,ms,big,120,1654209,4,8,0,1,0,0,4.443333295967022e-07,1.0,0.32108902882775736,555.8607323390587,0.035229310747906445,0.0,0.00593786199999613,0.005489325000098688,0.08068440099999918,1.7652999986239593e-05,0.0004921700000295459,0.11939782999996851,0.000038;0.000018;0.000009,0.000492,0.119398,,sequential,2026-10-03T11:10:42+00:00
R4-00053,R4,t2a-standard-4,Linux,6.1.0-53-cloud-arm64,aarch64,0xd0c,arm,4,4,,16.8,3.14.6,CPython,1,forkserver,2.5.3,algo_iter,algo_edit_distance,979,838,0.3,ms,normal,124,861,4,8,2,16,0,0,0.00019103125805669709,0.997954751116274,0.16676973452413657,0.020744772595831427,0.9328873094168004,0.0,0.013831232000029559,0.0015637760002960022,0.08068440099999918,0.02349020400004065,0.024397833000023184,0.03317004299998416,0.023519;0.023304;0.023490,0.024734;0.023971;0.024398,0.033170;0.009052;0.057098,,sequential,2026-10-03T11:10:43+00:00
R4-00054,R4,t2a-standard-4,Linux,6.1.0-53-cloud-arm64,aarch64,0xd0c,arm,4,4,,16.8,3.14.6,CPython,1,forkserver,2.5.3,io,io_sleep,1966,1771,0.0,seconds,normal,704,1794,4,2,0,1,1,0,0.0020376291600018703,0.004528630107840303,0.0030027086945950974,0.0021196693109113516,1.9050911340889904,0.0,0.07811841100004813,0.0003610650000496207,0.0407260559999969,1.4341343380000353,0.7183709120000117,0.7195519730000228,1.433573;1.434134;1.435016,0.718371;0.717598;0.719392,0.719490;0.719552;0.721050,,threading,2026-10-03T11:10:52+00:00
R4-00055,R4,t2a-standard-4,Linux,6.1.0-53-cloud-arm64,aarch64,0xd0c,arm,4,4,,16.8,3.14.6,CPython,1,forkserver,2.5.3,algo_rec,algo_lcs_memo,4,155,0.3,ms,normal,8,174,4,4,1,10,0,0,0.010841942999983681,0.9994985323479266,0.19778295523733905,0.0012170327762517823,1.4449826829405337,0.0,0.05846460400005071,0.00022374100001343322,0.05098007199998733,0.0729927240000734,0.07624652000004062,0.029825638000033905,0.072993;0.072905;0.073522,0.076568;0.076247;0.075248,0.033662;0.024870;0.029826,,multiprocessing,2026-10-03T11:10:53+00:00
R4-00056,R4,t2a-standard-4,Linux,6.1.0-53-cloud-arm64,aarch64,0xd0c,arm,4,4,,16.8,3.14.6,CPython,1,forkserver,2.5.3,gil_release,gil_zlib,2,72704,0.0,ms,normal,8,72726,4,4,1,1,0,1,0.003299694666642002,0.999732726875536,0.014344363389513032,0.005195531220341647,1.3862595089539966,1.0,0.01726189099997555,0.00023482200003854814,0.05098007199998733,0.026051630999972986,0.0071330289999878005,0.01573469599998134,0.026036;0.026052;0.026351,0.007133;0.007066;0.008754,0.016100;0.015735;0.011266,,threading,2026-10-03T11:10:54+00:00
R4-00057,R4,t2a-standard-4,Linux,6.1.0-53-cloud-arm64,aarch64,0xd0c,arm,4,4,,16.8,3.14.6,CPython,1,forkserver,2.5.3,cpu,cpu_matmul_lists,22,69,0.0,ms,normal,108,88,4,2,3,5,0,0,0.0006959261481403735,0.9995631952900302,0.015799868782581026,0.00550381676335474,0.9732250714792692,0.0,0.0384556540000176,0.0003290760001846138,0.0407260559999969,0.07503824499997336,0.07630170699997052,0.03947293200008062,0.074828;0.075038;0.075194,0.076444;0.076244;0.076302,0.039505;0.039473;0.039250,,multiprocessing,2026-10-03T11:10:55+00:00
R4-00058,R4,t2a-standard-4,Linux,6.1.0-53-cloud-arm64,aarch64,0xd0c,arm,4,4,,16.8,3.14.6,CPython,1,forkserver,2.5.3,mixed,mixed_json_roundtrip,1,398,0.8,ms,normal,117,420,4,2,1,1,1,0,0.00011721906896033536,0.5469830896571607,0.19789784855079842,0.031754219018767675,1.3609194376584415,0.0,0.00624950799999624,0.00033567900015896157,0.0407260559999969,0.012301499999921361,0.007730016999971667,0.010040373999913754,0.012301;0.012842;0.012289,0.007723;0.007753;0.007730,0.010040;0.007908;0.015418,,threading,2026-10-03T11:10:55+00:00
R4-00059,R4,t2a-standard-4,Linux,6.1.0-53-cloud-arm64,aarch64,0xd0c,arm,4,4,,16.8,3.14.6,CPython,1,forkserver,2.5.3,algo_iter,algo_kmeans,130,163,0.3,ms,normal,10,182,4,4,3,15,0,0,0.0026551283333825873,0.999725541826307,0.12299199350336609,0.004286045199104803,0.903017643247391,0.0,0.016948556000102144,0.00019735399996534397,0.05098007199998733,0.02672050199998921,0.0277435709999736,0.008656062999989445,0.026635;0.026755;0.026721,0.027744;0.027610;0.027854,0.008495;0.011280;0.008656,,multiprocessing,2026-10-03T11:10:56+00:00
R4-00060,R4,t2a-standard-4,Linux,6.1.0-53-cloud-arm64,aarch64,0xd0c,arm,4,4,,16.8,3.14.6,CPython,1,forkserver,2.5.3,tiny,tiny_add,52,183,0.3,seconds,normal,200000,202,4,8,0,1,0,0,1.445010005909353e-07,1.0,0.3349931127854343,27.932332525422567,0.4868898198765396,0.0,0.004532078000011097,0.002911523998818666,0.08068440099999918,0.014646988000095007,0.023874478000038835,0.07292913100002352,0.014246;0.014647;0.015361,0.024115;0.023874;0.023169,0.072929,,sequential,2026-10-03T11:10:57+00:00
R4-00061,R4,t2a-standard-4,Linux,6.1.0-53-cloud-arm64,aarch64,0xd0c,arm,4,4,,16.8,3.14.6,CPython,1,forkserver,2.5.3,tiny,tiny_add,23,19,0.3,ms,normal,200000,38,4,4,0,1,0,0,1.399945009552539e-07,1.0,2.0799089628494767,26.887127451840158,0.4653010234138718,0.0,0.004353731000037442,0.002680330998146019,0.05098007199998733,0.0143220879999717,0.021842372000037358,0.07437397099999998,0.012321;0.014322;0.015610,0.021842;0.021685;0.022155,0.074374,,sequential,2026-10-03T11:10:58+00:00
R4-00062,R4,t2a-standard-4,Linux,6.1.0-53-cloud-arm64,aarch64,0xd0c,arm,4,4,,16.8,3.14.6,CPython,1,forkserver,2.5.3,big_payload,big_reverse,7,2033690,0.0,ms,big,28,2033712,4,2,0,0,0,0,0.0015785364285777956,0.9997429504170698,0.16795083501522426,0.473085240345873,1.2318055127115444,0.0,0.02581601299993963,0.0054434379999293014,0.0407260559999969,0.05144809900002656,0.03862591600000087,1.1986173170000711,0.051490;0.049223;0.051448,0.050938;0.038626;0.036364,1.198617,,threading,2026-10-03T11:11:00+00:00
R4-00063,R4,t2a-standard-4,Linux,6.1.0-53-cloud-arm64,aarch64,0xd0c,arm,4,4,,16.8,3.14.6,CPython,1,forkserver,2.5.3,big_payload,big_checksum_head,966,177428,0.3,seconds,big,1127,177451,4,4,1,1,0,0,2.9987316729748402e-05,0.9980879666014636,0.17717787800242174,0.8875702434304255,0.9465847586928258,0.0,0.019091481000032218,0.0015990349988896924,0.05098007199998733,0.033550223000020196,0.03465044099993975,0.1272375529999863,0.033550;0.033470;0.033818,0.034919;0.034440;0.034650,0.131198;0.127238;0.122433,,sequential,2026-10-03T11:11:02+00:00
R4-00064,R4,t2a-standard-4,Linux,6.1.0-53-cloud-arm64,aarch64,0xd0c,arm,4,4,,16.8,3.14.6,CPython,1,forkserver,2.5.3,text,text_csv_parse,4,1506,0.0,seconds,normal,206,1528,4,8,2,3,0,0,0.0045114979166858875,0.9995734051545874,0.027806935525036054,0.001054139911020399,0.9988333844870535,0.0,0.10845336199997746,0.00030439199974807707,0.08068440099999918,0.9056720119999682,0.9131393259999641,0.25631929300004686,0.914768;0.905672;0.890306,0.915295;0.911517;0.913139,0.256319;0.257443;0.253233,,multiprocessing,2026-10-03T11:11:09+00:00
R4-00065,R4,t2a-standard-4,Linux,6.1.0-53-cloud-arm64,aarch64,0xd0c,arm,4,4,,16.8,3.14.6,CPython,1,forkserver,2.5.3,gil_release,gil_bz2,10,300000,0.8,seconds,big,115,300022,4,2,0,1,0,1,0.0019413600000155805,0.9996204068883959,0.36010469813349094,0.024911144767603016,1.4218071693026992,0.0,0.08755554599997595,0.0012539159995412774,0.0407260559999969,0.25411420499995074,0.1292565909999439,0.13959987600003387,0.254289;0.254114;0.253975,0.129300;0.128584;0.129257,0.139072;0.151545;0.139600,,threading,2026-10-03T11:11:11+00:00
R4-00066,R4,t2a-standard-4,Linux,6.1.0-53-cloud-arm64,aarch64,0xd0c,arm,4,4,,16.8,3.14.6,CPython,1,forkserver,2.5.3,algo_iter,algo_kmeans,151,414739,0.0,seconds,big,482,414761,4,8,3,15,0,0,0.0030808045294179465,0.9993921588574267,0.009310333984601274,0.019005253347286092,0.9814110619780128,0.0,0.10695059499994386,0.0012290739997524724,0.08068440099999918,1.4734030049999092,1.513157457000034,0.4429369220000581,1.472312;1.475782;1.473403,1.509310;1.513157;1.519217,0.442937;0.500154;0.432771,,multiprocessing,2026-10-03T11:11:23+00:00
R4-00067,R4,t2a-standard-4,Linux,6.1.0-53-cloud-arm64,aarch64,0xd0c,arm,4,4,,16.8,3.14.6,CPython,1,forkserver,2.5.3,cpu,cpu_sum_squares,295617,1467,0.3,seconds,normal,239,1492,4,8,1,2,0,0,0.02238537499999893,0.9997104599176457,0.22478682566181482,0.0004987035799602406,1.0883585161521,0.0,0.13930037000000084,0.0006211639999946783,0.08068440099999918,5.073072856999943,5.142048036000006,1.301835145000041,5.071273;5.075417;5.073073,5.139653;5.144380;5.142048,1.301835;1.314869;1.298925,,multiprocessing,2026-10-03T11:11:58+00:00
R4-00068,R4,t2a-standard-4,Linux,6.1.0-53-cloud-arm64,aarch64,0xd0c,arm,4,4,,16.8,3.14.6,CPython,1,forkserver,2.5.3,algo_iter,algo_kmeans,605,1167,0.8,ms,normal,8,1190,4,4,3,15,0,0,0.01141251833333475,0.9999977804585403,0.3427190892679793,0.0010808014793010617,0.7358673594107641,0.0,0.0713688790000333,0.00020678700002463302,0.05098007199998733,0.09226129700005004,0.0951519449999978,0.035469312000032005,0.091966;0.092576;0.092261,0.095287;0.095051;0.095152,0.034881;0.037324;0.035469,,multiprocessing,2026-10-03T11:11:59+00:00
R4-00069,R4,t2a-standard-4,Linux,6.1.0-53-cloud-arm64,aarch64,0xd0c,arm,4,4,,16.8,3.14.6,CPython,1,forkserver,2.5.3,mixed,mixed_parse_lines,5,1213,0.0,ms,normal,61,1235,4,4,2,3,1,0,0.00041123466665643114,0.7479401694543084,0.03367555835512027,0.010434755777805893,1.1859048262276324,0.0,0.012378162999993947,0.0009730790001185596,0.05098007199998733,0.024397763000024497,0.020210006999946017,0.01711254600002121,0.024402;0.024398;0.024353,0.020215;0.020210;0.020205,0.024031;0.011734;0.017113,,multiprocessing,2026-10-03T11:12:00+00:00
R4-00070,R4,t2a-standard-4,Linux,6.1.0-53-cloud-arm64,aarch64,0xd0c,arm,4,4,,16.8,3.14.6,CPython,1,forkserver,2.5.3,big_result,result_long_string,261,45,0.0,ms,normal,443,65,4,2,1,1,0,0,5.892993636548867e-05,1.0,0.07730876354839898,0.09344401743283445,0.9357444186804971,0.0,0.013995625999996264,0.0005092189998094909,0.0407260559999969,0.026130350000016733,0.026320093000094857,0.06881675000011,0.025953;0.026227;0.026130,0.026281;0.026482;0.026320,0.068817;0.067609;0.109154,,sequential,2026-10-03T11:12:01+00:00
R4-00071,R4,t2a-standard-4,Linux,6.1.0-53-cloud-arm64,aarch64,0xd0c,arm,4,4,,16.8,3.14.6,CPython,1,forkserver,2.5.3,gil_release,gil_sha256,205,31076,0.8,ms,normal,26,31098.5,4,2,1,1,0,1,0.004094157666694779,1.0,0.37033312980401567,0.0023125228919320586,1.4842318051634178,0.5,0.04290333500000543,0.0006909589998258525,0.0407260559999969,0.09923013299999184,0.057177335999995194,0.05587550600000668,0.099256;0.099214;0.099230,0.057078;0.057177;0.057387,0.056302;0.055876;0.055597,,multiprocessing,2026-10-03T11:12:02+00:00
R4-00072,R4,t2a-standard-4,Linux,6.1.0-53-cloud-arm64,aarch64,0xd0c,arm,4,4,,16.8,3.14.6,CPython,1,forkserver,2.5.3,cpu,cpu_sum_squares,51165,39,0.8,ms,normal,8,60.333333333333336,4,4,1,2,0,0,0.0048061206667095275,1.0,0.11672303889451736,0.0027883888702956014,0.8001464419534563,0.0,0.031746567000027426,0.00021350399993025349,0.05098007199998733,0.037514447000035034,0.038322657000094296,0.01369464100002915,0.037514;0.037545;0.037408,0.038210;0.038323;0.038386,0.017028;0.013695;0.012933,,multiprocessing,2026-10-03T11:12:03+00:00
R4-00073,R4,t2a-standard-4,Linux,6.1.0-53-cloud-arm64,aarch64,0xd0c,arm,4,4,,16.8,3.14.6,CPython,1,forkserver,2.5.3,big_payload,big_reverse,7,2117431,0.3,ms,big,8,2117453,4,2,0,0,0,0,0.0015445789999830595,1.0,0.18307222751642,0.7197812478226808,1.114540793044641,0.0,0.012660356999958822,0.0035327380001035635,0.0407260559999969,0.010637661000032494,0.011041024000064681,0.36337239299996327,0.013702;0.010632;0.010638,0.011107;0.011041;0.010944,0.363372,,sequential,2026-10-03T11:12:04+00:00
R4-00074,R4,t2a-standard-4,Linux,6.1.0-53-cloud-arm64,aarch64,0xd0c,arm,4,4,,16.8,3.14.6,CPython,1,forkserver,2.5.3,numpy,np_elementwise,17505,1807,0.0,seconds,normal,1144,1830,4,8,0,4,0,0,0.0009010710892900826,0.9999694619594982,0.022358671069778346,0.004888016120362629,1.9277296007801508,0.5,0.0777796010000884,0.001106910999851607,0.08068440099999918,1.0274088620000157,0.4947995820000415,0.2879321330000266,1.031719;1.025556;1.027409,0.517478;0.494800;0.492028,0.375590;0.287932;0.278948,,multiprocessing,2026-10-03T11:12:10+00:00
R4-00075,R4,t2a-standard-4,Linux,6.1.0-53-cloud-arm64,aarch64,0xd0c,arm,4,4,,16.8,3.14.6,CPython,1,forkserver,2.5.3,db,db_mem_group_by,3866,336323,0.3,seconds,big,594,336346,4,2,1,2,1,0,0.004431506916660055,1.0,0.18220069583150608,0.012937153079678179,0.20489311897394238,0.0,0.30567480600007,0.0015992850001111947,0.0407260559999969,2.878617513999984,8.18354909000027,1.436709818000054,2.878618,8.183549,1.436710,threading,multiprocessing,2026-10-03T11:12:24+00:00
R4-00076,R4,t2a-standard-4,Linux,6.1.0-53-cloud-arm64,aarch64,0xd0c,arm,4,4,,16.8,3.14.6,CPython,1,forkserver,2.5.3,cpu,cpu_collatz,78,40,0.8,ms,normal,268,59,4,2,2,5,0,0,0.00017277737312941833,1.0,0.7284200352558886,0.023371983973256082,0.8038019423472268,0.5,0.02745245400001295,0.0013773330003914452,0.07942584800002805,0.04964590600002339,0.05050269900004878,0.026825595999980578,0.049646;0.049586;0.049706,0.050503;0.050450;0.050811,0.026891;0.026822;0.026826,,multiprocessing,2026-10-03T11:12:26+00:00
R4-00077,R4,t2a-standard-4,Linux,6.1.0-53-cloud-arm64,aarch64,0xd0c,arm,4,4,,16.8,3.14.6,CPython,1,forkserver,2.5.3,cpu,cpu_count_primes,3052,257975,0.3,seconds,big,775,257998,4,4,2,4,0,0,0.001535014212126126,1.0,0.23358452387364656,0.055442320549275156,0.9165845122144161,0.0,0.1090695919999689,0.002594724999880782,0.04343131000007361,1.256515639999975,1.2697414980000303,0.40745334200005345,1.256717;1.256353;1.256516,1.269810;1.269741;1.268305,0.431189;0.407453;0.407069,,multiprocessing,2026-10-03T11:12:36+00:00
R4-00078,R4,t2a-standard-4,Linux,6.1.0-53-cloud-arm64,aarch64,0xd0c,arm,4,4,,16.8,3.14.6,CPython,1,forkserver,2.5.3,tiny,tiny_len,3,138331,0.8,seconds,big,1445,138353,4,4,0,0,0,0,4.2360665130391806e-07,1.0,0.9048644477581169,48.37069939013229,0.2180687570683293,0.0,0.002403859999958513,0.0013628109987848802,0.04343131000007361,0.00024296199990203604,0.0009568279999712104,0.1363851919999206,0.000401;0.000243;0.000164,0.001087;0.000826,0.136385,,sequential,2026-10-03T11:12:37+00:00
R4-00079,R4,t2a-standard-4,Linux,6.1.0-53-cloud-arm64,aarch64,0xd0c,arm,4,4,,16.8,3.14.6,CPython,1,forkserver,2.5.3,text,text_format_report,13317,282,0.3,seconds,normal,19,305,4,2,1,2,0,0,0.016938073000005716,1.0,0.08871750462827893,0.000574642305763707,0.8082441631898398,0.0,0.11112661300001037,0.000853444999961539,0.07942584800002805,0.34030266599995684,0.3419397919999483,0.17536621299996114,0.345880;0.340303;0.338982,0.341940;0.344337;0.337305,0.175700;0.171698;0.175366,,multiprocessing,2026-10-03T11:12:40+00:00
R4-00080,R4,t2a-standard-4,Linux,6.1.0-53-cloud-arm64,aarch64,0xd0c,arm,4,4,,16.8,3.14.6,CPython,1,forkserver,2.5.3,numpy,np_linalg_solve,305,6448,0.3,seconds,normal,332,6470.8,4,8,0,3,0,1,0.002035720119997677,1.0,0.40368456003174064,0.002728272880090908,1.0714434149597027,0.0,0.10008268800004316,0.001069280000137951,0.056512079000071935,0.6704633580000063,0.7329388879999215,0.23906177499998194,0.672157;0.670463;0.668683,0.738251;0.732939;0.728107,0.343770;0.239062;0.225169,,multiprocessing,2026-10-03T11:12:46+00:00
R4-00081,R4,t2a-standard-4,Linux,6.1.0-53-cloud-arm64,aarch64,0xd0c,arm,4,4,,16.8,3.14.6,CPython,1,forkserver,2.5.3,recursive,rec_quicksort,314,1000470,0.0,seconds,big,199,1000493,4,8,1,8,0,0,0.0003592810408147726,1.0,0.04024201087513585,0.4090393961963203,0.9793126147758827,0.5,0.03970636299993657,0.004080466999994314,0.056512079000071935,0.07001839200006543,0.07190748400000757,0.15001331399992068,0.070399;0.070018;0.069986,0.072070;0.071742;0.071907,0.156197;0.150013;0.149088,,sequential,2026-10-03T11:12:48+00:00
R4-00082,R4,t2a-standard-4,Linux,6.1.0-53-cloud-arm64,aarch64,0xd0c,arm,4,4,,16.8,3.14.6,CPython,1,forkserver,2.5.3,recursive,rec_nqueens,13,884,0.0,ms,normal,76,906,4,8,1,10,0,0,0.0020262057894821113,1.0,0.011036108230530556,0.002061384621700868,0.9810881459155006,0.0,0.07892566800001077,0.001211419999890495,0.056512079000071935,0.1533728509999719,0.1562254519999442,0.04963160199997674,0.153405;0.153373;0.152950,0.157240;0.156225;0.155955,0.050049;0.049632;0.044457,,multiprocessing,2026-10-03T11:12:50+00:00
R4-00083,R4,t2a-standard-4,Linux,6.1.0-53-cloud-arm64,aarch64,0xd0c,arm,4,4,,16.8,3.14.6,CPython,1,forkserver,2.5.3,recursive,rec_nqueens,8,17,0.0,ms,normal,193,36,4,2,1,10,0,0,0.0012499150750016953,1.0,0.02318912303470721,0.0034721959044655307,0.9891442759080347,0.0,0.10088303499992435,0.00038699299977906776,0.07942584800002805,0.23886040100001082,0.2426334770000267,0.1251260370000864,0.238592;0.238860;0.238888,0.241297;0.242890;0.242633,0.126110;0.125126;0.124880,,multiprocessing,2026-10-03T11:12:52+00:00
R4-00084,R4,t2a-standard-4,Linux,6.1.0-53-cloud-arm64,aarch64,0xd0c,arm,4,4,,16.8,3.14.6,CPython,1,forkserver,2.5.3,db,db_file_commit,2,1396,0.8,ms,normal,8,1418,4,8,1,0,1,0,0.006352379333331252,0.1183847218124519,0.2143294363143315,0.001437728997852073,1.1235117418486407,0.0,0.03918873099996745,0.0009701769998855525,0.056512079000071935,0.04663859000004322,0.017683012000020426,0.019238094000002093,0.046639;0.046189;0.051155,0.036398;0.017683;0.017151,0.031301;0.019238;0.017040,,threading,2026-10-03T11:12:53+00:00
R4-00085,R4,t2a-standard-4,Linux,6.1.0-53-cloud-arm64,aarch64,0xd0c,arm,4,4,,16.8,3.14.6,CPython,1,forkserver,2.5.3,mixed,mixed_json_roundtrip,1,210,0.0,seconds,normal,59227,229,4,8,1,1,1,0,9.315098127325577e-05,0.4478671214787106,0.05649433322078425,0.03918262544318587,1.7774217371760515,0.0,0.07974380699999983,0.0018038360001355613,0.056512079000071935,5.440658460999998,3.3825772499999402,0.8798624880000716,5.440658,3.382577;3.387869;3.338353,0.888053;0.879862;0.851387,,multiprocessing,2026-10-03T11:13:12+00:00
R4-00086,R4,t2a-standard-4,Linux,6.1.0-53-cloud-arm64,aarch64,0xd0c,arm,4,4,,16.8,3.14.6,CPython,1,forkserver,2.5.3,big_result,result_sorted_pairs,324,127,0.8,seconds,normal,2015,146.7,4,4,1,4,0,0,0.00012778039487189885,1.0,0.6104929515024684,0.6641973526263962,0.8641307072270465,0.0,0.11086892900004841,0.0030843079999840484,0.04343131000007361,0.32579450300011104,0.34073422300002676,0.3162649829999964,0.318916;0.325795;0.326023,0.330441;0.340734;0.370087,0.348538;0.278468;0.316265,,multiprocessing,2026-10-03T11:13:16+00:00
R4-00087,R4,t2a-standard-4,Linux,6.1.0-53-cloud-arm64,aarch64,0xd0c,arm,4,4,,16.8,3.14.6,CPython,1,forkserver,2.5.3,mixed,mixed_compute_then_sleep,10395,266,0.8,seconds,normal,2834,289,4,4,1,3,1,0,0.0008162605967787649,0.6844472197795879,0.44115590726378,0.005110806570169047,1.3420984133816019,0.0,0.08940376500004277,0.0009139069998127525,0.04343131000007361,2.3632055379999883,1.7046183869999822,0.6084799989999965,2.365387;2.363206;2.362936,1.704618;1.683026;1.705245,0.608480;0.740054;0.600669,,multiprocessing,2026-10-03T11:13:30+00:00
R4-00088,R4,t2a-standard-4,Linux,6.1.0-53-cloud-arm64,aarch64,0xd0c,arm,4,4,,16.8,3.14.6,CPython,1,forkserver,2.5.3,big_result,result_matrix_lists,50,162785,0.3,ms,big,174,162807,4,8,2,5,0,0,0.0003331908139502005,1.0,0.36855457824947635,0.29592217395246795,0.9559754552347113,0.0,0.03232565199994042,0.002769991000150185,0.056512079000071935,0.05888973700007227,0.060721239000031346,0.05773406299999806,0.058890;0.058867;0.068247,0.060721;0.059956;0.062250,0.057734;0.060332;0.057586,,multiprocessing,2026-10-03T11:13:32+00:00
R4-00089,R4,t2a-standard-4,Linux,6.1.0-53-cloud-arm64,aarch64,0xd0c,arm,4,4,,16.8,3.14.6,CPython,1,forkserver,2.5.3,text,text_regex_findall,39,656,0.8,seconds,normal,3180,678,4,2,1,1,0,0,0.0015882941562530561,1.0,0.4592283850783406,0.0024376781778416064,0.995497456357376,0.0,0.10226437999995142,0.0008013389998495768,0.07942584800002805,4.906080870999972,4.865961898000023,2.417430228999933,4.891382;4.906081;4.913905,4.865962;4.865887;4.887690,2.420818;2.414993;2.417430,,multiprocessing,2026-10-03T11:14:09+00:00
R4-00090,R4,t2a-standard-4,Linux,6.1.0-53-cloud-arm64,aarch64,0xd0c,arm,4,4,,16.8,3.14.6,CPython,1,forkserver,2.5.3,cpu,cpu_collatz,63,25,0.8,seconds,normal,3483,44,4,8,2,5,0,0,0.00014645350439880468,0.9997804951105065,0.6422664129624612,0.027514192952974432,1.043550958658331,0.0,0.09874374200001057,0.0008367610000732384,0.056512079000071935,0.4844303800000489,0.49251561500000207,0.14051152699994418,0.484965;0.484254;0.484430,0.492083;0.493299;0.492516,0.141187;0.140512;0.137916,,multiprocessing,2026-10-03T11:14:13+00:00
R4-00091,R4,t2a-standard-4,Linux,6.1.0-53-cloud-arm64,aarch64,0xd0c,arm,4,4,,16.8,3.14.6,CPython,1,forkserver,2.5.3,algo_iter,algo_edit_distance,694,83,0.0,ms,normal,1150,103,4,4,2,16,0,0,0.0001333838606229106,0.999691719307279,0.04419791922527224,0.0305108129402235,0.9877327405310484,0.0,0.07902840899998864,0.001819535001118311,0.04343131000007361,0.15206245199999557,0.1539900080000507,0.05100217100005011,0.152643;0.152062;0.151979,0.153355;0.154031;0.153990,0.060052;0.049265;0.051002,,multiprocessing,2026-10-03T11:14:14+00:00
R4-00092,R4,t2a-standard-4,Linux,6.1.0-53-cloud-arm64,aarch64,0xd0c,arm,4,4,,16.8,3.14.6,CPython,1,forkserver,2.5.3,gil_release,gil_bz2,4,300000,0.0,seconds,big,666,300022,4,4,0,1,0,1,0.0011926184761819059,1.0,0.022419453671643556,0.039425013912503165,1.9506892080853526,0.0,0.07745937999993657,0.001673665000339497,0.04343131000007361,0.7884886479999977,0.19950636199996552,0.2916905230000566,0.788554;0.788489;0.786179,0.199707;0.199104;0.199506,0.284856;0.296799;0.291691,,threading,2026-10-03T11:14:20+00:00
R4-00093,R4,t2a-standard-4,Linux,6.1.0-53-cloud-arm64,aarch64,0xd0c,arm,4,4,,16.8,3.14.6,CPython,1,forkserver,2.5.3,algo_rec,algo_sudoku,15,58,0.8,ms,normal,8,77,4,8,3,28,0,0,0.01121517000001404,1.0,0.5233405353827653,0.0009248187996816212,0.2283139620690452,0.0,0.12908759200001896,0.002036456999917391,0.056512079000071935,0.13136080699996455,0.13251596099996732,0.08876888800000415,0.131262;0.131361;0.131464,0.133015;0.132306;0.132516,0.088769;0.094720;0.087418,,multiprocessing,2026-10-03T11:14:21+00:00
R4-00094,R4,t2a-standard-4,Linux,6.1.0-53-cloud-arm64,aarch64,0xd0c,arm,4,4,,16.8,3.14.6,CPython,1,forkserver,2.5.3,recursive,rec_fib,20465,348951,0.8,ms,big,8,348974,4,8,0,4,0,0,0.0017769923333238087,1.0,0.21343495580676022,0.03151054675240055,1.00375364501959,0.0,0.011075588000039716,0.0008350280000968269,0.056512079000071935,0.020303019000039058,0.021237876000100187,0.010042180999903394,0.020251;0.020303;0.020322,0.021165;0.021238;0.021397,0.009661;0.010042;0.013090,,multiprocessing,2026-10-03T11:14:22+00:00
R4-00095,R4,t2a-standard-4,Linux,6.1.0-53-cloud-arm64,aarch64,0xd0c,arm,4,4,,16.8,3.14.6,CPython,1,forkserver,2.5.3,db,db_file_lookup,120,1391,0.8,ms,normal,123,1413,4,4,1,5,1,0,0.0010832463333296496,1.0,0.3688062902311411,0.0038435394299924353,0.28539898017155557,0.0,0.14933487799999057,0.001450562000059108,0.04343131000007361,0.13163348500006578,0.7259489430000485,0.05154087700009313,0.131488;0.133623;0.131633,0.725949,0.055487;0.041597;0.051541,,multiprocessing,2026-10-03T11:14:24+00:00
R4-00096,R4,t2a-standard-4,Linux,6.1.0-53-cloud-arm64,aarch64,0xd0c,arm,4,4,,16.8,3.14.6,CPython,1,forkserver,2.5.3,mixed,mixed_compute_then_sleep,11256,219,0.0,seconds,normal,7586,239,4,8,1,3,1,0,0.0008883482456089073,0.6891551784684103,0.012309743847921365,0.004504427202101132,1.4135080361038521,0.0,0.08697862500002884,0.00046106700028758496,0.056512079000071935,6.727787471999932,4.830551944999911,1.192826674999992,6.727787,4.830552;4.754829;4.841409,1.191229;1.193527;1.192827,,multiprocessing,2026-10-03T11:14:49+00:00
R4-00097,R4,t2a-standard-4,Linux,6.1.0-53-cloud-arm64,aarch64,0xd0c,arm,4,4,,16.8,3.14.6,CPython,1,forkserver,2.5.3,io,io_file_roundtrip,4,156226,0.0,seconds,big,540,156248,4,8,1,0,1,0,0.007715053428569263,0.14376345318212386,0.04814361833000884,0.002653513700963968,1.5954984008265756,0.0,0.08852203699996153,0.0011868010000171125,0.056512079000071935,4.126970954000058,2.438964505000058,2.3209426569999323,4.126971;4.116117;4.133404,2.439284;2.438965;2.303269,2.320943;2.453674;2.317103,,multiprocessing,2026-10-03T11:15:17+00:00
R4-00098,R4,t2a-standard-4,Linux,6.1.0-53-cloud-arm64,aarch64,0xd0c,arm,4,4,,16.8,3.14.6,CPython,1,forkserver,2.5.3,numpy,np_elementwise,58666,406,0.3,seconds,normal,1673,429.94117647058823,4,4,0,4,0,0,0.002982481529409811,0.9996887899126862,0.16085966538383836,0.0014770369087255338,2.011944593953372,0.0,0.07743002199993043,0.0010197609999522683,0.04343131000007361,4.753157701999953,1.2619035249999797,1.2655682139999271,4.754950;4.752303;4.753158,1.271106;1.255763;1.261904,1.265568;1.418250;1.219891,,threading,2026-10-03T11:15:39+00:00
R4-00099,R4,t2a-standard-4,Linux,6.1.0-53-cloud-arm64,aarch64,0xd0c,arm,4,4,,16.8,3.14.6,CPython,1,forkserver,2.5.3,text,text_csv_parse,7,62,0.3,seconds,normal,22834,81,4,2,2,3,0,0,0.00030286162424145554,0.9999892941359847,0.15415340220386203,0.012257247828815978,1.0500438573850062,0.0,0.09901625999998487,0.0013471100000970182,0.07942584800002805,6.853904136999972,6.986174762000019,3.318526554000073,6.853146;6.857372;6.853904,7.003692;6.986175;6.979970,3.358354;3.316578;3.318527,,multiprocessing,2026-10-03T11:16:32+00:00
R4-00100,R4,t2a-standard-4,Linux,6.1.0-53-cloud-arm64,aarch64,0xd0c,arm,4,4,,16.8,3.14.6,CPython,1,forkserver,2.5.3,gil_release,gil_numpy_matmul,407,6794,0.3,ms,normal,8,6817,4,2,0,2,0,1,0.00689532699997623,1.0,0.678864117237686,0.0016958828283097466,1.3862835582111661,0.0,0.03923359899999923,0.0008348970000042755,0.07942584800002805,0.060007182999925135,0.03431762700006402,0.03631273300004523,0.059713;0.060007;0.060606,0.035140;0.034238;0.034318,0.085623;0.035591;0.036313,,threading,2026-10-03T11:16:33+00:00
R4-00101,R4,t2a-standard-4,Linux,6.1.0-53-cloud-arm64,aarch64,0xd0c,arm,4,4,,16.8,3.14.6,CPython,1,forkserver,2.5.3,io,io_sleep_return_payload,1855,21601,0.0,seconds,normal,998,21624,4,4,0,1,1,0,0.00192257119231534,0.004306334998670511,0.003271641825848004,0.004480562291638182,1.956129007626307,0.0,0.0764379250000502,0.0008129359997610663,0.04343131000007361,1.9166713199999776,0.4852530590000015,0.7352236059999768,1.918836;1.916671;1.916308,0.485253;0.485593;0.484553,0.735224;0.798747;0.733813,,threading,2026-10-03T11:16:43+00:00
R4-00102,R4,t2a-standard-4,Linux,6.1.0-53-cloud-arm64,aarch64,0xd0c,arm,4,4,,16.8,3.14.6,CPython,1,forkserver,2.5.3,cpu,cpu_count_primes,3697,33,0.3,ms,normal,32,53,4,4,2,4,0,0,0.002419749999987175,1.0,0.15469355374997787,0.002266763096462597,1.1059307846545354,0.0,0.03790103000005729,0.0002414820000922191,0.04343131000007361,0.07255134700005783,0.07368014000007861,0.025376079000011487,0.072373;0.072551;0.072600,0.073256;0.073680;0.073956,0.029338;0.024792;0.025376,,multiprocessing,2026-10-03T11:16:44+00:00
R4-00103,R4,t2a-standard-4,Linux,6.1.0-53-cloud-arm64,aarch64,0xd0c,arm,4,4,,16.8,3.14.6,CPython,1,forkserver,2.5.3,numpy,np_fft,6538,9978,0.0,ms,normal,79,10001,4,4,0,0,0,1,0.0008056539473715786,0.999484522804201,0.03596300514686475,0.006770635826926002,1.8137826834049424,0.0,0.024777474000075017,0.0010034889999133156,0.04343131000007361,0.06325894099995821,0.01698300000009567,0.02580448300000171,0.062877;0.064057;0.063259,0.016903;0.016983;0.017148,0.025804;0.026055;0.021294,,threading,2026-10-03T11:16:45+00:00
R4-00104,R4,t2a-standard-4,Linux,6.1.0-53-cloud-arm64,aarch64,0xd0c,arm,4,4,,16.8,3.14.6,CPython,1,forkserver,2.5.3,mixed,mixed_json_roundtrip,83,1687,0.0,seconds,normal,618,1709,4,8,1,1,1,0,0.0029798019411774635,0.9680988520730749,0.011118103946195003,0.0013945064253813,1.0275047400538386,0.0,0.10022973700006332,0.0003100430000131382,0.056512079000071935,1.8240175450000606,1.7793612949999442,0.45974806200001694,1.824018;1.823600;1.824754,1.779361;1.776197;1.784305,0.459748;0.465735;0.459056,,multiprocessing,2026-10-03T11:16:57+00:00
R4-00105,R4,t2a-standard-4,Linux,6.1.0-53-cloud-arm64,aarch64,0xd0c,arm,4,4,,16.8,3.14.6,CPython,1,forkserver,2.5.3,db,db_mem_group_by,2322,65,0.8,seconds,normal,713,85,4,4,1,2,1,0,0.0029539892777721535,1.0,0.5049451960851823,0.001316487138584061,0.31896001101397753,0.0,0.22056109000004653,0.0009859170000936501,0.04343131000007361,2.2014736319999884,3.7260212999999567,0.5452042599999913,2.201474,3.726021,0.545204,threading,multiprocessing,2026-10-03T11:17:05+00:00
R4-00106,R4,t2a-standard-4,Linux,6.1.0-53-cloud-arm64,aarch64,0xd0c,arm,4,4,,16.8,3.14.6,CPython,1,forkserver,2.5.3,db,db_file_commit,2,1539,0.8,seconds,normal,62,1561,4,2,1,0,1,0,0.005612166200035062,0.11477386017516104,0.3559905084362963,0.0011418051001675224,0.9465509957687421,0.0,0.11576169799991476,0.0013897099995574536,0.0791439710000077,0.38866482400010227,0.27950161699993714,0.2772616880000669,0.388665;0.402314;0.383949,0.275205;0.284112;0.279502,0.283353;0.273403;0.277262,,multiprocessing,2026-10-03T11:17:08+00:00
R4-00107,R4,t2a-standard-4,Linux,6.1.0-53-cloud-arm64,aarch64,0xd0c,arm,4,4,,16.8,3.14.6,CPython,1,forkserver,2.5.3,io,io_sleep,2629,749,0.8,seconds,normal,78,772,4,8,0,1,1,0,0.002746607315813028,0.0026357114109774853,0.34370721271351606,0.0015804953160729104,1.8856851608239422,0.0,0.08009729000002608,0.0007753919995820979,0.08271422400002848,0.20540879300006054,0.029802091999954428,0.03349849300002461,0.205409,0.030040;0.029802;0.029797,0.030436;0.034103;0.033498,,threading,2026-10-03T11:17:09+00:00
R4-00108,R4,t2a-standard-4,Linux,6.1.0-53-cloud-arm64,aarch64,0xd0c,arm,4,4,,16.8,3.14.6,CPython,1,forkserver,2.5.3,text,text_format_report,482,80,0.3,seconds,normal,4305,100,4,2,1,2,0,0,0.0006589769210539711,1.0,0.15493062263840435,0.005836243852875933,1.0568602364320112,0.0,0.09876878700003999,0.001105866999864702,0.0791439710000077,2.8028455329999815,2.7915448850000075,1.3427175900000066,2.802846;2.826995;2.763908,2.790246;2.815202;2.791545,1.334732;1.342718;1.343109,,multiprocessing,2026-10-03T11:17:31+00:00
R4-00109,R4,t2a-standard-4,Linux,6.1.0-53-cloud-arm64,aarch64,0xd0c,arm,4,4,,16.8,3.14.6,CPython,1,forkserver,2.5.3,big_result,result_records,3252,377,0.0,ms,normal,46,400,4,8,1,2,0,0,0.0015116351817968362,0.9995056004443756,0.15331660129769337,1.2026653016017854,0.9232837858738716,24.8,0.05563514000004943,0.02067200800036062,0.08271422400002848,0.10183817200004341,0.09889308599997548,0.13300033899997743,0.111975;0.101838;0.078460,0.086884;0.098893;0.100963,0.133000;0.151609;0.099613,,threading,2026-10-03T11:17:32+00:00
R4-00110,R4,t2a-standard-4,Linux,6.1.0-53-cloud-arm64,aarch64,0xd0c,arm,4,4,,16.8,3.14.6,CPython,1,forkserver,2.5.3,recursive,rec_nqueens,13,23,0.0,ms,normal,8,42,4,4,1,10,0,0,0.0020476003333745516,1.0,0.009728139138560372,0.00463632143845273,0.918577161971291,0.0,0.013969635999956154,0.0011173699998607844,0.04762388100004955,0.016304095999998935,0.016684685999962312,0.008636055000010856,0.016407;0.016232;0.016304,0.016685;0.016761;0.016613,0.010901;0.008636;0.006870,,multiprocessing,2026-10-03T11:17:33+00:00
R4-00111,R4,t2a-standard-4,Linux,6.1.0-53-cloud-arm64,aarch64,0xd0c,arm,4,4,,16.8,3.14.6,CPython,1,forkserver,2.5.3,io,io_sleep_return_payload,2220,3234,0.0,seconds,normal,2896,3257,4,4,0,1,1,0,0.002288117272733168,0.0037201893524732225,0.002948740845063597,0.0038117583016543544,1.9612345435478493,0.0,0.07690255400007118,0.0008271379999769124,0.04762388100004955,6.621857255999998,1.6566827640000383,1.7756373679999342,6.621821;6.621857;6.622248,1.656304;1.657115;1.656683,1.783772;1.766668;1.775637,,threading,2026-10-03T11:18:04+00:00
R4-00112,R4,t2a-standard-4,Linux,6.1.0-53-cloud-arm64,aarch64,0xd0c,arm,4,4,,16.8,3.14.6,CPython,1,forkserver,2.5.3,numpy,np_sort,7186,1961677,0.0,ms,big,23,1961700,4,8,0,3,0,1,0.004690071400000306,1.0,0.044568010238512756,0.0768381905602044,1.923661989118313,0.5,0.038143888000035986,0.0026894840000295517,0.08271422400002848,0.10341549300005681,0.02263575100005255,0.06737479599996732,0.102749;0.103827;0.103415,0.034915;0.022636;0.020459,0.169748;0.067375;0.059853,,threading,2026-10-03T11:18:05+00:00
R4-00113,R4,t2a-standard-4,Linux,6.1.0-53-cloud-arm64,aarch64,0xd0c,arm,4,4,,16.8,3.14.6,CPython,1,forkserver,2.5.3,algo_iter,algo_game_of_life,3,117871,0.3,ms,big,35,117893,4,8,5,9,0,0,0.004767873749983664,1.0,0.14638628034977236,0.014679892689882552,0.8885186209349514,0.0,0.08461913900009677,0.0019267960002480322,0.08271422400002848,0.1807303419999471,0.18391840000003867,0.06094052399998873,0.180730;0.181340;0.180704,0.183948;0.183294;0.183918,0.060941;0.056206;0.072277,,multiprocessing,2026-10-03T11:18:07+00:00
R4-00114,R4,t2a-standard-4,Linux,6.1.0-53-cloud-arm64,aarch64,0xd0c,arm,4,4,,16.8,3.14.6,CPython,1,forkserver,2.5.3,cpu,cpu_collatz,221,1174,0.0,seconds,normal,8517,1196,4,4,2,5,0,0,0.0008047631745934528,1.0,0.007949866880050015,0.005173944502178238,0.9832932276973457,0.5,0.1033705549999695,0.0010545950005962368,0.04762388100004955,6.8081356789999745,6.912975597000013,1.7333824410000034,6.806696;6.809461;6.808136,6.903117;6.912976;6.918841,1.734327;1.729451;1.733382,,multiprocessing,2026-10-03T11:18:54+00:00
R4-00115,R4,t2a-standard-4,Linux,6.1.0-53-cloud-arm64,aarch64,0xd0c,arm,4,4,,16.8,3.14.6,CPython,1,forkserver,2.5.3,numpy,np_sort,157406,3691,0.8,ms,normal,8,3715.3333333333335,4,8,0,3,0,1,0.008936006999988422,1.0,0.7373160303705742,0.0012413448962274895,1.071129887838947,0.5,0.056687250999971184,0.00022658600005343033,0.08271422400002848,0.09820268299995405,0.036371788999986165,0.03371223400006329,0.098203;0.098211;0.098046,0.034858;0.036372;0.040669,0.034090;0.033712;0.029144,,multiprocessing,2026-10-03T11:18:55+00:00
R4-00116,R4,t2a-standard-4,Linux,6.1.0-53-cloud-arm64,aarch64,0xd0c,arm,4,4,,16.8,3.14.6,CPython,1,forkserver,2.5.3,text,text_regex_findall,43,1104,0.0,ms,normal,87,1126,4,4,1,1,0,0,0.0029012351111090437,1.0,0.020618233836148102,0.0014812656785089932,1.0480721064333822,0.0,0.10293971700002658,0.0009090230000765587,0.04762388100004955,0.24894180000001143,0.2397800459999644,0.07434069000009913,0.248725;0.249214;0.248942,0.239780;0.239848;0.239427,0.078568;0.074341;0.073742,,multiprocessing,2026-10-03T11:18:58+00:00
R4-00117,R4,t2a-standard-4,Linux,6.1.0-53-cloud-arm64,aarch64,0xd0c,arm,4,4,,16.8,3.14.6,CPython,1,forkserver,2.5.3,big_payload,big_reverse,7,2846769,0.0,ms,big,54,2846791,4,4,0,0,0,0,0.0022065656153769783,1.0,0.11620023794480011,0.4355592904928719,0.9239733814853529,0.0,0.07344892399999026,0.013184844000079465,0.04762388100004955,0.12277201699998841,0.12946039099995232,1.634424959999933,0.126885;0.119130;0.122772,0.133950;0.129460;0.123307,1.634425,multiprocessing,sequential,2026-10-03T11:19:01+00:00
R4-00118,R4,t2a-standard-4,Linux,6.1.0-53-cloud-arm64,aarch64,0xd0c,arm,4,4,,16.8,3.14.6,CPython,1,forkserver,2.5.3,db,db_file_lookup,39,1284,0.8,ms,normal,61,1306,4,4,1,5,1,0,0.00048703539999526887,1.0,0.30045483962419145,0.008579116317350474,0.09536181091092748,0.0,0.08497112099996684,0.0013487950000126148,0.06327966899993953,0.0273412899999812,0.37063755500003026,0.019535549000011088,0.027476;0.027341;0.027108,0.370638,0.037683;0.019536;0.010005,,multiprocessing,2026-10-03T11:19:02+00:00
R4-00119,R4,t2a-standard-4,Linux,6.1.0-53-cloud-arm64,aarch64,0xd0c,arm,4,4,,16.8,3.14.6,CPython,1,forkserver,2.5.3,tiny,tiny_add,351,211,0.3,seconds,normal,200000,230.95,4,2,0,1,0,0,1.7725200126506025e-07,1.0,2.8331020731022436,34.197639266201236,0.36163947611793357,0.0,0.005334616999903119,0.003223945997433475,0.0791439710000077,0.01903741599994646,0.027968280999971284,0.1091493010000022,0.019037;0.018665;0.019251,0.027968;0.027844;0.028725,0.109149,,sequential,2026-10-03T11:19:03+00:00
R4-00120,R4,t2a-standard-4,Linux,6.1.0-53-cloud-arm64,aarch64,0xd0c,arm,4,4,,16.8,3.14.6,CPython,1,forkserver,2.5.3,algo_iter,algo_dijkstra,3881,1146580,0.8,ms,big,12,1146603,4,4,2,15,0,0,0.007928234333310987,1.0,0.3734436858772792,0.021145019135253768,0.5932250555822889,0.0,0.05812360599998101,0.001966273999983059,0.06327966899993953,0.14658048899991627,0.14915732500003287,0.05358756299995093,0.145128;0.148383;0.146580,0.149157;0.143230;0.152096,0.054472;0.046732;0.053588,,multiprocessing,2026-10-03T11:19:05+00:00
R4-00121,R4,t2a-standard-4,Linux,6.1.0-53-cloud-arm64,aarch64,0xd0c,arm,4,4,,16.8,3.14.6,CPython,1,forkserver,2.5.3,algo_iter,algo_game_of_life,2,1766,0.3,seconds,normal,835,1788,4,2,5,9,0,0,0.003513541733339783,1.0,0.16909496200577342,0.014786010982501516,1.0111638324536478,0.0,0.10590077799997744,0.0010378909998962627,0.0791439710000077,2.969175535999966,3.00811932900001,1.5187428850001652,2.969176;2.961608;2.978018,3.008119;3.003842;3.009094,1.516910;1.518945;1.518743,,multiprocessing,2026-10-03T11:19:28+00:00
R4-00122,R4,t2a-standard-4,Linux,6.1.0-53-cloud-arm64,aarch64,0xd0c,arm,4,4,,16.8,3.14.6,CPython,1,forkserver,2.5.3,gil_release,gil_sha256,31,15817,0.0,ms,normal,95,15839,4,8,1,1,0,1,0.00029362439131150694,1.0,0.02467570304640244,0.0178718122165031,1.6006188337255496,0.0,0.011856075999958193,0.0008150999997269537,0.08271422400002848,0.027655630999788627,0.024353465999865875,0.014584042000024056,0.027663;0.027656;0.027590,0.024133;0.024779;0.024353,0.014584;0.043208;0.012618,,multiprocessing,2026-10-03T11:19:29+00:00
R4-00123,R4,t2a-standard-4,Linux,6.1.0-53-cloud-arm64,aarch64,0xd0c,arm,4,4,,16.8,3.14.6,CPython,1,forkserver,2.5.3,tiny,tiny_len,3,212,0.3,seconds,normal,200000,231,4,4,0,0,0,0,1.6678699660133133e-07,1.0,4.1664957367830695,22.63815548922808,0.41213173110093615,0.0,0.005000362999908248,0.003122819006875943,0.06327966899993953,0.016432906000090952,0.022949200000084602,0.09239016099991204,0.014522;0.016433;0.017068,0.022949;0.023132;0.022500,0.092390,,sequential,2026-10-03T11:19:30+00:00
R4-00124,R4,t2a-standard-4,Linux,6.1.0-53-cloud-arm64,aarch64,0xd0c,arm,4,4,,16.8,3.14.6,CPython,1,forkserver,2.5.3,cpu,cpu_collatz,731,126,0.0,seconds,normal,87,146,4,8,2,5,0,0,0.003507741466667843,1.0,0.009283755768266825,0.0012854425079629128,0.9878241362475876,0.0,0.10622716400007448,0.00030873700006850413,0.08271422400002848,0.3014519559999371,0.30673093800010065,0.09357665399988946,0.301452;0.301759;0.301436,0.306731;0.307306;0.306167,0.084389;0.093577;0.100571,,multiprocessing,2026-10-03T11:19:33+00:00
R4-00125,R4,t2a-standard-4,Linux,6.1.0-53-cloud-arm64,aarch64,0xd0c,arm,4,4,,16.8,3.14.6,CPython,1,forkserver,2.5.3,text,text_csv_parse,1,353,0.0,ms,normal,385,375,4,4,2,3,0,0,0.0004470302708317793,1.0,0.029619151636368104,0.008584877272883318,0.987895373947517,15.2,0.08754476499984776,0.001154434999989462,0.06327966899993953,0.17102478400011023,0.17330242699995324,0.06793809999999212,0.169120;0.171025;0.171868,0.173302;0.173819;0.172249,0.067938;0.060151;0.072074,,multiprocessing,2026-10-03T11:19:34+00:00
R4-00126,R4,t2a-standard-4,Linux,6.1.0-53-cloud-arm64,aarch64,0xd0c,arm,4,4,,16.8,3.14.6,CPython,1,forkserver,2.5.3,algo_rec,algo_sudoku,5,323,0.8,seconds,normal,1177,345,4,8,3,28,0,0,0.00296652688887712,1.0,0.8335093284567204,0.0014276702509080804,0.4439043159125816,13.7,0.1807557980000638,0.002384146000167675,0.08271422400002848,5.428492033000111,5.529988709000008,1.4192104499998095,5.441216;5.424503;5.428492,5.527735;5.532074;5.529989,1.419210;1.413835;1.422106,,multiprocessing,2026-10-03T11:20:12+00:00
R4-00127,R4,t2a-standard-4,Linux,6.1.0-53-cloud-arm64,aarch64,0xd0c,arm,4,4,,16.8,3.14.6,CPython,1,forkserver,2.5.3,cpu,cpu_sum_squares,35513,499169,0.8,ms,big,51,499192,4,8,1,2,0,0,0.0018787395000003926,1.0,0.4357499355826529,0.04569544279024148,0.6886304398682812,0.0,0.057285772000113866,0.0016459880002912541,0.08271422400002848,0.11806500499983485,0.12096467400010624,0.04887079800005267,0.117996;0.118218;0.118065,0.120244;0.120965;0.121171,0.051104;0.041720;0.048871,,multiprocessing,2026-10-03T11:20:14+00:00
R4-00128,R4,t2a-standard-4,Linux,6.1.0-53-cloud-arm64,aarch64,0xd0c,arm,4,4,,16.8,3.14.6,CPython,1,forkserver,2.5.3,cpu,cpu_sum_squares,2028,606,0.8,ms,normal,46,629,4,2,1,2,0,0,0.00013617100001862457,1.0,0.4864755773042971,0.04170892067782799,0.9172762800516605,0.0,0.0033492509999177855,0.00027029699981540034,0.0791439710000077,0.0054022070000883105,0.005755257999908281,0.01649487700001373,0.005402;0.005389;0.005467,0.005755;0.005661;0.005857,0.011915;0.022631;0.016495,,sequential,2026-10-03T11:20:14+00:00
R4-00129,R4,t2a-standard-4,Linux,6.1.0-53-cloud-arm64,aarch64,0xd0c,arm,4,4,,16.8,3.14.6,CPython,1,forkserver,2.5.3,numpy,np_linalg_solve,30,2372,0.0,ms,normal,2071,2394,4,2,0,3,0,1,4.0043375244135816e-05,1.0,0.20972281871949197,0.10477763114904748,0.5014604371204299,0.0,0.06370275700010097,0.0017901659987273888,0.0791439710000077,0.08180156899993563,0.16483595800013973,0.05303008700002465,0.081216;0.082959;0.081802,0.165628;0.162676;0.164836,0.094819;0.045490;0.053030,,multiprocessing,2026-10-03T11:20:16+00:00
R4-00130,R4,t2a-standard-4,Linux,6.1.0-53-cloud-arm64,aarch64,0xd0c,arm,4,4,,16.8,3.14.6,CPython,1,forkserver,2.5.3,cpu,cpu_collatz,22,909129,0.8,seconds,big,219,909151,4,8,2,5,0,0,2.5238685178987066e-05,1.0,0.6950313199889655,4.9248207317937585,0.8410255818365785,0.0,0.005859007000026395,0.002792936000332702,0.08271422400002848,0.004941521000091598,0.005493436000051588,0.11960742199994456,0.005016;0.004940;0.004942,0.005493;0.005514;0.005419,0.119607,,sequential,2026-10-03T11:20:17+00:00
R4-00131,R4,t2a-standard-4,Linux,6.1.0-53-cloud-arm64,aarch64,0xd0c,arm,4,4,,16.8,3.14.6,CPython,1,forkserver,2.5.3,io,io_sleep_return_payload,350,3696,0.0,ms,normal,443,3719,4,4,0,1,1,0,0.0004042040545424573,0.008972086450422079,0.014733919208697014,0.012082140092017869,1.968392808906877,0.0,0.06769520299985743,0.0005429130001175508,0.06327966899993953,0.1779698009997901,0.04571270200017352,0.07233026799985964,0.177853;0.177970;0.178945,0.045713;0.045595;0.045790,0.076632;0.072330;0.071449,,threading,2026-10-03T11:20:19+00:00
R4-00132,R4,t2a-standard-4,Linux,6.1.0-53-cloud-arm64,aarch64,0xd0c,arm,4,4,,16.8,3.14.6,CPython,1,forkserver,2.5.3,tiny,tiny_add,4,362,0.8,seconds,normal,200000,384,4,8,0,1,0,0,1.7956750139092037e-07,1.0,1.5592250856212548,22.140142289734,0.422878748410898,0.0,0.004974275999984457,0.003013390997239185,0.08271422400002848,0.02012028600006488,0.028989124999952764,0.10144283999989057,0.019794;0.020120;0.020601,0.029660;0.028681;0.028989,0.101443,,sequential,2026-10-03T11:20:20+00:00
R4-00133,R4,t2a-standard-4,Linux,6.1.0-53-cloud-arm64,aarch64,0xd0c,arm,4,4,,16.8,3.14.6,CPython,1,forkserver,2.5.3,text,text_split_count,10,181,0.3,seconds,normal,19924,200,4,8,1,1,0,0,0.0001121885528059312,1.0,0.15852090142804331,0.0329240364373853,0.973475563405481,0.0,0.10293594900008429,0.0015761490014938317,0.08271422400002848,2.2242479179999464,2.2863627840001755,0.6044146570000066,2.219474;2.228390;2.224248,2.282447;2.291782;2.286363,0.604415;0.600479;0.619992,,multiprocessing,2026-10-03T11:20:36+00:00
R4-00134,R4,t2a-standard-4,Linux,6.1.0-53-cloud-arm64,aarch64,0xd0c,arm,4,4,,16.8,3.14.6,CPython,1,forkserver,2.5.3,cpu,cpu_matmul_lists,42,1204449,0.8,ms,big,8,1204471,4,4,3,5,0,0,0.00031353366663703736,1.0,0.5127849850860748,0.9479949524335382,0.03297552472960772,0.0,0.040698950999967565,0.0018680440000480303,0.06327966899993953,0.04653370200003337,0.04736799200009045,0.026183807000052184,0.046060;0.046767;0.046534,0.047611;0.047317;0.047368,0.026184;0.025580;0.030365,,multiprocessing,2026-10-03T11:20:37+00:00
R4-00135,R4,t2a-standard-4,Linux,6.1.0-53-cloud-arm64,aarch64,0xd0c,arm,4,4,,16.8,3.14.6,CPython,1,forkserver,2.5.3,tiny,tiny_small_loop,50,203742,0.8,seconds,big,981,203764,4,2,0,0,0,0,7.669510226577938e-07,1.0,0.3213117184183611,38.46080013647188,0.3373854341424058,0.0,0.002333083999928931,0.0014539589992637048,0.0791439710000077,0.0006124290000570909,0.0008982450001440156,0.15228114100000312,0.000634;0.000612;0.000446,0.001139;0.000895;0.000898,0.152281,,sequential,2026-10-03T11:20:38+00:00
R4-00136,R4,t2a-standard-4,Linux,6.1.0-53-cloud-arm64,aarch64,0xd0c,arm,4,4,,16.8,3.14.6,CPython,1,forkserver,2.5.3,tiny,tiny_len,12,155,0.3,ms,normal,200000,174,4,2,0,0,0,0,1.4458650116466743e-07,1.0,0.37082053153339384,30.678175011600167,0.4081163036443186,0.0,0.004468943999881958,0.0027355719976185355,0.0791439710000077,0.014157889999978579,0.022776085000032253,0.0803208889999496,0.014381;0.014081;0.014158,0.021752;0.022776;0.022832,0.080321,,sequential,2026-10-03T11:20:39+00:00
R4-00137,R4,t2a-standard-4,Linux,6.1.0-53-cloud-arm64,aarch64,0xd0c,arm,4,4,,16.8,3.14.6,CPython,1,forkserver,2.5.3,algo_rec,algo_flood_fill,17,113,0.0,seconds,normal,286,132,4,2,3,10,0,0,0.006260152999999491,0.9999117003206321,0.19925804670877192,0.0008928695386021591,0.9967038868780733,0.0,0.10467178699991564,0.0013748430001214729,0.0791439710000077,1.6599015559997952,1.6985297869998703,0.8399777579998045,1.658470;1.659902;1.663118,1.700731;1.694502;1.698530,0.838994;0.839978;0.841722,,multiprocessing,2026-10-03T11:20:52+00:00
R4-00138,R4,t2a-standard-4,Linux,6.1.0-53-cloud-arm64,aarch64,0xd0c,arm,4,4,,16.8,3.14.6,CPython,1,forkserver,2.5.3,algo_iter,algo_edit_distance,493,185,0.0,seconds,normal,48514,205,4,2,2,16,0,0,9.618979922561968e-05,1.0,0.035119902850178394,0.045821906517971675,0.983907518990463,0.0,0.10278309200020885,0.0021113430011610035,0.0791439710000077,4.655944890000001,4.722364513000002,2.3417141600000377,4.655945;4.655847;4.656377,4.722868;4.721305;4.722365,2.346410;2.341714;2.341462,,multiprocessing,2026-10-03T11:21:28+00:00
R4-00139,R4,t2a-standard-4,Linux,6.1.0-53-cloud-arm64,aarch64,0xd0c,arm,4,4,,16.8,3.14.6,CPython,1,forkserver,2.5.3,io,io_sleep_return_payload,726,3351,0.0,seconds,normal,2288,3374,4,8,0,1,1,0,0.0007923376406147042,0.008567093031723844,0.00991642483897023,0.008990232977259665,1.9736179728694792,0.0,0.07701320700016367,0.0005311910008458653,0.08271422400002848,1.8098092179998275,0.2282604489998903,0.3048033959998975,1.809809,0.228134;0.228260;0.228804,0.285446;0.309595;0.304803,,threading,2026-10-03T11:21:32+00:00
R4-00140,R4,t2a-standard-4,Linux,6.1.0-53-cloud-arm64,aarch64,0xd0c,arm,4,4,,16.8,3.14.6,CPython,1,forkserver,2.5.3,algo_iter,algo_edit_distance,52490,528492,0.8,ms,big,15,528518.6666666666,4,2,2,16,0,0,0.01057981999997537,1.0,0.35563584593360925,0.0073794261165626976,0.9392932163154047,0.0,0.06788404200005971,0.00041284200005975435,0.0791439710000077,0.1572160169998824,0.15971151100006864,0.08977982900000825,0.156990;0.157228;0.157216,0.160158;0.159712;0.159289,0.090120;0.089780;0.085797,,multiprocessing,2026-10-03T11:21:34+00:00
R4-00141,R4,t2a-standard-4,Linux,6.1.0-53-cloud-arm64,aarch64,0xd0c,arm,4,4,,16.8,3.14.6,CPython,1,forkserver,2.5.3,text,text_split_count,62,126,0.8,seconds,normal,3422,145,4,4,1,1,0,0,0.0004241308305073305,1.0,0.4636961117141311,0.008388095699491801,0.9250638366893245,0.0,0.10445688699996936,0.0004593609999119508,0.06327966899993953,1.4833187729998372,1.5163458839999748,0.40243737400010104,1.490666;1.481569;1.483319,1.518594;1.515855;1.516346,0.513334;0.395472;0.402437,,multiprocessing,2026-10-03T11:21:45+00:00
R4-00142,R4,t2a-standard-4,Linux,6.1.0-53-cloud-arm64,aarch64,0xd0c,arm,4,4,,16.8,3.14.6,CPython,1,forkserver,2.5.3,mixed,mixed_compute_then_sleep,5266,132,0.0,ms,normal,624,152,4,8,1,3,1,0,0.0004464039107229415,0.6497617663654259,0.012992615739016208,0.008722257843858992,1.5029015030286061,0.0,0.08428466999998818,0.0009138769989931461,0.08271422400002848,0.2777611369999704,0.19081438900002468,0.050989668000056554,0.277761,0.190814;0.191289;0.189648,0.050459;0.050990;0.057113,,multiprocessing,2026-10-03T11:21:47+00:00
R4-00143,R4,t2a-standard-4,Linux,6.1.0-53-cloud-arm64,aarch64,0xd0c,arm,4,4,,16.8,3.14.6,CPython,1,forkserver,2.5.3,recursive,rec_fib,3108,202,0.3,ms,normal,671,222,4,2,0,4,0,0,0.0002925280239618652,1.0,0.018428431736516683,0.013078063260475682,0.9810475946324052,0.0,0.09978304800006299,0.0010491839984752005,0.0791439710000077,0.1965357710000717,0.19988268999986758,0.09942254400016282,0.196536;0.196183;0.196625,0.199883;0.200060;0.199396,0.104277;0.099295;0.099423,,multiprocessing,2026-10-03T11:21:49+00:00
R4-00144,R4,t2a-standard-4,Linux,6.1.0-53-cloud-arm64,aarch64,0xd0c,arm,4,4,,16.8,3.14.6,CPython,1,forkserver,2.5.3,algo_iter,algo_game_of_life,7,1541,0.0,seconds,normal,225,1563,4,4,5,9,0,0,0.01166205319996152,1.0,0.001985633510955668,0.004452320629477872,0.977911134640363,0.0,0.11840872700008731,0.0004555580003398063,0.06327966899993953,2.631188666000071,2.66143125900021,0.7103875749999133,2.646108;2.625764;2.631189,2.661741;2.660576;2.661431,0.713037;0.710388;0.709334,,multiprocessing,2026-10-03T11:22:07+00:00
R4-00145,R4,t2a-standard-4,Linux,6.1.0-53-cloud-arm64,aarch64,0xd0c,arm,4,4,,16.8,3.14.6,CPython,1,forkserver,2.5.3,algo_rec,algo_flood_fill,2,54,0.8,ms,normal,8,73,4,4,3,10,0,0,0.0007814739999503217,1.0,0.26489521141409816,0.012010209707285873,1.2537199604008584,0.0,0.004470863999813446,0.0002094599999509228,0.06327966899993953,0.006024920999834649,0.006363289000091754,0.01038651499993648,0.005839;0.006025;0.006151,0.006378;0.006363;0.006239,0.008157;0.010387;0.013214,,sequential,2026-10-03T11:22:08+00:00
R4-00146,R4,t2a-standard-4,Linux,6.1.0-53-cloud-arm64,aarch64,0xd0c,arm,4,4,,16.8,3.14.6,CPython,1,forkserver,2.5.3,algo_rec,algo_lcs_memo,2,80,0.0,ms,normal,40,99,4,2,1,10,0,0,0.005016505899948243,1.0,0.06635668956005863,0.0011066467505059143,0.9674968993250985,0.0,0.10263457900009598,0.0013900680005463073,0.0791439710000077,0.2003384060001281,0.20168281199994453,0.10174362199995812,0.196261;0.200338;0.258959,0.200469;0.201683;0.208308,0.114372;0.101744;0.101300,,multiprocessing,2026-10-03T11:22:10+00:00
R4-00147,R4,t2a-standard-4,Linux,6.1.0-53-cloud-arm64,aarch64,0xd0c,arm,4,4,,16.8,3.14.6,CPython,1,forkserver,2.5.3,algo_rec,algo_sudoku,11,234,0.0,seconds,normal,979,253,4,4,3,28,0,0,0.006923995375046843,1.0,0.48514102930384706,0.0009004013864945551,0.9165771360402659,0.0,0.10786827900005846,0.0002552179996655468,0.06327966899993953,10.171520484999974,10.333078668000098,2.737149160999934,10.148649;10.181767;10.171520,10.333079;10.345766;10.324386,2.733852;2.737149;2.745102,,multiprocessing,2026-10-03T11:23:21+00:00
R4-00148,R4,t2a-standard-4,Linux,6.1.0-53-cloud-arm64,aarch64,0xd0c,arm,4,4,,16.8,3.14.6,CPython,1,forkserver,2.5.3,tiny,tiny_small_loop,5,362555,0.8,seconds,big,551,362577,4,8,0,0,0,0,9.016423286562301e-07,1.0,1.6156528976535414,64.09819965632808,0.23925660830011783,0.0,0.0023365600000033737,0.0015966240009674948,0.08271422400002848,0.00021279299994603207,0.0007466955000836606,0.1301843060000465,0.000227;0.000213;0.000102,0.000881;0.000613,0.130184,,sequential,2026-10-03T11:23:22+00:00
R4-00149,R4,t2a-standard-4,Linux,6.1.0-53-cloud-arm64,aarch64,0xd0c,arm,4,4,,16.8,3.14.6,CPython,1,forkserver,2.5.3,io,io_file_roundtrip,1,19555,0.3,seconds,normal,885,19577,4,2,1,0,1,0,0.0011667364545256862,0.09638858943459543,0.11632892142676661,0.0061542175966526605,1.4510610682837504,0.0,0.08766124700014188,0.001284201000999019,0.0791439710000077,1.0443199020000975,0.6639939459998914,0.6760235330000341,1.044320;1.049603;1.041919,0.659206;0.663994;0.679289,0.673666;0.676024;0.709864,,threading,2026-10-03T11:23:30+00:00
R4-00150,R4,t2a-standard-4,Linux,6.1.0-53-cloud-arm64,aarch64,0xd0c,arm,4,4,,16.8,3.14.6,CPython,1,forkserver,2.5.3,tiny,tiny_small_loop,116,70,0.0,seconds,normal,200000,89,4,2,0,0,0,0,8.503179988110787e-07,1.0,0.5782325728759631,4.474972890267427,0.8298665715607706,0.0,0.007392713999934131,0.002886625002247456,0.0791439710000077,0.15630015900001126,0.16755149499999789,0.14134110500003771,0.156300;0.156466;0.156216,0.167653;0.167325;0.167551,0.136620;0.141341;0.146113,,multiprocessing,2026-10-03T11:23:32+00:00
R4-00151,R4,t2a-standard-4,Linux,6.1.0-53-cloud-arm64,aarch64,0xd0c,arm,4,4,,16.8,3.14.6,CPython,1,forkserver,2.5.3,algo_iter,algo_game_of_life,1,178289,0.0,ms,big,9,178311,4,8,5,9,0,0,0.001885656000088905,0.9983233705542903,0.0072548453663049736,0.04473032192214076,0.9250901539206604,0.0,0.012236745000109295,0.0004232929998124746,0.08271422400002848,0.017001748999973643,0.01770365400011542,0.012559885999962717,0.016845;0.017178;0.017002,0.017704;0.017630;0.017959,0.012560;0.013077;0.007311,,multiprocessing,2026-10-03T11:23:33+00:00
R4-00152,R4,t2a-standard-4,Linux,6.1.0-53-cloud-arm64,aarch64,0xd0c,arm,4,4,,16.8,3.14.6,CPython,1,forkserver,2.5.3,algo_iter,algo_kmeans,122,728676,0.3,seconds,big,194,728698,4,2,3,15,0,0,0.0024984619999919404,0.9997441207048516,0.15886093190994025,0.0402770784499448,0.9775236829262758,0.0,0.10958271599997715,0.003525805000208493,0.0791439710000077,0.4728469710000809,0.4849435440000889,0.29414106400008677,0.471987;0.472900;0.472847,0.485426;0.483918;0.484944,0.294522;0.294141;0.293517,,multiprocessing,2026-10-03T11:23:37+00:00
R4-00153,R4,t2a-standard-4,Linux,6.1.0-53-cloud-arm64,aarch64,0xd0c,arm,4,4,,16.8,3.14.6,CPython,1,forkserver,2.5.3,big_payload,big_count_byte,52,1040198,0.8,seconds,big,192,1040220,4,4,0,1,0,0,0.0006541218332974571,0.9998403846620832,0.010246664342464904,0.21022735059291126,0.9775193516481177,0.0,0.06702485200003139,0.0034117590016649046,0.06327966899993953,0.12584482600004776,0.12707009800010383,0.18876668300003985,0.125563;0.125845;0.125904,0.127253;0.127070;0.127003,0.194379;0.152064;0.188767,,sequential,2026-10-03T11:23:40+00:00
R4-00154,R4,t2a-standard-4,Linux,6.1.0-53-cloud-arm64,aarch64,0xd0c,arm,4,4,,16.8,3.14.6,CPython,1,forkserver,2.5.3,io,io_file_roundtrip,4,31185,0.8,ms,normal,8,31207,4,2,1,0,1,0,0.005352967666719148,0.10481784510069768,0.265585449721496,0.002346984736516942,1.5295106228619735,15.2,0.02879692999999861,0.00023494699985349143,0.0791439710000077,0.04176854399997865,0.026036494999971183,0.0271390530001554,0.042135;0.041769;0.040218,0.026036;0.025667;0.026348,0.030159;0.027139;0.026938,,threading,2026-10-03T11:23:41+00:00
R4-00155,R4,t2a-standard-4,Linux,6.1.0-53-cloud-arm64,aarch64,0xd0c,arm,4,4,,16.8,3.14.6,CPython,1,forkserver,2.5.3,numpy,np_linalg_solve,257,1114915,0.8,ms,big,17,1114937.5,4,8,0,3,0,1,0.0029611925000381234,1.0,0.404543583247397,0.05261900400794905,0.9931064616458813,14.0,0.022535408000067036,0.0008115939997423993,0.08271422400002848,0.04578913999989709,0.03267579999987902,0.03089461200011101,0.045622;0.045789;0.045997,0.032676;0.031609;0.033680,0.030895;0.029960;0.035051,,multiprocessing,2026-10-03T11:23:42+00:00
R4-00156,R4,t2a-standard-4,Linux,6.1.0-53-cloud-arm64,aarch64,0xd0c,arm,4,4,,16.8,3.14.6,CPython,1,forkserver,2.5.3,io,io_sleep,336,915,0.8,ms,normal,373,937.6,4,4,0,1,1,0,0.000384407763432694,0.012425508068955947,0.39888789259049856,0.019718904527153785,1.8842557314739437,0.5,0.05540640300000632,0.0005851210007676855,0.06327966899993953,0.1429423570000381,0.03715197899987288,0.038871706000009,0.142981;0.142942;0.142739,0.037039;0.037205;0.037152,0.040713;0.038872;0.037414,,threading,2026-10-03T11:23:43+00:00
R4-00157,R4,t2a-standard-4,Linux,6.1.0-53-cloud-arm64,aarch64,0xd0c,arm,4,4,,16.8,3.14.6,CPython,1,forkserver,2.5.3,cpu,cpu_matmul_lists,5,1696256,0.0,ms,big,117,1696278,4,8,3,5,0,0,1.4601241399101002e-05,1.0,0.4823524561648629,17.756483365296425,0.5044114035751252,0.0,0.00671548100012842,0.005453729999544521,0.08271422400002848,0.001554636000037135,0.0021181530000831117,0.11994270599984702,0.001572;0.001555;0.001548,0.002118;0.002124;0.001980,0.119943,,sequential,2026-10-03T11:23:44+00:00
R4-00158,R4,t2a-standard-4,Linux,6.1.0-53-cloud-arm64,aarch64,0xd0c,arm,4,4,,16.8,3.14.6,CPython,1,forkserver,2.5.3,tiny,tiny_small_loop,2,363,0.3,seconds,normal,200000,385,4,2,0,0,0,0,2.8055849668362496e-07,1.0,0.31376469394387707,13.747756791697945,0.5726008454979356,0.0,0.0051148990000911,0.0028187400068873103,0.0791439710000077,0.037300012000059724,0.04783774099996663,0.12363914499997009,0.036953;0.037300;0.037548,0.047628;0.047838;0.048160,0.120860;0.124275;0.123639,,sequential,2026-10-03T11:23:46+00:00
R4-00159,R4,t2a-standard-4,Linux,6.1.0-53-cloud-arm64,aarch64,0xd0c,arm,4,4,,16.8,3.14.6,CPython,1,forkserver,2.5.3,tiny,tiny_dict_lookup,710,22,0.3,seconds,normal,163647,42,4,4,0,1,0,0,2.9036349963007525e-07,1.0,1.0466402137796826,14.806096508720191,0.6187157289544585,0.0,0.0055815199998505705,0.003326097000581285,0.06327966899993953,0.029345952000085163,0.03863588100011839,0.05112140200003523,0.029346;0.030266;0.029129,0.039334;0.038409;0.038636,0.050120;0.054121;0.051121,,sequential,2026-10-03T11:23:47+00:00
R4-00160,R4,t2a-standard-4,Linux,6.1.0-53-cloud-arm64,aarch64,0xd0c,arm,4,4,,16.8,3.14.6,CPython,1,forkserver,2.5.3,cpu,cpu_matmul_lists,8,126,0.8,ms,normal,653,145,4,4,3,5,0,0,7.555258281853154e-05,0.999999111326981,0.8345563533573029,0.051369521093446176,1.139820111005195,0.0,0.023670407000054183,0.000519905000601284,0.06327966899993953,0.04332393000004231,0.044349486000101024,0.018398524000076577,0.043323;0.043324;0.043482,0.044380;0.044349;0.044170,0.019082;0.018399;0.015755,,multiprocessing,2026-10-03T11:23:48+00:00
R4-00161,R4,t2a-standard-4,Linux,6.1.0-53-cloud-arm64,aarch64,0xd0c,arm,4,4,,16.8,3.14.6,CPython,1,forkserver,2.5.3,text,text_format_report,73,694,0.3,ms,normal,127,716,4,2,1,2,0,0,9.891190322906045e-05,1.0,0.2056964419727675,0.039378475670398295,0.8942393605136961,0.0,0.0068129579999549605,0.00032764599973234,0.0791439710000077,0.012077619000137929,0.012494531999891478,0.011545515000079831,0.012076;0.012144;0.012078,0.012560;0.012304;0.012495,0.009236;0.022538;0.011546,,multiprocessing,2026-10-03T11:23:48+00:00
R4-00162,R4,t2a-standard-4,Linux,6.1.0-53-cloud-arm64,aarch64,0xd0c,arm,4,4,,16.8,3.14.6,CPython,1,forkserver,2.5.3,big_payload,big_count_byte,7,207634,0.8,ms,big,856,207656,4,2,0,1,0,0,0.00013110893458309806,0.9994611151874365,0.03302804893343726,0.25173608585970486,0.9810164901366788,0.0,0.058045532000051026,0.0012597319991982658,0.0791439710000077,0.11188435000008212,0.11367314500012071,0.12886080700013736,0.111881;0.111884;0.112018,0.113481;0.113673;0.114008,0.128861;0.131607;0.125506,,sequential,2026-10-03T11:23:51+00:00
R4-00163,R4,t2a-standard-4,Linux,6.1.0-53-cloud-arm64,aarch64,0xd0c,arm,4,4,,16.8,3.14.6,CPython,1,forkserver,2.5.3,big_payload,big_upper_copy,2,412338,0.0,seconds,big,485,412360,4,2,0,0,0,0,0.0002842299256112598,0.999890895063525,0.044287609914583,0.37961537582777116,0.8531063305470462,0.0,0.07780286299998806,0.002966449000950888,0.0791439710000077,0.15584111600014694,0.1748950569999579,1.786783914999205,0.157357;0.155841;0.153107,0.190103;0.174895;0.174812,1.786784,multiprocessing,sequential,2026-10-03T11:23:55+00:00
R4-00164,R4,t2a-standard-4,Linux,6.1.0-53-cloud-arm64,aarch64,0xd0c,arm,4,4,,16.8,3.14.6,CPython,1,forkserver,2.5.3,io,io_sleep,1932,166296,0.8,seconds,big,735,166319,4,8,0,1,1,0,0.002192452208295966,0.004235673689451231,0.3902902574905545,0.011461253246579584,2.5786734579730712,0.0,0.07408098700011578,0.0007941190010569699,0.08271422400002848,1.48718544999997,0.1973891249999724,0.22030735999987883,1.487185,0.197389;0.197423;0.197240,0.220873;0.220023;0.220307,,threading,2026-10-03T11:23:59+00:00
R4-00165,R4,t2a-standard-4,Linux,6.1.0-53-cloud-arm64,aarch64,0xd0c,arm,4,4,,16.8,3.14.6,CPython,1,forkserver,2.5.3,db,db_file_commit,3,3339,0.0,seconds,normal,253,3361,4,8,1,0,1,0,0.009743858166643804,0.0861300396083018,0.06297394865670379,0.000659731821628132,1.4071233173149704,0.0,0.09961308300012206,0.0002668640001957101,0.08271422400002848,2.2627521770000385,1.4822933049999847,1.5681820370000423,2.382024;2.262752;2.221636,0.789993;1.482293;1.577503,0.582266;1.568182;1.575679,,threading,2026-10-03T11:24:14+00:00
R4-00166,R4,t2a-standard-4,Linux,6.1.0-53-cloud-arm64,aarch64,0xd0c,arm,4,4,,16.8,3.14.6,CPython,1,forkserver,2.5.3,algo_iter,algo_kmeans,22,204755,0.8,ms,big,180,204777,4,2,3,15,0,0,0.0004987059777805472,0.9994561639340458,0.4045451843419508,0.07011205312068221,1.0778719206014014,0.0,0.04451490299993566,0.0009946509997007524,0.04098359900012838,0.08716093299995009,0.08938381899997694,0.06604052100010449,0.087161;0.087179;0.087087,0.089573;0.089061;0.089384,0.066041;0.063655;0.069375,,multiprocessing,2026-10-03T11:24:15+00:00
R4-00167,R4,t2a-standard-4,Linux,6.1.0-53-cloud-arm64,aarch64,0xd0c,arm,4,4,,16.8,3.14.6,CPython,1,forkserver,2.5.3,numpy,np_linalg_solve,99,318,0.0,seconds,normal,10058,340,4,4,0,3,0,1,0.0001494504744707294,0.9998899838412395,0.09708213238954481,0.02543116736121345,0.7303291665096149,0.0,0.11881008199998178,0.0009501970012024685,0.06327966899993953,1.4981599990001087,2.2634258244999046,0.420068092000065,1.478212;1.527313;1.498160,2.199976;2.326875,0.450372;0.420068;0.398243,,multiprocessing,2026-10-03T11:24:26+00:00
R4-00168,R4,t2a-standard-4,Linux,6.1.0-53-cloud-arm64,aarch64,0xd0c,arm,4,4,,16.8,3.14.6,CPython,1,forkserver,2.5.3,recursive,rec_fib,17,781,0.0,seconds,normal,196548,803,4,4,0,4,0,0,3.0788465040814115e-06,1.0,3.193271171849129,1.2942347181669138,0.903084160349367,0.0,0.01653374700003951,0.00278572599177096,0.06327966899993953,0.5758334730001025,0.6136503969999012,0.26719762499988065,0.575833;0.574272;0.576249,0.613650;0.612571;0.616145,0.279830;0.267198;0.255246,,multiprocessing,2026-10-03T11:24:32+00:00
R4-00169,R4,t2a-standard-4,Linux,6.1.0-53-cloud-arm64,aarch64,0xd0c,arm,4,4,,16.8,3.14.6,CPython,1,forkserver,2.5.3,db,db_mem_insert_select,1590,756649,0.8,seconds,big,264,756672,4,4,1,1,1,0,0.0018745960357153177,0.9998877885748907,0.41869690160284834,0.055224751378115805,0.2731421944937619,0.0,0.24436244200001056,0.0030582930000946362,0.06327966899993953,0.4351468460001797,1.8844513149995237,0.17689026299990473,0.435147,1.884451,0.176890,threading,multiprocessing,2026-10-03T11:24:36+00:00
R4-00170,R4,t2a-standard-4,Linux,6.1.0-53-cloud-arm64,aarch64,0xd0c,arm,4,4,,16.8,3.14.6,CPython,1,forkserver,2.5.3,cpu,cpu_sum_squares,91764,20,0.0,ms,normal,8,42,4,2,1,2,0,0,0.00693721533328547,0.9995193029916105,0.03649809207204702,0.0016992889367579047,1.0417504882696964,0.0,0.04207188899999892,0.0009833670001171413,0.07593770700009372,0.051189905999990515,0.05204985000000306,0.029755200999943554,0.051193;0.051179;0.051190,0.052016;0.052106;0.052050,0.029755;0.029130;0.031653,,multiprocessing,2026-10-03T11:24:37+00:00
R4-00171,R4,t2a-standard-4,Linux,6.1.0-53-cloud-arm64,aarch64,0xd0c,arm,4,4,,16.8,3.14.6,CPython,1,forkserver,2.5.3,numpy,np_sort,27789,3628,0.8,ms,normal,11,3651,4,8,0,3,0,1,0.0016706533332732458,0.9977917325341212,0.49226191555984505,0.006162259852125557,1.2695304848291709,0.0,0.010478238000132478,0.0008522240004822379,0.05629028099997413,0.01983093200010444,0.011622689999967406,0.12396759699981885,0.028341;0.019831;0.019781,0.013282;0.011623;0.010067,0.123968,,threading,2026-10-03T11:24:38+00:00
R4-00172,R4,t2a-standard-4,Linux,6.1.0-53-cloud-arm64,aarch64,0xd0c,arm,4,4,,16.8,3.14.6,CPython,1,forkserver,2.5.3,db,db_mem_group_by,3132,32,0.8,ms,normal,8,52,4,2,1,2,1,0,0.0033058286667255743,1.0,0.3461689646211826,0.0025171701985224697,0.44198257283877557,0.0,0.033216475000017454,0.0008392199999889272,0.07593770700009372,0.02958895200004008,0.13545953000016198,0.01674061900007473,0.029589;0.030029;0.029524,0.135460,0.016741;0.017411;0.014791,,multiprocessing,2026-10-03T11:24:38+00:00
R4-00173,R4,t2a-standard-4,Linux,6.1.0-53-cloud-arm64,aarch64,0xd0c,arm,4,4,,16.8,3.14.6,CPython,1,forkserver,2.5.3,algo_rec,algo_flood_fill,14,20,0.3,seconds,normal,1066,39,4,2,3,10,0,0,0.0042578627692364535,0.9998912896967431,0.5904982876602933,0.001090651904539616,0.7853248141036765,0.0,0.12250425100000939,0.0015530149998994602,0.07593770700009372,5.2450860070000545,5.368468802000052,2.622743935000017,5.236127;5.245086;5.246411,5.352143;5.368469;5.370831,2.614935;2.627220;2.622744,,multiprocessing,2026-10-03T11:25:19+00:00
R4-00174,R4,t2a-standard-4,Linux,6.1.0-53-cloud-arm64,aarch64,0xd0c,arm,4,4,,16.8,3.14.6,CPython,1,forkserver,2.5.3,cpu,cpu_count_primes,8982,19,0.3,seconds,normal,56,39,4,4,2,4,0,0,0.007359759375020758,0.9999314744121307,0.15874454213303257,0.0007569031551200319,1.0325261043436116,0.0,0.11734622599988143,0.0007791229995746107,0.04261754200001633,0.4038877580001099,0.408857979000004,0.13127090900002258,0.403866;0.403935;0.403888,0.407236;0.408858;0.409223,0.131271;0.133269;0.128003,,multiprocessing,2026-10-03T11:25:22+00:00
R4-00175,R4,t2a-standard-4,Linux,6.1.0-53-cloud-arm64,aarch64,0xd0c,arm,4,4,,16.8,3.14.6,CPython,1,forkserver,2.5.3,big_payload,big_count_byte,1,2476025,0.3,ms,big,53,2476047,4,8,0,1,0,0,0.0015632666922836226,0.9993849037193439,0.011538200658236346,0.4392708326305164,0.9777256370442365,0.0,0.050723679999919113,0.009564093000108187,0.05629028099997413,0.08229985200000556,0.0841913450001357,0.10028120200013291,0.082300;0.082419;0.082295,0.084268;0.084191;0.083839,0.101628;0.100281;0.094975,,sequential,2026-10-03T11:25:24+00:00
R4-00176,R4,t2a-standard-4,Linux,6.1.0-53-cloud-arm64,aarch64,0xd0c,arm,4,4,,16.8,3.14.6,CPython,1,forkserver,2.5.3,algo_iter,algo_kmeans,353,484,0.3,ms,normal,8,506.6666666666667,4,8,3,15,0,0,0.006577093666616444,1.0,0.2742386485588252,0.0019199969831774533,0.8495691166259383,0.0,0.04626643699998567,0.001537313000198992,0.05629028099997413,0.055660130999967805,0.05780326400008562,0.018619170000192753,0.055541;0.055727;0.055660,0.057982;0.057803;0.057672,0.016411;0.020679;0.018619,,multiprocessing,2026-10-03T11:25:25+00:00
R4-00177,R4,t2a-standard-4,Linux,6.1.0-53-cloud-arm64,aarch64,0xd0c,arm,4,4,,16.8,3.14.6,CPython,1,forkserver,2.5.3,tiny,tiny_len,11,23,0.8,seconds,normal,200000,42,4,8,0,0,0,0,2.5358349932957937e-07,1.0,1.740591798728156,16.588027175068802,0.6528807743989409,0.5,0.005471177000117677,0.0034294600013708987,0.05629028099997413,0.014162150999936785,0.02318071600006988,0.07324887300001137,0.014162;0.015604;0.012953,0.024308;0.023181;0.022668,0.073249,,sequential,2026-10-03T11:25:26+00:00
R4-00178,R4,t2a-standard-4,Linux,6.1.0-53-cloud-arm64,aarch64,0xd0c,arm,4,4,,16.8,3.14.6,CPython,1,forkserver,2.5.3,algo_iter,algo_edit_distance,246,383,0.3,ms,normal,166,405.35,4,4,2,16,0,0,4.898534147531147e-05,1.0,0.2212118323590325,0.075539945180526,0.8250059778196702,0.0,0.005957265000006373,0.0014350989995364216,0.04261754200001633,0.00818936400014536,0.008619606000138447,0.023378775000082896,0.008115;0.008236;0.008189,0.008545;0.008684;0.008620,0.005611;0.024583;0.023379,,sequential,2026-10-03T11:25:26+00:00
R4-00179,R4,t2a-standard-4,Linux,6.1.0-53-cloud-arm64,aarch64,0xd0c,arm,4,4,,16.8,3.14.6,CPython,1,forkserver,2.5.3,numpy,np_fft,6080,1128556,0.0,seconds,big,177,1128579,4,4,0,0,0,1,0.0028919351111148395,0.9997282393497466,0.06543732798962641,0.05547144980403622,3.2785318982893004,0.0,0.07147205300020687,0.0036815920002482017,0.04261754200001633,0.5046452690000933,0.07322757800011459,0.19049568900004488,0.504645,0.074776;0.073228;0.071183,0.228880;0.190496;0.169169,,threading,2026-10-03T11:25:29+00:00
R4-00180,R4,t2a-standard-4,Linux,6.1.0-53-cloud-arm64,aarch64,0xd0c,arm,4,4,,16.8,3.14.6,CPython,1,forkserver,2.5.3,big_result,result_sorted_pairs,143,1086,0.3,seconds,normal,94550,1108,4,4,1,4,0,0,4.927258730582534e-05,0.9999935063028033,0.43847825717854544,0.687302043230242,0.9835928620480311,0.0,0.10394457100005638,0.0033494749957299064,0.04261754200001633,6.557756470999948,6.590351071999976,5.070049637000011,6.504458;6.557756;6.624312,6.590351;6.547104;6.644437,5.900748;4.929729;5.070050,,multiprocessing,2026-10-03T11:26:26+00:00
R4-00181,R4,t2a-standard-4,Linux,6.1.0-53-cloud-arm64,aarch64,0xd0c,arm,4,4,,16.8,3.14.6,CPython,1,forkserver,2.5.3,numpy,np_fft,2678,947,0.8,seconds,normal,3114,970,4,8,0,0,0,1,0.0001742645365784515,1.0,0.8453131546301039,0.023310537431318654,1.8204370323134964,0.0,0.07844189399997958,0.0008889610021469707,0.05629028099997413,0.5286666140000307,0.41123953999999685,0.16016398099986873,0.528667;0.530763;0.522120,0.416303;0.411240;0.394276,0.154266;0.162382;0.160164,,multiprocessing,2026-10-03T11:26:29+00:00
R4-00182,R4,t2a-standard-4,Linux,6.1.0-53-cloud-arm64,aarch64,0xd0c,arm,4,4,,16.8,3.14.6,CPython,1,forkserver,2.5.3,numpy,np_linalg_solve,46,222879,0.8,ms,big,26,222901,4,8,0,3,0,1,0.0003379668333612547,1.0,0.21540173702407484,0.10616870191275776,0.60072724386113,0.0,0.006215246000010666,0.0010463199996593175,0.05629028099997413,0.007665783999982523,0.0054577369999151415,0.011731983999879958,0.007428;0.007796;0.007666,0.007557;0.005433;0.005458,0.011732;0.011286;0.014337,,threading,2026-10-03T11:26:30+00:00
R4-00183,R4,t2a-standard-4,Linux,6.1.0-53-cloud-arm64,aarch64,0xd0c,arm,4,4,,16.8,3.14.6,CPython,1,forkserver,2.5.3,numpy,np_sort,284365,742,0.0,seconds,normal,403,767,4,8,0,3,0,1,0.020608882333363,1.0,0.010025235479950876,0.000526002976048382,1.4164442823113854,0.0,0.10546042600003602,0.00022480899997390225,0.05629028099997413,8.254291227000067,2.197479942999962,2.121817061999991,8.254291;8.248556;8.256227,2.197480;2.197426;2.200413,2.121817;2.120512;2.148325,,multiprocessing,2026-10-03T11:27:08+00:00
R4-00184,R4,t2a-standard-4,Linux,6.1.0-53-cloud-arm64,aarch64,0xd0c,arm,4,4,,16.8,3.14.6,CPython,1,forkserver,2.5.3,db,db_mem_group_by,14,773,0.0,seconds,normal,3852,795,4,2,1,2,1,0,0.00013707888430218183,1.0,0.11714216749356551,0.027867530454832017,0.8591339578182613,0.0,0.10853165200001058,0.0009392539982400194,0.07593770700009372,0.529217405000054,0.6896161280001252,0.26072600199995577,0.518062;0.543600;0.529217,0.974298;0.689616;0.658882,0.261036;0.256647;0.260726,,multiprocessing,2026-10-03T11:27:14+00:00
R4-00185,R4,t2a-standard-4,Linux,6.1.0-53-cloud-arm64,aarch64,0xd0c,arm,4,4,,16.8,3.14.6,CPython,1,forkserver,2.5.3,gil_release,gil_bz2,23,300000,0.3,seconds,big,666,300022,4,8,0,1,0,1,0.0041627368460957275,1.0,0.12173104675812418,0.010901260051332577,1.858477024748855,0.0,0.08502765800017187,0.0012937370008785365,0.05629028099997413,2.728247644000021,0.7038902540000436,0.8094352059999892,2.730679;2.727468;2.728248,0.702100;0.703890;0.718263,0.794327;0.809435;0.819914,,threading,2026-10-03T11:27:28+00:00
R4-00186,R4,t2a-standard-4,Linux,6.1.0-53-cloud-arm64,aarch64,0xd0c,arm,4,4,,16.8,3.14.6,CPython,1,forkserver,2.5.3,tiny,tiny_dict_lookup,4,22,0.3,ms,normal,101800,41,4,2,0,1,0,0,2.9152150057143447e-07,1.0,2.665872119859286,12.891158991828144,0.5206412031921441,0.0,0.005725439000116239,0.0032579829990027065,0.07593770700009372,0.019861455999944155,0.024121634000039194,0.03411519199994473,0.019916;0.019861;0.019042,0.025246;0.023558;0.024122,0.034602;0.034115;0.032962,,sequential,2026-10-03T11:27:29+00:00
R4-00187,R4,t2a-standard-4,Linux,6.1.0-53-cloud-arm64,aarch64,0xd0c,arm,4,4,,16.8,3.14.6,CPython,1,forkserver,2.5.3,text,text_split_count,41,204,0.3,seconds,normal,5032,223,4,8,1,1,0,0,0.00047516037736111786,1.0,0.14847218802644674,0.007799471842815051,0.9694052934435634,0.0,0.10358185800009778,0.001113926999778414,0.05629028099997413,2.3562853410001026,2.397442788000035,0.6239721680001367,2.349906;2.359583;2.356285,2.391985;2.397443;2.412936,0.608725;0.623972;0.636249,,multiprocessing,2026-10-03T11:27:45+00:00
R4-00188,R4,t2a-standard-4,Linux,6.1.0-53-cloud-arm64,aarch64,0xd0c,arm,4,4,,16.8,3.14.6,CPython,1,forkserver,2.5.3,recursive,rec_tree_sum,58134,145358,0.8,seconds,big,14,145388.33333333334,4,4,0,4,0,0,0.0405108246667775,1.0,0.3386758082426974,0.0008261166462980845,2.461790441710573,16.5,0.18329119099985292,0.0010417199994208204,0.04261754200001633,0.5967635069998778,0.6374906040000496,0.17469874199991864,0.543172;0.624854;0.596764,0.632947;0.656128;0.637491,0.164365;0.174699;0.182405,,multiprocessing,2026-10-03T11:27:50+00:00
R4-00189,R4,t2a-standard-4,Linux,6.1.0-53-cloud-arm64,aarch64,0xd0c,arm,4,4,,16.8,3.14.6,CPython,1,forkserver,2.5.3,gil_release,gil_numpy_matmul,22,2873,0.0,ms,normal,1071,2895,4,2,0,2,0,1,1.4303932580963086e-05,1.0,0.42280699288766943,0.2939051862861009,0.3818668063631167,0.0,0.015127481000035914,0.0013527170010547707,0.07593770700009372,0.014608882000175072,0.03928365699994174,0.01694731599991428,0.014614;0.014609;0.014606,0.039193;0.039821;0.039284,0.063895;0.016947;0.014605,,sequential,2026-10-03T11:27:51+00:00
R4-00190,R4,t2a-standard-4,Linux,6.1.0-53-cloud-arm64,aarch64,0xd0c,arm,4,4,,16.8,3.14.6,CPython,1,forkserver,2.5.3,mixed,mixed_compute_then_sleep,111778,75,0.0,seconds,normal,510,97,4,8,1,3,1,0,0.008429174833357441,0.7277933878077752,0.0026077297811793005,0.0008889759142489451,1.275946438981205,0.0,0.09100708900018617,0.0007151180000164459,0.05629028099997413,4.302803738999955,3.162443306000114,0.8166679850000946,4.302804,3.162443;3.164675;3.160112,0.807667;0.816668;0.818110,,multiprocessing,2026-10-03T11:28:08+00:00
R4-00191,R4,t2a-standard-4,Linux,6.1.0-53-cloud-arm64,aarch64,0xd0c,arm,4,4,,16.8,3.14.6,CPython,1,forkserver,2.5.3,tiny,tiny_len,8,860220,0.0,seconds,big,232,860242,4,2,0,0,0,0,7.99310324227604e-07,1.0,2.9092257438323625,149.85293742445288,0.11535480744252084,0.0,0.0032324510000307782,0.002703056001337245,0.07593770700009372,5.2118999974481994e-05,0.0003617769999664233,0.14989695000008396,0.000085;0.000052;0.000023,0.000407;0.000317,0.149897,,sequential,2026-10-03T11:28:09+00:00
R4-00192,R4,t2a-standard-4,Linux,6.1.0-53-cloud-arm64,aarch64,0xd0c,arm,4,4,,16.8,3.14.6,CPython,1,forkserver,2.5.3,db,db_file_lookup,369,65,0.0,seconds,normal,378,85,4,4,1,5,1,0,0.00287773133336739,1.0,0.018627212409971828,0.0014193086141210908,0.31915742314565965,0.0,0.21494862200006537,0.0014261459996305348,0.04261754200001633,1.0792844750001223,2.470022805000326,0.2940045610000652,1.079284,2.470023,0.294005,threading,multiprocessing,2026-10-03T11:28:14+00:00
R4-00193,R4,t2a-standard-4,Linux,6.1.0-53-cloud-arm64,aarch64,0xd0c,arm,4,4,,16.8,3.14.6,CPython,1,forkserver,2.5.3,algo_rec,algo_merge_sort,1000,1952356,0.3,ms,big,10,1952379,4,4,1,10,0,0,0.0022353360000124667,1.0,0.12692397992981722,0.316482920976875,0.886156117321479,0.0,0.0177345280001191,0.003981156000008923,0.08519380200004889,0.021159372000056464,0.022195321000026524,0.023450387000139017,0.021159;0.021213;0.021038,0.022266;0.022125;0.022195,0.026663;0.023450;0.022677,,sequential,2026-10-03T11:28:15+00:00
R4-00194,R4,t2a-standard-4,Linux,6.1.0-53-cloud-arm64,aarch64,0xd0c,arm,4,4,,16.8,3.14.6,CPython,1,forkserver,2.5.3,numpy,np_linalg_solve,15,6891,0.0,ms,normal,218,6913,4,2,0,3,0,1,4.0309185195568445e-05,0.9957094111135246,0.505680290727365,0.11868138592081152,0.446339627801322,0.0,0.007995354000058796,0.0011469879996184318,0.054421678000153406,0.007620475999829068,0.015155391999996937,0.06777428899999904,0.007798;0.007620;0.007552,0.015155;0.015222;0.015122,0.067774,,sequential,2026-10-03T11:28:16+00:00
R4-00195,R4,t2a-standard-4,Linux,6.1.0-53-cloud-arm64,aarch64,0xd0c,arm,4,4,,16.8,3.14.6,CPython,1,forkserver,2.5.3,tiny,tiny_small_loop,38,34,0.8,seconds,normal,200000,53,4,2,0,0,0,0,4.5657549969746467e-07,1.0,0.9804814798821616,8.835230994010086,0.6561610314667053,0.5,0.006443169000021953,0.0033811620005508303,0.054421678000153406,0.07363968100003149,0.0842660400001023,0.08968300599985923,0.074844;0.073640;0.073412,0.084374;0.083433;0.084266,0.089683;0.088590;0.094059,,sequential,2026-10-03T11:28:17+00:00
R4-00196,R4,t2a-standard-4,Linux,6.1.0-53-cloud-arm64,aarch64,0xd0c,arm,4,4,,16.8,3.14.6,CPython,1,forkserver,2.5.3,db,db_mem_insert_select,32,1341088,0.3,ms,big,149,1341110,4,8,1,1,1,0,0.00015511172973920357,0.998146283879369,0.2433147994541187,1.3826391489044263,0.9067758709695716,0.0,0.017214878999993743,0.0052836179997939325,0.08955011299985927,0.02143794300013724,0.15015731900007268,0.17821187999993526,0.021549;0.021438;0.021382,0.150157,0.178212,,sequential,2026-10-03T11:28:19+00:00
R4-00197,R4,t2a-standard-4,Linux,6.1.0-53-cloud-arm64,aarch64,0xd0c,arm,4,4,,16.8,3.14.6,CPython,1,forkserver,2.5.3,big_result,result_matrix_lists,22,180862,0.3,ms,big,247,180884,4,4,2,5,0,0,7.39000983543758e-05,1.0,0.8466255711381926,0.6485431154838271,1.0256311300794752,0.0,0.010775271000056819,0.0017659790005382092,0.08519380200004889,0.017639627000107794,0.018239055000094595,0.04632855099998778,0.017640;0.025919;0.017152,0.019693;0.018239;0.017871,0.049432;0.046329;0.044973,,sequential,2026-10-03T11:28:20+00:00
R4-00198,R4,t2a-standard-4,Linux,6.1.0-53-cloud-arm64,aarch64,0xd0c,arm,4,4,,16.8,3.14.6,CPython,1,forkserver,2.5.3,tiny,tiny_small_loop,158,349048,0.0,seconds,big,572,349070,4,4,0,0,0,0,1.3336923100698212e-06,1.0,0.17223837711813791,37.19399865635198,0.34284795518684447,0.0,0.0023154909999902884,0.0014618219997828419,0.08519380200004889,0.0006677119999949355,0.001150504999941404,0.16206491999992068,0.000696;0.000668;0.000649,0.001339;0.001151;0.001050,0.162065,,sequential,2026-10-03T11:28:21+00:00
R4-00199,R4,t2a-standard-4,Linux,6.1.0-53-cloud-arm64,aarch64,0xd0c,arm,4,4,,16.8,3.14.6,CPython,1,forkserver,2.5.3,gil_release,gil_sha256,677,170875,0.8,seconds,big,8,170897.33333333334,4,2,1,1,0,1,0.04464010499994705,1.0,0.7996668769343462,0.0007251999069347317,1.1646065225462585,0.0,0.28321927199999664,0.000804950000201643,0.054421678000153406,0.47690094600011435,0.2739599530000305,0.27341271900013453,0.476901;0.476276;0.477072,0.273766;0.274815;0.273960,0.277996;0.273114;0.273413,,multiprocessing,2026-10-03T11:28:25+00:00
R4-00200,R4,t2a-standard-4,Linux,6.1.0-53-cloud-arm64,aarch64,0xd0c,arm,4,4,,16.8,3.14.6,CPython,1,forkserver,2.5.3,text,text_csv_parse,8,318,0.3,seconds,normal,1472,340,4,8,2,3,0,0,0.0017659062414089742,1.0,0.18033080841443158,0.0023828841325163335,1.0505803713425297,0.0,0.10072850599999583,0.001198302999000589,0.08955011299985927,2.6066231219999736,2.4525328490001357,0.6229631530000006,2.537543;2.606623;2.614673,2.452533;2.463838;2.451369,0.626522;0.622831;0.622963,,multiprocessing,2026-10-03T11:28:43+00:00
R4-00201,R4,t2a-standard-4,Linux,6.1.0-53-cloud-arm64,aarch64,0xd0c,arm,4,4,,16.8,3.14.6,CPython,1,forkserver,2.5.3,algo_rec,algo_flood_fill,59,31,0.3,ms,normal,8,50,4,8,3,10,0,0,0.01716805466670242,1.0,0.3491307652797186,0.0006298325714283315,0.4693428238596458,0.5,0.1382013539998752,0.0014012139997703343,0.08955011299985927,0.16539521100003185,0.1694706540001789,0.052459733999967284,0.165395;0.165967;0.165085,0.169471;0.169374;0.169564,0.051691;0.052460;0.055194,,multiprocessing,2026-10-03T11:28:45+00:00
R4-00202,R4,t2a-standard-4,Linux,6.1.0-53-cloud-arm64,aarch64,0xd0c,arm,4,4,,16.8,3.14.6,CPython,1,forkserver,2.5.3,db,db_file_lookup,65,593,0.3,seconds,normal,407,615,4,4,1,5,1,0,0.0006703179066759428,0.9998879946859485,0.12820083780539832,0.006077564004893631,0.3519885811726947,0.0,0.1944919759998811,0.0015724489992408053,0.08519380200004889,0.2742351649999364,1.2506549570000516,0.08840029300017704,0.277419;0.274235;0.268628,1.250655,0.093460;0.076934;0.088400,,multiprocessing,2026-10-03T11:28:48+00:00
R4-00203,R4,t2a-standard-4,Linux,6.1.0-53-cloud-arm64,aarch64,0xd0c,arm,4,4,,16.8,3.14.6,CPython,1,forkserver,2.5.3,db,db_file_lookup,140,977,0.0,ms,normal,18,999,4,8,1,5,1,0,0.0013130140000043866,1.0,0.07830520377944696,0.005719664780519204,0.6431619861532515,0.0,0.013330017000043881,0.00021443700006784638,0.08955011299985927,0.02326534000007996,1.1163267000003998,0.033649334000074305,0.023265,1.116327,0.033649,threading,sequential,2026-10-03T11:28:49+00:00
R4-00204,R4,t2a-standard-4,Linux,6.1.0-53-cloud-arm64,aarch64,0xd0c,arm,4,4,,16.8,3.14.6,CPython,1,forkserver,2.5.3,algo_iter,algo_kmeans,76,24,0.0,ms,normal,23,43,4,2,3,15,0,0,0.0016475746000196522,1.0,0.01458372613750828,0.005511009953667191,0.9463776739449276,0.0,0.018879898000022877,0.0019015209998087812,0.08305663900000582,0.03737596299993129,0.03823762499996519,0.02527984799985461,0.037376;0.037419;0.037367,0.038606;0.038223;0.038238,0.022937;0.026354;0.025280,,multiprocessing,2026-10-03T11:28:51+00:00
R4-00205,R4,t2a-standard-4,Linux,6.1.0-53-cloud-arm64,aarch64,0xd0c,arm,4,4,,16.8,3.14.6,CPython,1,forkserver,2.5.3,gil_release,gil_zlib,1,20782,0.0,seconds,normal,1481,20804,4,2,1,1,0,1,0.00039942167460962777,0.9999482652257128,0.03995009104778303,0.01644840631558483,1.9631369251368245,0.0,0.07710950099999536,0.001084775999061094,0.08305663900000582,0.5898159770001712,0.29715714999997545,0.3095460480001293,0.589816;0.589895;0.589760,0.297021;0.297983;0.297157,0.317645;0.308335;0.309546,,threading,2026-10-03T11:28:55+00:00
R4-00206,R4,t2a-standard-4,Linux,6.1.0-53-cloud-arm64,aarch64,0xd0c,arm,4,4,,16.8,3.14.6,CPython,1,forkserver,2.5.3,io,io_file_roundtrip,3,46983,0.8,ms,normal,8,47005,4,4,1,0,1,0,0.0030890273333170626,0.11327711393602047,0.4093198507296649,0.004674502722907034,1.0457238039995431,0.0,0.018644760999904975,0.001016817999925479,0.04320111599986376,0.03348819600000752,0.01465908699992724,0.014803683000081946,0.035822;0.031313;0.033488,0.014659;0.015035;0.013902,0.016783;0.014804;0.014738,,threading,2026-10-03T11:28:56+00:00
R4-00207,R4,t2a-standard-4,Linux,6.1.0-53-cloud-arm64,aarch64,0xd0c,arm,4,4,,16.8,3.14.6,CPython,1,forkserver,2.5.3,big_result,result_long_string,183,128,0.0,seconds,normal,66443,147,4,2,1,1,0,0,4.540059798470823e-05,1.0,0.04198199612807397,0.13501694406491624,0.9388326468308652,0.0,0.10547848000010163,0.002647978000823059,0.08305663900000582,3.234404783999935,3.061195850999866,8.755097212999999,3.074756;3.234405;3.243696,3.243284;3.061196;2.988409,8.755097;8.120771;8.799940,,threading,2026-10-03T11:29:41+00:00
R4-00208,R4,t2a-standard-4,Linux,6.1.0-53-cloud-arm64,aarch64,0xd0c,arm,4,4,,16.8,3.14.6,CPython,1,forkserver,2.5.3,mixed,mixed_parse_lines,1,525,0.8,seconds,normal,14324,547,4,4,2,3,1,0,0.00010064393521765243,0.37554437888380837,0.14903876472742092,0.037695763913980614,1.8558611987377458,0.0,0.07848343700015903,0.0017640270027641236,0.04320111599986376,1.4266795549999642,0.6321915040000476,0.3595897369998511,1.426314;1.426680;1.429986,0.617085;0.632192;0.641525,0.359590;0.358411;0.371308,,multiprocessing,2026-10-03T11:29:49+00:00
R4-00209,R4,t2a-standard-4,Linux,6.1.0-53-cloud-arm64,aarch64,0xd0c,arm,4,4,,16.8,3.14.6,CPython,1,forkserver,2.5.3,io,io_sleep,5727,1272991,0.8,seconds,big,157,1273014,4,4,0,1,1,0,0.00598010511117132,0.0014786253650811662,0.48284640350544417,0.0313042992624686,1.5945607738608365,25.0,0.09232929300014803,0.002261048999571358,0.04320111599986376,0.9352002850000645,0.25390528600019024,0.31788884299999154,0.936033;0.934703;0.935200,0.253905;0.253668;0.253988,0.333454;0.317330;0.317889,,threading,2026-10-03T11:29:55+00:00
R4-00210,R4,t2a-standard-4,Linux,6.1.0-53-cloud-arm64,aarch64,0xd0c,arm,4,4,,16.8,3.14.6,CPython,1,forkserver,2.5.3,text,text_split_count,2,306,0.3,seconds,normal,5047,328,4,4,1,1,0,0,5.619461990727771e-05,1.0,0.12787715580092834,0.06772801405798226,0.9948888183188964,0.0,0.10212439099996118,0.0021589270020285767,0.04320111599986376,0.2825744990000203,0.28942187799998464,0.09454530099992553,0.282526;0.282574;0.284066,0.287239;0.289422;0.289688,0.100151;0.094545;0.093045,,multiprocessing,2026-10-03T11:29:57+00:00
R4-00211,R4,t2a-standard-4,Linux,6.1.0-53-cloud-arm64,aarch64,0xd0c,arm,4,4,,16.8,3.14.6,CPython,1,forkserver,2.5.3,big_result,result_long_string,12378,104,0.3,ms,normal,16,124,4,2,1,1,0,0,0.002887915749909098,1.0,0.2153381419452983,0.026554618168232798,0.7679486119027074,0.0,0.02569936100007908,0.0005041030005941138,0.08305663900000582,0.047375134000049,0.0485605349999787,0.1498843899998974,0.047375;0.047309;0.047745,0.048561;0.048125;0.049430,0.149884;0.145828;0.193956,,sequential,2026-10-03T11:29:58+00:00
R4-00212,R4,t2a-standard-4,Linux,6.1.0-53-cloud-arm64,aarch64,0xd0c,arm,4,4,,16.8,3.14.6,CPython,1,forkserver,2.5.3,text,text_regex_findall,41,2490,0.8,seconds,normal,83,2512,4,8,1,1,0,0,0.006213996444406196,1.0,0.38250232607829776,0.0008418093017066968,1.0190424078008373,0.0,0.11325932999989163,0.0007306160000553064,0.05677646000003733,0.5072983829998066,0.48468411799990463,0.13619866099998035,0.507533;0.506235;0.507298,0.484394;0.484767;0.484684,0.139441;0.136199;0.126561,,multiprocessing,2026-10-03T11:30:03+00:00
R4-00213,R4,t2a-standard-4,Linux,6.1.0-53-cloud-arm64,aarch64,0xd0c,arm,4,4,,16.8,3.14.6,CPython,1,forkserver,2.5.3,numpy,np_sort,1825,297916,0.3,ms,big,35,297939,4,2,0,3,0,1,0.00042995562495207196,1.0,0.11642006861097948,0.1026117520962442,0.749030715822764,0.0,0.009147935999862966,0.0011834420001832768,0.08305663900000582,0.01436956099996678,0.009151535000000877,0.07464627399986057,0.014370;0.014438;0.014298,0.009198;0.009079;0.009152,0.074646,,threading,2026-10-03T11:30:03+00:00
R4-00214,R4,t2a-standard-4,Linux,6.1.0-53-cloud-arm64,aarch64,0xd0c,arm,4,4,,16.8,3.14.6,CPython,1,forkserver,2.5.3,recursive,rec_nqueens,2,76,0.3,ms,normal,260,95,4,2,1,10,0,0,0.0003006939538478876,1.0,0.2140578177635435,0.013362091102337718,0.896321357159746,0.0,0.04256337700007862,0.0013291949999256758,0.08305663900000582,0.08109828800002106,0.08254252100005033,0.04358266300005198,0.081098;0.081126;0.080939,0.082543;0.082558;0.082322,0.043583;0.041939;0.043700,,multiprocessing,2026-10-03T11:30:04+00:00
R4-00215,R4,t2a-standard-4,Linux,6.1.0-53-cloud-arm64,aarch64,0xd0c,arm,4,4,,16.8,3.14.6,CPython,1,forkserver,2.5.3,io,io_sleep_return_payload,8343,10175,0.3,seconds,normal,692,10198,4,2,0,1,1,0,0.00934930599995217,0.0022525622717518034,0.16354234609811674,0.001025352397796168,2.0972633641561584,0.0,0.08382734599990727,0.0006347390003611508,0.08305663900000582,5.762085433000038,2.8967900809998355,2.976030473000037,5.762085;5.762030;5.773369,2.894287;2.896790;2.904395,2.997707;2.964050;2.976030,,threading,2026-10-03T11:30:40+00:00
R4-00216,R4,t2a-standard-4,Linux,6.1.0-53-cloud-arm64,aarch64,0xd0c,arm,4,4,,16.8,3.14.6,CPython,1,forkserver,2.5.3,cpu,cpu_count_primes,2827,25,0.3,ms,normal,35,45,4,4,2,4,0,0,0.0014887991249850074,1.0,0.2069241120921037,0.004113886064401425,1.1896851143657174,0.0,0.023316604000001462,0.0008032100001855724,0.04320111599986376,0.04989220100014791,0.0508430050001607,0.016770167999993646,0.049847;0.050182;0.049892,0.050843;0.050896;0.050826,0.015330;0.022696;0.016770,,multiprocessing,2026-10-03T11:30:41+00:00
R4-00217,R4,t2a-standard-4,Linux,6.1.0-53-cloud-arm64,aarch64,0xd0c,arm,4,4,,16.8,3.14.6,CPython,1,forkserver,2.5.3,io,io_sleep_return_payload,412,45188,0.3,seconds,normal,4425,45211,4,4,0,1,1,0,0.0004752368018877328,0.013480796410284752,0.1589899003809803,0.030425779255709773,1.970975177064893,0.0,0.0768593380000766,0.0008040459999847371,0.04320111599986376,2.0908810500000072,0.5252623379999477,4.391135773000087,2.090881;2.091261;2.090780,0.525262;0.526616;0.525261,4.391136,,threading,2026-10-03T11:30:54+00:00
R4-00218,R4,t2a-standard-4,Linux,6.1.0-53-cloud-arm64,aarch64,0xd0c,arm,4,4,,16.8,3.14.6,CPython,1,forkserver,2.5.3,mixed,mixed_compute_then_sleep,103942,605,0.0,seconds,normal,194,630,4,2,1,3,1,0,0.007847751428536347,0.7265746006467562,0.0039040470614805315,0.0008926669812804445,1.2851755962486695,0.0,0.09845388400003685,0.0007622500004345056,0.08305663900000582,1.5192428530001507,1.1313896139999997,0.7866354309999224,1.522004;1.517955;1.519243,1.149428;1.131390;1.126926,0.787797;0.784989;0.786635,,multiprocessing,2026-10-03T11:31:05+00:00
R4-00219,R4,t2a-standard-4,Linux,6.1.0-53-cloud-arm64,aarch64,0xd0c,arm,4,4,,16.8,3.14.6,CPython,1,forkserver,2.5.3,db,db_mem_group_by,156,863272,0.0,seconds,big,231,863294,4,4,1,2,1,0,0.00034695247368370216,1.0,0.09134747507093964,0.3704968539968309,0.33037767479852437,0.0,0.08258365899996534,0.0035360580000087793,0.04320111599986376,0.08270860700008598,0.5094535959999575,0.12828126599993084,0.078820;0.084303;0.082709,0.509454,0.128704;0.128281;0.127015,,sequential,2026-10-03T11:31:08+00:00
R4-00220,R4,t2a-standard-4,Linux,6.1.0-53-cloud-arm64,aarch64,0xd0c,arm,4,4,,16.8,3.14.6,CPython,1,forkserver,2.5.3,algo_iter,algo_dijkstra,273,410805,0.3,ms,big,34,410827.625,4,4,2,15,0,0,0.0006452942500061454,1.0,0.2106433974449594,0.08963004092179609,0.798630222418796,0.0,0.013238549000107014,0.001939961000061885,0.04320111599986376,0.021866883000029702,0.02328230600005554,0.019130593999989287,0.021508;0.022293;0.021867,0.022880;0.023466;0.023282,0.020253;0.019131;0.013702,,multiprocessing,2026-10-03T11:31:09+00:00
R4-00221,R4,t2a-standard-4,Linux,6.1.0-53-cloud-arm64,aarch64,0xd0c,arm,4,4,,16.8,3.14.6,CPython,1,forkserver,2.5.3,io,io_sleep,3506,628,0.0,seconds,normal,509,651,4,4,0,1,1,0,0.003577362214303191,0.0032705885775900336,0.0021047355359691496,0.0014064233258304698,1.9645992503794987,0.0,0.07598659000018415,0.00033002500003931345,0.04320111599986376,1.8260338039999624,0.46081639800013363,0.46144810900000266,1.826034;1.828438;1.824525,0.460833;0.460816;0.459509,0.460519;0.461448;0.461948,,threading,2026-10-03T11:31:17+00:00
R4-00222,R4,t2a-standard-4,Linux,6.1.0-53-cloud-arm64,aarch64,0xd0c,arm,4,4,,16.8,3.14.6,CPython,1,forkserver,2.5.3,tiny,tiny_small_loop,2,311880,0.0,seconds,big,641,311902,4,4,0,0,0,0,4.992437439454988e-07,1.0,2.0682288795830135,98.98161086663723,0.16474644927684465,0.0,0.002420901000050435,0.0017464860011386918,0.04320111599986376,0.00021163099995646917,0.0004888999999366206,0.12465494299999591,0.000222;0.000212;0.000137,0.000899;0.000489;0.000413,0.124655,,sequential,2026-10-03T11:31:19+00:00
R4-00223,R4,t2a-standard-4,Linux,6.1.0-53-cloud-arm64,aarch64,0xd0c,arm,4,4,,16.8,3.14.6,CPython,1,forkserver,2.5.3,numpy,np_sort,283452,4495,0.8,seconds,normal,58,4520,4,4,0,3,0,1,0.02222970433338863,1.0,0.24968988332206415,0.000591985684066614,4.362202218027449,0.0,0.08321063699986553,0.0002552689998083224,0.04320111599986376,1.1975320209999154,0.3353628249999474,0.3517292730000463,1.196770;1.197698;1.197532,0.337464;0.335363;0.334849,0.384505;0.334337;0.351729,,threading,2026-10-03T11:31:25+00:00
R4-00224,R4,t2a-standard-4,Linux,6.1.0-53-cloud-arm64,aarch64,0xd0c,arm,4,4,,16.8,3.14.6,CPython,1,forkserver,2.5.3,algo_rec,algo_merge_sort,121,117,0.8,ms,normal,406,136,4,8,1,10,0,0,0.0001843939405896908,1.0,0.538877756887459,0.0656285123055646,0.9493672290485823,0.0,0.04001634400015064,0.0018193260007137724,0.05677646000003733,0.07822816199995941,0.08075181699996392,0.030204469999944195,0.078228;0.077758;0.078456,0.080752;0.081827;0.080655,0.030204;0.031515;0.026297,,multiprocessing,2026-10-03T11:31:26+00:00
R4-00225,R4,t2a-standard-4,Linux,6.1.0-53-cloud-arm64,aarch64,0xd0c,arm,4,4,,16.8,3.14.6,CPython,1,forkserver,2.5.3,algo_iter,algo_game_of_life,8,912,0.3,ms,normal,14,934,4,4,5,9,0,0,0.011209882000002835,0.9998190526087183,0.07108680739459482,0.005308203364290039,0.8712065339732691,0.5,0.07285806000004413,0.001534136000145736,0.04320111599986376,0.17672091300005377,0.17930792600009227,0.05449486099996648,0.176807;0.176721;0.176534,0.179308;0.179921;0.179136,0.055692;0.054495;0.053711,,multiprocessing,2026-10-03T11:31:28+00:00
R4-00226,R4,t2a-standard-4,Linux,6.1.0-53-cloud-arm64,aarch64,0xd0c,arm,4,4,,16.8,3.14.6,CPython,1,forkserver,2.5.3,big_result,result_sorted_pairs,30763,520,0.8,ms,normal,8,543,4,2,1,4,0,0,0.035464245000033166,1.0,0.3716290244526948,0.5781582830822584,0.9717090473867258,0.0,0.25212791199987805,0.06239408299961724,0.08305663900000582,0.26025967700002184,0.2577797230001124,0.22380958600001577,0.253430;0.260260;0.264931,0.256426;0.266151;0.257780,0.218385;0.264824;0.223810,,multiprocessing,2026-10-03T11:31:31+00:00
R4-00227,R4,t2a-standard-4,Linux,6.1.0-53-cloud-arm64,aarch64,0xd0c,arm,4,4,,16.8,3.14.6,CPython,1,forkserver,2.5.3,mixed,mixed_json_roundtrip,131,3252,0.8,seconds,normal,66,3274,4,2,1,1,1,0,0.004220580249996904,0.972755072120727,0.5568255606861158,0.0012651696442494502,0.8681172437329714,0.0,0.1080960019999111,0.0013531829999919864,0.08305663900000582,0.28463284500003283,0.28171915300004,0.14929136000000653,0.284501;0.284633;0.284665,0.282477;0.281536;0.281719,0.149291;0.154121;0.148271,,multiprocessing,2026-10-03T11:31:34+00:00
R4-00228,R4,t2a-standard-4,Linux,6.1.0-53-cloud-arm64,aarch64,0xd0c,arm,4,4,,16.8,3.14.6,CPython,1,forkserver,2.5.3,numpy,np_fft,127490,290,0.8,ms,normal,8,315,4,8,0,0,0,1,0.02202168900006048,1.0,0.518044119599989,0.0005164453975723697,2.5412511407074803,0.5,0.08876587300005667,0.0008115249997899809,0.05677646000003733,0.11746062800011714,0.05554338799993275,0.058250794000059614,0.116967;0.117467;0.117461,0.058328;0.055543;0.046677,0.159690;0.054828;0.058251,,threading,2026-10-03T11:31:35+00:00
R4-00229,R4,t2a-standard-4,Linux,6.1.0-53-cloud-arm64,aarch64,0xd0c,arm,4,4,,16.8,3.14.6,CPython,1,forkserver,2.5.3,io,io_sleep,613,525924,0.3,seconds,big,380,525947,4,8,0,1,1,0,0.0006674763866794819,0.013350057323973099,0.16686245338630298,0.12331597293362374,1.9160582299709925,0.0,0.07847269500007314,0.0021245129992166767,0.05677646000003733,0.25713221000000885,0.033246238999936395,0.14717536100010875,0.257132,0.033381;0.033246;0.033242,0.150888;0.145387;0.147175,,threading,2026-10-03T11:31:38+00:00
R4-00230,R4,t2a-standard-4,Linux,6.1.0-53-cloud-arm64,aarch64,0xd0c,arm,4,4,,16.8,3.14.6,CPython,1,forkserver,2.5.3,big_payload,big_count_byte,20,792035,0.3,seconds,big,252,792057,4,4,0,1,0,0,0.0004993585714204066,1.0,0.014200865804473573,0.206516130657818,0.9725590777071664,0.0,0.06670586199993522,0.002796363000470592,0.04320111599986376,0.1254104570000436,0.1281965759999366,0.1351821209998434,0.125216;0.125410;0.125612,0.128070;0.128277;0.128197,0.134533;0.138293;0.135182,,sequential,2026-10-03T11:31:40+00:00
R4-00231,R4,t2a-standard-4,Linux,6.1.0-53-cloud-arm64,aarch64,0xd0c,arm,4,4,,16.8,3.14.6,CPython,1,forkserver,2.5.3,big_result,result_long_string,44657,32,0.0,seconds,normal,115,52,4,4,1,1,0,0,0.01056279659997017,1.0,0.023679536029071212,0.0235889612718039,0.9404136226366633,0.0,0.1098751849999644,0.001474737000080495,0.04320111599986376,1.2394535930000075,1.299343545000056,2.7546020020001833,1.239454;1.251365;1.238550,1.298477;1.312794;1.299344,2.754602;1.089088;2.850607,,sequential,2026-10-03T11:32:01+00:00
R4-00232,R4,t2a-standard-4,Linux,6.1.0-53-cloud-arm64,aarch64,0xd0c,arm,4,4,,16.8,3.14.6,CPython,1,forkserver,2.5.3,big_result,result_records,1167,1053698,0.3,seconds,big,189,1053721,4,4,1,2,0,0,0.000890454893607889,1.0,1.876129329134161,0.9360570714268693,1.4512716336076175,0.0,0.08842325099999471,0.017534827000417863,0.04320111599986376,0.14978267900005449,0.16780862399991747,0.21085616400000617,0.173508;0.122599;0.149783,0.171012;0.167809;0.157103,0.225275;0.193382;0.210856,,sequential,2026-10-03T11:32:04+00:00
R4-00233,R4,t2a-standard-4,Linux,6.1.0-53-cloud-arm64,aarch64,0xd0c,arm,4,4,,16.8,3.14.6,CPython,1,forkserver,2.5.3,cpu,cpu_matmul_lists,7,277,0.8,seconds,normal,36046,299,4,2,3,5,0,0,4.314686522004353e-05,1.0,0.9550414014951605,0.09308208119790382,0.9507954209491959,1.0,0.10506437999993068,0.0027174039967121644,0.08305663900000582,1.5734666500000003,1.5970528459999969,0.8043728899999678,1.573058;1.573467;1.574372,1.595618;1.597053;1.599341,0.808982;0.804373;0.803980,,multiprocessing,2026-10-03T11:32:17+00:00
R4-00234,R4,t2a-standard-4,Linux,6.1.0-53-cloud-arm64,aarch64,0xd0c,arm,4,4,,16.8,3.14.6,CPython,1,forkserver,2.5.3,algo_iter,algo_dijkstra,163,782,0.3,seconds,normal,4016,804,4,8,2,15,0,0,0.0003646561605875871,0.9996887824657824,0.18416417625896386,0.011754086440934852,0.9827073681907684,0.0,0.10175204699999085,0.0007662409996100905,0.05677646000003733,1.457200506999925,1.5093823610000072,0.39548914499982857,1.439810;1.458114;1.457201,1.506899;1.513798;1.509382,0.395489;0.397147;0.389465,,multiprocessing,2026-10-03T11:32:27+00:00
R4-00235,R4,t2a-standard-4,Linux,6.1.0-53-cloud-arm64,aarch64,0xd0c,arm,4,4,,16.8,3.14.6,CPython,1,forkserver,2.5.3,text,text_split_count,25,198,0.0,seconds,normal,6344,217,4,4,1,1,0,0,0.0002850124204601653,1.0,0.03160271808359911,0.014764970586901306,0.975284427172085,0.0,0.10232075899989468,0.0006631959988681047,0.04320111599986376,1.7950438419998136,1.844801268000083,0.4567709240000113,1.800914;1.794525;1.795044,1.842474;1.844801;1.845997,0.475826;0.456771;0.455189,,multiprocessing,2026-10-03T11:32:40+00:00
R4-00236,R4,t2a-standard-4,Linux,6.1.0-53-cloud-arm64,aarch64,0xd0c,arm,4,4,,16.8,3.14.6,CPython,1,forkserver,2.5.3,tiny,tiny_small_loop,26,72,0.0,seconds,normal,200000,91,4,2,0,0,0,0,3.9099449918467144e-07,1.0,0.2231482278848819,10.409865029360725,0.625185826994425,0.0,0.005892839000125605,0.003078355001662203,0.08305663900000582,0.0636894450001364,0.07309314500002984,0.09691773399981685,0.064565;0.063689;0.063106,0.073994;0.073083;0.073093,0.099177;0.096918;0.090125,,sequential,2026-10-03T11:32:42+00:00
R4-00237,R4,t2a-standard-4,Linux,6.1.0-53-cloud-arm64,aarch64,0xd0c,arm,4,4,,16.8,3.14.6,CPython,1,forkserver,2.5.3,io,io_sleep,8777,168,0.0,ms,normal,8,188,4,2,0,1,1,0,0.008857348333397871,0.00218200929583823,0.001000061199847621,0.001354882551006868,1.4816426834509935,0.0,0.04485814200006644,0.00026945299987346516,0.08305663900000582,0.07091994000006707,0.03584490799994455,0.03624692900007176,0.070899;0.070920;0.071037,0.035804;0.035845;0.035966,0.036245;0.036247;0.036588,,threading,2026-10-03T11:32:43+00:00
R4-00238,R4,t2a-standard-4,Linux,6.1.0-53-cloud-arm64,aarch64,0xd0c,arm,4,4,,16.8,3.14.6,CPython,1,forkserver,2.5.3,mixed,mixed_hash_then_write,41819,4485,0.8,ms,normal,601,4508.2,4,8,1,3,1,0,0.0003799795075927002,0.9841911637717126,0.13275494330365176,0.013080179202031245,0.9880361800733944,0.0,0.10226483900009953,0.0013471819979713473,0.05677646000003733,0.23266211400004977,0.2460065669999949,0.07994677099986802,0.230697;0.234399;0.232662,0.244598;0.246007;0.247605,0.081271;0.079947;0.075808,,multiprocessing,2026-10-03T11:32:45+00:00
R4-00239,R4,t2a-standard-4,Linux,6.1.0-53-cloud-arm64,aarch64,0xd0c,arm,4,4,,16.8,3.14.6,CPython,1,forkserver,2.5.3,big_payload,big_count_byte,8,3804390,0.0,seconds,big,52,3804412,4,8,0,1,0,0,0.002389678076934405,1.0,0.006430831753478289,0.28261676057272317,0.9722111866447294,0.0,0.0721143650000613,0.009060812999905465,0.05677646000003733,0.12414509499990345,0.12644515900001352,0.17602880199979154,0.124048;0.124161;0.124145,0.126514;0.125944;0.126445,0.172788;0.176029;0.177429,,sequential,2026-10-03T11:32:48+00:00
R4-00240,R4,t2a-standard-4,Linux,6.1.0-53-cloud-arm64,aarch64,0xd0c,arm,4,4,,16.8,3.14.6,CPython,1,forkserver,2.5.3,io,io_sleep_return_payload,9308,157058,0.0,seconds,big,318,157081,4,4,0,1,1,0,0.009420756499973018,0.003915551124859407,0.0009125258763695062,0.0042447228118826065,1.9752008572202404,0.0,0.08573621100003948,0.0005157430002782348,0.04320111599986376,2.9933372400000735,0.7530236110001169,1.265226316000053,2.991566;2.994520;2.993337,0.752506;0.753622;0.753024,1.208292;1.265226;1.335543,,threading,2026-10-03T11:33:03+00:00
R4-00241,R4,t2a-standard-4,Linux,6.1.0-53-cloud-arm64,aarch64,0xd0c,arm,4,4,,16.8,3.14.6,CPython,1,forkserver,2.5.3,mixed,mixed_hash_then_write,5341,5870,0.8,seconds,normal,3410,5893,4,8,1,3,1,0,0.0004493550446511563,0.9060221007771638,0.15350017928076518,0.011706110901596836,1.122338363828569,0.0,0.09585426699982236,0.0006892719989082252,0.05677646000003733,1.4859612220000145,1.3831925229999342,0.39808181299986245,1.485940;1.496128;1.485961,1.398503;1.383193;1.380481,0.398082;0.384572;0.400117,,multiprocessing,2026-10-03T11:33:14+00:00
R4-00242,R4,t2a-standard-4,Linux,6.1.0-53-cloud-arm64,aarch64,0xd0c,arm,4,4,,16.8,3.14.6,CPython,1,forkserver,2.5.3,recursive,rec_fib,19669,378381,0.8,seconds,big,528,378404,4,8,0,4,0,0,0.0017778238275711594,0.9998632879885316,0.47119494269559525,0.030454058023028918,0.8869097217584858,0.0,0.11144864700008839,0.0019272300005468423,0.05677646000003733,1.002396100000169,1.0144718589999684,0.34786025700009304,1.003530;1.002396;1.002175,1.015414;1.014472;1.011838,0.356559;0.347860;0.347099,,multiprocessing,2026-10-03T11:33:22+00:00
R4-00243,R4,t2a-standard-4,Linux,6.1.0-53-cloud-arm64,aarch64,0xd0c,arm,4,4,,16.8,3.14.6,CPython,1,forkserver,2.5.3,recursive,rec_tree_sum,24206,532,0.0,ms,normal,8,555,4,8,0,4,0,0,0.014619462666587424,1.0,0.36531592588717193,0.0008947433313023532,0.9231633746301233,0.0,0.08021671899996363,0.0010459160002938006,0.05677646000003733,0.10840276400017501,0.11688966099995923,0.03221654800017859,0.102116;0.108403;0.109178,0.114571;0.116890;0.125030,0.037465;0.032217;0.028095,,multiprocessing,2026-10-03T11:33:24+00:00
R4-00244,R4,t2a-standard-4,Linux,6.1.0-53-cloud-arm64,aarch64,0xd0c,arm,4,4,,16.8,3.14.6,CPython,1,forkserver,2.5.3,big_payload,big_checksum_head,439,2458265,0.0,ms,big,81,2458288,4,2,1,1,0,0,1.4362449985583225e-05,1.0,0.19325121693551695,29.522007068087095,0.3790528831794981,0.0,0.010183265000023312,0.009100709000222196,0.08305663900000582,0.0010940370000298572,0.0014118080000571354,0.16837209699997402,0.001119;0.001094;0.001080,0.001473;0.001412;0.001361,0.168372,,sequential,2026-10-03T11:33:25+00:00
R4-00245,R4,t2a-standard-4,Linux,6.1.0-53-cloud-arm64,aarch64,0xd0c,arm,4,4,,16.8,3.14.6,CPython,1,forkserver,2.5.3,big_payload,big_count_byte,10,2775858,0.0,ms,big,28,2775880,4,8,0,1,0,0,0.0017483614285538351,1.0,0.008212742840432833,0.2520877915860546,0.9544848329039615,1.0,0.02842855399990185,0.003310992000024271,0.05677646000003733,0.04885059900016131,0.05044097299992245,0.05994005200000174,0.048842;0.048851;0.049407,0.050537;0.050064;0.050441,0.059940;0.061391;0.057320,,sequential,2026-10-03T11:33:26+00:00
R4-00246,R4,t2a-standard-4,Linux,6.1.0-53-cloud-arm64,aarch64,0xd0c,arm,4,4,,16.8,3.14.6,CPython,1,forkserver,2.5.3,text,text_csv_parse,6,315,0.3,seconds,normal,366,337,4,2,2,3,0,0,0.001299071948732233,1.0,0.14962968555825257,0.0030899751281947448,0.980660994178424,0.0,0.10324779599977774,0.0011583179991703219,0.08305663900000582,0.4682053310000356,0.4797321439998541,0.23976171399999657,0.468205;0.473337;0.468104,0.479635;0.479732;0.480957,0.239762;0.240203;0.239346,,multiprocessing,2026-10-03T11:33:31+00:00
R4-00247,R4,t2a-standard-4,Linux,6.1.0-53-cloud-arm64,aarch64,0xd0c,arm,4,4,,16.8,3.14.6,CPython,1,forkserver,2.5.3,cpu,cpu_sum_squares,114206,21,0.3,seconds,normal,55,43,4,8,1,2,0,0,0.00879837649995352,0.9998306879924284,0.15223001171996484,0.0008380712780933291,1.0266271809788634,0.0,0.10493961799988938,0.0006705820001116081,0.05677646000003733,0.45449974400003157,0.46098739299986846,0.13306261100001393,0.454442;0.454500;0.455074,0.460987;0.461024;0.460935,0.133245;0.133063;0.131804,,multiprocessing,2026-10-03T11:33:34+00:00
R4-00248,R4,t2a-standard-4,Linux,6.1.0-53-cloud-arm64,aarch64,0xd0c,arm,4,4,,16.8,3.14.6,CPython,1,forkserver,2.5.3,recursive,rec_quicksort,809,707948,0.8,seconds,big,282,707970.8,4,8,1,8,0,0,0.001016908940000576,0.9995909538354965,0.5364926324612808,0.10852038530486281,0.8174123591433637,0.0,0.11556272400002854,0.003406905999781884,0.05677646000003733,0.2989633940001113,0.3055556550000347,0.16995635699981904,0.298325;0.298998;0.298963,0.305556;0.305269;0.305867,0.170145;0.169956;0.157897,,multiprocessing,2026-10-03T11:33:38+00:00
R4-00249,R4,t2a-standard-4,Linux,6.1.0-53-cloud-arm64,aarch64,0xd0c,arm,4,4,,16.8,3.14.6,CPython,1,forkserver,2.5.3,tiny,tiny_add,384,105,0.0,seconds,normal,200000,125,4,8,0,1,0,0,1.9972550069269347e-07,1.0,2.6191205480882243,19.347053680544068,0.46499287943923573,0.0,0.00532799999996314,0.003278698998656182,0.05677646000003733,0.020799104999923657,0.031130735000033383,0.0821097870000358,0.020786;0.020889;0.020799,0.031131;0.030800;0.031162,0.077877;0.082110;0.089453,,sequential,2026-10-03T11:33:39+00:00
R4-00250,R4,t2a-standard-4,Linux,6.1.0-53-cloud-arm64,aarch64,0xd0c,arm,4,4,,16.8,3.14.6,CPython,1,forkserver,2.5.3,text,text_csv_parse,10,54,0.0,ms,normal,786,73,4,8,2,3,0,0,0.00035849525713404416,1.0,0.019455107475167016,0.011554267221710903,1.030278797135437,0.5,0.09951220400012062,0.0005389750012909644,0.05677646000003733,0.2852351820001786,0.27728806600021016,0.08393141099986678,0.283782;0.285829;0.285235,0.276818;0.278431;0.277288,0.078911;0.083931;0.087467,,multiprocessing,2026-10-03T11:33:42+00:00
R4-00251,R4,t2a-standard-4,Linux,6.1.0-53-cloud-arm64,aarch64,0xd0c,arm,4,4,,16.8,3.14.6,CPython,1,forkserver,2.5.3,text,text_split_count,43,514,0.8,seconds,normal,3048,536,4,8,1,1,0,0,0.0011439970444573394,0.9997610723777347,0.5023976891575032,0.003646993657730001,1.0469465175385535,0.0,0.10070714699986638,0.0004074919993399817,0.05677646000003733,3.705652672000042,3.816929251999909,0.9421350339998753,3.679731;3.706692;3.705653,3.810030;3.816929;3.830483,0.942135;0.941187;0.954366,,multiprocessing,2026-10-03T11:34:08+00:00
R4-00252,R4,t2a-standard-4,Linux,6.1.0-53-cloud-arm64,aarch64,0xd0c,arm,4,4,,16.8,3.14.6,CPython,1,forkserver,2.5.3,mixed,mixed_parse_lines,4,238580,0.0,seconds,big,55,238602,4,4,2,3,1,0,0.04787707699991491,0.9977900808411324,0.0017332808533367496,0.0008772674229725985,0.973625532251045,0.0,0.29139824999992925,0.0003409280002415471,0.04320111599986376,2.622087658000055,2.7046928540000863,0.7665740270001606,2.621318;2.624694;2.622088,2.703851;2.707999;2.704693,0.765529;0.767532;0.766574,,multiprocessing,2026-10-03T11:34:27+00:00
R4-00253,R4,t2a-standard-4,Linux,6.1.0-53-cloud-arm64,aarch64,0xd0c,arm,4,4,,16.8,3.14.6,CPython,1,forkserver,2.5.3,gil_release,gil_sha256,13,113182,0.3,ms,big,119,113204,4,2,1,1,0,1,0.0008918880689869748,1.0,0.1489896163226448,0.020386302538458263,1.8671910524920075,0.0,0.04080450700007532,0.001124659999504729,0.08305663900000582,0.10064304299999094,0.05216367499997432,0.05681271999992532,0.100643;0.100644;0.100567,0.052164;0.052432;0.052005,0.056967;0.056813;0.056478,,threading,2026-10-03T11:34:28+00:00
R4-00254,R4,t2a-standard-4,Linux,6.1.0-53-cloud-arm64,aarch64,0xd0c,arm,4,4,,16.8,3.14.6,CPython,1,forkserver,2.5.3,gil_release,gil_numpy_matmul,29,41471,0.3,ms,normal,158,41493,4,2,0,2,0,1,5.1856333327985994e-05,1.0,0.27961896339672626,0.1627988221687507,0.7217514030291514,0.0,0.005860426000026564,0.0010718590001488337,0.08305663900000582,0.007607817999996769,0.008923601000105919,0.009135965000041324,0.007335;0.007608;0.007718,0.008823;0.008924;0.009053,0.009136;0.010285;0.008156,,sequential,2026-10-03T11:34:29+00:00
R4-00255,R4,t2a-standard-4,Linux,6.1.0-53-cloud-arm64,aarch64,0xd0c,arm,4,4,,16.8,3.14.6,CPython,1,forkserver,2.5.3,big_result,result_sorted_pairs,635,50,0.0,ms,normal,487,70,4,4,1,4,0,0,0.0002640788264381461,1.0,0.3553825633135997,0.6994099166771325,1.021178197341039,0.0,0.06746257999998306,0.00417815500100005,0.04320111599986376,0.1718503449999389,0.16843813099990257,0.1513197129997934,0.168659;0.173220;0.171850,0.168438;0.168088;0.173479,0.164909;0.140185;0.151320,,multiprocessing,2026-10-03T11:34:31+00:00
R4-00256,R4,t2a-standard-4,Linux,6.1.0-53-cloud-arm64,aarch64,0xd0c,arm,4,4,,16.8,3.14.6,CPython,1,forkserver,2.5.3,recursive,rec_tree_sum,27,946,0.3,seconds,normal,200000,968,4,8,0,4,0,0,1.0699086001977775e-05,1.0,1.3884761246801696,0.412194090008109,0.9825443752182832,0.0,0.047138582999878054,0.0031349769960797857,0.05677646000003733,2.088127314000076,2.200618582000061,0.6488998059999176,2.079034;2.089173;2.088127,2.190693;2.207440;2.200619,0.653950;0.648900;0.634054,,multiprocessing,2026-10-03T11:34:47+00:00
R4-00257,R4,t2a-standard-4,Linux,6.1.0-53-cloud-arm64,aarch64,0xd0c,arm,4,4,,16.8,3.14.6,CPython,1,forkserver,2.5.3,tiny,tiny_len,24,33,0.0,seconds,normal,200000,52,4,2,0,0,0,0,1.8368249925515557e-07,1.0,1.8791038213238427,26.077879004326544,0.5018416916720123,0.0,0.005071391000001313,0.0032011650014283077,0.08305663900000582,0.019681598000033773,0.030167346999860456,0.07550998699980482,0.019431;0.019682;0.019709,0.030167;0.029777;0.030331,0.080490;0.072854;0.075510,,sequential,2026-10-03T11:34:48+00:00
R4-00258,R4,t2a-standard-4,Linux,6.1.0-53-cloud-arm64,aarch64,0xd0c,arm,4,4,,16.8,3.14.6,CPython,1,forkserver,2.5.3,algo_iter,algo_edit_distance,4960,982,0.8,seconds,normal,377,1005,4,2,2,16,0,0,0.0008305984590196367,1.0,0.49477831050304716,0.005085550017624316,0.8880781139211126,0.0,0.10972168800003601,0.0015317809998123266,0.08305663900000582,0.34697989500000403,0.3509855490001428,0.17495920200008186,0.346855;0.347055;0.346980,0.351171;0.350432;0.350986,0.174821;0.174959;0.175141,,multiprocessing,2026-10-03T11:34:51+00:00
R4-00259,R4,t2a-standard-4,Linux,6.1.0-53-cloud-arm64,aarch64,0xd0c,arm,4,4,,16.8,3.14.6,CPython,1,forkserver,2.5.3,io,io_file_roundtrip,2,1170620,0.3,ms,big,8,1170642,4,8,1,0,1,0,0.00843305933328035,0.2734397627789497,0.23251008405776313,0.021064992704430602,1.0452362971635984,0.0,0.05430956400005016,0.0007446090003213612,0.05677646000003733,0.12745683400021335,0.12608955900009278,0.1261152409999795,0.080144;0.127929;0.127457,0.124351;0.126090;0.126571,0.081108;0.126115;0.127009,,threading,2026-10-03T11:34:53+00:00
R4-00260,R4,t2a-standard-4,Linux,6.1.0-53-cloud-arm64,aarch64,0xd0c,arm,4,4,,16.8,3.14.6,CPython,1,forkserver,2.5.3,cpu,cpu_matmul_lists,10,502951,0.0,seconds,big,397,502973,4,8,3,5,0,0,7.727251514699325e-05,1.0,0.05932985452560564,0.9344965653138344,0.9525086200371675,0.0,0.01763566800013905,0.0018418630006635794,0.05677646000003733,0.03045215400015877,0.03147912100007488,0.11871373100007077,0.030452;0.030440;0.030518,0.031469;0.031479;0.031511,0.122127;0.118714;0.117410,,sequential,2026-10-03T11:34:55+00:00
R4-00261,R4,t2a-standard-4,Linux,6.1.0-53-cloud-arm64,aarch64,0xd0c,arm,4,4,,16.8,3.14.6,CPython,1,forkserver,2.5.3,mixed,mixed_compute_then_sleep,3734,334,0.0,seconds,normal,5434,357,4,2,1,3,1,0,0.0003308463311329873,0.6201674597044488,0.020949158535308383,0.012900399961274397,1.556067937114989,0.0,0.08285657600004015,0.0006665289988632139,0.08305663900000582,1.792523790000132,1.1270440710000003,0.90062412400016,1.792524;1.797350;1.789080,1.127231;1.126947;1.127044,0.898386;0.900624;0.902663,,multiprocessing,2026-10-03T11:35:07+00:00
R4-00262,R4,t2a-standard-4,Linux,6.1.0-53-cloud-arm64,aarch64,0xd0c,arm,4,4,,16.8,3.14.6,CPython,1,forkserver,2.5.3,cpu,cpu_sum_squares,211612,886,0.3,ms,normal,8,911,4,8,1,2,0,0,0.018665475333364157,1.0,0.12384059400496335,0.0006700427667534067,1.054338338826354,0.5,0.10526945999981763,0.0002310419997684221,0.05677646000003733,0.13738848999992115,0.13919098799988205,0.042660757000021476,0.137791;0.137388;0.137384,0.139019;0.140247;0.139191,0.047557;0.042661;0.042204,,multiprocessing,2026-10-03T11:35:08+00:00
R4-00263,R4,t2a-standard-4,Linux,6.1.0-53-cloud-arm64,aarch64,0xd0c,arm,4,4,,16.8,3.14.6,CPython,1,forkserver,2.5.3,big_payload,big_checksum_head,1652,2646520,0.8,ms,big,75,2646543,4,8,1,1,0,0,5.135161110400885e-05,1.0,0.515218026166903,8.635537780427594,0.576586743484747,0.0,0.010879787000021679,0.008243921000257615,0.05677646000003733,0.004001959999868632,0.004573805000063658,0.1291616769999564,0.004013;0.004002;0.003988,0.004708;0.004574;0.004524,0.129162,,sequential,2026-10-03T11:35:10+00:00
R4-00264,R4,t2a-standard-4,Linux,6.1.0-53-cloud-arm64,aarch64,0xd0c,arm,4,4,,16.8,3.14.6,CPython,1,forkserver,2.5.3,db,db_mem_group_by,4177,130812,0.0,seconds,big,476,130835,4,2,1,2,1,0,0.00573220233334521,1.0,0.013713053870615484,0.0036418424541171846,0.2271510313119284,0.0,0.27817998099999386,0.0004409250000207976,0.08305663900000582,2.716407100999959,7.002368604999901,1.2004737209999803,2.716407,7.002369,1.200474,threading,multiprocessing,2026-10-03T11:35:22+00:00
R4-00265,R4,t2a-standard-4,Linux,6.1.0-53-cloud-arm64,aarch64,0xd0c,arm,4,4,,16.8,3.14.6,CPython,1,forkserver,2.5.3,db,db_mem_group_by,457,147,0.0,ms,normal,93,167,4,2,1,2,1,0,0.0006783861304128274,0.9995366483798598,0.06757118319383697,0.007072741849066583,0.23638930240709324,0.0,0.0823768340001152,0.0014787310008159693,0.08430099699990024,0.06926272300006531,0.2718343340000047,0.03247772600002463,0.069263;0.069359;0.068105,0.271834,0.032478;0.032688;0.032453,,multiprocessing,2026-10-03T11:35:23+00:00
R4-00266,R4,t2a-standard-4,Linux,6.1.0-53-cloud-arm64,aarch64,0xd0c,arm,4,4,,16.8,3.14.6,CPython,1,forkserver,2.5.3,tiny,tiny_len,16,57,0.0,ms,normal,200000,76,4,2,0,0,0,0,1.531814986037716e-07,1.0,2.0626340985050424,25.982249807867007,0.41267853512015307,0.0,0.005013796999946862,0.003148582002722833,0.08430099699990024,0.013249097999960213,0.021568638999951872,0.07797817499999837,0.014267;0.013249;0.012967,0.022379;0.021569;0.021255,0.077978,,sequential,2026-10-03T11:35:24+00:00
R4-00267,R4,t2a-standard-4,Linux,6.1.0-53-cloud-arm64,aarch64,0xd0c,arm,4,4,,16.8,3.14.6,CPython,1,forkserver,2.5.3,algo_iter,algo_dijkstra,73,123,0.0,ms,normal,143,142,4,4,2,15,0,0,0.0001504193714091733,1.0,0.06875531615576067,0.028360708763400168,0.9018339150244563,0.0,0.012870332999909806,0.0017250530004275788,0.05759893499998725,0.0212576739997985,0.022153679999973974,0.007481893999965905,0.021201;0.021334;0.021258,0.022292;0.022154;0.022072,0.007482;0.007161;0.011970,,multiprocessing,2026-10-03T11:35:25+00:00
R4-00268,R4,t2a-standard-4,Linux,6.1.0-53-cloud-arm64,aarch64,0xd0c,arm,4,4,,16.8,3.14.6,CPython,1,forkserver,2.5.3,text,text_split_count,41,625,0.3,ms,normal,144,647,4,4,1,1,0,0,0.0014693614285988589,1.0,0.16023682910387652,0.0026446862817537773,0.9939714014376824,0.0,0.104212551000046,0.0010623679991113022,0.05759893499998725,0.20894848900002216,0.21311981900021237,0.07131562199992914,0.208948;0.208001;0.209730,0.213120;0.212495;0.214438,0.069368;0.071615;0.071316,,multiprocessing,2026-10-03T11:35:27+00:00
R4-00269,R4,t2a-standard-4,Linux,6.1.0-53-cloud-arm64,aarch64,0xd0c,arm,4,4,,16.8,3.14.6,CPython,1,forkserver,2.5.3,recursive,rec_nqueens,6,279721,0.0,seconds,big,714,279743,4,8,1,10,0,0,0.0009330499629632632,1.0,0.011532647108941413,0.04816708834501498,0.9865090271324627,0.0,0.10374893400012297,0.0022562550000202464,0.07015626999987035,0.6645083990001694,0.681967300999986,0.2906338620000497,0.665134;0.664508;0.661826,0.682313;0.681780;0.681967,0.307346;0.283293;0.290634,,multiprocessing,2026-10-03T11:35:33+00:00
R4-00270,R4,t2a-standard-4,Linux,6.1.0-53-cloud-arm64,aarch64,0xd0c,arm,4,4,,16.8,3.14.6,CPython,1,forkserver,2.5.3,db,db_file_lookup,61,1373,0.8,ms,normal,225,1395,4,4,1,5,1,0,0.0006672187678264306,1.0,0.34258359956263207,0.006957238315329937,0.2915729557993979,1.0,0.16526281599999493,0.001548329001707316,0.05759893499998725,0.14109269599998697,0.7971890119999898,0.04812346499988962,0.139984;0.142243;0.141093,0.797189,0.065363;0.048123;0.046949,,multiprocessing,2026-10-03T11:35:35+00:00
R4-00271,R4,t2a-standard-4,Linux,6.1.0-53-cloud-arm64,aarch64,0xd0c,arm,4,4,,16.8,3.14.6,CPython,1,forkserver,2.5.3,gil_release,gil_bz2,44,300000,0.0,ms,big,8,300022,4,2,0,1,0,1,0.0067451159999715555,1.0,0.004276392194637876,0.007100495619218519,1.4373860252965311,0.0,0.03515426799981469,0.0008106449997740128,0.08430099699990024,0.05380856700003278,0.027465785999993386,0.030376281999906496,0.053742;0.053809;0.053837,0.027667;0.027406;0.027466,0.030376;0.030414;0.029910,,threading,2026-10-03T11:35:36+00:00
R4-00272,R4,t2a-standard-4,Linux,6.1.0-53-cloud-arm64,aarch64,0xd0c,arm,4,4,,16.8,3.14.6,CPython,1,forkserver,2.5.3,tiny,tiny_dict_lookup,226,22,0.0,seconds,normal,200000,41,4,2,0,1,0,0,2.8016099997785206e-07,1.0,1.6470016702399652,21.13088541781385,0.6021777296020188,0.0,0.0057162699999935285,0.003433978999964893,0.08430099699990024,0.03682135000008202,0.046685681000099066,0.07489722699983759,0.037378;0.036821;0.036575,0.046686;0.046837;0.046295,0.074897;0.073928;0.077453,,sequential,2026-10-03T11:35:37+00:00
R4-00273,R4,t2a-standard-4,Linux,6.1.0-53-cloud-arm64,aarch64,0xd0c,arm,4,4,,16.8,3.14.6,CPython,1,forkserver,2.5.3,db,db_mem_insert_select,979,362,0.8,seconds,normal,1177,385,4,4,1,1,1,0,0.0011683788604630028,1.0,0.4171856670077808,0.0033687702928949957,0.22141528375228003,0.0,0.27577774000019417,0.0010645660004229285,0.05759893499998725,1.3941620529999454,2.5974980800001504,0.3194996160000301,1.394162,2.597498,0.319500,threading,multiprocessing,2026-10-03T11:35:42+00:00
R4-00274,R4,t2a-standard-4,Linux,6.1.0-53-cloud-arm64,aarch64,0xd0c,arm,4,4,,16.8,3.14.6,CPython,1,forkserver,2.5.3,big_result,result_long_string,2028,42,0.3,seconds,normal,3691,62,4,4,1,1,0,0,0.000474371047190752,1.0,0.16358468263266865,0.0422667026304601,0.9798461400055237,0.0,0.10347555299995292,0.0017670469976565073,0.09078298000008544,1.762265612999954,1.7550921960000778,4.2693067209997935,1.746001;1.762266;1.783475,1.794860;1.745981;1.755092,4.269307;3.812097;4.694391,,threading,2026-10-03T11:36:07+00:00
R4-00275,R4,t2a-standard-4,Linux,6.1.0-53-cloud-arm64,aarch64,0xd0c,arm,4,4,,16.8,3.14.6,CPython,1,forkserver,2.5.3,recursive,rec_fib,21,652,0.3,seconds,normal,200000,674,4,2,0,4,0,0,2.889721003612067e-06,1.0,2.657556965858104,1.4458143115166124,0.8797370146162172,0.0,0.016455205000056594,0.003301039992720689,0.04464469399999871,0.5620169920000535,0.5896279139999479,0.4045388130000447,0.566188;0.562017;0.558354,0.587559;0.589628;0.591957,0.407643;0.404539;0.399304,,multiprocessing,2026-10-03T11:36:13+00:00
R4-00276,R4,t2a-standard-4,Linux,6.1.0-53-cloud-arm64,aarch64,0xd0c,arm,4,4,,16.8,3.14.6,CPython,1,forkserver,2.5.3,big_result,result_long_string,1370,510,0.3,ms,normal,528,533,4,8,1,1,0,0,0.0003737707575710098,1.0,0.17508108103690423,0.034571992921163475,0.9512550091278369,0.0,0.1020875189999515,0.0007457600006546272,0.08731000500006303,0.19294970700002523,0.19764309199990748,0.4513880859999517,0.191918;0.192950;0.194351,0.204537;0.197643;0.195025,0.451388;0.415295;0.515257,,sequential,2026-10-03T11:36:16+00:00
R4-00277,R4,t2a-standard-4,Linux,6.1.0-53-cloud-arm64,aarch64,0xd0c,arm,4,4,,16.8,3.14.6,CPython,1,forkserver,2.5.3,db,db_mem_insert_select,34,1244,0.8,ms,normal,111,1266,4,4,1,1,1,0,0.0001518561852022955,1.0,0.2642546522966022,0.026538267315672787,0.7401368087085175,0.0,0.010455911999997625,0.0009773199994924653,0.09078298000008544,0.015392626999982895,0.05869187099983719,0.008439713000143456,0.015393;0.015766;0.014969,0.058692,0.008440;0.006862;0.021999,,multiprocessing,2026-10-03T11:36:16+00:00
R4-00278,R4,t2a-standard-4,Linux,6.1.0-53-cloud-arm64,aarch64,0xd0c,arm,4,4,,16.8,3.14.6,CPython,1,forkserver,2.5.3,tiny,tiny_dict_lookup,308,676192,0.3,ms,big,295,676214.75,4,4,0,1,0,0,5.358904031273185e-07,1.0,0.4836952060934229,196.11071472248113,0.0796815496431416,0.0,0.003441196000039781,0.002835197000649714,0.09078298000008544,7.46399998661218e-05,0.0005815590000111115,0.1478617549998944,0.000112;0.000075;0.000055,0.000582,0.147862,,sequential,2026-10-03T11:36:18+00:00
R4-00279,R4,t2a-standard-4,Linux,6.1.0-53-cloud-arm64,aarch64,0xd0c,arm,4,4,,16.8,3.14.6,CPython,1,forkserver,2.5.3,recursive,rec_fib,188,414635,0.3,seconds,big,482,414657,4,8,0,4,0,0,1.7461308325058174e-05,1.0,0.19555823466561367,3.295511936030991,0.8238332866474966,0.0,0.006308552000064083,0.0015611180010637327,0.08731000500006303,0.008489908999990803,0.008950508999987505,0.1652197519999845,0.008822;0.008490;0.008413,0.009038;0.008951;0.008858,0.165220,,sequential,2026-10-03T11:36:19+00:00
R4-00280,R4,t2a-standard-4,Linux,6.1.0-53-cloud-arm64,aarch64,0xd0c,arm,4,4,,16.8,3.14.6,CPython,1,forkserver,2.5.3,numpy,np_elementwise,204022,677495,0.8,ms,big,9,677529,4,4,0,4,0,0,0.005734071999995649,1.0,0.22224976633741614,0.017158196373579376,0.9869220849670585,0.0,0.03769910699998036,0.0011916780001683946,0.09078298000008544,0.06657106700004078,0.02128741000001355,0.031966155999953116,0.066571;0.066195;0.066794,0.021885;0.021042;0.021287,0.086392;0.025891;0.031966,,threading,2026-10-03T11:36:20+00:00
R4-00281,R4,t2a-standard-4,Linux,6.1.0-53-cloud-arm64,aarch64,0xd0c,arm,4,4,,16.8,3.14.6,CPython,1,forkserver,2.5.3,big_payload,big_count_byte,24,703728,0.8,ms,big,284,703750,4,8,0,1,0,0,0.00044554071829724576,1.0,0.02307845280700672,0.2518508306680894,0.9747680833468918,0.0,0.06718981300014093,0.002984755001079975,0.08731000500006303,0.12591573500003506,0.12854812600016885,0.14817763100018055,0.125918;0.125889;0.125916,0.128417;0.128661;0.128548,0.148075;0.148461;0.148178,,sequential,2026-10-03T11:36:23+00:00
R4-00282,R4,t2a-standard-4,Linux,6.1.0-53-cloud-arm64,aarch64,0xd0c,arm,4,4,,16.8,3.14.6,CPython,1,forkserver,2.5.3,recursive,rec_quicksort,133,199019,0.3,ms,big,216,199041,4,4,1,8,0,0,0.00013332124075094288,1.0,0.2346764631219519,0.23255034104777272,0.9149732499328653,0.5,0.016858088999924803,0.001791675999356812,0.09078298000008544,0.029006823000145232,0.02997710200020265,0.03742676700017,0.028602;0.029007;0.029130,0.030190;0.029722;0.029977,0.035378;0.037427;0.041475,,sequential,2026-10-03T11:36:24+00:00
R4-00283,R4,t2a-standard-4,Linux,6.1.0-53-cloud-arm64,aarch64,0xd0c,arm,4,4,,16.8,3.14.6,CPython,1,forkserver,2.5.3,algo_rec,algo_lcs_memo,1,39,0.8,ms,normal,43,58,4,2,1,10,0,0,0.0032158496999727506,0.999856489481882,0.31545119192792304,0.0016182348362940775,1.141298258098722,0.0,0.06261575700000321,0.0013782360001641791,0.04464469399999871,0.12285154300002432,0.12879533099999207,0.06962745400005588,0.122214;0.122852;0.123068,0.129555;0.128795;0.128790,0.069482;0.069627;0.070327,,multiprocessing,2026-10-03T11:36:25+00:00
R4-00284,R4,t2a-standard-4,Linux,6.1.0-53-cloud-arm64,aarch64,0xd0c,arm,4,4,,16.8,3.14.6,CPython,1,forkserver,2.5.3,big_payload,big_upper_copy,9,1642102,0.0,ms,big,121,1642124,4,4,0,0,0,0,0.0015176326333100102,1.0,0.06941929418577777,0.3464664560556664,1.0306550260281138,0.0,0.1014119300002676,0.011230254001020512,0.09078298000008544,0.1922613490000913,0.19056985699990037,1.9584121349985253,0.191682;0.197183;0.192261,0.175222;0.190570;0.196903,1.958412,multiprocessing,threading,2026-10-03T11:36:30+00:00
R4-00285,R4,t2a-standard-4,Linux,6.1.0-53-cloud-arm64,aarch64,0xd0c,arm,4,4,,16.8,3.14.6,CPython,1,forkserver,2.5.3,gil_release,gil_numpy_matmul,45,29154,0.8,ms,normal,1274,29176,4,8,0,2,0,1,4.945180818717945e-05,1.0,0.36982777171518644,0.15562626015387576,0.9033342668533275,0.0,0.03482950299985532,0.0015979559966581292,0.08731000500006303,0.06415057300000626,0.09632796000005328,0.042752474999815604,0.063210;0.065163;0.064151,0.097110;0.096328;0.095400,0.152802;0.042752;0.040958,,multiprocessing,2026-10-03T11:36:31+00:00
R4-00286,R4,t2a-standard-4,Linux,6.1.0-53-cloud-arm64,aarch64,0xd0c,arm,4,4,,16.8,3.14.6,CPython,1,forkserver,2.5.3,mixed,mixed_compute_then_sleep,1608,1775320,0.3,ms,big,112,1775343,4,8,1,3,1,0,0.00016964517856519836,0.5118344651469986,0.13499670894681112,1.6534460476074326,1.491998856056078,0.0,0.014368795999871509,0.006363700999827415,0.08731000500006303,0.018831663000128174,0.01109448599981988,0.15533600800017666,0.018936;0.018832;0.018812,0.011145;0.010960;0.011094,0.155336,,threading,2026-10-03T11:36:32+00:00
R4-00287,R4,t2a-standard-4,Linux,6.1.0-53-cloud-arm64,aarch64,0xd0c,arm,4,4,,16.8,3.14.6,CPython,1,forkserver,2.5.3,algo_iter,algo_dijkstra,275,1012,0.8,seconds,normal,1741,1034.55,4,8,2,15,0,0,0.0006253760124707242,1.0,0.5486338666771451,0.0068598728426094244,0.8286880671248406,0.0,0.111278047000269,0.0017169150023619295,0.08731000500006303,1.1508604040000137,1.2362840579999101,0.31637094600000637,1.150860;1.151842;1.148727,1.280094;1.232803;1.236284,0.319224;0.312115;0.316371,,multiprocessing,2026-10-03T11:36:41+00:00
R4-00288,R4,t2a-standard-4,Linux,6.1.0-53-cloud-arm64,aarch64,0xd0c,arm,4,4,,16.8,3.14.6,CPython,1,forkserver,2.5.3,algo_iter,algo_game_of_life,10,392284,0.3,ms,big,12,392306,4,4,5,9,0,0,0.01553158600002765,1.0,0.12794757120607445,0.0074334112887692455,1.2736090422362714,0.0,0.08768049900027108,0.0019232310000916186,0.04531936199964548,0.1877357190001021,0.1901697600001171,0.0629533179999271,0.187638;0.187827;0.187736,0.190989;0.190170;0.189674,0.059550;0.064800;0.062953,,multiprocessing,2026-10-03T11:36:43+00:00
R4-00289,R4,t2a-standard-4,Linux,6.1.0-53-cloud-arm64,aarch64,0xd0c,arm,4,4,,16.8,3.14.6,CPython,1,forkserver,2.5.3,big_payload,big_count_byte,2,1459608,0.3,ms,big,48,1459630,4,8,0,1,0,0,0.0009225323333339475,1.0,0.01498136539017816,0.23647481913136106,0.9051461397522182,0.0,0.026214718999653996,0.0028749469997819688,0.08731000500006303,0.04412507699998969,0.04529587199976959,0.05257767800003421,0.044066;0.044165;0.044125,0.045296;0.045248;0.045417,0.053305;0.051610;0.052578,,sequential,2026-10-03T11:36:44+00:00
R4-00290,R4,t2a-standard-4,Linux,6.1.0-53-cloud-arm64,aarch64,0xd0c,arm,4,4,,16.8,3.14.6,CPython,1,forkserver,2.5.3,big_result,result_matrix_lists,64,29,0.3,ms,normal,143,48,4,8,2,5,0,0,0.0005173689714346048,1.0,0.41648322218287515,0.23845148588181592,0.9301503520992082,0.0,0.04112248499995985,0.003318905000014638,0.08731000500006303,0.07696135599962872,0.07901650499979951,0.051923074000114866,0.078050;0.076961;0.076894,0.081486;0.079017;0.078446,0.051923;0.050418;0.072139,,multiprocessing,2026-10-03T11:36:46+00:00
R4-00291,R4,t2a-standard-4,Linux,6.1.0-53-cloud-arm64,aarch64,0xd0c,arm,4,4,,16.8,3.14.6,CPython,1,forkserver,2.5.3,tiny,tiny_dict_lookup,446,164,0.8,seconds,normal,200000,183.75,4,2,0,1,0,0,3.1241799183590045e-07,1.0,1.0769026007845253,12.912188622378856,0.560449492711371,0.0,0.005463133999910497,0.002920747016560199,0.04464469399999871,0.04201355099985449,0.05090518599990901,0.11623933999999281,0.042229;0.041320;0.042014,0.051184;0.050905;0.050703,0.116214;0.120552;0.116239,,sequential,2026-10-03T11:36:47+00:00
R4-00292,R4,t2a-standard-4,Linux,6.1.0-53-cloud-arm64,aarch64,0xd0c,arm,4,4,,16.8,3.14.6,CPython,1,forkserver,2.5.3,mixed,mixed_parse_lines,26,1869,0.8,ms,normal,12,1891,4,2,2,3,1,0,0.003246956666771439,0.8810823845642515,0.08305487023903768,0.0032933403260319936,1.4858591725215675,0.0,0.017637269999795535,0.0008985559998109238,0.04464469399999871,0.036193015000208106,0.03366238799981147,0.021872807999898214,0.036193;0.036262;0.036067,0.033662;0.033422;0.033875,0.021809;0.021873;0.022221,,multiprocessing,2026-10-03T11:36:48+00:00
R4-00293,R4,t2a-standard-4,Linux,6.1.0-53-cloud-arm64,aarch64,0xd0c,arm,4,4,,16.8,3.14.6,CPython,1,forkserver,2.5.3,tiny,tiny_len,42,465846,0.0,ms,big,429,465868,4,4,0,0,0,0,4.1942989512697017e-07,1.0,0.33932427854900704,174.62179236222627,0.08999941169224036,0.0,0.0027736249999179563,0.002134709000984003,0.04531936199964548,0.00015271900019797613,0.0005298369999309216,0.1516966450003565,0.000153;0.000155;0.000065,0.000583;0.000476,0.151697,,sequential,2026-10-03T11:36:49+00:00
R4-00294,R4,t2a-standard-4,Linux,6.1.0-53-cloud-arm64,aarch64,0xd0c,arm,4,4,,16.8,3.14.6,CPython,1,forkserver,2.5.3,text,text_regex_findall,42,208,0.3,seconds,normal,2551,227,4,2,1,1,0,0,0.0005494687032916153,1.0,0.18493204978823197,0.007203230968641077,0.9861578427219392,0.0,0.10170757500009131,0.0009786360005819006,0.04464469399999871,1.379175997999937,1.3628335480002534,0.6788258990000031,1.377002;1.379176;1.380558,1.396413;1.362834;1.361198,0.681238;0.678826;0.677748,,multiprocessing,2026-10-03T11:37:00+00:00
R4-00295,R4,t2a-standard-4,Linux,6.1.0-53-cloud-arm64,aarch64,0xd0c,arm,4,4,,16.8,3.14.6,CPython,1,forkserver,2.5.3,algo_iter,algo_kmeans,328,296437,0.0,ms,big,17,296460,4,4,3,15,0,0,0.006626065499972356,1.0,0.008217578080294328,0.008145067379189123,0.9604869081098987,0.0,0.0557366660000298,0.0016958690002866206,0.04531936199964548,0.11269744399987758,0.11608514099998501,0.04498321799974292,0.112383;0.112769;0.112697,0.116085;0.116318;0.115988,0.045875;0.044983;0.039991,,multiprocessing,2026-10-03T11:37:02+00:00
R4-00296,R4,t2a-standard-4,Linux,6.1.0-53-cloud-arm64,aarch64,0xd0c,arm,4,4,,16.8,3.14.6,CPython,1,forkserver,2.5.3,cpu,cpu_matmul_lists,9,281,0.0,ms,normal,180,303,4,8,3,5,0,0,5.8804955582066514e-05,1.0,0.08620341914217071,0.07220394844131038,0.8490383512872668,0.0,0.007027992000075756,0.0011933509986192803,0.08731000500006303,0.010382289000062883,0.011391401999844675,0.008066504999987956,0.010373;0.010496;0.010382,0.011599;0.011391;0.011310,0.008067;0.022206;0.004617,,multiprocessing,2026-10-03T11:37:02+00:00
R4-00297,R4,t2a-standard-4,Linux,6.1.0-53-cloud-arm64,aarch64,0xd0c,arm,4,4,,16.8,3.14.6,CPython,1,forkserver,2.5.3,gil_release,gil_numpy_matmul,650,2108,0.3,seconds,normal,8,2131,4,4,0,2,0,1,0.02798180566666512,1.0,0.7507575625289867,0.00046363460683634646,2.716071328867491,0.5,0.12441593500034287,0.0002657170007296372,0.04531936199964548,0.2272802830002547,0.07313481199980743,0.07212269100000412,0.227798;0.227280;0.226903,0.072822;0.073135;0.074214,0.127058;0.072123;0.071541,,multiprocessing,2026-10-03T11:37:04+00:00
R4-00298,R4,t2a-standard-4,Linux,6.1.0-53-cloud-arm64,aarch64,0xd0c,arm,4,4,,16.8,3.14.6,CPython,1,forkserver,2.5.3,recursive,rec_tree_sum,102,202,0.8,seconds,normal,86822,221,4,2,0,4,0,0,3.9740727710939457e-05,1.0,0.5680690305296836,0.10206028482619797,0.9860140491592543,0.5,0.10332273799986069,0.003170895999573986,0.04464469399999871,3.3148022200002742,3.4069127339998886,1.7028954889997294,3.314802;3.313764;3.315119,3.406063;3.412942;3.406913,1.703100;1.702115;1.702895,,multiprocessing,2026-10-03T11:37:30+00:00
R4-00299,R4,t2a-standard-4,Linux,6.1.0-53-cloud-arm64,aarch64,0xd0c,arm,4,4,,16.8,3.14.6,CPython,1,forkserver,2.5.3,numpy,np_fft,434646,1956,0.0,ms,normal,8,1981,4,2,0,0,0,1,0.0882359896665245,1.0,0.006270821378594666,0.00013766113803023443,1.3038934231593817,0.0,0.4677636410001469,0.000800352000624116,0.04464469399999871,0.6993748949998917,0.41688629899999796,0.39290707300006034,0.697965;0.701016;0.699375,0.416155;0.416929;0.416886,0.443236;0.392907;0.392862,,multiprocessing,2026-10-03T11:37:36+00:00
R4-00300,R4,t2a-standard-4,Linux,6.1.0-53-cloud-arm64,aarch64,0xd0c,arm,4,4,,16.8,3.14.6,CPython,1,forkserver,2.5.3,gil_release,gil_numpy_matmul,84,63902,0.0,seconds,normal,3129,63924,4,2,0,2,0,1,0.00014438337971839338,1.0,0.1629636806736975,0.08671254314142493,1.5047360358438986,0.5,0.08407569900009548,0.001209146997098287,0.04464469399999871,0.4489988479999738,0.2944809020000321,0.34512113899972974,0.449446;0.444330;0.448999,0.295559;0.294481;0.284146,0.363062;0.345121;0.344367,,threading,2026-10-03T11:37:40+00:00
R4-00301,R4,t2a-standard-4,Linux,6.1.0-53-cloud-arm64,aarch64,0xd0c,arm,4,4,,16.8,3.14.6,CPython,1,forkserver,2.5.3,gil_release,gil_zlib,8,10634,0.0,seconds,normal,458,10656,4,4,1,1,0,1,0.0013726463243492126,1.0,0.030156288110042243,0.004286537447248411,1.8803787953924376,0.0,0.07878364299995155,0.0008910309989005327,0.04531936199964548,0.6380035669999415,0.16561158000013165,0.17623720300025525,0.638004;0.638776;0.637722,0.166225;0.165612;0.165533,0.175459;0.176237;0.180504,,threading,2026-10-03T11:37:44+00:00
R4-00302,R4,t2a-standard-4,Linux,6.1.0-53-cloud-arm64,aarch64,0xd0c,arm,4,4,,16.8,3.14.6,CPython,1,forkserver,2.5.3,gil_release,gil_numpy_matmul,201,86283,0.3,seconds,normal,479,86305.1,4,4,0,2,0,1,0.001048775395853833,1.0,0.47184857100599137,0.01492578872913457,1.7526698315466627,0.0,0.07995771800005969,0.0007145929989746946,0.04531936199964548,0.5290356850000535,0.14476523599978464,0.16894223500003136,0.528183;0.529036;0.529106,0.143640;0.144765;0.147647,0.164379;0.168942;0.172487,,threading,2026-10-03T11:37:47+00:00
R4-00303,R4,t2a-standard-4,Linux,6.1.0-53-cloud-arm64,aarch64,0xd0c,arm,4,4,,16.8,3.14.6,CPython,1,forkserver,2.5.3,cpu,cpu_sum_squares,1571,1035,0.0,seconds,normal,28830,1058,4,2,1,2,0,0,7.822551176962847e-05,1.0,0.030538075463308126,0.0571674103714288,0.9768042415512432,0.5,0.10277494399997522,0.0016339400026481599,0.04464469399999871,2.2452764439999555,2.272138679999898,1.1516488620000018,2.243796;2.245681;2.245276,2.273606;2.272139;2.270696,1.151649;1.149053;1.158369,,multiprocessing,2026-10-03T11:38:05+00:00
R4-00304,R4,t2a-standard-4,Linux,6.1.0-53-cloud-arm64,aarch64,0xd0c,arm,4,4,,16.8,3.14.6,CPython,1,forkserver,2.5.3,algo_iter,algo_kmeans,602,463448,0.0,seconds,big,404,463471,4,4,3,15,0,0,0.012058524399981252,1.0,0.004218123078422728,0.006228208148467501,0.9721807638697206,0.0,0.12287317299978895,0.0005886320000172418,0.04531936199964548,4.881363061000229,5.051425569000003,1.3235685760000706,4.862777;4.881363;4.890604,5.047727;5.051426;5.060012,1.320884;1.331165;1.323569,,multiprocessing,2026-10-03T11:38:40+00:00
R4-00305,R4,t2a-standard-4,Linux,6.1.0-53-cloud-arm64,aarch64,0xd0c,arm,4,4,,16.8,3.14.6,CPython,1,forkserver,2.5.3,gil_release,gil_numpy_matmul,22,20532,0.8,ms,normal,998,20554,4,2,0,2,0,1,3.370016065856183e-05,0.9990400180900003,0.30493222435771317,0.2055153411819469,0.8126889040041592,0.0,0.019653553999887663,0.0008742269960748672,0.04464469399999871,0.03305281099983404,0.055705794999994396,0.02556557600019005,0.033138;0.033053;0.033024,0.054747;0.056107;0.055706,0.027546;0.024360;0.025566,,multiprocessing,2026-10-03T11:38:41+00:00
R4-00306,R4,t2a-standard-4,Linux,6.1.0-53-cloud-arm64,aarch64,0xd0c,arm,4,4,,16.8,3.14.6,CPython,1,forkserver,2.5.3,text,text_csv_parse,2,114,0.3,seconds,normal,3134,133,4,4,2,3,0,0,0.00021219036861790084,1.0,0.13208858607716165,0.018228678341338872,1.013975963355869,0.0,0.10102488000029552,0.0014457780066550185,0.04531936199964548,0.6770819120001761,0.6637361690000034,0.18519463199982056,0.677082;0.680091;0.676326,0.663736;0.659608;0.665047,0.185195;0.185817;0.177208,,multiprocessing,2026-10-03T11:38:46+00:00
R4-00307,R4,t2a-standard-4,Linux,6.1.0-53-cloud-arm64,aarch64,0xd0c,arm,4,4,,16.8,3.14.6,CPython,1,forkserver,2.5.3,text,text_csv_parse,18,107,0.8,ms,normal,11,126,4,8,2,3,0,0,0.0009543170000749038,1.0,0.7208392643064575,0.009416856787602597,0.7591077032457064,0.0,0.007954064999921684,0.0002009969998653105,0.08731000500006303,0.012227751000409626,0.01302057800012335,0.007841066000310093,0.012501;0.012186;0.012228,0.013021;0.012986;0.013336,0.004209;0.007841;0.023756,,multiprocessing,2026-10-03T11:38:47+00:00
R4-00308,R4,t2a-standard-4,Linux,6.1.0-53-cloud-arm64,aarch64,0xd0c,arm,4,4,,16.8,3.14.6,CPython,1,forkserver,2.5.3,db,db_mem_group_by,214,1714,0.3,seconds,normal,617,1736.2,4,4,1,2,1,0,0.00039353879528932775,0.9998629046150835,0.13082449924710463,0.010468853848572384,0.3627072019587228,0.0,0.188357465000081,0.0012386989983497187,0.04531936199964548,0.2405932390001908,1.3783003149987962,0.07566006299975925,0.240593,1.378300,0.075660,threading,multiprocessing,2026-10-03T11:38:49+00:00
R4-00309,R4,t2a-standard-4,Linux,6.1.0-53-cloud-arm64,aarch64,0xd0c,arm,4,4,,16.8,3.14.6,CPython,1,forkserver,2.5.3,tiny,tiny_small_loop,117,105,0.0,seconds,normal,200000,124,4,2,0,0,0,0,8.801074943676212e-07,1.0,0.9550386669683582,4.747090579215994,0.8152990710208092,0.5,0.008232496999880823,0.00352937301113343,0.08388082800001939,0.15490506700007245,0.16502233199980765,0.1458809040000233,0.157489;0.154905;0.154490,0.166995;0.165022;0.164477,0.143735;0.146816;0.145881,,multiprocessing,2026-10-03T11:38:52+00:00
R4-00310,R4,t2a-standard-4,Linux,6.1.0-53-cloud-arm64,aarch64,0xd0c,arm,4,4,,16.8,3.14.6,CPython,1,forkserver,2.5.3,algo_rec,algo_sudoku,9,1859,0.8,seconds,normal,186,1881,4,2,3,28,0,0,0.006793816374909056,1.0,0.9399502935177727,0.0009302393034923466,0.5541713676037137,0.0,0.12733465700011948,0.002234481000868982,0.08388082800001939,1.2394218710001041,1.2550215040000694,0.6370800490003603,1.238346;1.239422;1.240123,1.253042;1.255022;1.256037,0.639591;0.636580;0.637080,,multiprocessing,2026-10-03T11:39:02+00:00
R4-00311,R4,t2a-standard-4,Linux,6.1.0-53-cloud-arm64,aarch64,0xd0c,arm,4,4,,16.8,3.14.6,CPython,1,forkserver,2.5.3,algo_rec,algo_flood_fill,11,315517,0.3,ms,big,8,315539,4,2,3,10,0,0,0.00398859399971722,1.0,0.20327800738844898,0.023690386458946548,0.6982015958525141,0.0,0.028674357999989297,0.001639011000861501,0.08388082800001939,0.034812606000286905,0.035808948000067176,0.020375588000206335,0.035295;0.034762;0.034813,0.044655;0.035805;0.035809,0.020282;0.020376;0.027477,,multiprocessing,2026-10-03T11:39:02+00:00
R4-00312,R4,t2a-standard-4,Linux,6.1.0-53-cloud-arm64,aarch64,0xd0c,arm,4,4,,16.8,3.14.6,CPython,1,forkserver,2.5.3,algo_rec,algo_flood_fill,12,168,0.3,ms,normal,8,187,4,8,3,10,0,0,0.004302001333295872,1.0,0.10288002141768618,0.0025258786492929606,1.013937768610222,0.0,0.02661667300026238,0.0002275150004606985,0.09202995600026043,0.03550687100005234,0.03681456599997546,0.013739029000134906,0.035533;0.035507;0.035403,0.036832;0.036478;0.036815,0.013739;0.011977;0.014994,,multiprocessing,2026-10-03T11:39:03+00:00
R4-00313,R4,t2a-standard-4,Linux,6.1.0-53-cloud-arm64,aarch64,0xd0c,arm,4,4,,16.8,3.14.6,CPython,1,forkserver,2.5.3,recursive,rec_fib,1235,1104184,0.0,ms,big,181,1104207,4,4,0,4,0,0,0.00011478097778510548,1.0,0.04691416760684876,1.4802701045599869,0.9217249189607518,0.5,0.015065082000091934,0.004227001999879576,0.046488822999890544,0.021147930000097404,0.02106481199962218,0.16028792399993108,0.021148;0.021562;0.020404,0.021103;0.020904;0.021065,0.160288,,threading,2026-10-03T11:39:05+00:00
R4-00314,R4,t2a-standard-4,Linux,6.1.0-53-cloud-arm64,aarch64,0xd0c,arm,4,4,,16.8,3.14.6,CPython,1,forkserver,2.5.3,big_result,result_sorted_pairs,310,46,0.0,ms,normal,1839,66,4,2,1,4,0,0,0.00011538037267865986,1.0,0.4130961306118186,0.7336642104780058,0.9713931519835639,0.0,0.10457631199960815,0.0032039810025707993,0.08388082800001939,0.2764636430001701,0.2861396200000854,0.31927046000009796,0.276464;0.281684;0.275609,0.283481;0.298959;0.286140,0.330805;0.296558;0.319270,,sequential,2026-10-03T11:39:08+00:00
R4-00315,R4,t2a-standard-4,Linux,6.1.0-53-cloud-arm64,aarch64,0xd0c,arm,4,4,,16.8,3.14.6,CPython,1,forkserver,2.5.3,recursive,rec_fib,94654,66,0.0,ms,normal,8,88,4,2,0,4,0,0,0.008542186333215795,1.0,0.00283096262702058,0.0012112433849420746,0.9799949877406114,0.0,0.05206030399995143,0.00022107600034360075,0.08388082800001939,0.06852083700005096,0.06881519100033984,0.03476062899972021,0.068750;0.068521;0.068475,0.068699;0.068815;0.069250,0.034817;0.034761;0.034659,,multiprocessing,2026-10-03T11:39:09+00:00
R4-00316,R4,t2a-standard-4,Linux,6.1.0-53-cloud-arm64,aarch64,0xd0c,arm,4,4,,16.8,3.14.6,CPython,1,forkserver,2.5.3,gil_release,gil_bz2,19,300000,0.8,seconds,big,106,300022,4,8,0,1,0,1,0.003433266066622309,1.0,0.32878400123315454,0.01342836016757067,1.6140017412762886,0.5,0.08425817500028643,0.0013960530009171634,0.09202995600026043,0.36574812400021983,0.10698230299976785,0.1260503799999242,0.366274;0.365699;0.365748,0.106982;0.103743;0.107433,0.129592;0.123027;0.126050,,threading,2026-10-03T11:39:12+00:00
R4-00317,R4,t2a-standard-4,Linux,6.1.0-53-cloud-arm64,aarch64,0xd0c,arm,4,4,,16.8,3.14.6,CPython,1,forkserver,2.5.3,io,io_file_roundtrip,1,18592,0.3,ms,normal,48,18614,4,2,1,0,1,0,0.001445242583296628,0.1015355860457766,0.13137260104024734,0.004903386759634679,1.514358059068101,0.0,0.029656557999715005,0.0011426589999246062,0.08388082800001939,0.06374450700013767,0.03972520400020585,0.04220303700003569,0.064861;0.063745;0.061791,0.039995;0.039547;0.039725,0.042854;0.041506;0.042203,,threading,2026-10-03T11:39:13+00:00
R4-00318,R4,t2a-standard-4,Linux,6.1.0-53-cloud-arm64,aarch64,0xd0c,arm,4,4,,16.8,3.14.6,CPython,1,forkserver,2.5.3,big_payload,big_reverse,8,133982,0.0,ms,big,315,134004,4,8,0,0,0,0,0.00011870542310204585,1.0,0.09499049567375138,0.36152729077708423,0.9288994735749315,0.0,0.020935961999839492,0.0015895699980319478,0.09202995600026043,0.03546688300002643,0.03123032300027262,0.8003288439999778,0.039356;0.035467;0.034943,0.036174;0.031230;0.028773,0.800329,,threading,2026-10-03T11:39:14+00:00
R4-00319,R4,t2a-standard-4,Linux,6.1.0-53-cloud-arm64,aarch64,0xd0c,arm,4,4,,16.8,3.14.6,CPython,1,forkserver,2.5.3,big_result,result_matrix_lists,23,53,0.3,seconds,normal,26404,72,4,8,2,5,0,0,7.376796328749074e-05,1.0,1.6114617849825585,0.3438552299938681,0.8291326545118002,0.0,0.11795721999988018,0.0023681559923716122,0.09202995600026043,2.2241624819998833,2.1981668739999805,1.2103043730003264,2.160380;2.225553;2.224162,2.280087;2.198167;2.168862,1.198896;1.210304;1.243332,,multiprocessing,2026-10-03T11:39:32+00:00
R4-00320,R4,t2a-standard-4,Linux,6.1.0-53-cloud-arm64,aarch64,0xd0c,arm,4,4,,16.8,3.14.6,CPython,1,forkserver,2.5.3,recursive,rec_quicksort,3962,624,0.0,seconds,normal,56,647,4,8,1,8,0,0,0.005816285888815603,1.0,0.03143764277141543,0.0009276443050863604,0.9435742470548586,0.0,0.10878874199988786,0.0011248170003455016,0.09202995600026043,0.32754532099988865,0.33965661199999886,0.0994385260000854,0.327545;0.326535;0.328662,0.337566;0.339657;0.339837,0.104961;0.099439;0.096555,,multiprocessing,2026-10-03T11:39:35+00:00
R4-00321,R4,t2a-standard-4,Linux,6.1.0-53-cloud-arm64,aarch64,0xd0c,arm,4,4,,16.8,3.14.6,CPython,1,forkserver,2.5.3,mixed,mixed_hash_then_write,362,67662,0.0,ms,normal,1969,67685,4,2,1,3,1,0,0.00039536918898300526,0.2803293267413191,0.1725320195066537,0.04026540377789115,1.9916007077829685,0.0,0.0772791290000896,0.0016375649993278785,0.08388082800001939,0.7175846550003371,0.37178809100032595,0.43812361600021177,0.717585;0.721082;0.695245,0.370721;0.377370;0.371788,0.455221;0.421062;0.438124,,threading,2026-10-03T11:39:41+00:00
R4-00322,R4,t2a-standard-4,Linux,6.1.0-53-cloud-arm64,aarch64,0xd0c,arm,4,4,,16.8,3.14.6,CPython,1,forkserver,2.5.3,numpy,np_sort,12867,5774,0.8,ms,normal,134,5797,4,2,0,3,0,1,0.0009278763333041394,1.0,0.44160923538400976,0.006138587429111373,2.000553529548879,0.0,0.04672482299974945,0.0010238590007247694,0.08388082800001939,0.11899571200001446,0.06293272399989291,0.07723726199992598,0.118996;0.118991;0.119385,0.062933;0.062620;0.064171,0.112060;0.077237;0.065270,,threading,2026-10-03T11:39:42+00:00
R4-00323,R4,t2a-standard-4,Linux,6.1.0-53-cloud-arm64,aarch64,0xd0c,arm,4,4,,16.8,3.14.6,CPython,1,forkserver,2.5.3,tiny,tiny_add,2,78,0.0,ms,normal,40451,97,4,8,0,1,0,0,1.4421499963646055e-07,1.0,1.6853094611049784,25.43390083662855,0.37995840701193984,0.0,0.005144012000073417,0.0033391340007256076,0.09202995600026043,0.0033638889999565436,0.0063534659998367715,0.022795441999733157,0.003363;0.003372;0.003364,0.006786;0.006353;0.006343,0.022795,,sequential,2026-10-03T11:39:43+00:00
R4-00324,R4,t2a-standard-4,Linux,6.1.0-53-cloud-arm64,aarch64,0xd0c,arm,4,4,,16.8,3.14.6,CPython,1,forkserver,2.5.3,gil_release,gil_sha256,62,24960,0.0,ms,normal,47,24982,4,8,1,1,0,1,0.0009054282727034165,1.0,0.01708363420319292,0.007863581659315165,1.5679299616820437,0.0,0.017095641000196338,0.0007347850005317014,0.09202995600026043,0.042271790000086185,0.03023456399978386,0.02808212900026774,0.042319;0.042271;0.042272,0.030235;0.030142;0.030471,0.028950;0.020626;0.028082,,multiprocessing,2026-10-03T11:39:43+00:00
R4-00325,R4,t2a-standard-4,Linux,6.1.0-53-cloud-arm64,aarch64,0xd0c,arm,4,4,,16.8,3.14.6,CPython,1,forkserver,2.5.3,text,text_csv_parse,16,659,0.0,seconds,normal,829,681,4,2,2,3,0,0,0.0064146047499775705,1.0,0.016114318426065026,0.0009462586027670037,0.9723411827075058,0.0,0.10496414499993989,0.0009972980001293763,0.08388082800001939,5.225629084000047,5.295317752000301,2.5906479800000852,5.193364;5.233835;5.225629,5.295318;5.309027;5.286753,2.590648;2.587465;2.610638,,multiprocessing,2026-10-03T11:40:23+00:00
R4-00326,R4,t2a-standard-4,Linux,6.1.0-53-cloud-arm64,aarch64,0xd0c,arm,4,4,,16.8,3.14.6,CPython,1,forkserver,2.5.3,tiny,tiny_small_loop,163,31,0.0,seconds,normal,200000,50,4,4,0,0,0,0,1.1186510009792983e-06,1.0,0.39603470196070195,4.226429825227665,0.8110131957932206,0.0,0.008730515000024752,0.0029234559979158803,0.046488822999890544,0.20132567100017695,0.21433472799981246,0.10490062200005923,0.202238;0.201326;0.200888,0.215337;0.214335;0.214170,0.104901;0.110013;0.098688,,multiprocessing,2026-10-03T11:40:25+00:00
R4-00327,R4,t2a-standard-4,Linux,6.1.0-53-cloud-arm64,aarch64,0xd0c,arm,4,4,,16.8,3.14.6,CPython,1,forkserver,2.5.3,io,io_file_roundtrip,5,4663,0.3,seconds,normal,213,4685,4,2,1,0,1,0,0.006448503125000116,0.10818451004251398,0.21179483204046912,0.0010087418526105315,1.466672480727738,0.0,0.08556730600002993,0.00031211399982566945,0.08388082800001939,1.284055823000017,0.828965645000153,0.8333559370003059,1.302708;1.268742;1.284056,0.828966;0.834855;0.820079,0.833356;0.833856;0.830146,,threading,2026-10-03T11:40:35+00:00
R4-00328,R4,t2a-standard-4,Linux,6.1.0-53-cloud-arm64,aarch64,0xd0c,arm,4,4,,16.8,3.14.6,CPython,1,forkserver,2.5.3,algo_rec,algo_lcs_memo,3,827,0.3,seconds,normal,722,849,4,2,1,10,0,0,0.0065345928750843996,0.9998565258676309,0.26472042255109,0.0009350046860675726,0.8337271839657869,0.0,0.11865154599991001,0.001370766999116313,0.08388082800001939,5.381213079999725,5.57078846200011,2.70936381599995,5.369535;5.381213;5.388945,5.555366;5.572011;5.570788,2.690703;2.863208;2.709364,,multiprocessing,2026-10-03T11:41:17+00:00
R4-00329,R4,t2a-standard-4,Linux,6.1.0-53-cloud-arm64,aarch64,0xd0c,arm,4,4,,16.8,3.14.6,CPython,1,forkserver,2.5.3,text,text_format_report,2217,1367,0.3,ms,normal,72,1390,4,2,1,2,0,0,0.0028416127221741285,0.9998321306421565,0.15603869982864563,0.001547595344462006,1.003721844025357,0.0,0.10302775899981498,0.0010339330005990632,0.08388082800001939,0.208324489000006,0.21057218299984015,0.10197910199985927,0.201881;0.209580;0.208324,0.205418;0.211734;0.210572,0.101979;0.105090;0.101493,,multiprocessing,2026-10-03T11:41:19+00:00
R4-00330,R4,t2a-standard-4,Linux,6.1.0-53-cloud-arm64,aarch64,0xd0c,arm,4,4,,16.8,3.14.6,CPython,1,forkserver,2.5.3,tiny,tiny_add,104,211184,0.0,ms,big,947,211206,4,2,0,1,0,0,3.286313527897326e-07,1.0,0.24600712143314205,101.42398077580285,0.13995836215067728,0.0,0.002003307999984827,0.0012224090010022337,0.08388082800001939,0.00010527799986448372,0.0005978445001346699,0.15948066999999355,0.000231;0.000105;0.000068,0.000714;0.000482,0.159481,,sequential,2026-10-03T11:41:20+00:00
R4-00331,R4,t2a-standard-4,Linux,6.1.0-53-cloud-arm64,aarch64,0xd0c,arm,4,4,,16.8,3.14.6,CPython,1,forkserver,2.5.3,big_result,result_long_string,1128,616,0.0,seconds,normal,3825,639,4,8,1,1,0,0,0.0003233605612730307,0.9998660381147917,0.02459670229291887,0.036874317641174555,0.9809419257135701,0.0,0.10258123299990984,0.0012792470024578506,0.09202995600026043,1.231424159999733,1.2310783940001784,2.516647618999741,1.219764;1.243729;1.231424,1.259278;1.228640;1.231078,2.020392;2.519911;2.516648,,threading,2026-10-03T11:41:35+00:00
R4-00332,R4,t2a-standard-4,Linux,6.1.0-53-cloud-arm64,aarch64,0xd0c,arm,4,4,,16.8,3.14.6,CPython,1,forkserver,2.5.3,cpu,cpu_sum_squares,1050,598828,0.8,ms,big,333,598851,4,2,1,2,0,0,4.9578445794899576e-05,0.9981271314216735,0.44815220155364305,1.644016844197775,0.7722564120469638,0.0,0.011969917999977042,0.0023850539987506636,0.08388082800001939,0.017677885000011884,0.01836582699979772,0.1590271280001616,0.017648;0.017799;0.017678,0.018512;0.018366;0.018166,0.159027,,sequential,2026-10-03T11:41:37+00:00
R4-00333,R4,t2a-standard-4,Linux,6.1.0-53-cloud-arm64,aarch64,0xd0c,arm,4,4,,16.8,3.14.6,CPython,1,forkserver,2.5.3,numpy,np_elementwise,2042,2250,0.8,seconds,normal,3504,2273,4,4,0,4,0,0,0.00011901144976623922,1.0,0.39610249996627883,0.03886894932952942,1.1910534579834329,0.0,0.0933822910001254,0.0017250309974770062,0.046488822999890544,0.42019562699988455,0.39532809299998917,0.13032528399980947,0.420740;0.419696;0.420196,0.396128;0.387083;0.395328,0.183533;0.125047;0.130325,,multiprocessing,2026-10-03T11:41:40+00:00
R4-00334,R4,t2a-standard-4,Linux,6.1.0-53-cloud-arm64,aarch64,0xd0c,arm,4,4,,16.8,3.14.6,CPython,1,forkserver,2.5.3,numpy,np_sort,2129,7407,0.0,seconds,normal,4381,7430,4,2,0,3,0,1,0.0001465408764742653,0.9998567830079932,0.06068851964921111,0.03809073691564024,1.649451547447695,0.0,0.0811532470002021,0.0009741289986777701,0.08388082800001939,0.6335183020000841,0.38977553199993054,0.3367558600002667,0.632649;0.635607;0.633518,0.389776;0.389830;0.384347,0.337147;0.336108;0.336756,,multiprocessing,2026-10-03T11:41:45+00:00
R4-00335,R4,t2a-standard-4,Linux,6.1.0-53-cloud-arm64,aarch64,0xd0c,arm,4,4,,16.8,3.14.6,CPython,1,forkserver,2.5.3,text,text_format_report,829,92,0.3,seconds,normal,278,112,4,4,1,2,0,0,0.0010485539375129822,0.9996737545424519,0.17462163684355042,0.003751690653771441,0.9856301471495968,0.0,0.1014246390000153,0.0003910699992957234,0.046488822999890544,0.2923118720000275,0.2931717330002357,0.09133203399960621,0.293837;0.292312;0.292053,0.292697;0.293172;0.294471,0.091332;0.096728;0.089671,,multiprocessing,2026-10-03T11:41:48+00:00
R4-00336,R4,t2a-standard-4,Linux,6.1.0-53-cloud-arm64,aarch64,0xd0c,arm,4,4,,16.8,3.14.6,CPython,1,forkserver,2.5.3,text,text_format_report,53,508,0.3,seconds,normal,9568,530,4,2,1,2,0,0,6.881664867414481e-05,0.9998162402338832,0.17798300195367123,0.05960621601644172,0.9844584412482601,0.0,0.10199341599991385,0.0013663680083482177,0.08388082800001939,0.659812028000033,0.6569130510001742,0.32747408800014455,0.655064;0.661094;0.659812,0.655794;0.656913;0.658913,0.327474;0.326109;0.328006,,multiprocessing,2026-10-03T11:41:53+00:00
R4-00337,R4,t2a-standard-4,Linux,6.1.0-53-cloud-arm64,aarch64,0xd0c,arm,4,4,,16.8,3.14.6,CPython,1,forkserver,2.5.3,tiny,tiny_dict_lookup,128,49,0.0,seconds,normal,200000,68,4,8,0,1,0,0,2.6195449390797875e-07,1.0,1.2909546901219118,14.559399109398624,0.648349289767119,0.0,0.005303093999827979,0.003140070011795615,0.09202995600026043,0.031319537999934255,0.040653401000326994,0.05811776100017596,0.031274;0.031320;0.031750,0.040653;0.040155;0.040689,0.053529;0.058118;0.058988,,sequential,2026-10-03T11:41:54+00:00
R4-00338,R4,t2a-standard-4,Linux,6.1.0-53-cloud-arm64,aarch64,0xd0c,arm,4,4,,16.8,3.14.6,CPython,1,forkserver,2.5.3,mixed,mixed_compute_then_sleep,1606,533,0.3,seconds,normal,9715,556,4,8,1,3,1,0,0.00017042725596599974,0.5116960594233005,0.13970778054988434,0.02552320660122496,1.771087138251636,0.0,0.07963112500010538,0.0013358410024011391,0.09202995600026043,1.661508392000087,0.910978607999823,0.2956778339998891,1.661508,0.910979;0.911959;0.910721,0.269439;0.298091;0.295678,,multiprocessing,2026-10-03T11:42:00+00:00
R4-00339,R4,t2a-standard-4,Linux,6.1.0-53-cloud-arm64,aarch64,0xd0c,arm,4,4,,16.8,3.14.6,CPython,1,forkserver,2.5.3,io,io_sleep,12609,46,0.8,seconds,normal,16,66,4,2,0,1,1,0,0.010854898499928822,0.0021266428723974587,0.5221083167678692,0.0009239607461636997,1.4624700021685006,0.0,0.08110050599998431,0.0006553010002789961,0.08388082800001939,0.18308831199965425,0.1023084760004167,0.10309277500027747,0.183090;0.183088;0.182987,0.102307;0.102308;0.102502,0.103093;0.103899;0.102917,,threading,2026-10-03T11:42:02+00:00
R4-00340,R4,t2a-standard-4,Linux,6.1.0-53-cloud-arm64,aarch64,0xd0c,arm,4,4,,16.8,3.14.6,CPython,1,forkserver,2.5.3,recursive,rec_quicksort,1642,1608343,0.3,seconds,big,124,1608366,4,4,1,8,0,0,0.0023795428181859857,0.999892659896845,0.18295675585657137,0.10292529647159454,0.9738791132776701,0.0,0.11115674199982095,0.005215332999796374,0.046488822999890544,0.2851532800000314,0.2920950000002449,0.16340139500016448,0.287390;0.285153;0.285153,0.291284;0.292874;0.292095,0.164879;0.159376;0.163401,,multiprocessing,2026-10-03T11:42:06+00:00
R4-00341,R4,t2a-standard-4,Linux,6.1.0-53-cloud-arm64,aarch64,0xd0c,arm,4,4,,16.8,3.14.6,CPython,1,forkserver,2.5.3,algo_rec,algo_sudoku,19,342,0.0,seconds,normal,107,364,4,8,3,28,0,0,0.025930130599954283,0.9998703269456641,1.2234112251141742,0.0003014176881108979,1.5234490590341832,0.0,0.2309591799998998,0.00023999400036700536,0.09202995600026043,2.136249060999944,2.1735346890000073,0.6227021969998532,2.136249;2.136839;2.135363,2.174723;2.166076;2.173535,0.622702;0.670930;0.598093,,multiprocessing,2026-10-03T11:42:21+00:00
R4-00342,R4,t2a-standard-4,Linux,6.1.0-53-cloud-arm64,aarch64,0xd0c,arm,4,4,,16.8,3.14.6,CPython,1,forkserver,2.5.3,algo_iter,algo_game_of_life,14,186,0.0,seconds,normal,17,205,4,4,5,9,0,0,0.0229285456668246,0.9999168929047632,0.0038348628873047415,0.0024388085537671426,0.9848432548048895,0.0,0.14083554100034235,0.002059820999875228,0.046488822999890544,0.38997613999981695,0.3948174880001716,0.11561853300008806,0.389879;0.389976;0.390019,0.394817;0.395166;0.394129,0.115884;0.115587;0.115619,,multiprocessing,2026-10-03T11:42:24+00:00
R4-00343,R4,t2a-standard-4,Linux,6.1.0-53-cloud-arm64,aarch64,0xd0c,arm,4,4,,16.8,3.14.6,CPython,1,forkserver,2.5.3,io,io_sleep_return_payload,1807,2536,0.8,ms,normal,17,2559,4,8,0,1,1,0,0.0017828090001330565,0.005622042893562266,0.4611357695721734,0.0058110543710444985,1.5587929656419461,0.0,0.012675797000156308,0.0006204219994287996,0.09202995600026043,0.03201840300016556,0.005295288000070286,0.01591254499999195,0.032018,0.005295;0.005205;0.005373,0.015913;0.015464;0.030658,,threading,2026-10-03T11:42:25+00:00
R4-00344,R4,t2a-standard-4,Linux,6.1.0-53-cloud-arm64,aarch64,0xd0c,arm,4,4,,16.8,3.14.6,CPython,1,forkserver,2.5.3,recursive,rec_nqueens,7,20,0.0,ms,normal,104,39,4,4,1,10,0,0,0.0010987023076897738,1.0,0.019954586585569267,0.0038244208718830656,0.9744408458901175,0.0,0.05919330300002912,0.0013270829999783018,0.046488822999890544,0.11338686999988568,0.11587043800000174,0.038523176000126114,0.113387;0.112813;0.114708,0.115193;0.115917;0.115870,0.038523;0.035515;0.038773,,multiprocessing,2026-10-03T11:42:26+00:00
R4-00345,R4,t2a-standard-4,Linux,6.1.0-53-cloud-arm64,aarch64,0xd0c,arm,4,4,,16.8,3.14.6,CPython,1,forkserver,2.5.3,mixed,mixed_json_roundtrip,8,225,0.8,ms,normal,193,244,4,2,1,1,1,0,0.0003493932916758998,0.8368671783872463,0.3585443320631505,0.010543705555197978,1.1562007065886595,0.0,0.03247898800009352,0.001028091999614844,0.08388082800001939,0.06563983600017309,0.058428762999938044,0.035465301999920484,0.065640;0.065580;0.066362,0.058468;0.058283;0.058429,0.035352;0.035465;0.036186,,multiprocessing,2026-10-03T11:42:27+00:00
R4-00346,R4,t2a-standard-4,Linux,6.1.0-53-cloud-arm64,aarch64,0xd0c,arm,4,4,,16.8,3.14.6,CPython,1,forkserver,2.5.3,gil_release,gil_sha256,397,118874,0.3,ms,big,8,118897,4,4,1,1,0,1,0.02824848133332125,1.0,0.09592499298062998,0.0009482279619661814,1.938372529627714,0.0,0.13165437699990434,0.0002917120000347495,0.046488822999890544,0.22148495600004026,0.06409887600011643,0.06460586299999704,0.221485;0.221633;0.221448,0.064099;0.064533;0.063589,0.064606;0.066746;0.063715,,threading,2026-10-03T11:42:29+00:00
R4-00347,R4,t2a-standard-4,Linux,6.1.0-53-cloud-arm64,aarch64,0xd0c,arm,4,4,,16.8,3.14.6,CPython,1,forkserver,2.5.3,algo_iter,algo_kmeans,35,230,0.3,seconds,normal,1078,249,4,8,3,15,0,0,0.0007705131846075976,1.0,0.1407997158219034,0.007316941716535477,1.0101081365469884,0.0,0.1014337980000164,0.0017925880006259831,0.09202995600026043,0.8024247799999102,0.8231872900000781,0.23279190999983257,0.801140;0.805894;0.802425,0.823973;0.823187;0.821737,0.225321;0.232792;0.234134,,multiprocessing,2026-10-03T11:42:35+00:00
R4-00348,R4,t2a-standard-4,Linux,6.1.0-53-cloud-arm64,aarch64,0xd0c,arm,4,4,,16.8,3.14.6,CPython,1,forkserver,2.5.3,big_payload,big_count_byte,215,1354473,0.8,ms,big,147,1354495.5,4,8,0,1,0,0,0.0008529930000173004,1.0,0.0120246273895644,0.23114404220184265,0.977543069266306,0.0,0.0668178999999327,0.004634584999621438,0.09202995600026043,0.1253500369998619,0.12782268899991323,0.16907420600000478,0.125019;0.125498;0.125350,0.127823;0.127912;0.127663,0.171001;0.165964;0.169074,,sequential,2026-10-03T11:42:38+00:00
R4-00349,R4,t2a-standard-4,Linux,6.1.0-53-cloud-arm64,aarch64,0xd0c,arm,4,4,,16.8,3.14.6,CPython,1,forkserver,2.5.3,cpu,cpu_sum_squares,177209,1461,0.0,ms,normal,12,1486,4,4,1,2,0,0,0.012799761333250595,1.0,0.0025501553130046267,0.0010697595382878609,0.9795845147563581,0.0,0.07783797699994466,0.00023963300009199884,0.046488822999890544,0.1546328210001775,0.15593782299993109,0.049403201999666635,0.154633;0.154932;0.153436,0.156119;0.155938;0.155910,0.049403;0.051493;0.046706,,multiprocessing,2026-10-03T11:42:40+00:00
R4-00350,R4,t2a-standard-4,Linux,6.1.0-53-cloud-arm64,aarch64,0xd0c,arm,4,4,,16.8,3.14.6,CPython,1,forkserver,2.5.3,tiny,tiny_len,11,1048439,0.8,seconds,big,190,1048461,4,2,0,0,0,0,5.148723717634021e-07,1.0,0.3918079176259657,279.7038799865081,0.05633590382452525,0.0,0.004002723000212427,0.003484457999093138,0.08388082800001939,2.927900004578987e-05,0.000617862000126479,0.14336137999998755,0.000074;0.000029;0.000019,0.000618,0.143361,,sequential,2026-10-03T11:42:41+00:00
R4-00351,R4,t2a-standard-4,Linux,6.1.0-53-cloud-arm64,aarch64,0xd0c,arm,4,4,,16.8,3.14.6,CPython,1,forkserver,2.5.3,cpu,cpu_collatz,1797,51,0.3,ms,normal,8,71,4,4,2,5,0,0,0.011349988999882044,1.0,0.1570612818694983,0.0009468144173460965,0.9098909524748162,0.0,0.06863815799988515,0.0008376560003853228,0.046488822999890544,0.08576117700022223,0.0875014450002709,0.032352295000237064,0.085792;0.085662;0.085761,0.087604;0.087501;0.087302,0.031425;0.038596;0.032352,,multiprocessing,2026-10-03T11:42:42+00:00
R4-00352,R4,t2a-standard-4,Linux,6.1.0-53-cloud-arm64,aarch64,0xd0c,arm,4,4,,16.8,3.14.6,CPython,1,forkserver,2.5.3,cpu,cpu_sum_squares,7131,33,0.3,ms,normal,42,53,4,8,1,2,0,0,0.0004499908000070718,1.0,0.13766905660342318,0.011893132078548712,1.060740159973722,0.0,0.009248849999949016,0.00027395299957788666,0.09202995600026043,0.01812754999991739,0.019103521000033652,0.011360708000211162,0.018114;0.018128;0.018377,0.019296;0.019104;0.019023,0.010025;0.011361;0.034649,,multiprocessing,2026-10-03T11:42:43+00:00
R4-00353,R4,t2a-standard-4,Linux,6.1.0-53-cloud-arm64,aarch64,0xd0c,arm,4,4,,16.8,3.14.6,CPython,1,forkserver,2.5.3,recursive,rec_quicksort,18465,33,0.0,ms,normal,8,53,4,2,1,8,0,0,0.03225995000002513,1.0,0.024671133292757278,0.0003219575120042905,0.928179660204716,0.0,0.200573933999749,0.00026847199978874414,0.08388082800001939,0.2620748869999261,0.2667430240003341,0.13231381000014153,0.263436;0.262075;0.261710,0.266346;0.268697;0.266743,0.131709;0.132314;0.132819,,multiprocessing,2026-10-03T11:42:46+00:00
R4-00354,R4,t2a-standard-4,Linux,6.1.0-53-cloud-arm64,aarch64,0xd0c,arm,4,4,,16.8,3.14.6,CPython,1,forkserver,2.5.3,gil_release,gil_numpy_matmul,201,25310,0.0,seconds,normal,918,25332,4,4,0,2,0,1,0.0009548799622914988,1.0,0.01729101989138766,0.007887640593248278,1.8942762982467352,0.0,0.07854609700007131,0.0011553639988051145,0.046488822999890544,0.882387111999833,0.2356085520000306,0.2564405309999529,0.882387;0.879497;0.882879,0.236716;0.235609;0.234885,0.254433;0.256658;0.256441,,threading,2026-10-03T11:42:50+00:00
R4-00355,R4,t2a-standard-4,Linux,6.1.0-53-cloud-arm64,aarch64,0xd0c,arm,4,4,,16.8,3.14.6,CPython,1,forkserver,2.5.3,io,io_sleep_chunks,12705,76,0.0,seconds,normal,475,96,4,4,1,1,1,0,0.013077854749894868,0.006193460453048379,0.0013125586973264077,0.0007592797222301528,1.9753844223836305,0.0,0.07954057599999942,0.0006862590003038349,0.046488822999890544,6.1859817200002,1.5630305039999257,1.5657626420002089,6.186455;6.185982;6.181709,1.563031;1.564980;1.560878,1.568093;1.565763;1.561986,,threading,2026-10-03T11:43:19+00:00
R4-00356,R4,t2a-standard-4,Linux,6.1.0-53-cloud-arm64,aarch64,0xd0c,arm,4,4,,16.8,3.14.6,CPython,1,forkserver,2.5.3,numpy,np_elementwise,77159,7827,0.0,ms,normal,27,7852,4,2,0,4,0,0,0.0040218314998128335,1.0,0.01140890404392896,0.0022277992797446492,1.78241617117354,0.0,0.037960690000090835,0.0002815120014929562,0.08388082800001939,0.10849175199973615,0.06341559900010907,0.06308360899993204,0.108492;0.108275;0.108606,0.064007;0.063416;0.063311,0.062768;0.063084;0.065587,,multiprocessing,2026-10-03T11:43:20+00:00
R4-00357,R4,t2a-standard-4,Linux,6.1.0-53-cloud-arm64,aarch64,0xd0c,arm,4,4,,16.8,3.14.6,CPython,1,forkserver,2.5.3,db,db_file_commit,2,102887,0.3,ms,big,8,102909,4,8,1,0,1,0,0.009631707666812872,0.1576800127512537,0.17216023312416148,0.002631482147529502,1.2214510553421343,0.0,0.053544655999758106,0.0010222899995824264,0.09202995600026043,0.06803965699964465,0.01923849600007088,0.01851995800006989,0.066632;0.068646;0.068040,0.042587;0.019238;0.017541,0.031559;0.018520;0.017677,,multiprocessing,2026-10-03T11:43:21+00:00
R4-00358,R4,t2a-standard-4,Linux,6.1.0-53-cloud-arm64,aarch64,0xd0c,arm,4,4,,16.8,3.14.6,CPython,1,forkserver,2.5.3,algo_iter,algo_kmeans,187,146832,0.0,ms,big,44,146854,4,2,3,15,0,0,0.003804248181826221,1.0,0.01821921520337911,0.007125789750554013,0.980335995735747,0.0,0.08490502299991931,0.0005280239997773606,0.08388082800001939,0.16637382599992634,0.1702318689999629,0.09485668100023759,0.165854;0.166704;0.166374,0.170470;0.169286;0.170232,0.094857;0.094188;0.098143,,multiprocessing,2026-10-03T11:43:23+00:00
R4-00359,R4,t2a-standard-4,Linux,6.1.0-53-cloud-arm64,aarch64,0xd0c,arm,4,4,,16.8,3.14.6,CPython,1,forkserver,2.5.3,algo_iter,algo_game_of_life,2,539234,0.0,ms,big,10,539256,4,2,5,9,0,0,0.0035409589998683564,1.0,0.009219862953344128,0.03887346143694045,0.9437960414448421,0.5,0.02248379599996042,0.0006122210002104111,0.08388082800001939,0.03545188199996119,0.03605498299975807,0.024523254000087036,0.035276;0.035452;0.035571,0.036030;0.036055;0.036224,0.024312;0.025062;0.024523,,multiprocessing,2026-10-03T11:43:24+00:00
R4-00360,R4,t2a-standard-4,Linux,6.1.0-53-cloud-arm64,aarch64,0xd0c,arm,4,4,,16.8,3.14.6,CPython,1,forkserver,2.5.3,text,text_regex_findall,5,144726,0.8,seconds,big,110,144748,4,2,1,1,0,0,0.031993332999869985,1.0,0.6764357187445561,0.0010310168831048389,1.2103731506847393,0.5,0.20464369199999055,0.0007827360004739603,0.08388082800001939,4.716203082999982,4.7484326669996335,2.3598116260000097,4.710411;4.716203;4.724189,4.745982;4.750286;4.748433,2.359812;2.356880;2.360148,,multiprocessing,2026-10-03T11:44:00+00:00
R4-00361,R4,t2a-standard-4,Linux,6.1.0-53-cloud-arm64,aarch64,0xd0c,arm,4,4,,16.8,3.14.6,CPython,1,forkserver,2.5.3,big_result,result_long_string,147,996,0.0,ms,normal,439,1018,4,4,1,1,0,0,4.4999688074680004e-05,1.0,0.08155031773112026,0.11404190167295769,0.9037600905922014,0.5,0.010940416999801528,0.0005160239993529103,0.046488822999890544,0.019482789999983652,0.020502957999724458,0.07179807100010294,0.019413;0.019933;0.019483,0.020503;0.020705;0.020453,0.082789;0.066031;0.071798,,sequential,2026-10-03T11:44:01+00:00
R4-00362,R4,t2a-standard-4,Linux,6.1.0-53-cloud-arm64,aarch64,0xd0c,arm,4,4,,16.8,3.14.6,CPython,1,forkserver,2.5.3,big_payload,big_count_byte,82,623659,0.0,seconds,big,320,623681,4,4,0,1,0,0,0.00039317271250070005,1.0,0.019852722268837362,0.22565973476318346,0.9738947258375664,0.5,0.06602217099998597,0.0022009689996593806,0.046488822999890544,0.12566313799970885,0.12809078200007207,0.13848037499974453,0.125547;0.125663;0.125791,0.128265;0.128091;0.127907,0.138480;0.144662;0.137411,,sequential,2026-10-03T11:44:04+00:00
R4-00363,R4,t2a-standard-4,Linux,6.1.0-53-cloud-arm64,aarch64,0xd0c,arm,4,4,,16.8,3.14.6,CPython,1,forkserver,2.5.3,algo_rec,algo_lcs_memo,3,36,0.8,ms,normal,15,55,4,8,1,10,0,0,0.006482982999841624,1.0,0.672817089140834,0.0016020917209295606,0.4129217533792059,0.0,0.04496486800007915,0.00021799300020575174,0.09202995600026043,0.1023406649997014,0.10821756099994673,0.034663550999994186,0.101894;0.103139;0.102341,0.109045;0.108218;0.107345,0.034392;0.034664;0.035056,,multiprocessing,2026-10-03T11:44:05+00:00
R4-00364,R4,t2a-standard-4,Linux,6.1.0-53-cloud-arm64,aarch64,0xd0c,arm,4,4,,16.8,3.14.6,CPython,1,forkserver,2.5.3,numpy,np_linalg_solve,64,435578,0.8,seconds,big,459,435600,4,8,0,3,0,1,0.0005746830574987572,1.0,0.31346976519193587,0.10731141140922919,1.5770621808310707,0.0,0.0831811849998303,0.0023923669978103135,0.09202995600026043,0.2561313019996305,0.1451795090001724,0.2039337000001069,0.255824;0.256131;0.258437,0.146496;0.134652;0.145180,0.291822;0.191172;0.203934,,threading,2026-10-03T11:44:08+00:00
R4-00365,R4,t2a-standard-4,Linux,6.1.0-53-cloud-arm64,aarch64,0xd0c,arm,4,4,,16.8,3.14.6,CPython,1,forkserver,2.5.3,cpu,cpu_count_primes,212,1042,0.0,ms,normal,465,1064,4,8,2,4,0,0,4.5182025869821546e-05,1.0,0.06064699937969432,0.10025778869911933,0.9261534461199824,0.0,0.012050420999912603,0.001027807998980279,0.09202995600026043,0.020912900999974227,0.021686996999960684,0.015052445999572228,0.020813;0.020913;0.021150,0.021687;0.021747;0.021589,0.008146;0.022082;0.015052,,multiprocessing,2026-10-03T11:44:09+00:00
R4-00366,R4,t2a-standard-4,Linux,6.1.0-53-cloud-arm64,aarch64,0xd0c,arm,4,4,,16.8,3.14.6,CPython,1,forkserver,2.5.3,gil_release,gil_numpy_matmul,183,18854,0.3,ms,normal,80,18876,4,4,0,2,0,1,0.0008437435000132609,0.9995796621249518,0.3926841857425856,0.00909962557521838,1.7002706174554112,0.5,0.027324058999965928,0.0004419439997036534,0.046488822999890544,0.06993395600011354,0.023548178000055486,0.03037676299982195,0.069934;0.070164;0.069612,0.023548;0.023573;0.023352,0.030644;0.025254;0.030377,,threading,2026-10-03T11:44:10+00:00
R4-00367,R4,t2a-standard-4,Linux,6.1.0-53-cloud-arm64,aarch64,0xd0c,arm,4,4,,16.8,3.14.6,CPython,1,forkserver,2.5.3,recursive,rec_nqueens,4,22,0.3,seconds,normal,7917,41,4,2,1,10,0,0,0.0006323456202406742,1.0,0.18717779292680017,0.0067207708441019975,1.0504338900052197,0.0,0.09805450899966672,0.000484466000671091,0.08388082800001939,4.897898637999788,4.952831510000124,2.4489088790001006,4.897899;4.900893;4.894904,4.952832;4.954813;4.950005,2.445848;2.452294;2.448909,,multiprocessing,2026-10-03T11:44:47+00:00
R4-00368,R4,t2a-standard-4,Linux,6.1.0-53-cloud-arm64,aarch64,0xd0c,arm,4,4,,16.8,3.14.6,CPython,1,forkserver,2.5.3,algo_iter,algo_edit_distance,3964,283,0.8,ms,normal,11,306,4,4,2,16,0,0,0.0007563223333211985,1.0,0.32175881408491247,0.012322347530219463,0.7542050126505698,0.0,0.0065131100000144215,0.001268878999781009,0.046488822999890544,0.0076114339999548974,0.008115097999962018,0.007251285000165808,0.007611;0.007683;0.007609,0.008115;0.008091;0.008176,0.004079;0.008930;0.007251,,multiprocessing,2026-10-03T11:44:48+00:00
R4-00369,R4,t2a-standard-4,Linux,6.1.0-53-cloud-arm64,aarch64,0xd0c,arm,4,4,,16.8,3.14.6,CPython,1,forkserver,2.5.3,db,db_mem_group_by,419,1397161,0.3,ms,big,57,1397184,4,2,1,2,1,0,0.0007202338570745528,1.0,0.1625539668093186,0.2842595570544649,0.35798496253509177,0.0,0.04151497800012294,0.0037771580014123174,0.08388082800001939,0.03838415800009898,0.12033494900015285,0.05715287199973318,0.038384;0.038224;0.038521,0.127920;0.118543;0.120335,0.057153;0.056577;0.058186,,sequential,2026-10-03T11:44:49+00:00
R4-00370,R4,t2a-standard-4,Linux,6.1.0-53-cloud-arm64,aarch64,0xd0c,arm,4,4,,16.8,3.14.6,CPython,1,forkserver,2.5.3,db,db_file_lookup,33,23,0.0,seconds,normal,2862,42,4,2,1,5,1,0,0.0004101657786771388,1.0,0.06979600155369138,0.008684049921803945,0.37686029820469324,0.0,0.183999287000006,0.0017038610017152678,0.08388082800001939,1.1748783799998819,1.5430858479999188,0.5906520819999059,1.158619;1.174878;1.185060,1.674382;1.505169;1.543086,0.604175;0.586502;0.590652,,multiprocessing,2026-10-03T11:45:00+00:00
R4-00371,R4,t2a-standard-4,Linux,6.1.0-53-cloud-arm64,aarch64,0xd0c,arm,4,4,,16.8,3.14.6,CPython,1,forkserver,2.5.3,algo_rec,algo_lcs_memo,2,302,0.3,seconds,normal,78,324,4,4,1,10,0,0,0.005273368299958748,0.9995518264176598,0.24394369164638016,0.0010277681326947357,0.9767045363519097,0.5,0.11026685000024372,0.00029359000063777785,0.046488822999890544,0.3918184359999941,0.41123668299997007,0.12336122000033356,0.392445;0.391818;0.390400,0.409414;0.411237;0.411796,0.110709;0.123834;0.123361,,multiprocessing,2026-10-03T11:45:03+00:00
R4-00372,R4,t2a-standard-4,Linux,6.1.0-53-cloud-arm64,aarch64,0xd0c,arm,4,4,,16.8,3.14.6,CPython,1,forkserver,2.5.3,io,io_sleep,902,27,0.0,ms,normal,63,47,4,8,0,1,1,0,0.0009656778666491543,0.006466684985080132,0.0027893473488598327,0.004818584048155552,1.8149569589038506,0.0,0.0228409350002039,0.0003052300007766462,0.09202995600026043,0.061142805999679695,0.008290008999665588,0.02947687899995799,0.061143,0.008369;0.008254;0.008290,0.029477;0.043273;0.009551,,threading,2026-10-03T11:45:04+00:00
R4-00373,R4,t2a-standard-4,Linux,6.1.0-53-cloud-arm64,aarch64,0xd0c,arm,4,4,,16.8,3.14.6,CPython,1,forkserver,2.5.3,io,io_sleep_chunks,5006,365,0.0,ms,normal,11,388,4,8,1,1,1,0,0.005289094000090699,0.0065339046783104236,0.0014250324873143223,0.0023418629560980025,1.4367116259992379,1.5,0.02722235200008072,0.0002463919995534525,0.09202995600026043,0.05805698599988318,0.011059958999794617,0.01136614900042332,0.058057,0.010971;0.011084;0.011060,0.011956;0.011273;0.011366,,threading,2026-10-03T11:45:05+00:00
R4-00374,R4,t2a-standard-4,Linux,6.1.0-53-cloud-arm64,aarch64,0xd0c,arm,4,4,,16.8,3.14.6,CPython,1,forkserver,2.5.3,cpu,cpu_sum_squares,1211,169,0.8,seconds,normal,55193,189,4,2,1,2,0,0,6.110001842442917e-05,1.0,0.4934468527846392,0.06827984944638056,0.9302078254078354,0.0,0.10500073299999713,0.0014926330027265067,0.08388082800001939,3.3372656770002322,3.377600541999982,1.6902715879996322,3.334395;3.337266;3.337553,3.373752;3.377601;3.378793,1.690272;1.689160;1.694080,,multiprocessing,2026-10-03T11:45:31+00:00
R4-00375,R4,t2a-standard-4,Linux,6.1.0-53-cloud-arm64,aarch64,0xd0c,arm,4,4,,16.8,3.14.6,CPython,1,forkserver,2.5.3,recursive,rec_fib,1211,457,0.0,ms,normal,575,480,4,8,0,4,0,0,0.00011288773427807243,1.0,0.029204292616578833,0.0374518097295481,0.9678666153132198,1.0,0.0334713729998839,0.0005135829978826223,0.09202995600026043,0.0648490540002058,0.06700410399980683,0.02054400099996201,0.064789;0.065443;0.064849,0.067015;0.067004;0.066899,0.034213;0.020544;0.020229,,multiprocessing,2026-10-03T11:45:32+00:00
R4-00376,R4,t2a-standard-4,Linux,6.1.0-53-cloud-arm64,aarch64,0xd0c,arm,4,4,,16.8,3.14.6,CPython,1,forkserver,2.5.3,tiny,tiny_add,387,227,0.8,seconds,normal,200000,246.9,4,2,0,1,0,0,1.9129399424855364e-07,1.0,0.3650500111057086,20.951519909637607,0.434980964929194,0.0,0.0048476799997843045,0.0028363850110508793,0.08388082800001939,0.019633349999821803,0.032567201999881945,0.11205617099994925,0.021696;0.019329;0.019633,0.033060;0.031965;0.032567,0.112056,,sequential,2026-10-03T11:45:33+00:00
R4-00377,R4,t2a-standard-4,Linux,6.1.0-53-cloud-arm64,aarch64,0xd0c,arm,4,4,,16.8,3.14.6,CPython,1,forkserver,2.5.3,io,io_file_roundtrip,5,360,0.3,ms,normal,8,382,4,2,1,0,1,0,0.005862939000053302,0.11666734956050803,0.17615401294468006,0.0017032981882864927,1.3000132076607107,0.0,0.031764467999892076,0.00021359299989853753,0.08388082800001939,0.04615331199966022,0.030277676999958203,0.03135608200000206,0.046153;0.048067;0.046096,0.030705;0.030233;0.030278,0.031356;0.032015;0.030891,,threading,2026-10-03T11:45:34+00:00
R4-00378,R4,t2a-standard-4,Linux,6.1.0-53-cloud-arm64,aarch64,0xd0c,arm,4,4,,16.8,3.14.6,CPython,1,forkserver,2.5.3,text,text_format_report,4249,635,0.3,seconds,normal,88,658,4,4,1,2,0,0,0.005597556777805342,1.0,0.16321143239119493,0.0010234226991476959,0.9901553583338369,0.0,0.09995049000008294,0.0003056299997297174,0.046488822999890544,0.48852660199963793,0.48336104500003785,0.14128915699984645,0.480220;0.488527;0.491661,0.484281;0.481388;0.483361,0.141289;0.137455;0.142005,,multiprocessing,2026-10-03T11:45:38+00:00
R4-00379,R4,t2a-standard-4,Linux,6.1.0-53-cloud-arm64,aarch64,0xd0c,arm,4,4,,16.8,3.14.6,CPython,1,forkserver,2.5.3,big_result,result_matrix_lists,94,96,0.3,ms,normal,23,115,4,8,2,5,0,0,0.001275797800099099,1.0,0.12537748525731893,0.24651994221393186,1.0238486432690732,0.0,0.014554437000242615,0.001783419999810576,0.09202995600026043,0.027621922999969684,0.028717446999962704,0.022374738000053185,0.027419;0.027637;0.027622,0.029121;0.028717;0.028514,0.022375;0.047737;0.013213,,multiprocessing,2026-10-03T11:45:38+00:00
R4-00380,R4,t2a-standard-4,Linux,6.1.0-53-cloud-arm64,aarch64,0xd0c,arm,4,4,,16.8,3.14.6,CPython,1,forkserver,2.5.3,recursive,rec_quicksort,960,19,0.3,ms,normal,12,39,4,2,1,8,0,0,0.0011860673331890819,1.0,0.19077889835754908,0.00752037120685119,0.8516602917397903,0.0,0.007513231000302767,0.00021927300076640677,0.08388082800001939,0.01352787099995112,0.014114451000295958,0.011207987999569013,0.013419;0.013660;0.013528,0.014214;0.014114;0.013923,0.012688;0.011208;0.009871,,multiprocessing,2026-10-03T11:45:39+00:00
R4-00381,R4,t2a-standard-4,Linux,6.1.0-53-cloud-arm64,aarch64,0xd0c,arm,4,4,,16.8,3.14.6,CPython,1,forkserver,2.5.3,big_result,result_long_string,737,436078,0.0,seconds,big,375,436101,4,2,1,1,0,0,0.009521170333149106,1.0,0.07805587600680158,0.0071249469406516565,1.0403623496145795,0.0,0.1133763140001065,0.0006492990009974164,0.08388082800001939,3.529166582000016,3.662281457000063,2.1295484460001717,3.529167;3.534217;3.526832,3.750272;3.633425;3.662281,2.145062;2.129548;2.129176,,multiprocessing,2026-10-03T11:46:08+00:00
R4-00382,R4,t2a-standard-4,Linux,6.1.0-53-cloud-arm64,aarch64,0xd0c,arm,4,4,,16.8,3.14.6,CPython,1,forkserver,2.5.3,big_payload,big_reverse,6,373467,0.8,ms,big,62,373489,4,2,0,0,0,0,0.00023652273339394014,1.0,0.04741692617716038,0.41727630934208937,0.7353234073050892,0.0,0.01015965899978255,0.0017378619991177402,0.08388082800001939,0.01450079200003529,0.01758572800008551,0.5033624229999987,0.014501;0.014599;0.014428,0.019258;0.015856;0.017586,0.503362,,sequential,2026-10-03T11:46:09+00:00
R4-00383,R4,t2a-standard-4,Linux,6.1.0-53-cloud-arm64,aarch64,0xd0c,arm,4,4,,16.8,3.14.6,CPython,1,forkserver,2.5.3,big_result,result_matrix_lists,35,345,0.0,ms,normal,587,367,4,2,2,5,0,0,0.00016365997945684609,1.0,0.3051485067181372,0.26111789904139066,0.9316162036140364,0.0,0.05099376399994071,0.0013359139993553981,0.08388082800001939,0.10235967399967194,0.10096360100033053,0.17338396300010572,0.102360;0.096905;1.525018,0.100964;0.103682;0.098236,0.173384;0.088321;0.202630,,threading,2026-10-03T11:46:12+00:00
R4-00384,R4,t2a-standard-4,Linux,6.1.0-53-cloud-arm64,aarch64,0xd0c,arm,4,4,,16.8,3.14.6,CPython,1,forkserver,2.5.3,big_result,result_sorted_pairs,37133,847817,0.0,seconds,big,120,847840,4,8,1,4,0,0,0.02903280800016243,1.0,0.06549605898964445,0.622320479642636,1.0141691769093466,0.0,0.22357430400006706,0.05443876599929354,0.09202995600026043,4.215161276999879,4.255381225999827,2.386539649000042,4.242399;4.215161;4.173945,4.255381;4.337400;4.223219,2.661216;2.386540;2.380116,,multiprocessing,2026-10-03T11:46:46+00:00
R4-00385,R4,t2a-standard-4,Linux,6.1.0-53-cloud-arm64,aarch64,0xd0c,arm,4,4,,16.8,3.14.6,CPython,1,forkserver,2.5.3,big_payload,big_upper_copy,4,1845089,0.0,seconds,big,108,1845111,4,8,0,0,0,0,0.001258503703731414,1.0,0.0104254576051663,0.44260572957570643,0.7819970280011594,0.0,0.08935386800021661,0.0118697539992354,0.09202995600026043,0.13543017099982535,0.1578918430000158,1.6760491099998944,0.135210;0.135430;0.135584,0.162905;0.157892;0.148181,1.676049,multiprocessing,sequential,2026-10-03T11:46:50+00:00
R4-00386,R4,t2a-standard-4,Linux,6.1.0-53-cloud-arm64,aarch64,0xd0c,arm,4,4,,16.8,3.14.6,CPython,1,forkserver,2.5.3,mixed,mixed_compute_then_sleep,14773,389,0.8,ms,normal,115,412,4,8,1,3,1,0,0.0012293108213888054,0.7001998172405413,0.40768227589441935,0.004063903078758329,1.2545130513289222,0.0,0.06279381300009845,0.00041542500139257754,0.05768998800022018,0.13232563600013236,0.09685288799983027,0.03269528300006641,0.140367;0.132326;0.132311,0.097699;0.095758;0.096853,0.032695;0.033004;0.029731,,multiprocessing,2026-10-03T11:46:52+00:00
R4-00387,R4,t2a-standard-4,Linux,6.1.0-53-cloud-arm64,aarch64,0xd0c,arm,4,4,,16.8,3.14.6,CPython,1,forkserver,2.5.3,gil_release,gil_sha256,87,209715,0.3,ms,big,9,209737,4,8,1,1,0,1,0.010483988000032696,0.9994404387712732,0.13810548576958334,0.0032518160003999434,1.2729872658711872,0.5,0.0545596540000588,0.00034354899980826303,0.05768998800022018,0.09423853599992071,0.03129928900034429,0.03767947100004676,0.094197;0.094239;0.094315,0.031299;0.029432;0.032646,0.033616;0.042493;0.037679,,threading,2026-10-03T11:46:53+00:00
R4-00388,R4,t2a-standard-4,Linux,6.1.0-53-cloud-arm64,aarch64,0xd0c,arm,4,4,,16.8,3.14.6,CPython,1,forkserver,2.5.3,tiny,tiny_small_loop,58,165,0.8,seconds,normal,200000,184,4,4,0,0,0,0,5.822574996727781e-07,1.0,0.5011775225798505,6.903904099818292,0.6995154316177861,0.0,0.006848845000149595,0.0032252540008812502,0.046488822999890544,0.11272690199984936,0.12530667000009998,0.11877405499990346,0.112588;0.112727;0.113115,0.125351;0.125039;0.125307,0.116166;0.118774;0.122989,,sequential,2026-10-03T11:46:55+00:00
R4-00389,R4,t2a-standard-4,Linux,6.1.0-53-cloud-arm64,aarch64,0xd0c,arm,4,4,,16.8,3.14.6,CPython,1,forkserver,2.5.3,db,db_mem_insert_select,2291,18,0.0,seconds,normal,628,38,4,4,1,1,1,0,0.0024658451428920323,0.9999261572787427,0.024078130949322114,0.0016772545408504055,0.1973952987743578,0.0,0.31391305199986164,0.0010636019987941836,0.046488822999890544,1.5269052190001275,2.7691953849998754,0.3538390769999751,1.526905,2.769195,0.353839,threading,multiprocessing,2026-10-03T11:47:00+00:00
R4-00390,R4,t2a-standard-4,Linux,6.1.0-53-cloud-arm64,aarch64,0xd0c,arm,4,4,,16.8,3.14.6,CPython,1,forkserver,2.5.3,gil_release,gil_sha256,4,8426,0.0,seconds,normal,23736,8448,4,8,1,1,0,1,2.1914571000024807e-05,1.0,0.11597168120303088,0.29951533277228803,1.1343206323200246,0.0,0.0874354399998083,0.004150051999658899,0.10527078699988124,0.5190200510000977,0.8447062710001774,0.2561953220001669,0.520054;0.519020;0.518922,0.851883;0.844706;0.836270,0.273216;0.256195;0.250820,,multiprocessing,2026-10-03T11:47:07+00:00
R4-00391,R4,t2a-standard-4,Linux,6.1.0-53-cloud-arm64,aarch64,0xd0c,arm,4,4,,16.8,3.14.6,CPython,1,forkserver,2.5.3,algo_rec,algo_lcs_memo,6,45,0.3,seconds,normal,77,64,4,2,1,10,0,0,0.014048167250052757,0.9996080755330513,0.07580379234196752,0.0006477357437397411,0.7216718959046613,0.0,0.13414138899997852,0.0014193909996720322,0.04530052300015086,1.130225462999988,1.18133114200009,0.5866946150003969,1.129302;1.293478;1.130225,1.182184;1.181331;1.181178,0.599781;0.583040;0.586695,,multiprocessing,2026-10-03T11:47:16+00:00
R4-00392,R4,t2a-standard-4,Linux,6.1.0-53-cloud-arm64,aarch64,0xd0c,arm,4,4,,16.8,3.14.6,CPython,1,forkserver,2.5.3,algo_iter,algo_kmeans,28,55,0.8,seconds,normal,986,74,4,2,3,15,0,0,0.0006111070964045694,1.0,0.41952977876328296,0.009117550862619886,0.9302399654147794,0.0,0.1066680419999102,0.0018970169985550456,0.04530052300015086,0.5970538110000234,0.6095375690001674,0.2992828300002657,0.597054;0.597736;0.597037,0.607914;0.609538;0.610530,0.299281;0.300141;0.299283,,multiprocessing,2026-10-03T11:47:21+00:00
R4-00393,R4,t2a-standard-4,Linux,6.1.0-53-cloud-arm64,aarch64,0xd0c,arm,4,4,,16.8,3.14.6,CPython,1,forkserver,2.5.3,numpy,np_linalg_solve,177,7081,0.3,seconds,normal,7016,7103,4,2,0,3,0,1,0.0006324026625350143,1.0,0.38039621775794286,0.010989517247850298,0.9757054244137765,0.0,0.10330427199960468,0.001343712996913382,0.04530052300015086,4.134164055999918,4.663391486000364,2.146407411999917,4.103868;4.146609;4.134164,4.674500;4.651920;4.663391,2.173196;2.117927;2.146407,,multiprocessing,2026-10-03T11:47:55+00:00
R4-00394,R4,t2a-standard-4,Linux,6.1.0-53-cloud-arm64,aarch64,0xd0c,arm,4,4,,16.8,3.14.6,CPython,1,forkserver,2.5.3,gil_release,gil_bz2,204,300000,0.3,seconds,big,32,300022,4,8,0,1,0,1,0.023761211333445924,0.9999198532264751,0.12473818451277399,0.0022270890402239394,1.1349837118021104,0.0,0.134327396000117,0.000818451999748504,0.10527078699988124,0.8867935709999983,0.24258561499982534,0.2572648260002097,0.887485;0.886290;0.886794,0.247131;0.242027;0.242586,0.257265;0.267010;0.255072,,threading,2026-10-03T11:48:00+00:00
R4-00395,R4,t2a-standard-4,Linux,6.1.0-53-cloud-arm64,aarch64,0xd0c,arm,4,4,,16.8,3.14.6,CPython,1,forkserver,2.5.3,text,text_format_report,1697,299568,0.8,seconds,big,122,299591,4,4,1,2,0,0,0.002476338333335228,1.0,0.4882739976666919,0.018374064388015122,0.8690272371064202,0.0,0.11597331000029953,0.0018858130001717655,0.051363246999699186,0.29917551099970296,0.3017964200003007,0.10976948799998354,0.295348;0.299176;0.300138,0.303195;0.301796;0.300517,0.109769;0.102076;0.109844,,multiprocessing,2026-10-03T11:48:03+00:00
R4-00396,R4,t2a-standard-4,Linux,6.1.0-53-cloud-arm64,aarch64,0xd0c,arm,4,4,,16.8,3.14.6,CPython,1,forkserver,2.5.3,gil_release,gil_sha256,48,225463,0.8,seconds,big,150,225485,4,2,1,1,0,1,0.004696072499958366,1.0,0.6051613890615348,0.00677633634521459,1.5053741620305157,0.0,0.09498632099985116,0.0006483780002781714,0.04530052300015086,0.8847298259997842,0.469160797999848,0.4802380460000677,0.887316;0.884730;0.883958,0.468809;0.469161;0.469199,0.480721;0.480238;0.479222,,threading,2026-10-03T11:48:09+00:00
R4-00397,R4,t2a-standard-4,Linux,6.1.0-53-cloud-arm64,aarch64,0xd0c,arm,4,4,,16.8,3.14.6,CPython,1,forkserver,2.5.3,algo_iter,algo_edit_distance,2392,833,0.3,seconds,normal,2524,856,4,4,2,16,0,0,0.00044738113396241327,1.0,0.1805164928334994,0.010706419192007537,1.0111747374015447,0.0,0.1014401700003873,0.0016833799963933416,0.051363246999699186,1.1165193550000367,1.1291896569996425,0.2970938340004068,1.115578;1.116746;1.116519,1.128609;1.129711;1.129190,0.290455;0.297094;0.297534,,multiprocessing,2026-10-03T11:48:17+00:00
R4-00398,R4,t2a-standard-4,Linux,6.1.0-53-cloud-arm64,aarch64,0xd0c,arm,4,4,,16.8,3.14.6,CPython,1,forkserver,2.5.3,algo_rec,algo_sudoku,2,553647,0.3,seconds,big,361,553669,4,2,3,28,0,0,0.006721897555457367,1.0,2.2735875327501285,0.015222685611206549,2.510810719902251,0.0,0.0903312319996985,0.0030740930005777045,0.04530052300015086,0.6506077419999201,0.6599375539999528,0.4559561659998508,0.650608;0.651416;0.648964,0.657929;0.661705;0.659938,0.455956;0.463765;0.435689,,multiprocessing,2026-10-03T11:48:24+00:00
R4-00399,R4,t2a-standard-4,Linux,6.1.0-53-cloud-arm64,aarch64,0xd0c,arm,4,4,,16.8,3.14.6,CPython,1,forkserver,2.5.3,io,io_sleep_return_payload,515,26865,0.0,ms,normal,180,26888,4,8,0,1,1,0,0.0005812773777809829,0.012091444410244723,0.016747002868586516,0.01620861296604051,1.9257086572774846,5.5,0.040727529999912804,0.0008938879996094329,0.10527078699988124,0.10521102499978952,0.014351895999880071,0.023945919000198046,0.105211,0.014572;0.014352;0.014320,0.025758;0.023946;0.023102,,threading,2026-10-03T11:48:25+00:00
R4-00400,R4,t2a-standard-4,Linux,6.1.0-53-cloud-arm64,aarch64,0xd0c,arm,4,4,,16.8,3.14.6,CPython,1,forkserver,2.5.3,recursive,rec_quicksort,6665,259,0.3,ms,normal,17,282,4,8,1,8,0,0,0.011158207999869774,0.9996596730852264,0.15318007337929918,0.0007751692786222714,1.0320289483069283,0.0,0.08926726500021687,0.001101082000786846,0.10527078699988124,0.1845068400002674,0.18997188699995604,0.05680176499981826,0.184507;0.184337;0.185123,0.189972;0.190208;0.189924,0.066811;0.056802;0.056207,,multiprocessing,2026-10-03T11:48:27+00:00
R4-00401,R4,t2a-standard-4,Linux,6.1.0-53-cloud-arm64,aarch64,0xd0c,arm,4,4,,16.8,3.14.6,CPython,1,forkserver,2.5.3,gil_release,gil_sha256,107,77855,0.0,seconds,normal,693,77877,4,8,1,1,0,1,0.004691551454470755,1.0,0.0025184249920483957,0.0032327937521221444,1.7761845765107809,0.0,0.08118206700009978,0.00045010400071987533,0.10527078699988124,3.2430157489998237,1.0666480750001028,0.8795773039996675,3.243016;3.244218;3.242994,1.066648;1.068735;1.039562,0.879577;0.873106;0.880123,,multiprocessing,2026-10-03T11:48:43+00:00
R4-00402,R4,t2a-standard-4,Linux,6.1.0-53-cloud-arm64,aarch64,0xd0c,arm,4,4,,16.8,3.14.6,CPython,1,forkserver,2.5.3,big_result,result_long_string,11292,432,0.3,ms,normal,8,455,4,2,1,1,0,0,0.0028936580000239096,1.0,0.17472877471331635,0.026042239068763913,0.7500478228512262,0.5,0.02096598099979019,0.0009235279999302293,0.04530052300015086,0.025198751000061748,0.025440583000090555,0.031525928000064596,0.025122;0.025233;0.025199,0.025491;0.025441;0.025389,0.031773;0.030822;0.031526,,sequential,2026-10-03T11:48:44+00:00
R4-00403,R4,t2a-standard-4,Linux,6.1.0-53-cloud-arm64,aarch64,0xd0c,arm,4,4,,16.8,3.14.6,CPython,1,forkserver,2.5.3,numpy,np_fft,10116,2228,0.0,seconds,normal,869,2251,4,8,0,0,0,1,0.0005443185869689446,1.0,0.03304275032811397,0.008851066405115208,1.897629674083393,0.0,0.07766294099974402,0.0011443639982644527,0.10527078699988124,0.46879349900018497,0.2083792089997587,0.1480866930000957,0.465758;0.468793;0.470197,0.208379;0.212198;0.204565,0.251951;0.140369;0.148087,,multiprocessing,2026-10-03T11:48:47+00:00
R4-00404,R4,t2a-standard-4,Linux,6.1.0-53-cloud-arm64,aarch64,0xd0c,arm,4,4,,16.8,3.14.6,CPython,1,forkserver,2.5.3,big_result,result_sorted_pairs,114,56,0.0,seconds,normal,200000,75,4,4,1,4,0,0,3.8491781928784926e-05,1.0,0.6374170382234983,0.9032772268717091,0.28851740585768126,0.0,0.22566019299983964,0.004426650003097166,0.051363246999699186,11.507340053000007,11.634313704000306,8.217911992999689,11.237771;11.507340;11.770482,11.937801;11.634314;11.316178,8.198555;8.217912;8.371397,,multiprocessing,2026-10-03T11:50:22+00:00
R4-00405,R4,t2a-standard-4,Linux,6.1.0-53-cloud-arm64,aarch64,0xd0c,arm,4,4,,16.8,3.14.6,CPython,1,forkserver,2.5.3,algo_rec,algo_merge_sort,212,27,0.0,seconds,normal,8414,46,4,8,1,10,0,0,0.00034445101381575584,1.0,0.03215251634585423,0.049849178274815484,0.9898603801724084,0.0,0.102513885999997,0.002034831996752473,0.10527078699988124,3.0003027140000995,3.054605265000191,0.9020245130000148,2.942445;3.000303;3.000322,3.042714;3.069934;3.054605,0.915189;0.887730;0.902025,,multiprocessing,2026-10-03T11:50:43+00:00
R4-00406,R4,t2a-standard-4,Linux,6.1.0-53-cloud-arm64,aarch64,0xd0c,arm,4,4,,16.8,3.14.6,CPython,1,forkserver,2.5.3,gil_release,gil_sha256,1,139862,0.3,ms,big,352,139884,4,4,1,1,0,1,7.553018177346034e-05,1.0,0.05570692682204243,0.2863848536428517,1.775561269069758,0.5,0.011356771000009758,0.0008657500038680155,0.051363246999699186,0.026579027000025235,0.007439401999818074,0.03921710000008716,0.026587;0.026523;0.026579,0.008819;0.007155;0.007439,0.037946;0.040489,,threading,2026-10-03T11:50:44+00:00
R4-00407,R4,t2a-standard-4,Linux,6.1.0-53-cloud-arm64,aarch64,0xd0c,arm,4,4,,16.8,3.14.6,CPython,1,forkserver,2.5.3,cpu,cpu_count_primes,299,161,0.3,ms,normal,136,180.8,4,2,2,4,0,0,7.187764702072908e-05,1.0,0.20617812760494508,0.05868514248104951,0.8334241318987006,0.0,0.0063157259996842186,0.0008860680013640376,0.04530052300015086,0.009644793999996182,0.010162890999708907,0.005585102000168263,0.009645;0.009607;0.009707,0.010100;0.010198;0.010163,0.005477;0.005714;0.005585,,multiprocessing,2026-10-03T11:50:45+00:00
R4-00408,R4,t2a-standard-4,Linux,6.1.0-53-cloud-arm64,aarch64,0xd0c,arm,4,4,,16.8,3.14.6,CPython,1,forkserver,2.5.3,recursive,rec_quicksort,209,149824,0.3,seconds,big,1334,149846.05,4,4,1,8,0,0,0.00022417139012400532,1.0,0.21341927674514896,0.10930386768722576,0.9706086396119877,0.0,0.102410639000027,0.0010587140022835229,0.051363246999699186,0.29639370399991094,0.3061430049997398,0.1736484470002324,0.296261;0.296394;0.297100,0.306143;0.306320;0.305837,0.173086;0.173648;0.178917,,multiprocessing,2026-10-03T11:50:49+00:00
R4-00409,R4,t2a-standard-4,Linux,6.1.0-53-cloud-arm64,aarch64,0xd0c,arm,4,4,,16.8,3.14.6,CPython,1,forkserver,2.5.3,io,io_sleep,19464,325,0.3,ms,normal,8,348,4,2,0,1,1,0,0.018017364333445585,0.0020205303566688936,0.22749854815910103,0.0009361709656810563,1.2581897295263307,0.0,0.10176126200030922,0.0006443400002353883,0.04530052300015086,0.16485090500009392,0.08808350300023449,0.08972618500001772,0.164865;0.164851;0.164690,0.088084;0.088083;0.088158,0.091865;0.088644;0.089726,,threading,2026-10-03T11:50:50+00:00
R4-00410,R4,t2a-standard-4,Linux,6.1.0-53-cloud-arm64,aarch64,0xd0c,arm,4,4,,16.8,3.14.6,CPython,1,forkserver,2.5.3,db,db_file_commit,1,313216,0.0,seconds,big,262,313238,4,2,1,0,1,0,0.008086931571467306,0.19900423718841534,0.03654684409079532,0.005845250752521491,1.5451781280527717,0.0,0.09416671600001791,0.0013225620000412164,0.04530052300015086,1.862123634999989,1.2515522419998888,1.137179912999727,1.944547;1.862124;1.832510,1.251552;1.257352;1.124719,1.129954;1.137180;1.251912,,multiprocessing,2026-10-03T11:51:04+00:00
R4-00411,R4,t2a-standard-4,Linux,6.1.0-53-cloud-arm64,aarch64,0xd0c,arm,4,4,,16.8,3.14.6,CPython,1,forkserver,2.5.3,mixed,mixed_hash_then_write,932,87211,0.0,ms,normal,594,87234,4,2,1,3,1,0,0.00037231544027222364,0.3737437858548278,0.12107092500635391,0.04021992747192775,1.9099931913676964,0.0,0.07785859199975675,0.0016466080032842,0.04530052300015086,0.216602015999797,0.1160770669998783,0.13553621400023985,0.215286;0.216602;0.219403,0.114316;0.116077;0.116195,0.135536;0.135546;0.134915,,threading,2026-10-03T11:51:06+00:00
R4-00412,R4,t2a-standard-4,Linux,6.1.0-53-cloud-arm64,aarch64,0xd0c,arm,4,4,,16.8,3.14.6,CPython,1,forkserver,2.5.3,numpy,np_sort,371288,225373,0.3,seconds,big,43,225407,4,2,0,3,0,1,0.0264397660001426,1.0,0.256591109708092,0.0016420215928605309,0.9728275416955929,0.5,0.14716273299973182,0.0009861909993560403,0.04530052300015086,1.2134286400000747,0.6492552469999282,0.6580277970001589,1.215093;1.212149;1.213429,0.649938;0.648835;0.649255,0.658028;0.657747;0.658421,,threading,2026-10-03T11:51:14+00:00
R4-00413,R4,t2a-standard-4,Linux,6.1.0-53-cloud-arm64,aarch64,0xd0c,arm,4,4,,16.8,3.14.6,CPython,1,forkserver,2.5.3,text,text_csv_parse,1,166,0.0,seconds,normal,19943,185,4,4,2,3,0,0,0.00021804896507060282,1.0,0.025255887798156074,0.018739368977367034,0.98130060168073,0.0,0.10238413799970658,0.00143272199875355,0.051363246999699186,4.325992042000053,4.394552450999981,1.0582178070003465,4.325992;4.334323;4.316511,4.395059;4.394552;4.391861,1.058854;1.057832;1.058218,,multiprocessing,2026-10-03T11:51:44+00:00
R4-00414,R4,t2a-standard-4,Linux,6.1.0-53-cloud-arm64,aarch64,0xd0c,arm,4,4,,16.8,3.14.6,CPython,1,forkserver,2.5.3,db,db_file_lookup,233,528,0.3,ms,normal,34,550.375,4,8,1,5,1,0,0.00207034862501132,1.0,0.12439112404761064,0.0028594821690370777,0.16807192117670275,0.0,0.11833353800011537,0.0013240729999779433,0.10527078699988124,0.06709525399992344,1.2324964050012568,0.04649928100025136,0.067095,1.232496,0.046499,threading,multiprocessing,2026-10-03T11:51:46+00:00
R4-00415,R4,t2a-standard-4,Linux,6.1.0-53-cloud-arm64,aarch64,0xd0c,arm,4,4,,16.8,3.14.6,CPython,1,forkserver,2.5.3,algo_rec,algo_merge_sort,985,1469,0.0,seconds,normal,210,1492,4,4,1,10,0,0,0.0019226185384713273,1.0,0.016593560101921662,0.04035745961692411,0.9713497500069999,0.5,0.10492256899988206,0.0035121689993502514,0.09820631799993862,0.40861204500015447,0.4199631080000472,0.13454828699968857,0.407017;0.408612;0.415299,0.430648;0.419136;0.419963,0.127616;0.135842;0.134548,,multiprocessing,2026-10-03T11:51:50+00:00
R4-00416,R4,t2a-standard-4,Linux,6.1.0-53-cloud-arm64,aarch64,0xd0c,arm,4,4,,16.8,3.14.6,CPython,1,forkserver,2.5.3,algo_rec,algo_lcs_memo,4,515,0.8,ms,normal,8,537,4,2,1,10,0,0,0.006040872666593107,1.0,0.5309302731385498,0.0019732800033958036,0.6547615436722557,0.0,0.04901067599985254,0.0014089940000303613,0.04665773699980491,0.05851259500013839,0.06066701000008834,0.03352332499980548,0.070436;0.058246;0.058513,0.061662;0.060221;0.060667,0.033523;0.031506;0.034083,,multiprocessing,2026-10-03T11:51:51+00:00
R4-00417,R4,t2a-standard-4,Linux,6.1.0-53-cloud-arm64,aarch64,0xd0c,arm,4,4,,16.8,3.14.6,CPython,1,forkserver,2.5.3,algo_iter,algo_kmeans,30,148,0.3,ms,normal,63,167,4,4,3,15,0,0,0.0006437415333493846,1.0,0.17450052516793962,0.009072171039782013,0.9085938945739779,0.0,0.021779867000077502,0.001670401999490423,0.09820631799993862,0.04014596800016079,0.04130367700008719,0.013634502000059001,0.040146;0.040125;0.040173,0.041425;0.041304;0.041057,0.013635;0.020196;0.012121,,multiprocessing,2026-10-03T11:51:52+00:00
R4-00418,R4,t2a-standard-4,Linux,6.1.0-53-cloud-arm64,aarch64,0xd0c,arm,4,4,,16.8,3.14.6,CPython,1,forkserver,2.5.3,io,io_file_roundtrip,4,3837,0.8,ms,normal,8,3859,4,4,1,0,1,0,0.0068015169998337415,0.09369131647663896,0.17409246016097257,0.002205439353368947,1.7748686626102232,0.0,0.03208552299975054,0.001027946000249358,0.09820631799993862,0.03577425499997844,0.014843970999663725,0.016635976000088704,0.035061;0.035774;0.037218,0.014844;0.014835;0.016464,0.020612;0.016636;0.016041,,threading,2026-10-03T11:51:53+00:00
R4-00419,R4,t2a-standard-4,Linux,6.1.0-53-cloud-arm64,aarch64,0xd0c,arm,4,4,,16.8,3.14.6,CPython,1,forkserver,2.5.3,mixed,mixed_hash_then_write,94923,21359,0.3,ms,normal,36,21384,4,8,1,3,1,0,0.0015727550000216677,1.0,0.020312254169514023,0.005250658830645219,0.9676933592123516,0.0,0.02979974600020796,0.0010394259998065536,0.05897219500002393,0.05625364100023944,0.058888987000045745,0.021008963999975094,0.079481;0.056079;0.056254,0.059212;0.058889;0.058315,0.023347;0.018050;0.021009,,multiprocessing,2026-10-03T11:51:54+00:00
R4-00420,R4,t2a-standard-4,Linux,6.1.0-53-cloud-arm64,aarch64,0xd0c,arm,4,4,,16.8,3.14.6,CPython,1,forkserver,2.5.3,mixed,mixed_parse_lines,20,9150,0.0,seconds,normal,47,9172,4,4,2,3,1,0,0.008928881500044858,0.9710620655630763,0.006758090861438932,0.0009601986517644566,1.0009885677102104,0.0,0.10799887899975147,0.0009569829994688916,0.09820631799993862,0.4188101810000262,0.4194942029998856,0.12384747399983098,0.418343;0.419250;0.418810,0.419494;0.419262;0.419739,0.124011;0.120064;0.123847,,multiprocessing,2026-10-03T11:51:58+00:00
R4-00421,R4,t2a-standard-4,Linux,6.1.0-53-cloud-arm64,aarch64,0xd0c,arm,4,4,,16.8,3.14.6,CPython,1,forkserver,2.5.3,algo_rec,algo_merge_sort,1143,890,0.3,ms,normal,10,913,4,2,1,10,0,0,0.002614783666558651,1.0,0.06987537775934966,0.030152398810683368,0.8722641285115122,0.0,0.016911531999994622,0.00043629000037981314,0.04665773699980491,0.02517117400020652,0.026071075999880122,0.016459601999940787,0.025175;0.025171;0.025060,0.025893;0.026071;0.026250,0.016651;0.016087;0.016460,,multiprocessing,2026-10-03T11:51:59+00:00
R4-00422,R4,t2a-standard-4,Linux,6.1.0-53-cloud-arm64,aarch64,0xd0c,arm,4,4,,16.8,3.14.6,CPython,1,forkserver,2.5.3,recursive,rec_tree_sum,7100,127,0.0,seconds,normal,663,147,4,8,0,4,0,0,0.0035559587499619737,1.0,1.3331569808578367,0.0012919581828182353,1.3408407016393453,0.5,0.1261224370000491,0.0011084670009040565,0.05897219500002393,1.7668367639998905,2.1025921850000486,0.4824626569998145,1.738791;1.789011;1.766837,2.074546;2.102592;2.107840,0.482463;0.466902;0.487540,,multiprocessing,2026-10-03T11:52:12+00:00
R4-00423,R4,t2a-standard-4,Linux,6.1.0-53-cloud-arm64,aarch64,0xd0c,arm,4,4,,16.8,3.14.6,CPython,1,forkserver,2.5.3,text,text_csv_parse,1,417,0.0,ms,normal,436,439,4,2,2,3,0,0,0.0005557123333346681,1.0,0.03255658940611246,0.0074104887038451694,0.9951560988582848,0.0,0.10149085300008664,0.001165987000149471,0.04665773699980491,0.23894677199996295,0.24334214499958762,0.11567624700001033,0.238947;0.240294;0.236259,0.241972;0.243456;0.243342,0.116347;0.115525;0.115676,,multiprocessing,2026-10-03T11:52:15+00:00
R4-00424,R4,t2a-standard-4,Linux,6.1.0-53-cloud-arm64,aarch64,0xd0c,arm,4,4,,16.8,3.14.6,CPython,1,forkserver,2.5.3,mixed,mixed_parse_lines,15,386286,0.3,seconds,big,8,386308,4,4,2,3,1,0,0.24482227600007414,0.9991800014277282,0.1339086482383581,0.0004899989844342921,1.1007849732421295,0.0,1.4191697310002382,0.0005957739999757905,0.09820631799993862,2.1470073149998825,2.1785962689996268,0.6231696710001415,2.147007;2.161309;2.097954,2.178298;2.178596;2.198486,0.625149;0.623170;0.622849,,multiprocessing,2026-10-03T11:52:32+00:00
R4-00425,R4,t2a-standard-4,Linux,6.1.0-53-cloud-arm64,aarch64,0xd0c,arm,4,4,,16.8,3.14.6,CPython,1,forkserver,2.5.3,db,db_file_commit,3,795761,0.0,seconds,big,93,795783,4,2,1,0,1,0,0.027148304333271273,0.23636375489153064,0.044991718049197334,0.004399624074236531,1.3350041087595605,0.0,0.14187978500012832,0.0012867079999523412,0.04665773699980491,2.3673934509997707,2.1496769370000948,2.041702521999923,2.494483;2.367393;2.331914,2.137209;2.149677;2.151446,2.041703;2.151745;2.030347,,multiprocessing,2026-10-03T11:52:53+00:00
R4-00426,R4,t2a-standard-4,Linux,6.1.0-53-cloud-arm64,aarch64,0xd0c,arm,4,4,,16.8,3.14.6,CPython,1,forkserver,2.5.3,numpy,np_fft,33082,4817,0.0,ms,normal,19,4840,4,2,0,0,0,1,0.0011658922501283087,1.0,0.03433130359835584,0.008336962705010522,1.3281978794786187,0.0,0.00892509000004793,0.0007458539994331659,0.04665773699980491,0.021505731000161177,0.01259436000009373,0.06616978200008816,0.021089;0.021694;0.021506,0.012594;0.012216;0.012597,0.066170,,threading,2026-10-03T11:52:54+00:00
R4-00427,R4,t2a-standard-4,Linux,6.1.0-53-cloud-arm64,aarch64,0xd0c,arm,4,4,,16.8,3.14.6,CPython,1,forkserver,2.5.3,algo_iter,algo_kmeans,159,527,0.8,ms,normal,8,549,4,8,3,15,0,0,0.003989889333297469,0.9992660070957919,0.21752077774002979,0.003328413099882346,1.0993050627076018,0.5,0.023588250000102562,0.00021488500033228775,0.05897219500002393,0.02946592199987208,0.03041785700042965,0.012766402999659476,0.029466;0.029639;0.029419,0.030428;0.030418;0.030229,0.014490;0.012766;0.010732,,multiprocessing,2026-10-03T11:52:55+00:00
R4-00428,R4,t2a-standard-4,Linux,6.1.0-53-cloud-arm64,aarch64,0xd0c,arm,4,4,,16.8,3.14.6,CPython,1,forkserver,2.5.3,gil_release,gil_sha256,26,45457,0.3,seconds,normal,1769,45479,4,8,1,1,0,1,0.0006672532133416098,1.0,0.16781827242564734,0.018817818772943456,1.7996352077407234,0.0,0.07906101800017495,0.0011309399997116998,0.05897219500002393,1.2000832240000818,0.5127715399999033,0.36066923799990036,1.199855;1.200083;1.200220,0.510732;0.515527;0.512772,0.373847;0.352593;0.360669,,multiprocessing,2026-10-03T11:53:02+00:00
R4-00429,R4,t2a-standard-4,Linux,6.1.0-53-cloud-arm64,aarch64,0xd0c,arm,4,4,,16.8,3.14.6,CPython,1,forkserver,2.5.3,tiny,tiny_small_loop,32,28,0.0,seconds,normal,200000,47,4,2,0,0,0,0,4.442895037755079e-07,1.0,0.5155865715838001,9.03937633039964,0.6452801528795555,0.0,0.006303275999925972,0.0032640179924783297,0.04665773699980491,0.07499053499986985,0.08665790200029733,0.0874456389997249,0.074991;0.075080;0.074291,0.087157;0.086363;0.086658,0.087446;0.083321;0.094157,,sequential,2026-10-03T11:53:03+00:00
R4-00430,R4,t2a-standard-4,Linux,6.1.0-53-cloud-arm64,aarch64,0xd0c,arm,4,4,,16.8,3.14.6,CPython,1,forkserver,2.5.3,big_payload,big_checksum_head,135,529097,0.8,ms,big,378,529119,4,4,1,1,0,0,4.794138326457308e-06,1.0,0.41393934717904457,15.772876123882462,0.514094391372445,0.0,0.0036971069998799067,0.0022777599970140727,0.09820631799993862,0.0016616299999441253,0.0022598809996452474,0.16484675199990306,0.001728;0.001662;0.001638,0.002380;0.002260;0.002112,0.164847,,sequential,2026-10-03T11:53:05+00:00
R4-00431,R4,t2a-standard-4,Linux,6.1.0-53-cloud-arm64,aarch64,0xd0c,arm,4,4,,16.8,3.14.6,CPython,1,forkserver,2.5.3,text,text_regex_findall,7,562,0.8,ms,normal,236,584,4,4,1,1,0,0,0.00022566849149709817,1.0,0.5301869833010511,0.018700217878278507,0.9452424663045367,0.0,0.028415352999672905,0.0008842160013955436,0.09820631799993862,0.05888869899990823,0.058399569999892265,0.02317229700020107,0.058798;0.058889;0.058933,0.058287;0.058400;0.058475,0.023172;0.023779;0.021218,,multiprocessing,2026-10-03T11:53:06+00:00
R4-00432,R4,t2a-standard-4,Linux,6.1.0-53-cloud-arm64,aarch64,0xd0c,arm,4,4,,16.8,3.14.6,CPython,1,forkserver,2.5.3,numpy,np_fft,1130,1605,0.3,ms,normal,428,1628,4,4,0,0,0,1,6.941619625581764e-05,1.0,0.6169434101476002,0.06474065571626984,1.0506883201704889,0.5,0.01500519000001077,0.0005280500008666422,0.09820631799993862,0.026605958999880386,0.030460025000138558,0.02127006099999562,0.026606;0.027167;0.026429,0.030571;0.030460;0.028037,0.063098;0.018052;0.021270,,multiprocessing,2026-10-03T11:53:07+00:00
R4-00433,R4,t2a-standard-4,Linux,6.1.0-53-cloud-arm64,aarch64,0xd0c,arm,4,4,,16.8,3.14.6,CPython,1,forkserver,2.5.3,algo_iter,algo_game_of_life,9,22,0.3,seconds,normal,40,41,4,8,5,9,0,0,0.015616499499969905,1.0,0.12245492841126904,0.0032043512703564063,0.9250338510383739,0.5,0.13280841699997836,0.0016269089996967523,0.05897219500002393,0.6131854489999569,0.6211915950002549,0.1761176649997651,0.613185;0.613048;0.614598,0.621192;0.621090;0.621590,0.171539;0.176118;0.178083,,multiprocessing,2026-10-03T11:53:12+00:00
R4-00434,R4,t2a-standard-4,Linux,6.1.0-53-cloud-arm64,aarch64,0xd0c,arm,4,4,,16.8,3.14.6,CPython,1,forkserver,2.5.3,numpy,np_sort,4093,800,0.3,seconds,normal,2791,823,4,8,0,3,0,1,0.00028107005617927284,1.0,0.18059931011200345,0.01575443495934566,1.7374706636332544,0.0,0.08023412000011376,0.0012862250000580389,0.05897219500002393,0.7764218259999325,0.5243929380003465,0.21572508899998866,0.776422;0.774972;0.776606,0.518940;0.529377;0.524393,0.331971;0.214222;0.215725,,multiprocessing,2026-10-03T11:53:17+00:00
R4-00435,R4,t2a-standard-4,Linux,6.1.0-53-cloud-arm64,aarch64,0xd0c,arm,4,4,,16.8,3.14.6,CPython,1,forkserver,2.5.3,gil_release,gil_numpy_matmul,32,4462,0.0,seconds,normal,31875,4484,4,2,0,2,0,1,1.7510798002831505e-05,1.0,0.18713090173917113,0.2914830089829229,0.44978159111568844,0.0,0.11767519200020615,0.0041389069942852075,0.04665773699980491,0.5482119599996622,1.2315030800000386,0.4414216620002662,0.547409;0.549195;0.548212,1.239147;1.227623;1.231503,0.444790;0.435900;0.441422,,multiprocessing,2026-10-03T11:53:25+00:00
R4-00436,R4,t2a-standard-4,Linux,6.1.0-53-cloud-arm64,aarch64,0xd0c,arm,4,4,,16.8,3.14.6,CPython,1,forkserver,2.5.3,db,db_file_commit,2,4069,0.3,seconds,normal,75,4091,4,2,1,0,1,0,0.007150802428571167,0.11037055359253141,0.19111176583894451,0.0009709399914940194,1.25977015813651,0.0,0.09041643599994131,0.0002984460002153355,0.04665773699980491,0.5099357489998511,0.29402064199985034,0.32015968899986547,0.506241;0.541653;0.509936,0.310117;0.291902;0.294021,0.325112;0.320160;0.299422,,threading,2026-10-03T11:53:29+00:00
R4-00437,R4,t2a-standard-4,Linux,6.1.0-53-cloud-arm64,aarch64,0xd0c,arm,4,4,,16.8,3.14.6,CPython,1,forkserver,2.5.3,algo_rec,algo_lcs_memo,2,186,0.0,ms,normal,8,205,4,8,1,10,0,0,0.005109441666566757,0.9992431715130591,0.03955818049854763,0.002142504133108976,0.9223089634954955,0.0,0.032145113999831665,0.00022056400030123768,0.05897219500002393,0.0412919789996522,0.04302160700035529,0.017009990999667934,0.039996;0.041292;0.041440,0.043022;0.043224;0.042866,0.023774;0.017010;0.012789,,multiprocessing,2026-10-03T11:53:30+00:00
R4-00438,R4,t2a-standard-4,Linux,6.1.0-53-cloud-arm64,aarch64,0xd0c,arm,4,4,,16.8,3.14.6,CPython,1,forkserver,2.5.3,recursive,rec_tree_sum,27,359,0.3,ms,normal,1309,381,4,4,0,4,0,0,1.0440529055204275e-05,1.0,0.5974789878174939,0.4074554085536524,0.8067452765096894,0.0,0.008598457000061899,0.0007913349986665708,0.09820631799993862,0.013835300000209827,0.014905756999723963,0.01820396899984189,0.014356;0.013835;0.013364,0.014864;0.015214;0.014906,0.018204;0.021859;0.010909,,sequential,2026-10-03T11:53:30+00:00
R4-00439,R4,t2a-standard-4,Linux,6.1.0-53-cloud-arm64,aarch64,0xd0c,arm,4,4,,16.8,3.14.6,CPython,1,forkserver,2.5.3,mixed,mixed_compute_then_sleep,194112,212,0.8,ms,normal,8,234,4,2,1,3,1,0,0.020442189666634174,0.7316431888605051,0.21606396168662234,0.0005720359086697968,2.445238704061081,0.0,0.09093355699997119,0.000681331000123464,0.04665773699980491,0.13488725100023657,0.10727085500002431,0.07209397900032855,0.134887;0.134889;0.134567,0.107271;0.106815;0.110884,0.072159;0.072094;0.071839,,multiprocessing,2026-10-03T11:53:32+00:00
R4-00440,R4,t2a-standard-4,Linux,6.1.0-53-cloud-arm64,aarch64,0xd0c,arm,4,4,,16.8,3.14.6,CPython,1,forkserver,2.5.3,db,db_file_commit,4,1409881,0.3,seconds,big,141,1409903,4,8,1,0,1,0,0.03985234299989315,0.3229570355060961,0.17487272800386558,0.005395333130516261,1.3585228344098312,0.0,0.1982402989997354,0.0008486140000059095,0.05897219500002393,6.943463059000351,6.8722714870000345,6.871833372999845,6.861680;6.945274;6.943463,6.798866;6.872271;6.881288,6.806842;6.871833;6.876554,,multiprocessing,2026-10-03T11:54:35+00:00
R4-00441,R4,t2a-standard-4,Linux,6.1.0-53-cloud-arm64,aarch64,0xd0c,arm,4,4,,16.8,3.14.6,CPython,1,forkserver,2.5.3,big_payload,big_count_byte,44,969007,0.3,ms,big,41,969029,4,4,0,1,0,0,0.0006160144998830219,1.0,0.019449555615798142,0.21761403356151784,0.934299581034165,0.0,0.0148695980001321,0.002005781001116702,0.09820631799993862,0.025220906999948056,0.025891795000006823,0.03270506700027909,0.025062;0.025221;0.025566,0.025982;0.025892;0.025825,0.029968;0.033667;0.032705,,sequential,2026-10-03T11:54:36+00:00
R4-00442,R4,t2a-standard-4,Linux,6.1.0-53-cloud-arm64,aarch64,0xd0c,arm,4,4,,16.8,3.14.6,CPython,1,forkserver,2.5.3,db,db_file_commit,1,981,0.0,ms,normal,8,1003,4,4,1,0,1,0,0.003842534000038237,0.16266776663037133,0.06981379803832038,0.0032443868694100966,0.7322292712014788,0.0,0.02712604599992119,0.00023188299974208348,0.09820631799993862,0.03144169100005456,0.011494401000163634,0.01402426699996795,0.031905;0.031442;0.029107,0.016033;0.011439;0.011494,0.016927;0.012446;0.014024,,threading,2026-10-03T11:54:37+00:00
R4-00443,R4,t2a-standard-4,Linux,6.1.0-53-cloud-arm64,aarch64,0xd0c,arm,4,4,,16.8,3.14.6,CPython,1,forkserver,2.5.3,mixed,mixed_hash_then_write,9720,4999,0.3,seconds,normal,4361,5022,4,8,1,3,1,0,0.0004367037304647333,0.9953345183105347,0.07158431836837056,0.01317620989840532,1.0225707654019638,0.0,0.10005789000024379,0.000697805996878742,0.05897219500002393,1.8724221739998939,1.924639888999991,0.5483922949997577,1.872422;1.872746;1.812796,1.924640;1.922546;1.934641,0.548392;0.542361;0.561029,,multiprocessing,2026-10-03T11:54:51+00:00
R4-00444,R4,t2a-standard-4,Linux,6.1.0-53-cloud-arm64,aarch64,0xd0c,arm,4,4,,16.8,3.14.6,CPython,1,forkserver,2.5.3,db,db_mem_insert_select,1007,22,0.8,ms,normal,121,42,4,2,1,1,1,0,0.001089335666711122,0.9996863270752191,0.3648840650548036,0.00410346434366303,0.20736082212253557,0.0,0.19100133199981428,0.0010657299985723512,0.04665773699980491,0.13976395600002434,0.5638655530001415,0.0694197340003484,0.139425;0.139852;0.139764,0.563866,0.068996;0.069420;0.069485,,multiprocessing,2026-10-03T11:54:52+00:00
R4-00445,R4,t2a-standard-4,Linux,6.1.0-53-cloud-arm64,aarch64,0xd0c,arm,4,4,,16.8,3.14.6,CPython,1,forkserver,2.5.3,db,db_mem_group_by,697,163,0.0,ms,normal,17,183,4,4,1,2,1,0,0.0010860200001161502,1.0,0.07442570444980363,0.006906180396734622,0.279685766081949,0.0,0.02017866899996079,0.0008888089992069581,0.09820631799993862,0.017510682999727578,0.14752721899958487,0.009091764999993757,0.017629;0.017511;0.017363,0.147527,0.009092;0.005563;0.010355,,multiprocessing,2026-10-03T11:54:53+00:00
R4-00446,R4,t2a-standard-4,Linux,6.1.0-53-cloud-arm64,aarch64,0xd0c,arm,4,4,,16.8,3.14.6,CPython,1,forkserver,2.5.3,algo_iter,algo_edit_distance,249,30,0.0,seconds,normal,9920,49,4,4,2,16,0,0,4.661065507872266e-05,1.0,0.04309031798986541,0.09362773329769447,0.9806647000222696,0.0,0.10351295999998911,0.0029243509961816017,0.09820631799993862,0.4625291389997983,0.4681706739997935,0.1434019690000241,0.462921;0.462293;0.462529,0.468171;0.468663;0.467687,0.143402;0.129349;0.145788,,multiprocessing,2026-10-03T11:54:57+00:00
R4-00447,R4,t2a-standard-4,Linux,6.1.0-53-cloud-arm64,aarch64,0xd0c,arm,4,4,,16.8,3.14.6,CPython,1,forkserver,2.5.3,recursive,rec_tree_sum,35719,714826,0.8,ms,big,9,714849,4,8,0,4,0,0,0.017132287333273172,1.0,0.4966493206981644,0.006464266238206457,0.5712105861119209,0.0,0.1237095909996242,0.0005390439996517671,0.05897219500002393,0.20761282500006928,0.21844932200019684,0.06771632799973304,0.178858;0.207613;0.212771,0.218449;0.206815;0.226075,0.067716;0.061895;0.073172,,multiprocessing,2026-10-03T11:54:59+00:00
R4-00448,R4,t2a-standard-4,Linux,6.1.0-53-cloud-arm64,aarch64,0xd0c,arm,4,4,,16.8,3.14.6,CPython,1,forkserver,2.5.3,big_payload,big_reverse,4,147059,0.3,seconds,big,1359,147081,4,2,0,0,0,0,0.0001285177109260513,0.99965876912406,0.11977010567585156,0.37059794847182886,0.9542170446665094,0.0,0.0917389699998239,0.0022292599960564985,0.04665773699980491,0.17721572799973728,0.15502593700011857,1.933924589999151,0.186785;0.174333;0.177216,0.185422;0.155026;0.154956,1.933925,multiprocessing,threading,2026-10-03T11:55:04+00:00
R4-00449,R4,t2a-standard-4,Linux,6.1.0-53-cloud-arm64,aarch64,0xd0c,arm,4,4,,16.8,3.14.6,CPython,1,forkserver,2.5.3,text,text_regex_findall,14,330694,0.0,seconds,big,26,330716,4,8,1,1,0,0,0.28552323433329246,0.999985075510138,0.0021156626111997986,0.00019300355778258764,1.0700814960321592,0.0,1.6563023920002706,0.0003714040003615082,0.05897219500002393,7.445218470999862,7.035135049000019,1.9153567270000167,7.454012;7.443058;7.445218,7.047839;7.015093;7.035135,1.922075;1.915357;1.893332,,multiprocessing,2026-10-03T11:55:55+00:00
R4-00450,R4,t2a-standard-4,Linux,6.1.0-53-cloud-arm64,aarch64,0xd0c,arm,4,4,,16.8,3.14.6,CPython,1,forkserver,2.5.3,numpy,np_fft,126133,126,0.0,seconds,normal,231,148,4,8,0,0,0,1,0.01780802299996746,1.0,0.05490002982225468,0.0006506430619314284,1.475747164414604,0.0,0.0885564059999524,0.000258721999671252,0.05897219500002393,3.9481493519997457,1.229254727999887,1.427246254000238,3.936666;3.948149;3.967027,1.227855;1.229255;1.261551,1.436807;1.407231;1.427246,,threading,2026-10-03T11:56:16+00:00
R4-00451,R4,t2a-standard-4,Linux,6.1.0-53-cloud-arm64,aarch64,0xd0c,arm,4,4,,16.8,3.14.6,CPython,1,forkserver,2.5.3,io,io_sleep_return_payload,4556,3214,0.3,ms,normal,8,3237,4,2,0,1,1,0,0.004336216333285847,0.007169014580486461,0.11590739726487803,0.0029826310062628014,1.571245635450992,0.0,0.022174322999944707,0.0006344819998957973,0.046348734999810404,0.03351104499961366,0.019412352000017563,0.02097879799975999,0.033539;0.033476;0.033511,0.019412;0.019322;0.019433,0.023132;0.020147;0.020979,,threading,2026-10-03T11:56:17+00:00
R4-00452,R4,t2a-standard-4,Linux,6.1.0-53-cloud-arm64,aarch64,0xd0c,arm,4,4,,16.8,3.14.6,CPython,1,forkserver,2.5.3,algo_iter,algo_edit_distance,168,175,0.8,seconds,normal,85468,194.15,4,8,2,16,0,0,3.362191974039987e-05,0.9997773300341941,0.4437442315108644,0.12622717730186342,0.966839232052031,0.0,0.10361770499957856,0.0024632499807921704,0.05897219500002393,2.8752805889998854,2.907575663999978,0.7774147790000825,2.875281;2.875836;2.873432,2.906785;2.907576;2.909572,0.763292;0.777415;0.796200,,multiprocessing,2026-10-03T11:56:37+00:00
R4-00453,R4,t2a-standard-4,Linux,6.1.0-53-cloud-arm64,aarch64,0xd0c,arm,4,4,,16.8,3.14.6,CPython,1,forkserver,2.5.3,algo_iter,algo_kmeans,42,381,0.3,seconds,normal,503,403,4,2,3,15,0,0,0.0009397237777951281,1.0,0.13722118123676152,0.006631789209191918,1.030892570393396,23.6,0.10040384600006291,0.00043524099919522996,0.046348734999810404,0.45229895699958433,0.45956542999965677,0.22776034399976197,0.451935;0.452299;0.453486,0.458393;0.459565;0.459647,0.228387;0.227760;0.227623,,multiprocessing,2026-10-03T11:56:41+00:00
R4-00454,R4,t2a-standard-4,Linux,6.1.0-53-cloud-arm64,aarch64,0xd0c,arm,4,4,,16.8,3.14.6,CPython,1,forkserver,2.5.3,big_result,result_long_string,15242,19,0.8,seconds,normal,68,39,4,8,1,1,0,0,0.004023070461558886,1.0,0.3843470849217669,0.01930255490274212,1.0330608505515535,0.0,0.10718471699965448,0.0018392439992567233,0.05897219500002393,0.24978343199973096,0.24605532999976276,0.3620607689999815,0.249783;0.249711;0.250061,0.246055;0.245842;0.247800,0.303571;0.362061;0.424878,,threading,2026-10-03T11:56:45+00:00
R4-00455,R4,t2a-standard-4,Linux,6.1.0-53-cloud-arm64,aarch64,0xd0c,arm,4,4,,16.8,3.14.6,CPython,1,forkserver,2.5.3,recursive,rec_tree_sum,14410,45,0.8,ms,normal,8,65,4,4,0,4,0,0,0.005416344333449767,1.0,0.7711265708582115,0.0021859762631452583,0.2172154508720646,0.0,0.050566503000027296,0.00023195999983727233,0.09820631799993862,0.07223450199990111,0.07276134399990042,0.023258686999724887,0.059926;0.074655;0.072235,0.079034;0.069858;0.072761,0.025416;0.023259;0.022353,,multiprocessing,2026-10-03T11:56:46+00:00
R4-00456,R4,t2a-standard-4,Linux,6.1.0-53-cloud-arm64,aarch64,0xd0c,arm,4,4,,16.8,3.14.6,CPython,1,forkserver,2.5.3,tiny,tiny_small_loop,75,96,0.8,seconds,normal,200000,115,4,4,0,0,0,0,6.937415002994384e-07,1.0,0.47699033039115757,6.5068183760434914,0.6962478447730991,0.0,0.007331893999889871,0.0031632449990866007,0.09820631799993862,0.12500779999982115,0.13515885899960267,0.10098331400013194,0.125531;0.125008;0.124872,0.135159;0.134583;0.135513,0.100983;0.104163;0.097118,,multiprocessing,2026-10-03T11:56:47+00:00
R4-00457,R4,t2a-standard-4,Linux,6.1.0-53-cloud-arm64,aarch64,0xd0c,arm,4,4,,16.8,3.14.6,CPython,1,forkserver,2.5.3,numpy,np_fft,29852,2460,0.8,ms,normal,8,2483,4,8,0,0,0,1,0.004839622333444519,1.0,0.4387642406780761,0.00246024704862775,2.000276530998877,0.0,0.024328525999862904,0.00026444199966135784,0.05897219500002393,0.02692237000019304,0.01566078900032153,0.012162423000063427,0.026533;0.027044;0.026922,0.015807;0.015661;0.015030,0.012635;0.011295;0.012162,,multiprocessing,2026-10-03T11:56:48+00:00
R4-00458,R4,t2a-standard-4,Linux,6.1.0-53-cloud-arm64,aarch64,0xd0c,arm,4,4,,16.8,3.14.6,CPython,1,forkserver,2.5.3,big_payload,big_reverse,6,382835,0.8,seconds,big,522,382857,4,4,0,0,0,0,0.0003405889231159493,0.9998017582194536,0.041090467708296045,0.3500706919731218,1.2797247416804924,0.0,0.08200558799990176,0.0029413649949674436,0.09820631799993862,0.1723543210000571,0.1406312290000642,1.9251354200000605,0.185027;0.172140;0.172354,0.180242;0.132886;0.140631,1.925135,multiprocessing,threading,2026-10-03T11:56:52+00:00
R4-00459,R4,t2a-standard-4,Linux,6.1.0-53-cloud-arm64,aarch64,0xd0c,arm,4,4,,16.8,3.14.6,CPython,1,forkserver,2.5.3,algo_iter,algo_dijkstra,102,168754,0.0,seconds,big,1185,168776,4,4,2,15,0,0,0.00022065513658042475,1.0,0.028889157016438717,0.1186197173610533,0.9822221497438045,0.0,0.10360783700025422,0.002418043996385677,0.04739059199982876,0.26025066000011066,0.2672607889999199,0.1841156690002208,0.259144;0.260251;0.261455,0.266245;0.267261;0.267277,0.187451;0.184116;0.180866,,multiprocessing,2026-10-03T11:56:56+00:00
R4-00460,R4,t2a-standard-4,Linux,6.1.0-53-cloud-arm64,aarch64,0xd0c,arm,4,4,,16.8,3.14.6,CPython,1,forkserver,2.5.3,db,db_mem_insert_select,4695,226,0.0,seconds,normal,73,246,4,2,1,1,1,0,0.004959064909102876,0.9998923517222303,0.013804524895120948,0.0012069724379837731,0.2049499745436202,0.0,0.3200627109999914,0.00030667999999423046,0.046348734999810404,0.35620779900000343,1.7132871019998674,0.17912255999999616,0.356208;0.355275;0.356285,1.713287,0.179123;0.176968;0.182504,,multiprocessing,2026-10-03T11:57:00+00:00
R4-00461,R4,t2a-standard-4,Linux,6.1.0-53-cloud-arm64,aarch64,0xd0c,arm,4,4,,16.8,3.14.6,CPython,1,forkserver,2.5.3,big_payload,big_upper_copy,1,175632,0.8,seconds,big,1138,175654,4,8,0,0,0,0,0.00016968864083281287,1.0,0.04962060169958949,0.3525521788334783,1.2718158398573975,0.0,0.08867801899987171,0.002379842003392696,0.05897219500002393,0.19178566099981254,0.14470885699984137,1.9818086549989857,0.196362;0.191786;0.185342,0.165862;0.144709;0.141909,1.981809,multiprocessing,threading,2026-10-03T11:57:05+00:00
R4-00462,R4,t2a-standard-4,Linux,6.1.0-53-cloud-arm64,aarch64,0xd0c,arm,4,4,,16.8,3.14.6,CPython,1,forkserver,2.5.3,algo_iter,algo_kmeans,184,199,0.8,ms,normal,36,218.11111111111111,4,8,3,15,0,0,0.0031947583333931107,1.0,0.42957567884903014,0.00218135089824492,0.7035421664919523,0.0,0.07106246300008934,0.0002809999996316037,0.0570404499999313,0.14181579800015243,0.14602428199987116,0.04376639800011617,0.142055;0.141432;0.141816,0.145982;0.146024;0.146037,0.041577;0.043766;0.045839,,multiprocessing,2026-10-03T11:57:06+00:00
R4-00463,R4,t2a-standard-4,Linux,6.1.0-53-cloud-arm64,aarch64,0xd0c,arm,4,4,,16.8,3.14.6,CPython,1,forkserver,2.5.3,text,text_csv_parse,8,694,0.3,seconds,normal,1978,716,4,8,2,3,0,0,0.003811900071501181,1.0,0.1949363698940819,0.0012419752998995843,1.0254846978364869,0.0,0.10615008200011289,0.0003210809991287533,0.0570404499999313,7.254715010999917,7.175530211000023,1.766532001000087,7.432613;7.254715;7.027830,7.175530;7.165514;7.180955,1.778884;1.766532;1.747225,,multiprocessing,2026-10-03T11:57:55+00:00
R4-00464,R4,t2a-standard-4,Linux,6.1.0-53-cloud-arm64,aarch64,0xd0c,arm,4,4,,16.8,3.14.6,CPython,1,forkserver,2.5.3,io,io_sleep_chunks,2115,251869,0.0,ms,big,8,251892,4,4,1,1,1,0,0.0024150086665031267,0.016152812553502545,0.0024174383323054263,0.018771499312126332,1.441986887519199,0.0,0.013075735999791505,0.000746760000311042,0.04739059199982876,0.01926224499993623,0.005225670000072569,0.007848705000014888,0.019372;0.019262;0.019258,0.005226;0.005286;0.005092,0.008934;0.007849;0.007184,,threading,2026-10-03T11:57:56+00:00
R4-00465,R4,t2a-standard-4,Linux,6.1.0-53-cloud-arm64,aarch64,0xd0c,arm,4,4,,16.8,3.14.6,CPython,1,forkserver,2.5.3,algo_rec,algo_lcs_memo,6,134,0.8,seconds,normal,63,153,4,2,1,10,0,0,0.019882563000161706,1.0,0.22230225777099502,0.0005760491479700814,1.3297955866179676,0.0,0.09851521500013405,0.00023523899972133222,0.046348734999810404,0.9253059139996367,0.9687924700001531,0.4896050910001577,0.924733;0.925306;0.940222,0.967802;0.968792;1.125178,0.495736;0.485626;0.489605,,multiprocessing,2026-10-03T11:58:04+00:00
R4-00466,R4,t2a-standard-4,Linux,6.1.0-53-cloud-arm64,aarch64,0xd0c,arm,4,4,,16.8,3.14.6,CPython,1,forkserver,2.5.3,big_payload,big_upper_copy,1,1828697,0.3,seconds,big,109,1828719,4,2,0,0,0,0,0.001698471666663358,1.0,0.07617631575971831,0.37681084854720404,1.2633370378489794,0.0,0.09576198100012334,0.013153970000075788,0.046348734999810404,0.18479866999996375,0.17468677499982732,1.960244005000277,0.192049;0.181566;0.184799,0.179966;0.174268;0.174687,1.960244,multiprocessing,threading,2026-10-03T11:58:08+00:00
R4-00467,R4,t2a-standard-4,Linux,6.1.0-53-cloud-arm64,aarch64,0xd0c,arm,4,4,,16.8,3.14.6,CPython,1,forkserver,2.5.3,recursive,rec_quicksort,6104,645,0.0,ms,normal,8,668,4,4,1,8,0,0,0.009755989000192736,1.0,0.03375057840365955,0.0011070123108015523,0.9794227796632436,0.0,0.06005417100004706,0.0010681179992388934,0.04739059199982876,0.07686004900006083,0.07796532600013961,0.028937329000200407,0.076549;0.077134;0.076860,0.078039;0.077692;0.077965,0.028937;0.030610;0.028071,,multiprocessing,2026-10-03T11:58:09+00:00
R4-00468,R4,t2a-standard-4,Linux,6.1.0-53-cloud-arm64,aarch64,0xd0c,arm,4,4,,16.8,3.14.6,CPython,1,forkserver,2.5.3,big_payload,big_upper_copy,5,468520,0.0,ms,big,426,468542,4,2,0,0,0,0,0.00045180071699504415,0.9993967760871879,0.04800356741782085,0.32750634168059395,1.2723396349207476,0.0,0.08924248900029852,0.0034858309986702807,0.045005443999798445,0.19023517000005086,0.15009587399981683,1.9915848400009963,0.198317;0.190235;0.184736,0.157301;0.150096;0.149904,1.991585,multiprocessing,threading,2026-10-03T11:58:14+00:00
R4-00469,R4,t2a-standard-4,Linux,6.1.0-53-cloud-arm64,aarch64,0xd0c,arm,4,4,,16.8,3.14.6,CPython,1,forkserver,2.5.3,algo_rec,algo_merge_sort,1613,1307,0.0,seconds,normal,2939,1330,4,2,1,10,0,0,0.0033704788666303405,0.9998588019126112,0.026757820522145096,0.037332677334187304,0.9873747334233793,0.0,0.10370943499992791,0.00216299300063838,0.04430719699985275,10.102067502999944,10.216619870000159,5.446148475999962,10.020350;10.102068;10.120016,10.195817;10.327059;10.216620,5.416703;5.446148;5.451805,,multiprocessing,2026-10-03T11:59:32+00:00
R4-00470,R4,t2a-standard-4,Linux,6.1.0-53-cloud-arm64,aarch64,0xd0c,arm,4,4,,16.8,3.14.6,CPython,1,forkserver,2.5.3,mixed,mixed_json_roundtrip,90,385,0.3,seconds,normal,200,407,4,2,1,1,1,0,0.0033762668666592315,0.969714326390334,0.13504631473019396,0.001319800881809244,0.9681436833201009,0.0,0.10343127099986305,0.000951554000039323,0.04430719699985275,0.6411438579998503,0.6299961929998972,0.31843582700003026,0.641815;0.641144;0.640875,0.629996;0.629682;0.633426,0.318436;0.317729;0.320496,,multiprocessing,2026-10-03T11:59:37+00:00
R4-00471,R4,t2a-standard-4,Linux,6.1.0-53-cloud-arm64,aarch64,0xd0c,arm,4,4,,16.8,3.14.6,CPython,1,forkserver,2.5.3,db,db_mem_group_by,8042,1444,0.8,seconds,normal,23,1467,4,8,1,2,1,0,0.009350410800107057,1.0,0.4712123017281894,0.0008898004641421097,0.16166959732802222,0.0,0.28639900999996826,0.0002488789996277774,0.0570404499999313,0.21896612999989884,1.314852945000439,0.06297058900008778,0.218966,1.314853,0.062971,threading,multiprocessing,2026-10-03T11:59:40+00:00
R4-00472,R4,t2a-standard-4,Linux,6.1.0-53-cloud-arm64,aarch64,0xd0c,arm,4,4,,16.8,3.14.6,CPython,1,forkserver,2.5.3,io,io_sleep_chunks,465,41,0.0,ms,normal,167,61,4,4,1,1,1,0,0.0006853574390134316,0.019052941756159042,0.028049295325206905,0.00680221705559461,1.8906070814540865,0.0,0.04432310700030939,0.0012807510006496159,0.09098867599959704,0.11382824199972674,0.0304169969999748,0.03410317299994858,0.113828;0.114805;0.113739,0.030539;0.030330;0.030417,0.041078;0.033244;0.034103,,threading,2026-10-03T11:59:41+00:00
R4-00473,R4,t2a-standard-4,Linux,6.1.0-53-cloud-arm64,aarch64,0xd0c,arm,4,4,,16.8,3.14.6,CPython,1,forkserver,2.5.3,tiny,tiny_len,132,145,0.8,ms,normal,200000,164,4,4,0,0,0,0,1.5137949526433658e-07,1.0,0.28349212779475425,26.000549306471104,0.2982286226980845,0.0,0.005204685000080644,0.0031301380095101194,0.09098867599959704,0.014875980999931926,0.02209577200028434,0.12190214400015975,0.015763;0.014674;0.014876,0.023043;0.022011;0.022096,0.121902,,sequential,2026-10-03T11:59:42+00:00
R4-00474,R4,t2a-standard-4,Linux,6.1.0-53-cloud-arm64,aarch64,0xd0c,arm,4,4,,16.8,3.14.6,CPython,1,forkserver,2.5.3,db,db_mem_group_by,1372,387036,0.0,seconds,big,516,387059,4,4,1,2,1,0,0.0018789799629741065,1.0,0.029403506941792463,0.033368956151335394,0.2743512679564806,0.0,0.23731799799998043,0.0023384619994430977,0.09098867599959704,0.9565213149999181,2.670838410000215,0.334167682000043,0.956521,2.670838,0.334168,threading,multiprocessing,2026-10-03T11:59:48+00:00
R4-00475,R4,t2a-standard-4,Linux,6.1.0-53-cloud-arm64,aarch64,0xd0c,arm,4,4,,16.8,3.14.6,CPython,1,forkserver,2.5.3,io,io_sleep,12875,28,0.0,ms,normal,8,48,4,8,0,1,1,0,0.012952643333240607,0.0019581609030994394,0.00029393752678497743,0.0011024519407962906,1.4805622652203227,0.0,0.0662409800002024,0.0010247930003970396,0.1176379429998633,0.1038421590001235,0.013500066000233346,0.015534331000253587,0.103842,0.013577;0.013500;0.013386,0.015541;0.013874;0.015534,,threading,2026-10-03T11:59:49+00:00
R4-00476,R4,t2a-standard-4,Linux,6.1.0-53-cloud-arm64,aarch64,0xd0c,arm,4,4,,16.8,3.14.6,CPython,1,forkserver,2.5.3,gil_release,gil_sha256,262,152846,0.8,ms,big,8,152868.66666666666,4,2,1,1,0,1,0.02445424233352848,0.9999497516948789,0.38633873203988683,0.0029807915976901925,2.242380603084039,0.0,0.11608790899981614,0.00100239299945315,0.044955645999834815,0.20124246699970172,0.10667856600002779,0.10817892100021709,0.201784;0.201067;0.201242,0.106829;0.106659;0.106679,0.108179;0.108767;0.107962,,threading,2026-10-03T11:59:51+00:00
R4-00477,R4,t2a-standard-4,Linux,6.1.0-53-cloud-arm64,aarch64,0xd0c,arm,4,4,,16.8,3.14.6,CPython,1,forkserver,2.5.3,algo_iter,algo_edit_distance,512,257,0.8,ms,normal,506,279.9,4,8,2,16,0,0,9.13466507723021e-05,1.0,0.491676247120979,0.044774493191648654,0.8636155396908768,0.0,0.026622891999977583,0.0016417090027971426,0.1176379429998633,0.0501447259998713,0.05173331500009226,0.01755751600012445,0.050088;0.050145;0.050469,0.051733;0.051549;0.051854,0.017907;0.017158;0.017558,,multiprocessing,2026-10-03T11:59:51+00:00
R4-00478,R4,t2a-standard-4,Linux,6.1.0-53-cloud-arm64,aarch64,0xd0c,arm,4,4,,16.8,3.14.6,CPython,1,forkserver,2.5.3,recursive,rec_tree_sum,41707,1130,0.0,ms,normal,8,1153,4,8,0,4,0,0,0.02624545366673677,1.0,0.1767691544641696,0.0006573709971624061,0.9946166568668993,0.0,0.16342691899990314,0.001016751999486587,0.1176379429998633,0.2091707059998953,0.24030388300025152,0.059638493999955244,0.195580;0.209171;0.215955,0.236111;0.240726;0.240304,0.059989;0.057496;0.059638,,multiprocessing,2026-10-03T11:59:54+00:00
R4-00479,R4,t2a-standard-4,Linux,6.1.0-53-cloud-arm64,aarch64,0xd0c,arm,4,4,,16.8,3.14.6,CPython,1,forkserver,2.5.3,recursive,rec_quicksort,13371,265488,0.3,seconds,big,26,265511,4,4,1,8,0,0,0.020402453333341935,0.99979939124658,0.16885516164197903,0.005575097499746576,0.8062785163257372,0.0,0.1426508949998606,0.0014686299996355956,0.0496603229998982,0.5971123249996708,0.6218880629999148,0.1892748320001374,0.597112;0.598200;0.596525,0.621997;0.621325;0.621888,0.189275;0.189646;0.185427,,multiprocessing,2026-10-03T11:59:59+00:00
R4-00480,R4,t2a-standard-4,Linux,6.1.0-53-cloud-arm64,aarch64,0xd0c,arm,4,4,,16.8,3.14.6,CPython,1,forkserver,2.5.3,text,text_split_count,4,242,0.8,ms,normal,113,261,4,2,1,1,0,0,7.089803568760544e-05,1.0,0.35120210149140463,0.05768848208035013,0.6188970051597424,0.5,0.006168075000005047,0.0009401540010003373,0.044955645999834815,0.008449857999949018,0.00896617399985189,0.00578915699998106,0.008450;0.008455;0.008421,0.009130;0.008966;0.008762,0.005789;0.004827;0.006489,,multiprocessing,2026-10-03T11:59:59+00:00
R4-00481,R4,t2a-standard-4,Linux,6.1.0-53-cloud-arm64,aarch64,0xd0c,arm,4,4,,16.8,3.14.6,CPython,1,forkserver,2.5.3,tiny,tiny_dict_lookup,8,1111642,0.8,seconds,big,179,1111664,4,4,0,1,0,0,5.399999736255268e-07,1.0,0.5960547895532218,682.361699997263,0.054521929824202925,0.0,0.0087490149999212,0.008241219001320133,0.0496603229998982,7.371900028374512e-05,0.0004617560002770915,0.16598268100005953,0.000074;0.000074;0.000029,0.000462,0.165983,,sequential,2026-10-03T12:00:01+00:00
R4-00482,R4,t2a-standard-4,Linux,6.1.0-53-cloud-arm64,aarch64,0xd0c,arm,4,4,,16.8,3.14.6,CPython,1,forkserver,2.5.3,tiny,tiny_dict_lookup,645,1691393,0.0,ms,big,118,1691416,4,4,0,1,0,0,5.999999741796837e-07,1.0,0.712235753375711,424.6935182844901,0.04026818381033771,0.0,0.005840436000198679,0.005367959000977862,0.0496603229998982,3.819899984591757e-05,0.0004588370002238662,0.14955571700011205,0.000054;0.000038;0.000021,0.000459,0.149556,,sequential,2026-10-03T12:00:02+00:00
R4-00483,R4,t2a-standard-4,Linux,6.1.0-53-cloud-arm64,aarch64,0xd0c,arm,4,4,,16.8,3.14.6,CPython,1,forkserver,2.5.3,numpy,np_linalg_solve,327,204142,0.3,ms,big,8,204165,4,2,0,3,0,1,0.003401414333135714,1.0,0.1284713839229801,0.010948288860518261,1.0694291379668337,0.0,0.020692764000159514,0.0010158330005651806,0.044955645999834815,0.020828922999953647,0.02116355999987718,0.017158311000002868,0.020829;0.020770;0.021000,0.021994;0.021164;0.021004,0.069332;0.017158;0.016226,,multiprocessing,2026-10-03T12:00:03+00:00
R4-00484,R4,t2a-standard-4,Linux,6.1.0-53-cloud-arm64,aarch64,0xd0c,arm,4,4,,16.8,3.14.6,CPython,1,forkserver,2.5.3,db,db_mem_insert_select,199,959,0.3,ms,normal,181,981,4,2,1,1,1,0,0.0003075532221878853,1.0,0.15753631537638826,0.01475500727450859,0.3320044758390593,0.0,0.05602617700014889,0.001045232001615659,0.044955645999834815,0.055606900000384485,0.18514287600009993,0.027725349999855098,0.055607;0.056117;0.055278,0.185143,0.027725;0.028424;0.027637,,multiprocessing,2026-10-03T12:00:04+00:00
R4-00485,R4,t2a-standard-4,Linux,6.1.0-53-cloud-arm64,aarch64,0xd0c,arm,4,4,,16.8,3.14.6,CPython,1,forkserver,2.5.3,recursive,rec_tree_sum,777,690883,0.3,seconds,big,289,690906,4,2,0,4,0,0,0.00025994690273339275,1.0,0.10616722327125676,0.41428922178461663,0.9768512543145111,0.0,0.04045701199993346,0.002511222002794966,0.044955645999834815,0.07430263199967158,0.07670793199986292,0.15005248999977994,0.073338;0.074303;0.074402,0.076267;0.076727;0.076708,0.175565;0.146740;0.150052,,sequential,2026-10-03T12:00:06+00:00
R4-00486,R4,t2a-standard-4,Linux,6.1.0-53-cloud-arm64,aarch64,0xd0c,arm,4,4,,16.8,3.14.6,CPython,1,forkserver,2.5.3,algo_iter,algo_game_of_life,1,309653,0.8,seconds,big,409,309675,4,2,5,9,0,0,0.0022253776086788844,1.0,0.3060708302733039,0.04287867803514296,0.9453301810172838,0.0,0.10910947900038082,0.0033727750010257296,0.044955645999834815,0.8990731219996633,0.9088317279997682,0.5138328630000615,0.900463;0.899073;0.896235,0.908832;0.906869;0.922805,0.519115;0.513833;0.513649,,multiprocessing,2026-10-03T12:00:14+00:00
R4-00487,R4,t2a-standard-4,Linux,6.1.0-53-cloud-arm64,aarch64,0xd0c,arm,4,4,,16.8,3.14.6,CPython,1,forkserver,2.5.3,recursive,rec_nqueens,6,65,0.8,ms,normal,50,84,4,4,1,10,0,0,0.0008882461667478007,1.0,0.33072007295442085,0.0056215647219772895,0.8441254026149253,0.0,0.024647281999932602,0.0012126699989494227,0.0496603229998982,0.05101203100002749,0.05220646099996884,0.017759537999609165,0.051227;0.051012;0.050915,0.052868;0.052206;0.052107,0.017760;0.020312;0.017196,,multiprocessing,2026-10-03T12:00:15+00:00
R4-00488,R4,t2a-standard-4,Linux,6.1.0-53-cloud-arm64,aarch64,0xd0c,arm,4,4,,16.8,3.14.6,CPython,1,forkserver,2.5.3,db,db_mem_group_by,11726,471,0.3,ms,normal,8,494,4,4,1,2,1,0,0.013867115333141555,1.0,0.16440191379780883,0.0008634335867737429,0.22515883994803457,0.0,0.20699701299963635,0.0009234310005012958,0.0496603229998982,0.11127317899990885,1.182376971999929,0.036838301999978285,0.111329;0.111266;0.111273,1.182377,0.039822;0.036838;0.031940,,multiprocessing,2026-10-03T12:00:17+00:00
R4-00489,R4,t2a-standard-4,Linux,6.1.0-53-cloud-arm64,aarch64,0xd0c,arm,4,4,,16.8,3.14.6,CPython,1,forkserver,2.5.3,big_payload,big_reverse,2,202594,0.0,ms,big,341,202616,4,2,0,0,0,0,0.000182731235273583,1.0,0.05760780407482742,0.3664258598576661,0.9696131136504567,0.0,0.033798044999912236,0.0020772610018866544,0.044955645999834815,0.06020774800026629,0.047038174999670446,0.5783486430000266,0.064297;0.060208;0.059414,0.060806;0.047038;0.044408,0.578349,,threading,2026-10-03T12:00:19+00:00
R4-00490,R4,t2a-standard-4,Linux,6.1.0-53-cloud-arm64,aarch64,0xd0c,arm,4,4,,16.8,3.14.6,CPython,1,forkserver,2.5.3,numpy,np_elementwise,1190,1519,0.8,seconds,normal,19370,1542,4,8,0,4,0,0,7.706265838458432e-05,1.0,0.36191897570941317,0.05748504076494767,0.8609149551032197,0.0,0.10953326099979677,0.0020776240003215207,0.1176379429998633,1.4664262109999981,2.327424006000001,0.4302321049999591,1.464972;1.467788;1.466426,2.324107;2.330741,0.525491;0.423681;0.430232,,multiprocessing,2026-10-03T12:00:30+00:00
R4-00491,R4,t2a-standard-4,Linux,6.1.0-53-cloud-arm64,aarch64,0xd0c,arm,4,4,,16.8,3.14.6,CPython,1,forkserver,2.5.3,tiny,tiny_add,973,54,0.8,seconds,normal,200000,73.9,4,4,0,1,0,0,1.8177799574914387e-07,1.0,0.34973718745692334,21.245696138362398,0.40460008170582723,0.0,0.005086316000415536,0.003042254008960299,0.0496603229998982,0.01843448099998568,0.028708752999591525,0.07167494100031035,0.019052;0.018434;0.018379,0.028695;0.028709;0.028945,0.071675;0.070641;0.084522,,sequential,2026-10-03T12:00:31+00:00
R4-00492,R4,t2a-standard-4,Linux,6.1.0-53-cloud-arm64,aarch64,0xd0c,arm,4,4,,16.8,3.14.6,CPython,1,forkserver,2.5.3,cpu,cpu_matmul_lists,5,613,0.3,seconds,normal,20882,635,4,4,3,5,0,0,1.394221900022785e-05,1.0,0.36805363318675904,0.2899072235878814,0.9879376369558397,0.0,0.060603715000070224,0.0037116879998393415,0.0496603229998982,0.28611846600006174,0.291337945000123,0.09153359999982058,0.285093;0.286241;0.286118,0.291086;0.291338;0.291782,0.094667;0.086203;0.091534,,multiprocessing,2026-10-03T12:00:34+00:00
R4-00493,R4,t2a-standard-4,Linux,6.1.0-53-cloud-arm64,aarch64,0xd0c,arm,4,4,,16.8,3.14.6,CPython,1,forkserver,2.5.3,gil_release,gil_numpy_matmul,497,2549,0.0,ms,normal,17,2572,4,2,0,2,0,1,0.01314040449994991,0.9998763982209976,0.006284415886799729,0.0007237220163829285,1.830429843067317,0.5,0.0821307189999061,0.0008801919998404628,0.044955645999834815,0.2225421279999864,0.12033918299994184,0.11981286800028101,0.222542;0.222333;0.222645,0.118297;0.120339;0.120567,0.119813;0.119872;0.118971,,multiprocessing,2026-10-03T12:00:36+00:00
R4-00494,R4,t2a-standard-4,Linux,6.1.0-53-cloud-arm64,aarch64,0xd0c,arm,4,4,,16.8,3.14.6,CPython,1,forkserver,2.5.3,gil_release,gil_bz2,150,300000,0.8,ms,big,8,300022.3333333333,4,8,0,1,0,1,0.0286192266667058,0.9999175447930473,0.2492270986259525,0.0016631942543718025,2.6411568233579983,0.0,0.11522930000000997,0.0007407929997498286,0.1176379429998633,0.14914592000013727,0.05293557200002397,0.0555341879999105,0.149146;0.149166;0.149141,0.052936;0.045247;0.055635,0.050018;0.055534;0.055812,,threading,2026-10-03T12:00:37+00:00
R4-00495,R4,t2a-standard-4,Linux,6.1.0-53-cloud-arm64,aarch64,0xd0c,arm,4,4,,16.8,3.14.6,CPython,1,forkserver,2.5.3,db,db_mem_insert_select,13,541451,0.3,seconds,big,369,541473,4,4,1,1,1,0,0.00012060154346687816,1.0,0.18869660765395205,0.6089258709762392,0.8078807475442734,0.0,0.0265602829999807,0.0018793430012919998,0.0496603229998982,0.04274465800017424,0.08997935700017479,0.12183551299995088,0.042235;0.042745;0.043149,0.092082;0.089979;0.085880,0.122195;0.119665;0.121836,,sequential,2026-10-03T12:00:39+00:00
R4-00496,R4,t2a-standard-4,Linux,6.1.0-53-cloud-arm64,aarch64,0xd0c,arm,4,4,,16.8,3.14.6,CPython,1,forkserver,2.5.3,algo_iter,algo_dijkstra,112,418289,0.3,seconds,big,478,418311,4,2,2,15,0,0,0.0002453756134259072,1.0,0.18496743266915858,0.23860358077378355,0.9994669746524619,0.0,0.06131600900016565,0.0028568950024236983,0.044955645999834815,0.11496796600022208,0.1180108180001298,0.13880419099996288,0.114525;0.114968;0.115232,0.117246;0.118011;0.118078,0.138804;0.135822;0.145038,,sequential,2026-10-03T12:00:42+00:00
R4-00497,R4,t2a-standard-4,Linux,6.1.0-53-cloud-arm64,aarch64,0xd0c,arm,4,4,,16.8,3.14.6,CPython,1,forkserver,2.5.3,cpu,cpu_count_primes,259,1659,0.8,ms,normal,101,1681.6,4,8,2,4,0,0,5.6671480015211275e-05,1.0,0.462189408672137,0.07241649437544359,0.7739025467518885,9.0,0.004226042000027519,0.0008588329997110122,0.1176379429998633,0.006392021999999997,0.006838698999672488,0.004034522999972978,0.006392;0.006398;0.006383,0.006844;0.006768;0.006839,0.004035;0.004163;0.003539,,multiprocessing,2026-10-03T12:00:42+00:00
R4-00498,R4,t2a-standard-4,Linux,6.1.0-53-cloud-arm64,aarch64,0xd0c,arm,4,4,,16.8,3.14.6,CPython,1,forkserver,2.5.3,io,io_sleep,7589,29,0.0,seconds,normal,746,49,4,8,0,1,1,0,0.007659513428539607,0.001583364337442219,0.0007510934826284402,0.0012495944725738172,1.7399708528156232,25.5,0.08481139100013024,0.00030427700039581396,0.1176379429998633,5.716879661000348,0.7364256400001068,0.7371640119999938,5.716880,0.736480;0.736094;0.736426,0.736967;0.737164;0.737180,,threading,2026-10-03T12:00:53+00:00
R4-00499,R4,t2a-standard-4,Linux,6.1.0-53-cloud-arm64,aarch64,0xd0c,arm,4,4,,16.8,3.14.6,CPython,1,forkserver,2.5.3,io,io_sleep_chunks,486,612861,0.0,ms,big,27,612884,4,8,1,1,1,0,0.0007112198334198183,0.025121683152799952,0.013404879782733813,0.1821173901916565,1.7068894731703796,0.0,0.008271281999896019,0.0014432669995585456,0.1176379429998633,0.01891030100023272,0.0032060489998002595,0.014703581000048871,0.018910,0.003206;0.003118;0.003273,0.015341;0.013902;0.014704,,threading,2026-10-03T12:00:54+00:00
R4-00500,R4,t2a-standard-4,Linux,6.1.0-53-cloud-arm64,aarch64,0xd0c,arm,4,4,,16.8,3.14.6,CPython,1,forkserver,2.5.3,db,db_file_commit,3,9086,0.8,ms,normal,8,9108,4,8,1,0,1,0,0.007489128999926227,0.11539262321889877,0.5644029482544074,0.0015578135555178315,0.8168924363889561,0.0,0.04021741899987319,0.0009430710001652187,0.1176379429998633,0.05271730100002969,0.02374669399978302,0.023268979000022227,0.052717;0.060284;0.050624,0.055400;0.023747;0.023454,0.032963;0.019952;0.023269,,multiprocessing,2026-10-03T12:00:55+00:00
R4-00501,R4,t2a-standard-4,Linux,6.1.0-53-cloud-arm64,aarch64,0xd0c,arm,4,4,,16.8,3.14.6,CPython,1,forkserver,2.5.3,recursive,rec_quicksort,4217,303,0.3,seconds,normal,210,326,4,2,1,8,0,0,0.0062999301250670214,0.9998047735176181,0.2359984899524267,0.0008793748355718822,1.0498015248004318,0.0,0.09960933399997884,0.00024911799937399337,0.044955645999834815,1.3276937699997688,1.3710040740002114,0.6704042999999729,1.327694;1.327365;1.337841,1.365230;1.375605;1.371004,0.668284;0.670404;0.670551,,multiprocessing,2026-10-03T12:01:06+00:00
R4-00502,R4,t2a-standard-4,Linux,6.1.0-53-cloud-arm64,aarch64,0xd0c,arm,4,4,,16.8,3.14.6,CPython,1,forkserver,2.5.3,big_result,result_matrix_lists,359,697359,0.3,seconds,big,151,697382,4,4,2,5,0,0,0.018089287999979813,1.0,0.07830833835657101,0.19304124444081697,1.1630923317914428,0.0,0.1096770330000254,0.01116452800033585,0.0496603229998982,2.941230961000201,3.0470583110000007,1.4515901429999758,3.087207;2.935736;2.941231,3.083074;3.023675;3.047058,1.324682;1.451590;1.489455,,multiprocessing,2026-10-03T12:01:29+00:00
R4-00503,R4,t2a-standard-4,Linux,6.1.0-53-cloud-arm64,aarch64,0xd0c,arm,4,4,,16.8,3.14.6,CPython,1,forkserver,2.5.3,big_result,result_long_string,2649,1382631,0.0,seconds,big,11,1382654,4,8,1,1,0,0,0.2555637119997603,0.9999565735624336,0.020499131679541704,0.0008284861664397646,0.9719529295028715,0.0,1.5559434500000862,0.0014004240006215696,0.1176379429998633,2.847232452999833,3.0112237759999516,0.875646412000151,2.861490;2.847232;2.845637,3.027376;2.996096;3.011224,0.877432;0.851640;0.875646,,multiprocessing,2026-10-03T12:01:52+00:00
R4-00504,R4,t2a-standard-4,Linux,6.1.0-53-cloud-arm64,aarch64,0xd0c,arm,4,4,,16.8,3.14.6,CPython,1,forkserver,2.5.3,numpy,np_sort,3710,1486139,0.0,ms,big,9,1486162,4,4,0,3,0,1,0.0018985916667588754,1.0,0.03271004807866671,0.1202912685550424,1.2818146632761203,0.0,0.01154090800037011,0.0014423430002352688,0.0496603229998982,0.01646989200025928,0.006698802999835607,0.06441574300015418,0.016420;0.016470;0.016627,0.006874;0.006699;0.006545,0.064416,,threading,2026-10-03T12:01:52+00:00
R4-00505,R4,t2a-standard-4,Linux,6.1.0-53-cloud-arm64,aarch64,0xd0c,arm,4,4,,16.8,3.14.6,CPython,1,forkserver,2.5.3,algo_iter,algo_game_of_life,2,912,0.0,seconds,normal,133,934,4,2,5,9,0,0,0.0035216289333523795,1.0,0.005203845993751056,0.014892937609411901,0.9808231477470678,0.0,0.10771440500002427,0.001021388999561168,0.044955645999834815,0.4698924109998188,0.4756135559996437,0.24323052299996561,0.469892;0.469497;0.470453,0.474330;0.475614;0.476889,0.243231;0.242796;0.243394,,multiprocessing,2026-10-03T12:01:57+00:00
R4-00506,R4,t2a-standard-4,Linux,6.1.0-53-cloud-arm64,aarch64,0xd0c,arm,4,4,,16.8,3.14.6,CPython,1,forkserver,2.5.3,numpy,np_linalg_solve,23,7209,0.8,ms,normal,1832,7231,4,8,0,3,0,1,4.119986898712536e-05,1.0,0.287550212612602,0.11893120287154244,0.45739457402589,0.0,0.061179691000234016,0.0011523880039021606,0.1176379429998633,0.07426609600042866,0.20242001199994775,0.03736772599995675,0.073000;0.074488;0.074266,0.202420,0.038835;0.037368;0.036091,,multiprocessing,2026-10-03T12:01:58+00:00
R4-00507,R4,t2a-standard-4,Linux,6.1.0-53-cloud-arm64,aarch64,0xd0c,arm,4,4,,16.8,3.14.6,CPython,1,forkserver,2.5.3,recursive,rec_nqueens,1,1710862,0.3,seconds,big,116,1710884,4,8,1,10,0,0,0.00016017189658794388,1.0,0.04753175874047019,1.578048680240219,0.8985652113059611,0.0,0.015186383000127535,0.005325538998931734,0.1176379429998633,0.018118708000201877,0.01907757799972387,0.15593802300008974,0.018198;0.018119;0.018108,0.019078;0.018879;0.019449,0.155938,,sequential,2026-10-03T12:01:59+00:00
R4-00508,R4,t2a-standard-4,Linux,6.1.0-53-cloud-arm64,aarch64,0xd0c,arm,4,4,,16.8,3.14.6,CPython,1,forkserver,2.5.3,algo_iter,algo_kmeans,376,212,0.3,seconds,normal,60,232,4,8,3,15,0,0,0.00764033357147907,1.0,0.15555036252385665,0.0009827543880256736,1.0391701640641868,0.0,0.10700634900013029,0.0015123419998417376,0.1176379429998633,0.4544685280002341,0.4691828620002525,0.13371643700020286,0.454469;0.454449;0.455967,0.469183;0.468609;0.469192,0.133716;0.140116;0.133511,,multiprocessing,2026-10-03T12:02:03+00:00
R4-00509,R4,t2a-standard-4,Linux,6.1.0-53-cloud-arm64,aarch64,0xd0c,arm,4,4,,16.8,3.14.6,CPython,1,forkserver,2.5.3,db,db_file_lookup,155,565438,0.0,seconds,big,353,565460,4,8,1,5,1,0,0.0016022360937313351,0.999866834905098,0.025168479090982757,0.05015306440511775,0.34846688718806035,0.0,0.20088606699982847,0.002950685000541853,0.1176379429998633,0.5805544449999616,2.142200470001171,0.22844009400023424,0.580554,2.142200,0.228440,threading,multiprocessing,2026-10-03T12:02:07+00:00
R4-00510,R4,t2a-standard-4,Linux,6.1.0-53-cloud-arm64,aarch64,0xd0c,arm,4,4,,16.8,3.14.6,CPython,1,forkserver,2.5.3,io,io_sleep_return_payload,2574,16561,0.0,ms,normal,111,16584,4,8,0,1,1,0,0.0026379495789115026,0.0027121541719333383,0.0011936482748744115,0.0037205531484556576,1.8740192078677764,0.0,0.07823962599968581,0.0012713050005004334,0.08744467600035932,0.29319301599980463,0.04275544800020725,0.08457798700010244,0.293193,0.042755;0.042699;0.042799,0.099886;0.084578;0.080026,,threading,2026-10-03T12:02:09+00:00
R4-00511,R4,t2a-standard-4,Linux,6.1.0-53-cloud-arm64,aarch64,0xd0c,arm,4,4,,16.8,3.14.6,CPython,1,forkserver,2.5.3,db,db_mem_insert_select,11468,236,0.3,seconds,normal,505,256,4,8,1,1,1,0,0.011162753999906272,1.0,0.13816205148465097,0.0010291188017312618,0.1727003346979265,0.0,0.38983832199983226,0.0009874690003925934,0.08744467600035932,5.828513944999941,7.793191730000672,1.3586383460001343,5.828514,7.793192,1.358638,threading,multiprocessing,2026-10-03T12:02:25+00:00
R4-00512,R4,t2a-standard-4,Linux,6.1.0-53-cloud-arm64,aarch64,0xd0c,arm,4,4,,16.8,3.14.6,CPython,1,forkserver,2.5.3,text,text_csv_parse,3,365,0.8,ms,normal,177,387,4,4,2,3,0,0,0.0008281332954166745,0.9994541213121207,0.3652054775259477,0.005274452809646321,0.9132953391025139,0.0,0.07788394699991841,0.0015544610014330829,0.10340462800013484,0.15216914000029647,0.15572129500014853,0.056634291999671404,0.151558;0.152169;0.152552,0.155537;0.155721;0.156009,0.057850;0.056634;0.049094,,multiprocessing,2026-10-03T12:02:27+00:00
R4-00513,R4,t2a-standard-4,Linux,6.1.0-53-cloud-arm64,aarch64,0xd0c,arm,4,4,,16.8,3.14.6,CPython,1,forkserver,2.5.3,mixed,mixed_compute_then_sleep,154476,113,0.8,ms,normal,8,135,4,2,1,3,1,0,0.0076639573333826165,0.7282047660787452,0.288690680945098,0.0017814556275095304,1.2315836277714576,0.0,0.03876615499984837,0.0007530709995080542,0.04397132999974929,0.08110846200042943,0.06541681899989271,0.0414870399999927,0.080764;0.081108;0.081160,0.065995;0.065417;0.065394,0.045978;0.041455;0.041487,,multiprocessing,2026-10-03T12:02:28+00:00
R4-00514,R4,t2a-standard-4,Linux,6.1.0-53-cloud-arm64,aarch64,0xd0c,arm,4,4,,16.8,3.14.6,CPython,1,forkserver,2.5.3,io,io_sleep_return_payload,351,1826,0.8,seconds,normal,1832,1848.8,4,8,0,1,1,0,0.0004145336363590029,0.012323514414548476,0.39318197316288966,0.0133353472737214,1.9068908258771191,0.5,0.077498464999735,0.0009922270000970457,0.07317752000017208,0.7602863570000409,0.09652142300001287,0.124602669000069,0.760286,0.096475;0.096849;0.096521,0.134933;0.124603;0.112321,,threading,2026-10-03T12:02:30+00:00
R4-00515,R4,t2a-standard-4,Linux,6.1.0-53-cloud-arm64,aarch64,0xd0c,arm,4,4,,16.8,3.14.6,CPython,1,forkserver,2.5.3,db,db_file_commit,2,6092,0.8,seconds,normal,565,6114,4,8,1,0,1,0,0.00529249729993353,0.1266664439298577,0.4099671336482025,0.0010694195326490265,1.0540986094955713,0.0,0.10317373599991697,0.0010401850008747715,0.07317752000017208,3.6441307230002167,2.7203419030001896,2.6894440319997557,3.533592;3.644131;3.657273,2.713239;2.720342;2.726595,0.964005;2.723731;2.689444,,multiprocessing,2026-10-03T12:02:56+00:00
R4-00516,R4,t2a-standard-4,Linux,6.1.0-53-cloud-arm64,aarch64,0xd0c,arm,4,4,,16.8,3.14.6,CPython,1,forkserver,2.5.3,io,io_file_roundtrip,4,22463,0.3,seconds,normal,537,22485,4,2,1,0,1,0,0.00485871672729197,0.10994730282814852,0.1846384030049156,0.0014556593505226328,1.5677448839281483,0.0,0.08805886100026328,0.001072585999736475,0.04397132999974929,2.4852623470001163,2.022156956999879,1.680861957000161,2.471590;2.504485;2.485262,1.674256;2.022157;2.040827,1.580207;1.680862;2.048953,,multiprocessing,2026-10-03T12:03:15+00:00
R4-00517,R4,t2a-standard-4,Linux,6.1.0-53-cloud-arm64,aarch64,0xd0c,arm,4,4,,16.8,3.14.6,CPython,1,forkserver,2.5.3,big_payload,big_reverse,2,1439282,0.3,seconds,big,138,1439304,4,2,0,0,0,0,0.0011691731470979422,0.9998441188478521,0.1405948348398605,1.2541218583429592,0.9118120665692843,0.0,0.11384797200025787,0.03010929799893347,0.04397132999974929,0.17432647899977383,0.17803266300006726,1.9084529300002941,0.181691;0.167424;0.174326,0.184301;0.177539;0.178033,1.908453,multiprocessing,sequential,2026-10-03T12:03:20+00:00
R4-00518,R4,t2a-standard-4,Linux,6.1.0-53-cloud-arm64,aarch64,0xd0c,arm,4,4,,16.8,3.14.6,CPython,1,forkserver,2.5.3,cpu,cpu_matmul_lists,4,536845,0.8,ms,big,372,536867,4,8,3,5,0,0,1.171165593072518e-05,1.0,0.8555700720950915,6.2156026774188815,0.7837108127726582,0.0,0.005173406999801955,0.002617323998492793,0.07317752000017208,0.0038156260002324416,0.0045545759999185975,0.13768930499963972,0.003843;0.003815;0.003816,0.004555;0.004568;0.004255,0.137689,,sequential,2026-10-03T12:03:21+00:00
R4-00519,R4,t2a-standard-4,Linux,6.1.0-53-cloud-arm64,aarch64,0xd0c,arm,4,4,,16.8,3.14.6,CPython,1,forkserver,2.5.3,cpu,cpu_matmul_lists,11,748,0.8,seconds,normal,7243,770,4,2,3,5,0,0,0.0001647716765819796,1.0,0.9009188256919084,0.02595075860997347,1.008646963965764,0.0,0.1004865059999247,0.0007323099957829982,0.04242116299974441,1.1050968780000403,1.1243389169999318,0.5595379229998798,1.106522;1.105097;1.102775,1.122677;1.124339;1.125508,0.560488;0.559444;0.559538,,multiprocessing,2026-10-03T12:03:30+00:00
R4-00520,R4,t2a-standard-4,Linux,6.1.0-53-cloud-arm64,aarch64,0xd0c,arm,4,4,,16.8,3.14.6,CPython,1,forkserver,2.5.3,algo_iter,algo_kmeans,36,54,0.3,ms,normal,172,73,4,8,3,15,0,0,0.0007354210929512446,1.0,0.1695907510343454,0.007146857816189397,0.9487808943729207,0.5,0.06677080400004343,0.0017173350033772294,0.07317752000017208,0.12948118599979352,0.1325723019999714,0.04002070700016702,0.129405;0.129481;0.129744,0.132572;0.132386;0.132688,0.042010;0.040021;0.038770,,multiprocessing,2026-10-03T12:03:32+00:00
R4-00521,R4,t2a-standard-4,Linux,6.1.0-53-cloud-arm64,aarch64,0xd0c,arm,4,4,,16.8,3.14.6,CPython,1,forkserver,2.5.3,algo_iter,algo_edit_distance,75456,452,0.3,seconds,normal,37,476.5,4,2,2,16,0,0,0.015320030249995398,1.0,0.17186845942849152,0.0005025936532884358,1.0641963939657366,0.0,0.11884425500011275,0.0013042209998275212,0.04242116299974441,0.5164374460000545,0.5231960799997069,0.2804292499999974,0.516205;0.516437;0.516680,0.523196;0.522820;0.523832,0.280429;0.276732;0.282850,,multiprocessing,2026-10-03T12:03:36+00:00
R4-00522,R4,t2a-standard-4,Linux,6.1.0-53-cloud-arm64,aarch64,0xd0c,arm,4,4,,16.8,3.14.6,CPython,1,forkserver,2.5.3,io,io_sleep_return_payload,4491,6817,0.3,ms,normal,8,6840,4,8,0,1,1,0,0.0044397226667266905,0.0026266479589172483,0.1849823960457215,0.003967214774947556,1.5985746355207722,0.0,0.02104333499983113,0.00027139499979966786,0.07317752000017208,0.034018268000181706,0.005686517999947682,0.008332199000051332,0.034018,0.005680;0.005920;0.005687,0.006578;0.012466;0.008332,,threading,2026-10-03T12:03:37+00:00
R4-00523,R4,t2a-standard-4,Linux,6.1.0-53-cloud-arm64,aarch64,0xd0c,arm,4,4,,16.8,3.14.6,CPython,1,forkserver,2.5.3,big_payload,big_upper_copy,2,315808,0.3,ms,big,379,315830,4,2,0,0,0,0,0.0003011134893874461,1.0,0.04369566975584104,0.3290141540409613,1.1259733481860468,0.0,0.056340423000165174,0.0027507209979376057,0.04242116299974441,0.11587811400022474,0.11760748899996543,1.591074030000982,0.118215;0.110534;0.115878,0.114796;0.117761;0.117607,1.591074,multiprocessing,sequential,2026-10-03T12:03:40+00:00
R4-00524,R4,t2a-standard-4,Linux,6.1.0-53-cloud-arm64,aarch64,0xd0c,arm,4,4,,16.8,3.14.6,CPython,1,forkserver,2.5.3,db,db_mem_group_by,214,694982,0.8,seconds,big,287,695004.25,4,8,1,2,1,0,0.00038378033802383843,0.9997244470890836,0.29829360171229374,0.2567368369126568,0.33752312613280105,0.0,0.11065074699990873,0.0029732350003541796,0.07317752000017208,0.11098369899991667,1.5549184949995833,0.15595904200017685,0.110984,1.554918,0.155959,threading,sequential,2026-10-03T12:03:43+00:00
R4-00525,R4,t2a-standard-4,Linux,6.1.0-53-cloud-arm64,aarch64,0xd0c,arm,4,4,,16.8,3.14.6,CPython,1,forkserver,2.5.3,gil_release,gil_zlib,1,76243,0.0,seconds,normal,2623,76265,4,4,1,1,0,1,0.0017244008965682388,1.0,0.01746795990411331,0.00803974880139542,1.884201812183734,0.5,0.07805949400017198,0.0014707779996570025,0.0816503610003565,4.60203007500013,1.1476996819997112,1.249275871000009,4.602851;4.602030;4.596832,1.157816;1.147548;1.147700,1.269174;1.249276;1.228112,,threading,2026-10-03T12:04:06+00:00
R4-00526,R4,t2a-standard-4,Linux,6.1.0-53-cloud-arm64,aarch64,0xd0c,arm,4,4,,16.8,3.14.6,CPython,1,forkserver,2.5.3,tiny,tiny_dict_lookup,7,62,0.8,seconds,normal,200000,81,4,2,0,1,0,0,2.5829650326159024e-07,1.0,2.0311105153956492,14.649636872590415,0.443818271600978,0.0,0.005457715999909851,0.003045631993245479,0.043119702999774745,0.03138500200020644,0.04009930899974279,0.06233560999999099,0.031088;0.033193;0.031385,0.040540;0.039152;0.040099,0.071378;0.062336;0.061064,,sequential,2026-10-03T12:04:07+00:00
R4-00527,R4,t2a-standard-4,Linux,6.1.0-53-cloud-arm64,aarch64,0xd0c,arm,4,4,,16.8,3.14.6,CPython,1,forkserver,2.5.3,tiny,tiny_add,4,43,0.8,seconds,normal,200000,62,4,4,0,1,0,0,1.3827700013280263e-07,1.0,1.6436235560586816,27.27821633117157,0.4412338177381186,0.0,0.004648689000077866,0.0029944359998808068,0.0816503610003565,0.012606208000306651,0.02116311700001461,0.05556583199995657,0.012606;0.014012;0.012474,0.021499;0.021163;0.019184,0.055566;0.054710;0.066354,,sequential,2026-10-03T12:04:08+00:00
R4-00528,R4,t2a-standard-4,Linux,6.1.0-53-cloud-arm64,aarch64,0xd0c,arm,4,4,,16.8,3.14.6,CPython,1,forkserver,2.5.3,tiny,tiny_len,33,342,0.8,seconds,normal,200000,364,4,8,0,0,0,0,1.629589976346324e-07,1.0,0.3487399272372873,35.3579744205023,0.4567066278823909,0.0,0.0047748870001669275,0.003001951004989678,0.0723332150000715,0.022134021000056237,0.0303961760000675,0.11856138799976179,0.026431;0.022134;0.021878,0.031385;0.030396;0.029718,0.118561,,sequential,2026-10-03T12:04:09+00:00
R4-00529,R4,t2a-standard-4,Linux,6.1.0-53-cloud-arm64,aarch64,0xd0c,arm,4,4,,16.8,3.14.6,CPython,1,forkserver,2.5.3,big_payload,big_count_byte,2,1541267,0.8,seconds,big,129,1541289,4,8,0,1,0,0,0.0009707363750521836,1.0,0.01303022711363617,0.22947996559501663,0.9812893046108575,0.0,0.06787960000019666,0.005100321998270374,0.0723332150000715,0.12478044699992097,0.12691885399999592,0.15431231100001241,0.124730;0.124780;0.124951,0.126919;0.126819;0.127197,0.165028;0.152198;0.154312,,sequential,2026-10-03T12:04:12+00:00
R4-00530,R4,t2a-standard-4,Linux,6.1.0-53-cloud-arm64,aarch64,0xd0c,arm,4,4,,16.8,3.14.6,CPython,1,forkserver,2.5.3,recursive,rec_quicksort,287,101,0.8,ms,normal,34,120.5,4,8,1,8,0,0,0.0003022453750531895,1.0,0.4963414590457527,0.016294294701953056,0.8376623160806654,0.0,0.006618419000005815,0.0011519829995449982,0.0723332150000715,0.011306266000246978,0.012134334000165836,0.005180920999919181,0.011306;0.011324;0.011227,0.012414;0.012134;0.011919,0.003967;0.006074;0.005181,,multiprocessing,2026-10-03T12:04:12+00:00
R4-00531,R4,t2a-standard-4,Linux,6.1.0-53-cloud-arm64,aarch64,0xd0c,arm,4,4,,16.8,3.14.6,CPython,1,forkserver,2.5.3,big_result,result_records,122,87,0.0,ms,normal,284,106,4,4,1,2,0,0,5.1052169017335906e-05,1.0,0.9433056554738392,1.103442833148641,0.9459859091550222,0.0,0.009417415999905643,0.0018876919993999763,0.0816503610003565,0.01600467399975969,0.017008539000016754,0.03016453600002933,0.027448;0.015598;0.016005,0.017009;0.016380;0.027688,0.028990;0.041592;0.030165,,sequential,2026-10-03T12:04:13+00:00
R4-00532,R4,t2a-standard-4,Linux,6.1.0-53-cloud-arm64,aarch64,0xd0c,arm,4,4,,16.8,3.14.6,CPython,1,forkserver,2.5.3,gil_release,gil_numpy_matmul,50,2924,0.0,seconds,normal,21467,2946,4,2,0,2,0,1,3.294230414352335e-05,1.0,0.11876395082005506,0.13119604506692367,1.2691547004504362,0.0,0.09199510300004476,0.003310423001039453,0.043119702999774745,0.7026335679997828,0.6798173440001847,0.3800489079999352,0.702685;0.702634;0.702050,0.679817;0.592028;0.728967,0.434968;0.379504;0.380049,,multiprocessing,2026-10-03T12:04:19+00:00
R4-00533,R4,t2a-standard-4,Linux,6.1.0-53-cloud-arm64,aarch64,0xd0c,arm,4,4,,16.8,3.14.6,CPython,1,forkserver,2.5.3,numpy,np_sort,34951,1082,0.8,ms,normal,8,1105,4,2,0,3,0,1,0.0031701109998418056,1.0,0.2479155603214017,0.0033184957426557094,2.738406400193861,0.0,0.014476173999810271,0.0008366260003640491,0.043119702999774745,0.02004772899999807,0.012330368999755592,0.013888224000311311,0.019993;0.020048;0.020191,0.012765;0.012330;0.012303,0.015913;0.012989;0.013888,,threading,2026-10-03T12:04:20+00:00
R4-00534,R4,t2a-standard-4,Linux,6.1.0-53-cloud-arm64,aarch64,0xd0c,arm,4,4,,16.8,3.14.6,CPython,1,forkserver,2.5.3,tiny,tiny_len,97,388088,0.0,ms,big,515,388110,4,8,0,0,0,0,4.165547160539518e-07,1.0,0.3340559738784986,147.32998498273713,0.14275476067331802,0.0,0.0021740460001637985,0.0016474549966005725,0.0723332150000715,9.667800031820661e-05,0.0007048689999464841,0.11917582400019455,0.000150;0.000097;0.000049,0.000705,0.119176,,sequential,2026-10-03T12:04:21+00:00
R4-00535,R4,t2a-standard-4,Linux,6.1.0-53-cloud-arm64,aarch64,0xd0c,arm,4,4,,16.8,3.14.6,CPython,1,forkserver,2.5.3,io,io_sleep_chunks,7627,707775,0.3,ms,big,8,707798,4,4,1,1,1,0,0.00821700533318411,0.0032447284519046583,0.0897781992305967,0.013174061460761855,1.2613887908375525,0.0,0.044042792999789526,0.0009286650006288255,0.0816503610003565,0.06927555899983417,0.019575095000163856,0.022462728999926185,0.069281;0.069276;0.069213,0.019565;0.019578;0.019575,0.022463;0.022627;0.022121,,threading,2026-10-03T12:04:22+00:00
R4-00536,R4,t2a-standard-4,Linux,6.1.0-53-cloud-arm64,aarch64,0xd0c,arm,4,4,,16.8,3.14.6,CPython,1,forkserver,2.5.3,mixed,mixed_compute_then_sleep,3189,146,0.8,ms,normal,98,166,4,4,1,3,1,0,0.00028013895829796337,0.5986096137076314,0.3834202649816085,0.015406461278916322,1.396728203821165,0.0,0.012467244999697868,0.0007754680009384174,0.0816503610003565,0.027259693999894807,0.01771456300002683,0.009768887000063842,0.027260;0.027260;0.027259,0.017827;0.017680;0.017715,0.009272;0.009769;0.016458,,multiprocessing,2026-10-03T12:04:23+00:00
R4-00537,R4,t2a-standard-4,Linux,6.1.0-53-cloud-arm64,aarch64,0xd0c,arm,4,4,,16.8,3.14.6,CPython,1,forkserver,2.5.3,db,db_mem_group_by,1171,30,0.0,ms,normal,155,50,4,8,1,2,1,0,0.0015833927812707316,1.0,0.022430074919275317,0.0023240916641034106,0.22885806988052643,0.5,0.2722895030001382,0.0009869839991551999,0.0723332150000715,0.24433569700022417,1.349585129999923,0.06991702599998462,0.244336,1.349585,0.069917,threading,multiprocessing,2026-10-03T12:04:25+00:00
R4-00538,R4,t2a-standard-4,Linux,6.1.0-53-cloud-arm64,aarch64,0xd0c,arm,4,4,,16.8,3.14.6,CPython,1,forkserver,2.5.3,db,db_mem_group_by,256,811,0.3,ms,normal,77,833.421052631579,4,8,1,2,1,0,0.00042498705258702484,1.0,0.15946357001150072,0.009872622694738813,0.42599447045919603,0.0,0.02814367900009529,0.0013650190007865604,0.10167020500011859,0.03401226599999063,0.35755286799985697,0.02037043900008939,0.034136;0.034012;0.033958,0.357553,0.024004;0.020370;0.012022,,multiprocessing,2026-10-03T12:04:27+00:00
R4-00539,R4,t2a-standard-4,Linux,6.1.0-53-cloud-arm64,aarch64,0xd0c,arm,4,4,,16.8,3.14.6,CPython,1,forkserver,2.5.3,numpy,np_sort,41501,727,0.8,ms,normal,8,750.6666666666666,4,2,0,3,0,1,0.0036084100000455996,1.0,0.477577520442425,0.0027047000849097173,0.8681682142699406,0.0,0.021588700999927823,0.0008333069999935105,0.04112383300025613,0.02652106300001833,0.01586623100001816,0.015602794000187714,0.026521;0.026784;0.026377,0.016250;0.015866;0.015763,0.067947;0.015603;0.015310,,multiprocessing,2026-10-03T12:04:27+00:00
R4-00540,R4,t2a-standard-4,Linux,6.1.0-53-cloud-arm64,aarch64,0xd0c,arm,4,4,,16.8,3.14.6,CPython,1,forkserver,2.5.3,tiny,tiny_len,139,70,0.8,ms,normal,24019,89,4,8,0,0,0,0,1.66156996783684e-07,1.0,4.588132985290116,22.352052817987477,0.31709575502717785,0.0,0.005163318999620969,0.003037833006146684,0.10167020500011859,0.001661973000409489,0.004208614000162925,0.0449990520000938,0.001662;0.001795;0.001509,0.004252;0.003742;0.004209,0.044999,,sequential,2026-10-03T12:04:28+00:00
R4-00541,R4,t2a-standard-4,Linux,6.1.0-53-cloud-arm64,aarch64,0xd0c,arm,4,4,,16.8,3.14.6,CPython,1,forkserver,2.5.3,cpu,cpu_collatz,62,1889950,0.0,seconds,big,105,1889972,4,4,2,5,0,0,0.00012737796154956764,0.9966570826080144,0.08736571331492668,4.92683422096744,0.9133446299946455,0.0,0.020630514999993466,0.013647305999711534,0.04501929000025484,0.0131083530000069,0.013484947000051761,0.1545839230002457,0.013108;0.013000;0.013184,0.013532;0.013401;0.013485,0.154584,,sequential,2026-10-03T12:04:30+00:00
R4-00542,R4,t2a-standard-4,Linux,6.1.0-53-cloud-arm64,aarch64,0xd0c,arm,4,4,,16.8,3.14.6,CPython,1,forkserver,2.5.3,db,db_file_lookup,70,68,0.8,seconds,normal,417,87,4,4,1,5,1,0,0.000702766666651971,1.0,0.2892099539861372,0.005273371824476038,0.3491843903880052,0.0,0.19624798099994223,0.0015384960006485926,0.04501929000025484,0.29355739099992206,1.196250197000154,0.09413574900008825,0.288486;0.295501;0.293557,1.196250,0.104617;0.094136;0.083007,,multiprocessing,2026-10-03T12:04:33+00:00
R4-00543,R4,t2a-standard-4,Linux,6.1.0-53-cloud-arm64,aarch64,0xd0c,arm,4,4,,16.8,3.14.6,CPython,1,forkserver,2.5.3,db,db_mem_group_by,330,689,0.0,ms,normal,17,712,4,4,1,2,1,0,0.0005985205001479699,1.0,0.14933740932110903,0.01126068364312396,0.256183694394073,0.0,0.01124686200000724,0.00021435699954963638,0.04501929000025484,0.009165374000076554,0.06904222499997559,0.010490713999843138,0.009215;0.009165;0.008949,0.069042,0.006874;0.010491;0.019883,,sequential,2026-10-03T12:04:33+00:00
R4-00544,R4,t2a-standard-4,Linux,6.1.0-53-cloud-arm64,aarch64,0xd0c,arm,4,4,,16.8,3.14.6,CPython,1,forkserver,2.5.3,text,text_csv_parse,2,78,0.3,seconds,normal,2493,97,4,2,2,3,0,0,0.00013962013128533037,1.0,0.12570856076179185,0.02607002260144301,0.9725559849283184,0.5,0.10313080200012337,0.0015879739999036246,0.04112383300025613,0.34831705100032195,0.3527833489997647,0.18423098700031915,0.348336;0.347541;0.348317,0.353617;0.352783;0.352769,0.180591;0.184231;0.185781,,multiprocessing,2026-10-03T12:04:37+00:00
R4-00545,R4,t2a-standard-4,Linux,6.1.0-53-cloud-arm64,aarch64,0xd0c,arm,4,4,,16.8,3.14.6,CPython,1,forkserver,2.5.3,recursive,rec_quicksort,5297,64,0.3,seconds,normal,48,84,4,2,1,8,0,0,0.00810057942849848,0.999903086586649,0.2022303295418198,0.000699068167597737,0.957873221963827,0.0,0.11704289299996162,0.0010926620002464915,0.04112383300025613,0.3869470180002281,0.3968675619998976,0.19924513699970703,0.386737;0.386947;0.387636,0.395037;0.397636;0.396868,0.199245;0.202426;0.198200,,multiprocessing,2026-10-03T12:04:40+00:00
R4-00546,R4,t2a-standard-4,Linux,6.1.0-53-cloud-arm64,aarch64,0xd0c,arm,4,4,,16.8,3.14.6,CPython,1,forkserver,2.5.3,text,text_format_report,1426,400,0.0,ms,normal,16,423,4,8,1,2,0,0,0.0018926797499716486,1.0,0.038157187812372415,0.004041756224030317,0.9188233837347011,0.0,0.016629733000172564,0.0009378650001963251,0.10167020500011859,0.029939318999822717,0.030955704000007245,0.010198076000051515,0.029939;0.030174;0.029858,0.030956;0.030629;0.031088,0.028471;0.010198;0.010057,,multiprocessing,2026-10-03T12:04:41+00:00
R4-00547,R4,t2a-standard-4,Linux,6.1.0-53-cloud-arm64,aarch64,0xd0c,arm,4,4,,16.8,3.14.6,CPython,1,forkserver,2.5.3,big_payload,big_checksum_head,930,1014279,0.3,seconds,big,197,1014302,4,8,1,1,0,0,3.0334204058483603e-05,1.0,0.21854803391903005,5.106499570295363,0.8256573653710204,0.0,0.007092485999692144,0.0037499400009437522,0.10167020500011859,0.005631509000068036,0.006286378999902809,0.14347517499982132,0.005654;0.005632;0.005583,0.006286;0.006508;0.006226,0.143475,,sequential,2026-10-03T12:04:42+00:00
R4-00548,R4,t2a-standard-4,Linux,6.1.0-53-cloud-arm64,aarch64,0xd0c,arm,4,4,,16.8,3.14.6,CPython,1,forkserver,2.5.3,io,io_sleep_chunks,1074,96,0.0,seconds,normal,485,116,4,8,1,1,1,0,0.0012916735897702798,0.00932119596593395,0.006482420108431213,0.0030967188785992906,1.9265502840777593,0.0,0.07746491300031266,0.0008695449992046633,0.10167020500011859,0.6252693800001907,0.08344053500013615,0.0959560539999984,0.625269,0.083441;0.083339;0.083553,0.084226;0.095956;0.101074,,threading,2026-10-03T12:04:44+00:00
R4-00549,R4,t2a-standard-4,Linux,6.1.0-53-cloud-arm64,aarch64,0xd0c,arm,4,4,,16.8,3.14.6,CPython,1,forkserver,2.5.3,tiny,tiny_small_loop,26,155235,0.0,ms,big,1288,155257,4,2,0,0,0,0,6.499254703169229e-07,1.0,0.3156592807726821,41.0348590047891,0.35896785847064494,0.0,0.002488199999788776,0.0015060159985296195,0.04112383300025613,0.0006580699996447947,0.0009707449999041273,0.15853248199982772,0.000688;0.000658;0.000478,0.001249;0.000971;0.000931,0.158532,,sequential,2026-10-03T12:04:45+00:00
R4-00550,R4,t2a-standard-4,Linux,6.1.0-53-cloud-arm64,aarch64,0xd0c,arm,4,4,,16.8,3.14.6,CPython,1,forkserver,2.5.3,cpu,cpu_count_primes,5621,177,0.0,ms,normal,8,197,4,4,2,4,0,0,0.003683367000121507,1.0,0.007157345166614874,0.0025773519947370474,0.9588298959216384,0.0,0.0234189019997757,0.0008357869992323685,0.04501929000025484,0.029445643999679305,0.03003987500005678,0.01259483600006206,0.029372;0.029604;0.029446,0.030030;0.030123;0.030040,0.015495;0.008074;0.012595,,multiprocessing,2026-10-03T12:04:46+00:00
R4-00551,R4,t2a-standard-4,Linux,6.1.0-53-cloud-arm64,aarch64,0xd0c,arm,4,4,,16.8,3.14.6,CPython,1,forkserver,2.5.3,algo_iter,algo_dijkstra,1257,16,0.0,ms,normal,9,36,4,8,2,15,0,0,0.0033054533334203975,1.0,0.05072638947364331,0.0033802725758114,0.8874966506894184,0.0,0.022281679999650805,0.0014675359993816528,0.10167020500011859,0.02938876500002152,0.031625287999759166,0.011917206999896734,0.028969;0.029389;0.029601,0.031625;0.031521;0.039304,0.011917;0.010120;0.012012,,multiprocessing,2026-10-03T12:04:47+00:00
R4-00552,R4,t2a-standard-4,Linux,6.1.0-53-cloud-arm64,aarch64,0xd0c,arm,4,4,,16.8,3.14.6,CPython,1,forkserver,2.5.3,text,text_csv_parse,2,775,0.8,ms,normal,122,797,4,4,2,3,0,0,0.0014801107333520728,1.0,0.2969355674783012,0.0026713879800034515,1.0629680357035798,0.0,0.08559813400006533,0.0003518339995025599,0.04501929000025484,0.17377590400019471,0.17332935000013094,0.07051981699987664,0.173776;0.173718;0.174900,0.173390;0.172802;0.173329,0.055846;0.070520;0.076917,,multiprocessing,2026-10-03T12:04:49+00:00
R4-00553,R4,t2a-standard-4,Linux,6.1.0-53-cloud-arm64,aarch64,0xd0c,arm,4,4,,16.8,3.14.6,CPython,1,forkserver,2.5.3,recursive,rec_quicksort,7923,132,0.3,seconds,normal,19,152,4,2,1,8,0,0,0.012264350999998896,1.0,0.20445133967192147,0.0005821751171097548,0.864810119079198,15.9,0.10106832000019494,0.00020455599997148965,0.04112383300025613,0.2383437620001132,0.24518129300031433,0.12104127000020526,0.239603;0.237899;0.238344,0.243944;0.245181;0.245519,0.120880;0.124277;0.121041,,multiprocessing,2026-10-03T12:04:51+00:00
R4-00554,R4,t2a-standard-4,Linux,6.1.0-53-cloud-arm64,aarch64,0xd0c,arm,4,4,,16.8,3.14.6,CPython,1,forkserver,2.5.3,big_payload,big_checksum_head,1108,1200922,0.0,seconds,big,166,1200945,4,4,1,1,0,0,3.4482341439664797e-05,1.0,0.07934193278794757,5.268524188463393,0.7781558252595271,0.0,0.007203482000022632,0.003908296001100098,0.04501929000025484,0.005611708000287763,0.00616489999993064,0.14604041799975676,0.005665;0.005612;0.005608,0.006203;0.006165;0.006103,0.146040,,sequential,2026-10-03T12:04:53+00:00
R4-00555,R4,t2a-standard-4,Linux,6.1.0-53-cloud-arm64,aarch64,0xd0c,arm,4,4,,16.8,3.14.6,CPython,1,forkserver,2.5.3,mixed,mixed_json_roundtrip,93,473846,0.8,seconds,big,66,473868,4,8,1,1,1,0,0.0034083870665805685,0.9695901443510678,0.41389715408336,0.019508425934641183,1.1258519449092756,0.0,0.09856051099995966,0.001843368001118506,0.10167020500011859,0.21809895600017626,0.21510476599996764,0.0733126820000507,0.217261;0.218099;0.218103,0.215105;0.214895;0.215293,0.079939;0.073313;0.073142,,multiprocessing,2026-10-03T12:04:55+00:00
R4-00556,R4,t2a-standard-4,Linux,6.1.0-53-cloud-arm64,aarch64,0xd0c,arm,4,4,,16.8,3.14.6,CPython,1,forkserver,2.5.3,algo_iter,algo_kmeans,222,31,0.8,ms,normal,32,50.375,4,8,3,15,0,0,0.004621054500091759,1.0,0.4576775921807475,0.0015407468314215336,0.8776084484407062,0.0,0.07960309700001744,0.001613652999367332,0.10167020500011859,0.139436035000017,0.14257926399977805,0.05173227200020847,0.138985;0.139762;0.139436,0.142579;0.143088;0.142455,0.047694;0.051732;0.064377,,multiprocessing,2026-10-03T12:04:57+00:00
R4-00557,R4,t2a-standard-4,Linux,6.1.0-53-cloud-arm64,aarch64,0xd0c,arm,4,4,,16.8,3.14.6,CPython,1,forkserver,2.5.3,numpy,np_fft,26662,2395,0.0,ms,normal,8,2418,4,4,0,0,0,1,0.0034402236666816557,1.0,0.0191401579645022,0.0031393307452231055,1.1502889452020328,0.0,0.019966793000094185,0.0007355879997703596,0.04501929000025484,0.02705599599994457,0.00815770600001997,0.07001233099981619,0.027023;0.027056;0.027243,0.009861;0.008156;0.008158,0.070012,,threading,2026-10-03T12:04:57+00:00
R4-00558,R4,t2a-standard-4,Linux,6.1.0-53-cloud-arm64,aarch64,0xd0c,arm,4,4,,16.8,3.14.6,CPython,1,forkserver,2.5.3,algo_iter,algo_dijkstra,342,1038520,0.0,ms,big,116,1038543,4,4,2,15,0,0,0.0008316553103840902,1.0,0.0634830624378157,0.18307524536359493,0.960598095178698,0.0,0.052335020000100485,0.003319384999031172,0.04501929000025484,0.09435264800004006,0.09866265700020449,0.07810799699973359,0.094604;0.094353;0.093978,0.099683;0.097463;0.098663,0.078108;0.075885;0.085472,,multiprocessing,2026-10-03T12:04:59+00:00
R4-00559,R4,t2a-standard-4,Linux,6.1.0-53-cloud-arm64,aarch64,0xd0c,arm,4,4,,16.8,3.14.6,CPython,1,forkserver,2.5.3,big_payload,big_upper_copy,2,280718,0.8,ms,big,110,280740,4,4,0,0,0,0,0.00019363977775423404,1.0,0.04305861638416207,0.3599926672649175,0.6722280871766819,0.0,0.015061472000070353,0.0019923680006286304,0.04501929000025484,0.02116545099988798,0.02285614299989902,0.8710374110000885,0.021128;0.021165;0.021324,0.025717;0.022341;0.022856,0.871037,,sequential,2026-10-03T12:05:01+00:00
R4-00560,R4,t2a-standard-4,Linux,6.1.0-53-cloud-arm64,aarch64,0xd0c,arm,4,4,,16.8,3.14.6,CPython,1,forkserver,2.5.3,big_payload,big_reverse,5,198707,0.0,ms,big,698,198729,4,8,0,0,0,0,0.00012995992528885836,0.999669707819614,0.13086623042206855,0.47233752936098117,0.7842230148877856,0.0,0.053782112000135385,0.002185364000069967,0.10167020500011859,0.12270428800002264,0.09469939200016597,1.6254014699993604,0.125080;0.122704;0.121912,0.126160;0.094699;0.088282,1.625401,multiprocessing,threading,2026-10-03T12:05:04+00:00
R4-00561,R4,t2a-standard-4,Linux,6.1.0-53-cloud-arm64,aarch64,0xd0c,arm,4,4,,16.8,3.14.6,CPython,1,forkserver,2.5.3,numpy,np_elementwise,502771,220026,0.8,seconds,big,45,220060,4,8,0,4,0,0,0.030808502333305416,1.0,0.3826636359364397,0.0015064888956942426,1.5855267552283825,0.0,0.16671151500031556,0.0010057430004053458,0.04726241600019421,1.221589718999894,0.36267838899993876,0.41174993599997833,1.221934;1.220184;1.221590,0.377413;0.351959;0.362678,0.510750;0.391422;0.411750,,threading,2026-10-03T12:05:11+00:00
R4-00562,R4,t2a-standard-4,Linux,6.1.0-53-cloud-arm64,aarch64,0xd0c,arm,4,4,,16.8,3.14.6,CPython,1,forkserver,2.5.3,gil_release,gil_bz2,41,300000,0.0,seconds,big,73,300022,4,4,0,1,0,1,0.006384018124890645,1.0,0.00578578649973206,0.0063430858557617965,1.9717902982462423,0.0,0.07792625600040992,0.0009369050012537627,0.04501929000025484,0.4657166359997973,0.1270763130000887,0.1376929329999257,0.465170;0.465717;0.465730,0.127076;0.127065;0.127683,0.148255;0.137693;0.135597,,threading,2026-10-03T12:05:14+00:00
R4-00563,R4,t2a-standard-4,Linux,6.1.0-53-cloud-arm64,aarch64,0xd0c,arm,4,4,,16.8,3.14.6,CPython,1,forkserver,2.5.3,mixed,mixed_json_roundtrip,57,1653,0.3,seconds,normal,147,1675,4,2,1,1,1,0,0.0019471411538478816,0.9588038023894543,0.15178848609901358,0.0021990958040331624,0.9599456438625809,0.0,0.10359458200036897,0.0003613550002228294,0.04112383300025613,0.2918964529999357,0.2876633179998862,0.15345734199991057,0.292284;0.291896;0.291635,0.288508;0.286917;0.287663,0.153457;0.152241;0.155812,,multiprocessing,2026-10-03T12:05:17+00:00
R4-00564,R4,t2a-standard-4,Linux,6.1.0-53-cloud-arm64,aarch64,0xd0c,arm,4,4,,16.8,3.14.6,CPython,1,forkserver,2.5.3,gil_release,gil_bz2,6,300000,0.3,seconds,big,666,300022,4,2,0,1,0,1,0.0015258433333215319,1.0,0.11198273470986433,0.029714223628000382,1.9202488346056625,0.0,0.0777354489996469,0.0012111010000808164,0.04112383300025613,1.0005399570000009,0.501842384000156,0.5731551069998204,1.000540;0.999743;1.000831,0.501803;0.501842;0.501945,0.586594;0.573155;0.572916,,threading,2026-10-03T12:05:24+00:00
R4-00565,R4,t2a-standard-4,Linux,6.1.0-53-cloud-arm64,aarch64,0xd0c,arm,4,4,,16.8,3.14.6,CPython,1,forkserver,2.5.3,io,io_sleep_return_payload,13275,60521,0.3,ms,normal,8,60544,4,2,0,1,1,0,0.01304924466664185,0.0010359313397925924,0.041591021058441785,0.002977388160397529,1.567134168114898,0.0,0.06501509400004579,0.0007177080001383729,0.04112383300025613,0.10442338299981202,0.053464570000414824,0.05788625500008493,0.104423;0.104393;0.104435,0.053415;0.053484;0.053465,0.055132;0.061183;0.057886,,threading,2026-10-03T12:05:25+00:00
R4-00566,R4,t2a-standard-4,Linux,6.1.0-53-cloud-arm64,aarch64,0xd0c,arm,4,4,,16.8,3.14.6,CPython,1,forkserver,2.5.3,algo_rec,algo_merge_sort,4525,106496,0.0,ms,big,10,106519,4,4,1,10,0,0,0.010415515666712357,1.0,0.00911336448375148,0.027868199330457682,0.972039568820684,0.0,0.06544372500002282,0.0021890040002290334,0.04501929000025484,0.10473237399992286,0.10785732300018935,0.041044699999929435,0.104266;0.105946;0.104732,0.107857;0.107506;0.108253,0.042396;0.040640;0.041045,,multiprocessing,2026-10-03T12:05:27+00:00
R4-00567,R4,t2a-standard-4,Linux,6.1.0-53-cloud-arm64,aarch64,0xd0c,arm,4,4,,16.8,3.14.6,CPython,1,forkserver,2.5.3,text,text_csv_parse,1,325,0.0,ms,normal,157,347,4,8,2,3,0,0,0.0004249455641095268,0.9994938382103902,0.04583051660677055,0.008932791074643256,0.9886337886284166,0.0,0.033672546000161674,0.0003720340000654687,0.04726241600019421,0.06331167999996978,0.06577591699988261,0.02254725500006316,0.063312;0.063334;0.063211,0.066070;0.065776;0.065758,0.021995;0.027899;0.022547,,multiprocessing,2026-10-03T12:05:28+00:00
R4-00568,R4,t2a-standard-4,Linux,6.1.0-53-cloud-arm64,aarch64,0xd0c,arm,4,4,,16.8,3.14.6,CPython,1,forkserver,2.5.3,algo_iter,algo_kmeans,887,114430,0.3,seconds,big,140,114453,4,8,3,15,0,0,0.021162745333337323,1.0,0.07477989439605655,0.0012953265898247167,1.1341514022592583,0.0,0.11718159900010505,0.0002594360003058682,0.04726241600019421,2.540644006000093,2.6304940800000622,0.7079465239999081,2.526162;2.540644;2.542918,2.628446;2.630494;2.633199,0.730468;0.690957;0.707947,,multiprocessing,2026-10-03T12:05:46+00:00
R4-00569,R4,t2a-standard-4,Linux,6.1.0-53-cloud-arm64,aarch64,0xd0c,arm,4,4,,16.8,3.14.6,CPython,1,forkserver,2.5.3,big_payload,big_upper_copy,4,971299,0.0,seconds,big,205,971321,4,4,0,0,0,0,0.0008270396863236765,1.0,0.14181746436155687,0.3358329166177313,0.889576680923673,0.0,0.0958553249997749,0.005963853997400292,0.04501929000025484,0.18592494099993928,0.1532953930000076,1.9573352600000362,0.191467;0.183774;0.185925,0.182266;0.152270;0.153295,1.957335,multiprocessing,threading,2026-10-03T12:05:51+00:00
R4-00570,R4,t2a-standard-4,Linux,6.1.0-53-cloud-arm64,aarch64,0xd0c,arm,4,4,,16.8,3.14.6,CPython,1,forkserver,2.5.3,cpu,cpu_collatz,552,205,0.3,seconds,normal,122,225,4,8,2,5,0,0,0.0024216850952359977,1.0,0.21363161823924534,0.0016599804786618154,0.9069111569898709,0.5,0.10709824100013066,0.00032651500032443437,0.04726241600019421,0.30606749700018554,0.3105464180002855,0.09433218399999532,0.306039;0.306560;0.306067,0.311234;0.309920;0.310546,0.094332;0.090406;0.096425,,multiprocessing,2026-10-03T12:05:53+00:00
R4-00571,R4,t2a-standard-4,Linux,6.1.0-53-cloud-arm64,aarch64,0xd0c,arm,4,4,,16.8,3.14.6,CPython,1,forkserver,2.5.3,io,io_sleep_chunks,6879,251,0.8,ms,normal,8,271,4,2,1,1,1,0,0.007474094999906811,0.0030802261119865938,0.48484231007230294,0.0014128354749004196,1.0977456697729762,0.0,0.03908307200026684,0.00020987700054320158,0.04112383300025613,0.05169824999984485,0.02674356900024577,0.027015045000098326,0.051698;0.051732;0.051490,0.026744;0.026718;0.026831,0.027235;0.026996;0.027015,,threading,2026-10-03T12:05:54+00:00
R4-00572,R4,t2a-standard-4,Linux,6.1.0-53-cloud-arm64,aarch64,0xd0c,arm,4,4,,16.8,3.14.6,CPython,1,forkserver,2.5.3,db,db_mem_group_by,773,215,0.3,seconds,normal,1537,235,4,2,1,2,1,0,0.0010817647446837075,1.0,0.1637210655033452,0.0034591162346422183,0.3114805934188414,0.5,0.21299060499995903,0.0004264730000613781,0.04112383300025613,1.6392904390004333,5.070267285001137,0.8140534570002274,1.639290,5.070267,0.814053,threading,multiprocessing,2026-10-03T12:06:02+00:00
R4-00573,R4,t2a-standard-4,Linux,6.1.0-53-cloud-arm64,aarch64,0xd0c,arm,4,4,,16.8,3.14.6,CPython,1,forkserver,2.5.3,text,text_regex_findall,7,287,0.8,ms,normal,378,309,4,2,1,1,0,0,0.00012606969146950275,1.0,0.4546871719890615,0.03209296329899225,0.9492462461760586,0.0,0.0256146249998892,0.0012563360019157699,0.07955418499977895,0.04899748800016823,0.04743071600023541,0.025676902999748563,0.048997;0.049344;0.047380,0.047488;0.047414;0.047431,0.039934;0.024885;0.025677,,multiprocessing,2026-10-03T12:06:04+00:00
R4-00574,R4,t2a-standard-4,Linux,6.1.0-53-cloud-arm64,aarch64,0xd0c,arm,4,4,,16.8,3.14.6,CPython,1,forkserver,2.5.3,big_payload,big_count_byte,4,3187397,0.8,seconds,big,62,3187419,4,4,0,1,0,0,0.001998103000005358,1.0,0.003990026090386689,0.48914855742202074,0.9683641042886897,0.0,0.07640603800018653,0.015425805999711883,0.04762455099989893,0.12386703199990734,0.12603631100000712,0.14264685399984955,0.124096;0.123867;0.123785,0.126195;0.125572;0.126036,0.157663;0.137869;0.142647,,sequential,2026-10-03T12:06:06+00:00
R4-00575,R4,t2a-standard-4,Linux,6.1.0-53-cloud-arm64,aarch64,0xd0c,arm,4,4,,16.8,3.14.6,CPython,1,forkserver,2.5.3,algo_rec,algo_merge_sort,440,273440,0.3,ms,big,15,273463,4,4,1,10,0,0,0.0008231586668140759,1.0,0.17459488130501735,0.09720118757171702,0.8490988575840497,0.0,0.007119073000012577,0.0016196109995689767,0.04762455099989893,0.01164115200026572,0.012441296999895712,0.009679107000010845,0.011617;0.011782;0.011641,0.012508;0.012441;0.012318,0.024069;0.009679;0.008631,,multiprocessing,2026-10-03T12:06:07+00:00
R4-00576,R4,t2a-standard-4,Linux,6.1.0-53-cloud-arm64,aarch64,0xd0c,arm,4,4,,16.8,3.14.6,CPython,1,forkserver,2.5.3,io,io_sleep,10045,62,0.8,seconds,normal,56,82,4,4,0,1,1,0,0.008352827999910264,0.0024463842524625225,0.450809627937722,0.0012101803845890628,1.1628924462326562,0.0,0.10678957199979777,0.0007770260003781004,0.04762455099989893,0.5911708280000312,0.16822907000005216,0.16892649299961704,0.591171;0.590980;0.592047,0.168312;0.168229;0.168137,0.168973;0.168477;0.168926,,threading,2026-10-03T12:06:10+00:00
R4-00577,R4,t2a-standard-4,Linux,6.1.0-53-cloud-arm64,aarch64,0xd0c,arm,4,4,,16.8,3.14.6,CPython,1,forkserver,2.5.3,tiny,tiny_add,250,156,0.3,seconds,normal,200000,175.35,4,2,0,1,0,0,1.7391499955010658e-07,1.0,0.4795797128560599,22.37846064477009,0.5202328360307883,0.0,0.005032309999933204,0.0032386260008934187,0.07955418499977895,0.01655334299994138,0.027698903000327846,0.08955895300005068,0.017559;0.016553;0.016039,0.027458;0.028056;0.027699,0.089559,,sequential,2026-10-03T12:06:11+00:00
R4-00578,R4,t2a-standard-4,Linux,6.1.0-53-cloud-arm64,aarch64,0xd0c,arm,4,4,,16.8,3.14.6,CPython,1,forkserver,2.5.3,recursive,rec_fib,13055,21,0.8,seconds,normal,296,41,4,8,0,4,0,0,0.0013283203421738826,1.0,0.4971699941473004,0.0028712576593716422,0.997103906164415,0.0,0.1022182840001733,0.0009643829976084817,0.05826755299995057,0.3838476109999647,0.3887533259999145,0.11393823300022632,0.400852;0.383158;0.383848,0.389323;0.388753;0.388181,0.113938;0.120331;0.112144,,multiprocessing,2026-10-03T12:06:15+00:00
R4-00579,R4,t2a-standard-4,Linux,6.1.0-53-cloud-arm64,aarch64,0xd0c,arm,4,4,,16.8,3.14.6,CPython,1,forkserver,2.5.3,big_result,result_long_string,437,1625145,0.0,seconds,big,10,1625168,4,4,1,1,0,0,0.05143037966672637,0.9999438810795359,0.013573198881816517,0.007707895655920381,0.9843430976610776,0.0,0.31155890499985617,0.0019172059996890312,0.04762455099989893,0.5091969959999005,0.5214280639997924,0.17639197800008333,0.508711;0.510265;0.509197,0.523405;0.521428;0.519195,0.176392;0.175752;0.178121,,multiprocessing,2026-10-03T12:06:19+00:00
R4-00580,R4,t2a-standard-4,Linux,6.1.0-53-cloud-arm64,aarch64,0xd0c,arm,4,4,,16.8,3.14.6,CPython,1,forkserver,2.5.3,numpy,np_sort,2888,5455,0.8,ms,normal,40,5478,4,2,0,3,0,1,0.00017623680005272036,1.0,0.48563907840046844,0.030753508795727164,1.103456228703445,0.0,0.004290443000172672,0.0008689049996064568,0.07955418499977895,0.007059312000365026,0.0047443140001632855,0.061767681000219454,0.007028;0.007073;0.007059,0.005126;0.004744;0.004522,0.061768,,threading,2026-10-03T12:06:20+00:00
R4-00581,R4,t2a-standard-4,Linux,6.1.0-53-cloud-arm64,aarch64,0xd0c,arm,4,4,,16.8,3.14.6,CPython,1,forkserver,2.5.3,numpy,np_elementwise,277046,9612,0.3,ms,normal,8,9637,4,2,0,4,0,0,0.014027972666553978,1.0,0.15054707928553446,0.0008915519749303228,1.668383366195958,0.0,0.07008945100005803,0.0008851040001900401,0.07955418499977895,0.11164193600006911,0.05939124299993637,0.06637571600003866,0.111348;0.111642;0.111793,0.061151;0.059391;0.059246,0.065719;0.067133;0.066376,,threading,2026-10-03T12:06:21+00:00
R4-00582,R4,t2a-standard-4,Linux,6.1.0-53-cloud-arm64,aarch64,0xd0c,arm,4,4,,16.8,3.14.6,CPython,1,forkserver,2.5.3,io,io_file_roundtrip,3,557,0.8,seconds,normal,219,579,4,2,1,0,1,0,0.002792431555513354,0.08247517477209107,0.4391017012239554,0.0014841505638558494,1.1175188197785009,0.0,0.09504171500020675,0.0011226200012970367,0.07955418499977895,0.663350478999746,0.4463554750000185,0.4411633190002249,0.663350;0.660000;0.665912,0.445495;0.446355;0.449122,0.435227;0.450486;0.441163,,multiprocessing,2026-10-03T12:06:26+00:00
R4-00583,R4,t2a-standard-4,Linux,6.1.0-53-cloud-arm64,aarch64,0xd0c,arm,4,4,,16.8,3.14.6,CPython,1,forkserver,2.5.3,big_result,result_long_string,2325,305,0.8,seconds,normal,762,328,4,4,1,1,0,0,0.0006331691898375987,1.0,0.47239495845391044,0.031766627816057706,0.9100886878855544,0.0,0.1052476800000477,0.000787508002758841,0.04762455099989893,0.5121413470001244,0.497573986000134,1.4079055570000492,0.518149;0.512141;0.509349,0.514537;0.495996;0.497574,1.407906;1.521781;0.472522,,threading,2026-10-03T12:06:33+00:00
R4-00584,R4,t2a-standard-4,Linux,6.1.0-53-cloud-arm64,aarch64,0xd0c,arm,4,4,,16.8,3.14.6,CPython,1,forkserver,2.5.3,io,io_file_roundtrip,1,9697,0.8,ms,normal,84,9719,4,4,1,0,1,0,0.0015857708095132867,0.09270258931490587,0.35348130759054713,0.00318450808249885,1.6525942875059245,0.0,0.05381069099985325,0.00039751400026943884,0.04762455099989893,0.11516376100007619,0.05382069000006595,0.055307782999989286,0.115074;0.115760;0.115164,0.053115;0.054650;0.053821,0.054923;0.055968;0.055308,,threading,2026-10-03T12:06:35+00:00
R4-00585,R4,t2a-standard-4,Linux,6.1.0-53-cloud-arm64,aarch64,0xd0c,arm,4,4,,16.8,3.14.6,CPython,1,forkserver,2.5.3,io,io_sleep,2875,458,0.0,seconds,normal,188,481,4,8,0,1,1,0,0.0029410094705995373,0.0026687161212316495,0.0015598917972438594,0.0015104457702647925,1.8702540002378318,0.0,0.07717274099968563,0.00036639299969465355,0.05826755299995057,0.5527207079999243,0.07122588800029916,0.07222059000014269,0.552721,0.071226;0.071172;0.071243,0.073888;0.071722;0.072221,,threading,2026-10-03T12:06:36+00:00
R4-00586,R4,t2a-standard-4,Linux,6.1.0-53-cloud-arm64,aarch64,0xd0c,arm,4,4,,16.8,3.14.6,CPython,1,forkserver,2.5.3,io,io_sleep_chunks,6206,197,0.0,seconds,normal,190,217,4,8,1,1,1,0,0.006457301000125426,0.003270697983198052,0.0021056511237328725,0.0008865739806966443,1.9675012956979683,0.0,0.07866151000007449,0.0006869869989714061,0.05826755299995057,1.22765764199994,0.1557899660001567,0.1588244270001269,1.227658,0.155790;0.155758;0.155858,0.156355;0.159110;0.158824,,threading,2026-10-03T12:06:39+00:00
R4-00587,R4,t2a-standard-4,Linux,6.1.0-53-cloud-arm64,aarch64,0xd0c,arm,4,4,,16.8,3.14.6,CPython,1,forkserver,2.5.3,big_result,result_records,2380,685,0.3,seconds,normal,679,708,4,4,1,2,0,0,0.0013896598610977486,0.999721332166941,0.9543551570233298,0.8657468878754755,1.1473384044078345,0.0,0.11875640399966869,0.02489225900035308,0.04762455099989893,1.383634081999844,1.411733022000135,1.6238269660002516,1.459223;1.375898;1.383634,1.358188;1.411733;1.427763,1.402030;1.623827;1.639246,,sequential,2026-10-03T12:06:53+00:00
R4-00588,R4,t2a-standard-4,Linux,6.1.0-53-cloud-arm64,aarch64,0xd0c,arm,4,4,,16.8,3.14.6,CPython,1,forkserver,2.5.3,cpu,cpu_sum_squares,3662,28,0.3,ms,normal,443,48,4,4,1,2,0,0,0.0002093804454695849,0.9997846845773931,0.22473916945821562,0.01875007961894568,0.982841691653603,18.1,0.047258674999739014,0.0008334239983014413,0.04762455099989893,0.09242302800021207,0.09368756599997141,0.04111358999989534,0.092229;0.092966;0.092423,0.093688;0.094038;0.093169,0.034464;0.041118;0.041114,,multiprocessing,2026-10-03T12:06:54+00:00
R4-00589,R4,t2a-standard-4,Linux,6.1.0-53-cloud-arm64,aarch64,0xd0c,arm,4,4,,16.8,3.14.6,CPython,1,forkserver,2.5.3,algo_rec,algo_flood_fill,3,514099,0.8,seconds,big,389,514121,4,4,3,10,0,0,0.0013185973683975088,0.9998839003218487,0.5679360739540372,0.05925883972172916,1.0897282671537565,0.5,0.099993364999591,0.003651972000625392,0.04762455099989893,0.45086025900036475,0.461369322000337,0.18179134100000738,0.450860;0.449707;0.453483,0.461038;0.465742;0.461369,0.195825;0.179504;0.181791,,multiprocessing,2026-10-03T12:06:59+00:00
R4-00590,R4,t2a-standard-4,Linux,6.1.0-53-cloud-arm64,aarch64,0xd0c,arm,4,4,,16.8,3.14.6,CPython,1,forkserver,2.5.3,db,db_mem_insert_select,53,1099,0.8,seconds,normal,17700,1121,4,2,1,1,1,0,0.00015517327415252914,1.0,0.18331590684761076,0.02759463565752662,0.6004425429952586,0.0,0.1341369950000626,0.0015562519970444555,0.07955418499977895,2.716718806999779,4.614219475000027,1.3172768370000085,2.713046;2.716719;2.723850,4.722277;4.614219;4.453613,1.317277;1.302621;1.333047,,multiprocessing,2026-10-03T12:07:25+00:00
R4-00591,R4,t2a-standard-4,Linux,6.1.0-53-cloud-arm64,aarch64,0xd0c,arm,4,4,,16.8,3.14.6,CPython,1,forkserver,2.5.3,text,text_csv_parse,9,1814,0.8,seconds,normal,151,1836,4,2,2,3,0,0,0.008852673166605504,0.9999006292433471,0.5072596801147591,0.0007153959681043015,0.8731750381755533,0.0,0.11768965400005982,0.0010006610004893446,0.07955418499977895,1.624953732999984,1.602807496999958,0.8392001219999656,1.626545;1.611594;1.624954,1.602807;1.609227;1.600407,0.839200;0.840666;0.837470,,multiprocessing,2026-10-03T12:07:57+00:00
R4-00592,R4,t2a-standard-4,Linux,6.1.0-53-cloud-arm64,aarch64,0xd0c,arm,4,4,,16.8,3.14.6,CPython,1,forkserver,2.5.3,text,text_split_count,31,567,0.3,ms,normal,134,589,4,2,1,1,0,0,0.0009362008484761949,1.0,0.17024850272035127,0.004184892590621296,0.9130401407993981,0.5,0.06554298199989717,0.0009659010001996648,0.07955418499977895,0.12878696899997522,0.13134495699978288,0.06475579600009951,0.128787;0.128699;0.129112,0.130767;0.131498;0.131345,0.064847;0.064690;0.064756,,multiprocessing,2026-10-03T12:07:59+00:00
R4-00593,R4,t2a-standard-4,Linux,6.1.0-53-cloud-arm64,aarch64,0xd0c,arm,4,4,,16.8,3.14.6,CPython,1,forkserver,2.5.3,numpy,np_elementwise,5316,189,0.0,ms,normal,407,209,4,8,0,4,0,0,0.00026000631681532773,0.9997540271273087,0.04779456110265082,0.01479964054572026,1.6776543976693057,0.0,0.04247747799990975,0.0005081120016257046,0.05826755299995057,0.10491211899989139,0.07091159300034633,0.03544621700029893,0.104435;0.105648;0.104912,0.070470;0.071396;0.070912,0.144424;0.035446;0.035160,,multiprocessing,2026-10-03T12:08:00+00:00
R4-00594,R4,t2a-standard-4,Linux,6.1.0-53-cloud-arm64,aarch64,0xd0c,arm,4,4,,16.8,3.14.6,CPython,1,forkserver,2.5.3,text,text_split_count,45,252,0.0,ms,normal,377,271,4,2,1,1,0,0,0.0006307649625057366,1.0,0.017066644013648966,0.006341427006031577,0.9851247974231846,0.0,0.10219241000004331,0.00046255199958977755,0.07955418499977895,0.23971118999997998,0.24269697399995493,0.12254436200009877,0.239057;0.240147;0.239711,0.241316;0.242719;0.242697,0.122500;0.122573;0.122544,,multiprocessing,2026-10-03T12:08:04+00:00
R4-00595,R4,t2a-standard-4,Linux,6.1.0-53-cloud-arm64,aarch64,0xd0c,arm,4,4,,16.8,3.14.6,CPython,1,forkserver,2.5.3,big_payload,big_reverse,1,467933,0.0,ms,big,88,467955,4,8,0,0,0,0,0.00029837404547999375,1.0,0.05015638114742701,0.4851866381170454,0.7330512498076169,0.0,0.01911814000004597,0.0035281699997540272,0.05826755299995057,0.02577532599980259,0.03139585500002795,0.9425565900000947,0.025802;0.025775;0.025713,0.033803;0.031396;0.028323,0.942557,,sequential,2026-10-03T12:08:06+00:00
R4-00596,R4,t2a-standard-4,Linux,6.1.0-53-cloud-arm64,aarch64,0xd0c,arm,4,4,,16.8,3.14.6,CPython,1,forkserver,2.5.3,text,text_split_count,9,1518,0.0,seconds,normal,8522,1540,4,2,1,1,0,0,0.00081849593546453,1.0,0.017928795251519226,0.0052314249188485625,0.9880063084197763,0.0,0.10257515599960243,0.0004577920008159708,0.07955418499977895,6.987249095000152,7.161094391999995,3.474857280999913,6.988422;6.974913;6.987249,7.159493;7.161094;7.172383,3.468197;3.474857;3.475896,,multiprocessing,2026-10-03T12:08:59+00:00
R4-00597,R4,t2a-standard-4,Linux,6.1.0-53-cloud-arm64,aarch64,0xd0c,arm,4,4,,16.8,3.14.6,CPython,1,forkserver,2.5.3,big_result,result_sorted_pairs,123,264,0.0,seconds,normal,96435,286,4,8,1,4,0,0,4.056508927522858e-05,1.0,0.5050174577828331,0.787557736920287,0.9793337019368391,0.5,0.10414588300000105,0.003544086994679674,0.05826755299995057,5.567750041000181,5.712134573000185,4.542912871999761,4.936171;5.567750;5.571878,5.712135;5.774340;5.639832,4.542913;4.063553;4.547905,,multiprocessing,2026-10-03T12:09:46+00:00
R4-00598,R4,t2a-standard-4,Linux,6.1.0-53-cloud-arm64,aarch64,0xd0c,arm,4,4,,16.8,3.14.6,CPython,1,forkserver,2.5.3,recursive,rec_fib,211,1193,0.8,seconds,normal,140393,1215.45,4,4,0,4,0,0,1.9087950006223765e-05,1.0,0.570709893889143,0.22222920622243938,0.9902169899049478,0.5,0.08027904599975955,0.0027552259875847085,0.04762455099989893,2.6345875490001163,2.6842040530000304,0.7556451989999005,2.634588;2.630811;2.635525,2.690372;2.684204;2.681377,0.755645;0.766632;0.754244,,multiprocessing,2026-10-03T12:10:06+00:00
R4-00599,R4,t2a-standard-4,Linux,6.1.0-53-cloud-arm64,aarch64,0xd0c,arm,4,4,,16.8,3.14.6,CPython,1,forkserver,2.5.3,recursive,rec_fib,3658,610,0.3,seconds,normal,11590,633,4,2,0,4,0,0,0.0003466175069396134,0.9998336577173905,0.2376632425007104,0.011678290630214985,0.9713562782183093,0.0,0.10188508200008073,0.0005890700008421845,0.07955418499977895,4.026340507999976,4.092881460999706,2.02937601099984,4.026559;4.026341;4.024426,4.092881;4.090103;4.095805,2.032584;2.029376;2.028146,,multiprocessing,2026-10-03T12:10:37+00:00
R4-00600,R4,t2a-standard-4,Linux,6.1.0-53-cloud-arm64,aarch64,0xd0c,arm,4,4,,16.8,3.14.6,CPython,1,forkserver,2.5.3,cpu,cpu_matmul_lists,10,26,0.8,seconds,normal,1259,45,4,4,3,5,0,0,0.00011876287896142643,1.0,0.9483060792776736,0.030732666981579913,1.020157843454308,0.0,0.07540182499997172,0.0015358030059360317,0.04762455099989893,0.14773267599957762,0.15088256699982594,0.04913168099938048,0.147819;0.147733;0.147718,0.150961;0.150762;0.150883,0.045544;0.052884;0.049132,,multiprocessing,2026-10-03T12:10:38+00:00
R4-00601,R4,t2a-standard-4,Linux,6.1.0-53-cloud-arm64,aarch64,0xd0c,arm,4,4,,16.8,3.14.6,CPython,1,forkserver,2.5.3,numpy,np_linalg_solve,93,200167,0.8,seconds,big,999,200189,4,8,0,3,0,1,0.0003875056153307154,1.0,0.3267014291717827,0.07675579083046045,1.394321255147451,0.0,0.08838325699980487,0.0017581240072104265,0.05826755299995057,0.3713330379996478,0.2896881510005187,0.2050970469999811,0.371333;0.381293;0.369216,0.289688;0.293354;0.276366,0.205871;0.201230;0.205097,,multiprocessing,2026-10-03T12:10:42+00:00
R4-00602,R4,t2a-standard-4,Linux,6.1.0-53-cloud-arm64,aarch64,0xd0c,arm,4,4,,16.8,3.14.6,CPython,1,forkserver,2.5.3,big_result,result_long_string,813,201,0.0,ms,normal,202,221,4,8,1,1,0,0,0.00019463413995254086,1.0,0.03956666087599229,0.0470308033696745,0.9283594155994521,0.0,0.020754583000780258,0.0004861880033786292,0.05826755299995057,0.03931965500032675,0.03968732600060321,0.2060691839997162,0.039373;0.039320;0.039259,0.040019;0.039687;0.039653,0.206069,,sequential,2026-10-03T12:10:43+00:00
R4-00603,R4,t2a-standard-4,Linux,6.1.0-53-cloud-arm64,aarch64,0xd0c,arm,4,4,,16.8,3.14.6,CPython,1,forkserver,2.5.3,big_payload,big_count_byte,56,1742974,0.3,ms,big,114,1742996,4,2,0,1,0,0,0.0010967630001102538,1.0,0.008659600061974686,0.2407285802773199,0.9730860519038755,0.5,0.0679366630001823,0.0055841969970060745,0.07955418499977895,0.12470933100030379,0.12645421200068085,0.1511230300002353,0.124689;0.124892;0.124709,0.125852;0.126499;0.126454,0.167787;0.146597;0.151123,,sequential,2026-10-03T12:10:46+00:00
R4-00604,R4,t2a-standard-4,Linux,6.1.0-53-cloud-arm64,aarch64,0xd0c,arm,4,4,,16.8,3.14.6,CPython,1,forkserver,2.5.3,text,text_format_report,966,271,0.3,seconds,normal,2503,294,4,2,1,2,0,0,0.0012758378501303014,0.9998982841015747,0.1631749904499217,0.0029752213144995554,1.0455781086488765,0.0,0.1006264210000154,0.0010764569951788872,0.07955418499977895,3.1557744400006413,3.2115514319993963,1.5642746980001903,3.163931;3.093778;3.155774,3.211551;3.216831;3.158631,1.561193;1.575535;1.564275,,multiprocessing,2026-10-03T12:11:10+00:00
R4-00605,R4,t2a-standard-4,Linux,6.1.0-53-cloud-arm64,aarch64,0xd0c,arm,4,4,,16.8,3.14.6,CPython,1,forkserver,2.5.3,algo_rec,algo_lcs_memo,7,129,0.0,ms,normal,8,148,4,8,1,10,0,0,0.01733747966682131,1.0,0.011956662684536589,0.0005421779987612557,0.9628745817898159,0.0,0.10693997300040792,0.001281092000681383,0.05826755299995057,0.13802435800062085,0.14533999499963102,0.047302664000199,0.138031;0.136198;0.138024,0.145340;0.142376;0.147793,0.047303;0.046002;0.047597,,multiprocessing,2026-10-03T12:11:12+00:00
R4-00606,R4,t2a-standard-4,Linux,6.1.0-53-cloud-arm64,aarch64,0xd0c,arm,4,4,,16.8,3.14.6,CPython,1,forkserver,2.5.3,algo_iter,algo_kmeans,46,1697156,0.8,ms,big,110,1697178,4,8,3,15,0,0,0.0010265933704566258,1.0,0.3885861974253322,0.2419093159699137,0.9433199795362046,0.0,0.06335682500048279,0.006493094998404558,0.05826755299995057,0.11137623000013264,0.1143001259997618,0.13187433300026896,0.110938;0.111449;0.111376,0.115083;0.114300;0.114095,0.131874;0.134377;0.128134,,sequential,2026-10-03T12:11:14+00:00
R4-00607,R4,t2a-standard-4,Linux,6.1.0-53-cloud-arm64,aarch64,0xd0c,arm,4,4,,16.8,3.14.6,CPython,1,forkserver,2.5.3,tiny,tiny_add,2,100,0.3,ms,normal,94616,119,4,2,0,1,0,0,1.3201651063354801e-07,1.0,0.22879535226222122,28.40515830226388,0.3406592695721431,0.5,0.004688094999437453,0.0028613369777303888,0.07955418499977895,0.0066438109997761785,0.011185508999915328,0.040998243000103685,0.006644;0.006993;0.006108,0.011186;0.011173;0.011368,0.040998,,sequential,2026-10-03T12:11:15+00:00
R4-00608,R4,t2a-standard-4,Linux,6.1.0-53-cloud-arm64,aarch64,0xd0c,arm,4,4,,16.8,3.14.6,CPython,1,forkserver,2.5.3,io,io_sleep_chunks,1764,1192754,0.0,ms,big,14,1192777,4,4,1,1,1,0,0.0020427010003913892,0.015213209082999465,0.014958078838246455,0.09632785210541338,1.4183397163282876,0.0,0.011256349000177579,0.0007841429987820447,0.04762455099989893,0.02772374000051059,0.008213015999899653,0.017780881999897247,0.027745;0.027719;0.027724,0.008245;0.008206;0.008213,0.026599;0.017781;0.016085,,threading,2026-10-03T12:11:16+00:00
R4-00609,R4,t2a-standard-4,Linux,6.1.0-53-cloud-arm64,aarch64,0xd0c,arm,4,4,,16.8,3.14.6,CPython,1,forkserver,2.5.3,recursive,rec_quicksort,2750,31,0.8,seconds,normal,316,51,4,4,1,8,0,0,0.003337738666656757,1.0,0.5365274035749263,0.0013541902866309732,0.8291460931979585,0.0,0.11477323199960665,0.0011453749993961537,0.04762455099989893,1.2733704180000132,1.2957356130000335,0.342243406000307,1.273370;1.275203;1.273262,1.285778;1.295877;1.295736,0.338372;0.342243;0.360436,,multiprocessing,2026-10-03T12:11:25+00:00
R4-00610,R4,t2a-standard-4,Linux,6.1.0-53-cloud-arm64,aarch64,0xd0c,arm,4,4,,16.8,3.14.6,CPython,1,forkserver,2.5.3,gil_release,gil_zlib,1,149409,0.3,ms,big,27,149431,4,8,1,1,0,1,0.00354578700004519,1.0,0.009326426721881925,0.006454467368116653,1.9238441093448424,0.0,0.033095537000008335,0.000745543999983056,0.05826755299995057,0.09534097699997801,0.028300283999669773,0.04344814399973984,0.096355;0.095286;0.095341,0.029985;0.028300;0.027442,0.046991;0.043448;0.040033,,threading,2026-10-03T12:11:26+00:00
R4-00611,R4,t2a-standard-4,Linux,6.1.0-53-cloud-arm64,aarch64,0xd0c,arm,4,4,,16.8,3.14.6,CPython,1,forkserver,2.5.3,text,text_format_report,120,101,0.3,ms,normal,266,120,4,2,1,2,0,0,0.00015180871205853745,1.0,0.19224491799812116,0.0237532480666122,0.9592857649491664,0.0,0.02086141099971428,0.00037967100433888845,0.07955418499977895,0.04013697700065677,0.04052028899968718,0.021177684000576846,0.040220;0.040030;0.040137,0.040748;0.040520;0.040442,0.021178;0.028833;0.021066,,multiprocessing,2026-10-03T12:11:27+00:00
R4-00612,R4,t2a-standard-4,Linux,6.1.0-53-cloud-arm64,aarch64,0xd0c,arm,4,4,,16.8,3.14.6,CPython,1,forkserver,2.5.3,big_result,result_sorted_pairs,3649,52,0.0,seconds,normal,278,72,4,8,1,4,0,0,0.0017912039643631164,1.0,0.0869202151786541,0.5316483320305658,0.9723093213898546,0.0,0.12089168100010284,0.01938240599793062,0.05826755299995057,0.6628607840002587,0.6572172850001152,0.5086821849999978,0.653234;0.662861;0.663139,0.657217;0.655443;0.681985,0.577180;0.508682;0.478546,,multiprocessing,2026-10-03T12:11:33+00:00
R4-00613,R4,t2a-standard-4,Linux,6.1.0-53-cloud-arm64,aarch64,0xd0c,arm,4,4,,16.8,3.14.6,CPython,1,forkserver,2.5.3,mixed,mixed_hash_then_write,1862,19738,0.0,seconds,normal,1921,19761,4,4,1,3,1,0,0.00033588424157153973,0.5985302052948192,0.15550553326617353,0.019411003110414785,1.637801502754465,0.5,0.08218798600046284,0.0014451660063059535,0.04762455099989893,0.6271191619998717,0.3927068949997192,0.2122538470002837,0.638325;0.627119;0.625001,0.392707;0.384264;0.608585,0.216529;0.212254;0.206799,,multiprocessing,2026-10-03T12:11:38+00:00
R4-00614,R4,t2a-standard-4,Linux,6.1.0-53-cloud-arm64,aarch64,0xd0c,arm,4,4,,16.8,3.14.6,CPython,1,forkserver,2.5.3,algo_iter,algo_edit_distance,5353,1070999,0.8,ms,big,21,1071022,4,2,2,16,0,0,0.0023392352000882965,1.0,0.23231454303718713,0.06264466256964386,0.9395671506615182,0.0,0.02708230700045533,0.0020197129997541197,0.07955418499977895,0.04812359200059291,0.04897293300018646,0.038330974000018614,0.048028;0.048190;0.048124,0.049007;0.048910;0.048973,0.038647;0.037701;0.038331,,multiprocessing,2026-10-03T12:11:39+00:00
R4-00615,R4,t2a-standard-4,Linux,6.1.0-53-cloud-arm64,aarch64,0xd0c,arm,4,4,,16.8,3.14.6,CPython,1,forkserver,2.5.3,big_payload,big_checksum_head,147,640693,0.8,ms,big,312,640715,4,8,1,1,0,0,6.178833409182679e-06,1.0,0.678333163142127,14.043112092461179,0.5451244738038912,0.0,0.003930550999939442,0.0024980629941637744,0.05826755299995057,0.001500245999523031,0.0021614710003632354,0.14599297599943384,0.001522;0.001450;0.001500,0.002214;0.002161;0.002079,0.145993,,sequential,2026-10-03T12:11:40+00:00
R4-00616,R4,t2a-standard-4,Linux,6.1.0-53-cloud-arm64,aarch64,0xd0c,arm,4,4,,16.8,3.14.6,CPython,1,forkserver,2.5.3,cpu,cpu_count_primes,2172,1061391,0.0,seconds,big,188,1061414,4,4,2,4,0,0,0.0010131651488336502,0.99993614953062,0.005632197503592363,0.1458742438472313,0.9813779143624894,0.0,0.10011785400001827,0.003900872004123812,0.04762455099989893,0.19077875899984065,0.19305026799975167,0.14291168399995513,0.190578;0.190900;0.190779,0.193050;0.193432;0.192580,0.132912;0.142912;0.143598,,multiprocessing,2026-10-03T12:11:43+00:00
R4-00617,R4,t2a-standard-4,Linux,6.1.0-53-cloud-arm64,aarch64,0xd0c,arm,4,4,,16.8,3.14.6,CPython,1,forkserver,2.5.3,recursive,rec_tree_sum,3934,561,0.3,seconds,normal,3070,584,4,4,0,4,0,0,0.0018537765357515518,1.0,0.35282882203804244,0.002320614058115389,1.0243136197462859,0.0,0.10430971599998884,0.0010758159987744875,0.04762455099989893,5.6321331710005325,6.1785465630000544,1.4032477499995366,5.632133;5.658122;5.609196,6.294479;6.178547;6.167067,1.414547;1.400136;1.403248,,multiprocessing,2026-10-03T12:12:23+00:00
R4-00618,R4,t2a-standard-4,Linux,6.1.0-53-cloud-arm64,aarch64,0xd0c,arm,4,4,,16.8,3.14.6,CPython,1,forkserver,2.5.3,recursive,rec_quicksort,3412,1904,0.0,seconds,normal,94,1927,4,8,1,8,0,0,0.004939686091016814,1.0,0.027354852400604975,0.0009503548664275029,0.9629444744320879,0.0,0.11097444200004247,0.0002781139992293902,0.05826755299995057,0.46689618799973687,0.48136117800004286,0.13699084000018047,0.468667;0.466747;0.466896,0.481361;0.478813;0.482931,0.144351;0.136991;0.135551,,multiprocessing,2026-10-03T12:12:27+00:00
R4-00619,R4,t2a-standard-4,Linux,6.1.0-53-cloud-arm64,aarch64,0xd0c,arm,4,4,,16.8,3.14.6,CPython,1,forkserver,2.5.3,tiny,tiny_small_loop,1,39,0.8,seconds,normal,200000,58,4,2,0,0,0,0,2.7703401201506494e-07,1.0,0.8320644892622799,15.93991988581629,0.6696090664691026,0.5,0.005375235999963479,0.0032198049757425906,0.07955418499977895,0.03772788900005253,0.04654636600025697,0.0742564450001737,0.037770;0.037728;0.037586,0.046546;0.047003;0.046055,0.070187;0.090998;0.074256,,sequential,2026-10-03T12:12:28+00:00
R4-00620,R4,t2a-standard-4,Linux,6.1.0-53-cloud-arm64,aarch64,0xd0c,arm,4,4,,16.8,3.14.6,CPython,1,forkserver,2.5.3,io,io_sleep_return_payload,13307,1213,0.8,ms,normal,9,1236,4,4,0,1,1,0,0.01114858233358973,0.0011061117853840097,0.5224040896707144,0.0013801157050677122,1.9339691436628563,0.0,0.054565659999752825,0.0006282259992076433,0.04762455099989893,0.10148445599952538,0.030352658000083466,0.031473832999836304,0.101474;0.101484;0.101505,0.030305;0.030353;0.030396,0.031082;0.031474;0.033240,,threading,2026-10-03T12:12:29+00:00
R4-00621,R4,t2a-standard-4,Linux,6.1.0-53-cloud-arm64,aarch64,0xd0c,arm,4,4,,16.8,3.14.6,CPython,1,forkserver,2.5.3,big_payload,big_count_byte,50,748951,0.0,seconds,big,267,748973,4,2,0,1,0,0,0.0004739429696890125,1.0,0.03716065911696763,0.24069446605199707,0.9843053047220399,0.0,0.06574052100040717,0.002669420000529499,0.07955418499977895,0.12586437000027217,0.12755908999952226,0.1435193610004717,0.125635;0.125864;0.125868,0.127513;0.127646;0.127559,0.152908;0.138569;0.143519,,sequential,2026-10-03T12:12:32+00:00
R4-00622,R4,t2a-standard-4,Linux,6.1.0-53-cloud-arm64,aarch64,0xd0c,arm,4,4,,16.8,3.14.6,CPython,1,forkserver,2.5.3,algo_iter,algo_game_of_life,3,1590,0.0,seconds,normal,1299,1612,4,2,5,9,0,0,0.005158708700037096,1.0,0.004129641627247082,0.010231009960014175,0.9798371138551965,0.0,0.10611510599937901,0.0018634369989740662,0.07955418499977895,6.733479679999618,6.823345413000425,3.415068648999295,6.733480;6.724484;6.738866,6.823345;6.814688;6.824530,3.420604;3.398163;3.415069,,multiprocessing,2026-10-03T12:13:23+00:00
R4-00623,R4,t2a-standard-4,Linux,6.1.0-53-cloud-arm64,aarch64,0xd0c,arm,4,4,,16.8,3.14.6,CPython,1,forkserver,2.5.3,db,db_file_lookup,13,100879,0.8,ms,big,27,100901,4,4,1,5,1,0,0.00033241899988449103,1.0,0.2688284258973116,0.06599953622981349,0.021814094771374692,0.0,0.0846454040001845,0.0014586450006390805,0.04762455099989893,0.007332307000069704,0.31919007299984514,0.008569717999307613,0.007694;0.007332;0.007317,0.319190,0.022805;0.005267;0.008570,,sequential,2026-10-03T12:13:24+00:00
R4-00624,R4,t2a-standard-4,Linux,6.1.0-53-cloud-arm64,aarch64,0xd0c,arm,4,4,,16.8,3.14.6,CPython,1,forkserver,2.5.3,mixed,mixed_parse_lines,8,250976,0.3,seconds,big,8,250998,4,4,2,3,1,0,0.1132698880001044,0.9986758085969228,0.15663920156916078,0.0004312914430078974,1.2083475611722243,0.0,0.6532840680001755,0.001036935999763955,0.04762455099989893,0.8453969310003231,0.8741817750005794,0.2505997179996484,0.845397;0.845964;0.840639,0.873940;0.875975;0.874182,0.265396;0.250600;0.246925,,multiprocessing,2026-10-03T12:13:32+00:00
R4-00625,R4,t2a-standard-4,Linux,6.1.0-53-cloud-arm64,aarch64,0xd0c,arm,4,4,,16.8,3.14.6,CPython,1,forkserver,2.5.3,algo_iter,algo_edit_distance,1405,992073,0.8,seconds,big,201,992096,4,2,2,16,0,0,0.0014488251714543108,1.0,0.08339647793883295,0.10269044388400349,0.9427740293372217,0.0,0.10774345199934032,0.0033002819982357323,0.07955418499977895,0.2959681140000612,0.2997841469996274,0.2202789479997591,0.295564;0.297002;0.295968,0.300317;0.299784;0.299170,0.218426;0.220279;0.222857,,multiprocessing,2026-10-03T12:13:35+00:00
R4-00626,R4,t2a-standard-4,Linux,6.1.0-53-cloud-arm64,aarch64,0xd0c,arm,4,4,,16.8,3.14.6,CPython,1,forkserver,2.5.3,numpy,np_linalg_solve,32,363,0.8,ms,normal,1263,385,4,8,0,3,0,1,4.372709208548749e-05,1.0,0.35319161427039997,0.08598559285954982,0.617139225638834,0.0,0.03689680600018619,0.0008644189938422642,0.05826755299995057,0.05469990500023414,0.09166646899939224,0.02231667100022605,0.054659;0.054700;0.054944,0.091666;0.091359;0.091854,0.023642;0.022317;0.020093,,multiprocessing,2026-10-03T12:13:36+00:00
R4-00627,R4,t2a-standard-4,Linux,6.1.0-53-cloud-arm64,aarch64,0xd0c,arm,4,4,,16.8,3.14.6,CPython,1,forkserver,2.5.3,numpy,np_fft,3394,146,0.8,seconds,normal,8677,166,4,4,0,0,0,1,0.00021025814349906282,1.0,0.8462846302915107,0.0184625429790083,1.9061880021368738,0.0,0.07759600200006389,0.0014260059906519018,0.04762455099989893,1.8079836420001811,0.7330382649997773,0.49081736100015405,1.807984;1.820386;1.807394,0.761000;0.695152;0.733038,0.519223;0.490817;0.486662,,multiprocessing,2026-10-03T12:13:46+00:00
R4-00628,R4,t2a-standard-4,Linux,6.1.0-53-cloud-arm64,aarch64,0xd0c,arm,4,4,,16.8,3.14.6,CPython,1,forkserver,2.5.3,numpy,np_elementwise,61144,6047,0.8,ms,normal,8,6071.333333333333,4,2,0,4,0,0,0.003982131999994938,1.0,0.3111702707402177,0.00323109992697461,3.0771164174183374,0.5,0.015502631999879668,0.00023111499922379153,0.07955418499977895,0.02046631399934995,0.011201573999642278,0.011513967000610137,0.020370;0.020484;0.020466,0.011422;0.011202;0.011095,0.011514;0.011285;0.017239,,threading,2026-10-03T12:13:47+00:00
R4-00629,R4,t2a-standard-4,Linux,6.1.0-53-cloud-arm64,aarch64,0xd0c,arm,4,4,,16.8,3.14.6,CPython,1,forkserver,2.5.3,mixed,mixed_json_roundtrip,2,763,0.3,ms,normal,1338,785,4,2,1,1,1,0,0.00012943548803443132,0.5980663306684707,0.1384283164719718,0.030609070539427404,1.3752692398782909,0.5,0.07618086999991647,0.0014308059971881448,0.07955418499977895,0.1725309389994436,0.12126239700046426,0.09037697199983086,0.172531;0.172095;0.172576,0.121858;0.121262;0.118387,0.090838;0.090377;0.088175,,multiprocessing,2026-10-03T12:13:49+00:00
R4-00630,R4,t2a-standard-4,Linux,6.1.0-53-cloud-arm64,aarch64,0xd0c,arm,4,4,,16.8,3.14.6,CPython,1,forkserver,2.5.3,recursive,rec_quicksort,715,155,0.0,seconds,normal,426,175,4,4,1,8,0,0,0.0008857298070117331,1.0,0.03814866319516625,0.004231425817761218,0.9761017380455983,0.0,0.1025620809996326,0.0004162300001553376,0.04762455099989893,0.37524199600011343,0.38440936999995756,0.11515202099963062,0.375242;0.376175;0.374905,0.384560;0.382598;0.384409,0.115152;0.106810;0.118422,,multiprocessing,2026-10-03T12:13:52+00:00
R4-00631,R4,t2a-standard-4,Linux,6.1.0-53-cloud-arm64,aarch64,0xd0c,arm,4,4,,16.8,3.14.6,CPython,1,forkserver,2.5.3,gil_release,gil_numpy_matmul,23,2846,0.0,seconds,normal,23997,2868,4,4,0,2,0,1,1.436001649562968e-05,1.0,0.27015000851209814,0.30890633167843645,0.3553922862146558,0.0,0.11418264099938824,0.004040307007926458,0.04762455099989893,0.3345347100002982,1.0026823580001292,0.12077372299972922,0.337411;0.334535;0.334514,1.002682,0.133199;0.120774;0.115925,,multiprocessing,2026-10-03T12:13:55+00:00
R4-00632,R4,t2a-standard-4,Linux,6.1.0-53-cloud-arm64,aarch64,0xd0c,arm,4,4,,16.8,3.14.6,CPython,1,forkserver,2.5.3,algo_iter,algo_dijkstra,293,1945089,0.8,seconds,big,102,1945111.65,4,2,2,15,0,0,0.0007521836799060111,1.0,0.4266766208433006,0.38983164335327636,0.9998178062960146,0.0,0.04551379500026087,0.007406423002066731,0.07955418499977895,0.07162141200024053,0.07538352299980033,0.1254331700001785,0.071379;0.071621;0.071709,0.075812;0.075384;0.073920,0.125433;0.121009;0.126258,,sequential,2026-10-03T12:13:57+00:00
R4-00633,R4,t2a-standard-4,Linux,6.1.0-53-cloud-arm64,aarch64,0xd0c,arm,4,4,,16.8,3.14.6,CPython,1,forkserver,2.5.3,mixed,mixed_json_roundtrip,15,2229,0.3,seconds,normal,837,2251,4,2,1,1,1,0,0.0005708522727238894,0.8966033119864952,0.16812402069236143,0.007322209371184897,1.0119573369073998,0.0,0.10044224400007806,0.00046718999965378316,0.07955418499977895,0.48244029299985414,0.45241372600048635,0.2450933879999866,0.482440;0.482121;0.482909,0.450678;0.452414;0.454588,0.244486;0.245443;0.245093,,multiprocessing,2026-10-03T12:14:01+00:00
R4-00634,R4,t2a-standard-4,Linux,6.1.0-53-cloud-arm64,aarch64,0xd0c,arm,4,4,,16.8,3.14.6,CPython,1,forkserver,2.5.3,cpu,cpu_sum_squares,3465,570,0.8,ms,normal,722,593,4,4,1,2,0,0,0.00020746549440547014,1.0,0.4911961946612585,0.019559397218608374,1.050577853733389,0.0,0.07345072499992966,0.0005764650068158517,0.04762455099989893,0.1423246790000121,0.14389136300087557,0.0471935929999745,0.142065;0.142540;0.142325,0.143891;0.144209;0.143508,0.047984;0.047194;0.046756,,multiprocessing,2026-10-03T12:14:03+00:00
R4-00635,R4,t2a-standard-4,Linux,6.1.0-53-cloud-arm64,aarch64,0xd0c,arm,4,4,,16.8,3.14.6,CPython,1,forkserver,2.5.3,big_payload,big_reverse,2,304214,0.8,seconds,big,657,304236,4,4,0,0,0,0,0.0002658229268823428,1.0,0.12271208023807112,0.3565219188596728,0.9553449912473073,0.0,0.09203052000066236,0.00253641699146101,0.04762455099989893,0.17977197999971395,0.14056883700050093,1.9395037449985466,0.187901;0.179772;0.179363,0.166190;0.139562;0.140569,1.939504,multiprocessing,threading,2026-10-03T12:14:07+00:00
R4-00636,R4,t2a-standard-4,Linux,6.1.0-53-cloud-arm64,aarch64,0xd0c,arm,4,4,,16.8,3.14.6,CPython,1,forkserver,2.5.3,cpu,cpu_count_primes,1094,29,0.8,ms,normal,136,48.9,4,8,2,4,0,0,0.00042688152943275566,0.9996001049092461,0.5931380078244195,0.009965059845687716,1.0418183946318937,0.0,0.028834950000600656,0.00036951199945178814,0.05826755299995057,0.05617353600064234,0.05760598199958622,0.018611915000292356,0.056174;0.056214;0.056046,0.057606;0.057649;0.057455,0.017962;0.027220;0.018612,,multiprocessing,2026-10-03T12:14:08+00:00
R4-00637,R4,t2a-standard-4,Linux,6.1.0-53-cloud-arm64,aarch64,0xd0c,arm,4,4,,16.8,3.14.6,CPython,1,forkserver,2.5.3,big_result,result_sorted_pairs,110,504733,0.8,seconds,big,396,504755,4,2,1,4,0,0,4.11000504791813e-05,1.0,0.6656850916805052,2.402518943839507,0.860222736512737,0.0,0.011149574000228313,0.00235954200343258,0.07955418499977895,0.01705699200010713,0.018460158000380034,0.12410791000002064,0.017613;0.017057;0.016622,0.018460;0.031999;0.018314,0.124108,,sequential,2026-10-03T12:14:09+00:00
R4-00638,R4,t2a-standard-4,Linux,6.1.0-53-cloud-arm64,aarch64,0xd0c,arm,4,4,,16.8,3.14.6,CPython,1,forkserver,2.5.3,io,io_sleep_chunks,2617,972411,0.8,seconds,big,91,972434,4,8,1,1,1,0,0.003057762117778646,0.006155799414140296,0.43885297910096954,0.04464364515130147,1.9269910602458304,0.0,0.08154772700072499,0.0025984159983636346,0.05826755299995057,0.26319745700038766,0.03790693199971429,0.06824920500002918,0.263197,0.038201;0.037907;0.037880,0.068249;0.063305;0.070074,,threading,2026-10-03T12:14:11+00:00
R4-00639,R4,t2a-standard-4,Linux,6.1.0-53-cloud-arm64,aarch64,0xd0c,arm,4,4,,16.8,3.14.6,CPython,1,forkserver,2.5.3,io,io_sleep_return_payload,11424,7729,0.0,ms,normal,8,7752,4,2,0,1,1,0,0.011507471000186342,0.0015684923940716424,0.0010834727624366232,0.0013486600487935996,1.4805218735811025,0.0,0.058169965999695705,0.00024279399895021925,0.07955418499977895,0.09203615500064188,0.04646436699931655,0.04717591000007815,0.092036;0.092076;0.092001,0.046570;0.046464;0.046435,0.047176;0.046849;0.054583,,threading,2026-10-03T12:14:12+00:00
R4-00640,R4,t2a-standard-4,Linux,6.1.0-53-cloud-arm64,aarch64,0xd0c,arm,4,4,,16.8,3.14.6,CPython,1,forkserver,2.5.3,numpy,np_linalg_solve,69,331,0.0,seconds,normal,73878,353,4,2,0,3,0,1,8.315384927835058e-05,1.0,0.12979292693650077,0.04579342944006112,0.6595135025690642,0.0,0.12636621100045886,0.0014496469812002033,0.07955418499977895,5.977554653999505,8.940062480999586,3.131905516000188,6.024485;5.975042;5.977555,8.940062;8.843960;9.127956,3.142960;3.131906;3.119021,,multiprocessing,2026-10-03T12:15:07+00:00
R4-00641,R4,t2a-standard-4,Linux,6.1.0-53-cloud-arm64,aarch64,0xd0c,arm,4,4,,16.8,3.14.6,CPython,1,forkserver,2.5.3,tiny,tiny_len,2,781658,0.0,seconds,big,255,781680,4,2,0,0,0,0,6.349206477540382e-07,1.0,1.7594758625017666,168.89882268300659,0.12462032531551688,16.9,0.00315316299929691,0.0027125729984618374,0.07955418499977895,7.699799971305765e-05,0.0002646330003699404,0.12736593800036644,0.000080;0.000077;0.000058,0.000399;0.000265;0.000255,0.127366,,sequential,2026-10-03T12:15:08+00:00
R4-00642,R4,t2a-standard-4,Linux,6.1.0-53-cloud-arm64,aarch64,0xd0c,arm,4,4,,16.8,3.14.6,CPython,1,forkserver,2.5.3,db,db_mem_insert_select,703,29,0.8,ms,normal,15,48.666666666666664,4,2,1,1,1,0,0.0007176089996695131,1.0,0.41937653609529085,0.012020938302881305,0.3879987469773548,15.5,0.008878384000126971,0.00019487600093270885,0.07955418499977895,0.011899629999788885,0.042067495000083,0.013907780999943498,0.012045;0.011892;0.011900,0.042067;0.043192;0.041489,0.013908;0.010934;0.016445,,sequential,2026-10-03T12:15:09+00:00
R4-00643,R4,t2a-standard-4,Linux,6.1.0-53-cloud-arm64,aarch64,0xd0c,arm,4,4,,16.8,3.14.6,CPython,1,forkserver,2.5.3,io,io_sleep_return_payload,237,13195,0.3,ms,normal,204,13217.25,4,4,0,1,1,0,0.00028091474513191727,0.014298595275511607,0.14509985868991157,0.023828759818698718,1.7944754340458278,8.0,0.022865003000333672,0.0004526679986156523,0.04289987500033021,0.05886148500030686,0.015397144999951706,0.0961043380002593,0.059041;0.058769;0.058861,0.015397;0.015492;0.015394,0.096104,,threading,2026-10-03T12:15:10+00:00
R4-00644,R4,t2a-standard-4,Linux,6.1.0-53-cloud-arm64,aarch64,0xd0c,arm,4,4,,16.8,3.14.6,CPython,1,forkserver,2.5.3,db,db_file_lookup,202,110,0.8,ms,normal,61,129.33333333333334,4,8,1,5,1,0,0.0016692926000663041,1.0,0.41169500571591366,0.0023258952780999985,0.6459979659964568,0.0,0.062035207000008086,0.0003093919995080796,0.05826755299995057,0.11145796300024813,1.292046479999044,0.05840929599980882,0.111458,1.292046,0.058409,threading,multiprocessing,2026-10-03T12:15:12+00:00
R4-00645,R4,t2a-standard-4,Linux,6.1.0-53-cloud-arm64,aarch64,0xd0c,arm,4,4,,16.8,3.14.6,CPython,1,forkserver,2.5.3,recursive,rec_tree_sum,13748,1773,0.3,seconds,normal,239,1796,4,2,0,4,0,0,0.005193977399903816,1.0,0.03777180241928666,0.0018343938138596708,0.7469858924455467,0.0,0.12229293699965638,0.0013797649999105488,0.07759662700027548,1.6682594820003942,1.8226309400006357,0.7931014779996985,1.665434;1.669511;1.668259,1.822631;1.817583;1.840224,0.786858;0.793869;0.793101,,multiprocessing,2026-10-03T12:15:26+00:00
R4-00646,R4,t2a-standard-4,Linux,6.1.0-53-cloud-arm64,aarch64,0xd0c,arm,4,4,,16.8,3.14.6,CPython,1,forkserver,2.5.3,recursive,rec_tree_sum,49985,1986,0.8,ms,normal,8,2009.6666666666667,4,2,0,4,0,0,0.028729522999735007,1.0,0.6063530085494055,0.0004190694994594772,0.9464280419401486,0.5,0.17053594499975588,0.00025359500068589114,0.07759662700027548,0.21265171399954852,0.22932926300018153,0.10600624400012748,0.212652;0.209295;0.212760,0.228040;0.229619;0.229329,0.104487;0.106006;0.109597,,multiprocessing,2026-10-03T12:15:28+00:00
R4-00647,R4,t2a-standard-4,Linux,6.1.0-53-cloud-arm64,aarch64,0xd0c,arm,4,4,,16.8,3.14.6,CPython,1,forkserver,2.5.3,db,db_file_lookup,15,142,0.8,ms,normal,510,161,4,2,1,5,1,0,0.0002665871574939183,1.0,0.201541959032589,0.01355635412286724,0.2931178583531856,0.0,0.1504008759993667,0.0015776839973113965,0.07759662700027548,0.13753202999942005,0.15284325499942497,0.07247606399960205,0.135759;0.137532;0.137571,0.223868;0.152843;0.152065,0.086652;0.071366;0.072476,,multiprocessing,2026-10-03T12:15:30+00:00
R4-00648,R4,t2a-standard-4,Linux,6.1.0-53-cloud-arm64,aarch64,0xd0c,arm,4,4,,16.8,3.14.6,CPython,1,forkserver,2.5.3,text,text_split_count,2,1981,0.3,ms,normal,35,2003,4,8,1,1,0,0,0.0003566012501323712,1.0,0.04900923258886281,0.015002401404456892,0.8059340991043759,0.0,0.007275341999957163,0.000868378999257402,0.0744952140003079,0.012248900000486174,0.013854261000233237,0.01297024199993757,0.012151;0.012449;0.012249,0.013468;0.013886;0.013854,0.009252;0.013266;0.012970,,sequential,2026-10-03T12:15:31+00:00
R4-00649,R4,t2a-standard-4,Linux,6.1.0-53-cloud-arm64,aarch64,0xd0c,arm,4,4,,16.8,3.14.6,CPython,1,forkserver,2.5.3,tiny,tiny_len,226,62,0.3,seconds,normal,200000,81.5,4,2,0,0,0,0,1.5825601076357997e-07,1.0,2.3646795311172637,28.965093131823554,0.4333062929201361,0.0,0.0048218810006801505,0.0030112859785731416,0.07759662700027548,0.015305304000321485,0.023196672000267426,0.07584050100012973,0.015015;0.015305;0.015405,0.023141;0.024228;0.023197,0.075841,,sequential,2026-10-03T12:15:32+00:00
R4-00650,R4,t2a-standard-4,Linux,6.1.0-53-cloud-arm64,aarch64,0xd0c,arm,4,4,,16.8,3.14.6,CPython,1,forkserver,2.5.3,mixed,mixed_compute_then_sleep,5798,1324,0.3,seconds,normal,529,1347,4,2,1,3,1,0,0.00048140398080949334,0.6527873511829874,0.15345284274801588,0.008587174584836387,1.4741216377869675,0.0,0.08508387399979256,0.0009507349959676503,0.07759662700027548,0.2547081539996725,0.17030254300061642,0.13094574699971417,0.255377;0.254708;0.254657,0.170708;0.169795;0.170303,0.131277;0.130648;0.130946,,multiprocessing,2026-10-03T12:15:34+00:00
R4-00651,R4,t2a-standard-4,Linux,6.1.0-53-cloud-arm64,aarch64,0xd0c,arm,4,4,,16.8,3.14.6,CPython,1,forkserver,2.5.3,algo_rec,algo_sudoku,2,21,0.3,ms,normal,74,40,4,8,3,28,0,0,0.002686125222327165,1.0,2.891116196064162,0.0015718221329623784,1.5083560583186086,0.5,0.08421905300019716,0.002194504998442426,0.0744952140003079,0.24097908600015217,0.2442892059998485,0.0796101269997962,0.239537;0.241085;0.240979,0.244289;0.245228;0.244008,0.079610;0.070867;0.080627,,multiprocessing,2026-10-03T12:15:36+00:00
R4-00652,R4,t2a-standard-4,Linux,6.1.0-53-cloud-arm64,aarch64,0xd0c,arm,4,4,,16.8,3.14.6,CPython,1,forkserver,2.5.3,big_result,result_records,793,124,0.0,ms,normal,788,144,4,4,1,2,0,0,0.00047645611429332003,1.0,2.0561624796243367,0.7937534823661601,1.205849380960353,0.0,0.10014234200025385,0.008479711999825668,0.05455557999994198,0.45664958099951036,0.46028921399920364,0.615770067000085,0.450544;0.498810;0.456650,0.503211;0.460289;0.453557,0.580624;0.622918;0.615770,,sequential,2026-10-03T12:15:42+00:00
R4-00653,R4,t2a-standard-4,Linux,6.1.0-53-cloud-arm64,aarch64,0xd0c,arm,4,4,,16.8,3.14.6,CPython,1,forkserver,2.5.3,algo_iter,algo_dijkstra,177,341,0.8,seconds,normal,4905,363.1,4,4,2,15,0,0,0.00037110763235780135,0.9998971478197021,0.4930451114854192,0.011899243163257923,0.8936678674687158,0.0,0.10901708099936513,0.0020016729986309656,0.05455557999994198,1.9622138410004482,2.0320338829997127,0.5174968960000115,1.952189;1.970293;1.962214,2.032034;2.038865;2.025129,0.508897;0.517497;0.524473,,multiprocessing,2026-10-03T12:15:56+00:00
R4-00654,R4,t2a-standard-4,Linux,6.1.0-53-cloud-arm64,aarch64,0xd0c,arm,4,4,,16.8,3.14.6,CPython,1,forkserver,2.5.3,algo_rec,algo_flood_fill,2,59,0.0,ms,normal,9,78,4,4,3,10,0,0,0.0008303126666457198,0.9934178926995773,0.49475473390587815,0.012123947190093373,0.7299287637703066,0.0,0.006780873000025167,0.001314248999733536,0.05455557999994198,0.0065945570004259935,0.007078745000399067,0.005510664000212273,0.006641;0.006565;0.006595,0.007258;0.007053;0.007079,0.007404;0.004706;0.005511,,multiprocessing,2026-10-03T12:15:56+00:00
R4-00655,R4,t2a-standard-4,Linux,6.1.0-53-cloud-arm64,aarch64,0xd0c,arm,4,4,,16.8,3.14.6,CPython,1,forkserver,2.5.3,tiny,tiny_add,19,733008,0.8,seconds,big,272,733030,4,4,0,1,0,0,3.717647600484163e-07,1.0,0.30211146052113047,301.16692615803515,0.06765592543717672,0.0,0.003329917999508325,0.002856768995115999,0.05455557999994198,8.435800009465311e-05,0.0004559479993986315,0.16498312800013082,0.000084;0.000092;0.000022,0.000456,0.164983,,sequential,2026-10-03T12:15:58+00:00
R4-00656,R4,t2a-standard-4,Linux,6.1.0-53-cloud-arm64,aarch64,0xd0c,arm,4,4,,16.8,3.14.6,CPython,1,forkserver,2.5.3,big_result,result_long_string,4422,272,0.3,seconds,normal,2259,295,4,8,1,1,0,0,0.0011129264565605135,1.0,0.17959086887117545,0.032732710948584154,0.9452182814114549,0.0,0.10683460299969738,0.0015670799984945916,0.0744952140003079,2.677946637999412,2.645932833999723,2.1425657470008446,2.655066;2.677947;2.710040,2.683240;2.622080;2.645933,2.142566;2.065711;7.526965,,multiprocessing,2026-10-03T12:16:26+00:00
R4-00657,R4,t2a-standard-4,Linux,6.1.0-53-cloud-arm64,aarch64,0xd0c,arm,4,4,,16.8,3.14.6,CPython,1,forkserver,2.5.3,big_result,result_sorted_pairs,363,424059,0.3,seconds,big,471,424082,4,8,1,4,0,0,0.00014730060683309875,0.9997518568671209,0.44861455178471593,1.0372275666082662,1.069679430126345,0.0,0.03744830899995577,0.003984502000093926,0.0744952140003079,0.07872732200030441,0.08073687299929588,0.15236013300000195,0.079578;0.075920;0.078727,0.080737;0.081445;0.079778,0.157977;0.152097;0.152360,,sequential,2026-10-03T12:16:28+00:00
R4-00658,R4,t2a-standard-4,Linux,6.1.0-53-cloud-arm64,aarch64,0xd0c,arm,4,4,,16.8,3.14.6,CPython,1,forkserver,2.5.3,numpy,np_sort,31253,390436,0.3,seconds,big,258,390459,4,2,0,3,0,1,0.002441548809483287,0.9999017745041069,0.13116903153789305,0.022977443554255853,1.7324640306043184,0.0,0.08297341700017569,0.002118588001394528,0.07759662700027548,0.6480106790004356,0.3329500360005113,0.3713895569999295,0.652254;0.648011;0.644767,0.334226;0.332950;0.332627,0.430151;0.370392;0.371390,,threading,2026-10-03T12:16:33+00:00
R4-00659,R4,t2a-standard-4,Linux,6.1.0-53-cloud-arm64,aarch64,0xd0c,arm,4,4,,16.8,3.14.6,CPython,1,forkserver,2.5.3,mixed,mixed_json_roundtrip,228,218250,0.3,ms,big,21,218272.2,4,2,1,1,1,0,0.008147405200179491,0.9784317145283641,0.10341035820292362,0.004519622966699681,1.0679415525947524,0.0,0.07996516900038841,0.0010092549991895794,0.07759662700027548,0.17159888800051704,0.17211967499952152,0.09498235499995644,0.171599;0.171485;0.171747,0.172120;0.171764;0.172537,0.095352;0.094982;0.094748,,multiprocessing,2026-10-03T12:16:35+00:00
R4-00660,R4,t2a-standard-4,Linux,6.1.0-53-cloud-arm64,aarch64,0xd0c,arm,4,4,,16.8,3.14.6,CPython,1,forkserver,2.5.3,big_payload,big_upper_copy,6,437401,0.8,seconds,big,457,437423,4,8,0,0,0,0,0.00040077596489489925,1.0,0.08918300155811311,0.3245023689987664,1.0248619433480257,0.0,0.09395017999941047,0.0034514360022512847,0.0744952140003079,0.19475510800020857,0.1616784899997583,1.9737755400010428,0.194755;0.194396;0.195266,0.178902;0.161678;0.147898,1.973776,multiprocessing,threading,2026-10-03T12:16:40+00:00
R4-00661,R4,t2a-standard-4,Linux,6.1.0-53-cloud-arm64,aarch64,0xd0c,arm,4,4,,16.8,3.14.6,CPython,1,forkserver,2.5.3,cpu,cpu_matmul_lists,12,248,0.8,seconds,normal,970,267,4,8,3,5,0,0,0.0002090476736495825,0.999860315190804,0.9553931686581266,0.018693821604191144,0.9855496475282932,0.0,0.1023448890000509,0.0014807629977440229,0.07563879400004225,0.18579684700034704,0.18977186900065135,0.05786215700027242,0.186172;0.185736;0.185797,0.189772;0.189604;0.190164,0.056673;0.070385;0.057862,,multiprocessing,2026-10-03T12:16:42+00:00
R4-00662,R4,t2a-standard-4,Linux,6.1.0-53-cloud-arm64,aarch64,0xd0c,arm,4,4,,16.8,3.14.6,CPython,1,forkserver,2.5.3,algo_rec,algo_sudoku,2,494,0.0,seconds,normal,1291,516,4,4,3,28,0,0,0.0012003538571705229,0.9997664402815014,1.2428460087952804,0.0033139394079556095,0.714631498019175,0.0,0.1220878759995685,0.00038487199890369084,0.05455557999994198,2.0944852129996434,2.127346471999772,0.602078015999723,2.093320;2.098288;2.094485,2.123750;2.127346;2.128493,0.623720;0.595554;0.602078,,multiprocessing,2026-10-03T12:16:57+00:00
R4-00663,R4,t2a-standard-4,Linux,6.1.0-53-cloud-arm64,aarch64,0xd0c,arm,4,4,,16.8,3.14.6,CPython,1,forkserver,2.5.3,db,db_file_commit,1,147610,0.0,seconds,big,1096,147632,4,4,1,0,1,0,0.004447735333390786,0.19130700733960512,0.09418356901640222,0.006237462728920371,1.3761401254852708,0.0,0.09282335699936084,0.0013781649986412958,0.05455557999994198,5.019428452000284,2.6654268199999933,2.5302977339997597,4.904768;5.142077;5.019428,2.669505;2.661811;2.665427,2.539458;2.530298;2.526639,,multiprocessing,2026-10-03T12:17:29+00:00
R4-00664,R4,t2a-standard-4,Linux,6.1.0-53-cloud-arm64,aarch64,0xd0c,arm,4,4,,16.8,3.14.6,CPython,1,forkserver,2.5.3,mixed,mixed_compute_then_sleep,6617,658,0.0,ms,normal,235,681,4,2,1,3,1,0,0.0005445428275912679,0.6619089571766142,0.013115091022354577,0.007837583842602093,1.4571419980314693,0.0,0.053733965999526845,0.00040082999930746155,0.07759662700027548,0.12760002499999246,0.08691857000030723,0.0666603199997553,0.127566;0.127607;0.127600,0.087142;0.086919;0.086810,0.066660;0.072955;0.065898,,multiprocessing,2026-10-03T12:17:30+00:00
R4-00665,R4,t2a-standard-4,Linux,6.1.0-53-cloud-arm64,aarch64,0xd0c,arm,4,4,,16.8,3.14.6,CPython,1,forkserver,2.5.3,text,text_regex_findall,33,714,0.3,ms,normal,44,736,4,4,1,1,0,0,0.0014921878181749807,1.0,0.15991990946451806,0.00315095604930095,1.1123988823232183,0.0,0.03217762900021626,0.0007597810008519446,0.05455557999994198,0.06092378399989684,0.06180900199979078,0.018163302000175463,0.060842;0.060924;0.061349,0.061809;0.061957;0.061514,0.018163;0.021301;0.016491,,multiprocessing,2026-10-03T12:17:31+00:00
R4-00666,R4,t2a-standard-4,Linux,6.1.0-53-cloud-arm64,aarch64,0xd0c,arm,4,4,,16.8,3.14.6,CPython,1,forkserver,2.5.3,algo_iter,algo_game_of_life,4,87,0.8,seconds,normal,80,106,4,8,5,9,0,0,0.008650135333482467,0.999924265738047,0.25297384580622584,0.005891853857228139,1.4770302250225713,0.0,0.09032172299976082,0.001698235998446762,0.07563879400004225,0.5523396369999318,0.5587161889998242,0.16237094700045418,0.552340;0.550735;0.554069,0.558770;0.557396;0.558716,0.162371;0.151982;0.162845,,multiprocessing,2026-10-03T12:17:36+00:00
R4-00667,R4,t2a-standard-4,Linux,6.1.0-53-cloud-arm64,aarch64,0xd0c,arm,4,4,,16.8,3.14.6,CPython,1,forkserver,2.5.3,gil_release,gil_zlib,3,21932,0.3,seconds,normal,298,21954,4,2,1,1,0,1,0.0012151064999151068,1.0,0.1897531966229755,0.005271842456698109,1.9033836361133556,0.0,0.07878705200073455,0.0008752570047363406,0.07759662700027548,0.3672334540005977,0.18545944099969347,0.18567707400052313,0.367342;0.367233;0.362589,0.184951;0.185459;0.185743,0.184365;0.193315;0.185677,,threading,2026-10-03T12:17:38+00:00
R4-00668,R4,t2a-standard-4,Linux,6.1.0-53-cloud-arm64,aarch64,0xd0c,arm,4,4,,16.8,3.14.6,CPython,1,forkserver,2.5.3,text,text_regex_findall,2,468896,0.8,seconds,big,68,468918,4,2,1,1,0,0,0.04731457899985495,0.9999770625045622,0.27691642313405496,0.0014875964503221818,0.869339724510307,0.0,0.33768915600012406,0.00042071000007126713,0.07759662700027548,3.6982955630001015,3.68399544300064,1.9269784999996773,3.698296;3.701359;3.695114,3.683547;3.690232;3.683995,1.931172;1.895488;1.926978,,multiprocessing,2026-10-03T12:18:07+00:00
R4-00669,R4,t2a-standard-4,Linux,6.1.0-53-cloud-arm64,aarch64,0xd0c,arm,4,4,,16.8,3.14.6,CPython,1,forkserver,2.5.3,text,text_csv_parse,18,127,0.3,seconds,normal,348,146,4,4,2,3,0,0,0.0014287568571879612,1.0,0.16291048575726513,0.002637187780610796,1.0584935117730128,0.0,0.09810990699952526,0.0010486919982213294,0.05455557999994198,0.49315242699958617,0.475640427000144,0.13014653099980933,0.493152;0.488038;0.493274,0.478313;0.475048;0.475640,0.138019;0.130147;0.128503,,multiprocessing,2026-10-03T12:18:17+00:00
R4-00670,R4,t2a-standard-4,Linux,6.1.0-53-cloud-arm64,aarch64,0xd0c,arm,4,4,,16.8,3.14.6,CPython,1,forkserver,2.5.3,tiny,tiny_add,40,71,0.8,ms,normal,84383,90,4,8,0,1,0,0,1.3941749648438416e-07,1.0,1.1385516084299434,26.050532783989627,0.38655836083529255,0.0,0.0045628440002474235,0.0028408460075297626,0.07563879400004225,0.007576848000098835,0.011659184000563982,0.04202381199957017,0.007577;0.007976;0.006458,0.011670;0.011659;0.010024,0.042024,,sequential,2026-10-03T12:18:18+00:00
R4-00671,R4,t2a-standard-4,Linux,6.1.0-53-cloud-arm64,aarch64,0xd0c,arm,4,4,,16.8,3.14.6,CPython,1,forkserver,2.5.3,big_payload,big_checksum_head,8942,2014154,0.3,seconds,big,99,2014177,4,2,1,1,0,0,0.00025678845827314944,1.0,0.16387588111079748,1.2807569397004732,0.9063965892583391,0.0,0.020261764999304432,0.007228736000797653,0.07759662700027548,0.026392529000077047,0.027289665000353125,0.1424346969997714,0.026393;0.026602;0.026292,0.027328;0.027290;0.027047,0.142435,,sequential,2026-10-03T12:18:20+00:00
R4-00672,R4,t2a-standard-4,Linux,6.1.0-53-cloud-arm64,aarch64,0xd0c,arm,4,4,,16.8,3.14.6,CPython,1,forkserver,2.5.3,algo_rec,algo_merge_sort,68,215,0.3,ms,normal,913,234,4,2,1,10,0,0,9.341201315325171e-05,1.0,0.21172787157964823,0.08540389862200566,0.9237492971517687,0.0,0.046267422999335395,0.0018222720009362092,0.07759662700027548,0.08820971499972075,0.0904743379996944,0.05158172699975694,0.088598;0.088210;0.087937,0.090474;0.090380;0.090771,0.057086;0.048152;0.051582,,multiprocessing,2026-10-03T12:18:21+00:00
R4-00673,R4,t2a-standard-4,Linux,6.1.0-53-cloud-arm64,aarch64,0xd0c,arm,4,4,,16.8,3.14.6,CPython,1,forkserver,2.5.3,big_payload,big_checksum_head,192,2119470,0.8,seconds,big,94,2119492.1,4,8,1,1,0,0,6.067652303381297e-06,1.0,0.4740086294105513,56.73384577033227,0.24062744496470753,0.0,0.007924718000140274,0.007160377997024625,0.07563879400004225,0.0005819050002173753,0.0009828149995882995,0.15541520499937178,0.000593;0.000582;0.000578,0.000983;0.001001;0.000962,0.155415,,sequential,2026-10-03T12:18:22+00:00
R4-00674,R4,t2a-standard-4,Linux,6.1.0-53-cloud-arm64,aarch64,0xd0c,arm,4,4,,16.8,3.14.6,CPython,1,forkserver,2.5.3,cpu,cpu_matmul_lists,36,848,0.0,ms,normal,11,870,4,4,3,5,0,0,0.003103467666733195,1.0,0.012636221506205294,0.0037634245432105603,0.966110454069429,0.0,0.019196752000425477,0.0002170349998777965,0.05455557999994198,0.03332707199933793,0.034415963999890664,0.013517295999918133,0.033378;0.033327;0.033272,0.034544;0.034416;0.034414,0.015209;0.012669;0.013517,,multiprocessing,2026-10-03T12:18:23+00:00
R4-00675,R4,t2a-standard-4,Linux,6.1.0-53-cloud-arm64,aarch64,0xd0c,arm,4,4,,16.8,3.14.6,CPython,1,forkserver,2.5.3,big_payload,big_checksum_head,1616,438818,0.8,ms,big,455,438841,4,8,1,1,0,0,5.2508761011299976e-05,1.0,0.40750826137724516,1.2658135274020912,0.9917090547999831,0.0,0.013750250000157394,0.0017320740062132245,0.07563879400004225,0.023033252999994147,0.02403002800019749,0.14990538399979414,0.023033;0.023126;0.022964,0.024387;0.023909;0.024030,0.149905,,sequential,2026-10-03T12:18:25+00:00
R4-00676,R4,t2a-standard-4,Linux,6.1.0-53-cloud-arm64,aarch64,0xd0c,arm,4,4,,16.8,3.14.6,CPython,1,forkserver,2.5.3,mixed,mixed_hash_then_write,539,2328,0.3,ms,normal,334,2351,4,4,1,3,1,0,0.00030858104818467965,0.33316174946931726,0.1563074680800486,0.01534102676039591,1.7698619646478775,0.0,0.041503503999592795,0.0012666090005950537,0.05455557999994198,0.1118941509994329,0.036391634000210615,0.03356150499985233,0.104913;0.111894;0.115284,0.036392;0.035717;0.038845,0.031764;0.033562;0.040653,,multiprocessing,2026-10-03T12:18:26+00:00
R4-00677,R4,t2a-standard-4,Linux,6.1.0-53-cloud-arm64,aarch64,0xd0c,arm,4,4,,16.8,3.14.6,CPython,1,forkserver,2.5.3,db,db_file_commit,2,1647507,0.8,seconds,big,18,1647529,4,4,1,0,1,0,0.02338435099985266,0.38654643938572986,0.2903111303296172,0.013010652585116873,2.3683429666077918,0.5,0.09537821100002475,0.0011302110005999566,0.05455557999994198,0.5414629630004129,0.5614785340003436,0.5646020119993409,0.492457;0.541463;0.560854,0.529299;0.561479;0.578688,0.534513;0.564602;0.581237,,sequential,2026-10-03T12:18:31+00:00
R4-00678,R4,t2a-standard-4,Linux,6.1.0-53-cloud-arm64,aarch64,0xd0c,arm,4,4,,16.8,3.14.6,CPython,1,forkserver,2.5.3,recursive,rec_fib,4674,848313,0.0,seconds,big,235,848336,4,8,0,4,0,0,0.0004736906897615599,0.9996982017054664,0.013635196393789678,0.2490041549784076,0.9624421319220823,0.0,0.059253648999401776,0.0031493589931415045,0.07563879400004225,0.1111795249998977,0.1136750209998354,0.15155785599927185,0.110988;0.112016;0.111180,0.113793;0.113492;0.113675,0.148535;0.151558;0.153587,,sequential,2026-10-03T12:18:34+00:00
R4-00679,R4,t2a-standard-4,Linux,6.1.0-53-cloud-arm64,aarch64,0xd0c,arm,4,4,,16.8,3.14.6,CPython,1,forkserver,2.5.3,algo_iter,algo_kmeans,56,58,0.8,ms,normal,12,77,4,4,3,15,0,0,0.0010929053332802141,1.0,0.3559012268692293,0.010308608473666556,0.7291599147796637,0.0,0.008181870999578678,0.0014708030003021122,0.05455557999994198,0.014933618999748433,0.015762957999868377,0.023337483999966935,0.014895;0.014934;0.015009,0.015652;0.015763;0.015876,0.007092;0.039428;0.023337,,sequential,2026-10-03T12:18:35+00:00
R4-00680,R4,t2a-standard-4,Linux,6.1.0-53-cloud-arm64,aarch64,0xd0c,arm,4,4,,16.8,3.14.6,CPython,1,forkserver,2.5.3,io,io_file_roundtrip,1,301322,0.8,ms,big,8,301344,4,2,1,0,1,0,0.004363395333712106,0.1782704228832949,0.32686116385463404,0.009729197167560696,1.8022641493034832,0.0,0.020331721000729885,0.0011045720002584858,0.07759662700027548,0.026523324000663706,0.017192281000461662,0.017025645999638073,0.026322;0.026523;0.027041,0.017249;0.016171;0.017192,0.017152;0.017026;0.016755,,multiprocessing,2026-10-03T12:18:35+00:00
R4-00681,R4,t2a-standard-4,Linux,6.1.0-53-cloud-arm64,aarch64,0xd0c,arm,4,4,,16.8,3.14.6,CPython,1,forkserver,2.5.3,algo_rec,algo_sudoku,3,203,0.0,seconds,normal,2327,222,4,2,3,28,0,0,0.0025780962500448366,1.0,0.7938686762930511,0.0015127053900572238,1.4664698091289834,0.5,0.08691090200045437,0.00032714999997551786,0.07759662700027548,8.072999162000087,8.178281486999367,4.842292593999446,8.076879;8.065961;8.072999,8.180333;8.178281;8.171331,4.842293;4.860815;4.842112,,multiprocessing,2026-10-03T12:19:39+00:00
R4-00682,R4,t2a-standard-4,Linux,6.1.0-53-cloud-arm64,aarch64,0xd0c,arm,4,4,,16.8,3.14.6,CPython,1,forkserver,2.5.3,big_payload,big_count_byte,21,1375681,0.8,seconds,big,145,1375703,4,8,0,1,0,0,0.0008622100000997711,0.9998094552060535,0.009431492072353165,0.244871377010433,0.9738892702118561,0.0,0.06785197099998186,0.004865993995736062,0.07563879400004225,0.12525941000058083,0.1272575989996767,0.15473164899958647,0.125086;0.125259;0.125545,0.127459;0.127258;0.127159,0.154435;0.165083;0.154732,,sequential,2026-10-03T12:19:42+00:00
R4-00683,R4,t2a-standard-4,Linux,6.1.0-53-cloud-arm64,aarch64,0xd0c,arm,4,4,,16.8,3.14.6,CPython,1,forkserver,2.5.3,numpy,np_elementwise,37824,685770,0.8,seconds,big,202,685793.5789473684,4,8,0,4,0,0,0.002658356631591711,1.0,0.30743517377583895,0.034466782582436836,1.8434197131900543,0.0,0.08040044600056717,0.0027439700006652856,0.07563879400004225,0.5134101159992497,0.1733527279993723,0.2234885130001203,0.513410;0.512789;0.522293,0.166994;0.173353;0.184010,0.313361;0.215282;0.223489,,threading,2026-10-03T12:19:46+00:00
R4-00684,R4,t2a-standard-4,Linux,6.1.0-53-cloud-arm64,aarch64,0xd0c,arm,4,4,,16.8,3.14.6,CPython,1,forkserver,2.5.3,text,text_regex_findall,4,2309,0.3,ms,normal,17,2331,4,4,1,1,0,0,0.0005694854999092058,1.0,0.22099633380194686,0.013538097073580533,0.6423563100573917,0.0,0.00570029299979069,0.0002150330001313705,0.05455557999994198,0.010672045000319486,0.011339427999701002,0.005666293000103906,0.010672;0.010720;0.010534,0.011258;0.011339;0.011595,0.006514;0.005666;0.005444,,multiprocessing,2026-10-03T12:19:46+00:00
R4-00685,R4,t2a-standard-4,Linux,6.1.0-53-cloud-arm64,aarch64,0xd0c,arm,4,4,,16.8,3.14.6,CPython,1,forkserver,2.5.3,numpy,np_linalg_solve,11,118467,0.3,ms,big,149,118489,4,2,0,3,0,1,0.00016619572972951965,1.0,0.7406456605221744,0.1094345210632851,1.3112207686317991,0.0,0.0116383800004769,0.0012946460001330706,0.07759662700027548,0.0217291999997542,0.01680568600022525,0.020975739000277827,0.021369;0.021811;0.021729,0.016774;0.016806;0.017064,0.021429;0.018326;0.020976,,threading,2026-10-03T12:19:47+00:00
R4-00686,R4,t2a-standard-4,Linux,6.1.0-53-cloud-arm64,aarch64,0xd0c,arm,4,4,,16.8,3.14.6,CPython,1,forkserver,2.5.3,cpu,cpu_count_primes,1685,1456372,0.3,seconds,big,137,1456395,4,2,2,4,0,0,0.0007504335588718651,0.9998221421006263,0.23928213780829133,0.27795745196024346,1.035527822402249,0.0,0.0551244170001155,0.005097187998217123,0.07759662700027548,0.09999777899975015,0.10175521299970569,0.13626604200089787,0.099815;0.100000;0.099998,0.102136;0.101755;0.101738,0.140035;0.135415;0.136266,,sequential,2026-10-03T12:19:49+00:00
R4-00687,R4,t2a-standard-4,Linux,6.1.0-53-cloud-arm64,aarch64,0xd0c,arm,4,4,,16.8,3.14.6,CPython,1,forkserver,2.5.3,io,io_file_roundtrip,3,101560,0.3,seconds,big,50,101582,4,4,1,0,1,0,0.004604739363540747,0.14322417643380606,0.30195117877815875,0.003215580317740575,1.4935279558430348,0.0,0.08416294699964055,0.00039950900099938735,0.05455557999994198,0.24061694699958025,0.08507296300012968,0.08998303699991084,0.240617;0.248478;0.239950,0.083264;0.085073;0.087920,0.089983;0.095114;0.084947,,threading,2026-10-03T12:19:51+00:00
R4-00688,R4,t2a-standard-4,Linux,6.1.0-53-cloud-arm64,aarch64,0xd0c,arm,4,4,,16.8,3.14.6,CPython,1,forkserver,2.5.3,algo_iter,algo_kmeans,595,23,0.3,ms,normal,8,43,4,4,3,15,0,0,0.011936638333281735,1.0,0.19092122205280898,0.0009784720002346786,1.0698001797220085,0.0,0.07400916799997503,0.0002132339996023802,0.05455557999994198,0.09746220299984998,0.10038108700064186,0.033416616000067734,0.097462;0.097372;0.097749,0.101007;0.100381;0.100256,0.036615;0.029773;0.033417,,multiprocessing,2026-10-03T12:19:52+00:00
R4-00689,R4,t2a-standard-4,Linux,6.1.0-53-cloud-arm64,aarch64,0xd0c,arm,4,4,,16.8,3.14.6,CPython,1,forkserver,2.5.3,gil_release,gil_numpy_matmul,235,9649,0.0,seconds,normal,261,9671,4,2,0,2,0,1,0.0014759854116164206,1.0,0.013393134787382495,0.003971448399216429,1.9343605485816182,0.0,0.07717596600014076,0.001013853006043064,0.07759662700027548,0.3842727110004489,0.19704658800037578,0.19978947799972957,0.384190;0.384273;0.385643,0.210671;0.197047;0.196302,0.199789;0.199414;0.209924,,threading,2026-10-03T12:19:55+00:00
R4-00690,R4,t2a-standard-4,Linux,6.1.0-53-cloud-arm64,aarch64,0xd0c,arm,4,4,,16.8,3.14.6,CPython,1,forkserver,2.5.3,big_result,result_sorted_pairs,159,1967,0.0,ms,normal,2570,1989,4,4,1,4,0,0,5.5629467292887076e-05,1.0,0.3808180386368731,0.695476728005854,0.7046566036203673,0.0,0.08867122799983918,0.0019960269974035327,0.05455557999994198,0.17531222900015564,0.17826875199989445,0.18122743599997193,0.175312;0.172690;0.176143,0.175867;0.178269;0.178547,0.191337;0.173864;0.181227,,sequential,2026-10-03T12:19:58+00:00
R4-00691,R4,t2a-standard-4,Linux,6.1.0-53-cloud-arm64,aarch64,0xd0c,arm,4,4,,16.8,3.14.6,CPython,1,forkserver,2.5.3,big_result,result_records,1338,148,0.3,ms,normal,18,168,4,8,1,2,0,0,0.0006319437500224012,1.0,0.2478112609824419,1.0712227156604197,0.8849017408800353,0.0,0.008325464999870746,0.0028949259994988097,0.07563879400004225,0.012056249000124808,0.013382054000430799,0.06857722750009998,0.023885;0.011396;0.012056,0.012545;0.013382;0.013423,0.058876;0.078278,,sequential,2026-10-03T12:19:58+00:00
R4-00692,R4,t2a-standard-4,Linux,6.1.0-53-cloud-arm64,aarch64,0xd0c,arm,4,4,,16.8,3.14.6,CPython,1,forkserver,2.5.3,text,text_split_count,36,194,0.3,seconds,normal,688,213,4,4,1,1,0,0,0.00039549118893888573,0.9999288296832209,0.16714656971383202,0.01043221701249979,0.988532682331225,0.0,0.1017374490002112,0.0005206260047998512,0.05455557999994198,0.2700115369998457,0.274026072000197,0.08470632999978989,0.268834;0.270012;0.270261,0.274234;0.273814;0.274026,0.078048;0.084706;0.088166,,multiprocessing,2026-10-03T12:20:01+00:00
R4-00693,R4,t2a-standard-4,Linux,6.1.0-53-cloud-arm64,aarch64,0xd0c,arm,4,4,,16.8,3.14.6,CPython,1,forkserver,2.5.3,numpy,np_linalg_solve,117,6435,0.0,ms,normal,444,6457,4,4,0,3,0,1,0.00021427876574536868,1.0,0.11733353157692646,0.0226709345598914,0.7857436031512233,0.0,0.05452302999947278,0.0005340680017980048,0.05455557999994198,0.09608983500038448,0.13747560400042858,0.047249376999388915,0.093600;0.098210;0.096090,0.137032;0.137476;0.139979,0.080935;0.047249;0.038701,,multiprocessing,2026-10-03T12:20:02+00:00
R4-00694,R4,t2a-standard-4,Linux,6.1.0-53-cloud-arm64,aarch64,0xd0c,arm,4,4,,16.8,3.14.6,CPython,1,forkserver,2.5.3,tiny,tiny_add,57,1127804,0.8,seconds,big,177,1127826,4,8,0,1,0,0,4.1179540940819687e-07,1.0,0.42015689341740137,410.65440822879214,0.038688551827841394,0.0,0.004208570999253425,0.0036679050008388003,0.07563879400004225,2.784000025712885e-05,0.0006806629999118741,0.14656008800011477,0.000058;0.000028;0.000013,0.000681,0.146560,,sequential,2026-10-03T12:20:04+00:00
R4-00695,R4,t2a-standard-4,Linux,6.1.0-53-cloud-arm64,aarch64,0xd0c,arm,4,4,,16.8,3.14.6,CPython,1,forkserver,2.5.3,db,db_mem_group_by,504,122540,0.8,seconds,big,1096,122562.7,4,8,1,2,1,0,0.0007620833181190943,1.0,0.39882616959442785,0.027704910486104416,0.3023029429862187,0.5,0.21725525700003345,0.0013582440042227972,0.07563879400004225,0.813939613999537,2.310228285001358,0.2620456570002716,0.813940,2.310228,0.262046,threading,multiprocessing,2026-10-03T12:20:08+00:00
R4-00696,R4,t2a-standard-4,Linux,6.1.0-53-cloud-arm64,aarch64,0xd0c,arm,4,4,,16.8,3.14.6,CPython,1,forkserver,2.5.3,recursive,rec_fib,33421,1199,0.0,seconds,normal,213,1222,4,8,0,4,0,0,0.005261623800015514,1.0,0.0022258652235265125,0.0012140548656026798,0.9776003827405089,0.0,0.10766209200028243,0.001157730000159063,0.1085877880004773,1.1205930590003845,1.1310745350001525,0.31030351600020367,1.120593;1.127575;1.119933,1.135452;1.131075;1.129986,0.308900;0.310919;0.310304,,multiprocessing,2026-10-03T12:20:17+00:00
R4-00697,R4,t2a-standard-4,Linux,6.1.0-53-cloud-arm64,aarch64,0xd0c,arm,4,4,,16.8,3.14.6,CPython,1,forkserver,2.5.3,algo_rec,algo_merge_sort,389,158225,0.0,seconds,big,1264,158248,4,2,1,10,0,0,0.0006807326081503266,0.9998688223051344,0.01958020463391318,0.1197032416078562,0.9807153978160245,0.0,0.10565806099930342,0.0039062599953467725,0.04341163499975664,0.8741295620002347,0.8863556910000625,0.5875998780002192,0.871377;0.874130;0.875383,0.886356;0.889372;0.886136,0.602181;0.587600;0.571793,,multiprocessing,2026-10-03T12:20:25+00:00
R4-00698,R4,t2a-standard-4,Linux,6.1.0-53-cloud-arm64,aarch64,0xd0c,arm,4,4,,16.8,3.14.6,CPython,1,forkserver,2.5.3,db,db_mem_insert_select,516,1218247,0.3,ms,big,15,1218270,4,2,1,1,1,0,0.0007384076667828291,1.0,0.26196837439508996,0.2532593785729215,0.28755088152260855,0.0,0.010135937000086415,0.0013452849998429883,0.04341163499975664,0.009747067000716925,0.03697636099968804,0.014558141999259533,0.009658;0.009747;0.009778,0.037874;0.031812;0.036976,0.021251;0.014558;0.012835,,sequential,2026-10-03T12:20:26+00:00
R4-00699,R4,t2a-standard-4,Linux,6.1.0-53-cloud-arm64,aarch64,0xd0c,arm,4,4,,16.8,3.14.6,CPython,1,forkserver,2.5.3,cpu,cpu_collatz,581,1862,0.8,seconds,normal,586,1884.842105263158,4,8,2,5,0,0,0.0027367163158583266,0.9999398208974256,0.4878715178850909,0.0016600378243073013,0.9710876797665225,0.0,0.10892425200017897,0.000982014998953673,0.1085877880004773,1.585778253999706,1.604476388999501,0.43671841099967423,1.585188;1.588131;1.585778,1.604365;1.604476;1.605067,0.437385;0.430211;0.436718,,multiprocessing,2026-10-03T12:20:38+00:00
R4-00700,R4,t2a-standard-4,Linux,6.1.0-53-cloud-arm64,aarch64,0xd0c,arm,4,4,,16.8,3.14.6,CPython,1,forkserver,2.5.3,db,db_mem_group_by,3740,171,0.0,seconds,normal,195,191,4,4,1,2,1,0,0.004687183545684093,1.0,0.011874235850288718,0.0009937931289797457,0.27405477210814366,0.0,0.24002111899972078,0.0009527349975542165,0.056385494000096514,0.9095762670003751,2.216924555001242,0.2433849110002484,0.909576,2.216925,0.243385,threading,multiprocessing,2026-10-03T12:20:42+00:00
R4-00701,R4,t2a-standard-4,Linux,6.1.0-53-cloud-arm64,aarch64,0xd0c,arm,4,4,,16.8,3.14.6,CPython,1,forkserver,2.5.3,recursive,rec_fib,72020,80,0.3,ms,normal,15,102,4,2,0,4,0,0,0.008546457666852803,1.0,0.0025434396999296613,0.0013525681862827615,0.9756969269641496,0.0,0.053015260999927705,0.0010564929998508887,0.07983264300037263,0.11475561499992182,0.11614133800048876,0.05882414999996399,0.114756;0.114702;0.115115,0.116255;0.115978;0.116141,0.058824;0.058802;0.058903,,multiprocessing,2026-10-03T12:20:44+00:00
R4-00702,R4,t2a-standard-4,Linux,6.1.0-53-cloud-arm64,aarch64,0xd0c,arm,4,4,,16.8,3.14.6,CPython,1,forkserver,2.5.3,big_result,result_matrix_lists,24,1213,0.3,seconds,normal,11750,1235,4,4,2,5,0,0,8.350670353075951e-05,1.0,1.1963419030285969,0.3308147606448966,1.0303343931256699,0.0,0.10085705500023323,0.0023092609917512164,0.043202875000133645,1.0482561589997204,1.0541777190001085,0.639251786999921,1.048256;1.015592;1.081143,1.054178;1.043213;1.075511,0.626723;0.699926;0.639252,,multiprocessing,2026-10-03T12:20:53+00:00
R4-00703,R4,t2a-standard-4,Linux,6.1.0-53-cloud-arm64,aarch64,0xd0c,arm,4,4,,16.8,3.14.6,CPython,1,forkserver,2.5.3,db,db_mem_insert_select,464,1051457,0.0,ms,big,146,1051480,4,8,1,1,1,0,0.0005845425277786691,1.0,0.06927214866103543,0.24615531470874547,0.2523109936112299,0.0,0.10744767999949545,0.0038393400000131805,0.06671054199978244,0.08856685200044012,1.4428342600022006,0.1309521479997784,0.088567,1.442834,0.130952,threading,sequential,2026-10-03T12:20:55+00:00
R4-00704,R4,t2a-standard-4,Linux,6.1.0-53-cloud-arm64,aarch64,0xd0c,arm,4,4,,16.8,3.14.6,CPython,1,forkserver,2.5.3,tiny,tiny_len,633,224296,0.0,seconds,big,891,224319,4,2,0,0,0,0,4.1710808881697964e-07,1.0,0.29187237252243764,203.1841439868139,0.16776510856989307,0.0,0.003665704999548325,0.00286028500431712,0.08036898499995004,0.00020619399947463535,0.0006706819999635627,0.16804030000002967,0.000320;0.000206;0.000087,0.000813;0.000529,0.168040,,sequential,2026-10-03T12:20:57+00:00
R4-00705,R4,t2a-standard-4,Linux,6.1.0-53-cloud-arm64,aarch64,0xd0c,arm,4,4,,16.8,3.14.6,CPython,1,forkserver,2.5.3,cpu,cpu_sum_squares,277410,31,0.3,ms,normal,8,53,4,4,1,2,0,0,0.025118065333723887,1.0,0.039992583718801496,0.0004283769371791555,1.345793512807796,0.0,0.13348359999963577,0.0007528989981437917,0.04781759300021804,0.17584837499998685,0.17882465799993952,0.059967637000227114,0.175848;0.175867;0.175558,0.178819;0.179239;0.178825,0.059968;0.064344;0.059181,,multiprocessing,2026-10-03T12:20:59+00:00
R4-00706,R4,t2a-standard-4,Linux,6.1.0-53-cloud-arm64,aarch64,0xd0c,arm,4,4,,16.8,3.14.6,CPython,1,forkserver,2.5.3,recursive,rec_tree_sum,18250,1052,0.8,seconds,normal,316,1075,4,2,0,4,0,0,0.010161662999780673,1.0,0.2489552429147254,0.0007565493872880418,1.0465856444849277,0.0,0.09932116999971186,0.0009826550012803636,0.08036898499995004,2.84624424499998,3.0682048260005104,1.3609691539995765,2.846244;2.843296;2.914775,3.071612;3.048776;3.068205,1.363430;1.360969;1.357887,,multiprocessing,2026-10-03T12:21:22+00:00
R4-00707,R4,t2a-standard-4,Linux,6.1.0-53-cloud-arm64,aarch64,0xd0c,arm,4,4,,16.8,3.14.6,CPython,1,forkserver,2.5.3,algo_rec,algo_merge_sort,87,474,0.3,seconds,normal,1776,496,4,8,1,10,0,0,0.00012884137113454102,0.9999008498928745,0.1991099662579572,0.06916838946226217,0.9878062364637608,0.0,0.10292718800064904,0.0021735430009357515,0.0601089880001382,0.23127519100034988,0.23689420400023664,0.08134615300059522,0.232109;0.230912;0.231275,0.236578;0.237334;0.236894,0.086373;0.081346;0.080266,,multiprocessing,2026-10-03T12:21:24+00:00
R4-00708,R4,t2a-standard-4,Linux,6.1.0-53-cloud-arm64,aarch64,0xd0c,arm,4,4,,16.8,3.14.6,CPython,1,forkserver,2.5.3,algo_iter,algo_kmeans,55,995,0.8,ms,normal,9,1017,4,8,3,15,0,0,0.0013422583333522198,1.0,0.38689078204793503,0.010062394698493831,1.169489547707668,0.0,0.009343996000097832,0.0016305580002153874,0.0601089880001382,0.010963793999508198,0.011648415999843564,0.004755875000228116,0.010875;0.011063;0.010964,0.011838;0.011487;0.011648,0.009875;0.004756;0.004337,,multiprocessing,2026-10-03T12:21:25+00:00
R4-00709,R4,t2a-standard-4,Linux,6.1.0-53-cloud-arm64,aarch64,0xd0c,arm,4,4,,16.8,3.14.6,CPython,1,forkserver,2.5.3,big_result,result_matrix_lists,311,181734,0.3,seconds,big,64,181756.4,4,2,2,5,0,0,0.010642673600341369,0.9999893271622459,0.39162116820542714,0.19282994827719538,0.6530084426736749,0.0,0.14195864700013772,0.01100191299792641,0.08036898499995004,0.8641813110007206,0.8747322559993336,0.6622188249993997,0.864181;0.915994;0.849351,0.880084;0.868014;0.874732,0.662363;0.645571;0.662219,,multiprocessing,2026-10-03T12:21:33+00:00
R4-00710,R4,t2a-standard-4,Linux,6.1.0-53-cloud-arm64,aarch64,0xd0c,arm,4,4,,16.8,3.14.6,CPython,1,forkserver,2.5.3,text,text_regex_findall,4,1103,0.0,ms,normal,59,1125,4,8,1,1,0,0,0.0002598989283017415,1.0,0.03969266431795602,0.018797966232482612,0.8608791111498438,0.5,0.008651013999951829,0.0007379010030490463,0.0601089880001382,0.015140923000217299,0.016970276000392914,0.013000259000364167,0.015072;0.015198;0.015141,0.017046;0.016933;0.016970,0.006319;0.019814;0.013000,,multiprocessing,2026-10-03T12:21:33+00:00
R4-00711,R4,t2a-standard-4,Linux,6.1.0-53-cloud-arm64,aarch64,0xd0c,arm,4,4,,16.8,3.14.6,CPython,1,forkserver,2.5.3,text,text_split_count,4,168,0.8,seconds,normal,6841,187,4,2,1,1,0,0,5.0220645101654086e-05,1.0,0.3474851530030214,0.07419159703101705,0.9990097282788697,0.5,0.10202464799931477,0.0022217429941520095,0.08036898499995004,0.33985773800031893,0.34687847399982275,0.17460070600009203,0.340060;0.339858;0.339486,0.346577;0.346878;0.347277,0.172941;0.176006;0.174601,,multiprocessing,2026-10-03T12:21:36+00:00
R4-00712,R4,t2a-standard-4,Linux,6.1.0-53-cloud-arm64,aarch64,0xd0c,arm,4,4,,16.8,3.14.6,CPython,1,forkserver,2.5.3,algo_iter,algo_game_of_life,2,451,0.0,ms,normal,19,473,4,4,5,9,0,0,0.0035379372500301542,1.0,0.017302039356328968,0.01597216003124672,0.959477072504355,0.0,0.030419802999858803,0.001590118999047263,0.04781759300021804,0.06679253099991911,0.06833200999972178,0.02680497799974546,0.066787;0.066793;0.066856,0.068332;0.068426;0.068217,0.025211;0.026805;0.034917,,multiprocessing,2026-10-03T12:21:37+00:00
R4-00713,R4,t2a-standard-4,Linux,6.1.0-53-cloud-arm64,aarch64,0xd0c,arm,4,4,,16.8,3.14.6,CPython,1,forkserver,2.5.3,tiny,tiny_add,18,111082,0.0,ms,big,1800,111104,4,8,0,1,0,0,2.916377646518716e-07,1.0,1.8445149569117307,73.55494548343519,0.24230718354401523,0.0,0.0024233770000137156,0.0014979210054661962,0.0601089880001382,0.0002844319997166167,0.0010301729998900555,0.13904903599996032,0.000402;0.000284;0.000159,0.001150;0.000911,0.139049,,sequential,2026-10-03T12:21:39+00:00
R4-00714,R4,t2a-standard-4,Linux,6.1.0-53-cloud-arm64,aarch64,0xd0c,arm,4,4,,16.8,3.14.6,CPython,1,forkserver,2.5.3,big_payload,big_checksum_head,257,1062235,0.8,seconds,big,188,1062257.35,4,8,1,1,0,0,9.080616999857198e-06,1.0,0.4967020983259634,15.527397535594096,0.5533142499380795,0.0,0.004760034999890195,0.0034945080005854834,0.0601089880001382,0.0015448390004166868,0.0019281889999547275,0.14982935299940436,0.001557;0.001545;0.001532,0.002162;0.001908;0.001928,0.149829,,sequential,2026-10-03T12:21:40+00:00
R4-00715,R4,t2a-standard-4,Linux,6.1.0-53-cloud-arm64,aarch64,0xd0c,arm,4,4,,16.8,3.14.6,CPython,1,forkserver,2.5.3,algo_rec,algo_flood_fill,1,277725,0.0,seconds,big,720,277747,4,8,3,10,0,0,0.0004222756554577436,0.9998258702002322,0.5181398568945522,0.09486931023759622,1.0029671281318928,0.0,0.10271834699960891,0.0023904569998194347,0.0601089880001382,0.2829884200000379,0.29205894300048385,0.18281348700020317,0.279473;0.283799;0.282988,0.301290;0.292059;0.290512,0.190533;0.182813;0.179416,,multiprocessing,2026-10-03T12:21:44+00:00
R4-00716,R4,t2a-standard-4,Linux,6.1.0-53-cloud-arm64,aarch64,0xd0c,arm,4,4,,16.8,3.14.6,CPython,1,forkserver,2.5.3,gil_release,gil_sha256,11,6877,0.0,ms,normal,722,6899,4,2,1,1,0,1,5.0547555560519364e-05,1.0,0.05573807500178786,0.09602640344798541,0.889465246360622,0.0,0.020484263000071223,0.001031613998748071,0.08036898499995004,0.03622404999987339,0.053227804000016476,0.02334070800043264,0.036224;0.036159;0.036268,0.053719;0.047535;0.053228,0.027993;0.022494;0.023341,,multiprocessing,2026-10-03T12:21:45+00:00
R4-00717,R4,t2a-standard-4,Linux,6.1.0-53-cloud-arm64,aarch64,0xd0c,arm,4,4,,16.8,3.14.6,CPython,1,forkserver,2.5.3,big_payload,big_checksum_head,3937,1680074,0.0,ms,big,119,1680097,4,4,1,1,0,0,0.00011946031033936567,1.0,0.030682646220422553,2.081758781829352,0.8518931719090556,0.0,0.012836102999244758,0.005247221999525209,0.04781759300021804,0.014195308000125806,0.014724134000061895,0.16518654800074728,0.014194;0.014195;0.014262,0.014931;0.014724;0.014716,0.165187,,sequential,2026-10-03T12:21:46+00:00
R4-00718,R4,t2a-standard-4,Linux,6.1.0-53-cloud-arm64,aarch64,0xd0c,arm,4,4,,16.8,3.14.6,CPython,1,forkserver,2.5.3,algo_rec,algo_sudoku,12,302,0.8,ms,normal,8,324,4,8,3,28,0,0,0.01631421200030066,1.0,0.19986652044117165,0.0006734210277513493,2.7150064730772367,0.0,0.07064190700020845,0.002097824999509612,0.0601089880001382,0.09373594099997717,0.09576572800051508,0.030618236999544024,0.094125;0.093589;0.093736,0.095766;0.096110;0.095506,0.033734;0.030618;0.029363,,multiprocessing,2026-10-03T12:21:47+00:00
R4-00719,R4,t2a-standard-4,Linux,6.1.0-53-cloud-arm64,aarch64,0xd0c,arm,4,4,,16.8,3.14.6,CPython,1,forkserver,2.5.3,io,io_sleep_return_payload,2027,55202,0.3,ms,normal,8,55225,4,2,0,1,1,0,0.00205062633297833,0.004658627988401279,0.18655170119120548,0.015819231730421452,1.2223586462019644,0.0,0.011321302999931504,0.0006657020012426074,0.08036898499995004,0.01654796599996189,0.008792730000095617,0.01729254600013519,0.016555;0.016548;0.016513,0.008912;0.008793;0.008789,0.018147;0.010574;0.017293,,threading,2026-10-03T12:21:48+00:00
R4-00720,R4,t2a-standard-4,Linux,6.1.0-53-cloud-arm64,aarch64,0xd0c,arm,4,4,,16.8,3.14.6,CPython,1,forkserver,2.5.3,io,io_file_roundtrip,6,9149,0.0,ms,normal,15,9171,4,2,1,0,1,0,0.007110627000050347,0.09400968731377544,0.06677312860267398,0.0015188064701197684,1.28097057318721,0.0,0.03825743600009446,0.0009784539997781394,0.08036898499995004,0.10136150099970109,0.06752534800034482,0.0675843069993789,0.100907;0.103692;0.101362,0.069847;0.066748;0.067525,0.067584;0.067154;0.069535,,threading,2026-10-03T12:21:49+00:00
R4-00721,R4,t2a-standard-4,Linux,6.1.0-53-cloud-arm64,aarch64,0xd0c,arm,4,4,,16.8,3.14.6,CPython,1,forkserver,2.5.3,mixed,mixed_compute_then_sleep,113996,81,0.0,ms,normal,8,103,4,4,1,3,1,0,0.008644386333192719,0.7296200563996026,0.007306652877552604,0.001138272442499504,1.2107510178372327,0.0,0.0480351400001382,0.0006601030008823727,0.04781759300021804,0.06903674800014414,0.053314280999984476,0.02601135700024315,0.069150;0.069037;0.068902,0.053760;0.053060;0.053314,0.024596;0.031166;0.026011,,multiprocessing,2026-10-03T12:21:50+00:00
R4-00722,R4,t2a-standard-4,Linux,6.1.0-53-cloud-arm64,aarch64,0xd0c,arm,4,4,,16.8,3.14.6,CPython,1,forkserver,2.5.3,algo_rec,algo_flood_fill,22,175921,0.0,ms,big,8,175943,4,2,3,10,0,0,0.00795611133374526,0.9995068021941763,0.09278165612872055,0.004177794730319917,1.0244988149363312,0.0,0.04870608100009122,0.00028271099927223986,0.08036898499995004,0.06371820799995476,0.06576299400057906,0.038419151999733,0.063459;0.063718;0.064558,0.065981;0.065763;0.064515,0.039445;0.037090;0.038419,,multiprocessing,2026-10-03T12:21:51+00:00
R4-00723,R4,t2a-standard-4,Linux,6.1.0-53-cloud-arm64,aarch64,0xd0c,arm,4,4,,16.8,3.14.6,CPython,1,forkserver,2.5.3,recursive,rec_quicksort,3306,453097,0.0,seconds,big,65,453120,4,8,1,8,0,0,0.004875730272694703,1.0,0.027647557466681145,0.012899923061635309,0.9615461503664184,0.0,0.11095916799968109,0.0018249519998789765,0.0601089880001382,0.3174163490002684,0.3242657680002594,0.10797828599970671,0.318358;0.317416;0.317328,0.324358;0.322385;0.324266,0.109765;0.097599;0.107978,,multiprocessing,2026-10-03T12:21:54+00:00
R4-00724,R4,t2a-standard-4,Linux,6.1.0-53-cloud-arm64,aarch64,0xd0c,arm,4,4,,16.8,3.14.6,CPython,1,forkserver,2.5.3,big_result,result_records,2500,538,0.0,ms,normal,8,561,4,8,1,2,0,0,0.001321818666838226,1.0,0.07484108788456487,1.071092202129936,0.8204947173493536,0.0,0.013601003000076162,0.0048989119995894725,0.0601089880001382,0.010765638000520994,0.012028004999592667,0.022976637000283517,0.025634;0.010766;0.009851,0.012664;0.012028;0.011660,0.018585;0.037797;0.022977,,sequential,2026-10-03T12:21:55+00:00
R4-00725,R4,t2a-standard-4,Linux,6.1.0-53-cloud-arm64,aarch64,0xd0c,arm,4,4,,16.8,3.14.6,CPython,1,forkserver,2.5.3,mixed,mixed_parse_lines,2,362532,0.0,seconds,big,48,362554,4,8,2,3,1,0,0.036366111666514676,0.9977949621333373,0.005115391664834302,0.0014547884629854723,0.9748762685387686,0.0,0.22172309800043877,0.0010485730008440441,0.0601089880001382,1.7365151549993243,1.798405119000563,0.4747497719999956,1.751734;1.735030;1.736515,1.792864;1.799580;1.798405,0.474750;0.465823;0.481430,,multiprocessing,2026-10-03T12:22:08+00:00
R4-00726,R4,t2a-standard-4,Linux,6.1.0-53-cloud-arm64,aarch64,0xd0c,arm,4,4,,16.8,3.14.6,CPython,1,forkserver,2.5.3,db,db_mem_group_by,2735,558,0.8,ms,normal,8,581,4,4,1,2,1,0,0.004668757333092799,0.9989500385911635,0.23768890931435088,0.0021389703221541406,0.2789646625061348,0.0,0.05701354100074241,0.0008477770015815622,0.04781759300021804,0.03215171400006511,0.30224873200040747,0.019637483999758842,0.032219;0.032152;0.032079,0.302249,0.009321;0.019637;0.025729,,multiprocessing,2026-10-03T12:22:09+00:00
R4-00727,R4,t2a-standard-4,Linux,6.1.0-53-cloud-arm64,aarch64,0xd0c,arm,4,4,,16.8,3.14.6,CPython,1,forkserver,2.5.3,big_payload,big_reverse,3,188931,0.8,ms,big,1058,188953,4,8,0,0,0,0,0.00016834753785477722,1.0,0.04409481875494781,0.3449913827388857,0.992984708608461,0.0,0.0916548689992851,0.0022793410062149633,0.0601089880001382,0.17933968199940864,0.14113892600016698,1.920148605000577,0.184030;0.179340;0.174025,0.184498;0.141139;0.130992,1.920149,multiprocessing,threading,2026-10-03T12:22:13+00:00
R4-00728,R4,t2a-standard-4,Linux,6.1.0-53-cloud-arm64,aarch64,0xd0c,arm,4,4,,16.8,3.14.6,CPython,1,forkserver,2.5.3,db,db_file_commit,4,313,0.0,seconds,normal,295,335,4,4,1,0,1,0,0.010045047600033285,0.10540040629127403,0.10051206779967356,0.0007127691503553701,0.9987381941508728,0.5,0.10033696000027703,0.0009945749998223619,0.04781759300021804,3.1365341860000626,1.8810334019999573,2.4395613149999917,3.052177;3.136534;3.157965,1.373051;1.881033;1.928346,1.360663;2.450791;2.439561,,threading,2026-10-03T12:22:35+00:00
R4-00729,R4,t2a-standard-4,Linux,6.1.0-53-cloud-arm64,aarch64,0xd0c,arm,4,4,,16.8,3.14.6,CPython,1,forkserver,2.5.3,big_payload,big_count_byte,2,266411,0.8,ms,big,750,266433,4,2,0,1,0,0,0.00016777440108328357,1.0,0.026149209571845914,0.22572573443575944,0.9752822973183733,0.0,0.06535699600044609,0.0016513559985469328,0.08036898499995004,0.1257594019998578,0.12776694999956817,0.14322846200047934,0.125676;0.125960;0.125759,0.127767;0.128032;0.127657,0.146960;0.143228;0.140764,,sequential,2026-10-03T12:22:37+00:00
R4-00730,R4,t2a-standard-4,Linux,6.1.0-53-cloud-arm64,aarch64,0xd0c,arm,4,4,,16.8,3.14.6,CPython,1,forkserver,2.5.3,recursive,rec_nqueens,4,1239,0.0,ms,normal,189,1261,4,2,1,10,0,0,0.0006275085531942363,0.9993433335146965,0.018799379407943108,0.006820385281019343,0.9674384643998212,0.0,0.06131506200017611,0.0013138050007910351,0.08036898499995004,0.11828555900046922,0.1190871380003955,0.060626679999586486,0.118286;0.118076;0.118390,0.119438;0.119025;0.119087,0.060806;0.060137;0.060627,,multiprocessing,2026-10-03T12:22:38+00:00
R4-00731,R4,t2a-standard-4,Linux,6.1.0-53-cloud-arm64,aarch64,0xd0c,arm,4,4,,16.8,3.14.6,CPython,1,forkserver,2.5.3,mixed,mixed_json_roundtrip,2,671,0.0,ms,normal,484,693,4,4,1,1,1,0,0.00013893519836295857,0.6175158258755833,0.07535071960249078,0.026817897832018954,1.4297124076672763,0.5,0.02982749300008436,0.0011979249975411221,0.04781759300021804,0.06426830500004144,0.04546556100012822,0.021100362999277422,0.064268;0.063839;0.065319,0.045562;0.045159;0.045466,0.021100;0.018785;0.024068,,multiprocessing,2026-10-03T12:22:39+00:00
R4-00732,R4,t2a-standard-4,Linux,6.1.0-53-cloud-arm64,aarch64,0xd0c,arm,4,4,,16.8,3.14.6,CPython,1,forkserver,2.5.3,algo_rec,algo_merge_sort,469,48,0.0,seconds,normal,2120,68,4,4,1,10,0,0,0.0008357612833909419,1.0,0.0188552785536573,0.04054638660717373,0.9928394283782166,0.0,0.10166967700024543,0.0010194519963988569,0.04781759300021804,1.8133880649993444,1.8397239209998588,0.5416686250000566,1.807875;1.816564;1.813388,1.839724;1.836699;1.840300,0.541669;0.525723;0.542411,,multiprocessing,2026-10-03T12:22:53+00:00
R4-00733,R4,t2a-standard-4,Linux,6.1.0-53-cloud-arm64,aarch64,0xd0c,arm,4,4,,16.8,3.14.6,CPython,1,forkserver,2.5.3,numpy,np_fft,7958,301229,0.3,ms,big,24,301252,4,8,0,0,0,1,0.0007830859999558015,1.0,0.4459515102008753,0.05813601578092303,0.8599871148228272,0.0,0.010346727000069222,0.0010472120011399966,0.04921094000019366,0.02191726099954394,0.009141998999439238,0.1627344999997149,0.022438;0.021917;0.021593,0.010485;0.007033;0.009142,0.162734,,threading,2026-10-03T12:22:53+00:00
R4-00734,R4,t2a-standard-4,Linux,6.1.0-53-cloud-arm64,aarch64,0xd0c,arm,4,4,,16.8,3.14.6,CPython,1,forkserver,2.5.3,io,io_sleep_chunks,452,920967,0.8,ms,big,55,920989.8461538461,4,8,1,1,1,0,0.0006851449231292533,0.018443488048665645,0.2540132961440133,0.18034118323270293,1.707012612751914,0.0,0.016511324000020977,0.0022406620000765542,0.04921094000019366,0.036805747000471456,0.005606931999864173,0.054763273000389745,0.036806,0.005883;0.005487;0.005607,0.054763,,threading,2026-10-03T12:22:54+00:00
R4-00735,R4,t2a-standard-4,Linux,6.1.0-53-cloud-arm64,aarch64,0xd0c,arm,4,4,,16.8,3.14.6,CPython,1,forkserver,2.5.3,gil_release,gil_zlib,4,108897,0.0,ms,big,8,108919,4,2,1,1,0,1,0.010112639333177261,1.0,0.006238800252914115,0.002618439415837711,1.4645183725727884,0.5,0.05173811300028319,0.0007110220003596623,0.08036898499995004,0.08040159499978472,0.041880972999933874,0.0461949390000882,0.080402;0.080637;0.080227,0.041956;0.041859;0.041881,0.047781;0.043058;0.046195,,threading,2026-10-03T12:22:55+00:00
R4-00736,R4,t2a-standard-4,Linux,6.1.0-53-cloud-arm64,aarch64,0xd0c,arm,4,4,,16.8,3.14.6,CPython,1,forkserver,2.5.3,algo_rec,algo_lcs_memo,3,77,0.0,seconds,normal,67,96,4,4,1,10,0,0,0.013827834499807068,0.9991630889686661,0.7978664324875724,0.0006023900573131507,2.020348456759524,0.0,0.08804111300014483,0.00129980600104318,0.04781759300021804,0.4970253410001533,0.5142968029995245,0.16308004900020023,0.491127;0.497025;0.501094,0.515084;0.513609;0.514297,0.164339;0.163080;0.160890,,multiprocessing,2026-10-03T12:22:59+00:00
R4-00737,R4,t2a-standard-4,Linux,6.1.0-53-cloud-arm64,aarch64,0xd0c,arm,4,4,,16.8,3.14.6,CPython,1,forkserver,2.5.3,mixed,mixed_hash_then_write,1309,69356,0.3,ms,normal,210,69379,4,2,1,3,1,0,0.0004001109037709774,0.429942079073856,0.30615625369826327,0.035564889158019315,1.8074161220178424,0.0,0.03372729800048546,0.0012775940049323253,0.08036898499995004,0.07743770199977007,0.040606499999739754,0.04585059300006833,0.074655;0.078387;0.077438,0.040606;0.039722;0.040625,0.045851;0.045139;0.046390,,threading,2026-10-03T12:23:01+00:00
R4-00738,R4,t2a-standard-4,Linux,6.1.0-53-cloud-arm64,aarch64,0xd0c,arm,4,4,,16.8,3.14.6,CPython,1,forkserver,2.5.3,db,db_mem_insert_select,428,553,0.0,seconds,normal,762,576,4,2,1,1,1,0,0.0005668926067178444,0.9999990302815954,0.04678745863739321,0.007120308129978196,0.2786106529413492,0.0,0.23207847600042442,0.0011940050026169047,0.08036898499995004,0.4321561329998076,1.5295450519997758,0.19030790600027103,0.432156;0.433332;0.428339,1.529545,0.193367;0.190308;0.189800,,multiprocessing,2026-10-03T12:23:05+00:00
R4-00739,R4,t2a-standard-4,Linux,6.1.0-53-cloud-arm64,aarch64,0xd0c,arm,4,4,,16.8,3.14.6,CPython,1,forkserver,2.5.3,gil_release,gil_numpy_matmul,20,15851,0.0,ms,normal,628,15873,4,8,0,2,0,1,2.3237541369149523e-05,1.0,0.36465669847084137,0.24497643637396177,0.4467847162728104,0.0,0.01299887899949681,0.0012408570046318346,0.04921094000019366,0.013770159999694442,0.0338465790000555,0.018110494000211474,0.013732;0.013794;0.013770,0.033442;0.034217;0.033847,0.016747;0.033553;0.018110,,sequential,2026-10-03T12:23:05+00:00
R4-00740,R4,t2a-standard-4,Linux,6.1.0-53-cloud-arm64,aarch64,0xd0c,arm,4,4,,16.8,3.14.6,CPython,1,forkserver,2.5.3,tiny,tiny_add,26,1850384,0.0,seconds,big,108,1850406,4,8,0,1,0,0,5.896295920980197e-07,1.0,0.2815865106633852,465.37462451634536,0.04035769305255836,0.0,0.006235568999727548,0.005769762999989325,0.04921094000019366,1.9361999875400215e-05,0.0005725389992221608,0.1479943340000318,0.000038;0.000019;0.000009,0.000573,0.147994,,sequential,2026-10-03T12:23:07+00:00
R4-00741,R4,t2a-standard-4,Linux,6.1.0-53-cloud-arm64,aarch64,0xd0c,arm,4,4,,16.8,3.14.6,CPython,1,forkserver,2.5.3,algo_iter,algo_edit_distance,324,167423,0.8,ms,big,242,167445.7,4,8,2,16,0,0,0.0002752133499749713,1.0,0.08950292620913536,0.08573166930229478,0.9600305407754248,0.0,0.03570403899993835,0.0019332410010974854,0.04921094000019366,0.06603666299997712,0.06736880199969164,0.03729951700006495,0.065836;0.066037;0.066195,0.067545;0.067369;0.067232,0.039311;0.036394;0.037300,,multiprocessing,2026-10-03T12:23:08+00:00
R4-00742,R4,t2a-standard-4,Linux,6.1.0-53-cloud-arm64,aarch64,0xd0c,arm,4,4,,16.8,3.14.6,CPython,1,forkserver,2.5.3,big_result,result_sorted_pairs,2068,1974,0.8,seconds,normal,838,1997,4,4,1,4,0,0,0.0011167805999219935,0.9999956666944436,0.4273872765289337,0.5408838136890579,1.1756907556640912,0.0,0.10523631500018382,0.01299931400353671,0.04781759300021804,1.1092125360000864,1.1126705130000119,0.8648278230002688,1.244289;1.090363;1.109213,1.094912;1.112671;1.120038,0.864828;0.830846;0.874228,,multiprocessing,2026-10-03T12:23:18+00:00
R4-00743,R4,t2a-standard-4,Linux,6.1.0-53-cloud-arm64,aarch64,0xd0c,arm,4,4,,16.8,3.14.6,CPython,1,forkserver,2.5.3,text,text_split_count,39,103,0.3,ms,normal,102,122,4,2,1,1,0,0,0.00024261668007966364,1.0,0.18734745414071258,0.015342720741839174,0.9261441758240705,0.0,0.01289159199950518,0.0003165929974784376,0.08036898499995004,0.023912548999760475,0.024593658000412688,0.015810046000297007,0.023913;0.023981;0.023911,0.024594;0.024592;0.024659,0.016676;0.013334;0.015810,,multiprocessing,2026-10-03T12:23:19+00:00
R4-00744,R4,t2a-standard-4,Linux,6.1.0-53-cloud-arm64,aarch64,0xd0c,arm,4,4,,16.8,3.14.6,CPython,1,forkserver,2.5.3,recursive,rec_nqueens,1,931,0.3,seconds,normal,48772,953,4,4,1,10,0,0,0.00015732374447201413,0.999959177563029,0.018860230970730387,0.024754368802201207,0.9899339195866387,17.5,0.1013244929999928,0.0009106520019486197,0.04781759300021804,7.648958497000422,7.731158888000209,1.957479546000286,7.626382;7.648958;7.661646,7.709285;7.731159;7.749578,1.960945;1.935113;1.957480,,multiprocessing,2026-10-03T12:24:11+00:00
R4-00745,R4,t2a-standard-4,Linux,6.1.0-53-cloud-arm64,aarch64,0xd0c,arm,4,4,,16.8,3.14.6,CPython,1,forkserver,2.5.3,big_payload,big_upper_copy,8,985408,0.8,seconds,big,202,985430,4,8,0,0,0,0,0.0007314607200532919,1.0,0.12361270883639122,0.4067901280154144,0.8199456589682103,0.0,0.08789837499989517,0.006649765997281065,0.04921094000019366,0.18675303800046095,0.14583941599994432,1.9808507900015684,0.196170;0.184587;0.186753,0.145839;0.142894;0.149433,1.980851,multiprocessing,threading,2026-10-03T12:24:16+00:00
R4-00746,R4,t2a-standard-4,Linux,6.1.0-53-cloud-arm64,aarch64,0xd0c,arm,4,4,,16.8,3.14.6,CPython,1,forkserver,2.5.3,io,io_sleep_return_payload,378,6881,0.3,seconds,normal,740,6904,4,2,0,1,1,0,0.0004353505826657056,0.013615216317141087,0.1565475768024858,0.013829084292515887,1.9179749263872055,0.0,0.07689149199995882,0.0006678959925920935,0.08036898499995004,0.32110826000007364,0.16111829500005115,0.2520466679998208,0.321108;0.321295;0.320882,0.161118;0.161132;0.161084,0.238903;0.281439;0.252047,,threading,2026-10-03T12:24:19+00:00
R4-00747,R4,t2a-standard-4,Linux,6.1.0-53-cloud-arm64,aarch64,0xd0c,arm,4,4,,16.8,3.14.6,CPython,1,forkserver,2.5.3,tiny,tiny_add,218,74,0.0,seconds,normal,200000,93,4,4,0,1,0,0,1.455139895369939e-07,1.0,2.41419104537731,26.06106803532939,0.43169009375183465,0.0,0.00460585299970262,0.0028395730205375003,0.04781759300021804,0.015538708999883966,0.024207083999499446,0.078443573000186,0.015060;0.015757;0.015539,0.025241;0.024071;0.024207,0.067834;0.083255;0.078444,,sequential,2026-10-03T12:24:20+00:00
R4-00748,R4,t2a-standard-4,Linux,6.1.0-53-cloud-arm64,aarch64,0xd0c,arm,4,4,,16.8,3.14.6,CPython,1,forkserver,2.5.3,big_payload,big_checksum_head,662,1526325,0.8,seconds,big,131,1526347.85,4,8,1,1,0,0,2.1435687614257404e-05,1.0,0.4538031969281631,10.359350447554108,0.6349551338639627,0.0,0.006541464000292763,0.004730821996417944,0.052075005999540736,0.00269992099947558,0.003232887999729428,0.17336998700011463,0.002704;0.002678;0.002700,0.003743;0.003083;0.003233,0.173370,,sequential,2026-10-03T12:24:21+00:00
R4-00749,R4,t2a-standard-4,Linux,6.1.0-53-cloud-arm64,aarch64,0xd0c,arm,4,4,,16.8,3.14.6,CPython,1,forkserver,2.5.3,cpu,cpu_count_primes,3621,76,0.8,ms,normal,8,96,4,2,2,4,0,0,0.004208067999873795,1.0,0.03424942236555187,0.0022719847951565113,3.3015483089062196,0.0,0.017333503999907407,0.0007496270000046934,0.08036898499995004,0.019494215000122495,0.020128991999627033,0.011292765000689542,0.019480;0.019494;0.019752,0.020197;0.020065;0.020129,0.011394;0.011293;0.011154,,multiprocessing,2026-10-03T12:24:22+00:00
R4-00750,R4,t2a-standard-4,Linux,6.1.0-53-cloud-arm64,aarch64,0xd0c,arm,4,4,,16.8,3.14.6,CPython,1,forkserver,2.5.3,recursive,rec_fib,25170,895156,0.8,seconds,big,223,895179,4,4,0,4,0,0,0.0025969167500079493,0.999965831540844,0.6145552268374027,0.051554964171181314,0.7845506353716721,0.0,0.12344396600019536,0.00346222600001056,0.04781759300021804,0.6246149969992985,0.6298771900001157,0.23768342299990763,0.624502;0.624649;0.624615,0.630411;0.629239;0.629877,0.241813;0.237683;0.229925,,multiprocessing,2026-10-03T12:24:28+00:00
R4-00751,R4,t2a-standard-4,Linux,6.1.0-53-cloud-arm64,aarch64,0xd0c,arm,4,4,,16.8,3.14.6,CPython,1,forkserver,2.5.3,gil_release,gil_numpy_matmul,627,6941,0.3,ms,normal,8,6964,4,8,0,2,0,1,0.018008569333687774,0.999575278101963,0.11124217148968872,0.0008078376235285647,1.101903614595953,0.0,0.1019756840005357,0.00027574499927141005,0.052075005999540736,0.1616438199998811,0.06220485599988024,0.05718709599932481,0.161408;0.161644;0.161844,0.056436;0.062205;0.064035,0.167609;0.055256;0.057187,,multiprocessing,2026-10-03T12:24:29+00:00
R4-00752,R4,t2a-standard-4,Linux,6.1.0-53-cloud-arm64,aarch64,0xd0c,arm,4,4,,16.8,3.14.6,CPython,1,forkserver,2.5.3,gil_release,gil_zlib,1,127477,0.3,seconds,big,1568,127499,4,4,1,1,0,1,0.0030327449411582646,0.999997925653401,0.008881188366109339,0.006720178744859843,1.8944030581306357,0.0,0.07945766100056062,0.0006490970008599106,0.04781759300021804,4.693284133999441,1.2589634959995237,1.2541827640006886,4.686356;4.693284;4.705806,1.260292;1.258963;1.258058,1.265156;1.252770;1.254183,,multiprocessing,2026-10-03T12:24:52+00:00
R4-00753,R4,t2a-standard-4,Linux,6.1.0-53-cloud-arm64,aarch64,0xd0c,arm,4,4,,16.8,3.14.6,CPython,1,forkserver,2.5.3,mixed,mixed_json_roundtrip,5,3139,0.0,ms,normal,128,3161,4,4,1,1,1,0,0.00025315984379403744,0.7862480895748248,0.0860024732026614,0.021972284491200512,1.155610845108374,0.0,0.015515573999437038,0.0003955129977839533,0.04781759300021804,0.030900097000085225,0.027989573999548156,0.014086695000514737,0.030842;0.031196;0.030900,0.027990;0.028361;0.025757,0.014087;0.022893;0.011011,,multiprocessing,2026-10-03T12:24:53+00:00
R4-00754,R4,t2a-standard-4,Linux,6.1.0-53-cloud-arm64,aarch64,0xd0c,arm,4,4,,16.8,3.14.6,CPython,1,forkserver,2.5.3,tiny,tiny_dict_lookup,32,32,0.8,ms,normal,7801,51,4,2,0,1,0,0,2.5366000838216563e-07,1.0,0.34730419457410056,15.186666267016621,0.5443841485251244,0.0,0.005429731000731408,0.0032731159844843205,0.08036898499995004,0.0017672670001047663,0.002641820000462758,0.004765517000123509,0.001688;0.001771;0.001767,0.002642;0.002121;0.002645,0.004746;0.004766;0.013114,,sequential,2026-10-03T12:24:54+00:00
R4-00755,R4,t2a-standard-4,Linux,6.1.0-53-cloud-arm64,aarch64,0xd0c,arm,4,4,,16.8,3.14.6,CPython,1,forkserver,2.5.3,algo_rec,algo_flood_fill,1,21,0.0,ms,normal,204,40,4,8,3,10,0,0,0.0003620348234999612,1.0,0.6573830381812981,0.011491574221210853,1.064620151353887,0.0,0.03648323600009462,0.00041267500182584627,0.052075005999540736,0.0705492189999859,0.07498695100002806,0.02991196899984061,0.070542;0.071316;0.070549,0.074841;0.075023;0.074987,0.029912;0.044484;0.024606,,multiprocessing,2026-10-03T12:24:55+00:00
R4-00756,R4,t2a-standard-4,Linux,6.1.0-53-cloud-arm64,aarch64,0xd0c,arm,4,4,,16.8,3.14.6,CPython,1,forkserver,2.5.3,mixed,mixed_compute_then_sleep,28112,543,0.8,seconds,normal,229,566,4,8,1,3,1,0,0.0021771789130149914,0.7127232383658625,0.41259089166889823,0.0021350335078230837,1.3615750538205975,0.0,0.08639697400030855,0.0004123170010643662,0.052075005999540736,0.4873557900000378,0.3570996259995809,0.1055122259995187,0.487356;0.487800;0.487115,0.355629;0.357614;0.357100,0.109181;0.099444;0.105512,,multiprocessing,2026-10-03T12:24:58+00:00
R4-00757,R4,t2a-standard-4,Linux,6.1.0-53-cloud-arm64,aarch64,0xd0c,arm,4,4,,16.8,3.14.6,CPython,1,forkserver,2.5.3,algo_rec,algo_sudoku,11,185555,0.8,seconds,big,1077,185577,4,8,3,28,0,0,0.008751413833427554,0.9997980808039595,0.731985074613477,0.00539082417652024,0.6205393705364624,0.0,0.14900882999972964,0.0005077629994048038,0.052075005999540736,10.438139251999928,10.598110436999377,2.8514572270005374,10.446174;10.438139;10.434409,10.600385;10.598110;10.595245,2.851457;2.863438;2.842026,,multiprocessing,2026-10-03T12:26:11+00:00
R4-00758,R4,t2a-standard-4,Linux,6.1.0-53-cloud-arm64,aarch64,0xd0c,arm,4,4,,16.8,3.14.6,CPython,1,forkserver,2.5.3,recursive,rec_nqueens,2,64,0.0,ms,normal,93,83,4,8,1,10,0,0,0.0003194643043215088,1.0,0.032255811574207816,0.013429512881094344,0.9424629276223037,0.0,0.015557455999442027,0.0003646239993031486,0.052075005999540736,0.02931166599955759,0.03046946799986472,0.03775506100009807,0.029273;0.029312;0.029783,0.030469;0.030629;0.029876,0.050882;0.037755;0.025863,,sequential,2026-10-03T12:26:12+00:00
R4-00759,R4,t2a-standard-4,Linux,6.1.0-53-cloud-arm64,aarch64,0xd0c,arm,4,4,,16.8,3.14.6,CPython,1,forkserver,2.5.3,recursive,rec_tree_sum,269,216024,0.0,seconds,big,925,216047,4,2,0,4,0,0,0.00012732429000937952,1.0,0.032820368820672845,0.27255129427579333,0.9769557894069978,0.0,0.06093476699970779,0.0012787290070264135,0.08036898499995004,0.11802422199980356,0.1203572879994681,0.14125091499954578,0.118024;0.117700;0.118613,0.120556;0.120357;0.120246,0.140320;0.141251;0.142762,,sequential,2026-10-03T12:26:14+00:00
R4-00760,R4,t2a-standard-4,Linux,6.1.0-53-cloud-arm64,aarch64,0xd0c,arm,4,4,,16.8,3.14.6,CPython,1,forkserver,2.5.3,numpy,np_fft,1025,1432590,0.3,ms,big,24,1432613,4,2,0,0,0,1,0.0016453018329229963,1.0,0.04156492902653338,0.12712642086343165,1.2884841534987466,0.0,0.018960207999953127,0.0014710230025229976,0.08036898499995004,0.037404939999760245,0.020073565999155107,0.03425900000002002,0.037632;0.036956;0.037405,0.021914;0.020040;0.020074,0.087166;0.034259;0.033508,,threading,2026-10-03T12:26:15+00:00
R4-00761,R4,t2a-standard-4,Linux,6.1.0-53-cloud-arm64,aarch64,0xd0c,arm,4,4,,16.8,3.14.6,CPython,1,forkserver,2.5.3,numpy,np_linalg_solve,60,116,0.8,ms,normal,231,135,4,4,0,3,0,1,9.901045610093748e-05,1.0,0.4882958970448561,0.03854390982214592,0.6781193128071971,0.0,0.014798633999816957,0.001054752002346504,0.04781759300021804,0.021670153999366448,0.03065018199959013,0.013171080999200058,0.021177;0.021670;0.021856,0.030866;0.030594;0.030650,0.074910;0.013171;0.006401,,multiprocessing,2026-10-03T12:26:16+00:00
R4-00762,R4,t2a-standard-4,Linux,6.1.0-53-cloud-arm64,aarch64,0xd0c,arm,4,4,,16.8,3.14.6,CPython,1,forkserver,2.5.3,cpu,cpu_sum_squares,134898,34,0.0,seconds,normal,40,56,4,4,1,2,0,0,0.009688002333253584,0.9999866687475673,0.0024714708041338076,0.0007377338022945323,0.9864205299829523,0.0,0.11732434199984709,0.00025825700049608713,0.04781759300021804,0.3899165169996195,0.3954261580001912,0.11626003299988952,0.389429;0.391065;0.389917,0.393736;0.395426;0.396721,0.116034;0.121971;0.116260,,multiprocessing,2026-10-03T12:26:19+00:00
R4-00763,R4,t2a-standard-4,Linux,6.1.0-53-cloud-arm64,aarch64,0xd0c,arm,4,4,,16.8,3.14.6,CPython,1,forkserver,2.5.3,big_result,result_matrix_lists,168,128682,0.3,seconds,big,685,128704,4,4,2,5,0,0,0.003589974428710515,0.9994255102925297,0.43055579391552484,0.21620277358805662,1.09087950400581,0.0,0.10808740999982547,0.01112553199800459,0.04781759300021804,2.809227006000583,2.8545024340000964,1.7659839989992179,2.854375;2.800997;2.809227,2.870058;2.847371;2.854502,1.615713;1.841401;1.765984,,multiprocessing,2026-10-03T12:26:43+00:00
R4-00764,R4,t2a-standard-4,Linux,6.1.0-53-cloud-arm64,aarch64,0xd0c,arm,4,4,,16.8,3.14.6,CPython,1,forkserver,2.5.3,algo_iter,algo_kmeans,270,111579,0.3,seconds,big,144,111601.5,4,4,3,15,0,0,0.0054217015997892306,0.9996603756605241,0.1613601621119148,0.0038772698675344263,1.0057627723140994,0.0,0.10675032000017382,0.00043634800204017665,0.04781759300021804,0.7975414259999525,0.8052652139995189,0.22822080199966877,0.796242;0.800628;0.797541,0.805265;0.805476;0.805043,0.236617;0.228221;0.216988,,multiprocessing,2026-10-03T12:26:49+00:00
R4-00765,R4,t2a-standard-4,Linux,6.1.0-53-cloud-arm64,aarch64,0xd0c,arm,4,4,,16.8,3.14.6,CPython,1,forkserver,2.5.3,big_payload,big_checksum_head,557,2411123,0.0,ms,big,82,2411146,4,2,1,1,0,0,1.9693299918799312e-05,1.0,0.3929431863438111,18.324983693665992,0.4892169102628288,0.0,0.008750127999519464,0.007496206001633254,0.08036898499995004,0.0014124509998509893,0.0017419130008420325,0.12616919599986431,0.001415;0.001411;0.001412,0.001776;0.001650;0.001742,0.126169,,sequential,2026-10-03T12:26:50+00:00
R4-00766,R4,t2a-standard-4,Linux,6.1.0-53-cloud-arm64,aarch64,0xd0c,arm,4,4,,16.8,3.14.6,CPython,1,forkserver,2.5.3,big_result,result_sorted_pairs,275,786291,0.0,seconds,big,254,786314,4,8,1,4,0,0,0.00011360041268441516,0.9983091444275205,0.349851933422658,1.4395246997154563,1.04954163312125,0.0,0.017590619999282353,0.0036079109995625913,0.052075005999540736,0.02936773900000844,0.030400486999496934,0.1278055470002073,0.037893;0.029368;0.028071,0.030400;0.030024;0.031827,0.129116;0.126904;0.127806,,sequential,2026-10-03T12:26:52+00:00
R4-00767,R4,t2a-standard-4,Linux,6.1.0-53-cloud-arm64,aarch64,0xd0c,arm,4,4,,16.8,3.14.6,CPython,1,forkserver,2.5.3,algo_rec,algo_flood_fill,2,48,0.3,ms,normal,35,67,4,4,3,10,0,0,0.00034876262486704945,1.0,0.4215272877519452,0.016129523702860814,0.7879051393053147,0.0,0.0068136399995637476,0.000243895001403871,0.04781759300021804,0.014640104999671166,0.015448916999957873,0.007680056000026525,0.014346;0.014640;0.014699,0.015088;0.015449;0.015857,0.005246;0.007680;0.015953,,multiprocessing,2026-10-03T12:26:53+00:00
R4-00768,R4,t2a-standard-4,Linux,6.1.0-53-cloud-arm64,aarch64,0xd0c,arm,4,4,,16.8,3.14.6,CPython,1,forkserver,2.5.3,big_result,result_matrix_lists,28,474,0.8,seconds,normal,16296,496,4,2,2,5,0,0,0.0001254275954609205,0.999826906412612,0.9389755907837517,0.27156902694718565,0.9879352333397271,0.0,0.10231328300051246,0.001578461006829457,0.08036898499995004,2.3311344140001893,2.343811634999838,1.8743260119999832,2.287043;2.331134;2.382397,2.343812;2.399743;2.305884,2.018576;1.874326;1.763894,,multiprocessing,2026-10-03T12:27:13+00:00
R4-00769,R4,t2a-standard-4,Linux,6.1.0-53-cloud-arm64,aarch64,0xd0c,arm,4,4,,16.8,3.14.6,CPython,1,forkserver,2.5.3,big_result,result_matrix_lists,230,1767054,0.3,seconds,big,43,1767076.4285714286,4,4,2,5,0,0,0.008306369285881894,0.999804186482149,0.262495257721315,0.23212123708260776,1.0358528296946625,0.5,0.12826467000013508,0.013735367999288428,0.04781759300021804,0.31842655899981764,0.3214119570002367,0.17212653499973385,0.318427;0.316986;0.333042,0.321412;0.320965;0.322827,0.172127;0.169135;0.182849,,multiprocessing,2026-10-03T12:27:16+00:00
R4-00770,R4,t2a-standard-4,Linux,6.1.0-53-cloud-arm64,aarch64,0xd0c,arm,4,4,,16.8,3.14.6,CPython,1,forkserver,2.5.3,tiny,tiny_small_loop,44,53,0.0,ms,normal,6542,72,4,4,0,0,0,0,5.064489339412096e-07,1.0,1.2052977907187044,7.495721373648352,0.6642549907214652,0.0,0.005606704000456375,0.0028972249929211102,0.04781759300021804,0.0032574790002399823,0.004310983999857854,0.019451031999778934,0.003288;0.003257;0.003197,0.004374;0.004280;0.004311,0.019451,,sequential,2026-10-03T12:27:17+00:00
R4-00771,R4,t2a-standard-4,Linux,6.1.0-53-cloud-arm64,aarch64,0xd0c,arm,4,4,,16.8,3.14.6,CPython,1,forkserver,2.5.3,io,io_sleep_return_payload,9739,61147,0.0,seconds,normal,98,61170,4,8,0,1,1,0,0.009809574333303317,0.001139503048931737,0.00031186012204968623,0.0019159342955000953,1.9708837626330404,0.0,0.08911321599953226,0.0003226999997423263,0.052075005999540736,0.9621440640003129,0.13794445599978644,0.1941361239996695,0.962144,0.138009;0.137921;0.137944,0.200812;0.194136;0.179831,,threading,2026-10-03T12:27:19+00:00
R4-00772,R4,t2a-standard-4,Linux,6.1.0-53-cloud-arm64,aarch64,0xd0c,arm,4,4,,16.8,3.14.6,CPython,1,forkserver,2.5.3,big_result,result_matrix_lists,39,1308,0.0,ms,normal,273,1330,4,2,2,5,0,0,0.00020423364701534463,1.0,0.28066698786407884,0.24626206659741198,0.9419435866335003,0.0,0.0300771510001141,0.001358321002953744,0.08036898499995004,0.05557530299938662,0.05881481999949756,0.05172410700015462,0.056820;0.055575;0.054869,0.059421;0.058815;0.057501,0.058786;0.046148;0.051724,,multiprocessing,2026-10-03T12:27:21+00:00
R4-00773,R4,t2a-standard-4,Linux,6.1.0-53-cloud-arm64,aarch64,0xd0c,arm,4,4,,16.8,3.14.6,CPython,1,forkserver,2.5.3,io,io_file_roundtrip,4,169208,0.3,ms,big,8,169230,4,8,1,0,1,0,0.008369734666909304,0.14107893662906063,0.26105489762166434,0.002980739678662379,1.31507679052847,0.0,0.04246425899964379,0.0002925789985965821,0.052075005999540736,0.06389724100063177,0.019476303000374173,0.01601153199953842,0.063418;0.064292;0.063897,0.019476;0.026182;0.014776,0.016012;0.030342;0.015680,,multiprocessing,2026-10-03T12:27:21+00:00
R4-00774,R4,t2a-standard-4,Linux,6.1.0-53-cloud-arm64,aarch64,0xd0c,arm,4,4,,16.8,3.14.6,CPython,1,forkserver,2.5.3,big_payload,big_reverse,4,1402553,0.3,seconds,big,142,1402575,4,2,0,0,0,0,0.0011971456000537729,1.0,0.0807611830551775,0.3606563395209765,1.351236204565919,0.0,0.08220485100082442,0.008987620998595958,0.08036898499995004,0.17382502700002078,0.16598441699989053,1.8943756899998334,0.178875;0.169181;0.173825,0.167201;0.165026;0.165984,1.894376,multiprocessing,threading,2026-10-03T12:27:26+00:00
R4-00775,R4,t2a-standard-4,Linux,6.1.0-53-cloud-arm64,aarch64,0xd0c,arm,4,4,,16.8,3.14.6,CPython,1,forkserver,2.5.3,text,text_format_report,51,643421,0.0,seconds,big,310,643443,4,4,1,2,0,0,6.707832469512685e-05,1.0,0.06869473342747752,1.6780502566618791,0.9189091740323696,25.0,0.014187969999511552,0.0033197569982803543,0.04781759300021804,0.020102125000448723,0.021028420999755326,0.15318082300018432,0.020102;0.020240;0.019867,0.021028;0.021030;0.020697,0.153181,,sequential,2026-10-03T12:27:27+00:00
R4-00776,R4,t2a-standard-4,Linux,6.1.0-53-cloud-arm64,aarch64,0xd0c,arm,4,4,,16.8,3.14.6,CPython,1,forkserver,2.5.3,io,io_sleep_chunks,2491,572283,0.0,seconds,big,349,572306,4,8,1,1,1,0,0.0027428525262573537,0.007512734749125173,0.002694944016628892,0.028682567424417493,1.8615630780379206,14.9,0.08198914500007959,0.0017961470011869096,0.052075005999540736,0.95902649799973,0.12177681299999676,0.1610874750003859,0.959026,0.122047;0.121777;0.121477,0.162036;0.161056;0.161087,,threading,2026-10-03T12:27:30+00:00
R4-00777,R4,t2a-standard-4,Linux,6.1.0-53-cloud-arm64,aarch64,0xd0c,arm,4,4,,16.8,3.14.6,CPython,1,forkserver,2.5.3,text,text_csv_parse,2,109,0.0,ms,normal,425,128,4,8,2,3,0,0,0.00019677472638026953,1.0,0.04515934736549398,0.019586865152996537,0.9637129806407972,0.0,0.04366203500012489,0.0011310260042591835,0.052075005999540736,0.08324846800041996,0.0873625929998525,0.028126750999945216,0.084095;0.083248;0.082630,0.089079;0.087363;0.086694,0.028127;0.027538;0.031390,,multiprocessing,2026-10-03T12:27:31+00:00
R4-00778,R4,t2a-standard-4,Linux,6.1.0-53-cloud-arm64,aarch64,0xd0c,arm,4,4,,16.8,3.14.6,CPython,1,forkserver,2.5.3,big_result,result_long_string,216,34,0.0,ms,normal,470,53,4,4,1,1,0,0,4.8207649606955136e-05,1.0,0.08881266948325191,0.10899411241518724,0.9422856717537379,0.0,0.012769516999469488,0.001056781995430356,0.04781759300021804,0.022837794999759353,0.02337474599971756,0.11110030899999401,0.022705;0.022838;0.023098,0.023375;0.023529;0.023337,0.111100;0.156512;0.086510,,sequential,2026-10-03T12:27:32+00:00
R4-00779,R4,t2a-standard-4,Linux,6.1.0-53-cloud-arm64,aarch64,0xd0c,arm,4,4,,16.8,3.14.6,CPython,1,forkserver,2.5.3,text,text_regex_findall,15,192,0.8,seconds,normal,3218,211,4,2,1,1,0,0,0.0001937254030631865,1.0,0.4354406849780423,0.020194821762142722,1.038728219887436,0.5,0.09889745199961908,0.0007013640088189277,0.04219237699999212,0.5738941330000671,0.5992194829996151,0.28696351100006723,0.573908;0.573894;0.571469,0.599796;0.599219;0.594990,0.289143;0.286242;0.286964,,multiprocessing,2026-10-03T12:27:37+00:00
R4-00780,R4,t2a-standard-4,Linux,6.1.0-53-cloud-arm64,aarch64,0xd0c,arm,4,4,,16.8,3.14.6,CPython,1,forkserver,2.5.3,algo_rec,algo_flood_fill,6,1849083,0.3,seconds,big,108,1849105,4,8,3,10,0,0,0.00264498399998334,1.0,0.2919268320298422,0.11763330535279741,1.4832284593297096,0.0,0.09057024999947316,0.006229962999896088,0.052075005999540736,0.24817472100039595,0.2568187670003681,0.1598301750000246,0.247517;0.248175;0.248470,0.256022;0.256819;0.267797,0.159830;0.160078;0.152788,,multiprocessing,2026-10-03T12:27:41+00:00
R4-00781,R4,t2a-standard-4,Linux,6.1.0-53-cloud-arm64,aarch64,0xd0c,arm,4,4,,16.8,3.14.6,CPython,1,forkserver,2.5.3,numpy,np_elementwise,20464,283,0.3,seconds,normal,531,306,4,8,0,4,0,0,0.001000505380143295,0.9998252804650758,0.14992281296759985,0.004298077766498748,1.8938251215578707,0.0,0.07773623999946722,0.001113744991926069,0.052075005999540736,0.5229821550001361,0.22796938800001953,0.14711521700064623,0.519922;0.529759;0.522982,0.233477;0.227969;0.223816,0.147115;0.171015;0.146085,,multiprocessing,2026-10-03T12:27:44+00:00
R4-00782,R4,t2a-standard-4,Linux,6.1.0-53-cloud-arm64,aarch64,0xd0c,arm,4,4,,16.8,3.14.6,CPython,1,forkserver,2.5.3,algo_rec,algo_flood_fill,27,756705,0.8,seconds,big,38,756727,4,8,3,10,0,0,0.010751819800134399,1.0,0.3086984477975613,0.010108632969172639,0.8678355412755898,0.0,0.11177288399994723,0.0007678849997319048,0.052075005999540736,0.41270671199981734,0.4255620639996778,0.1381976120001127,0.412707;0.414201;0.412393,0.425562;0.423871;0.425630,0.135522;0.138200;0.138198,,multiprocessing,2026-10-03T12:27:48+00:00
R4-00783,R4,t2a-standard-4,Linux,6.1.0-53-cloud-arm64,aarch64,0xd0c,arm,4,4,,16.8,3.14.6,CPython,1,forkserver,2.5.3,recursive,rec_quicksort,1024,576906,0.3,seconds,big,346,576929,4,4,1,8,0,0,0.0013264611052124422,1.0,0.22974569943284015,0.0594910017146494,0.9771522318743064,0.5,0.10412458999962837,0.0018956670010084054,0.04781759300021804,0.4633976060003988,0.4741133269999409,0.18860737100021652,0.463008;0.463398;0.466766,0.476068;0.473297;0.474113,0.177270;0.188607;0.194472,,multiprocessing,2026-10-03T12:27:52+00:00
R4-00784,R4,t2a-standard-4,Linux,6.1.0-53-cloud-arm64,aarch64,0xd0c,arm,4,4,,16.8,3.14.6,CPython,1,forkserver,2.5.3,text,text_split_count,7,125,0.8,ms,normal,264,144,4,4,1,1,0,0,5.693048485750985e-05,1.0,0.3795992761373475,0.06731455076728737,0.8675913889142985,0.0,0.008539724000002025,0.0003849830000035581,0.04781759300021804,0.015480636999200215,0.016218638000282226,0.01816474899987952,0.015237;0.015512;0.015481,0.016219;0.016336;0.016155,0.018993;0.015336;0.018165,,sequential,2026-10-03T12:27:53+00:00
R4-00785,R4,t2a-standard-4,Linux,6.1.0-53-cloud-arm64,aarch64,0xd0c,arm,4,4,,16.8,3.14.6,CPython,1,forkserver,2.5.3,big_result,result_matrix_lists,145,625,0.3,seconds,normal,688,647,4,4,2,5,0,0,0.002689554000091065,1.0,0.3732824889670412,0.2081112411488963,0.89082913282576,0.0,0.11745467899982032,0.010932739997770113,0.04781759300021804,2.025201911000295,2.05012293999971,1.1511120610002763,2.022467;2.035292;2.025202,2.128398;2.046130;2.050123,1.151112;1.191286;1.127831,,multiprocessing,2026-10-03T12:28:09+00:00
R4-00786,R4,t2a-standard-4,Linux,6.1.0-53-cloud-arm64,aarch64,0xd0c,arm,4,4,,16.8,3.14.6,CPython,1,forkserver,2.5.3,gil_release,gil_bz2,242,300000,0.3,seconds,big,14,300022.3333333333,4,8,0,1,0,1,0.031186248666623822,0.9999962915158715,0.20969662051229326,0.0017495745368632692,1.2216285804768672,0.0,0.15979800100012653,0.0008520070005033631,0.052075005999540736,0.4604305729999396,0.129841151000619,0.14184536399989156,0.461097;0.460431;0.456675,0.129841;0.126850;0.133880,0.141845;0.143746;0.133921,,threading,2026-10-03T12:28:12+00:00
R4-00787,R4,t2a-standard-4,Linux,6.1.0-53-cloud-arm64,aarch64,0xd0c,arm,4,4,,16.8,3.14.6,CPython,1,forkserver,2.5.3,recursive,rec_tree_sum,417,37,0.3,seconds,normal,2076,57,4,8,0,4,0,0,0.00014496274124751855,1.0,0.30931082448644004,0.027719191300338803,0.9542101239550999,0.0,0.1031630329998734,0.0008444460108876228,0.052075005999540736,0.3012037739999869,0.3091976209998393,0.09675767400040058,0.298763;0.301204;0.307421,0.309198;0.310226;0.308043,0.089768;0.096758;0.097321,,multiprocessing,2026-10-03T12:28:15+00:00
R4-00788,R4,t2a-standard-4,Linux,6.1.0-53-cloud-arm64,aarch64,0xd0c,arm,4,4,,16.8,3.14.6,CPython,1,forkserver,2.5.3,gil_release,gil_sha256,8,4575,0.8,ms,normal,5791,4597,4,2,1,1,0,1,2.6238290935455654e-05,1.0,0.48389610324338456,0.18569235441445947,0.4577385132740558,0.0,0.12394279500040284,0.0024408090166616603,0.04219237699999212,0.15387062999980117,0.3192591300003187,0.0960315209995315,0.153197;0.153871;0.154032,0.324134;0.319259;0.308183,0.091996;0.096032;0.105940,,multiprocessing,2026-10-03T12:28:18+00:00
R4-00789,R4,t2a-standard-4,Linux,6.1.0-53-cloud-arm64,aarch64,0xd0c,arm,4,4,,16.8,3.14.6,CPython,1,forkserver,2.5.3,db,db_file_lookup,165,40,0.8,ms,normal,35,59.25,4,8,1,5,1,0,0.0017179070000565844,1.0,0.31603580280239807,0.003099920500565632,0.15146911968472548,0.0,0.10447564200057968,0.0013311920001797262,0.052075005999540736,0.053417023999827506,1.2317084250034895,0.04634168500069791,0.053417,1.231708,0.046342,threading,multiprocessing,2026-10-03T12:28:20+00:00
R4-00790,R4,t2a-standard-4,Linux,6.1.0-53-cloud-arm64,aarch64,0xd0c,arm,4,4,,16.8,3.14.6,CPython,1,forkserver,2.5.3,text,text_format_report,177,252718,0.8,seconds,big,791,252740.1,4,8,1,2,0,0,0.00022501341114492866,1.0,0.45839822616308845,0.395224220840291,0.9001491898844406,0.0,0.0972024180000517,0.0033540580043336377,0.104833743999734,0.18654561399944214,0.18485342600069998,0.14916524900036165,0.182016;0.186864;0.186546,0.184861;0.184574;0.184853,0.169964;0.149165;0.147799,,multiprocessing,2026-10-03T12:28:23+00:00
R4-00791,R4,t2a-standard-4,Linux,6.1.0-53-cloud-arm64,aarch64,0xd0c,arm,4,4,,16.8,3.14.6,CPython,1,forkserver,2.5.3,text,text_split_count,10,162,0.3,seconds,normal,33375,181,4,4,1,1,0,0,0.00010263046298088978,1.0,0.16031925742258363,0.039405942182359016,0.9720461940357139,0.5,0.10315087100025266,0.0017402529911123565,0.046888046999811195,3.394557944000553,3.491002273999584,0.8740986050006541,3.385002;3.396012;3.394558,3.505166;3.491002;3.478259,0.874099;0.879659;0.869502,,multiprocessing,2026-10-03T12:28:47+00:00
R4-00792,R4,t2a-standard-4,Linux,6.1.0-53-cloud-arm64,aarch64,0xd0c,arm,4,4,,16.8,3.14.6,CPython,1,forkserver,2.5.3,mixed,mixed_compute_then_sleep,18982,416,0.0,seconds,normal,2206,439,4,8,1,3,1,0,0.0014659445998924118,0.7046565970738388,0.01009976502964673,0.0030111983752163286,1.3373359409931855,0.0,0.09060155699989991,0.0008863640032359399,0.104833743999734,3.2264159280002787,2.3649838259998432,0.5877605140003652,3.226416,2.360742;2.364984;2.369963,0.588068;0.586900;0.587761,,multiprocessing,2026-10-03T12:28:59+00:00
R4-00793,R4,t2a-standard-4,Linux,6.1.0-53-cloud-arm64,aarch64,0xd0c,arm,4,4,,16.8,3.14.6,CPython,1,forkserver,2.5.3,big_payload,big_upper_copy,4,107274,0.3,ms,big,1864,107296,4,2,0,0,0,0,0.00010437839485586485,0.999685460301756,0.09154202916915093,0.32592616685990455,0.9719678382726804,0.0,0.1010432060002131,0.0021014609974372433,0.04310878100022819,0.17800915999941935,0.17309270299938362,1.994927104998169,0.198985;0.178009;0.169948,0.201652;0.172586;0.173093,1.994927,multiprocessing,threading,2026-10-03T12:29:04+00:00
R4-00794,R4,t2a-standard-4,Linux,6.1.0-53-cloud-arm64,aarch64,0xd0c,arm,4,4,,16.8,3.14.6,CPython,1,forkserver,2.5.3,mixed,mixed_parse_lines,6,3499,0.0,seconds,normal,324,3521,4,8,2,3,1,0,0.0011162317333502062,0.901077776549668,0.012037156153938812,0.00422694484011998,1.0501545226531959,0.0,0.09920683400014241,0.0010999329997503082,0.104833743999734,0.36064566699951683,0.3426556009999331,0.09632268699988344,0.360646;0.360446;0.362804,0.342656;0.343660;0.342191,0.096323;0.095089;0.096849,,multiprocessing,2026-10-03T12:29:08+00:00
R4-00795,R4,t2a-standard-4,Linux,6.1.0-53-cloud-arm64,aarch64,0xd0c,arm,4,4,,16.8,3.14.6,CPython,1,forkserver,2.5.3,algo_iter,algo_dijkstra,3357,614992,0.8,seconds,big,88,615015,4,2,2,15,0,0,0.010453621800297696,0.9997010313714149,0.4860721088248942,0.008947367889392063,0.6167526841297474,0.0,0.12640078799995536,0.0019111729980068048,0.042214185999910114,0.906643508000343,0.9505051599999206,0.4670980609998878,0.894437;0.907447;0.906644,0.946181;0.950505;0.963906,0.467098;0.462954;0.471105,,multiprocessing,2026-10-03T12:29:15+00:00
R4-00796,R4,t2a-standard-4,Linux,6.1.0-53-cloud-arm64,aarch64,0xd0c,arm,4,4,,16.8,3.14.6,CPython,1,forkserver,2.5.3,algo_rec,algo_merge_sort,244,910336,0.3,seconds,big,219,910358.3,4,2,1,10,0,0,0.00041529433331190913,1.0,0.20412627204701644,0.3560872083519332,0.9627191676997613,0.5,0.05026112399991689,0.004427569001563825,0.042214185999910114,0.09033625000029133,0.09343591499964532,0.15433250099977158,0.089814;0.090336;0.090636,0.093436;0.092406;0.093961,0.163748;0.154333;0.153843,,sequential,2026-10-03T12:29:18+00:00
R4-00797,R4,t2a-standard-4,Linux,6.1.0-53-cloud-arm64,aarch64,0xd0c,arm,4,4,,16.8,3.14.6,CPython,1,forkserver,2.5.3,algo_iter,algo_kmeans,310,21,0.0,ms,normal,25,41,4,2,3,15,0,0,0.006273014333298003,1.0,0.009460384341526615,0.0013529380583035722,0.9676982714046551,0.0,0.07802010199975484,0.0015623129993400653,0.042214185999910114,0.15623189300004015,0.16056884400040872,0.08151405799981148,0.156232;0.156285;0.155928,0.160569;0.160366;0.160971,0.082117;0.081466;0.081514,,multiprocessing,2026-10-03T12:29:19+00:00
R4-00798,R4,t2a-standard-4,Linux,6.1.0-53-cloud-arm64,aarch64,0xd0c,arm,4,4,,16.8,3.14.6,CPython,1,forkserver,2.5.3,gil_release,gil_sha256,940,257739,0.0,seconds,big,31,257762,4,8,1,1,0,1,0.13513611033340567,0.9998973606621786,0.004160974111353434,0.0002982819805658732,1.4946744531798288,0.0,0.6776620260006894,0.0008061990001806407,0.104833743999734,4.20570527199925,1.3872472379998726,1.1164808470002754,4.197697;4.205705;4.211619,1.387247;1.485322;1.336032,1.108134;1.217587;1.116481,,multiprocessing,2026-10-03T12:29:41+00:00
R4-00799,R4,t2a-standard-4,Linux,6.1.0-53-cloud-arm64,aarch64,0xd0c,arm,4,4,,16.8,3.14.6,CPython,1,forkserver,2.5.3,text,text_format_report,106,447,0.3,seconds,normal,51019,469,4,2,1,2,0,0,0.00013657910955883643,1.0,0.1791076924599286,0.028995648920040955,0.9951161906111694,0.0,0.10102901399932307,0.0009246040099242236,0.042214185999910114,6.992077955000241,7.06636107400027,3.426750094000454,6.992078;7.046935;6.955780,6.992938;7.089593;7.066361,3.426750;3.419604;3.431060,,multiprocessing,2026-10-03T12:30:34+00:00
R4-00800,R4,t2a-standard-4,Linux,6.1.0-53-cloud-arm64,aarch64,0xd0c,arm,4,4,,16.8,3.14.6,CPython,1,forkserver,2.5.3,mixed,mixed_compute_then_sleep,104304,64,0.8,ms,normal,8,85.33333333333333,4,2,1,3,1,0,0.00924727133315173,0.7275604224892385,0.43505893681398666,0.00153854393699558,1.725426447198891,0.0,0.04859295700043731,0.00023909000083222054,0.042214185999910114,0.07103200099936657,0.0549490869998408,0.03788337300011335,0.071032;0.071045;0.070919,0.054949;0.054750;0.055320,0.038121;0.037815;0.037883,,multiprocessing,2026-10-03T12:30:35+00:00
R4-00801,R4,t2a-standard-4,Linux,6.1.0-53-cloud-arm64,aarch64,0xd0c,arm,4,4,,16.8,3.14.6,CPython,1,forkserver,2.5.3,text,text_format_report,26,83,0.8,ms,normal,2107,102,4,4,1,2,0,0,3.444789729763098e-05,1.0,0.49712057578094776,0.10543604995748904,1.0083210497146728,0.0,0.03739671099992847,0.0010737210213846993,0.046888046999811195,0.07070606199977192,0.07111183800043364,0.028673888000412262,0.070706;0.070462;0.071230,0.071580;0.070820;0.071112,0.028674;0.028781;0.023014,,multiprocessing,2026-10-03T12:30:36+00:00
R4-00802,R4,t2a-standard-4,Linux,6.1.0-53-cloud-arm64,aarch64,0xd0c,arm,4,4,,16.8,3.14.6,CPython,1,forkserver,2.5.3,algo_iter,algo_dijkstra,82,86,0.0,seconds,normal,9729,105,4,8,2,15,0,0,0.00016781774164144662,1.0,0.03544183170963675,0.022418071150068074,0.9854114881054846,0.0,0.10162406900053611,0.0007335039908866747,0.104833743999734,1.6262312530006966,1.6631928939996214,0.4515016799996374,1.621669;1.626231;1.631316,1.661022;1.663193;1.663631,0.449587;0.454927;0.451502,,multiprocessing,2026-10-03T12:30:48+00:00
R4-00803,R4,t2a-standard-4,Linux,6.1.0-53-cloud-arm64,aarch64,0xd0c,arm,4,4,,16.8,3.14.6,CPython,1,forkserver,2.5.3,numpy,np_elementwise,39884,455645,0.0,ms,big,21,455668,4,4,0,4,0,0,0.0026050114000099713,1.0,0.02076824323373743,0.024992827305787814,1.192696467745893,0.0,0.025065636999897833,0.0011686049992931657,0.046888046999811195,0.05384509600025922,0.01697236800009705,0.028505848000349943,0.053824;0.053845;0.054540,0.018717;0.016784;0.016972,0.078375;0.027627;0.028506,,threading,2026-10-03T12:30:49+00:00
R4-00804,R4,t2a-standard-4,Linux,6.1.0-53-cloud-arm64,aarch64,0xd0c,arm,4,4,,16.8,3.14.6,CPython,1,forkserver,2.5.3,numpy,np_elementwise,7550,159,0.8,seconds,normal,2580,179,4,8,0,4,0,0,0.0003650763869268801,1.0,0.41543300908356595,0.010458496256019975,1.6946232640593744,0.0,0.08006825000029494,0.0006225039915079833,0.104833743999734,0.9374729099999968,0.594203892999758,0.2635937120003291,0.935633;0.937473;0.938898,0.596385;0.594204;0.591183,0.352902;0.263594;0.256127,,multiprocessing,2026-10-03T12:30:55+00:00
R4-00805,R4,t2a-standard-4,Linux,6.1.0-53-cloud-arm64,aarch64,0xd0c,arm,4,4,,16.8,3.14.6,CPython,1,forkserver,2.5.3,mixed,mixed_hash_then_write,101,2387,0.3,ms,normal,435,2409,4,8,1,3,1,0,0.0003413376388531712,0.24404573451141118,0.1768924751599254,0.013957441005377222,1.8192885681169146,0.0,0.05855963999965752,0.0012447270028133062,0.104833743999734,0.1497229859996878,0.03706819299986819,0.02601133700045466,0.149723,0.036713;0.037068;0.038471,0.025981;0.026011;0.026230,,multiprocessing,2026-10-03T12:30:56+00:00
R4-00806,R4,t2a-standard-4,Linux,6.1.0-53-cloud-arm64,aarch64,0xd0c,arm,4,4,,16.8,3.14.6,CPython,1,forkserver,2.5.3,mixed,mixed_hash_then_write,278,2268,0.3,seconds,normal,3154,2290.8,4,8,1,3,1,0,0.0003383245743063182,0.29274679407214843,0.22560926954218846,0.012668751990694858,1.9499916608354655,0.5,0.07661915200060321,0.0006730650038662134,0.104833743999734,1.0193849889992634,1.0199383580002177,1.030434817999776,1.019385,0.317935;1.019938;1.031070,0.171878;1.030435;1.030858,,sequential,2026-10-03T12:31:02+00:00
R4-00807,R4,t2a-standard-4,Linux,6.1.0-53-cloud-arm64,aarch64,0xd0c,arm,4,4,,16.8,3.14.6,CPython,1,forkserver,2.5.3,cpu,cpu_collatz,169,19,0.0,ms,normal,24,38,4,8,2,5,0,0,0.0005722344999412599,1.0,0.032835651207057774,0.011335970348163941,0.9012047461315325,0.0,0.008092619000308332,0.0008437110000159009,0.104833743999734,0.013542460999815376,0.014108961000601994,0.005378718999963894,0.013413;0.013542;0.013598,0.014109;0.014056;0.014276,0.005811;0.005379;0.004591,,multiprocessing,2026-10-03T12:31:03+00:00
R4-00808,R4,t2a-standard-4,Linux,6.1.0-53-cloud-arm64,aarch64,0xd0c,arm,4,4,,16.8,3.14.6,CPython,1,forkserver,2.5.3,db,db_mem_insert_select,198,194,0.0,seconds,normal,15986,213,4,4,1,1,1,0,0.00029841316665538,1.0,0.08476458037237047,0.012017232062935503,0.32873225648005905,0.0,0.20331157999953575,0.001256445001672546,0.046888046999811195,4.692723789999945,6.676617780000015,1.135323556000003,4.692724,6.676618,1.135324,threading,multiprocessing,2026-10-03T12:31:16+00:00
R4-00809,R4,t2a-standard-4,Linux,6.1.0-53-cloud-arm64,aarch64,0xd0c,arm,4,4,,16.8,3.14.6,CPython,1,forkserver,2.5.3,recursive,rec_quicksort,2068,552,0.8,ms,normal,16,575,4,4,1,8,0,0,0.0029955675001929194,1.0,0.5298619736790361,0.002961125133049342,0.6985043393152354,0.0,0.026016651000645652,0.0014092499995967955,0.08503164299963828,0.048146162999728404,0.04960501500045211,0.020803824999347853,0.048146;0.048020;0.048202,0.049927;0.049274;0.049605,0.020804;0.022604;0.018339,,multiprocessing,2026-10-03T12:31:17+00:00
R4-00810,R4,t2a-standard-4,Linux,6.1.0-53-cloud-arm64,aarch64,0xd0c,arm,4,4,,16.8,3.14.6,CPython,1,forkserver,2.5.3,db,db_file_lookup,49,88,0.0,ms,normal,46,107,4,2,1,5,1,0,0.0005631873636130794,1.0,0.1196472841015658,0.007787171404612917,0.08110582678611421,0.0,0.0813863859993944,0.0014796929999647546,0.044057173000510375,0.024652959999912127,0.03116539299935539,0.028405574000316847,0.024609;0.024653;0.025149,0.031165;0.031193;0.031096,0.028406;0.029626;0.018433,,sequential,2026-10-03T12:31:18+00:00
R4-00811,R4,t2a-standard-4,Linux,6.1.0-53-cloud-arm64,aarch64,0xd0c,arm,4,4,,16.8,3.14.6,CPython,1,forkserver,2.5.3,mixed,mixed_hash_then_write,733,45418,0.0,seconds,normal,4403,45441,4,8,1,3,1,0,0.0003159909873127479,0.3903809380121097,0.14855980789821321,0.03267925455455417,1.8182230980445464,0.0,0.0791086119997999,0.0015291330046238727,0.062115648000144574,1.4907660460003171,1.437962750999759,1.3574449389998335,1.490766;1.521074;1.475165,0.791086;1.438740;1.437963,0.346019;1.357445;1.406897,,multiprocessing,2026-10-03T12:31:31+00:00
R4-00812,R4,t2a-standard-4,Linux,6.1.0-53-cloud-arm64,aarch64,0xd0c,arm,4,4,,16.8,3.14.6,CPython,1,forkserver,2.5.3,big_payload,big_count_byte,1,3279640,0.3,seconds,big,60,3279662,4,2,0,1,0,0,0.0020645034000456993,1.0,0.011372530431369486,0.24232135761412898,0.970821878372097,0.0,0.07091461099935259,0.008060237998506636,0.044057173000510375,0.12361966299977212,0.1251063529998646,0.16171329600001627,0.123397;0.124024;0.123620,0.125455;0.124952;0.125106,0.180233;0.161581;0.161713,,sequential,2026-10-03T12:31:34+00:00
R4-00813,R4,t2a-standard-4,Linux,6.1.0-53-cloud-arm64,aarch64,0xd0c,arm,4,4,,16.8,3.14.6,CPython,1,forkserver,2.5.3,numpy,np_linalg_solve,124,144,0.3,ms,normal,242,163,4,2,0,3,0,1,0.00029030000005150216,1.0,0.282366783628751,0.013379779883710096,0.8413335898044133,24.4,0.039009982000607124,0.0011362389977875864,0.044057173000510375,0.06585026599987032,0.0827531260001706,0.034695274000114296,0.065850;0.065358;0.065929,0.082753;0.081450;0.083266,0.090520;0.034695;0.034515,,multiprocessing,2026-10-03T12:31:35+00:00
R4-00814,R4,t2a-standard-4,Linux,6.1.0-53-cloud-arm64,aarch64,0xd0c,arm,4,4,,16.8,3.14.6,CPython,1,forkserver,2.5.3,cpu,cpu_matmul_lists,11,416604,0.0,ms,big,480,416626,4,4,3,5,0,0,9.942573335592897e-05,1.0,0.048938834365934866,0.6574776748877565,0.9506431329514341,3.0,0.02704960699975345,0.0025063669972951175,0.08503164299963828,0.04730950000066514,0.048559582000052615,0.1418085349996545,0.047310;0.047276;0.047492,0.048615;0.048560;0.048499,0.151859;0.141809;0.139701,,sequential,2026-10-03T12:31:37+00:00
R4-00815,R4,t2a-standard-4,Linux,6.1.0-53-cloud-arm64,aarch64,0xd0c,arm,4,4,,16.8,3.14.6,CPython,1,forkserver,2.5.3,gil_release,gil_sha256,71,4510,0.8,seconds,normal,3121,4532,4,2,1,1,0,1,0.00022249719999510692,0.9998262706226975,0.4816719848196986,0.02068408056921592,0.46292905067246787,0.0,0.15900627199971495,0.001082117000805738,0.044057173000510375,0.7127629839997098,1.5019635620001281,0.3661113320004006,0.713936;0.712763;0.711348,1.501964;1.594245;1.422127,0.365857;0.366210;0.366111,,multiprocessing,2026-10-03T12:31:45+00:00
R4-00816,R4,t2a-standard-4,Linux,6.1.0-53-cloud-arm64,aarch64,0xd0c,arm,4,4,,16.8,3.14.6,CPython,1,forkserver,2.5.3,big_result,result_long_string,24845,940,0.0,seconds,normal,703,963,4,2,1,1,0,0,0.007775494428382704,1.0,0.011803075521130984,0.02086331267045701,0.9738184090524895,0.0,0.11203546700016886,0.0018891420013460447,0.044057173000510375,5.493800389000171,5.31747335,13.24502324399964,5.503376;5.195263;5.493800,5.433113;5.292397;5.317473,13.011588;14.201058;13.245023,,threading,2026-10-03T12:32:58+00:00
R4-00817,R4,t2a-standard-4,Linux,6.1.0-53-cloud-arm64,aarch64,0xd0c,arm,4,4,,16.8,3.14.6,CPython,1,forkserver,2.5.3,cpu,cpu_matmul_lists,4,77,0.8,ms,normal,590,96,4,8,3,5,0,0,1.1886857124273174e-05,1.0,0.8468850969947119,0.31026704713486297,0.8695729762405594,0.0,0.0043637219996526255,0.0004931340026814723,0.062115648000144574,0.0066850670000349055,0.007337207000091439,0.0326618770004643,0.006652;0.006685;0.006729,0.007461;0.007322;0.007337,0.004741;0.037171;0.032662,,sequential,2026-10-03T12:32:59+00:00
R4-00818,R4,t2a-standard-4,Linux,6.1.0-53-cloud-arm64,aarch64,0xd0c,arm,4,4,,16.8,3.14.6,CPython,1,forkserver,2.5.3,recursive,rec_quicksort,2312,261,0.0,seconds,normal,2704,284,4,8,1,8,0,0,0.003244505937402664,1.0,0.02677471173288227,0.0012436793266375676,0.967694363794245,0.0,0.10578308500043931,0.0003169690016875393,0.062115648000144574,8.81624083099996,9.038243615999818,2.261870895999891,8.783080;8.834945;8.816241,9.036596;9.093318;9.038244,2.261871;2.427591;2.255149,,multiprocessing,2026-10-03T12:34:00+00:00
R4-00819,R4,t2a-standard-4,Linux,6.1.0-53-cloud-arm64,aarch64,0xd0c,arm,4,4,,16.8,3.14.6,CPython,1,forkserver,2.5.3,mixed,mixed_compute_then_sleep,1151,220,0.0,seconds,normal,56403,240,4,8,1,3,1,0,0.0001376309447696459,0.4645523567379674,0.033943631850274866,0.026767962809384833,1.9428070036303264,0.0,0.07704237800044211,0.001384952994158084,0.062115648000144574,7.7495562789999894,3.8306072479999784,1.085512007000034,7.749556,3.826037;3.830607;3.838864,1.085512;1.076322;1.113862,,multiprocessing,2026-10-03T12:34:23+00:00
R4-00820,R4,t2a-standard-4,Linux,6.1.0-53-cloud-arm64,aarch64,0xd0c,arm,4,4,,16.8,3.14.6,CPython,1,forkserver,2.5.3,cpu,cpu_collatz,352,504,0.3,seconds,normal,1324,526.95,4,8,2,5,0,0,0.0015245049697003913,1.0,0.17756188216841573,0.0027209487714333984,0.9952452083162744,0.0,0.10208676299953368,0.0009845029999269173,0.062115648000144574,1.919407336000404,1.9445228020003924,0.5241432339998937,1.919407;1.919149;1.919483,1.947793;1.944523;1.944502,0.519614;0.524143;0.527946,,multiprocessing,2026-10-03T12:34:37+00:00
R4-00821,R4,t2a-standard-4,Linux,6.1.0-53-cloud-arm64,aarch64,0xd0c,arm,4,4,,16.8,3.14.6,CPython,1,forkserver,2.5.3,cpu,cpu_sum_squares,189909,553,0.3,ms,normal,8,578,4,8,1,2,0,0,0.013276331666626598,1.0,0.21047348090594212,0.0008476488259411309,0.9805884577677776,0.0,0.08469046000027447,0.0006135330004326534,0.062115648000144574,0.11079827000048681,0.1126767949999703,0.03611687299962796,0.111176;0.110524;0.110798,0.112677;0.112246;0.112970,0.035265;0.038436;0.036117,,multiprocessing,2026-10-03T12:34:39+00:00
R4-00822,R4,t2a-standard-4,Linux,6.1.0-53-cloud-arm64,aarch64,0xd0c,arm,4,4,,16.8,3.14.6,CPython,1,forkserver,2.5.3,big_payload,big_upper_copy,2,380498,0.3,ms,big,40,380520,4,8,0,0,0,0,0.00026418979978188873,1.0,0.04019703375037221,0.3500892152358067,0.7175360345994983,0.0,0.007882773000346788,0.0015319140020437771,0.062115648000144574,0.010376227000051585,0.013527255999179033,0.39964163199965697,0.010362;0.010376;0.010514,0.015531;0.013527;0.011783,0.399642,,sequential,2026-10-03T12:34:40+00:00
R4-00823,R4,t2a-standard-4,Linux,6.1.0-53-cloud-arm64,aarch64,0xd0c,arm,4,4,,16.8,3.14.6,CPython,1,forkserver,2.5.3,big_result,result_records,611,169,0.3,seconds,normal,2365,189,4,2,1,2,0,0,0.00029810865473358544,1.0,0.6107617737168418,0.9201074699782937,0.7099062806866353,0.0,0.12715385899991816,0.006492743004855583,0.044057173000510375,1.1743954849998772,1.2809345659998144,1.6124909959999059,1.251183;1.170007;1.174395,1.282509;1.208196;1.280935,1.405078;1.612491;1.678727,,sequential,2026-10-03T12:34:52+00:00
R4-00824,R4,t2a-standard-4,Linux,6.1.0-53-cloud-arm64,aarch64,0xd0c,arm,4,4,,16.8,3.14.6,CPython,1,forkserver,2.5.3,recursive,rec_tree_sum,68,228,0.8,seconds,normal,96339,247,4,2,0,4,0,0,2.3860505499214924e-05,1.0,0.6224410246820763,0.1612748734437004,0.9934465152981011,0.0,0.10018623700034368,0.003639594001469959,0.044057173000510375,2.2631819360003647,2.3303868590001002,1.1716317239997807,2.255553;2.263676;2.263182,2.324309;2.330387;2.336307,1.176243;1.166298;1.171632,,multiprocessing,2026-10-03T12:35:10+00:00
R4-00825,R4,t2a-standard-4,Linux,6.1.0-53-cloud-arm64,aarch64,0xd0c,arm,4,4,,16.8,3.14.6,CPython,1,forkserver,2.5.3,io,io_sleep_return_payload,5487,23871,0.3,ms,normal,8,23894,4,8,0,1,1,0,0.005158637333200507,0.0024701323274605993,0.005849705693865732,0.004667964024003074,1.4221451839103325,0.0,0.027133026999763388,0.00073993500063807,0.062115648000144574,0.04557947899957071,0.007446190000337083,0.00904114200056938,0.045579,0.007446;0.007466;0.007409,0.008337;0.009041;0.012066,,threading,2026-10-03T12:35:11+00:00
R4-00826,R4,t2a-standard-4,Linux,6.1.0-53-cloud-arm64,aarch64,0xd0c,arm,4,4,,16.8,3.14.6,CPython,1,forkserver,2.5.3,numpy,np_sort,188244,297,0.8,seconds,normal,298,322,4,2,0,3,0,1,0.010468562599817233,1.0,0.5736051609394813,0.0009636662054394794,0.9054062116138802,0.0,0.11474138799985667,0.0009374190003654803,0.044057173000510375,4.0588145960000475,2.0868074660002094,2.0884714049998365,4.058815;4.056247;4.066125,2.086807;2.084895;2.089552,2.088471;2.088715;2.088113,,threading,2026-10-03T12:35:36+00:00
R4-00827,R4,t2a-standard-4,Linux,6.1.0-53-cloud-arm64,aarch64,0xd0c,arm,4,4,,16.8,3.14.6,CPython,1,forkserver,2.5.3,big_result,result_matrix_lists,51,103227,0.3,ms,big,463,103249,4,8,2,5,0,0,0.00034469240873358616,1.0,0.3969313284360535,0.2821292188576252,1.0255644917526825,0.0,0.0819102630002817,0.003603467995162646,0.062115648000144574,0.16318854500059388,0.16944890200011287,0.1019445949996225,0.166658;0.160984;0.163189,0.169813;0.169449;0.165169,0.128479;0.101945;0.096663,,multiprocessing,2026-10-03T12:35:38+00:00
R4-00828,R4,t2a-standard-4,Linux,6.1.0-53-cloud-arm64,aarch64,0xd0c,arm,4,4,,16.8,3.14.6,CPython,1,forkserver,2.5.3,gil_release,gil_bz2,230,300000,0.0,ms,big,8,300022,4,8,0,1,0,1,0.03109884933352684,1.0,0.0024065192864695948,0.0018517726852633992,1.4795964956508978,0.0,0.15710470300018642,0.0007886149996920722,0.062115648000144574,0.24853680300020642,0.08323339500020666,0.08850337299918465,0.248133;0.248537;0.249110,0.068774;0.091628;0.083233,0.080826;0.089064;0.088503,,threading,2026-10-03T12:35:40+00:00
R4-00829,R4,t2a-standard-4,Linux,6.1.0-53-cloud-arm64,aarch64,0xd0c,arm,4,4,,16.8,3.14.6,CPython,1,forkserver,2.5.3,io,io_sleep_chunks,752,812,0.3,seconds,normal,7453,835,4,8,1,1,1,0,0.0009947612548143405,0.017856135792022294,0.11258318211681215,0.0042080951386470385,2.018184799268694,8.5,0.07685555200077943,0.0008676170054968679,0.062115648000144574,7.219284091999725,0.8937479959995471,0.9059541750002609,7.219284,0.894324;0.893748;0.893413,0.905954;0.900620;0.907194,,threading,2026-10-03T12:35:54+00:00
R4-00830,R4,t2a-standard-4,Linux,6.1.0-53-cloud-arm64,aarch64,0xd0c,arm,4,4,,16.8,3.14.6,CPython,1,forkserver,2.5.3,recursive,rec_fib,43,24,0.0,ms,normal,2070,43,4,8,0,4,0,0,4.317671148323975e-06,1.0,0.2907202058720306,0.8551137511524243,0.7143445972709866,0.0,0.007084767999913311,0.0014871510156808654,0.062115648000144574,0.00921968599959655,0.010376547000305436,0.028377470999657817,0.009220;0.009184;0.009225,0.010662;0.010377;0.010206,0.028377;0.046495;0.014192,,sequential,2026-10-03T12:35:54+00:00
R4-00831,R4,t2a-standard-4,Linux,6.1.0-53-cloud-arm64,aarch64,0xd0c,arm,4,4,,16.8,3.14.6,CPython,1,forkserver,2.5.3,gil_release,gil_bz2,92,300000,0.8,ms,big,8,300022,4,4,0,1,0,1,0.018715455666703445,1.0,0.10743745754747323,0.0026580882727295285,1.4455822256555297,0.0,0.09266234200003964,0.0003685259998746915,0.08503164299963828,0.12608530299985432,0.0391485410000314,0.043300616999658814,0.125879;0.126085;0.126943,0.039146;0.039326;0.039149,0.043301;0.050458;0.043000,,threading,2026-10-03T12:35:56+00:00
R4-00832,R4,t2a-standard-4,Linux,6.1.0-53-cloud-arm64,aarch64,0xd0c,arm,4,4,,16.8,3.14.6,CPython,1,forkserver,2.5.3,tiny,tiny_dict_lookup,185,165,0.3,seconds,normal,200000,184,4,4,0,1,0,0,2.682450140127912e-07,1.0,0.32736421052045733,14.240898964052548,0.5601680286870276,0.0,0.005603460000202176,0.0033123389721367857,0.08503164299963828,0.039809309999327525,0.04810025799997675,0.09549658899959468,0.040896;0.039809;0.039567,0.049057;0.048100;0.047792,0.095497;0.093061;0.100593,,sequential,2026-10-03T12:35:57+00:00
R4-00833,R4,t2a-standard-4,Linux,6.1.0-53-cloud-arm64,aarch64,0xd0c,arm,4,4,,16.8,3.14.6,CPython,1,forkserver,2.5.3,text,text_format_report,11205,676,0.3,ms,normal,8,699,4,4,1,2,0,0,0.013465506999940166,1.0,0.11691334561591481,0.0008159366054216219,0.8442710907841708,0.0,0.08562228699975094,0.000835854999422736,0.08503164299963828,0.11363742300000013,0.11574238100001821,0.038578607000090415,0.113637;0.113704;0.113546,0.115742;0.116792;0.115337,0.038579;0.034853;0.039436,,multiprocessing,2026-10-03T12:35:58+00:00
R4-00834,R4,t2a-standard-4,Linux,6.1.0-53-cloud-arm64,aarch64,0xd0c,arm,4,4,,16.8,3.14.6,CPython,1,forkserver,2.5.3,recursive,rec_nqueens,4,26,0.3,seconds,normal,1147,45,4,4,1,10,0,0,0.0006340982750089097,1.0,0.20294969415723535,0.006197856428818337,0.9610474185638324,0.0,0.10472982000010234,0.0013193830000091111,0.08503164299963828,0.7142345470001601,0.7265276600001016,0.20620077199964726,0.715002;0.714235;0.712561,0.726528;0.727748;0.725295,0.200301;0.207287;0.206201,,multiprocessing,2026-10-03T12:36:04+00:00
R4-00835,R4,t2a-standard-4,Linux,6.1.0-53-cloud-arm64,aarch64,0xd0c,arm,4,4,,16.8,3.14.6,CPython,1,forkserver,2.5.3,algo_rec,algo_lcs_memo,3,564173,0.3,seconds,big,38,564195,4,4,1,10,0,0,0.012754152999832513,1.0,0.01579844428733029,0.006187905997045955,0.8694876007998007,0.0,0.11156398999992234,0.001630949000173132,0.08503164299963828,0.4851362330000484,0.500907181999537,0.16055903699998453,0.480112;0.485136;0.486194,0.500855;0.502799;0.500907,0.162274;0.160559;0.153209,,multiprocessing,2026-10-03T12:36:08+00:00
R4-00836,R4,t2a-standard-4,Linux,6.1.0-53-cloud-arm64,aarch64,0xd0c,arm,4,4,,16.8,3.14.6,CPython,1,forkserver,2.5.3,mixed,mixed_parse_lines,27,6009,0.0,ms,normal,19,6031,4,8,2,3,1,0,0.008022818749850558,0.9591775152586809,0.006604777530652169,0.0011579782525218206,0.9941352489133763,0.0,0.06522708699958457,0.0009086550007850747,0.062115648000144574,0.15230310400056624,0.15088008700058708,0.04529634200025612,0.152369;0.152137;0.152303,0.150880;0.150303;0.151211,0.045296;0.047731;0.040311,,multiprocessing,2026-10-03T12:36:10+00:00
R4-00837,R4,t2a-standard-4,Linux,6.1.0-53-cloud-arm64,aarch64,0xd0c,arm,4,4,,16.8,3.14.6,CPython,1,forkserver,2.5.3,algo_rec,algo_sudoku,11,128,0.8,ms,normal,8,147,4,2,3,28,0,0,0.003008291666750059,1.0,0.5828984432424207,0.0034129003903750643,1.1841148059284217,0.0,0.021683014000700496,0.002072195999971882,0.044057173000510375,0.03240571900005307,0.033209092000106466,0.01752774199940177,0.032337;0.032555;0.032406,0.033217;0.033209;0.032864,0.018516;0.017528;0.017511,,multiprocessing,2026-10-03T12:36:10+00:00
R4-00838,R4,t2a-standard-4,Linux,6.1.0-53-cloud-arm64,aarch64,0xd0c,arm,4,4,,16.8,3.14.6,CPython,1,forkserver,2.5.3,mixed,mixed_hash_then_write,7758,3045,0.3,seconds,normal,10659,3068,4,4,1,3,1,0,0.00032747675163442727,0.8693974752943144,0.1683767591461923,0.013124748480450733,1.1676715857205833,0.0,0.09382493300017813,0.0007431320009345654,0.08503164299963828,3.541405496000152,3.4825276980000126,3.4358310249999704,3.541405;3.536960;3.652970,3.480504;3.482528;3.484333,1.745286;3.435831;3.485116,,multiprocessing,2026-10-03T12:36:41+00:00
R4-00839,R4,t2a-standard-4,Linux,6.1.0-53-cloud-arm64,aarch64,0xd0c,arm,4,4,,16.8,3.14.6,CPython,1,forkserver,2.5.3,big_payload,big_count_byte,3,1194115,0.3,ms,big,167,1194137,4,8,0,1,0,0,0.0007529933414489056,0.9993435351464005,0.014995287582902929,0.2201542043744015,0.9805562045828631,0.0,0.06610676299987972,0.0036628580000979127,0.062115648000144574,0.12534857200080296,0.12766148799983057,0.1492702689993166,0.125271;0.125524;0.125349,0.127661;0.127663;0.127512,0.151830;0.143147;0.149270,,sequential,2026-10-03T12:36:43+00:00
R4-00840,R4,t2a-standard-4,Linux,6.1.0-53-cloud-arm64,aarch64,0xd0c,arm,4,4,,16.8,3.14.6,CPython,1,forkserver,2.5.3,cpu,cpu_count_primes,898,169075,0.0,seconds,big,1182,169098,4,8,2,4,0,0,0.00030840457414645545,1.0,0.014824688163351639,0.08610896915331682,0.9837378904044536,0.0,0.10251992400026211,0.0016147059886861825,0.062115648000144574,0.3640798200003701,0.36948650799968163,0.18615114399926824,0.363800;0.364182;0.364080,0.369913;0.367869;0.369487,0.182989;0.186151;0.190854,,multiprocessing,2026-10-03T12:36:48+00:00
R4-00841,R4,t2a-standard-4,Linux,6.1.0-53-cloud-arm64,aarch64,0xd0c,arm,4,4,,16.8,3.14.6,CPython,1,forkserver,2.5.3,io,io_file_roundtrip,1,11754,0.0,ms,normal,195,11776,4,8,1,0,1,0,0.0011198982667742206,0.09513010564466291,0.1265814993421481,0.004921920273716297,1.4933521321537335,0.0,0.08496039800047583,0.0012374989955787896,0.062115648000144574,0.22391646400046739,0.05844302400055312,0.05736529000023438,0.220926;0.234893;0.223916,0.059361;0.057713;0.058443,0.057365;0.057701;0.056409,,multiprocessing,2026-10-03T12:36:49+00:00
R4-00842,R4,t2a-standard-4,Linux,6.1.0-53-cloud-arm64,aarch64,0xd0c,arm,4,4,,16.8,3.14.6,CPython,1,forkserver,2.5.3,big_payload,big_reverse,1,389106,0.0,ms,big,513,389128,4,2,0,0,0,0,0.00034506781251764096,0.9997234827904365,0.05176219546836546,0.3422451926910286,1.0582409359321772,0.0,0.08935137800017401,0.0032339309982489794,0.044057173000510375,0.17828044699945167,0.1262117299993406,1.9144506700022248,0.182890;0.171299;0.178280,0.126215;0.125735;0.126212,1.914451,multiprocessing,threading,2026-10-03T12:36:53+00:00
R4-00843,R4,t2a-standard-4,Linux,6.1.0-53-cloud-arm64,aarch64,0xd0c,arm,4,4,,16.8,3.14.6,CPython,1,forkserver,2.5.3,big_result,result_long_string,486,211,0.0,ms,normal,756,231,4,8,1,1,0,0,0.00012233584124423847,1.0,0.039471350498275874,0.057269398777345534,0.9661642978933056,0.0,0.047829848999754176,0.0006709280050927191,0.062115648000144574,0.09292001300036645,0.09436995600026421,0.34041227199941204,0.092731;0.093190;0.092920,0.095224;0.093475;0.094370,0.340412;0.232495;0.353295,,sequential,2026-10-03T12:36:55+00:00
R4-00844,R4,t2a-standard-4,Linux,6.1.0-53-cloud-arm64,aarch64,0xd0c,arm,4,4,,16.8,3.14.6,CPython,1,forkserver,2.5.3,cpu,cpu_collatz,551,16,0.3,ms,normal,66,36,4,8,2,5,0,0,0.0023985088748759154,1.0,0.21642666142300748,0.0017531986451257318,0.8781827633528226,0.0,0.08140227500007313,0.00030524500198225724,0.062115648000144574,0.16868599099962012,0.17119643400019413,0.050483083000472107,0.168459;0.168845;0.168686,0.171280;0.171196;0.170909,0.054321;0.050483;0.047580,,multiprocessing,2026-10-03T12:36:57+00:00
R4-00845,R4,t2a-standard-4,Linux,6.1.0-53-cloud-arm64,aarch64,0xd0c,arm,4,4,,16.8,3.14.6,CPython,1,forkserver,2.5.3,cpu,cpu_count_primes,8072,167601,0.3,seconds,big,94,167624,4,8,2,4,0,0,0.00633055037496888,1.0,0.1719321607322739,0.004250084648654736,1.1291997493504684,0.0,0.0968955010002901,0.00041940600021916907,0.062115648000144574,0.5683954520000043,0.5750245429999268,0.16241512699980376,0.568395;0.568265;0.568734,0.574939;0.575025;0.575553,0.162415;0.160376;0.176952,,multiprocessing,2026-10-03T12:37:02+00:00
R4-00846,R4,t2a-standard-4,Linux,6.1.0-53-cloud-arm64,aarch64,0xd0c,arm,4,4,,16.8,3.14.6,CPython,1,forkserver,2.5.3,tiny,tiny_len,427,90,0.8,seconds,normal,200000,109.8,4,2,0,0,0,0,1.8722150798566873e-07,1.0,0.45495152625313395,19.96592191315882,0.500945525521811,0.0,0.0050666360002651345,0.003160609984661278,0.04134409600010258,0.01687577099983173,0.02299194199986232,0.07827912400080095,0.014647;0.017098;0.016876,0.022992;0.024296;0.022532,0.078279,,sequential,2026-10-03T12:37:03+00:00
R4-00847,R4,t2a-standard-4,Linux,6.1.0-53-cloud-arm64,aarch64,0xd0c,arm,4,4,,16.8,3.14.6,CPython,1,forkserver,2.5.3,recursive,rec_nqueens,48,1016,0.0,seconds,normal,313,1038,4,4,1,10,0,0,0.007459750857248894,0.9999238688887533,0.0044981796424634945,0.0008809179533128466,0.9678020832270686,0.0,0.10641102200042951,0.00025720399935380556,0.08503164299963828,2.324796236000111,2.354724489000546,0.6115628460001972,2.327113;2.324796;2.320595,2.354724;2.351294;2.359500,0.633267;0.609014;0.611563,,multiprocessing,2026-10-03T12:37:19+00:00
R4-00848,R4,t2a-standard-4,Linux,6.1.0-53-cloud-arm64,aarch64,0xd0c,arm,4,4,,16.8,3.14.6,CPython,1,forkserver,2.5.3,cpu,cpu_sum_squares,244167,149,0.3,ms,normal,8,171,4,2,1,2,0,0,0.019891681666801258,1.0,0.11652119273060652,0.0005677415233721804,1.4281743307615125,0.0,0.10249569099960354,0.0002278829997521825,0.04134409600010258,0.1289432659996237,0.13142034100019373,0.0694119830004638,0.128965;0.128943;0.128881,0.131420;0.130627;0.131452,0.069412;0.071775;0.069046,,multiprocessing,2026-10-03T12:37:21+00:00
R4-00849,R4,t2a-standard-4,Linux,6.1.0-53-cloud-arm64,aarch64,0xd0c,arm,4,4,,16.8,3.14.6,CPython,1,forkserver,2.5.3,mixed,mixed_hash_then_write,127,52447,0.8,ms,normal,139,52469,4,2,1,3,1,0,0.00034596605885727676,0.2539779178676977,0.284039055323854,0.030425383785774862,1.6651305821801934,0.0,0.01952971599985176,0.0005474479985423386,0.04134409600010258,0.04695850099960808,0.024734827999964182,0.027825590999782435,0.046230;0.048011;0.046959,0.026711;0.024735;0.024614,0.034383;0.027826;0.027059,,threading,2026-10-03T12:37:22+00:00
R4-00850,R4,t2a-standard-4,Linux,6.1.0-53-cloud-arm64,aarch64,0xd0c,arm,4,4,,16.8,3.14.6,CPython,1,forkserver,2.5.3,mixed,mixed_compute_then_sleep,36024,175,0.8,ms,normal,8,195,4,4,1,3,1,0,0.001965161000043736,0.7117930215332336,0.5650752502236203,0.005251478123675194,1.1076902717936143,0.5,0.012837819999731437,0.0002208420000897604,0.08503164299963828,0.01994984100019792,0.01576154200029123,0.007808349999322672,0.019950;0.020010;0.019811,0.015762;0.016022;0.015541,0.008632;0.007278;0.007808,,multiprocessing,2026-10-03T12:37:22+00:00
R4-00851,R4,t2a-standard-4,Linux,6.1.0-53-cloud-arm64,aarch64,0xd0c,arm,4,4,,16.8,3.14.6,CPython,1,forkserver,2.5.3,algo_rec,algo_merge_sort,75,903970,0.0,seconds,big,221,903992,4,4,1,10,0,0,0.00011239430902853862,1.0,0.11535028104652961,1.2556863533764224,0.886380748212944,0.5,0.017445563999899605,0.004264579003574909,0.08503164299963828,0.023806332999811275,0.0249640290003299,0.12907856699985132,0.023806;0.023955;0.023745,0.024964;0.025567;0.024960,0.129079,,sequential,2026-10-03T12:37:24+00:00
R4-00852,R4,t2a-standard-4,Linux,6.1.0-53-cloud-arm64,aarch64,0xd0c,arm,4,4,,16.8,3.14.6,CPython,1,forkserver,2.5.3,algo_iter,algo_kmeans,531,1601,0.3,ms,normal,8,1624,4,2,3,15,0,0,0.01265299066684141,1.0,0.04841718375164996,0.0009547150158266547,1.2702902509617269,0.0,0.07015586200031976,0.0015064999997775885,0.04134409600010258,0.08300647899977776,0.08554827399984788,0.04428737799935334,0.082683;0.083052;0.083006,0.085548;0.085740;0.085528,0.044287;0.044130;0.049398,,multiprocessing,2026-10-03T12:37:25+00:00
R4-00853,R4,t2a-standard-4,Linux,6.1.0-53-cloud-arm64,aarch64,0xd0c,arm,4,4,,16.8,3.14.6,CPython,1,forkserver,2.5.3,algo_rec,algo_sudoku,9,532,0.0,ms,normal,8,554,4,2,3,28,0,0,0.002794052333532212,1.0,0.046125346481412303,0.003607663101618955,0.34003394200280523,0.0,0.03344394499981718,0.0001949620000232244,0.04134409600010258,0.06067296499986696,0.061736098999972455,0.03889054100000067,0.060673;0.060684;0.060601,0.062054;0.061568;0.061736,0.038891;0.041576;0.038058,,multiprocessing,2026-10-03T12:37:26+00:00
R4-00854,R4,t2a-standard-4,Linux,6.1.0-53-cloud-arm64,aarch64,0xd0c,arm,4,4,,16.8,3.14.6,CPython,1,forkserver,2.5.3,tiny,tiny_small_loop,81,386,0.3,ms,normal,16676,408,4,2,0,0,0,0,7.251499955600593e-07,1.0,1.3524755401238673,5.510721808161216,0.7370005213760297,0.0,0.007447943999977724,0.003266206008447625,0.04134409600010258,0.01051190599991969,0.011711162000210606,0.014396560000022873,0.010587;0.010512;0.010082,0.011659;0.011711;0.011755,0.012965;0.014397;0.023502,,sequential,2026-10-03T12:37:27+00:00
R4-00855,R4,t2a-standard-4,Linux,6.1.0-53-cloud-arm64,aarch64,0xd0c,arm,4,4,,16.8,3.14.6,CPython,1,forkserver,2.5.3,db,db_mem_insert_select,105,23,0.3,ms,normal,239,42,4,4,1,1,1,0,0.0002082598475372849,0.9991134409085647,0.1548972337759077,0.017872143837386015,0.7188508496482564,0.0,0.030234740000196325,0.0010170139958063373,0.08503164299963828,0.049647806999928434,0.3231038339999941,0.018633218000104534,0.048155;0.049746;0.049648,0.323104,0.027476;0.018633;0.018562,,multiprocessing,2026-10-03T12:37:28+00:00
R4-00856,R4,t2a-standard-4,Linux,6.1.0-53-cloud-arm64,aarch64,0xd0c,arm,4,4,,16.8,3.14.6,CPython,1,forkserver,2.5.3,tiny,tiny_len,731,735345,0.8,ms,big,271,735368,4,2,0,0,0,0,3.7134332024603524e-07,1.0,0.4747749812201702,298.91341507659865,0.06283879807618714,0.0,0.0030211220000637695,0.0025345559979541576,0.04134409600010258,4.0240000089397654e-05,0.0005383679999795277,0.15136508799969306,0.000089;0.000040;0.000025,0.000538,0.151365,,sequential,2026-10-03T12:37:29+00:00
R4-00857,R4,t2a-standard-4,Linux,6.1.0-53-cloud-arm64,aarch64,0xd0c,arm,4,4,,16.8,3.14.6,CPython,1,forkserver,2.5.3,recursive,rec_quicksort,565,119,0.8,ms,normal,22,139,4,4,1,8,0,0,0.0008165712002664805,1.0,0.30582979112091685,0.007671345810009766,1.045436693127957,0.0,0.008229832999859354,0.00020784199932677438,0.08503164299963828,0.013092981000227155,0.013795589000437758,0.018430572999932338,0.013007;0.013191;0.013093,0.013971;0.013754;0.013796,0.018431;0.013161;0.031718,,sequential,2026-10-03T12:37:30+00:00
R4-00858,R4,t2a-standard-4,Linux,6.1.0-53-cloud-arm64,aarch64,0xd0c,arm,4,4,,16.8,3.14.6,CPython,1,forkserver,2.5.3,recursive,rec_nqueens,1,642,0.0,ms,normal,77,664,4,2,1,10,0,0,0.00016412857899252375,1.0,0.09933088938630784,0.02538478307902607,0.8759487652429228,0.0,0.006968376000259013,0.0003000049991896958,0.04134409600010258,0.0121204070001113,0.012696735000645276,0.006804374000239477,0.012119;0.012144;0.012120,0.012800;0.012601;0.012697,0.007934;0.006804;0.006695,,multiprocessing,2026-10-03T12:37:30+00:00
R4-00859,R4,t2a-standard-4,Linux,6.1.0-53-cloud-arm64,aarch64,0xd0c,arm,4,4,,16.8,3.14.6,CPython,1,forkserver,2.5.3,big_payload,big_upper_copy,2,693953,0.0,seconds,big,288,693975,4,4,0,0,0,0,0.0006523061527130065,1.0,0.04398601191814841,0.3151109324470916,1.1026708233629332,0.0,0.09433381100006955,0.004548583005089313,0.08503164299963828,0.18867807800052105,0.1460578650003299,1.9730579100005343,0.194612;0.188279;0.188678,0.177406;0.146058;0.142529,1.973058,multiprocessing,threading,2026-10-03T12:37:35+00:00
R4-00860,R4,t2a-standard-4,Linux,6.1.0-53-cloud-arm64,aarch64,0xd0c,arm,4,4,,16.8,3.14.6,CPython,1,forkserver,2.5.3,big_result,result_sorted_pairs,2062,357751,0.0,ms,big,116,357774,4,8,1,4,0,0,0.0009990411033492098,1.0,0.1349171778625517,0.5814034059187414,1.004841445816838,0.0,0.07017623000047024,0.01246281000385352,0.062115648000144574,0.14173767600004794,0.14343501300027128,0.10949327999969682,0.141518;0.144026;0.141738,0.142895;0.143867;0.143435,0.103574;0.109493;0.122364,,multiprocessing,2026-10-03T12:37:37+00:00
R4-00861,R4,t2a-standard-4,Linux,6.1.0-53-cloud-arm64,aarch64,0xd0c,arm,4,4,,16.8,3.14.6,CPython,1,forkserver,2.5.3,gil_release,gil_bz2,2,300000,0.0,seconds,big,666,300022,4,8,0,1,0,1,0.0007657957424436807,1.0,0.01250990077332523,0.056308226230760615,1.9481357900866736,0.0,0.07778672499989625,0.0012156559987488436,0.062115648000144574,0.5066424080005163,0.1416917779997675,0.242947479000577,0.506134;0.507868;0.506642,0.141692;0.141327;0.146011,0.244364;0.232601;0.242947,,threading,2026-10-03T12:37:41+00:00
R4-00862,R4,t2a-standard-4,Linux,6.1.0-53-cloud-arm64,aarch64,0xd0c,arm,4,4,,16.8,3.14.6,CPython,1,forkserver,2.5.3,big_payload,big_checksum_head,428,1578400,0.8,ms,big,126,1578422.85,4,8,1,1,0,0,1.4764032247541998e-05,1.0,0.5183313014020238,15.535257981420857,0.5411114015525171,0.0,0.006580608000149368,0.005225031000918534,0.062115648000144574,0.0017433430002711248,0.0021701089999623946,0.12615879500026494,0.001745;0.001743;0.001683,0.002554;0.002170;0.002136,0.126159,,sequential,2026-10-03T12:37:42+00:00
R4-00863,R4,t2a-standard-4,Linux,6.1.0-53-cloud-arm64,aarch64,0xd0c,arm,4,4,,16.8,3.14.6,CPython,1,forkserver,2.5.3,big_payload,big_checksum_head,11153,1155166,0.0,seconds,big,173,1155189,4,8,1,1,0,0,0.00033998216275544704,1.0,0.022859314679707483,0.45547698413544835,0.9786011572218473,4.5,0.033010598000146274,0.0033744070015018224,0.062115648000144574,0.058352052999907755,0.05956818600043334,0.14161347500066768,0.058352;0.058208;0.059081,0.059280;0.059568;0.059949,0.141613;0.147769;0.124381,,sequential,2026-10-03T12:37:44+00:00
R4-00864,R4,t2a-standard-4,Linux,6.1.0-53-cloud-arm64,aarch64,0xd0c,arm,4,4,,16.8,3.14.6,CPython,1,forkserver,2.5.3,numpy,np_linalg_solve,13,226,0.8,ms,normal,600,245,4,4,0,3,0,1,2.9875060008635045e-05,1.0,0.43101089440805085,0.12077130313624142,0.8520081592789424,24.6,0.01023129399982281,0.0005235259986875462,0.04339617100049509,0.017312027999651036,0.019703500000105123,0.0895330589992227,0.017312;0.017566;0.016585,0.019704;0.020286;0.019348,0.089533,,sequential,2026-10-03T12:37:45+00:00
R4-00865,R4,t2a-standard-4,Linux,6.1.0-53-cloud-arm64,aarch64,0xd0c,arm,4,4,,16.8,3.14.6,CPython,1,forkserver,2.5.3,numpy,np_linalg_solve,25,281999,0.8,ms,big,302,282021,4,8,0,3,0,1,0.00032425865340580154,1.0,0.07891899141428742,0.12141711430388624,1.5950597219698475,25.4,0.0407702149996112,0.0011858159941766644,0.062115648000144574,0.09779492399957235,0.056043896000119275,0.09427135699934297,0.096619;0.099000;0.097795,0.056293;0.052760;0.056044,0.179499;0.070195;0.094271,,threading,2026-10-03T12:37:46+00:00
R4-00866,R4,t2a-standard-4,Linux,6.1.0-53-cloud-arm64,aarch64,0xd0c,arm,4,4,,16.8,3.14.6,CPython,1,forkserver,2.5.3,db,db_file_commit,3,309,0.8,seconds,normal,632,331,4,4,1,0,1,0,0.010637379400213831,0.10457446170527636,0.1959836684577512,0.0009506100910362444,1.403369507699909,0.0,0.09231580800042138,0.0010017719987445162,0.04339617100049509,5.149681894999958,3.831612512999527,4.1121481509999285,5.259477;5.073952;5.149682,3.831613;4.102656;2.470369,2.186159;4.112148;4.130966,,threading,2026-10-03T12:38:23+00:00
R4-00867,R4,t2a-standard-4,Linux,6.1.0-53-cloud-arm64,aarch64,0xd0c,arm,4,4,,16.8,3.14.6,CPython,1,forkserver,2.5.3,cpu,cpu_count_primes,1777,356717,0.0,ms,big,24,356740,4,4,2,4,0,0,0.000801822666744556,1.0,0.03712360452090878,0.06978350975972153,0.9075888232221114,0.0,0.010667724999620987,0.0005454869997265632,0.04339617100049509,0.01866669799983356,0.019224024999857647,0.015113976999600709,0.018667;0.018697;0.018631,0.019114;0.019311;0.019224,0.015114;0.017327;0.013515,,multiprocessing,2026-10-03T12:38:24+00:00
R4-00868,R4,t2a-standard-4,Linux,6.1.0-53-cloud-arm64,aarch64,0xd0c,arm,4,4,,16.8,3.14.6,CPython,1,forkserver,2.5.3,mixed,mixed_compute_then_sleep,17888,58,0.8,seconds,normal,429,78,4,8,1,3,1,0,0.0014737246285741483,0.7048928240976572,0.4213399214899407,0.003335799558729471,1.461094840867244,0.0,0.08795890600049461,0.00040340500072488794,0.062115648000144574,0.6065281940000204,0.4458591489992614,0.12716723899939097,0.607375;0.606528;0.606356,0.445859;0.446940;0.443752,0.124591;0.127167;0.128556,,multiprocessing,2026-10-03T12:38:28+00:00
R4-00869,R4,t2a-standard-4,Linux,6.1.0-53-cloud-arm64,aarch64,0xd0c,arm,4,4,,16.8,3.14.6,CPython,1,forkserver,2.5.3,big_payload,big_reverse,6,142195,0.0,ms,big,591,142217,4,8,0,0,0,0,8.991097281507785e-05,1.0,0.0663645567490633,0.4148598170242706,0.8166800378915209,0.0,0.030825355000160926,0.0012952539964317111,0.062115648000144574,0.06911563300036505,0.05885227299950202,1.2635054350002974,0.052701;0.069116;0.071777,0.065358;0.056507;0.058852,1.263505,multiprocessing,threading,2026-10-03T12:38:31+00:00
R4-00870,R4,t2a-standard-4,Linux,6.1.0-53-cloud-arm64,aarch64,0xd0c,arm,4,4,,16.8,3.14.6,CPython,1,forkserver,2.5.3,recursive,rec_quicksort,1873,967396,0.0,seconds,big,206,967419,4,8,1,8,0,0,0.00258493350002027,1.0,0.03900818991390594,0.05096436715488239,0.9568297018877376,0.0,0.10836711699994339,0.002893072999540891,0.04958740599977318,0.533533654999701,0.5454422659995544,0.2516073260003395,0.532486;0.533534;0.533634,0.548198;0.545442;0.541076,0.272917;0.251607;0.241538,,multiprocessing,2026-10-03T12:38:36+00:00
R4-00871,R4,t2a-standard-4,Linux,6.1.0-53-cloud-arm64,aarch64,0xd0c,arm,4,4,,16.8,3.14.6,CPython,1,forkserver,2.5.3,recursive,rec_fib,33446,857598,0.0,seconds,big,233,857621,4,8,0,4,0,0,0.005269275200043921,0.99989161542156,0.004318392822539554,0.022763908782905937,0.9885825914975342,0.5,0.10742072700031713,0.0014262959994084667,0.04958740599977318,1.223361986000782,1.2337611829998423,0.4050465060008719,1.223362;1.222287;1.224846,1.233609;1.238297;1.233761,0.406846;0.402959;0.405047,,multiprocessing,2026-10-03T12:38:46+00:00
R4-00872,R4,t2a-standard-4,Linux,6.1.0-53-cloud-arm64,aarch64,0xd0c,arm,4,4,,16.8,3.14.6,CPython,1,forkserver,2.5.3,algo_iter,algo_edit_distance,16443,429,0.0,seconds,normal,2590,452,4,4,2,16,0,0,0.0030248400587023594,1.0,0.016930131169491682,0.0014157481124175218,0.9818759900226613,0.5,0.10509334500056866,0.0014015750030011986,0.04339617100049509,7.787758393000331,7.896726337000473,1.9726346690003993,7.787145;7.798437;7.787758,7.898610;7.884406;7.896726,1.993484;1.972635;1.963253,,multiprocessing,2026-10-03T12:39:40+00:00
R4-00873,R4,t2a-standard-4,Linux,6.1.0-53-cloud-arm64,aarch64,0xd0c,arm,4,4,,16.8,3.14.6,CPython,1,forkserver,2.5.3,algo_iter,algo_edit_distance,120,1826944,0.3,ms,big,109,1826966,4,4,2,16,0,0,0.002282466227287924,1.0,0.0061867377738684046,0.1251114459442814,0.9831124584320662,0.0,0.1073569789996327,0.006012655999256822,0.04339617100049509,0.24796709300062503,0.2520099220000702,0.18339570100033598,0.247955;0.247967;0.248055,0.252392;0.251464;0.252010,0.179605;0.184811;0.183396,,multiprocessing,2026-10-03T12:39:43+00:00
R4-00874,R4,t2a-standard-4,Linux,6.1.0-53-cloud-arm64,aarch64,0xd0c,arm,4,4,,16.8,3.14.6,CPython,1,forkserver,2.5.3,cpu,cpu_matmul_lists,16,26,0.3,seconds,normal,4133,45,4,4,3,5,0,0,0.0003224261484114498,1.0,0.45189163360614215,0.014384689600568722,1.04465411258962,0.0,0.09851541199986968,0.0006091649956943002,0.04339617100049509,1.2546363440005734,1.2768158970002332,0.3303661320005631,1.255326;1.254636;1.254589,1.276816;1.274429;1.279579,0.330366;0.419842;0.322843,,multiprocessing,2026-10-03T12:39:52+00:00
R4-00875,R4,t2a-standard-4,Linux,6.1.0-53-cloud-arm64,aarch64,0xd0c,arm,4,4,,16.8,3.14.6,CPython,1,forkserver,2.5.3,mixed,mixed_parse_lines,8,219397,0.8,seconds,big,47,219419,4,4,2,3,1,0,0.11682391566682782,0.9985253764104112,0.15930744685800816,0.00031968625344920755,1.0618187758470168,0.0,0.6910367600003156,0.0003242029997636564,0.04339617100049509,4.233961361999718,4.342730697999286,1.266880112000763,4.233961;4.237295;4.232336,4.344410;4.342731;4.331356,1.266880;1.277057;1.262507,,multiprocessing,2026-10-03T12:40:23+00:00
R4-00876,R4,t2a-standard-4,Linux,6.1.0-53-cloud-arm64,aarch64,0xd0c,arm,4,4,,16.8,3.14.6,CPython,1,forkserver,2.5.3,db,db_mem_group_by,24,527,0.8,seconds,normal,4704,549,4,2,1,2,1,0,0.0001546152074488897,1.0,0.15478209019488956,0.026866698029702978,0.8136514066877638,0.0,0.11279380399992078,0.001614851993508637,0.04134409600010258,0.7251684009997916,1.0035642630000439,0.35017072499977075,0.725168;0.728082;0.718569,1.003564;0.997296;1.013217,0.348767;0.351836;0.350171,,multiprocessing,2026-10-03T12:40:30+00:00
R4-00877,R4,t2a-standard-4,Linux,6.1.0-53-cloud-arm64,aarch64,0xd0c,arm,4,4,,16.8,3.14.6,CPython,1,forkserver,2.5.3,tiny,tiny_len,50,301,0.3,ms,normal,200000,323,4,2,0,0,0,0,1.771414918039227e-07,1.0,1.7447385546085814,21.688877236346435,0.39032009099518566,0.0,0.004989918000319449,0.002969582016703498,0.04134409600010258,0.023691700999734167,0.031864763999692514,0.11169445300038205,0.024522;0.023692;0.023304,0.032953;0.031818;0.031865,0.112187;0.110056;0.111694,,sequential,2026-10-03T12:40:31+00:00
R4-00878,R4,t2a-standard-4,Linux,6.1.0-53-cloud-arm64,aarch64,0xd0c,arm,4,4,,16.8,3.14.6,CPython,1,forkserver,2.5.3,cpu,cpu_sum_squares,28789,205,0.3,ms,normal,46,225,4,8,1,2,0,0,0.0019473239091728994,1.0,0.1340239640186972,0.00261622441377521,1.1226322338709847,0.0,0.04106071299975156,0.0002612029984447872,0.04958740599977318,0.0862014160002218,0.08783298799971817,0.028155254000012064,0.086201;0.086144;0.086691,0.087833;0.087658;0.088323,0.026992;0.028155;0.028745,,multiprocessing,2026-10-03T12:40:33+00:00
R4-00879,R4,t2a-standard-4,Linux,6.1.0-53-cloud-arm64,aarch64,0xd0c,arm,4,4,,16.8,3.14.6,CPython,1,forkserver,2.5.3,algo_iter,algo_game_of_life,7,33,0.3,seconds,normal,64,52,4,4,5,9,0,0,0.011656120199768338,1.0,0.20057467370258436,0.004374028337669284,0.9756112756001911,0.0,0.1173483299999134,0.001634934000321664,0.04339617100049509,0.7552731010000571,0.7643112290006684,0.20352475500021683,0.755953;0.755016;0.755273,0.763020;0.765391;0.764311,0.203238;0.216531;0.203525,,multiprocessing,2026-10-03T12:40:38+00:00
R4-00880,R4,t2a-standard-4,Linux,6.1.0-53-cloud-arm64,aarch64,0xd0c,arm,4,4,,16.8,3.14.6,CPython,1,forkserver,2.5.3,cpu,cpu_sum_squares,909,43,0.8,seconds,normal,45084,62.9,4,4,1,2,0,0,4.363824802532055e-05,1.0,0.5011253188694303,0.09070139465172161,0.9829344631413403,0.0,0.10252172000036808,0.0019124129958072444,0.04339617100049509,1.9734598490003918,2.0045116379997125,0.5236860229997546,1.972996;1.973460;1.973517,2.004409;2.005990;2.004512,0.525798;0.523686;0.513044,,multiprocessing,2026-10-03T12:40:53+00:00
R4-00881,R4,t2a-standard-4,Linux,6.1.0-53-cloud-arm64,aarch64,0xd0c,arm,4,4,,16.8,3.14.6,CPython,1,forkserver,2.5.3,algo_iter,algo_game_of_life,3,1219,0.8,seconds,normal,306,1241,4,2,5,9,0,0,0.004704898545490075,1.0,0.46988040677241083,0.011459700277964871,1.001460605887514,0.0,0.10739583499980654,0.0008324049995280802,0.04134409600010258,1.5718729549998898,1.592613070999505,0.8175205269999424,1.573393;1.571038;1.571873,1.592465;1.592613;1.592772,0.822239;0.817521;0.816088,,multiprocessing,2026-10-03T12:41:05+00:00
R4-00882,R4,t2a-standard-4,Linux,6.1.0-53-cloud-arm64,aarch64,0xd0c,arm,4,4,,16.8,3.14.6,CPython,1,forkserver,2.5.3,big_result,result_records,862,1575,0.0,ms,normal,840,1598,4,8,1,2,0,0,0.0004272455812303019,1.0,0.4826254176544938,0.9770931949847371,0.9391503059931451,0.0,0.11207274999924266,0.008827340995594568,0.04958740599977318,0.6088693510000667,0.6056790249995174,0.7432287499996164,0.692855;0.605228;0.608869,0.605679;0.620998;0.551872,0.743229;0.676171;0.771483,,threading,2026-10-03T12:41:12+00:00
R4-00883,R4,t2a-standard-4,Linux,6.1.0-53-cloud-arm64,aarch64,0xd0c,arm,4,4,,16.8,3.14.6,CPython,1,forkserver,2.5.3,algo_iter,algo_edit_distance,869,596,0.8,ms,normal,290,619,4,4,2,16,0,0,0.00017495225002524725,1.0,0.40843313110199236,0.02202886780371391,0.9926634080824767,0.0,0.025801609000154713,0.00041512399820931023,0.04339617100049509,0.04713102800087654,0.048243032999380375,0.019355486000677047,0.047207;0.047131;0.047090,0.048097;0.048411;0.048243,0.019355;0.015849;0.024245,,multiprocessing,2026-10-03T12:41:13+00:00
R4-00884,R4,t2a-standard-4,Linux,6.1.0-53-cloud-arm64,aarch64,0xd0c,arm,4,4,,16.8,3.14.6,CPython,1,forkserver,2.5.3,algo_iter,algo_edit_distance,14644,29,0.3,ms,normal,8,49,4,2,2,16,0,0,0.002485389666920431,1.0,0.16287777117375962,0.003862573286194382,0.9136043552194272,0.0,0.01668866900035937,0.00019224199968448374,0.04134409600010258,0.020187690999591723,0.020632454000406142,0.016583708000325714,0.020188;0.020227;0.020179,0.020688;0.020530;0.020632,0.023562;0.016584;0.016178,,multiprocessing,2026-10-03T12:41:13+00:00
R4-00885,R4,t2a-standard-4,Linux,6.1.0-53-cloud-arm64,aarch64,0xd0c,arm,4,4,,16.8,3.14.6,CPython,1,forkserver,2.5.3,big_payload,big_reverse,9,110172,0.8,ms,big,1273,110194,4,2,0,0,0,0,7.62763459036096e-05,0.9992779927368811,0.17854856496331822,0.45574023744522885,0.8356455962931915,0.0,0.05499287600014213,0.0015475290028916788,0.04134409600010258,0.12582784500045818,0.09045966000030603,1.6594858700009354,0.131897;0.122250;0.125828,0.090478;0.090136;0.090460,1.659486,multiprocessing,threading,2026-10-03T12:41:17+00:00
R4-00886,R4,t2a-standard-4,Linux,6.1.0-53-cloud-arm64,aarch64,0xd0c,arm,4,4,,16.8,3.14.6,CPython,1,forkserver,2.5.3,recursive,rec_quicksort,79,162,0.3,seconds,normal,13553,181,4,8,1,8,0,0,7.244832313530929e-05,0.9999184423385552,0.2086313555496434,0.05408061762077752,0.9609718154105519,0.0,0.10312914000041928,0.0012455690066417446,0.04958740599977318,0.9939645009999367,1.0175756439994075,0.27273963000061485,0.993965;0.989497;1.000367,1.039042;1.016117;1.017576,0.274448;0.272740;0.272019,,multiprocessing,2026-10-03T12:41:24+00:00
R4-00887,R4,t2a-standard-4,Linux,6.1.0-53-cloud-arm64,aarch64,0xd0c,arm,4,4,,16.8,3.14.6,CPython,1,forkserver,2.5.3,big_payload,big_reverse,1,670907,0.3,ms,big,76,670929,4,8,0,0,0,0,0.0004194131051917793,1.0,0.018220862623346993,0.37269861703262686,0.7948505203041648,0.0,0.02130821199989441,0.0032357400014007,0.04958740599977318,0.03171875499992893,0.032994564000546234,1.1589199850013756,0.031784;0.031719;0.031606,0.032995;0.033289;0.032647,1.158920,multiprocessing,sequential,2026-10-03T12:41:26+00:00
R4-00888,R4,t2a-standard-4,Linux,6.1.0-53-cloud-arm64,aarch64,0xd0c,arm,4,4,,16.8,3.14.6,CPython,1,forkserver,2.5.3,big_result,result_records,161,616554,0.8,seconds,big,324,616576.15,4,2,1,2,0,0,8.567707400176499e-05,1.0,1.3215676807164018,1.9303997230844703,1.2492765398513515,0.0,0.01625698000043485,0.0036587820068234578,0.04115001299942378,0.023906706000161648,0.026005278999946313,0.1668184209993342,0.024913;0.023907;0.023178,0.026005;0.037018;0.025234,0.166818,,sequential,2026-10-03T12:41:28+00:00
R4-00889,R4,t2a-standard-4,Linux,6.1.0-53-cloud-arm64,aarch64,0xd0c,arm,4,4,,16.8,3.14.6,CPython,1,forkserver,2.5.3,gil_release,gil_numpy_matmul,22,3994,0.0,seconds,normal,50075,4016,4,2,0,2,0,1,1.4293929010818828e-05,1.0,0.19373264281218203,0.3236373943629654,0.3703156325856844,0.0,0.11038675300005707,0.003977740978371003,0.04115001299942378,0.705966468999577,1.8745637179999903,0.575283815000148,0.703526;0.708141;0.705966,1.739917;1.901028;1.874564,0.626602;0.573315;0.575284,,multiprocessing,2026-10-03T12:41:39+00:00
R4-00890,R4,t2a-standard-4,Linux,6.1.0-53-cloud-arm64,aarch64,0xd0c,arm,4,4,,16.8,3.14.6,CPython,1,forkserver,2.5.3,mixed,mixed_hash_then_write,9286,6992,0.8,seconds,normal,8562,7015,4,4,1,3,1,0,0.000519521391755372,0.9741156002681477,0.18555701546657552,0.009682084448751783,1.0125038054065694,0.5,0.10085798900036025,0.0006224830003702664,0.04339617100049509,4.3772633899998254,4.425609792000614,1.1766536380000616,4.424251;4.371932;4.377263,4.401086;4.495984;4.425610,1.163242;1.176654;1.199454,,multiprocessing,2026-10-03T12:42:09+00:00
R4-00891,R4,t2a-standard-4,Linux,6.1.0-53-cloud-arm64,aarch64,0xd0c,arm,4,4,,16.8,3.14.6,CPython,1,forkserver,2.5.3,big_payload,big_checksum_head,3142,497266,0.0,ms,big,133,497289,4,2,1,1,0,0,9.75677878269573e-05,1.0,0.06338169596725673,0.6807195452457395,0.9038264959516249,0.0,0.00849088299946743,0.0016328080009770929,0.04115001299942378,0.012750224999763304,0.013056187000074715,0.04482878900034848,0.012756;0.012750;0.012697,0.013287;0.012987;0.013056,0.046834;0.044829;0.043148,,sequential,2026-10-03T12:42:10+00:00
R4-00892,R4,t2a-standard-4,Linux,6.1.0-53-cloud-arm64,aarch64,0xd0c,arm,4,4,,16.8,3.14.6,CPython,1,forkserver,2.5.3,mixed,mixed_json_roundtrip,26,557941,0.0,seconds,big,358,557963,4,8,1,1,1,0,0.0009616002500059459,0.9329280393538973,0.01740502158544166,0.08033525375035636,1.0201596912264772,0.5,0.10148895400016045,0.002473573999850487,0.0644057649997194,0.3419758820000425,0.3398752630000672,0.18769710400010808,0.355232;0.341976;0.341603,0.339904;0.339333;0.339875,0.202542;0.187697;0.175573,,multiprocessing,2026-10-03T12:42:14+00:00
R4-00893,R4,t2a-standard-4,Linux,6.1.0-53-cloud-arm64,aarch64,0xd0c,arm,4,4,,16.8,3.14.6,CPython,1,forkserver,2.5.3,recursive,rec_quicksort,118,282431,0.3,seconds,big,708,282453,4,2,1,8,0,0,0.00011900692088550844,1.0,0.19325402697117977,0.3391416197420736,0.9833896601012013,0.0,0.04388565799945354,0.0012953660025232239,0.04115001299942378,0.08324093100054597,0.08442353900045418,0.1618798039999092,0.082227;0.083430;0.083241,0.083822;0.084424;0.085387,0.161552;0.164135;0.161880,,sequential,2026-10-03T12:42:17+00:00
R4-00894,R4,t2a-standard-4,Linux,6.1.0-53-cloud-arm64,aarch64,0xd0c,arm,4,4,,16.8,3.14.6,CPython,1,forkserver,2.5.3,numpy,np_linalg_solve,18,224,0.0,ms,normal,2205,243,4,4,0,3,0,1,2.9466784019343268e-05,1.0,0.27112263054986996,0.13079133236133975,0.9513317281947986,0.5,0.03455524999935733,0.0011479670047265245,0.04339617100049509,0.06369807300052344,0.06641980800031888,0.028868782999779796,0.062969;0.064132;0.063698,0.066420;0.066404;0.066476,0.028869;0.026528;0.029805,,multiprocessing,2026-10-03T12:42:18+00:00
R4-00895,R4,t2a-standard-4,Linux,6.1.0-53-cloud-arm64,aarch64,0xd0c,arm,4,4,,16.8,3.14.6,CPython,1,forkserver,2.5.3,gil_release,gil_bz2,12,300000,0.3,seconds,big,116,300022,4,8,0,1,0,1,0.0027059480526077095,1.0,0.13031992366853043,0.01583575738078249,1.7887720565601357,0.0,0.08110603899967828,0.0010841660005098674,0.0644057649997194,0.31343636800011154,0.08416924999983166,0.10935697500008246,0.315293;0.313344;0.313436,0.087219;0.083553;0.084169,0.100050;0.115234;0.109357,,threading,2026-10-03T12:42:20+00:00
R4-00896,R4,t2a-standard-4,Linux,6.1.0-53-cloud-arm64,aarch64,0xd0c,arm,4,4,,16.8,3.14.6,CPython,1,forkserver,2.5.3,tiny,tiny_dict_lookup,5,1430124,0.3,seconds,big,139,1430146,4,2,0,1,0,0,4.388235431500053e-07,1.0,0.9932498311502304,477.1325587084298,0.03420309930179953,0.0,0.004921424000713159,0.004467421999834187,0.04115001299942378,4.768000053445576e-05,0.00038732199936930556,0.14227581000068312,0.000056;0.000048;0.000023,0.000387,0.142276,,sequential,2026-10-03T12:42:21+00:00
R4-00897,R4,t2a-standard-4,Linux,6.1.0-53-cloud-arm64,aarch64,0xd0c,arm,4,4,,16.8,3.14.6,CPython,1,forkserver,2.5.3,numpy,np_elementwise,2130,104,0.3,seconds,normal,38410,124,4,8,0,4,0,0,0.00011483945162317175,1.0,0.18014856491249454,0.033490233299937826,1.3667754488119594,0.0,0.08809726500021497,0.0016449259956061724,0.0644057649997194,4.320848583999577,4.805650273000538,1.1487868069998513,4.320849;4.318993;4.323650,4.997344;4.660494;4.805650,1.216462;1.132976;1.148787,,multiprocessing,2026-10-03T12:42:53+00:00
R4-00898,R4,t2a-standard-4,Linux,6.1.0-53-cloud-arm64,aarch64,0xd0c,arm,4,4,,16.8,3.14.6,CPython,1,forkserver,2.5.3,recursive,rec_quicksort,1051,1267261,0.3,seconds,big,157,1267284,4,4,1,8,0,0,0.0013409055263046436,1.0,0.17994612888536068,0.14424192925289803,0.9349928370085893,0.0,0.10917204999987007,0.0041813770003500395,0.04339617100049509,0.21342383600040193,0.2167850890000409,0.1575648830003047,0.211767;0.213424;0.213478,0.217605;0.216512;0.216785,0.161836;0.151863;0.157565,,multiprocessing,2026-10-03T12:42:56+00:00
R4-00899,R4,t2a-standard-4,Linux,6.1.0-53-cloud-arm64,aarch64,0xd0c,arm,4,4,,16.8,3.14.6,CPython,1,forkserver,2.5.3,tiny,tiny_add,90,121,0.0,seconds,normal,200000,140,4,4,0,1,0,0,1.627804867894156e-07,1.0,3.547120754580419,23.098592137923994,0.4978252505170581,0.5,0.004902059999949415,0.0031746530266900663,0.04339617100049509,0.013803016000565549,0.022059089000322274,0.08051444700049615,0.013803;0.015105;0.013239,0.022524;0.021980;0.022059,0.080514,,sequential,2026-10-03T12:42:57+00:00
R4-00900,R4,t2a-standard-4,Linux,6.1.0-53-cloud-arm64,aarch64,0xd0c,arm,4,4,,16.8,3.14.6,CPython,1,forkserver,2.5.3,recursive,rec_fib,19468,383,0.3,seconds,normal,2872,406,4,2,0,4,0,0,0.0017686209654945333,1.0,0.2012738866209376,0.0023012279378247964,0.9881686467444796,0.0,0.10335850000046776,0.00035076200128969504,0.04115001299942378,5.2167752579998705,5.3183066330002475,2.6288996890007184,5.216775;5.217441;5.215999,5.316824;5.323536;5.318307,2.629032;2.626014;2.628900,,multiprocessing,2026-10-03T12:43:37+00:00
R4-00901,R4,t2a-standard-4,Linux,6.1.0-53-cloud-arm64,aarch64,0xd0c,arm,4,4,,16.8,3.14.6,CPython,1,forkserver,2.5.3,tiny,tiny_add,1,1661517,0.8,seconds,big,120,1661539,4,2,0,1,0,0,3.0000010156072674e-07,1.0,0.4550948025059771,818.4355567136452,0.02276029096491944,0.0,0.005633099000078801,0.005166616996575613,0.04115001299942378,1.664000046730507e-05,0.0003878420002365601,0.14797307699973317,0.000027;0.000017;0.000008,0.000388,0.147973,,sequential,2026-10-03T12:43:38+00:00
R4-00902,R4,t2a-standard-4,Linux,6.1.0-53-cloud-arm64,aarch64,0xd0c,arm,4,4,,16.8,3.14.6,CPython,1,forkserver,2.5.3,cpu,cpu_matmul_lists,8,598303,0.3,seconds,big,334,598325,4,4,3,5,0,0,4.409508434387628e-05,0.9966724885442999,0.4737925041070259,1.824154579233292,0.8502458326637079,0.0,0.01001811199967051,0.0019429259991738945,0.04339617100049509,0.014838406999842846,0.015430609999384615,0.12974825499986764,0.014826;0.014921;0.014838,0.015579;0.015431;0.015334,0.129748,,sequential,2026-10-03T12:43:40+00:00
R4-00903,R4,t2a-standard-4,Linux,6.1.0-53-cloud-arm64,aarch64,0xd0c,arm,4,4,,16.8,3.14.6,CPython,1,forkserver,2.5.3,mixed,mixed_compute_then_sleep,49709,60,0.3,seconds,normal,1510,80,4,8,1,3,1,0,0.0038567894285474074,0.7226619209267797,0.13903425300774772,0.0012112221209485373,1.2873062315695227,0.0,0.09565730499980418,0.0003158810004606494,0.0644057649997194,5.755837436000547,4.19966694499999,1.0857924439997078,5.755837,4.214903;4.199667;4.196888,1.085792;1.125550;1.075836,,multiprocessing,2026-10-03T12:44:02+00:00
R4-00904,R4,t2a-standard-4,Linux,6.1.0-53-cloud-arm64,aarch64,0xd0c,arm,4,4,,16.8,3.14.6,CPython,1,forkserver,2.5.3,mixed,mixed_hash_then_write,51881,12927,0.3,seconds,normal,416,12950.1,4,8,1,3,1,0,0.0009636849807310892,0.9999023469111119,0.02524786134784123,0.006194970408054424,0.966302277435308,0.0,0.10240024199993059,0.0005019210020691389,0.0644057649997194,0.3996264859997609,0.41569413500019436,0.1288822699998491,0.397185;0.402232;0.399626,0.418292;0.415694;0.415309,0.124958;0.131909;0.128882,,multiprocessing,2026-10-03T12:44:05+00:00
R4-00905,R4,t2a-standard-4,Linux,6.1.0-53-cloud-arm64,aarch64,0xd0c,arm,4,4,,16.8,3.14.6,CPython,1,forkserver,2.5.3,io,io_sleep_return_payload,1908,73298,0.8,ms,normal,27,73321,4,8,0,1,1,0,0.0016367243336693111,0.004749836835350862,0.5352646790958292,0.012541411694450126,1.5051212654309543,0.0,0.015715841999735858,0.0003494809980111313,0.0644057649997194,0.04337491700061946,0.006980258999647049,0.10904341400055273,0.043375,0.007062;0.006975;0.006980,0.109043,,threading,2026-10-03T12:44:06+00:00
R4-00906,R4,t2a-standard-4,Linux,6.1.0-53-cloud-arm64,aarch64,0xd0c,arm,4,4,,16.8,3.14.6,CPython,1,forkserver,2.5.3,tiny,tiny_add,7,581306,0.3,ms,big,344,581328,4,2,0,1,0,0,2.544186108300278e-07,1.0,0.4341660447568232,307.9106503032446,0.052045997596069746,0.0,0.0024370059991269954,0.0019008449980901787,0.04115001299942378,4.4639999941864517e-05,0.00036660099976870697,0.14856339700054377,0.000064;0.000045;0.000035,0.000367,0.148563,,sequential,2026-10-03T12:44:07+00:00
R4-00907,R4,t2a-standard-4,Linux,6.1.0-53-cloud-arm64,aarch64,0xd0c,arm,4,4,,16.8,3.14.6,CPython,1,forkserver,2.5.3,tiny,tiny_len,434,206768,0.3,seconds,big,967,206791,4,8,0,0,0,0,4.33360983000989e-07,1.0,0.2417605564756488,72.58175341527071,0.20751676526544743,0.0,0.0019201250006517512,0.0011597630036703777,0.0644057649997194,0.000294000999929267,0.0007773620000079973,0.14403993999985687,0.000303;0.000294;0.000257,0.000914;0.000777;0.000619,0.144040,,sequential,2026-10-03T12:44:09+00:00
R4-00908,R4,t2a-standard-4,Linux,6.1.0-53-cloud-arm64,aarch64,0xd0c,arm,4,4,,16.8,3.14.6,CPython,1,forkserver,2.5.3,cpu,cpu_collatz,1340,202,0.0,seconds,normal,115,222,4,4,2,5,0,0,0.007215321856944813,1.0,0.005159216819163852,0.0008481949903289759,0.9816776751972185,0.0,0.10218214899941813,0.000244841000494489,0.04339617100049509,0.8231497180004226,0.8359354829999575,0.2317192749997048,0.823150;0.822950;0.823255,0.835545;0.836008;0.835935,0.230688;0.231719;0.238214,,multiprocessing,2026-10-03T12:44:15+00:00
R4-00909,R4,t2a-standard-4,Linux,6.1.0-53-cloud-arm64,aarch64,0xd0c,arm,4,4,,16.8,3.14.6,CPython,1,forkserver,2.5.3,db,db_file_commit,5,622,0.3,seconds,normal,56,644,4,8,1,0,1,0,0.01271121174977452,0.09809103716900344,0.14964165685588002,0.0006105043547849256,1.1736389637825209,0.0,0.0952478789995439,0.00023592100114910863,0.0644057649997194,0.7968838130000222,0.21849794399986422,0.22954177200062986,0.786544;0.796884;0.804357,0.218498;0.214284;0.222176,0.237969;0.229542;0.223569,,threading,2026-10-03T12:44:19+00:00
R4-00910,R4,t2a-standard-4,Linux,6.1.0-53-cloud-arm64,aarch64,0xd0c,arm,4,4,,16.8,3.14.6,CPython,1,forkserver,2.5.3,db,db_mem_insert_select,10099,1239504,0.3,seconds,big,161,1239527,4,2,1,1,1,0,0.009465062833138896,1.0,0.19186139183152595,0.01842218796247627,0.16352187166505402,0.0,0.3825420459997986,0.0012591630011229427,0.04115001299942378,1.6047754199998963,5.25835275499594,0.851670550999188,1.604775,5.258353,0.851671,threading,multiprocessing,2026-10-03T12:44:29+00:00
R4-00911,R4,t2a-standard-4,Linux,6.1.0-53-cloud-arm64,aarch64,0xd0c,arm,4,4,,16.8,3.14.6,CPython,1,forkserver,2.5.3,mixed,mixed_compute_then_sleep,18145,1039,0.3,ms,normal,34,1062,4,8,1,3,1,0,0.001423898249981903,0.7039586867874866,0.20102376302833905,0.004705392297598342,1.1214231945935629,0.0,0.0223526910003784,0.0010676830006559612,0.08770611799991457,0.04709762599941314,0.035065478999968036,0.015208195000013802,0.057879;0.047098;0.047013,0.035152;0.035065;0.034955,0.015208;0.014704;0.016711,,multiprocessing,2026-10-03T12:44:30+00:00
R4-00912,R4,t2a-standard-4,Linux,6.1.0-53-cloud-arm64,aarch64,0xd0c,arm,4,4,,16.8,3.14.6,CPython,1,forkserver,2.5.3,mixed,mixed_compute_then_sleep,1168,200,0.8,ms,normal,376,220,4,2,1,3,1,0,0.00013590072338511743,0.4596541998337981,0.27829612844655577,0.029418533367533646,1.5638911358372964,0.0,0.021544168000218633,0.0005152020021341741,0.044600820000596286,0.05197499699988839,0.030837108999548946,0.026866180000070017,0.052279;0.051961;0.051975,0.030929;0.030837;0.030656,0.027623;0.026866;0.026765,,multiprocessing,2026-10-03T12:44:31+00:00
R4-00913,R4,t2a-standard-4,Linux,6.1.0-53-cloud-arm64,aarch64,0xd0c,arm,4,4,,16.8,3.14.6,CPython,1,forkserver,2.5.3,gil_release,gil_bz2,17,300000,0.8,ms,big,25,300022,4,2,0,1,0,1,0.0031912871666766782,1.0,0.292969335029062,0.01816618085517492,2.1814231462679032,0.0,0.028670984000200406,0.0010227220000160742,0.044600820000596286,0.08274594399972557,0.041593011999793816,0.04650678300004074,0.082823;0.082746;0.082495,0.041707;0.041362;0.041593,0.049922;0.046507;0.044739,,threading,2026-10-03T12:44:32+00:00
R4-00914,R4,t2a-standard-4,Linux,6.1.0-53-cloud-arm64,aarch64,0xd0c,arm,4,4,,16.8,3.14.6,CPython,1,forkserver,2.5.3,big_payload,big_checksum_head,5601,554381,0.3,seconds,big,360,554404,4,4,1,1,0,0,0.00017860662222422737,1.0,0.1780082906123412,0.410478340816893,1.011330127531379,0.0,0.03431935599928693,0.0022475649993793922,0.04388837699934811,0.06365665999965131,0.06253373699928488,0.1415622300000905,0.063728;0.063657;0.063307,0.063260;0.062425;0.062534,0.149182;0.141562;0.129842,,threading,2026-10-03T12:44:34+00:00
R4-00915,R4,t2a-standard-4,Linux,6.1.0-53-cloud-arm64,aarch64,0xd0c,arm,4,4,,16.8,3.14.6,CPython,1,forkserver,2.5.3,tiny,tiny_len,3,22,0.3,ms,normal,31704,41,4,2,0,0,0,0,1.5083999278431293e-07,1.0,1.9218181241075563,25.28507149271446,0.27249641764001364,0.0,0.005318651999914437,0.003167888014104392,0.044600820000596286,0.0026544459997239755,0.004155728999649,0.014166551000016625,0.002135;0.002671;0.002654,0.004166;0.004156;0.004013,0.014167,,sequential,2026-10-03T12:44:35+00:00
R4-00916,R4,t2a-standard-4,Linux,6.1.0-53-cloud-arm64,aarch64,0xd0c,arm,4,4,,16.8,3.14.6,CPython,1,forkserver,2.5.3,mixed,mixed_json_roundtrip,195,318,0.3,seconds,normal,45,340,4,4,1,1,1,0,0.00683262987490707,0.9773082651474169,0.17556016604536323,0.0007808121168505701,1.0260866338209678,0.0,0.10907355699964683,0.0008480020005663391,0.04388837699934811,0.3083230190004542,0.30738074199962284,0.091454757000065,0.308713;0.308276;0.308323,0.308078;0.307381;0.307127,0.091455;0.096575;0.090134,,multiprocessing,2026-10-03T12:44:37+00:00
R4-00917,R4,t2a-standard-4,Linux,6.1.0-53-cloud-arm64,aarch64,0xd0c,arm,4,4,,16.8,3.14.6,CPython,1,forkserver,2.5.3,cpu,cpu_count_primes,8929,1536,0.8,seconds,normal,60,1559,4,2,2,4,0,0,0.004682116583505073,1.0,0.7733328960155542,0.0010486710077400646,0.7528912064211045,0.0,0.1345938449994719,0.000905121997675451,0.044600820000596286,0.37219171000015194,0.3779945950000183,0.19370244400033698,0.372192;0.372751;0.372112,0.377995;0.378268;0.376652,0.193837;0.193659;0.193702,,multiprocessing,2026-10-03T12:44:41+00:00
R4-00919,R4,t2a-standard-4,Linux,6.1.0-53-cloud-arm64,aarch64,0xd0c,arm,4,4,,16.8,3.14.6,CPython,1,forkserver,2.5.3,recursive,rec_tree_sum,14685,301,0.8,ms,normal,8,324,4,4,0,4,0,0,0.009529828999802703,1.0,0.25413827369315456,0.0013067740786674444,1.5029313703757705,0.5,0.05256281299989496,0.0012692099999185302,0.07797303200004535,0.06695373699949414,0.0817213050004284,0.025088417000006302,0.071797;0.066116;0.066954,0.083272;0.079410;0.081721,0.038386;0.022983;0.025088,,multiprocessing,2026-10-03T13:04:45+00:00
R4-00920,R4,t2a-standard-4,Linux,6.1.0-53-cloud-arm64,aarch64,0xd0c,arm,4,4,,16.8,3.14.6,CPython,1,forkserver,2.5.3,tiny,tiny_dict_lookup,26,340,0.3,ms,normal,141379,362,4,8,0,1,0,0,2.7144250589117293e-07,1.0,2.39809360994382,14.986783491026962,0.4356485679134832,0.0,0.005781529999694612,0.0032561479883952416,0.05271929300033662,0.02366476400038664,0.028889087999232288,0.13477519900061452,0.023665;0.024560;0.023017,0.028860;0.029544;0.028889,0.134775,,sequential,2026-10-03T13:04:46+00:00
R4-00921,R4,t2a-standard-4,Linux,6.1.0-53-cloud-arm64,aarch64,0xd0c,arm,4,4,,16.8,3.14.6,CPython,1,forkserver,2.5.3,algo_rec,algo_flood_fill,4,607201,0.0,seconds,big,329,607223,4,2,3,10,0,0,0.001386907000065745,0.9997475768559233,0.40859656254153104,0.06462059103595436,0.8897641528061196,0.0,0.11306296699967788,0.003339987997605931,0.04650595800012525,0.485954242999469,0.497843663999447,0.3451474009998492,0.484738;0.486581;0.485954,0.497129;0.499429;0.497844,0.365324;0.340582;0.345147,,multiprocessing,2026-10-03T13:04:52+00:00
R4-00922,R4,t2a-standard-4,Linux,6.1.0-53-cloud-arm64,aarch64,0xd0c,arm,4,4,,16.8,3.14.6,CPython,1,forkserver,2.5.3,cpu,cpu_sum_squares,1595,198,0.3,seconds,normal,14647,218,4,8,1,2,0,0,8.204893247074124e-05,1.0,0.20126866871814977,0.05238337639731231,1.004401236082423,0.0,0.10129497700017964,0.0016227329906541854,0.05271929300033662,1.1789323929997408,1.1954927259994292,0.32774458000039886,1.177872;1.178932;1.179059,1.195493;1.193595;1.195816,0.336154;0.327745;0.324716,,multiprocessing,2026-10-03T13:05:01+00:00
R4-00923,R4,t2a-standard-4,Linux,6.1.0-53-cloud-arm64,aarch64,0xd0c,arm,4,4,,16.8,3.14.6,CPython,1,forkserver,2.5.3,algo_rec,algo_flood_fill,7,176,0.0,ms,normal,8,195,4,2,3,10,0,0,0.0026519816665313556,1.0,0.20864730623692798,0.003881499983468082,0.8139789749303201,0.0,0.017412703999980295,0.00021464299970830325,0.04650595800012525,0.022391225000319537,0.023276672999600123,0.015609488999871246,0.022391;0.022325;0.022421,0.023363;0.022789;0.023277,0.016424;0.014991;0.015609,,multiprocessing,2026-10-03T13:05:01+00:00
R4-00924,R4,t2a-standard-4,Linux,6.1.0-53-cloud-arm64,aarch64,0xd0c,arm,4,4,,16.8,3.14.6,CPython,1,forkserver,2.5.3,big_result,result_matrix_lists,25,616092,0.0,ms,big,138,616114,4,2,2,5,0,0,8.481479410286684e-05,1.0,0.12950195908668422,1.3975504062550155,0.8905157604849788,0.0,0.009294917000261194,0.0031602270009898348,0.04650595800012525,0.011598694999520376,0.01212849900002766,0.057283151999399706,0.012223;0.011512;0.011599,0.012440;0.012128;0.011850,0.057283;0.061911;0.054039,,sequential,2026-10-03T13:05:02+00:00
R4-00925,R4,t2a-standard-4,Linux,6.1.0-53-cloud-arm64,aarch64,0xd0c,arm,4,4,,16.8,3.14.6,CPython,1,forkserver,2.5.3,tiny,tiny_len,792,180,0.8,ms,normal,85404,199.9,4,8,0,0,0,0,1.8746150271908847e-07,1.0,1.4462538638201738,23.354395427097685,0.5283531974393912,0.0,0.005098362000353518,0.0032624269952066243,0.05271929300033662,0.007239459999254905,0.011913657999684801,0.042660029999751714,0.007239;0.007734;0.006124,0.011974;0.011914;0.011708,0.042660,,sequential,2026-10-03T13:05:03+00:00
R4-00926,R4,t2a-standard-4,Linux,6.1.0-53-cloud-arm64,aarch64,0xd0c,arm,4,4,,16.8,3.14.6,CPython,1,forkserver,2.5.3,algo_rec,algo_flood_fill,2,1583249,0.0,ms,big,36,1583271,4,8,3,10,0,0,0.0009291497778273575,1.0,0.3797275202715228,0.3071985283149628,0.8930308253578891,0.0,0.02027952699972957,0.002788384999803384,0.05271929300033662,0.030774572000154876,0.03264666700033558,0.042932631999974546,0.030775;0.030642;0.031941,0.032647;0.032856;0.032321,0.052933;0.042462;0.042933,,sequential,2026-10-03T13:05:04+00:00
R4-00927,R4,t2a-standard-4,Linux,6.1.0-53-cloud-arm64,aarch64,0xd0c,arm,4,4,,16.8,3.14.6,CPython,1,forkserver,2.5.3,algo_rec,algo_lcs_memo,1,1204,0.0,ms,normal,36,1226,4,4,1,10,0,0,0.0028100273333014534,1.0,0.19651125640871575,0.00206249483712589,0.9522536405777764,0.0,0.05194642400056182,0.0014425720009967335,0.07797303200004535,0.0923403140004666,0.09832276300039666,0.03630629700001009,0.090971;0.092340;0.093005,0.098323;0.123176;0.093957,0.032502;0.036306;0.039617,,multiprocessing,2026-10-03T13:05:05+00:00
R4-00928,R4,t2a-standard-4,Linux,6.1.0-53-cloud-arm64,aarch64,0xd0c,arm,4,4,,16.8,3.14.6,CPython,1,forkserver,2.5.3,numpy,np_fft,88181,925526,0.0,ms,big,8,925560,4,2,0,0,0,1,0.013200227666857245,1.0,0.04263288166571486,0.010154446066620384,1.3037892730889555,0.0,0.07027429299978394,0.001148289999946428,0.04650595800012525,0.10230183099974965,0.05366911599958257,0.06277423099982116,0.102460;0.102093;0.102302,0.056914;0.052333;0.053669,0.112648;0.062774;0.056123,,threading,2026-10-03T13:05:07+00:00
R4-00929,R4,t2a-standard-4,Linux,6.1.0-53-cloud-arm64,aarch64,0xd0c,arm,4,4,,16.8,3.14.6,CPython,1,forkserver,2.5.3,db,db_mem_insert_select,7715,666,0.0,ms,normal,10,689,4,2,1,1,1,0,0.008128933000079996,1.0,0.008459743403618828,0.0012301738317655028,0.2252302065671509,0.5,0.13296596100008173,0.0008295269999507582,0.04650595800012525,0.08024933199976658,0.34885210700031166,0.04331663099947036,0.080249;0.080203;0.080436,0.348852,0.043627;0.043317;0.043298,,multiprocessing,2026-10-03T13:05:08+00:00
R4-00930,R4,t2a-standard-4,Linux,6.1.0-53-cloud-arm64,aarch64,0xd0c,arm,4,4,,16.8,3.14.6,CPython,1,forkserver,2.5.3,cpu,cpu_count_primes,106,1270567,0.0,seconds,big,157,1270589,4,2,2,4,0,0,1.8267846126736214e-05,1.0,0.10400709007754057,10.771910305191344,0.6711620910278372,0.0,0.006597774000510981,0.00475327900130651,0.04650595800012525,0.0028258629999982077,0.0031487460000789724,0.12237170900061756,0.002862;0.002826;0.002813,0.003249;0.003149;0.003079,0.122372,,sequential,2026-10-03T13:05:09+00:00
R4-00931,R4,t2a-standard-4,Linux,6.1.0-53-cloud-arm64,aarch64,0xd0c,arm,4,4,,16.8,3.14.6,CPython,1,forkserver,2.5.3,mixed,mixed_parse_lines,2,6556,0.0,seconds,normal,12126,6578,4,4,2,3,1,0,0.0007151560571531133,0.9001688130083466,0.018910435745005904,0.007318752265274486,1.051349329296851,0.5,0.09888951700031612,0.0011895289999301895,0.07797303200004535,8.623782538999876,8.242751471999327,2.203173152999625,8.623783;8.613272;8.638201,8.209870;8.244366;8.242751,2.203173;2.205080;2.201350,,multiprocessing,2026-10-03T13:06:08+00:00
R4-00932,R4,t2a-standard-4,Linux,6.1.0-53-cloud-arm64,aarch64,0xd0c,arm,4,4,,16.8,3.14.6,CPython,1,forkserver,2.5.3,text,text_csv_parse,15,370,0.0,ms,normal,8,392,4,8,2,3,0,0,0.004400550000051832,1.0,0.2931835335023854,0.0021209470319031596,0.9743545673683902,0.0,0.024910449999879347,0.000908404999790946,0.05271929300033662,0.027250987000115856,0.028140353000708274,0.012585965999278415,0.027498;0.027251;0.026836,0.028140;0.028291;0.027845,0.013836;0.012586;0.008130,,multiprocessing,2026-10-03T13:06:08+00:00
R4-00933,R4,t2a-standard-4,Linux,6.1.0-53-cloud-arm64,aarch64,0xd0c,arm,4,4,,16.8,3.14.6,CPython,1,forkserver,2.5.3,tiny,tiny_len,4,167,0.8,ms,normal,91916,186,4,8,0,0,0,0,1.605009952072578e-07,1.0,1.6624190545635036,26.155600698386735,0.46935829476647367,0.0,0.004479750999962562,0.002733940010330116,0.05271929300033662,0.006783365999581292,0.011545998999281437,0.056776907999847026,0.006574;0.008614;0.006783,0.011546;0.012339;0.010535,0.056777,,sequential,2026-10-03T13:06:09+00:00
R4-00934,R4,t2a-standard-4,Linux,6.1.0-53-cloud-arm64,aarch64,0xd0c,arm,4,4,,16.8,3.14.6,CPython,1,forkserver,2.5.3,big_result,result_matrix_lists,137,1780659,0.3,ms,big,28,1780681,4,2,2,5,0,0,0.0020339795711541747,1.0,0.3632225336184509,0.357112309883359,0.8940308979118499,0.0,0.03650304800066806,0.005344396002328722,0.04650595800012525,0.06264062700029172,0.06366083400007483,0.06607972999972844,0.063578;0.062605;0.062641,0.063230;0.063661;0.065078,0.066080;0.068286;0.066008,,sequential,2026-10-03T13:06:10+00:00
R4-00935,R4,t2a-standard-4,Linux,6.1.0-53-cloud-arm64,aarch64,0xd0c,arm,4,4,,16.8,3.14.6,CPython,1,forkserver,2.5.3,gil_release,gil_numpy_matmul,27,91481,0.0,ms,normal,538,91503,4,2,0,2,0,1,0.0001006317238873757,1.0,0.10393506387139838,0.13310017355825676,1.2725249614539016,0.0,0.025453852999817173,0.001323048998528975,0.04650595800012525,0.05477353199967183,0.04118983999978809,0.04834860899973137,0.053303;0.055575;0.054774,0.041893;0.040608;0.041190,0.050571;0.048061;0.048349,,threading,2026-10-03T13:06:11+00:00
R4-00936,R4,t2a-standard-4,Linux,6.1.0-53-cloud-arm64,aarch64,0xd0c,arm,4,4,,16.8,3.14.6,CPython,1,forkserver,2.5.3,tiny,tiny_len,26,323,0.8,seconds,normal,200000,345,4,2,0,0,0,0,1.9370049676581402e-07,1.0,1.7860142483353487,21.29085904740084,0.45534626116266147,0.0,0.0047564319993398385,0.0027656600059344782,0.04650595800012525,0.024832047999552742,0.03384102899963182,0.12176758300029178,0.025328;0.024832;0.024364,0.033841;0.032472;0.034233,0.121181;0.121768;0.122552,,sequential,2026-10-03T13:06:13+00:00
R4-00937,R4,t2a-standard-4,Linux,6.1.0-53-cloud-arm64,aarch64,0xd0c,arm,4,4,,16.8,3.14.6,CPython,1,forkserver,2.5.3,tiny,tiny_add,34,59,0.3,ms,normal,20238,78,4,8,0,1,0,0,1.3566150846600066e-07,1.0,0.26817294351543847,29.367210107955138,0.4834757090602997,0.0,0.0045265099997777725,0.002959778983495198,0.05271929300033662,0.001401370000166935,0.0029519399995479034,0.0328385819993855,0.001356;0.001934;0.001401,0.003012;0.002492;0.002952,0.032839,,sequential,2026-10-03T13:06:13+00:00
R4-00938,R4,t2a-standard-4,Linux,6.1.0-53-cloud-arm64,aarch64,0xd0c,arm,4,4,,16.8,3.14.6,CPython,1,forkserver,2.5.3,cpu,cpu_collatz,24,632,0.0,ms,normal,5856,654,4,2,2,5,0,0,1.9967454931535884e-05,1.0,0.06104028303800726,0.20533664159858156,0.9842788542761802,0.0,0.06219821900049283,0.00268546098141087,0.04650595800012525,0.11540833600065525,0.11782803400001285,0.06617416599965509,0.115303;0.115728;0.115408,0.117831;0.117828;0.117573,0.062046;0.066174;0.067007,,multiprocessing,2026-10-03T13:06:15+00:00
R4-00939,R4,t2a-standard-4,Linux,6.1.0-53-cloud-arm64,aarch64,0xd0c,arm,4,4,,16.8,3.14.6,CPython,1,forkserver,2.5.3,cpu,cpu_count_primes,835,45,0.0,ms,normal,153,65,4,2,2,4,0,0,0.0002806261052587376,1.0,0.024820446938689022,0.014624441545160315,0.9519765390625118,0.0,0.02226926899948012,0.00035540199951356044,0.04650595800012525,0.04271464600060426,0.04366885299987189,0.027156621999893105,0.042701;0.042827;0.042715,0.043669;0.043795;0.043516,0.023070;0.027157;0.027363,,multiprocessing,2026-10-03T13:06:16+00:00
R4-00940,R4,t2a-standard-4,Linux,6.1.0-53-cloud-arm64,aarch64,0xd0c,arm,4,4,,16.8,3.14.6,CPython,1,forkserver,2.5.3,cpu,cpu_collatz,91,257507,0.8,ms,big,180,257529,4,4,2,5,0,0,0.0003036918221874253,1.0,0.4954933712236398,0.12592452979484414,1.2642263641466338,0.0,0.02544637099981628,0.0010825670015037758,0.07797303200004535,0.04456073799974547,0.04582614599985391,0.03850817700003972,0.044528;0.044660;0.044561,0.045708;0.045983;0.045826,0.038508;0.042352;0.035292,,multiprocessing,2026-10-03T13:06:17+00:00
R4-00941,R4,t2a-standard-4,Linux,6.1.0-53-cloud-arm64,aarch64,0xd0c,arm,4,4,,16.8,3.14.6,CPython,1,forkserver,2.5.3,tiny,tiny_small_loop,92,296,0.8,seconds,normal,200000,318,4,4,0,0,0,0,8.361054851775407e-07,0.9948880157294893,1.4199670611871722,5.726550188604262,0.8359343239469202,0.0,0.007689851999202801,0.003260943028180918,0.07797303200004535,0.14641429299990705,0.15625700100008544,0.13175667799987423,0.146493;0.146000;0.146414,0.155704;0.156257;0.157270,0.131757;0.130366;0.144869,,multiprocessing,2026-10-03T13:06:19+00:00
R4-00942,R4,t2a-standard-4,Linux,6.1.0-53-cloud-arm64,aarch64,0xd0c,arm,4,4,,16.8,3.14.6,CPython,1,forkserver,2.5.3,db,db_file_commit,4,639,0.3,seconds,normal,60,661,4,4,1,0,1,0,0.009581936833455984,0.11015039951946291,0.12796732354620688,0.0008043085383641826,0.9933149457928651,0.0,0.11453507900023396,0.0009896869996737223,0.07797303200004535,0.6245067750005546,0.2852138369999011,0.2947995380000066,0.624507;0.613977;0.633953,0.313815;0.285214;0.283821,0.299675;0.290728;0.294800,,threading,2026-10-03T13:06:23+00:00
R4-00943,R4,t2a-standard-4,Linux,6.1.0-53-cloud-arm64,aarch64,0xd0c,arm,4,4,,16.8,3.14.6,CPython,1,forkserver,2.5.3,text,text_format_report,12,1065,0.3,ms,normal,4623,1087,4,2,1,2,0,0,1.6323083981625168e-05,1.0,0.19261811877788756,0.2661292503297843,0.964878066164315,0.0,0.04126150999945821,0.002408377001302142,0.04650595800012525,0.07520801200007554,0.07646434000071167,0.04112006899958942,0.075208;0.075515;0.074676,0.076464;0.075989;0.076636,0.046193;0.041120;0.040525,,multiprocessing,2026-10-03T13:06:24+00:00
R4-00944,R4,t2a-standard-4,Linux,6.1.0-53-cloud-arm64,aarch64,0xd0c,arm,4,4,,16.8,3.14.6,CPython,1,forkserver,2.5.3,gil_release,gil_sha256,20,10649,0.8,ms,normal,243,10671,4,8,1,1,0,1,0.00012948884994633166,1.0,0.4714649396150381,0.04309289981331794,1.5722988420506532,0.0,0.013735170000472863,0.000897485003406473,0.05271929300033662,0.03287397400072223,0.044776972999898135,0.018668042000172136,0.032854;0.032874;0.032925,0.044504;0.044777;0.044894,0.018668;0.016766;0.029659,,multiprocessing,2026-10-03T13:06:25+00:00
R4-00945,R4,t2a-standard-4,Linux,6.1.0-53-cloud-arm64,aarch64,0xd0c,arm,4,4,,16.8,3.14.6,CPython,1,forkserver,2.5.3,recursive,rec_tree_sum,62725,1688533,0.0,ms,big,8,1688556,4,4,0,4,0,0,0.0254904590001388,1.0,0.17534995522075567,0.010263251836681154,1.16823033527031,0.0,0.1461986309996064,0.0009801669993976247,0.07797303200004535,0.21048944599988317,0.2304922159992202,0.06905532699965988,0.199120;0.210489;0.214257,0.224651;0.230492;0.236687,0.060645;0.070256;0.069055,,multiprocessing,2026-10-03T13:06:28+00:00
R4-00946,R4,t2a-standard-4,Linux,6.1.0-53-cloud-arm64,aarch64,0xd0c,arm,4,4,,16.8,3.14.6,CPython,1,forkserver,2.5.3,tiny,tiny_len,98,463901,0.8,seconds,big,431,463923,4,4,0,0,0,0,4.385140519529346e-07,1.0,0.2870692466553007,157.0176590766124,0.11500813747360315,12.9,0.0023096549994079396,0.0017391709961884771,0.07797303200004535,7.804000051692128e-05,0.000570503999824723,0.15361259099972813,0.000150;0.000078;0.000043,0.000653;0.000488,0.153613,,sequential,2026-10-03T13:06:29+00:00
R4-00947,R4,t2a-standard-4,Linux,6.1.0-53-cloud-arm64,aarch64,0xd0c,arm,4,4,,16.8,3.14.6,CPython,1,forkserver,2.5.3,big_payload,big_reverse,8,238348,0.3,seconds,big,839,238370,4,8,0,0,0,0,0.00014943962202069175,0.99968358428133,0.04854101931162993,0.43599180120392284,0.685110906190366,17.6,0.07914270900073461,0.0021807739985888475,0.05271929300033662,0.12556752300042717,0.14393543999995018,1.6894898349992218,0.137898;0.125568;0.125186,0.180757;0.143935;0.131058,1.689490,multiprocessing,sequential,2026-10-03T13:06:33+00:00
R4-00948,R4,t2a-standard-4,Linux,6.1.0-53-cloud-arm64,aarch64,0xd0c,arm,4,4,,16.8,3.14.6,CPython,1,forkserver,2.5.3,db,db_file_lookup,220,30,0.3,seconds,normal,3050,49.15,4,8,1,5,1,0,0.0018285030713351652,0.9997274863453016,0.14738449713963464,0.0021405487891838623,0.31901907946588126,0.0,0.2117509500003507,0.0014360490022227168,0.05475162899983843,5.52564320700003,8.035733584998525,1.407146716999705,5.525643,8.035734,1.407147,threading,multiprocessing,2026-10-03T13:06:49+00:00
R4-00949,R4,t2a-standard-4,Linux,6.1.0-53-cloud-arm64,aarch64,0xd0c,arm,4,4,,16.8,3.14.6,CPython,1,forkserver,2.5.3,big_payload,big_reverse,6,106694,0.8,ms,big,927,106716,4,4,0,0,0,0,9.729235929413548e-05,1.0,0.06712444565534445,0.3614276605880555,0.963329508577903,0.0,0.048217092000413686,0.0021888940027565695,0.08063744899936864,0.08781753000039316,0.0851155939999444,1.467760434999036,0.093552;0.086569;0.087818,0.094871;0.085116;0.084572,1.467760,multiprocessing,threading,2026-10-03T13:06:52+00:00
R4-00950,R4,t2a-standard-4,Linux,6.1.0-53-cloud-arm64,aarch64,0xd0c,arm,4,4,,16.8,3.14.6,CPython,1,forkserver,2.5.3,cpu,cpu_matmul_lists,6,24,0.0,ms,normal,13607,43,4,8,3,5,0,0,2.0158081493264034e-05,0.9996199222291886,0.056296753862178125,0.18880764999573113,0.9834765214989789,0.0,0.0858913179999945,0.0037965030132909305,0.06055840499993792,0.2726217990002624,0.2780073470003117,0.0846767089997229,0.271722;0.272622;0.273449,0.278301;0.278007;0.277680,0.085579;0.084677;0.079537,,multiprocessing,2026-10-03T13:06:54+00:00
R4-00951,R4,t2a-standard-4,Linux,6.1.0-53-cloud-arm64,aarch64,0xd0c,arm,4,4,,16.8,3.14.6,CPython,1,forkserver,2.5.3,algo_rec,algo_lcs_memo,4,1205,0.8,seconds,normal,77,1227,4,4,1,10,0,0,0.008618264833330613,0.9999808774123987,0.5503095289688953,0.000775117348102733,0.6211358651437154,0.0,0.143343057000493,0.001359929000500415,0.04224125200016715,0.8383020410001336,0.8658700679998219,0.2451314199997796,0.838302;0.836079;0.978345,0.865870;0.879987;0.865074,0.245131;0.244733;0.252249,,multiprocessing,2026-10-03T13:07:01+00:00
R4-00952,R4,t2a-standard-4,Linux,6.1.0-53-cloud-arm64,aarch64,0xd0c,arm,4,4,,16.8,3.14.6,CPython,1,forkserver,2.5.3,text,text_format_report,14986,197,0.8,ms,normal,8,217,4,2,1,2,0,0,0.02162539333312452,1.0,0.1734364231166585,0.00045132127832194413,1.0646791619937264,0.0,0.1271136639998076,0.0008665650002512848,0.04182008499992662,0.1400327390001621,0.14244259299994155,0.07765569499952107,0.140033;0.139881;0.140077,0.142443;0.142663;0.141997,0.077656;0.080203;0.077131,,multiprocessing,2026-10-03T13:07:03+00:00
R4-00953,R4,t2a-standard-4,Linux,6.1.0-53-cloud-arm64,aarch64,0xd0c,arm,4,4,,16.8,3.14.6,CPython,1,forkserver,2.5.3,io,io_sleep_return_payload,446,19279,0.0,ms,normal,34,19302,4,8,0,1,1,0,0.0005218080000304326,0.02286613041665407,0.027313929724207393,0.01919312294643334,1.712128118058499,0.0,0.007313242000236642,0.0006269239993343945,0.06055840499993792,0.017315301000053296,0.00323721899985685,0.054589917000157584,0.017315,0.003236;0.003318;0.003237,0.054590,,threading,2026-10-03T13:07:04+00:00
R4-00954,R4,t2a-standard-4,Linux,6.1.0-53-cloud-arm64,aarch64,0xd0c,arm,4,4,,16.8,3.14.6,CPython,1,forkserver,2.5.3,db,db_file_commit,1,7015,0.8,seconds,normal,90,7037,4,2,1,0,1,0,0.0037174016429162293,0.12986655050146154,0.4111411720923918,0.0013703888668816948,1.3293270172866263,0.0,0.0890963579995514,0.0010486059982213192,0.04182008499992662,0.3332863660007206,0.21906687000046077,0.21332915299990418,0.330172;0.352355;0.333286,0.224361;0.219067;0.214210,0.225171;0.207501;0.213329,,multiprocessing,2026-10-03T13:07:06+00:00
R4-00955,R4,t2a-standard-4,Linux,6.1.0-53-cloud-arm64,aarch64,0xd0c,arm,4,4,,16.8,3.14.6,CPython,1,forkserver,2.5.3,algo_iter,algo_edit_distance,3643,1663,0.0,ms,normal,396,1686,4,4,2,16,0,0,0.0006736486799976168,1.0,0.009034942089746088,0.006169387776086636,0.9809123072181299,0.0,0.10365975799959415,0.0015667299994674977,0.04224125200016715,0.26681121199999325,0.27152008099983505,0.08390096299990546,0.266788;0.266811;0.266915,0.271520;0.270601;0.271676,0.083901;0.090177;0.079940,,multiprocessing,2026-10-03T13:07:09+00:00
R4-00956,R4,t2a-standard-4,Linux,6.1.0-53-cloud-arm64,aarch64,0xd0c,arm,4,4,,16.8,3.14.6,CPython,1,forkserver,2.5.3,gil_release,gil_sha256,838,215106,0.8,ms,big,8,215129,4,2,1,1,0,1,0.1369284753333583,1.0,0.05280390070143092,0.00025463415259803783,2.4677265810060263,0.0,0.5829105279999567,0.0007854830000724178,0.04182008499992662,0.8717837619997226,0.4839433859997371,0.48372813599962683,0.871761;0.871784;0.872329,0.483943;0.483172;0.484311,0.484131;0.483728;0.483587,,multiprocessing,2026-10-03T13:07:16+00:00
R4-00957,R4,t2a-standard-4,Linux,6.1.0-53-cloud-arm64,aarch64,0xd0c,arm,4,4,,16.8,3.14.6,CPython,1,forkserver,2.5.3,text,text_csv_parse,17,766,0.8,seconds,normal,23,788,4,4,2,3,0,0,0.00844549459998234,1.0,0.38012439237727313,0.0007947433087352147,1.1927555426459169,0.0,0.07754370699967694,0.0009252449999621604,0.04224125200016715,0.17608380899946496,0.1862952649998988,0.057848398999340134,0.176084;0.176561;0.175886,0.186295;0.185504;0.186609,0.057848;0.065095;0.056520,,multiprocessing,2026-10-03T13:07:23+00:00
R4-00958,R4,t2a-standard-4,Linux,6.1.0-53-cloud-arm64,aarch64,0xd0c,arm,4,4,,16.8,3.14.6,CPython,1,forkserver,2.5.3,tiny,tiny_dict_lookup,14,335,0.8,seconds,normal,200000,357,4,4,0,1,0,0,2.696414899219235e-07,1.0,0.30135849365791095,13.91477228032445,0.6176302798752312,0.0,0.005376590000196302,0.0031981380207071197,0.04224125200016715,0.03424354800063156,0.04254763200060552,0.11236785500022961,0.033913;0.034244;0.035999,0.043240;0.042548;0.042290,0.120064;0.109726;0.112368,,sequential,2026-10-03T13:07:24+00:00
R4-00959,R4,t2a-standard-4,Linux,6.1.0-53-cloud-arm64,aarch64,0xd0c,arm,4,4,,16.8,3.14.6,CPython,1,forkserver,2.5.3,cpu,cpu_matmul_lists,20,417,0.0,seconds,normal,883,439,4,2,3,5,0,0,0.0005264087579569987,1.0,0.009222289010934775,0.007648049110901332,0.9768293488974341,0.0,0.10173919400040177,0.00045936299466120545,0.04182008499992662,0.46322256500025105,0.4733972800004267,0.23430963499959034,0.463223;0.463693;0.462197,0.473452;0.472214;0.473397,0.234310;0.234404;0.234301,,multiprocessing,2026-10-03T13:07:29+00:00
R4-00960,R4,t2a-standard-4,Linux,6.1.0-53-cloud-arm64,aarch64,0xd0c,arm,4,4,,16.8,3.14.6,CPython,1,forkserver,2.5.3,algo_rec,algo_lcs_memo,1,25,0.8,seconds,normal,520,44,4,8,1,10,0,0,0.0026599553685197237,1.0,0.3468390326136801,0.0014618567479481848,0.8609458048538224,0.0,0.11010295300002326,0.00034416299786244053,0.06055840499993792,1.431650245000128,1.4798844189999727,0.41051681600038137,1.430600;1.647789;1.431650,1.632557;1.479325;1.479884,0.413685;0.410517;0.397390,,multiprocessing,2026-10-03T13:07:39+00:00
R4-00961,R4,t2a-standard-4,Linux,6.1.0-53-cloud-arm64,aarch64,0xd0c,arm,4,4,,16.8,3.14.6,CPython,1,forkserver,2.5.3,big_result,result_long_string,1002,774930,0.0,seconds,big,29,774953,4,2,1,1,0,0,0.035001635666958464,1.0,0.11687446888019609,0.0031179590540620574,0.8663698688241359,0.0,0.23596054799963895,0.0010693249987525633,0.04182008499992662,1.1640037209999718,1.3340342040000905,0.5496944979995533,1.164004;1.157916;1.178634,1.334034;1.368759;1.328125,0.547917;0.635347;0.549694,,multiprocessing,2026-10-03T13:07:50+00:00
R4-00962,R4,t2a-standard-4,Linux,6.1.0-53-cloud-arm64,aarch64,0xd0c,arm,4,4,,16.8,3.14.6,CPython,1,forkserver,2.5.3,recursive,rec_nqueens,26,1373203,0.8,seconds,big,145,1373225,4,2,1,10,0,0,0.004654539727198426,1.0,0.49356697155966583,0.04107135913177792,1.0771834817809067,0.0,0.09948966000047221,0.003247977000683022,0.04182008499992662,0.5592690499997843,0.5649926429996412,0.3885990059998221,0.559269;0.753305;0.558004,0.563566;0.565850;0.564993,0.396052;0.387287;0.388599,,multiprocessing,2026-10-03T13:07:56+00:00
R4-00963,R4,t2a-standard-4,Linux,6.1.0-53-cloud-arm64,aarch64,0xd0c,arm,4,4,,16.8,3.14.6,CPython,1,forkserver,2.5.3,tiny,tiny_dict_lookup,3,832978,0.0,seconds,big,240,833000,4,2,0,1,0,0,5.773333365747628e-07,1.0,0.6769975725194369,201.839288480034,0.08801445576172917,0.0,0.003127615999801492,0.00264629400044214,0.04182008499992662,8.139999954437371e-05,0.0005245629999990342,0.13235013299981802,0.000081;0.000083;0.000039,0.000525,0.132350,,sequential,2026-10-03T13:07:57+00:00
R4-00964,R4,t2a-standard-4,Linux,6.1.0-53-cloud-arm64,aarch64,0xd0c,arm,4,4,,16.8,3.14.6,CPython,1,forkserver,2.5.3,io,io_sleep_return_payload,8119,52554,0.8,seconds,normal,104,52577,4,4,0,1,1,0,0.00843118800018298,0.001502018792304789,0.3912962846843064,0.0035226549836539166,1.8131749865065259,0.0,0.07709029899979214,0.00043624299905786756,0.04224125200016715,0.824103608999394,0.22959108400027617,0.263975013000163,0.824104;0.824054;0.824463,0.229591;0.229595;0.229262,0.306907;0.263975;0.260268,,threading,2026-10-03T13:08:02+00:00
R4-00965,R4,t2a-standard-4,Linux,6.1.0-53-cloud-arm64,aarch64,0xd0c,arm,4,4,,16.8,3.14.6,CPython,1,forkserver,2.5.3,tiny,tiny_dict_lookup,40,79,0.0,seconds,normal,200000,98,4,8,0,1,0,0,2.7196050132261005e-07,1.0,1.2961977005740355,13.840244724253637,0.5614089832406327,0.5,0.005152345000169589,0.002892615997552639,0.06055840499993792,0.039737793000313104,0.049927002000003995,0.0730608329995448,0.039738;0.039551;0.039972,0.049753;0.049927;0.049982,0.071584;0.073061;0.092654,,sequential,2026-10-03T13:08:03+00:00
R4-00966,R4,t2a-standard-4,Linux,6.1.0-53-cloud-arm64,aarch64,0xd0c,arm,4,4,,16.8,3.14.6,CPython,1,forkserver,2.5.3,big_result,result_sorted_pairs,5982,301,0.8,seconds,normal,1101,324,4,8,1,4,0,0,0.0028431871111125576,0.9998569125739495,0.5348112644929746,0.6731898756469127,0.8109386349916279,0.0,0.1446125390002635,0.03534364999995887,0.06055840499993792,4.590502660999846,4.703556202999607,2.792298098000174,4.568710;4.590503;4.610410,4.676200;4.902264;4.703556,2.841275;2.792298;2.660028,,multiprocessing,2026-10-03T13:08:40+00:00
R4-00967,R4,t2a-standard-4,Linux,6.1.0-53-cloud-arm64,aarch64,0xd0c,arm,4,4,,16.8,3.14.6,CPython,1,forkserver,2.5.3,text,text_regex_findall,22,576008,0.0,seconds,big,9,576030,4,2,1,1,0,0,0.766905698666657,0.999972871164994,0.00014986203944388656,0.00010857527868854626,1.0710538400194956,0.0,4.449739521999618,0.0009537239993733237,0.04182008499992662,6.807572908999646,7.067356898000071,3.930451107999943,6.793783;6.807573;6.810634,7.067357;7.054373;7.067848,3.936924;3.926418;3.930451,,multiprocessing,2026-10-03T13:09:40+00:00
R4-00968,R4,t2a-standard-4,Linux,6.1.0-53-cloud-arm64,aarch64,0xd0c,arm,4,4,,16.8,3.14.6,CPython,1,forkserver,2.5.3,db,db_file_commit,5,14835,0.0,ms,normal,8,14857,4,8,1,0,1,0,0.015012584999870645,0.1040451559105552,0.11706212804947959,0.0008366313968781741,1.1590402933578894,0.5,0.08122300000013638,0.0002380010000706534,0.06055840499993792,0.12022757499926229,0.031215667000651592,0.031025866999698337,0.120228,0.061061;0.027673;0.031216,0.035811;0.023071;0.031026,,multiprocessing,2026-10-03T13:09:41+00:00
R4-00969,R4,t2a-standard-4,Linux,6.1.0-53-cloud-arm64,aarch64,0xd0c,arm,4,4,,16.8,3.14.6,CPython,1,forkserver,2.5.3,algo_rec,algo_flood_fill,41,153,0.3,seconds,normal,500,172,4,2,3,10,0,0,0.016875127999810502,0.9999130217269768,0.13301373412622305,0.0005866622105346571,1.0616954102963903,0.0,0.13450918200032902,0.001863566000793071,0.04182008499992662,7.357723717000226,7.512930900000356,3.67512314600026,7.346207;7.357724;7.374443,7.512931;7.495893;7.518379,3.675123;3.685782;3.670020,,multiprocessing,2026-10-03T13:10:37+00:00
R4-00970,R4,t2a-standard-4,Linux,6.1.0-53-cloud-arm64,aarch64,0xd0c,arm,4,4,,16.8,3.14.6,CPython,1,forkserver,2.5.3,db,db_mem_insert_select,29,27,0.3,seconds,normal,25542,46,4,2,1,1,1,0,0.00013558936786667536,1.0,0.11159568401153719,0.025827984693084078,0.8572838194684647,8.5,0.10955130100046517,0.0017396039929735707,0.04182008499992662,3.369204622000325,3.9723196659997484,1.6083892990000095,3.369205;3.370027;3.364218,3.972320;5.762864;3.817097,1.608389;1.680207;1.579573,,multiprocessing,2026-10-03T13:11:06+00:00
R4-00971,R4,t2a-standard-4,Linux,6.1.0-53-cloud-arm64,aarch64,0xd0c,arm,4,4,,16.8,3.14.6,CPython,1,forkserver,2.5.3,gil_release,gil_sha256,473,242871,0.3,seconds,big,8,242894,4,2,1,1,0,1,0.060623386333342445,1.0,0.1427244017200827,0.0006888430686893328,1.205826392830867,0.0,0.3361174909996407,0.00032820099931996083,0.04182008499992662,0.5517671540001174,0.28558344399971247,0.28743657100039854,0.551915;0.551654;0.551767,0.285777;0.285583;0.285524,0.287437;0.291451;0.287038,,threading,2026-10-03T13:11:11+00:00
R4-00972,R4,t2a-standard-4,Linux,6.1.0-53-cloud-arm64,aarch64,0xd0c,arm,4,4,,16.8,3.14.6,CPython,1,forkserver,2.5.3,cpu,cpu_count_primes,2409,194575,0.3,ms,big,10,194598,4,4,2,4,0,0,0.0009726956665569256,1.0,0.16154470898359766,0.03695606046084038,0.6140701846317733,0.0,0.008549301000130072,0.000802803000624408,0.04224125200016715,0.012517389000095136,0.013001950000216311,0.010164543999962916,0.012517;0.012497;0.012541,0.013086;0.013002;0.012901,0.006473;0.021909;0.010165,,multiprocessing,2026-10-03T13:11:11+00:00
R4-00973,R4,t2a-standard-4,Linux,6.1.0-53-cloud-arm64,aarch64,0xd0c,arm,4,4,,16.8,3.14.6,CPython,1,forkserver,2.5.3,big_payload,big_checksum_head,204,442433,0.0,seconds,big,452,442455,4,2,1,1,0,0,6.72602660431675e-06,1.0,0.1388523370177812,10.227762095099187,0.6312828534521091,0.5,0.004195329999674868,0.002136565993168915,0.04182008499992662,0.0029424469994410174,0.0033842080001704744,0.13721196400001645,0.002991;0.002894;0.002942,0.003384;0.003391;0.003244,0.137212,,sequential,2026-10-03T13:11:13+00:00
R4-00974,R4,t2a-standard-4,Linux,6.1.0-53-cloud-arm64,aarch64,0xd0c,arm,4,4,,16.8,3.14.6,CPython,1,forkserver,2.5.3,tiny,tiny_small_loop,12,647629,0.8,seconds,big,308,647651,4,2,0,0,0,0,1.3672726898032313e-06,1.0,2.9143965383224737,66.22687671684083,0.24095645601575408,0.0,0.003094888000305218,0.002470247002747783,0.04182008499992662,8.364000041183317e-05,0.0004477210000004561,0.12295572800030641,0.000122;0.000084;0.000069,0.000448;0.000447,0.122956,,sequential,2026-10-03T13:11:14+00:00
R4-00975,R4,t2a-standard-4,Linux,6.1.0-53-cloud-arm64,aarch64,0xd0c,arm,4,4,,16.8,3.14.6,CPython,1,forkserver,2.5.3,mixed,mixed_json_roundtrip,4,501,0.3,seconds,normal,2617,523,4,4,1,1,1,0,0.00020404064082181229,0.7397101161183929,0.14018081490456155,0.017977055531019467,1.2813015086088964,1.0,0.09037205100048595,0.0012769629993272247,0.04224125200016715,0.5291196190000846,0.4205974579999747,0.1437795339998047,0.530041;0.527547;0.529120,0.420597;0.420340;0.425273,0.135280;0.143780;0.147606,,multiprocessing,2026-10-03T13:11:18+00:00
R4-00976,R4,t2a-standard-4,Linux,6.1.0-53-cloud-arm64,aarch64,0xd0c,arm,4,4,,16.8,3.14.6,CPython,1,forkserver,2.5.3,cpu,cpu_count_primes,987,781,0.3,seconds,normal,4797,804,4,4,2,4,0,0,0.0003471557985979719,1.0,0.25488357658475663,0.012017658818593324,0.9646275517750195,0.0,0.1026175159995546,0.0005577210013143485,0.04224125200016715,1.6873090250001042,1.710885726000015,0.45440277400030027,1.688668;1.686345;1.687309,1.710628;1.711236;1.710886,0.457822;0.454403;0.449230,,multiprocessing,2026-10-03T13:11:30+00:00
R4-00977,R4,t2a-standard-4,Linux,6.1.0-53-cloud-arm64,aarch64,0xd0c,arm,4,4,,16.8,3.14.6,CPython,1,forkserver,2.5.3,big_result,result_matrix_lists,18,1743,0.0,ms,normal,1244,1765,4,2,2,5,0,0,4.558208684833388e-05,1.0,0.5417683425355013,0.36536391998898105,0.9526315709917551,0.0,0.030682945999615185,0.0014936849902369431,0.04182008499992662,0.056070921000355156,0.0591632080004274,0.05291215400029614,0.072764;0.056071;0.055140,0.059163;0.060873;0.058406,0.052912;0.049202;0.055419,,multiprocessing,2026-10-03T13:11:31+00:00
R4-00978,R4,t2a-standard-4,Linux,6.1.0-53-cloud-arm64,aarch64,0xd0c,arm,4,4,,16.8,3.14.6,CPython,1,forkserver,2.5.3,tiny,tiny_add,2,25,0.8,seconds,normal,200000,44,4,4,0,1,0,0,1.9082049448115868e-07,1.0,3.207900037438363,20.02955707134171,0.47288071992115843,0.0,0.005082411000330467,0.003142366011161357,0.04224125200016715,0.018202639000264753,0.027031097999497433,0.07543636199989123,0.018203;0.017454;0.018884,0.027334;0.027031;0.026623,0.075436;0.066246;0.077915,,sequential,2026-10-03T13:11:32+00:00
R4-00979,R4,t2a-standard-4,Linux,6.1.0-53-cloud-arm64,aarch64,0xd0c,arm,4,4,,16.8,3.14.6,CPython,1,forkserver,2.5.3,io,io_sleep,7220,115,0.3,ms,normal,8,135,4,4,0,1,1,0,0.007495789333006542,0.0028915960898099487,0.04450106813567304,0.001816130691813553,1.283954617933942,0.0,0.04018196600009105,0.0006490420009868103,0.04224125200016715,0.06471373899967148,0.01694463599960727,0.018352639000113413,0.064738;0.064711;0.064714,0.016945;0.016848;0.016994,0.018353;0.020062;0.017222,,threading,2026-10-03T13:11:33+00:00
R4-00980,R4,t2a-standard-4,Linux,6.1.0-53-cloud-arm64,aarch64,0xd0c,arm,4,4,,16.8,3.14.6,CPython,1,forkserver,2.5.3,io,io_file_roundtrip,3,5374,0.8,ms,normal,8,5396,4,8,1,0,1,0,0.0053849313332345146,0.09370014197417907,0.021170520836428158,0.0020600696007467604,2.296460786474011,0.0,0.02424517100007506,0.000972882000496611,0.06055840499993792,0.03438347300016176,0.01064662299995689,0.010025421000136703,0.033437;0.034383;0.035196,0.010867;0.010326;0.010647,0.010025;0.009215;0.011946,,multiprocessing,2026-10-03T13:11:34+00:00
R4-00981,R4,t2a-standard-4,Linux,6.1.0-53-cloud-arm64,aarch64,0xd0c,arm,4,4,,16.8,3.14.6,CPython,1,forkserver,2.5.3,text,text_format_report,27,248,0.8,seconds,normal,114657,267,4,4,1,2,0,0,3.572705624392466e-05,1.0,0.4495299323779239,0.11145614604159772,0.9951158969651555,0.5,0.1021564180000496,0.002256802989904827,0.04224125200016715,4.005167326999981,4.033792101000472,1.0312175009994462,3.968130;4.005167;4.011300,4.034661;4.033792;4.011709,1.031218;1.039243;1.030965,,multiprocessing,2026-10-03T13:12:02+00:00
R4-00982,R4,t2a-standard-4,Linux,6.1.0-53-cloud-arm64,aarch64,0xd0c,arm,4,4,,16.8,3.14.6,CPython,1,forkserver,2.5.3,algo_rec,algo_lcs_memo,6,734,0.0,ms,normal,8,756,4,8,1,10,0,0,0.01558846866676807,1.0,0.00959200796309467,0.0006817004919951675,1.002344568816345,0.0,0.09340757200061489,0.0002219200005129096,0.06055840499993792,0.11872969700016256,0.12488527000004979,0.03882551100014098,0.118914;0.118660;0.118730,0.124885;0.123303;0.125050,0.038229;0.038826;0.040331,,multiprocessing,2026-10-03T13:12:03+00:00
R4-00983,R4,t2a-standard-4,Linux,6.1.0-53-cloud-arm64,aarch64,0xd0c,arm,4,4,,16.8,3.14.6,CPython,1,forkserver,2.5.3,big_result,result_records,537,466,0.8,seconds,normal,6754,489,4,8,1,2,0,0,0.0007881582968849443,1.0,5.284787509934313,0.3793813390072337,3.2804800156018343,0.0,0.07307193300039216,0.006989852999140567,0.06055840499993792,3.0857990260001316,3.2550198529997942,3.3880270700001347,3.285392;3.085307;3.085799,3.148778;3.331934;3.255020,3.388027;3.247080;3.410838,,sequential,2026-10-03T13:12:33+00:00
R4-00984,R4,t2a-standard-4,Linux,6.1.0-53-cloud-arm64,aarch64,0xd0c,arm,4,4,,16.8,3.14.6,CPython,1,forkserver,2.5.3,gil_release,gil_bz2,16,300000,0.3,ms,big,18,300022,4,2,0,1,0,1,0.0032661049999660463,1.0,0.16031279002919954,0.01577115546048557,1.7858200624802978,0.5,0.020826672000112012,0.0007922009999674628,0.04182008499992662,0.056209166000371624,0.028720763999444898,0.03296069099997112,0.056283;0.056209;0.056175,0.028721;0.028757;0.028448,0.032961;0.035161;0.031026,,threading,2026-10-03T13:12:34+00:00
R4-00985,R4,t2a-standard-4,Linux,6.1.0-53-cloud-arm64,aarch64,0xd0c,arm,4,4,,16.8,3.14.6,CPython,1,forkserver,2.5.3,mixed,mixed_compute_then_sleep,10762,37,0.3,ms,normal,93,57,4,8,1,3,1,0,0.0008277456086627511,0.6835876913190921,0.15913944497379093,0.004762332574674569,1.3722607096134871,0.5,0.0336250119999022,0.0007961220007928205,0.06055840499993792,0.07699643800060585,0.05533380399992893,0.018572468999991543,0.077002;0.076936;0.076996,0.055203;0.055334;0.055596,0.018572;0.016810;0.020653,,multiprocessing,2026-10-03T13:12:35+00:00
R4-00986,R4,t2a-standard-4,Linux,6.1.0-53-cloud-arm64,aarch64,0xd0c,arm,4,4,,16.8,3.14.6,CPython,1,forkserver,2.5.3,algo_iter,algo_dijkstra,1914,23,0.3,seconds,normal,951,43,4,2,2,15,0,0,0.006516474999898492,1.0,0.14100548121602027,0.0008240652010442168,1.106451521249865,0.0,0.10054343400042853,0.0015170420010690577,0.04182008499992662,5.56838254700051,6.009391678000611,2.650501758000246,5.628066;5.568383;5.550364,6.009392;5.997250;6.035652,2.650502;2.640203;2.656251,,multiprocessing,2026-10-03T13:13:18+00:00
R4-00987,R4,t2a-standard-4,Linux,6.1.0-53-cloud-arm64,aarch64,0xd0c,arm,4,4,,16.8,3.14.6,CPython,1,forkserver,2.5.3,mixed,mixed_hash_then_write,31864,9155,0.3,seconds,normal,796,9178,4,2,1,3,1,0,0.0006993863611973615,0.9993881549544296,0.027606094893932308,0.007603808382448085,0.9563592972416056,0.0,0.10415003999969485,0.0011758019936678465,0.04182008499992662,0.5561290360001294,0.576283563999823,0.2953452899992044,0.556129;0.561551;0.554125,0.574668;0.580670;0.576284,0.294142;0.296545;0.295345,,multiprocessing,2026-10-03T13:13:23+00:00
R4-00988,R4,t2a-standard-4,Linux,6.1.0-53-cloud-arm64,aarch64,0xd0c,arm,4,4,,16.8,3.14.6,CPython,1,forkserver,2.5.3,numpy,np_linalg_solve,226,1418,0.8,ms,normal,8,1440.3333333333333,4,8,0,3,0,1,0.0014562683330344346,1.0,1.0283877634832297,0.007443683293975597,1.6247667273827875,0.5,0.008962370000517694,0.0008831210016069235,0.06055840499993792,0.011367373000211956,0.014550096000675694,0.11287044399978186,0.011367;0.011641;0.011193,0.015501;0.014398;0.014550,0.112870,,sequential,2026-10-03T13:13:24+00:00
R4-00989,R4,t2a-standard-4,Linux,6.1.0-53-cloud-arm64,aarch64,0xd0c,arm,4,4,,16.8,3.14.6,CPython,1,forkserver,2.5.3,tiny,tiny_len,1,106,0.0,seconds,normal,200000,125,4,4,0,0,0,0,1.4727999450769856e-07,1.0,0.2932529996781142,26.235742239669634,0.4297137734437607,0.0,0.004926845999762008,0.0032018440106185153,0.04224125200016715,0.015997376999621338,0.02355458600050042,0.08886205699946004,0.015412;0.016591;0.015997,0.023746;0.023555;0.023341,0.088862,,sequential,2026-10-03T13:13:25+00:00
R4-00990,R4,t2a-standard-4,Linux,6.1.0-53-cloud-arm64,aarch64,0xd0c,arm,4,4,,16.8,3.14.6,CPython,1,forkserver,2.5.3,cpu,cpu_sum_squares,9279,234289,0.0,seconds,big,823,234312,4,4,1,2,0,0,0.000566748932541987,1.0,0.008206928460358523,0.060848901676998794,0.9806997711044061,0.0,0.10348539299957338,0.0015270420035449206,0.04224125200016715,0.46704489900002955,0.4744198700000197,0.2003111739995802,0.468054;0.467045;0.466742,0.474420;0.472204;0.474528,0.213391;0.200311;0.187765,,multiprocessing,2026-10-03T13:13:30+00:00
R4-00991,R4,t2a-standard-4,Linux,6.1.0-53-cloud-arm64,aarch64,0xd0c,arm,4,4,,16.8,3.14.6,CPython,1,forkserver,2.5.3,algo_rec,algo_sudoku,1,27,0.0,seconds,normal,46209,46,4,2,3,28,0,0,0.0026610877916558215,1.0,3.223545846326387,0.0014858585231744643,3.6832527182997485,0.0,0.08410660800018377,0.0021600020008918364,0.04182008499992662,67.10085076800078,68.17668246100038,33.349751192999975,67.000709;67.100851;67.310309,68.089646;68.176682;68.325591,33.349751;33.447834;33.297151,,multiprocessing,2026-10-03T13:21:56+00:00
R4-00992,R4,t2a-standard-4,Linux,6.1.0-53-cloud-arm64,aarch64,0xd0c,arm,4,4,,16.8,3.14.6,CPython,1,forkserver,2.5.3,db,db_mem_insert_select,21,598,0.0,seconds,normal,2242,620,4,2,1,1,1,0,0.00012439480748525965,1.0,0.10622854377597325,0.03421364683237946,0.8944183634469309,0.0,0.10634990899961849,0.0009912760051520308,0.04182008499992662,0.27849243200034834,0.3502899550003349,0.13635750100002042,0.278136;0.278492;0.281173,0.369721;0.313151;0.350290,0.136382;0.134742;0.136358,,multiprocessing,2026-10-03T13:21:59+00:00
R4-00993,R4,t2a-standard-4,Linux,6.1.0-53-cloud-arm64,aarch64,0xd0c,arm,4,4,,16.8,3.14.6,CPython,1,forkserver,2.5.3,cpu,cpu_collatz,100,249,0.0,seconds,normal,26875,268,4,8,2,5,0,0,0.0002634037841983771,1.0,0.01492184196741958,0.014874502055510727,0.9839868385622469,0.0,0.102297194998755,0.001259078002476599,0.06055840499993792,7.013295963999553,7.109474975999547,1.8162873000001127,7.021755;7.011667;7.013296,7.109475;7.115714;7.108424,1.787738;1.818216;1.816287,,multiprocessing,2026-10-03T13:22:48+00:00
R4-00994,R4,t2a-standard-4,Linux,6.1.0-53-cloud-arm64,aarch64,0xd0c,arm,4,4,,16.8,3.14.6,CPython,1,forkserver,2.5.3,big_payload,big_reverse,2,639708,0.3,seconds,big,312,639730,4,8,0,0,0,0,0.0005710036154059941,1.0,0.047991858937285636,0.33340892187736904,1.1015676413520679,0.0,0.08944216300005792,0.004227471999911359,0.06055840499993792,0.17256781500145735,0.13866091599993524,1.9208131850027712,0.184163;0.172128;0.172568,0.170344;0.138661;0.130059,1.920813,multiprocessing,threading,2026-10-03T13:22:52+00:00
R4-00995,R4,t2a-standard-4,Linux,6.1.0-53-cloud-arm64,aarch64,0xd0c,arm,4,4,,16.8,3.14.6,CPython,1,forkserver,2.5.3,cpu,cpu_collatz,30,716482,0.0,seconds,big,279,716504,4,8,2,5,0,0,3.718021740707522e-05,1.0,0.10915433937957253,2.5816914664284676,0.8603021668079899,0.0,0.007869585999287665,0.002239315997940139,0.05469550300040282,0.010106301999257994,0.010896101000980707,0.22555984099926718,0.010055;0.010305;0.010106,0.010896;0.010759;0.010970,0.225560,,sequential,2026-10-03T13:22:53+00:00
R4-00996,R4,t2a-standard-4,Linux,6.1.0-53-cloud-arm64,aarch64,0xd0c,arm,4,4,,16.8,3.14.6,CPython,1,forkserver,2.5.3,big_payload,big_checksum_head,14164,133387,0.3,seconds,big,1499,133410,4,2,1,1,0,0,0.0004235060254575081,1.0,0.16343531113330334,0.05911592431493969,1.003850154776065,18.0,0.10086874099943088,0.0009703989962872583,0.04182008499992662,0.6311810400002287,0.6417892150002444,0.4016632450002362,0.631181;0.631668;0.630920,0.640817;0.642633;0.641789,0.407584;0.401663;0.401273,,multiprocessing,2026-10-03T13:23:00+00:00
R4-00997,R4,t2a-standard-4,Linux,6.1.0-53-cloud-arm64,aarch64,0xd0c,arm,4,4,,16.8,3.14.6,CPython,1,forkserver,2.5.3,recursive,rec_quicksort,650,125099,0.3,ms,big,78,125122,4,4,1,8,0,0,0.0007829354211648216,1.0,0.2147298854717612,0.024135820927520337,0.9137854369031293,0.0,0.032773500999610405,0.001551756997287157,0.04224125200016715,0.06301740699927905,0.06499384299968369,0.025726473999384325,0.063397;0.062946;0.063017,0.064721;0.065005;0.064994,0.023737;0.027914;0.025726,,multiprocessing,2026-10-03T13:23:01+00:00
R4-00998,R4,t2a-standard-4,Linux,6.1.0-53-cloud-arm64,aarch64,0xd0c,arm,4,4,,16.8,3.14.6,CPython,1,forkserver,2.5.3,algo_iter,algo_edit_distance,14825,57,0.0,seconds,normal,403,77,4,2,2,16,0,0,0.002705576158117956,0.9997964341877069,0.005664824723961957,0.0016099305977744882,0.9863060752787117,0.0,0.10390741300034279,0.0003293589961685939,0.04182008499992662,1.0852431229996,1.1011996170000202,0.5494824130000779,1.085161;1.085243;1.087260,1.101217;1.101200;1.098805,0.549482;0.550021;0.549440,,multiprocessing,2026-10-03T13:23:10+00:00
R4-00999,R4,t2a-standard-4,Linux,6.1.0-53-cloud-arm64,aarch64,0xd0c,arm,4,4,,16.8,3.14.6,CPython,1,forkserver,2.5.3,text,text_format_report,605,33,0.0,seconds,normal,395,53,4,4,1,2,0,0,0.0007776625999003255,1.0,0.020536494814114577,0.004963527525566062,0.9875915869839877,0.0,0.10220597499937867,0.0004201990068395389,0.04224125200016715,0.30462600700047915,0.30980383600035566,0.09866814099950716,0.304626;0.302811;0.305066,0.309852;0.308494;0.309804,0.098668;0.100910;0.084833,,multiprocessing,2026-10-03T13:23:12+00:00
R4-01000,R4,t2a-standard-4,Linux,6.1.0-53-cloud-arm64,aarch64,0xd0c,arm,4,4,,16.8,3.14.6,CPython,1,forkserver,2.5.3,gil_release,gil_sha256,18,187521,0.8,seconds,big,1066,187543,4,4,1,1,0,1,0.0018236709643133509,1.0,0.40765429307456685,0.017665439987705683,1.9056980704078006,1.0,0.07914041499861924,0.000961957999606966,0.04224125200016715,2.0272749199993996,0.5275677859990537,0.5958255440000357,2.028918;2.027275;2.027028,0.526295;0.528390;0.527568,0.589676;0.595826;0.611329,,threading,2026-10-03T13:23:23+00:00
R4-01001,R4,t2a-standard-4,Linux,6.1.0-53-cloud-arm64,aarch64,0xd0c,arm,4,4,,16.8,3.14.6,CPython,1,forkserver,2.5.3,recursive,rec_nqueens,4,590,0.8,ms,normal,13,612,4,2,1,10,0,0,0.0006088653335609706,1.0,0.5550574472480048,0.016336397924913138,0.7006639996728167,0.0,0.004489951001232839,0.00019676000192703214,0.04182008499992662,0.008628624000266427,0.008974704000138445,0.007610185999510577,0.008592;0.008629;0.008656,0.009290;0.008975;0.008870,0.007495;0.007610;0.009495,,multiprocessing,2026-10-03T13:23:24+00:00
R4-01002,R4,t2a-standard-4,Linux,6.1.0-53-cloud-arm64,aarch64,0xd0c,arm,4,4,,16.8,3.14.6,CPython,1,forkserver,2.5.3,algo_rec,algo_lcs_memo,1,26,0.0,ms,normal,8,45,4,2,1,10,0,0,0.0027285016658424865,1.0,0.18807897042439986,0.0034939810682933998,1.0303203627184372,0.0,0.016761969000071986,0.00020659900292230304,0.04182008499992662,0.018913165000412846,0.019968722999692545,0.013322774999323883,0.018913;0.019001;0.018069,0.020390;0.019969;0.019882,0.013323;0.011859;0.018828,,multiprocessing,2026-10-03T13:23:24+00:00
R4-01003,R4,t2a-standard-4,Linux,6.1.0-53-cloud-arm64,aarch64,0xd0c,arm,4,4,,16.8,3.14.6,CPython,1,forkserver,2.5.3,numpy,np_linalg_solve,26,130,0.0,ms,normal,904,149,4,4,0,3,0,1,3.6367194619726706e-05,1.0,0.3195278539894943,0.1041034345851982,0.6319641812180826,0.0,0.02177876000132528,0.0006650780160271097,0.04224125200016715,0.0318587009987823,0.05699729400112119,0.021131241001057788,0.031670;0.031859;0.031943,0.058124;0.056997;0.056882,0.062700;0.021131;0.017855,,multiprocessing,2026-10-03T13:23:25+00:00
R4-01004,R4,t2a-standard-4,Linux,6.1.0-53-cloud-arm64,aarch64,0xd0c,arm,4,4,,16.8,3.14.6,CPython,1,forkserver,2.5.3,big_result,result_long_string,5795,386,0.3,seconds,normal,204,409,4,4,1,1,0,0,0.0014922254708033184,1.0,0.17583188110036252,0.02525486334000882,0.9224033667870789,0.0,0.10672388199964189,0.0010521179938223213,0.04224125200016715,0.319463565998376,0.3246971549997397,0.8675436250014172,0.316022;0.319464;0.323975,0.326116;0.324697;0.323287,0.724997;0.867544;1.049923,,sequential,2026-10-03T13:23:30+00:00
R4-01005,R4,t2a-standard-4,Linux,6.1.0-53-cloud-arm64,aarch64,0xd0c,arm,4,4,,16.8,3.14.6,CPython,1,forkserver,2.5.3,algo_rec,algo_flood_fill,20,22,0.8,ms,normal,8,41,4,4,3,10,0,0,0.007916611667193743,1.0,0.9096669135178679,0.00122274534949992,0.8252922443775387,0.0,0.034311375000470434,0.00021391899826994631,0.04224125200016715,0.0354402939992724,0.036841850998825976,0.01930388400069205,0.035440;0.035908;0.035398,0.036842;0.036524;0.037478,0.018421;0.019304;0.020170,,multiprocessing,2026-10-03T13:23:31+00:00
R4-01006,R4,t2a-standard-4,Linux,6.1.0-53-cloud-arm64,aarch64,0xd0c,arm,4,4,,16.8,3.14.6,CPython,1,forkserver,2.5.3,algo_iter,algo_game_of_life,9,429,0.3,seconds,normal,95,451,4,8,5,9,0,0,0.012904695750876272,1.0,0.10525915877469161,0.00418682866768171,0.9994517560772747,0.0,0.10427224400154955,0.0015719159982836572,0.05469550300040282,1.429532902999199,1.446945425001104,0.39597089599919855,1.427231;1.429533;1.433364,1.448391;1.446717;1.446945,0.399004;0.395971;0.389148,,multiprocessing,2026-10-03T13:23:42+00:00
R4-01007,R4,t2a-standard-4,Linux,6.1.0-53-cloud-arm64,aarch64,0xd0c,arm,4,4,,16.8,3.14.6,CPython,1,forkserver,2.5.3,text,text_format_report,39,625612,0.8,ms,big,319,625634,4,8,1,2,0,0,5.203331650740944e-05,1.0,0.4709511338150389,1.8470819528878395,0.9198279506060812,0.0,0.010978979000356048,0.002280555996549083,0.05469550300040282,0.016011289999369183,0.01692620799985889,0.14941795600134355,0.015874;0.016224;0.016011,0.017038;0.016845;0.016926,0.149418,,sequential,2026-10-03T13:23:43+00:00
R4-01008,R4,t2a-standard-4,Linux,6.1.0-53-cloud-arm64,aarch64,0xd0c,arm,4,4,,16.8,3.14.6,CPython,1,forkserver,2.5.3,tiny,tiny_small_loop,113,257,0.8,ms,normal,51116,279,4,2,0,0,0,0,8.618980155006284e-07,1.0,0.5366989103912638,4.678047789556096,0.7910898568664009,0.5,0.007656546000362141,0.002998035970449564,0.04182008499992662,0.03949792499952309,0.04349407799963956,0.03763720800088777,0.039405;0.039935;0.039498,0.043770;0.043338;0.043494,0.039340;0.037637;0.036079,,multiprocessing,2026-10-03T13:23:44+00:00
R4-01009,R4,t2a-standard-4,Linux,6.1.0-53-cloud-arm64,aarch64,0xd0c,arm,4,4,,16.8,3.14.6,CPython,1,forkserver,2.5.3,text,text_regex_findall,8,142,0.8,seconds,normal,3185,161,4,8,1,1,0,0,7.182116303628197e-05,1.0,0.46677361712178045,0.051795317597424666,0.9851820884653949,0.0,0.10177088599994022,0.0012145170167059405,0.05469550300040282,0.22787408600015624,0.2357035109998833,0.07224282199968002,0.227132;0.228074;0.227874,0.235597;0.235704;0.235820,0.069891;0.073588;0.072243,,multiprocessing,2026-10-03T13:23:46+00:00
R4-01010,R4,t2a-standard-4,Linux,6.1.0-53-cloud-arm64,aarch64,0xd0c,arm,4,4,,16.8,3.14.6,CPython,1,forkserver,2.5.3,tiny,tiny_dict_lookup,703,114,0.0,ms,normal,26113,134,4,2,0,1,0,0,2.883590514102252e-07,1.0,1.1706780100454222,14.419523253016765,0.5528626733941008,0.0,0.005096430000776309,0.0027223958968534134,0.04182008499992662,0.00561539000045741,0.007566546000816743,0.015876330000537564,0.005110;0.005742;0.005615,0.007740;0.007567;0.007328,0.015876;0.022193;0.010805,,sequential,2026-10-03T13:23:47+00:00
R4-01011,R4,t2a-standard-4,Linux,6.1.0-53-cloud-arm64,aarch64,0xd0c,arm,4,4,,16.8,3.14.6,CPython,1,forkserver,2.5.3,tiny,tiny_add,12,157,0.8,seconds,normal,200000,176,4,2,0,1,0,0,1.5761947724968195e-07,1.0,1.9775946041687495,24.04525070239397,0.49507577798374414,0.0,0.004290831999242073,0.002610396044474328,0.04182008499992662,0.014092892999542528,0.021959318000881467,0.0783366899995599,0.012789;0.014093;0.014698,0.020882;0.022103;0.021959,0.078337,,sequential,2026-10-03T13:23:48+00:00
R4-01012,R4,t2a-standard-4,Linux,6.1.0-53-cloud-arm64,aarch64,0xd0c,arm,4,4,,16.8,3.14.6,CPython,1,forkserver,2.5.3,big_result,result_records,23730,976,0.0,ms,normal,8,999,4,8,1,2,0,0,0.01092789900091399,1.0,0.04529680673215782,1.3592205599936829,1.0352337478952893,0.0,0.10874731200055976,0.04477991499697964,0.05469550300040282,0.14025961100014683,0.13807193499997084,0.18480764599917165,0.143037;0.128345;0.140260,0.145956;0.110860;0.138072,0.216635;0.162405;0.184808,,threading,2026-10-03T13:23:50+00:00
R4-01013,R4,t2a-standard-4,Linux,6.1.0-53-cloud-arm64,aarch64,0xd0c,arm,4,4,,16.8,3.14.6,CPython,1,forkserver,2.5.3,mixed,mixed_parse_lines,35,2532,0.3,seconds,normal,197,2554,4,2,2,3,1,0,0.004249258499991508,0.9107128847096764,0.19665330401734304,0.0012080539736448017,0.9581721366234139,0.0,0.10477083900150319,0.0010172780021093786,0.04182008499992662,0.8851874210013193,0.8233317679987522,0.44706901799872867,0.885187;0.885332;0.884218,0.824020;0.822592;0.823332,0.447806;0.447069;0.446016,,multiprocessing,2026-10-03T13:23:57+00:00
R4-01014,R4,t2a-standard-4,Linux,6.1.0-53-cloud-arm64,aarch64,0xd0c,arm,4,4,,16.8,3.14.6,CPython,1,forkserver,2.5.3,recursive,rec_quicksort,622,328,0.8,ms,normal,50,350.9166666666667,4,8,1,8,0,0,0.0008976215834384978,1.0,0.39835928944653104,0.0048647074641100406,1.0848920063480534,0.0,0.020982719001040095,0.00025963900043279864,0.05469550300040282,0.04060388099969714,0.04250699799922586,0.013550613999541383,0.040483;0.040604;0.040792,0.042370;0.042507;0.042703,0.018249;0.012864;0.013551,,multiprocessing,2026-10-03T13:23:58+00:00
R4-01015,R4,t2a-standard-4,Linux,6.1.0-53-cloud-arm64,aarch64,0xd0c,arm,4,4,,16.8,3.14.6,CPython,1,forkserver,2.5.3,algo_rec,algo_lcs_memo,3,120847,0.0,seconds,big,650,120869,4,2,1,10,0,0,0.008863875999547114,1.0,0.03177095834434374,0.0026406807265290304,0.9926229713857411,0.0,0.10653211299904797,0.00034936000156449154,0.04182008499992662,5.597826125998836,5.948384506998991,2.9148147809992224,5.559264;5.597826;5.598251,5.744594;5.948385;6.314385,2.914815;2.831571;2.945120,,multiprocessing,2026-10-03T13:24:42+00:00
R4-01016,R4,t2a-standard-4,Linux,6.1.0-53-cloud-arm64,aarch64,0xd0c,arm,4,4,,16.8,3.14.6,CPython,1,forkserver,2.5.3,big_payload,big_checksum_head,413,172499,0.0,ms,big,1159,172522,4,8,1,1,0,0,1.3249937717987718e-05,1.0,0.17638403430185862,1.9895904803701048,0.92589886012188,0.0,0.009280901000238373,0.0011482369991426822,0.05469550300040282,0.014873370000714203,0.015740167000330985,0.1418276699987473,0.014854;0.014936;0.014873,0.016288;0.015552;0.015740,0.141828,,sequential,2026-10-03T13:24:44+00:00
R4-01017,R4,t2a-standard-4,Linux,6.1.0-53-cloud-arm64,aarch64,0xd0c,arm,4,4,,16.8,3.14.6,CPython,1,forkserver,2.5.3,big_result,result_matrix_lists,15,44,0.3,seconds,normal,8686,63,4,2,2,5,0,0,3.067634158158762e-05,1.0,1.6166973004329166,0.4342744104443017,0.03881501649060898,0.0,1.3275375659995916,0.0026797150294441963,0.04182008499992662,0.27714935099902505,0.3070003299999371,0.25373295999997936,0.283293;0.276805;0.277149,0.311110;0.307000;0.303714,0.307075;0.246023;0.253733,,multiprocessing,2026-10-03T13:24:48+00:00
R4-01018,R4,t2a-standard-4,Linux,6.1.0-53-cloud-arm64,aarch64,0xd0c,arm,4,4,,16.8,3.14.6,CPython,1,forkserver,2.5.3,algo_iter,algo_kmeans,23,38,0.8,seconds,normal,953,57,4,8,3,15,0,0,0.0005107091531369536,1.0,0.45029084619495313,0.01225345183204534,0.9499521587411789,0.0,0.10470870500103047,0.0017689969936327543,0.05469550300040282,0.48715815899959125,0.4966796589997102,0.13766019700051402,0.487158;0.487891;0.486978,0.496680;0.496761;0.496457,0.137660;0.139939;0.137393,,multiprocessing,2026-10-03T13:24:52+00:00
R4-01019,R4,t2a-standard-4,Linux,6.1.0-53-cloud-arm64,aarch64,0xd0c,arm,4,4,,16.8,3.14.6,CPython,1,forkserver,2.5.3,cpu,cpu_collatz,28,824,0.8,ms,normal,1157,846,4,8,2,5,0,0,3.430442908607789e-05,1.0,0.7630914688580118,0.11561189037035466,0.9983534011480382,0.0,0.020751197000208776,0.0007113579940778436,0.05469550300040282,0.04195107399937115,0.043195989999730955,0.026508425999054452,0.041977;0.041790;0.041951,0.043196;0.043143;0.043215,0.026508;0.028154;0.013528,,multiprocessing,2026-10-03T13:24:53+00:00
R4-01020,R4,t2a-standard-4,Linux,6.1.0-53-cloud-arm64,aarch64,0xd0c,arm,4,4,,16.8,3.14.6,CPython,1,forkserver,2.5.3,mixed,mixed_hash_then_write,923,24585,0.8,seconds,normal,6054,24607.9,4,4,1,3,1,0,0.00035022389509233194,0.3746674429305189,0.1635559588600351,0.02199164685452934,1.9370355362308667,0.0,0.0767798020006012,0.0007235980028781341,0.04224125200016715,2.0405996160006907,1.8348462390003988,1.9786755699988134,2.034749;2.066249;2.040600,1.611048;1.979062;1.834846,0.605258;1.978931;1.978676,,threading,2026-10-03T13:25:10+00:00
R4-01021,R4,t2a-standard-4,Linux,6.1.0-53-cloud-arm64,aarch64,0xd0c,arm,4,4,,16.8,3.14.6,CPython,1,forkserver,2.5.3,algo_rec,algo_merge_sort,7477,74,0.8,seconds,normal,153,94,4,2,1,10,0,0,0.01589252675012176,1.0,0.4408264508297899,0.025893868635501194,0.7804830976273215,0.0,0.1686979659989447,0.003027993998330203,0.04182008499992662,3.020708417001515,3.0767178959995363,1.6859494399996038,2.986002;3.020708;3.040098,3.076718;3.071731;3.078600,1.674662;1.690974;1.685949,,multiprocessing,2026-10-03T13:25:34+00:00
R4-01022,R4,t2a-standard-4,Linux,6.1.0-53-cloud-arm64,aarch64,0xd0c,arm,4,4,,16.8,3.14.6,CPython,1,forkserver,2.5.3,numpy,np_linalg_solve,56,542379,0.3,ms,big,191,542401,4,4,0,3,0,1,0.0006445764680934867,1.0,0.07533648115474392,0.11104012264787794,1.5923315050733848,0.0,0.05101436999939324,0.0017832369994721375,0.04224125200016715,0.12081993999890983,0.04433094500018342,0.08225898299861001,0.120820;0.122681;0.119784,0.046775;0.044331;0.041519,0.088233;0.082259;0.079350,,threading,2026-10-03T13:25:36+00:00
R4-01023,R4,t2a-standard-4,Linux,6.1.0-53-cloud-arm64,aarch64,0xd0c,arm,4,4,,16.8,3.14.6,CPython,1,forkserver,2.5.3,tiny,tiny_add,1,197,0.0,seconds,normal,200000,216,4,2,0,1,0,0,1.5694000012445032e-07,1.0,1.6001500320364748,24.569899671909088,0.40160739446775556,0.0,0.004717910000181291,0.0028844330008723773,0.04182008499992662,0.017452121999667725,0.026511423000556533,0.08841372999995656,0.017305;0.018259;0.017452,0.026566;0.026454;0.026511,0.088414,,sequential,2026-10-03T13:25:37+00:00
R4-01024,R4,t2a-standard-4,Linux,6.1.0-53-cloud-arm64,aarch64,0xd0c,arm,4,4,,16.8,3.14.6,CPython,1,forkserver,2.5.3,tiny,tiny_add,5,90,0.8,seconds,normal,200000,109,4,2,0,1,0,0,2.074994872600655e-07,1.0,2.6430966433068646,18.265105947694092,0.6722613488430863,0.0,0.004385109999930137,0.0026267940247635124,0.04182008499992662,0.012509292999311583,0.02200471300056961,0.06568269799936388,0.012509;0.012566;0.012261,0.020957;0.022317;0.022005,0.065683,,sequential,2026-10-03T13:25:38+00:00
R4-01025,R4,t2a-standard-4,Linux,6.1.0-53-cloud-arm64,aarch64,0xd0c,arm,4,4,,16.8,3.14.6,CPython,1,forkserver,2.5.3,numpy,np_fft,540108,226,0.8,seconds,normal,8,248,4,2,0,0,0,1,0.07971966800020407,0.9999814189261239,0.8096118516680453,0.00014617888992280115,2.249173857734419,0.0,0.3954899069995008,0.0007662379975954536,0.04182008499992662,0.6150776320009754,0.3735573909998493,0.37789522300045064,0.615078;0.615367;0.614004,0.391665;0.371331;0.373557,0.419802;0.377895;0.372272,,threading,2026-10-03T13:25:44+00:00
R4-01026,R4,t2a-standard-4,Linux,6.1.0-53-cloud-arm64,aarch64,0xd0c,arm,4,4,,16.8,3.14.6,CPython,1,forkserver,2.5.3,big_payload,big_upper_copy,7,1071578,0.8,ms,big,31,1071600,4,8,0,0,0,0,0.0007333412855327229,1.0,0.013010462843107617,0.3648731866942414,0.9144218979191829,0.0,0.013317011000253842,0.0024859540008037584,0.05469550300040282,0.02262563099975523,0.023746228000163683,0.7795077890004904,0.022626;0.022776;0.022554,0.023831;0.023746;0.023593,0.779508,,sequential,2026-10-03T13:25:45+00:00
R4-01027,R4,t2a-standard-4,Linux,6.1.0-53-cloud-arm64,aarch64,0xd0c,arm,4,4,,16.8,3.14.6,CPython,1,forkserver,2.5.3,numpy,np_sort,11672,205,0.8,seconds,normal,214,225,4,8,0,3,0,1,0.0008962048491326332,0.9993645661701704,0.40237643084623304,0.0043293676242212135,1.649343079942372,0.0,0.07706895299997996,0.0010009979960159399,0.05469550300040282,0.18923090899988892,0.07909010799994576,0.06507961799979967,0.187579;0.190859;0.189231,0.079090;0.078917;0.081569,0.166671;0.058443;0.065080,,multiprocessing,2026-10-03T13:25:47+00:00
R4-01028,R4,t2a-standard-4,Linux,6.1.0-53-cloud-arm64,aarch64,0xd0c,arm,4,4,,16.8,3.14.6,CPython,1,forkserver,2.5.3,recursive,rec_nqueens,4,571282,0.3,ms,big,24,571304,4,8,1,10,0,0,0.0006712785000975904,1.0,0.08102406797740401,0.1229492179018394,0.8967959701418771,0.0,0.009245179999197717,0.0006914379991940223,0.05469550300040282,0.015337126000304124,0.016210044999752427,0.015807685998879606,0.015284;0.015337;0.015713,0.016295;0.016210;0.016199,0.011714;0.015808;0.017644,,sequential,2026-10-03T13:25:48+00:00
R4-01029,R4,t2a-standard-4,Linux,6.1.0-53-cloud-arm64,aarch64,0xd0c,arm,4,4,,16.8,3.14.6,CPython,1,forkserver,2.5.3,algo_iter,algo_edit_distance,36854,1790,0.3,seconds,normal,165,1813,4,4,2,16,0,0,0.0065285107498311845,1.0,0.19587071460121638,0.0008884108912156556,1.0351763490398236,0.0,0.10427861300013319,0.00024975999986054376,0.04224125200016715,1.1073959000004834,1.1206169060005777,0.3081751650006481,1.106041;1.107396;1.109877,1.120117;1.121456;1.120617,0.314349;0.303044;0.308175,,multiprocessing,2026-10-03T13:25:56+00:00
R4-01030,R4,t2a-standard-4,Linux,6.1.0-53-cloud-arm64,aarch64,0xd0c,arm,4,4,,16.8,3.14.6,CPython,1,forkserver,2.5.3,algo_iter,algo_edit_distance,105,757,0.8,ms,normal,5156,779,4,2,2,16,0,0,2.21019837206315e-05,1.0,0.4247573750506095,0.17518563066749812,0.9577808361093014,0.0,0.06081178699969314,0.0020414359842106933,0.04182008499992662,0.11610046599889756,0.11790562199894339,0.0631582209989574,0.115878;0.116100;0.116575,0.118653;0.117596;0.117906,0.062677;0.063158;0.064152,,multiprocessing,2026-10-03T13:25:57+00:00
R4-01031,R4,t2a-standard-4,Linux,6.1.0-53-cloud-arm64,aarch64,0xd0c,arm,4,4,,16.8,3.14.6,CPython,1,forkserver,2.5.3,algo_rec,algo_merge_sort,306,293,0.0,seconds,normal,6531,316,4,8,1,10,0,0,0.0005185819484619604,1.0,0.01874455871290222,0.04282052281174619,0.9873494485367401,0.0,0.10215733500081114,0.0008652779997646576,0.05469550300040282,3.513443552001263,3.5985035489993606,1.0129013049991045,3.446948;3.513444;3.519060,3.542469;3.607693;3.598504,0.984346;1.014713;1.012901,,multiprocessing,2026-10-03T13:26:22+00:00
R4-01032,R4,t2a-standard-4,Linux,6.1.0-53-cloud-arm64,aarch64,0xd0c,arm,4,4,,16.8,3.14.6,CPython,1,forkserver,2.5.3,text,text_format_report,869,1205,0.8,ms,normal,9,1227.6666666666667,4,8,1,2,0,0,0.0008004650001870081,1.0,0.7383935697852771,0.011559947903895649,0.3193704202850702,0.5,0.006301866000285372,0.0002171199994336348,0.05469550300040282,0.008408900999711477,0.009104299000682659,0.009267778999856091,0.008409;0.008491;0.008340,0.009381;0.009104;0.009074,0.010269;0.003584;0.009268,,sequential,2026-10-03T13:26:23+00:00
R4-01033,R4,t2a-standard-4,Linux,6.1.0-53-cloud-arm64,aarch64,0xd0c,arm,4,4,,16.8,3.14.6,CPython,1,forkserver,2.5.3,big_result,result_records,7930,1173,0.3,ms,normal,8,1196,4,8,1,2,0,0,0.0036458850002721497,0.9990738078915506,0.14461591920847575,1.1981079123897118,1.0464951172018895,0.0,0.03576111999973364,0.01330156999756582,0.05469550300040282,0.035828680000122404,0.03323520600133634,0.056597432998387376,0.035829;0.030016;0.044345,0.048510;0.032829;0.033235,0.048389;0.061603;0.056597,,threading,2026-10-03T13:26:24+00:00
R4-01034,R4,t2a-standard-4,Linux,6.1.0-53-cloud-arm64,aarch64,0xd0c,arm,4,4,,16.8,3.14.6,CPython,1,forkserver,2.5.3,big_result,result_sorted_pairs,141,152,0.0,seconds,normal,26386,171,4,4,1,4,0,0,4.737936069605748e-05,1.0,0.4074949998661994,0.7496924702875376,0.7205673730891737,0.0,0.12163896700076293,0.002645672992002801,0.04224125200016715,1.6796120119997795,1.74060499999905,1.6247590769999078,1.638340;1.679612;1.713825,1.740605;1.764150;1.732675,1.659657;1.370431;1.624759,,multiprocessing,2026-10-03T13:26:39+00:00
R4-01035,R4,t2a-standard-4,Linux,6.1.0-53-cloud-arm64,aarch64,0xd0c,arm,4,4,,16.8,3.14.6,CPython,1,forkserver,2.5.3,big_result,result_records,898,35,0.8,seconds,normal,1071,54.95,4,2,1,2,0,0,0.0006272983209782979,0.9999102685600089,2.8967539290551656,0.726093047736328,1.430898270109031,0.0,0.0961175810007262,0.00953845900039596,0.04182008499992662,0.7914358710004308,0.7568991520001873,0.9381007459996908,0.836361;0.787348;0.791436,0.745253;0.828340;0.756899,0.938101;1.069390;0.891390,,threading,2026-10-03T13:26:48+00:00
R4-01036,R4,t2a-standard-4,Linux,6.1.0-53-cloud-arm64,aarch64,0xd0c,arm,4,4,,16.8,3.14.6,CPython,1,forkserver,2.5.3,tiny,tiny_add,204,77,0.0,seconds,normal,200000,96,4,2,0,1,0,0,1.4066000039747452e-07,1.0,0.2775707973982874,26.987061962659556,0.42176486082974957,0.0,0.004477909998968244,0.0028064729976904346,0.04182008499992662,0.012731290000374429,0.021780390001367778,0.06507973100087838,0.012653;0.014217;0.012731,0.020986;0.021780;0.022019,0.065080,,sequential,2026-10-03T13:26:48+00:00
R4-01037,R4,t2a-standard-4,Linux,6.1.0-53-cloud-arm64,aarch64,0xd0c,arm,4,4,,16.8,3.14.6,CPython,1,forkserver,2.5.3,algo_rec,algo_lcs_memo,2,1324,0.3,seconds,normal,181,1346,4,8,1,10,0,0,0.005044755727298748,1.0,0.06437277870766525,0.0010516591880309874,0.948163838573282,0.0,0.11487817699890002,0.0004816389973711921,0.05469550300040282,0.9055266799987294,0.9333700979987043,0.2619721179999033,0.900489;0.911143;0.905527,0.922594;0.933370;0.937210,0.277245;0.258227;0.261972,,multiprocessing,2026-10-03T13:26:55+00:00
R4-01038,R4,t2a-standard-4,Linux,6.1.0-53-cloud-arm64,aarch64,0xd0c,arm,4,4,,16.8,3.14.6,CPython,1,forkserver,2.5.3,big_payload,big_checksum_head,15083,250191,0.8,seconds,big,799,250214,4,2,1,1,0,0,0.0004636352313927664,1.0,0.4487703315300661,0.08608038705307706,1.0413863310673952,0.0,0.09972069099967484,0.0012436370088835247,0.04182008499992662,0.36634395500004757,0.3717415440005425,0.2627272340014315,0.366757;0.365905;0.366344,0.371742;0.370288;0.371855,0.262340;0.262727;0.265020,,multiprocessing,2026-10-03T13:27:00+00:00
R4-01039,R4,t2a-standard-4,Linux,6.1.0-53-cloud-arm64,aarch64,0xd0c,arm,4,4,,16.8,3.14.6,CPython,1,forkserver,2.5.3,recursive,rec_quicksort,7093,876,0.8,ms,normal,8,899,4,2,1,8,0,0,0.012328958333455375,1.0,0.6052740469407503,0.0008132614667985832,0.6850086084618403,0.0,0.08672592000039003,0.00022195900055521633,0.04182008499992662,0.09868053200079885,0.10030660899974464,0.05841358500038041,0.097830;0.098681;0.098730,0.100389;0.100307;0.100299,0.062051;0.052449;0.058414,,multiprocessing,2026-10-03T13:27:01+00:00
R4-01040,R4,t2a-standard-4,Linux,6.1.0-53-cloud-arm64,aarch64,0xd0c,arm,4,4,,16.8,3.14.6,CPython,1,forkserver,2.5.3,db,db_mem_group_by,75,269,0.0,seconds,normal,2726,291,4,4,1,2,1,0,0.00023340805609367525,1.0,0.0859167019545276,0.01742870355270817,0.6968697395364535,4.5,0.12293103599949973,0.001450756995836855,0.04224125200016715,0.6163656560001982,1.9665163650061004,0.19330327300122008,0.616366,1.966516,0.193303,threading,multiprocessing,2026-10-03T13:27:04+00:00
R4-01041,R4,t2a-standard-4,Linux,6.1.0-53-cloud-arm64,aarch64,0xd0c,arm,4,4,,16.8,3.14.6,CPython,1,forkserver,2.5.3,tiny,tiny_dict_lookup,352,83,0.8,seconds,normal,200000,102.5,4,4,0,1,0,0,2.811390022543492e-07,1.0,1.222838640618878,14.61910292059603,0.5328370318465481,0.0,0.006010547000187216,0.0036166729951219168,0.08839863499997591,0.038182030999450944,0.049748444000215386,0.10588851499960583,0.041047;0.038182;0.038105,0.050142;0.049748;0.049015,0.108234;0.105889;0.099961,,sequential,2026-10-03T13:27:06+00:00
R4-01042,R4,t2a-standard-4,Linux,6.1.0-53-cloud-arm64,aarch64,0xd0c,arm,4,4,,16.8,3.14.6,CPython,1,forkserver,2.5.3,io,io_sleep,2024,20,0.0,seconds,normal,506,40,4,8,0,1,1,0,0.002104406791583339,0.007817846858581364,0.005528165648838932,0.0020575871248916856,1.965621352929815,0.0,0.07710602099905373,0.0008071980009844992,0.05335983599979954,1.0574927069992555,0.13451620799969533,0.1364240829989285,1.057493,0.134481;0.134816;0.134516,0.135433;0.140897;0.136424,,threading,2026-10-03T13:27:09+00:00
R4-01043,R4,t2a-standard-4,Linux,6.1.0-53-cloud-arm64,aarch64,0xd0c,arm,4,4,,16.8,3.14.6,CPython,1,forkserver,2.5.3,recursive,rec_tree_sum,479,27,0.8,ms,normal,63,46.8,4,8,0,4,0,0,0.00020404220013006124,1.0,0.40258933272761666,0.02203465865845931,0.9515700554616765,0.0,0.007464182999683544,0.000975997996647493,0.05335983599979954,0.010510336000152165,0.011590252999667428,0.03970710800058441,0.010508;0.010556;0.010510,0.012254;0.011393;0.011590,0.039707;0.023499;0.040717,,sequential,2026-10-03T13:27:09+00:00
R4-01044,R4,t2a-standard-4,Linux,6.1.0-53-cloud-arm64,aarch64,0xd0c,arm,4,4,,16.8,3.14.6,CPython,1,forkserver,2.5.3,db,db_file_lookup,62,17,0.3,seconds,normal,932,36,4,2,1,5,1,0,0.0006436523460181958,1.0,0.1302533896613214,0.005608617543328395,0.37168203054308546,0.0,0.18612440700053412,0.0015126760099519743,0.043803538001156994,0.5874397910010885,0.8105261100008647,0.2839350579997699,0.587536;0.586968;0.587440,0.804867;0.821901;0.810526,0.300129;0.279800;0.283935,,multiprocessing,2026-10-03T13:27:15+00:00
R4-01045,R4,t2a-standard-4,Linux,6.1.0-53-cloud-arm64,aarch64,0xd0c,arm,4,4,,16.8,3.14.6,CPython,1,forkserver,2.5.3,io,io_sleep_chunks,2643,1456,0.8,seconds,normal,1940,1479,4,4,1,1,1,0,0.0034838985334014676,0.006068896317326037,0.324561032777231,0.0016058638404578846,1.9647500346771944,0.0,0.08023133300048357,0.0007799979994160822,0.08839863499997591,5.601490425999145,1.4076702419988578,1.4060225630000787,5.602272;5.601490;5.594987,1.408823;1.407670;1.404779,1.415509;1.406023;1.404701,,multiprocessing,2026-10-03T13:27:41+00:00
R4-01046,R4,t2a-standard-4,Linux,6.1.0-53-cloud-arm64,aarch64,0xd0c,arm,4,4,,16.8,3.14.6,CPython,1,forkserver,2.5.3,algo_iter,algo_kmeans,379,453713,0.0,seconds,big,94,453736,4,4,3,15,0,0,0.007562770570854939,0.9998293692865949,0.00438783651378488,0.009003484167473964,0.9684134277756358,0.0,0.10955129899957683,0.001963474003787269,0.08839863499997591,0.712560943000426,0.7300717430007353,0.20877690199995413,0.709017;0.712769;0.712561,0.729747;0.730072;0.731316,0.235817;0.206925;0.208777,,multiprocessing,2026-10-03T13:27:47+00:00
R4-01047,R4,t2a-standard-4,Linux,6.1.0-53-cloud-arm64,aarch64,0xd0c,arm,4,4,,16.8,3.14.6,CPython,1,forkserver,2.5.3,recursive,rec_nqueens,2,209,0.3,ms,normal,60,228,4,4,1,10,0,0,0.00030982866664999167,1.0,0.21970360095960037,0.014227219066659585,0.8831270644945233,0.0,0.011117774000013014,0.0011840759998449357,0.08839863499997591,0.018182196999987355,0.018917875000624917,0.014091846998780966,0.018182;0.018221;0.018101,0.018918;0.018836;0.019110,0.024407;0.014092;0.005557,,multiprocessing,2026-10-03T13:27:47+00:00
R4-01048,R4,t2a-standard-4,Linux,6.1.0-53-cloud-arm64,aarch64,0xd0c,arm,4,4,,16.8,3.14.6,CPython,1,forkserver,2.5.3,numpy,np_fft,71530,1085,0.8,ms,normal,32,1109.2,4,2,0,0,0,1,0.010265095599606866,1.0,0.7612409110605906,0.0007434903663406749,2.586009017130548,0.0,0.07642413799840142,0.0007650780007679714,0.043803538001156994,0.2701929149989155,0.14804292699955113,0.15581490799922904,0.270997;0.270193;0.269692,0.147473;0.148706;0.148043,0.210289;0.155815;0.149551,,threading,2026-10-03T13:27:50+00:00
R4-01049,R4,t2a-standard-4,Linux,6.1.0-53-cloud-arm64,aarch64,0xd0c,arm,4,4,,16.8,3.14.6,CPython,1,forkserver,2.5.3,text,text_regex_findall,4,1667,0.8,seconds,normal,11006,1689,4,2,1,1,0,0,0.00040021714284237185,1.0,0.43844517462228316,0.010774150405163399,1.075394981566862,0.0,0.0987302039993665,0.0011171160003868863,0.043803538001156994,4.3906247510003595,4.470770681000431,2.145648826000979,4.402310;4.389790;4.390625,4.467377;4.470771;4.472701,2.149261;2.143418;2.145649,,multiprocessing,2026-10-03T13:28:23+00:00
R4-01050,R4,t2a-standard-4,Linux,6.1.0-53-cloud-arm64,aarch64,0xd0c,arm,4,4,,16.8,3.14.6,CPython,1,forkserver,2.5.3,tiny,tiny_small_loop,55,40,0.3,ms,normal,9477,59,4,2,0,0,0,0,5.416780140876654e-07,1.0,1.2661545903113773,8.56597447594369,0.740940861833623,0.0,0.00644374399962544,0.003108273971520248,0.043803538001156994,0.004384829000628088,0.00547682700016594,0.009483057001489215,0.004461;0.004380;0.004385,0.005429;0.005477;0.005701,0.009483;0.028209;0.006254,,sequential,2026-10-03T13:28:24+00:00
R4-01051,R4,t2a-standard-4,Linux,6.1.0-53-cloud-arm64,aarch64,0xd0c,arm,4,4,,16.8,3.14.6,CPython,1,forkserver,2.5.3,numpy,np_elementwise,173376,135,0.0,ms,normal,11,157,4,8,0,4,0,0,0.008201100000102693,1.0,0.0031679568752300807,0.0013347802250680844,1.2831583520260823,0.0,0.04469145100119931,0.0008830770002532518,0.05335983599979954,0.08840126399991277,0.030617084999903454,0.14709572100036894,0.088382;0.088401;0.088972,0.038075;0.027507;0.030617,0.147096,,threading,2026-10-03T13:28:25+00:00
R4-01052,R4,t2a-standard-4,Linux,6.1.0-53-cloud-arm64,aarch64,0xd0c,arm,4,4,,16.8,3.14.6,CPython,1,forkserver,2.5.3,tiny,tiny_small_loop,177,180,0.3,ms,normal,26904,199,4,2,0,0,0,0,1.146696994510421e-06,1.0,0.3387349091571516,3.4167701295941497,0.8205405687395476,0.0,0.008796497999355779,0.002941953009212739,0.043803538001156994,0.02925600900016434,0.03140368300046248,0.0240019820012094,0.029360;0.029256;0.028831,0.031309;0.031565;0.031404,0.024002;0.022598;0.028803,,multiprocessing,2026-10-03T13:28:26+00:00
R4-01053,R4,t2a-standard-4,Linux,6.1.0-53-cloud-arm64,aarch64,0xd0c,arm,4,4,,16.8,3.14.6,CPython,1,forkserver,2.5.3,io,io_sleep_return_payload,1285,10082,0.3,ms,normal,13,10105,4,4,0,1,1,0,0.001460742999673433,0.00549025991969557,0.164201863230722,0.008972602507450047,1.5385683829451906,0.0,0.007769620999170002,0.0005435189996205736,0.08839863499997591,0.01909079300094163,0.006096504999732133,0.03798658799860277,0.019157;0.019091;0.019080,0.006122;0.005985;0.006097,0.024112;0.054815;0.037987,,threading,2026-10-03T13:28:27+00:00
R4-01054,R4,t2a-standard-4,Linux,6.1.0-53-cloud-arm64,aarch64,0xd0c,arm,4,4,,16.8,3.14.6,CPython,1,forkserver,2.5.3,algo_iter,algo_game_of_life,3,1791,0.3,ms,normal,8,1813,4,2,5,9,0,0,0.005732239333156031,1.0,0.13120452006368102,0.010369362448514758,1.1161036504203574,0.0,0.03484747499896912,0.0015038359997561201,0.043803538001156994,0.04459381100059545,0.04540288899988809,0.026874854000197956,0.044594;0.044560;0.044738,0.045357;0.045403;0.045617,0.026875;0.026328;0.032503,,multiprocessing,2026-10-03T13:28:28+00:00
R4-01055,R4,t2a-standard-4,Linux,6.1.0-53-cloud-arm64,aarch64,0xd0c,arm,4,4,,16.8,3.14.6,CPython,1,forkserver,2.5.3,algo_rec,algo_sudoku,17,20,0.3,seconds,normal,28,39,4,4,3,28,0,0,0.026923120999830037,1.0,0.91174320962889,0.00039123748358122027,0.7784002850609895,0.0,0.12001422699904651,0.001976515000933432,0.08839863499997591,0.6473180140001205,0.6550880760005384,0.24046921199987992,0.644619;0.648933;0.647318,0.654385;0.659337;0.655088,0.240469;0.225876;0.241093,,multiprocessing,2026-10-03T13:28:33+00:00
R4-01056,R4,t2a-standard-4,Linux,6.1.0-53-cloud-arm64,aarch64,0xd0c,arm,4,4,,16.8,3.14.6,CPython,1,forkserver,2.5.3,algo_iter,algo_kmeans,760,41,0.0,seconds,normal,25,61,4,2,3,15,0,0,0.015150232749419956,1.0,0.0034401392100707833,0.0006508150750403681,0.9571043221912264,0.0,0.124088455000674,0.00023444000180461444,0.043803538001156994,0.3786320319995866,0.39280635499926575,0.19886035200033803,0.378632;0.378480;0.380472,0.391093;0.393270;0.392806,0.198691;0.198860;0.199294,,multiprocessing,2026-10-03T13:28:36+00:00
R4-01057,R4,t2a-standard-4,Linux,6.1.0-53-cloud-arm64,aarch64,0xd0c,arm,4,4,,16.8,3.14.6,CPython,1,forkserver,2.5.3,text,text_format_report,34,561189,0.3,ms,big,356,561211,4,2,1,2,0,0,4.561921359504851e-05,1.0,0.1921146389545913,1.8911724518295294,0.9339853667764167,0.0,0.011211892000574153,0.0027177529900654918,0.043803538001156994,0.01587136099988129,0.016494478999447892,0.15595241699884355,0.015871;0.015972;0.015747,0.016824;0.016449;0.016494,0.155952,,sequential,2026-10-03T13:28:38+00:00
R4-01058,R4,t2a-standard-4,Linux,6.1.0-53-cloud-arm64,aarch64,0xd0c,arm,4,4,,16.8,3.14.6,CPython,1,forkserver,2.5.3,algo_iter,algo_dijkstra,214,1537,0.3,ms,normal,90,1559.2,4,4,2,15,0,0,0.0005040714997283595,1.0,0.2163844831198704,0.007998865274983502,0.9265396036237472,0.5,0.024359859999094624,0.0015844350036786636,0.08839863499997591,0.04290221500014013,0.04488141000001633,0.018479555001249537,0.043100;0.042601;0.042902,0.045097;0.044574;0.044881,0.018480;0.012529;0.024347,,multiprocessing,2026-10-03T13:28:39+00:00
R4-01059,R4,t2a-standard-4,Linux,6.1.0-53-cloud-arm64,aarch64,0xd0c,arm,4,4,,16.8,3.14.6,CPython,1,forkserver,2.5.3,tiny,tiny_dict_lookup,1,217,0.0,ms,normal,200000,236,4,8,0,1,0,0,2.6645949583326e-07,1.0,3.084920169236701,16.647933347722258,0.61852188049887,0.0,0.005119587000081083,0.0029333120091905585,0.05335983599979954,0.03403479600092396,0.041308097999717575,0.0824111570000241,0.031389;0.034035;0.034566,0.041308;0.040321;0.042339,0.082411;0.081927;0.082902,,sequential,2026-10-03T13:28:40+00:00
R4-01060,R4,t2a-standard-4,Linux,6.1.0-53-cloud-arm64,aarch64,0xd0c,arm,4,4,,16.8,3.14.6,CPython,1,forkserver,2.5.3,mixed,mixed_compute_then_sleep,114270,30,0.0,seconds,normal,78,52,4,4,1,3,1,0,0.008616652166286562,0.7277001084269504,0.0041046828843900466,0.0008874096528485362,1.2749547908065848,0.0,0.0931021710002824,0.0007922380027594045,0.08839863499997591,0.6739214989993343,0.4980696109996643,0.18130303299949446,0.674006;0.673921;0.673023,0.497183;0.499285;0.498070,0.179649;0.186662;0.181303,,multiprocessing,2026-10-03T13:28:45+00:00
R4-01061,R4,t2a-standard-4,Linux,6.1.0-53-cloud-arm64,aarch64,0xd0c,arm,4,4,,16.8,3.14.6,CPython,1,forkserver,2.5.3,gil_release,gil_numpy_matmul,23,17626,0.8,ms,normal,246,17648,4,8,0,2,0,1,2.8871409711905097e-05,1.0,0.40758595195150676,0.20095831748967954,0.5443943790647592,0.0,0.005942505998973502,0.0010094780063809594,0.05335983599979954,0.006280745001276955,0.013382487000853871,0.016981557999315555,0.006263;0.006371;0.006281,0.013498;0.013382;0.013025,0.011065;0.019081;0.016982,,sequential,2026-10-03T13:28:45+00:00
R4-01062,R4,t2a-standard-4,Linux,6.1.0-53-cloud-arm64,aarch64,0xd0c,arm,4,4,,16.8,3.14.6,CPython,1,forkserver,2.5.3,tiny,tiny_add,5,32,0.0,ms,normal,200000,51,4,2,0,1,0,0,1.9493949730531313e-07,1.0,0.38456340529923483,20.09854200354464,0.5672718454652166,0.0,0.004903588000161108,0.0030788320054853102,0.043803538001156994,0.012755888001265703,0.021484187000169186,0.06214568700124801,0.012756;0.012611;0.012937,0.021484;0.021373;0.021829,0.062146;0.062276;0.059143,,sequential,2026-10-03T13:28:46+00:00
R4-01063,R4,t2a-standard-4,Linux,6.1.0-53-cloud-arm64,aarch64,0xd0c,arm,4,4,,16.8,3.14.6,CPython,1,forkserver,2.5.3,algo_iter,algo_edit_distance,2669,169321,0.0,ms,big,73,169344,4,8,2,16,0,0,0.0007048138335853259,0.9994290637328306,0.017789042153597737,0.03293217913653368,0.9575131848258965,0.0,0.027695611999661196,0.0017102759957197122,0.05335983599979954,0.05129835299885599,0.05257751000135613,0.025867136000670143,0.051013;0.051474;0.051298,0.052645;0.052549;0.052578,0.025962;0.025867;0.020538,,multiprocessing,2026-10-03T13:28:47+00:00
R4-01064,R4,t2a-standard-4,Linux,6.1.0-53-cloud-arm64,aarch64,0xd0c,arm,4,4,,16.8,3.14.6,CPython,1,forkserver,2.5.3,io,io_file_roundtrip,5,23982,0.3,ms,normal,8,24004,4,2,1,0,1,0,0.007184715667487278,0.11041154240733744,0.10105276073137535,0.0016906260346549863,1.4553151723342057,0.5,0.038450344998636865,0.0010207169962086482,0.043803538001156994,0.05085171400060062,0.03207396099969628,0.03139136299978418,0.050852;0.051158;0.049771,0.032074;0.032221;0.031937,0.033042;0.030982;0.031391,,multiprocessing,2026-10-03T13:28:48+00:00
R4-01065,R4,t2a-standard-4,Linux,6.1.0-53-cloud-arm64,aarch64,0xd0c,arm,4,4,,16.8,3.14.6,CPython,1,forkserver,2.5.3,cpu,cpu_count_primes,454,148,0.3,seconds,normal,24646,168,4,2,2,4,0,0,0.00012128145006415746,1.0,0.23616887956083524,0.03558664586316876,0.9671180038693284,0.0,0.10295802499967976,0.0014625160220020916,0.043803538001156994,3.0537750399998913,3.098965908999162,1.5334703989992704,3.053775;3.054420;3.053751,3.098966;3.100980;3.089305,1.533470;1.533225;1.536337,,multiprocessing,2026-10-03T13:29:12+00:00
R4-01066,R4,t2a-standard-4,Linux,6.1.0-53-cloud-arm64,aarch64,0xd0c,arm,4,4,,16.8,3.14.6,CPython,1,forkserver,2.5.3,algo_iter,algo_kmeans,97,1539,0.0,ms,normal,38,1561,4,4,3,15,0,0,0.0019870661112185595,1.0,0.013839875688392128,0.0034847580271647914,0.9491151719709265,0.0,0.03697258699867234,0.0002641989976837067,0.08839863499997591,0.07505813200077682,0.07756360500025039,0.030854003000058583,0.075156;0.075058;0.075015,0.077597;0.077518;0.077564,0.025783;0.045548;0.030854,,multiprocessing,2026-10-03T13:29:13+00:00
R4-01067,R4,t2a-standard-4,Linux,6.1.0-53-cloud-arm64,aarch64,0xd0c,arm,4,4,,16.8,3.14.6,CPython,1,forkserver,2.5.3,gil_release,gil_bz2,6,300000,0.0,ms,big,10,300022,4,8,0,1,0,1,0.001536062666370223,1.0,0.014877526232396094,0.0344864402524821,1.2844075705748905,0.0,0.008966417999545229,0.0007388790018012514,0.05335983599979954,0.015076521998707904,0.006648704000326688,0.01051825399918016,0.015064;0.015240;0.015077,0.005441;0.006649;0.006660,0.011021;0.010518;0.008278,,threading,2026-10-03T13:29:14+00:00
R4-01068,R4,t2a-standard-4,Linux,6.1.0-53-cloud-arm64,aarch64,0xd0c,arm,4,4,,16.8,3.14.6,CPython,1,forkserver,2.5.3,recursive,rec_fib,52,1581,0.3,ms,normal,1096,1603,4,8,0,4,0,0,5.244656922580355e-06,1.0,0.6185344505274982,0.7867054363132737,0.7875963116405515,0.0,0.0045358290008152835,0.0011230780037294608,0.05335983599979954,0.005894264999369625,0.006630944000789896,0.01596120000067458,0.006028;0.005894;0.005856,0.006631;0.006573;0.006678,0.004504;0.027840;0.015961,,sequential,2026-10-03T13:29:14+00:00
R4-01069,R4,t2a-standard-4,Linux,6.1.0-53-cloud-arm64,aarch64,0xd0c,arm,4,4,,16.8,3.14.6,CPython,1,forkserver,2.5.3,mixed,mixed_parse_lines,27,9979,0.0,ms,normal,10,10001,4,2,2,3,1,0,0.013349032999637226,0.9753685969051173,0.001912119100754472,0.0008909509530383172,0.974165115903617,0.5,0.08205987400106096,0.000893758002348477,0.043803538001156994,0.13313742600075784,0.13354206499934662,0.08060511800067616,0.133111;0.133585;0.133137,0.133697;0.133030;0.133542,0.082908;0.080605;0.080447,,multiprocessing,2026-10-03T13:29:16+00:00
R4-01070,R4,t2a-standard-4,Linux,6.1.0-53-cloud-arm64,aarch64,0xd0c,arm,4,4,,16.8,3.14.6,CPython,1,forkserver,2.5.3,cpu,cpu_matmul_lists,9,434,0.3,ms,normal,791,456,4,8,3,5,0,0,6.167314213921899e-05,1.0,0.46243129555032725,0.06372303983898321,0.9614941156724313,0.0,0.02632421399903251,0.001379636998535716,0.05335983599979954,0.0487674780015368,0.050419273000443354,0.018156194000766845,0.048802;0.048436;0.048767,0.050477;0.050035;0.050419,0.021836;0.017612;0.018156,,multiprocessing,2026-10-03T13:29:17+00:00
R4-01071,R4,t2a-standard-4,Linux,6.1.0-53-cloud-arm64,aarch64,0xd0c,arm,4,4,,16.8,3.14.6,CPython,1,forkserver,2.5.3,db,db_file_lookup,28,81,0.3,seconds,normal,8919,100,4,4,1,5,1,0,0.0003783075303682849,0.9997502382434148,0.11287023820165121,0.0096165148887643,0.38590088686818097,0.0,0.17953458900046826,0.0006333989913400728,0.08839863499997591,3.331085386000268,5.1081048649994045,0.8216209729998809,3.331085,5.108105,0.821621,threading,multiprocessing,2026-10-03T13:29:27+00:00
R4-01072,R4,t2a-standard-4,Linux,6.1.0-53-cloud-arm64,aarch64,0xd0c,arm,4,4,,16.8,3.14.6,CPython,1,forkserver,2.5.3,recursive,rec_tree_sum,968,31,0.3,ms,normal,121,51,4,4,0,4,0,0,0.0003796497001530952,1.0,0.32981576951678426,0.010857376893444114,0.9305470117447315,0.0,0.02520825600004173,0.0014109559942880878,0.08331662899945513,0.04628848299944366,0.04932263599948783,0.015913519000605447,0.046288;0.046201;0.046313,0.049597;0.049323;0.049006,0.013979;0.015914;0.020469,,multiprocessing,2026-10-03T13:29:28+00:00
R4-01073,R4,t2a-standard-4,Linux,6.1.0-53-cloud-arm64,aarch64,0xd0c,arm,4,4,,16.8,3.14.6,CPython,1,forkserver,2.5.3,tiny,tiny_len,252,32,0.8,seconds,normal,200000,51.55,4,2,0,0,0,0,2.677994898476754e-07,1.0,2.4252550986439223,16.66900102952755,0.7052720499780576,0.0,0.005112147000545519,0.003076712020629202,0.045478325000658515,0.016136918999109184,0.024775617999694077,0.08390402799886942,0.016128;0.016137;0.016859,0.024776;0.025203;0.024457,0.083904,,sequential,2026-10-03T13:29:29+00:00
R4-01074,R4,t2a-standard-4,Linux,6.1.0-53-cloud-arm64,aarch64,0xd0c,arm,4,4,,16.8,3.14.6,CPython,1,forkserver,2.5.3,recursive,rec_quicksort,95,195227,0.8,seconds,big,1024,195249,4,2,1,8,0,0,8.860821483835934e-05,1.0,0.5507659549786568,0.3777742297700216,0.925489150579864,0.0,0.049392394999813405,0.0020897140020679217,0.045478325000658515,0.09432480099894747,0.09554695800034096,0.1659509410001192,0.093360;0.102751;0.094325,0.095308;0.095547;0.097022,0.181212;0.163583;0.165951,,sequential,2026-10-03T13:29:31+00:00
R4-01075,R4,t2a-standard-4,Linux,6.1.0-53-cloud-arm64,aarch64,0xd0c,arm,4,4,,16.8,3.14.6,CPython,1,forkserver,2.5.3,mixed,mixed_json_roundtrip,1,799,0.3,ms,normal,293,821,4,2,1,1,1,0,0.00010308520518576612,0.49622177533799083,0.09035496686671905,0.03662989171288385,1.6855148705439182,0.0,0.013073527001324692,0.0010316790230717743,0.045478325000658515,0.028569687998242443,0.015247600998918642,0.017981033999603824,0.028384;0.028976;0.028570,0.015412;0.015165;0.015248,0.017981;0.016637;0.020218,,threading,2026-10-03T13:29:32+00:00
R4-01076,R4,t2a-standard-4,Linux,6.1.0-53-cloud-arm64,aarch64,0xd0c,arm,4,4,,16.8,3.14.6,CPython,1,forkserver,2.5.3,mixed,mixed_json_roundtrip,17,1268,0.3,ms,normal,95,1290,4,2,1,1,1,0,0.0006202906087824174,0.9024831738200403,0.14831492985542566,0.0062744785693914775,0.9600267023706748,0.0,0.029470805999153526,0.00033283899574598763,0.045478325000658515,0.06040276699968672,0.05696617499961576,0.03308271700007026,0.060475;0.060254;0.060403,0.056966;0.056889;0.057191,0.033083;0.031741;0.040028,,multiprocessing,2026-10-03T13:29:33+00:00
R4-01077,R4,t2a-standard-4,Linux,6.1.0-53-cloud-arm64,aarch64,0xd0c,arm,4,4,,16.8,3.14.6,CPython,1,forkserver,2.5.3,recursive,rec_tree_sum,2754,1154,0.3,seconds,normal,609,1177,4,4,0,4,0,0,0.0011267704888774056,0.9997100155462613,0.17242183949173068,0.003856996682493755,0.9071330150139482,0.0,0.10677061000023969,0.00040387899935012683,0.08331662899945513,0.7217878089995793,0.7726625610011979,0.19806625800083566,0.726925;0.716933;0.721788,0.769154;0.772663;0.780653,0.225076;0.197854;0.198066,,multiprocessing,2026-10-03T13:29:39+00:00
R4-01078,R4,t2a-standard-4,Linux,6.1.0-53-cloud-arm64,aarch64,0xd0c,arm,4,4,,16.8,3.14.6,CPython,1,forkserver,2.5.3,recursive,rec_tree_sum,70,705414,0.3,ms,big,283,705436,4,8,0,4,0,0,2.5113071387750097e-05,1.0,0.35589009244926195,4.235075373077193,0.7679163275709081,0.0,0.0065601429996604566,0.0024582740024925442,0.06318303899934108,0.007679260001168586,0.008283739000034984,0.17359991900048044,0.007831;0.007679;0.007367,0.008607;0.008060;0.008284,0.173600,,sequential,2026-10-03T13:29:40+00:00
R4-01079,R4,t2a-standard-4,Linux,6.1.0-53-cloud-arm64,aarch64,0xd0c,arm,4,4,,16.8,3.14.6,CPython,1,forkserver,2.5.3,mixed,mixed_compute_then_sleep,17403,951636,0.3,seconds,big,210,951659,4,4,1,3,1,0,0.0014222419721995215,0.7043805401787595,0.15555516504018546,0.08907179830606568,1.375832513928994,0.0,0.09171024699935515,0.0033213499991688877,0.08331662899945513,0.28901514499921177,0.21288097800061223,0.16895577000104822,0.289162;0.289015;0.288880,0.212484;0.212881;0.213217,0.181585;0.168490;0.168956,,multiprocessing,2026-10-03T13:29:43+00:00
R4-01080,R4,t2a-standard-4,Linux,6.1.0-53-cloud-arm64,aarch64,0xd0c,arm,4,4,,16.8,3.14.6,CPython,1,forkserver,2.5.3,cpu,cpu_matmul_lists,33,334,0.0,ms,normal,15,356,4,4,3,5,0,0,0.0023563406660590167,1.0,0.013984084125727917,0.004136356937640612,0.9357272428801409,0.0,0.015628159999323543,0.001020637000692659,0.08331662899945513,0.03512971100099094,0.035994348998428904,0.012825807998524397,0.034900;0.035135;0.035130,0.036153;0.035994;0.035871,0.019076;0.012826;0.010214,,multiprocessing,2026-10-03T13:29:44+00:00
R4-01081,R4,t2a-standard-4,Linux,6.1.0-53-cloud-arm64,aarch64,0xd0c,arm,4,4,,16.8,3.14.6,CPython,1,forkserver,2.5.3,db,db_mem_insert_select,3848,1700803,0.8,ms,big,8,1700826,4,8,1,1,1,0,0.00240394066653001,1.0,0.45111606203843746,0.17896129455513624,0.41989466273461573,0.0,0.02694201200029056,0.0021165950001886813,0.06318303899934108,0.021602705000987044,0.35286970200104406,0.01779103499939083,0.021603;0.021597;0.021705,0.352870,0.017434;0.024146;0.017791,,multiprocessing,2026-10-03T13:29:45+00:00
R4-01082,R4,t2a-standard-4,Linux,6.1.0-53-cloud-arm64,aarch64,0xd0c,arm,4,4,,16.8,3.14.6,CPython,1,forkserver,2.5.3,mixed,mixed_parse_lines,3,2281,0.8,seconds,normal,2105,2303,4,8,2,3,1,0,0.00042388095755733834,0.8055584842233674,0.37388154805511553,0.010295343476693048,1.2127686315351007,0.0,0.09252372500122874,0.0012569970094773453,0.06318303899934108,0.8686590630004503,0.7474785750000592,0.19946445000095991,0.869723;0.867986;0.868659,0.747479;0.748500;0.747292,0.194592;0.205520;0.199464,,multiprocessing,2026-10-03T13:29:51+00:00
R4-01083,R4,t2a-standard-4,Linux,6.1.0-53-cloud-arm64,aarch64,0xd0c,arm,4,4,,16.8,3.14.6,CPython,1,forkserver,2.5.3,mixed,mixed_compute_then_sleep,1254,590198,0.8,ms,big,338,590221,4,4,1,3,1,0,0.0001360487024049646,0.46145828688947205,0.31877774579807655,0.623642845821787,1.4608153433748043,0.0,0.021465664998686407,0.0021167539980524452,0.08331662899945513,0.048451995999130304,0.02456549700036703,0.12473440199937613,0.048479;0.048452;0.048307,0.024915;0.024558;0.024565,0.124734,,threading,2026-10-03T13:29:53+00:00
R4-01084,R4,t2a-standard-4,Linux,6.1.0-53-cloud-arm64,aarch64,0xd0c,arm,4,4,,16.8,3.14.6,CPython,1,forkserver,2.5.3,algo_rec,algo_merge_sort,3113,54,0.0,ms,normal,8,74,4,2,1,10,0,0,0.00693459566597691,1.0,0.014578097043637732,0.029144597521243615,0.9627213939323017,0.0,0.04440120599974762,0.001972195001144428,0.045478325000658515,0.05532445799872221,0.056579455000246526,0.029944002999400254,0.055547;0.055197;0.055324,0.056579;0.056414;0.056834,0.029121;0.029944;0.036222,,multiprocessing,2026-10-03T13:29:54+00:00
R4-01085,R4,t2a-standard-4,Linux,6.1.0-53-cloud-arm64,aarch64,0xd0c,arm,4,4,,16.8,3.14.6,CPython,1,forkserver,2.5.3,cpu,cpu_collatz,83,23,0.0,seconds,normal,8689,42,4,2,2,5,0,0,0.00019828314281680615,0.9998739994781859,0.02013166379352978,0.019507458619840382,0.9860742674295356,0.5,0.10208121899995604,0.001308517010329524,0.045478325000658515,1.705007136999484,1.7328870399996958,0.8576255240004684,1.706236;1.704919;1.705007,1.732887;1.733039;1.731860,0.857626;0.857222;0.862120,,multiprocessing,2026-10-03T13:30:07+00:00
R4-01086,R4,t2a-standard-4,Linux,6.1.0-53-cloud-arm64,aarch64,0xd0c,arm,4,4,,16.8,3.14.6,CPython,1,forkserver,2.5.3,mixed,mixed_json_roundtrip,179,105518,0.8,seconds,big,99,105540.11111111111,4,2,1,1,1,0,0.005816358333403413,0.976227898024016,0.48522725823341545,0.003580686499005596,1.0693118423967622,0.0,0.10463024999990012,0.00040787900070426986,0.045478325000658515,0.5999596140009089,0.5969743419991573,0.30965664200084575,0.600376;0.599908;0.599960,0.596974;0.596596;0.598446,0.309455;0.310597;0.309657,,multiprocessing,2026-10-03T13:30:13+00:00
R4-01087,R4,t2a-standard-4,Linux,6.1.0-53-cloud-arm64,aarch64,0xd0c,arm,4,4,,16.8,3.14.6,CPython,1,forkserver,2.5.3,big_result,result_records,2524,197593,0.3,seconds,big,867,197616,4,8,1,2,0,0,0.001260421775168652,1.0,0.2858335751937947,1.031237856660113,0.6898814747499461,0.5,0.15084385099908104,0.02680004999274388,0.06318303899934108,1.9870974460009165,1.9386087050006608,2.1729769989997294,1.921303;1.987097;1.989003,1.938609;1.930220;1.941293,2.244636;2.107563;2.172977,,threading,2026-10-03T13:30:32+00:00
R4-01088,R4,t2a-standard-4,Linux,6.1.0-53-cloud-arm64,aarch64,0xd0c,arm,4,4,,16.8,3.14.6,CPython,1,forkserver,2.5.3,algo_iter,algo_dijkstra,2399,619,0.8,ms,normal,8,642,4,4,2,15,0,0,0.007001595333349542,1.0,0.42757641697869947,0.0015310795466837515,0.5748972264133968,0.0,0.05320278200088069,0.0015056360007292824,0.08331662899945513,0.06264867699974275,0.06567542900120316,0.022704981000060798,0.061993;0.063089;0.062649,0.067264;0.065675;0.065354,0.022291;0.022705;0.024959,,multiprocessing,2026-10-03T13:30:33+00:00
R4-01089,R4,t2a-standard-4,Linux,6.1.0-53-cloud-arm64,aarch64,0xd0c,arm,4,4,,16.8,3.14.6,CPython,1,forkserver,2.5.3,recursive,rec_nqueens,23,23,0.0,ms,normal,8,42,4,2,1,10,0,0,0.0036684303334671617,1.0,0.030587049980819885,0.0027586731591970315,0.9477344681555155,0.0,0.023535018999609747,0.0011101979998784373,0.045478325000658515,0.028812724998715566,0.029441523000059533,0.015795958999660797,0.028681;0.028813;0.029065,0.029624;0.029143;0.029442,0.015796;0.015257;0.021177,,multiprocessing,2026-10-03T13:30:34+00:00
R4-01090,R4,t2a-standard-4,Linux,6.1.0-53-cloud-arm64,aarch64,0xd0c,arm,4,4,,16.8,3.14.6,CPython,1,forkserver,2.5.3,recursive,rec_tree_sum,1094,715033,0.3,ms,big,279,715056,4,8,0,4,0,0,0.0004098771883761493,0.999813321382259,0.31492030300326096,0.2666499945066043,0.9232757352549043,0.0,0.06162547999883827,0.002542074002121808,0.06318303899934108,0.11833037200085528,0.1261848710000777,0.15780758899927605,0.118031;0.118330;0.118488,0.125938;0.126185;0.126753,0.168643;0.153013;0.157808,,sequential,2026-10-03T13:30:36+00:00
R4-01091,R4,t2a-standard-4,Linux,6.1.0-53-cloud-arm64,aarch64,0xd0c,arm,4,4,,16.8,3.14.6,CPython,1,forkserver,2.5.3,big_payload,big_count_byte,51,102018,0.0,ms,big,1960,102040,4,8,0,1,0,0,6.465640204364067e-05,1.0,0.04291429974680311,0.2703204876813891,0.9716116913546045,0.0,0.06634378700073285,0.0017803959981392836,0.06318303899934108,0.12647115000072517,0.12967734199992265,0.15303760099959618,0.126454;0.126607;0.126471,0.129294;0.129677;0.129858,0.157343;0.153038;0.145904,,sequential,2026-10-03T13:30:39+00:00
R4-01092,R4,t2a-standard-4,Linux,6.1.0-53-cloud-arm64,aarch64,0xd0c,arm,4,4,,16.8,3.14.6,CPython,1,forkserver,2.5.3,io,io_sleep_chunks,14563,20,0.3,seconds,normal,193,40,4,4,1,1,1,0,0.014604321750084637,0.0021626851677413565,0.09812554878136387,0.0006621328038545046,2.0497255927394953,0.0,0.08897712799989677,0.00065571899904171,0.08331662899945513,2.843232959001398,0.773828131999835,0.7741493769990484,2.840517;2.843233;2.843581,0.774568;0.773639;0.773828,0.774149;0.773962;0.774405,,threading,2026-10-03T13:30:53+00:00
R4-01093,R4,t2a-standard-4,Linux,6.1.0-53-cloud-arm64,aarch64,0xd0c,arm,4,4,,16.8,3.14.6,CPython,1,forkserver,2.5.3,mixed,mixed_parse_lines,2,6288,0.3,ms,normal,18,6310,4,4,2,3,1,0,0.0007172782502493646,0.8897837083217649,0.029343753088950146,0.013467577765215292,0.8381649397814797,0.0,0.006555583000590559,0.00022539900055562612,0.08331662899945513,0.012780045999534195,0.012636726998607628,0.006770622001567972,0.012780;0.012729;0.012798,0.012606;0.012669;0.012637,0.007235;0.004857;0.006771,,multiprocessing,2026-10-03T13:30:53+00:00
R4-01094,R4,t2a-standard-4,Linux,6.1.0-53-cloud-arm64,aarch64,0xd0c,arm,4,4,,16.8,3.14.6,CPython,1,forkserver,2.5.3,text,text_split_count,5,436,0.8,ms,normal,807,458,4,4,1,1,0,0,0.000154046756171593,1.0,0.3386241618740959,0.02431729197462592,0.9919831201440912,0.5,0.063546512999892,0.0012378770097711822,0.08331662899945513,0.12163908000002266,0.12357443499968213,0.04172697099966172,0.121639;0.121453;0.122309,0.123574;0.123170;0.123980,0.041198;0.054367;0.041727,,multiprocessing,2026-10-03T13:30:55+00:00
R4-01095,R4,t2a-standard-4,Linux,6.1.0-53-cloud-arm64,aarch64,0xd0c,arm,4,4,,16.8,3.14.6,CPython,1,forkserver,2.5.3,text,text_csv_parse,10,149,0.3,ms,normal,21,168,4,4,2,3,0,0,0.0009593735998350894,1.0,0.18740395610948585,0.007012909796604082,0.836906525132912,0.0,0.011666329999570735,0.0010486770006536972,0.08331662899945513,0.0215507439988869,0.02186454199909349,0.010729052000897354,0.021349;0.021601;0.021551,0.021600;0.021917;0.021865,0.008429;0.010729;0.013191,,multiprocessing,2026-10-03T13:30:55+00:00
R4-01096,R4,t2a-standard-4,Linux,6.1.0-53-cloud-arm64,aarch64,0xd0c,arm,4,4,,16.8,3.14.6,CPython,1,forkserver,2.5.3,numpy,np_sort,325667,1506,0.8,ms,normal,8,1531,4,2,0,3,0,1,0.022938953000145073,0.9999096430062347,0.5577248346571984,0.0006504220075203965,1.3480820300664558,0.0,0.12202587899992068,0.0008738380001886981,0.045478325000658515,0.21805898700040416,0.11458317899996473,0.11639741399994818,0.218059;0.217887;0.218767,0.117449;0.114583;0.114289,0.165460;0.116397;0.114037,,threading,2026-10-03T13:30:58+00:00
R4-01097,R4,t2a-standard-4,Linux,6.1.0-53-cloud-arm64,aarch64,0xd0c,arm,4,4,,16.8,3.14.6,CPython,1,forkserver,2.5.3,mixed,mixed_compute_then_sleep,19829,110333,0.8,ms,big,39,110356,4,2,1,3,1,0,0.0017518664444651222,0.7122631408665547,0.3829847866089671,0.011939012669392592,1.7749912281046702,0.0,0.025634412999352207,0.0004119989989703754,0.045478325000658515,0.05785528799970052,0.04346660500050348,0.033028592999471584,0.057855;0.057773;0.058088,0.043554;0.043403;0.043467,0.033029;0.032453;0.034042,,multiprocessing,2026-10-03T13:30:59+00:00
R4-01098,R4,t2a-standard-4,Linux,6.1.0-53-cloud-arm64,aarch64,0xd0c,arm,4,4,,16.8,3.14.6,CPython,1,forkserver,2.5.3,text,text_regex_findall,35,3589,0.3,seconds,normal,551,3611,4,2,1,1,0,0,0.007607357142790404,1.0,0.20471728495028924,0.0008315258916821708,1.1068836279751926,0.0,0.10290892900047766,0.00071887700141815,0.045478325000658515,4.147511584000313,4.205631577000531,2.0489382010000554,4.151981;4.147512;4.142744,4.205632;4.203326;4.208306,2.051178;2.048659;2.048938,,multiprocessing,2026-10-03T13:31:30+00:00
R4-01099,R4,t2a-standard-4,Linux,6.1.0-53-cloud-arm64,aarch64,0xd0c,arm,4,4,,16.8,3.14.6,CPython,1,forkserver,2.5.3,cpu,cpu_sum_squares,196073,125,0.0,seconds,normal,257,147,4,2,1,2,0,0,0.014550678999967204,1.0,0.044603011275901536,0.0006439733636990422,0.978867801632629,0.0,0.11689959700015606,0.0006890470012876904,0.045478325000658515,3.641158254999027,3.696841286000563,1.8700393740000436,3.641596;3.641158;3.640800,3.702973;3.691735;3.696841,1.869126;1.870039;1.870752,,multiprocessing,2026-10-03T13:31:59+00:00
R4-01100,R4,t2a-standard-4,Linux,6.1.0-53-cloud-arm64,aarch64,0xd0c,arm,4,4,,16.8,3.14.6,CPython,1,forkserver,2.5.3,io,io_sleep,11389,1269,0.0,seconds,normal,833,1292,4,8,0,1,1,0,0.0114572855996812,0.0010199076050989046,0.0003415124985827483,0.0007115297336130792,1.6536348119465563,0.0,0.09261522999986482,0.0006103260020609014,0.06318303899934108,9.559272102998875,1.2395025080004416,1.2443447910009127,9.559272,1.239503;1.238858;1.239576,1.244345;1.243676;1.246331,,threading,2026-10-03T13:32:16+00:00
R4-01101,R4,t2a-standard-4,Linux,6.1.0-53-cloud-arm64,aarch64,0xd0c,arm,4,4,,16.8,3.14.6,CPython,1,forkserver,2.5.3,gil_release,gil_zlib,15,117024,0.3,seconds,big,126,117046,4,4,1,1,0,1,0.03837404466685257,1.0,0.2056113454909698,0.0006573974929252955,1.3148465754289989,0.0,0.20651035499940917,0.0007425679978041444,0.08331662899945513,5.064783158999489,1.3094464320001862,1.335789095999644,5.064783;5.058916;5.066033,1.315445;1.309446;1.305064,1.364231;1.334398;1.335789,,threading,2026-10-03T13:32:40+00:00
R4-01102,R4,t2a-standard-4,Linux,6.1.0-53-cloud-arm64,aarch64,0xd0c,arm,4,4,,16.8,3.14.6,CPython,1,forkserver,2.5.3,algo_rec,algo_flood_fill,8,706,0.8,seconds,normal,1624,728,4,2,3,10,0,0,0.0027588509998933753,1.0,0.6378987081440164,0.0015338384538211563,0.99846699247229,0.0,0.10769984499893326,0.0018471770017640665,0.045478325000658515,4.774328981000508,4.885136950999367,2.403144275000159,4.753211;4.774329;4.779870,4.885137;4.883369;4.893116,2.396648;2.403144;2.408145,,multiprocessing,2026-10-03T13:33:17+00:00
