run_id,machine_id,vm_size,os,os_release,arch,cpu_model,cpu_vendor,logical_cpus,physical_cores,cpu_freq_mhz,ram_gb,python,python_impl,gil_enabled,start_method,numpy_version,family,template_id,work,payload_size,jitter,duration_tier,input_tier,n_items,input_bytes,cpu_count,n_workers,max_loop_depth,arith_op_count,has_io_call,has_gil_release_call,time_per_item,cpu_ratio,time_cv,pickle_time_ratio,thread_probe_speedup,cpu_load,probe_overhead_s,probe_extra_s,pool_startup_s,t_sequential,t_threading,t_multiprocessing,runs_sequential,runs_threading,runs_multiprocessing,censored,label,timestamp
W4-00000,W4,n2-standard-4,Windows,2022Server,AMD64,Intel(R) Xeon(R) CPU @ 2.80GHz,intel,4,2,2800,17.2,3.14.6,CPython,1,spawn,2.5.3,io,io_sleep_chunks,3100,406717,0.0,ms,big,11,406740,4,8,1,1,1,0,0.005904633333329912,0.018792544266434005,0.010482552513656838,0.03186198409090675,1.4528194323946315,25.8,0.052177900000003774,0.02223190000000841,0.36398379999999975,0.06417190000000517,0.01212700000000666,0.014192399999998884,0.064172,0.012127;0.012108;0.012218,0.014857;0.014192;0.013653,,threading,2026-10-03T18:00:18+00:00
W4-00001,W4,n2-standard-4,Windows,2022Server,AMD64,Intel(R) Xeon(R) CPU @ 2.80GHz,intel,4,2,2800,17.2,3.14.6,CPython,1,spawn,2.5.3,algo_iter,algo_edit_distance,660,207340,0.0,ms,big,565,207363,4,8,2,16,0,0,0.0005007080000007136,0.9898910383910783,0.30300469651067874,0.06485816084927104,1.4966557582513702,18.0,0.08655849999999532,0.002711099999928024,0.36398379999999975,0.16574070000000063,0.183399399999999,0.4012700000000109,0.163501;0.174685;0.165741,0.183399;0.206408;0.165895,0.401270;0.409953;0.365631,,sequential,2026-10-03T18:00:21+00:00
W4-00002,W4,n2-standard-4,Windows,2022Server,AMD64,Intel(R) Xeon(R) CPU @ 2.80GHz,intel,4,2,2800,17.2,3.14.6,CPython,1,spawn,2.5.3,algo_rec,algo_sudoku,10,43,0.0,ms,normal,11,62,4,8,3,28,0,0,0.008432500000002582,1.0,0.724726775231172,0.0012926178472705552,0.811823913357312,2.3,0.042856700000001524,0.0021990999999843552,0.36398379999999975,0.10363949999999988,0.10456899999999791,0.06109219999999027,0.106294;0.103639;0.103337,0.104171;0.105437;0.104569,0.061092;0.061666;0.060499,,multiprocessing,2026-10-03T18:00:22+00:00
W4-00003,W4,n2-standard-4,Windows,2022Server,AMD64,Intel(R) Xeon(R) CPU @ 2.80GHz,intel,4,2,2800,17.2,3.14.6,CPython,1,spawn,2.5.3,numpy,np_linalg_solve,376,9728,0.3,seconds,normal,611,9751,4,4,0,3,0,1,0.004550700000001721,1.0,0.2485544804058082,0.0021388650832996534,1.1899611930491831,0.0,0.10227400000000841,0.0011923999999794432,0.7518486000000024,2.8965010000000007,2.4111182999999983,1.235974799999994,2.849657;2.896501;2.897930,2.372988;2.411118;2.523608,1.817561;1.235975;1.227929,,multiprocessing,2026-10-03T18:00:44+00:00
W4-00004,W4,n2-standard-4,Windows,2022Server,AMD64,Intel(R) Xeon(R) CPU @ 2.80GHz,intel,4,2,2800,17.2,3.14.6,CPython,1,spawn,2.5.3,numpy,np_fft,11267,101,0.8,seconds,normal,1153,121,4,4,0,0,0,1,0.0008783070175437395,0.9437936458560306,1.0943288797101722,0.005026716069872871,0.8964088397788265,24.2,0.10604730000000018,0.001185100000014927,0.7518486000000024,1.0926504000000108,0.538835000000006,0.6546184000000039,1.092650;1.195466;0.967036,0.588313;0.538835;0.537939,0.663032;0.654618;0.630542,,threading,2026-10-03T18:00:52+00:00
W4-00005,W4,n2-standard-4,Windows,2022Server,AMD64,Intel(R) Xeon(R) CPU @ 2.80GHz,intel,4,2,2800,17.2,3.14.6,CPython,1,spawn,2.5.3,algo_rec,algo_merge_sort,2172,17,0.3,ms,normal,8,37,4,8,1,10,0,0,0.004075833333331502,1.0,0.16698755804047588,0.03178082191731086,1.0449853524037334,3.1,0.025842199999999593,0.0019478000000106022,0.36398379999999975,0.0335409999999996,0.03466880000000572,0.022774900000001708,0.032329;0.034314;0.033541,0.034669;0.034366;0.035136,0.020544;0.022872;0.022775,,multiprocessing,2026-10-03T18:00:52+00:00
W4-00006,W4,n2-standard-4,Windows,2022Server,AMD64,Intel(R) Xeon(R) CPU @ 2.80GHz,intel,4,2,2800,17.2,3.14.6,CPython,1,spawn,2.5.3,mixed,mixed_compute_then_sleep,1169,252584,0.3,ms,big,116,252607,4,8,1,3,1,0,0.0009707931034478963,0.06575696798654235,0.028646675351200232,0.04521560757177286,1.8824475777816871,0.0,0.04502669999999398,0.0017600999999984879,0.36398379999999975,0.10795849999999518,0.016128299999991214,0.056059300000001144,0.107958,0.016116;0.016128;0.016167,0.060701;0.055568;0.056059,,threading,2026-10-03T18:00:53+00:00
W4-00007,W4,n2-standard-4,Windows,2022Server,AMD64,Intel(R) Xeon(R) CPU @ 2.80GHz,intel,4,2,2800,17.2,3.14.6,CPython,1,spawn,2.5.3,cpu,cpu_sum_squares,3223,1934,0.0,ms,normal,470,1957,4,4,1,2,0,0,0.00015366324786293814,1.0,0.018546264499276464,0.03419815781419836,0.9161203548530887,0.0,0.038820800000010536,0.001073700000048916,0.7518486000000024,0.07359100000000751,0.07740989999999215,0.04564380000000767,0.076002;0.073267;0.073591,0.087552;0.077410;0.075897,0.046910;0.045644;0.045498,,multiprocessing,2026-10-03T18:00:55+00:00
W4-00008,W4,n2-standard-4,Windows,2022Server,AMD64,Intel(R) Xeon(R) CPU @ 2.80GHz,intel,4,2,2800,17.2,3.14.6,CPython,1,spawn,2.5.3,big_payload,big_upper_copy,3,1395435,0.8,ms,big,143,1395457,4,8,0,0,0,0,0.0008702742857159202,1.0,0.016856592668657775,2.610860779519582,0.9392279907454495,0.0,0.1093560999999994,0.04638269999993838,0.36398379999999975,0.13029840000000092,0.13285480000000405,0.7707332000000093,0.130298;0.131170;0.121199,0.127527;0.135993;0.132855,0.770733,,sequential,2026-10-03T18:00:57+00:00
W4-00009,W4,n2-standard-4,Windows,2022Server,AMD64,Intel(R) Xeon(R) CPU @ 2.80GHz,intel,4,2,2800,17.2,3.14.6,CPython,1,spawn,2.5.3,recursive,rec_fib,93644,47,0.3,seconds,normal,560,69,4,8,0,4,0,0,0.00796102857142549,1.0,0.01312652904627904,0.0008541609847700052,0.9941438349035321,0.0,0.11278249999999446,0.0008930000000191285,0.36398379999999975,4.71439079999999,4.488343399999991,2.5673254000000156,4.457937;5.123829;4.714391,4.488343;4.765891;4.455599,2.558301;2.629663;2.567325,,multiprocessing,2026-10-03T18:01:34+00:00
W4-00010,W4,n2-standard-4,Windows,2022Server,AMD64,Intel(R) Xeon(R) CPU @ 2.80GHz,intel,4,2,2800,17.2,3.14.6,CPython,1,spawn,2.5.3,text,text_split_count,25,169,0.8,seconds,normal,7010,188,4,2,1,1,0,0,0.00021619177489154152,1.0,0.4611729899606536,0.01875649525269771,0.897494524424148,0.8,0.10711790000001997,0.0015541000000780514,0.6501975000000186,1.5657904999999914,1.6098699000000067,0.9471493000000066,1.565790;1.554167;1.568826,1.603291;1.610183;1.609870,0.938513;0.987152;0.947149,,multiprocessing,2026-10-03T18:01:47+00:00
W4-00011,W4,n2-standard-4,Windows,2022Server,AMD64,Intel(R) Xeon(R) CPU @ 2.80GHz,intel,4,2,2800,17.2,3.14.6,CPython,1,spawn,2.5.3,tiny,tiny_dict_lookup,13,1047221,0.0,ms,big,190,1047243,4,8,0,1,0,0,5.148936160841255e-07,1.0,0.4723051933092572,1635.1921517231585,0.036170640497068675,0.0,0.01842659999999796,0.017687500000050704,0.36398379999999975,7.260000000997024e-05,0.0006602999999927306,0.5742654999999957,0.000075;0.000073;0.000031,0.000660,0.574265,,sequential,2026-10-03T18:01:49+00:00
W4-00012,W4,n2-standard-4,Windows,2022Server,AMD64,Intel(R) Xeon(R) CPU @ 2.80GHz,intel,4,2,2800,17.2,3.14.6,CPython,1,spawn,2.5.3,tiny,tiny_add,4,294,0.0,seconds,normal,200000,316,4,8,0,1,0,0,1.3684999983354374e-07,1.0,0.4514614673598333,30.909755236600514,0.24132313695312302,0.0,0.00579299999998284,0.0034464000003140427,0.36398379999999975,0.019203000000004522,0.030212900000009313,0.21226280000001907,0.018760;0.020662;0.019203,0.030213;0.030440;0.030064,0.212263,,sequential,2026-10-03T18:01:50+00:00
W4-00013,W4,n2-standard-4,Windows,2022Server,AMD64,Intel(R) Xeon(R) CPU @ 2.80GHz,intel,4,2,2800,17.2,3.14.6,CPython,1,spawn,2.5.3,recursive,rec_nqueens,4,521938,0.0,seconds,big,383,521960,4,4,1,10,0,0,0.0005884141176482792,1.0,0.025947841553689954,0.16392366720104803,0.9296701423238383,2.3,0.10727570000000242,0.0034552999998993528,0.7518486000000024,0.2374387999999783,0.2363868999999852,0.7029659000000095,0.235830;0.237439;0.244227,0.236140;0.236387;0.246904,0.702966;0.731948;0.692912,,threading,2026-10-03T18:01:55+00:00
W4-00014,W4,n2-standard-4,Windows,2022Server,AMD64,Intel(R) Xeon(R) CPU @ 2.80GHz,intel,4,2,2800,17.2,3.14.6,CPython,1,spawn,2.5.3,cpu,cpu_matmul_lists,11,1428669,0.3,seconds,big,139,1428691,4,4,3,5,0,0,8.802352941221911e-05,1.0,0.4630337516449956,12.95608126161572,0.7279509401038311,1.6,0.0312855999999897,0.024164399999961006,0.7518486000000024,0.013251200000013341,0.013611499999996113,0.6478855999999951,0.013251;0.013326;0.012494,0.013645;0.013611;0.013094,0.647886,,sequential,2026-10-03T18:01:57+00:00
W4-00015,W4,n2-standard-4,Windows,2022Server,AMD64,Intel(R) Xeon(R) CPU @ 2.80GHz,intel,4,2,2800,17.2,3.14.6,CPython,1,spawn,2.5.3,numpy,np_sort,104843,3035,0.8,ms,normal,28,3059.1428571428573,4,4,0,3,0,1,0.004281514285716119,1.0,0.3909096005109348,0.0020119717342346154,1.4092703439098777,0.0,0.05276630000000182,0.0009655000000066138,0.7518486000000024,0.13949060000001623,0.07616719999998622,0.07748979999999506,0.139491;0.134023;0.139790,0.076114;0.076167;0.076890,0.077490;0.078468;0.075453,,threading,2026-10-03T18:01:59+00:00
W4-00016,W4,n2-standard-4,Windows,2022Server,AMD64,Intel(R) Xeon(R) CPU @ 2.80GHz,intel,4,2,2800,17.2,3.14.6,CPython,1,spawn,2.5.3,io,io_file_roundtrip,4,286,0.0,ms,normal,8,308,4,8,1,0,1,0,0.0193657000000087,0.14191078295561205,0.04925889637445387,0.0007401402136268928,1.619047888632002,0.8,0.09463259999998286,0.0011371999999596483,0.36398379999999975,0.089642600000019,0.03395090000000778,0.03114089999999692,0.098424;0.089643;0.081492,0.033951;0.030200;0.034285,0.043055;0.029464;0.031141,,multiprocessing,2026-10-03T18:02:00+00:00
W4-00017,W4,n2-standard-4,Windows,2022Server,AMD64,Intel(R) Xeon(R) CPU @ 2.80GHz,intel,4,2,2800,17.2,3.14.6,CPython,1,spawn,2.5.3,algo_iter,algo_dijkstra,193,1586196,0.3,seconds,big,126,1586218,4,2,2,15,0,0,0.0004202258064495826,0.9518231303683008,0.19537742101707628,2.603243263997492,0.9808544558432929,0.8,0.04973870000000602,0.023569800000075247,0.6501975000000186,0.0511739000000091,0.05256769999999733,0.6305279000000041,0.048997;0.051174;0.052176,0.052427;0.052568;0.053272,0.630528,,sequential,2026-10-03T18:02:02+00:00
W4-00018,W4,n2-standard-4,Windows,2022Server,AMD64,Intel(R) Xeon(R) CPU @ 2.80GHz,intel,4,2,2800,17.2,3.14.6,CPython,1,spawn,2.5.3,io,io_sleep_return_payload,3248,151128,0.0,seconds,big,731,151151,4,4,0,1,1,0,0.0038539538461551414,0.010329029559027161,0.034684574614274225,0.011660352805475378,1.853767000615538,0.0,0.07869359999997982,0.0014188999999475982,0.7518486000000024,2.854706099999987,0.7191708999999946,0.9878381999999988,2.854777;2.854706;2.854679,0.719653;0.719171;0.719128,0.980677;0.987838;0.998115,,threading,2026-10-03T18:02:17+00:00
W4-00019,W4,n2-standard-4,Windows,2022Server,AMD64,Intel(R) Xeon(R) CPU @ 2.80GHz,intel,4,2,2800,17.2,3.14.6,CPython,1,spawn,2.5.3,recursive,rec_nqueens,6,449,0.8,seconds,normal,323,471,4,2,1,10,0,0,0.0008693327586198934,1.0,0.49295375812206926,0.005113116877692497,0.7656826336243832,27.3,0.11730299999999261,0.0004995000000462824,0.6501975000000186,0.3335495000000037,0.327768500000019,0.2465799000000004,0.322869;0.333550;0.338262,0.335982;0.323021;0.327769,0.233281;0.246580;0.256147,,multiprocessing,2026-10-03T18:02:20+00:00
W4-00020,W4,n2-standard-4,Windows,2022Server,AMD64,Intel(R) Xeon(R) CPU @ 2.80GHz,intel,4,2,2800,17.2,3.14.6,CPython,1,spawn,2.5.3,text,text_split_count,36,220,0.0,seconds,normal,3938,239,4,2,1,1,0,0,0.00038839147286982427,1.0,0.03594494249504559,0.010041415099265564,0.9159510253837311,0.0,0.1055180999999834,0.0006277999997905681,0.6501975000000186,1.573370600000004,1.6085845000000063,1.0887235999999803,1.573371;1.536957;1.616803,1.608585;1.599539;1.640052,1.005312;1.088724;1.169671,,multiprocessing,2026-10-03T18:02:47+00:00
W4-00021,W4,n2-standard-4,Windows,2022Server,AMD64,Intel(R) Xeon(R) CPU @ 2.80GHz,intel,4,2,2800,17.2,3.14.6,CPython,1,spawn,2.5.3,tiny,tiny_dict_lookup,19,464,0.8,seconds,normal,200000,486,4,8,0,1,0,0,3.456999999400523e-07,1.0,0.2915947811922017,12.163725785476485,0.5633638848052412,26.6,0.006300600000002987,0.003342300000127807,0.36398379999999975,0.054223400000012134,0.06376130000001012,0.42051680000000147,0.053451;0.054223;0.054328,0.065201;0.061956;0.063761,0.420517,,sequential,2026-10-03T18:02:49+00:00
W4-00022,W4,n2-standard-4,Windows,2022Server,AMD64,Intel(R) Xeon(R) CPU @ 2.80GHz,intel,4,2,2800,17.2,3.14.6,CPython,1,spawn,2.5.3,recursive,rec_nqueens,2,1256,0.0,seconds,normal,2874,1278,4,2,1,10,0,0,0.00035302957746427517,0.9597603097816367,0.21759913810801765,0.017873856463223883,1.0471434790088257,5.3,0.09910970000001385,0.0009797000000730804,0.6501975000000186,0.8597969999999862,0.8882442000000026,0.5676737000000003,0.859797;0.868891;0.847331,0.914896;0.885339;0.888244,0.567674;0.514593;0.569567,,multiprocessing,2026-10-03T18:02:57+00:00
W4-00023,W4,n2-standard-4,Windows,2022Server,AMD64,Intel(R) Xeon(R) CPU @ 2.80GHz,intel,4,2,2800,17.2,3.14.6,CPython,1,spawn,2.5.3,mixed,mixed_compute_then_sleep,41710,1045,0.0,ms,normal,8,1068,4,4,1,3,1,0,0.0030451666666616952,0.6018694626640256,0.048391402050534126,0.004258113953392986,1.0875896664798435,0.0,0.017601200000001427,0.0002833000000350694,0.7518486000000024,0.024210900000014135,0.017258800000007568,0.011788700000010977,0.024211;0.024732;0.024141,0.017332;0.017217;0.017259,0.012046;0.011789;0.011774,,multiprocessing,2026-10-03T18:02:57+00:00
W4-00024,W4,n2-standard-4,Windows,2022Server,AMD64,Intel(R) Xeon(R) CPU @ 2.80GHz,intel,4,2,2800,17.2,3.14.6,CPython,1,spawn,2.5.3,mixed,mixed_parse_lines,7,4404,0.0,ms,normal,12,4426,4,4,2,3,1,0,0.0023888999999902203,0.6139328103244431,0.023374454148986472,0.005581369386808237,1.1779910418258146,0.0,0.014417099999974425,0.0009948000000008506,0.7518486000000024,0.02917760000002545,0.019825800000006666,0.013392800000019633,0.029374;0.029172;0.029178,0.020863;0.019826;0.019640,0.013393;0.013414;0.013266,,multiprocessing,2026-10-03T18:02:58+00:00
W4-00025,W4,n2-standard-4,Windows,2022Server,AMD64,Intel(R) Xeon(R) CPU @ 2.80GHz,intel,4,2,2800,17.2,3.14.6,CPython,1,spawn,2.5.3,gil_release,gil_bz2,82,300000,0.3,ms,big,12,300022,4,4,0,1,0,1,0.008788033333331668,1.0,0.11348847538734413,0.0115004874059418,1.5669990788810415,0.8,0.0455804999999998,0.0010190000000136479,0.7518486000000024,0.111245700000012,0.06397830000000226,0.06444439999998508,0.115137;0.110916;0.111246,0.064013;0.063978;0.062054,0.064444;0.065653;0.063249,,threading,2026-10-03T18:02:59+00:00
W4-00026,W4,n2-standard-4,Windows,2022Server,AMD64,Intel(R) Xeon(R) CPU @ 2.80GHz,intel,4,2,2800,17.2,3.14.6,CPython,1,spawn,2.5.3,big_payload,big_count_byte,29,533255,0.8,seconds,big,375,533277,4,2,0,1,0,0,0.0003199526881734337,1.0,0.019987649377296045,0.3368935595252833,0.9580615128236839,1.6,0.064029000000005,0.003088799999858338,0.6501975000000186,0.12643769999999677,0.12418310000001043,0.730692600000026,0.119827;0.127363;0.126438,0.123367;0.124183;0.126219,0.730693,,threading,2026-10-03T18:03:02+00:00
W4-00027,W4,n2-standard-4,Windows,2022Server,AMD64,Intel(R) Xeon(R) CPU @ 2.80GHz,intel,4,2,2800,17.2,3.14.6,CPython,1,spawn,2.5.3,cpu,cpu_collatz,386,273680,0.0,seconds,big,222,273703,4,2,2,5,0,0,0.0014349142857140254,1.0,0.012301342541566304,0.030503564173519793,0.990671040904958,2.3,0.10294929999997748,0.001983499999965943,0.6501975000000186,0.32249269999999797,0.3164057999999841,0.29480159999999955,0.330903;0.322493;0.320614,0.316406;0.316564;0.313815,0.287250;0.294802;0.330617,,multiprocessing,2026-10-03T18:03:06+00:00
W4-00028,W4,n2-standard-4,Windows,2022Server,AMD64,Intel(R) Xeon(R) CPU @ 2.80GHz,intel,4,2,2800,17.2,3.14.6,CPython,1,spawn,2.5.3,big_payload,big_count_byte,34,2767362,0.0,seconds,big,72,2767384,4,8,0,1,0,0,0.0016600944444431004,1.0,0.0074363333821973075,1.0705582346385598,0.953858123421692,0.0,0.09377850000001331,0.03248040000005403,0.36398379999999975,0.12045940000001565,0.12267579999999612,0.45664549999997917,0.126034;0.120459;0.119648,0.122676;0.121661;0.123607,0.460501;0.456645;0.445207,,sequential,2026-10-03T18:03:09+00:00
W4-00029,W4,n2-standard-4,Windows,2022Server,AMD64,Intel(R) Xeon(R) CPU @ 2.80GHz,intel,4,2,2800,17.2,3.14.6,CPython,1,spawn,2.5.3,recursive,rec_nqueens,6,245806,0.8,ms,big,85,245828,4,4,1,10,0,0,0.0009907809523822056,1.0,0.42932526639267354,0.04167924292496246,1.07849840421474,0.8,0.041371200000014596,0.001202199999994491,0.7518486000000024,0.07884469999999055,0.08080169999999498,0.062265899999999874,0.075568;0.078845;0.091470,0.080802;0.081518;0.080770,0.062587;0.058054;0.062266,,multiprocessing,2026-10-03T18:03:10+00:00
W4-00030,W4,n2-standard-4,Windows,2022Server,AMD64,Intel(R) Xeon(R) CPU @ 2.80GHz,intel,4,2,2800,17.2,3.14.6,CPython,1,spawn,2.5.3,numpy,np_linalg_solve,79,236815,0.3,seconds,big,342,236837,4,2,0,3,0,1,0.001347876315790586,1.0,0.10113194759935212,0.03210977112341684,1.3873099168639886,0.8,0.08938060000002679,0.0012710999999683281,0.6501975000000186,0.5169903999999974,0.33212729999999624,0.48714630000000625,0.522922;0.505302;0.516990,0.332127;0.330260;0.333976,1.026732;0.431185;0.487146,,threading,2026-10-03T18:03:16+00:00
W4-00031,W4,n2-standard-4,Windows,2022Server,AMD64,Intel(R) Xeon(R) CPU @ 2.80GHz,intel,4,2,2800,17.2,3.14.6,CPython,1,spawn,2.5.3,db,db_file_lookup,12,271921,0.8,ms,big,8,271943,4,4,1,5,1,0,0.0006254333333496712,1.0,0.3451799942090187,0.24793476521198748,0.04491739221348927,1.6,0.03534730000001218,0.001776499999976977,0.7518486000000024,0.0039861000000200875,0.07054540000001452,0.03962110000000507,0.003960;0.004902;0.003986,0.070545,0.039621,,sequential,2026-10-03T18:03:16+00:00
W4-00032,W4,n2-standard-4,Windows,2022Server,AMD64,Intel(R) Xeon(R) CPU @ 2.80GHz,intel,4,2,2800,17.2,3.14.6,CPython,1,spawn,2.5.3,text,text_format_report,69,116,0.3,ms,normal,907,135,4,8,1,2,0,0,9.268584070837157e-05,1.0,0.18433331522375587,0.04051319999803211,0.9324434866448212,1.5,0.045070600000002514,0.0014658999999141997,0.36398379999999975,0.08781139999999255,0.0914598999999896,0.047629200000017136,0.087920;0.087595;0.087811,0.091460;0.089344;0.091578,0.047629;0.047679;0.047078,,multiprocessing,2026-10-03T18:03:18+00:00
W4-00033,W4,n2-standard-4,Windows,2022Server,AMD64,Intel(R) Xeon(R) CPU @ 2.80GHz,intel,4,2,2800,17.2,3.14.6,CPython,1,spawn,2.5.3,algo_rec,algo_sudoku,16,837,0.8,seconds,normal,55,859,4,4,3,28,0,0,0.013228999999981284,1.0,0.3909458033064563,0.0007351273715471965,1.2066011161021755,0.0,0.09261390000000347,0.0002559000000701417,0.7518486000000024,0.9805630999999835,0.9906018000000358,0.5477808999999638,0.997315;0.961775;0.980563,0.988657;0.994044;0.990602,0.547781;0.550057;0.545995,,multiprocessing,2026-10-03T18:03:26+00:00
W4-00034,W4,n2-standard-4,Windows,2022Server,AMD64,Intel(R) Xeon(R) CPU @ 2.80GHz,intel,4,2,2800,17.2,3.14.6,CPython,1,spawn,2.5.3,algo_rec,algo_flood_fill,25,149,0.0,ms,normal,19,168,4,8,3,10,0,0,0.008905550000008589,1.0,0.044759315843589026,0.0009516537441631203,1.1184339521215054,0.0,0.068845500000009,0.001527199999941331,0.36398379999999975,0.1722201000000041,0.17435370000004013,0.09913729999999532,0.173877;0.172220;0.168682,0.175927;0.174354;0.172451,0.099409;0.099137;0.098887,,multiprocessing,2026-10-03T18:03:28+00:00
W4-00035,W4,n2-standard-4,Windows,2022Server,AMD64,Intel(R) Xeon(R) CPU @ 2.80GHz,intel,4,2,2800,17.2,3.14.6,CPython,1,spawn,2.5.3,algo_iter,algo_edit_distance,130,1705655,0.8,seconds,big,117,1705677,4,8,2,16,0,0,0.002173865217398345,1.0,0.008985385932909068,0.4980713575674433,0.9589520299681912,0.0,0.12432909999995445,0.022123199999782628,0.36398379999999975,0.2544626999999764,0.26395619999999553,0.5546547000000146,0.254368;0.255244;0.254463,0.263956;0.275341;0.260350,0.553348;0.554990;0.554655,,sequential,2026-10-03T18:03:32+00:00
W4-00036,W4,n2-standard-4,Windows,2022Server,AMD64,Intel(R) Xeon(R) CPU @ 2.80GHz,intel,4,2,2800,17.2,3.14.6,CPython,1,spawn,2.5.3,db,db_mem_insert_select,11571,21,0.8,seconds,normal,27,41,4,4,1,1,1,0,0.006586033333348951,1.0,0.5337521240429568,0.000860406618747867,0.44048571135012277,0.0,0.1253065999999876,0.0010650999998915722,0.7518486000000024,0.21688800000003994,0.5559948000000077,0.11719049999999243,0.216888;0.203750;0.218913,0.540826;0.555995;0.556056,0.118986;0.116992;0.117190,,multiprocessing,2026-10-03T18:03:36+00:00
W4-00037,W4,n2-standard-4,Windows,2022Server,AMD64,Intel(R) Xeon(R) CPU @ 2.80GHz,intel,4,2,2800,17.2,3.14.6,CPython,1,spawn,2.5.3,big_payload,big_upper_copy,2,1229595,0.3,seconds,big,162,1229617,4,4,0,0,0,0,0.0006937999999976796,1.0,0.03617896528735925,3.0000072066955714,0.9237380782851101,0.0,0.09993549999995821,0.04217000000005555,0.7518486000000024,0.13819250000000238,0.13229599999999664,0.8744399999999928,0.119223;0.138193;0.139923,0.136313;0.132296;0.130991,0.874440,,threading,2026-10-03T18:03:38+00:00
W4-00038,W4,n2-standard-4,Windows,2022Server,AMD64,Intel(R) Xeon(R) CPU @ 2.80GHz,intel,4,2,2800,17.2,3.14.6,CPython,1,spawn,2.5.3,big_result,result_records,22572,1679356,0.3,ms,big,19,1679379,4,4,1,2,0,0,0.010994850000002998,1.0,0.24035785762692563,1.5485181698709756,1.2196721418170384,0.0,0.1542487000000392,0.06921750000003613,0.7518486000000024,0.2790997000000175,0.30682899999999336,0.33460350000001426,0.303783;0.254190;0.279100,0.324770;0.306829;0.257800,0.348980;0.334604;0.323990,,sequential,2026-10-03T18:03:42+00:00
W4-00039,W4,n2-standard-4,Windows,2022Server,AMD64,Intel(R) Xeon(R) CPU @ 2.80GHz,intel,4,2,2800,17.2,3.14.6,CPython,1,spawn,2.5.3,recursive,rec_fib,65192,423,0.0,ms,normal,36,446,4,8,0,4,0,0,0.004927511111127892,1.0,0.006708272412593268,0.0012086336139443417,0.9807293234612803,2.3,0.08990069999998695,0.0003020999998284424,0.36398379999999975,0.1783207999999945,0.17611460000000534,0.10894100000001572,0.178145;0.181336;0.178321,0.175365;0.179605;0.176115,0.112037;0.107197;0.108941,,multiprocessing,2026-10-03T18:03:44+00:00
W4-00040,W4,n2-standard-4,Windows,2022Server,AMD64,Intel(R) Xeon(R) CPU @ 2.80GHz,intel,4,2,2800,17.2,3.14.6,CPython,1,spawn,2.5.3,mixed,mixed_hash_then_write,2966,8379,0.3,ms,normal,224,8402,4,4,1,3,1,0,0.0003845017857143164,1.0,0.1478741934161226,0.016996019888444982,0.9359482223036711,0.0,0.04587549999996554,0.0013950000000022555,0.7518486000000024,0.08485060000003841,0.08616179999995666,0.057806700000014644,0.084851;0.083661;0.085955,0.086648;0.084164;0.086162,0.057807;0.062166;0.054447,,multiprocessing,2026-10-03T18:03:45+00:00
W4-00041,W4,n2-standard-4,Windows,2022Server,AMD64,Intel(R) Xeon(R) CPU @ 2.80GHz,intel,4,2,2800,17.2,3.14.6,CPython,1,spawn,2.5.3,text,text_regex_findall,7,3381,0.8,ms,normal,8,3403,4,4,1,1,0,0,0.0007913999999876372,1.0,0.3141291171240329,0.01398365766111315,0.6462467541536092,0.0,0.007389600000010432,0.0007602000000588305,0.7518486000000024,0.009856399999989662,0.010173399999985122,0.007921699999997145,0.009427;0.010108;0.009856,0.010567;0.010078;0.010173,0.006720;0.007922;0.009304,,multiprocessing,2026-10-03T18:03:46+00:00
W4-00042,W4,n2-standard-4,Windows,2022Server,AMD64,Intel(R) Xeon(R) CPU @ 2.80GHz,intel,4,2,2800,17.2,3.14.6,CPython,1,spawn,2.5.3,mixed,mixed_json_roundtrip,3,822299,0.0,seconds,big,243,822321,4,2,1,1,1,0,0.015582274999999868,0.012877003545614515,0.003599810854556305,0.027958048488697845,2.1270795941760148,0.8,0.0944988999999623,0.002737999999965268,0.6501975000000186,3.7959112000000346,0.03378170000002001,0.6998700999999983,3.795911,0.033806;0.033782;0.033651,0.699870,,threading,2026-10-03T18:03:52+00:00
W4-00043,W4,n2-standard-4,Windows,2022Server,AMD64,Intel(R) Xeon(R) CPU @ 2.80GHz,intel,4,2,2800,17.2,3.14.6,CPython,1,spawn,2.5.3,text,text_csv_parse,14,499,0.3,seconds,normal,313,521,4,8,2,3,0,0,0.004473891666663121,1.0,0.1299910830044917,0.0011809256315150746,1.0394386664287316,3.0,0.10710969999996678,0.0011010999999712112,0.36398379999999975,1.4104797999999619,1.381395800000007,0.8382025000000226,1.433454;1.340938;1.410480,1.371184;1.381396;1.399003,0.833667;0.838203;0.851868,,multiprocessing,2026-10-03T18:04:03+00:00
W4-00044,W4,n2-standard-4,Windows,2022Server,AMD64,Intel(R) Xeon(R) CPU @ 2.80GHz,intel,4,2,2800,17.2,3.14.6,CPython,1,spawn,2.5.3,mixed,mixed_hash_then_write,82051,4087,0.0,seconds,normal,3765,4112,4,8,1,3,1,0,0.000519808247419799,0.9502005278661709,0.4386910466422403,0.009628550570081499,1.0605489645326582,0.0,0.09859539999996514,0.0007713000002240733,0.36398379999999975,1.6645905999999968,1.887475199999983,0.93078799999995,1.658441;1.741731;1.664591,1.680114;1.996080;1.887475,0.930788;0.925798;0.936111,,multiprocessing,2026-10-03T18:04:17+00:00
W4-00045,W4,n2-standard-4,Windows,2022Server,AMD64,Intel(R) Xeon(R) CPU @ 2.80GHz,intel,4,2,2800,17.2,3.14.6,CPython,1,spawn,2.5.3,numpy,np_fft,88568,207473,0.8,seconds,big,24,207503.33333333334,4,2,0,0,0,1,0.025730299999982737,1.0,0.35021666817583286,0.004538099698755629,1.9818774700309056,0.0,0.10862269999995533,0.0006143999999608241,0.6501975000000186,0.3782588999999916,0.2227345000000014,0.22667549999999892,0.387937;0.378259;0.373790,0.216335;0.222735;0.267110,0.240211;0.226642;0.226675,,threading,2026-10-03T18:04:21+00:00
W4-00046,W4,n2-standard-4,Windows,2022Server,AMD64,Intel(R) Xeon(R) CPU @ 2.80GHz,intel,4,2,2800,17.2,3.14.6,CPython,1,spawn,2.5.3,io,io_sleep,220,360,0.3,seconds,normal,3362,382.2,4,8,0,1,1,0,0.0009717000000058271,0.01837182673350073,0.02898326828628995,0.0045024184509860525,1.946013725362732,0.0,0.07776730000000498,0.0010845999997286526,0.36398379999999975,3.2828852999999754,0.41467039999997723,0.4154073999999923,3.282885,0.414518;0.415387;0.414670,0.415407;0.412485;0.416335,,threading,2026-10-03T18:04:27+00:00
W4-00047,W4,n2-standard-4,Windows,2022Server,AMD64,Intel(R) Xeon(R) CPU @ 2.80GHz,intel,4,2,2800,17.2,3.14.6,CPython,1,spawn,2.5.3,tiny,tiny_len,412,34,0.8,ms,normal,12668,53.65,4,4,0,0,0,0,1.598500001307457e-07,1.0,0.49468733645925617,24.304035019167465,0.3967092583765416,11.7,0.005613400000015645,0.0035273999997116334,0.7518486000000024,0.0008850000000393266,0.0022627000000170483,0.007584800000017822,0.001189;0.000885;0.000845,0.002553;0.002263;0.002192,0.007585,,sequential,2026-10-03T18:04:28+00:00
W4-00048,W4,n2-standard-4,Windows,2022Server,AMD64,Intel(R) Xeon(R) CPU @ 2.80GHz,intel,4,2,2800,17.2,3.14.6,CPython,1,spawn,2.5.3,big_result,result_long_string,1197,625,0.3,ms,normal,93,648,4,8,1,1,0,0,0.0004398956521690114,0.9388789765727339,0.2706710455774073,0.027756582601687826,0.9180747126086701,26.6,0.022287199999993845,0.0012282000001277993,0.36398379999999975,0.03767929999997932,0.03447900000003301,0.026482499999985976,0.037442;0.037679;0.040130,0.034479;0.050200;0.031017,0.022899;0.027693;0.026482,,multiprocessing,2026-10-03T18:04:28+00:00
W4-00049,W4,n2-standard-4,Windows,2022Server,AMD64,Intel(R) Xeon(R) CPU @ 2.80GHz,intel,4,2,2800,17.2,3.14.6,CPython,1,spawn,2.5.3,db,db_file_commit,1,1170847,0.8,seconds,big,85,1170869,4,4,1,0,1,0,0.020247166666668665,0.466048387517516,0.042609060332664164,0.05340335684839349,1.4873278038582096,25.0,0.10556390000004967,0.004452700000058485,0.7518486000000024,1.4922447999999804,0.868020300000012,1.017468000000008,1.593286;1.492245;1.415916,1.037438;0.852948;0.868020,1.017468;0.942584;1.071343,,threading,2026-10-03T18:04:40+00:00
W4-00050,W4,n2-standard-4,Windows,2022Server,AMD64,Intel(R) Xeon(R) CPU @ 2.80GHz,intel,4,2,2800,17.2,3.14.6,CPython,1,spawn,2.5.3,gil_release,gil_sha256,615,4536,0.8,seconds,normal,41,4558.857142857143,4,8,1,1,0,1,0.007309814285723145,1.0,0.47083643712094525,0.0014149274842806777,1.4607852754951034,0.8,0.08875289999997449,0.0008133999999131447,0.36398379999999975,0.3666622000000075,0.1819299000000001,0.16183110000002898,0.349447;0.366662;0.366894,0.183556;0.181930;0.179026,0.163307;0.161831;0.161504,,multiprocessing,2026-10-03T18:04:42+00:00
W4-00051,W4,n2-standard-4,Windows,2022Server,AMD64,Intel(R) Xeon(R) CPU @ 2.80GHz,intel,4,2,2800,17.2,3.14.6,CPython,1,spawn,2.5.3,big_payload,big_upper_copy,5,443305,0.0,seconds,big,451,443327,4,2,0,0,0,0,0.0003076767857171449,1.0,0.13142892209835796,1.590045212096828,0.9244807621783017,0.0,0.08245529999999235,0.0104856999997196,0.6501975000000186,0.15381110000004128,0.16685510000002068,1.0730757999999696,0.153089;0.158146;0.153811,0.170096;0.151459;0.166855,1.073076,,sequential,2026-10-03T18:04:46+00:00
W4-00052,W4,n2-standard-4,Windows,2022Server,AMD64,Intel(R) Xeon(R) CPU @ 2.80GHz,intel,4,2,2800,17.2,3.14.6,CPython,1,spawn,2.5.3,tiny,tiny_small_loop,2,22,0.8,ms,normal,92645,41,4,4,0,0,0,0,2.8425000056131467e-07,1.0,0.5046495505550184,14.423922568438517,0.49194090146891783,3.8,0.006296200000008412,0.0036003999989020485,0.7518486000000024,0.017712500000016007,0.022392599999989216,0.030030400000043755,0.018339;0.017713;0.017352,0.021952;0.022393;0.022503,0.032848;0.029471;0.030030,,sequential,2026-10-03T18:04:46+00:00
W4-00053,W4,n2-standard-4,Windows,2022Server,AMD64,Intel(R) Xeon(R) CPU @ 2.80GHz,intel,4,2,2800,17.2,3.14.6,CPython,1,spawn,2.5.3,db,db_file_commit,2,217,0.8,ms,normal,8,236,4,8,1,0,1,0,0.01102929999999939,0.27426570960332014,0.38800813687668406,0.000891564589543752,0.8654734108845115,0.0,0.06211489999998321,0.00028849999995372855,0.36398379999999975,0.07902189999998654,0.02508690000001934,0.030118300000026466,0.077917;0.079022;0.081225,0.035354;0.025087;0.022941,0.038919;0.030118;0.025614,,threading,2026-10-03T18:04:47+00:00
W4-00054,W4,n2-standard-4,Windows,2022Server,AMD64,Intel(R) Xeon(R) CPU @ 2.80GHz,intel,4,2,2800,17.2,3.14.6,CPython,1,spawn,2.5.3,gil_release,gil_bz2,22,300000,0.3,ms,big,47,300022,4,2,0,1,0,1,0.0031571090909107047,1.0,0.10051470766352007,0.021293934034921285,1.7348489100980924,0.0,0.05615239999997357,0.001030299999968065,0.6501975000000186,0.1498397999999952,0.07915320000000747,0.10159699999996974,0.154107;0.149840;0.149652,0.079746;0.079036;0.079153,0.099896;0.102728;0.101597,,threading,2026-10-03T18:04:49+00:00
W4-00055,W4,n2-standard-4,Windows,2022Server,AMD64,Intel(R) Xeon(R) CPU @ 2.80GHz,intel,4,2,2800,17.2,3.14.6,CPython,1,spawn,2.5.3,db,db_mem_insert_select,11726,546814,0.3,seconds,big,301,546837,4,8,1,1,1,0,0.009084500000009635,1.0,0.1722905114459687,0.025567358320402998,0.6264159666589592,2.3,0.14448930000003202,0.0016592999999716085,0.36398379999999975,2.9284477000000493,8.309884899999986,1.7534663999999793,2.928448;2.976439;2.885005,8.179465;8.309885;8.362637,1.753466;1.738297;1.770710,,multiprocessing,2026-10-03T18:05:29+00:00
W4-00056,W4,n2-standard-4,Windows,2022Server,AMD64,Intel(R) Xeon(R) CPU @ 2.80GHz,intel,4,2,2800,17.2,3.14.6,CPython,1,spawn,2.5.3,algo_iter,algo_game_of_life,3,268852,0.3,seconds,big,617,268874,4,2,5,9,0,0,0.004680063636364842,1.0,0.13139157946680874,0.024092523996753497,1.0026066593578653,0.8,0.10628780000001825,0.003004299999986415,0.6501975000000186,2.7860070000000405,2.7561377000000107,1.9829449999999724,2.810877;2.735534;2.786007,2.772531;2.752121;2.756138,1.982945;2.072806;1.921991,,multiprocessing,2026-10-03T18:05:53+00:00
W4-00057,W4,n2-standard-4,Windows,2022Server,AMD64,Intel(R) Xeon(R) CPU @ 2.80GHz,intel,4,2,2800,17.2,3.14.6,CPython,1,spawn,2.5.3,cpu,cpu_count_primes,787,1546453,0.3,ms,big,129,1546476,4,8,2,4,0,0,0.00021099687500303332,0.958350491207977,0.28708064737851463,6.707587493783113,0.8397886402170747,0.0,0.04426899999998568,0.02947279999989405,0.36398379999999975,0.02857240000003003,0.02878920000000562,0.5683009000000538,0.029308;0.028572;0.028271,0.028458;0.028789;0.029296,0.568301,,sequential,2026-10-03T18:05:55+00:00
W4-00058,W4,n2-standard-4,Windows,2022Server,AMD64,Intel(R) Xeon(R) CPU @ 2.80GHz,intel,4,2,2800,17.2,3.14.6,CPython,1,spawn,2.5.3,big_result,result_matrix_lists,105,1954,0.8,seconds,normal,1272,1976,4,2,2,5,0,0,0.0014738058823494987,1.0,0.7619968242934936,0.302797678677393,1.1372349953929104,1.6,0.10473899999999503,0.009852100000102837,0.6501975000000186,2.024519200000043,2.1340404000000035,1.6370544999999765,2.089949;1.989165;2.024519,2.081308;2.141108;2.134040,1.637054;1.755176;1.570873,,multiprocessing,2026-10-03T18:06:13+00:00
W4-00059,W4,n2-standard-4,Windows,2022Server,AMD64,Intel(R) Xeon(R) CPU @ 2.80GHz,intel,4,2,2800,17.2,3.14.6,CPython,1,spawn,2.5.3,algo_iter,algo_game_of_life,4,693090,0.0,seconds,big,133,693112,4,4,5,9,0,0,0.005694355555552495,1.0,0.018160319435399596,0.07900611131512783,0.9647362153386724,0.0,0.10885880000000725,0.004377000000033604,0.7518486000000024,0.7753461000000357,0.776847900000007,0.5248990999999705,0.796372;0.767817;0.775346,0.772894;0.776848;0.779570,0.524899;0.523677;0.532621,,multiprocessing,2026-10-03T18:06:20+00:00
W4-00060,W4,n2-standard-4,Windows,2022Server,AMD64,Intel(R) Xeon(R) CPU @ 2.80GHz,intel,4,2,2800,17.2,3.14.6,CPython,1,spawn,2.5.3,big_result,result_records,671,1130,0.0,seconds,normal,26110,1153,4,4,1,2,0,0,0.00032688366012827196,1.0,2.0138190317595908,0.9576342845536545,1.0141979211398957,0.0,0.106527299999982,0.006972800000369261,0.7518486000000024,14.285430799999972,14.398051100000032,16.29492120000009,14.878556;14.285431;14.220533,14.398051;14.295381;15.189850,18.072028;16.294921;15.459644,,sequential,2026-10-03T18:08:38+00:00
W4-00061,W4,n2-standard-4,Windows,2022Server,AMD64,Intel(R) Xeon(R) CPU @ 2.80GHz,intel,4,2,2800,17.2,3.14.6,CPython,1,spawn,2.5.3,numpy,np_fft,1151059,171,0.8,ms,normal,8,193,4,8,0,0,0,1,0.2863305333332846,1.0,0.6137456796237432,5.727646234835344e-05,3.1683161522467445,3.9,1.2412388999999848,0.00035980000006929913,0.36398379999999975,1.4309587000000192,0.7082329999999502,0.7507600000000139,1.427101;1.452291;1.430959,0.701322;0.708233;0.722985,0.868902;0.669587;0.750760,,threading,2026-10-03T18:08:49+00:00
W4-00062,W4,n2-standard-4,Windows,2022Server,AMD64,Intel(R) Xeon(R) CPU @ 2.80GHz,intel,4,2,2800,17.2,3.14.6,CPython,1,spawn,2.5.3,text,text_csv_parse,3,84,0.8,ms,normal,68,103,4,4,2,3,0,0,0.00020617058824507907,1.0,0.29919192362806096,0.019886444702194472,0.6775815857955276,0.0,0.00901299999998173,0.000342199999749937,0.7518486000000024,0.014421999999967738,0.014953600000012557,0.009770900000034999,0.013810;0.014453;0.014422,0.014897;0.015322;0.014954,0.010131;0.009771;0.009590,,multiprocessing,2026-10-03T18:08:50+00:00
W4-00063,W4,n2-standard-4,Windows,2022Server,AMD64,Intel(R) Xeon(R) CPU @ 2.80GHz,intel,4,2,2800,17.2,3.14.6,CPython,1,spawn,2.5.3,gil_release,gil_numpy_matmul,113,53647,0.0,seconds,normal,3728,53669,4,8,0,2,0,1,0.00016860168918472827,1.0,0.17040461698566844,0.11473787766013777,1.4551734365132474,0.0,0.08665610000002744,0.0025561000013567536,0.36398379999999975,0.665029499999946,0.5299248999999691,0.7803798999999572,0.644021;0.665029;0.754009,0.529925;0.517534;0.532193,0.773383;0.780380;0.830957,,threading,2026-10-03T18:08:57+00:00
W4-00064,W4,n2-standard-4,Windows,2022Server,AMD64,Intel(R) Xeon(R) CPU @ 2.80GHz,intel,4,2,2800,17.2,3.14.6,CPython,1,spawn,2.5.3,tiny,tiny_len,33,1836756,0.3,ms,big,108,1836778,4,4,0,0,0,0,4.814814844764813e-07,1.0,0.5273580456548355,2131.556525224354,0.02342547634595375,25.8,0.021536400000059075,0.020919100000014623,0.7518486000000024,4.520000004504254e-05,0.0006008999999949083,0.5277718999999479,0.000045;0.000026;0.000127,0.000601,0.527772,,sequential,2026-10-03T18:09:00+00:00
W4-00065,W4,n2-standard-4,Windows,2022Server,AMD64,Intel(R) Xeon(R) CPU @ 2.80GHz,intel,4,2,2800,17.2,3.14.6,CPython,1,spawn,2.5.3,io,io_sleep_return_payload,3361,4358,0.8,seconds,normal,854,4381,4,2,0,1,1,0,0.003929623076924844,0.007846339911212238,0.439547038995315,0.0018615995630709072,1.5941401741692958,25.0,0.08212839999998778,0.0004467999999633321,0.6501975000000186,3.4113572999999633,1.7169071000000713,1.7284207999999808,3.419621;3.411357;3.405573,1.718726;1.716907;1.714486,1.729568;1.719659;1.728421,,threading,2026-10-03T18:09:21+00:00
W4-00066,W4,n2-standard-4,Windows,2022Server,AMD64,Intel(R) Xeon(R) CPU @ 2.80GHz,intel,4,2,2800,17.2,3.14.6,CPython,1,spawn,2.5.3,recursive,rec_tree_sum,33679,478781,0.8,ms,big,9,478804,4,2,0,4,0,0,0.013149433333372448,1.0,0.4127821761589887,0.01887026817450423,0.7616951453211075,0.0,0.07813350000003538,0.001924199999962184,0.6501975000000186,0.13129830000002585,0.13357840000003307,0.08377360000008593,0.132465;0.131298;0.130803,0.128625;0.133578;0.136076,0.080500;0.085894;0.083774,,multiprocessing,2026-10-03T18:09:22+00:00
W4-00067,W4,n2-standard-4,Windows,2022Server,AMD64,Intel(R) Xeon(R) CPU @ 2.80GHz,intel,4,2,2800,17.2,3.14.6,CPython,1,spawn,2.5.3,cpu,cpu_sum_squares,1412,1870998,0.3,ms,big,106,1871021,4,4,1,2,0,0,5.8373076919556646e-05,1.0,0.21565128181360527,17.182578903469377,0.631450330574722,0.8,0.024476499999991574,0.02047810000010486,0.7518486000000024,0.006283899999971254,0.007085699999947792,0.48225800000000163,0.006284;0.006584;0.006236,0.007086;0.007269;0.007083,0.482258,,sequential,2026-10-03T18:09:24+00:00
W4-00068,W4,n2-standard-4,Windows,2022Server,AMD64,Intel(R) Xeon(R) CPU @ 2.80GHz,intel,4,2,2800,17.2,3.14.6,CPython,1,spawn,2.5.3,gil_release,gil_numpy_matmul,37,5313,0.0,ms,normal,7115,5335,4,4,0,2,0,1,2.0393082116402107e-05,1.0,0.12657037746392882,0.3481572790982737,0.387891732194784,2.3,0.13412029999994957,0.003713399996968292,0.7518486000000024,0.15326809999999114,0.5379528999999366,0.14915410000003249,0.153268;0.144572;0.153831,0.537953;0.545126;0.532534,0.145206;0.149154;0.150949,,multiprocessing,2026-10-03T18:09:27+00:00
W4-00069,W4,n2-standard-4,Windows,2022Server,AMD64,Intel(R) Xeon(R) CPU @ 2.80GHz,intel,4,2,2800,17.2,3.14.6,CPython,1,spawn,2.5.3,io,io_sleep_chunks,7531,835163,0.0,seconds,big,239,835186,4,8,1,1,1,0,0.009743333333328033,0.007940637118528522,0.00565014114025946,0.04698255217284691,1.9638264506031635,1.5,0.09151750000000902,0.003139100000112194,0.36398379999999975,2.33834760000002,0.3163868999999977,0.6621016999999938,2.338348,0.316387;0.316355;0.317333,0.636938;0.662102;0.664549,,threading,2026-10-03T18:09:34+00:00
W4-00070,W4,n2-standard-4,Windows,2022Server,AMD64,Intel(R) Xeon(R) CPU @ 2.80GHz,intel,4,2,2800,17.2,3.14.6,CPython,1,spawn,2.5.3,text,text_format_report,8885,836,0.8,seconds,normal,22,859,4,8,1,2,0,0,0.017899666666683817,1.0,0.2274219841914553,0.0007132348838585564,0.9733814816448102,4.5,0.10261449999995875,0.00029109999991305813,0.36398379999999975,0.3365456000000222,0.3427580999999691,0.18437510000001112,0.335780;0.349665;0.336546,0.342947;0.342758;0.339893,0.185943;0.170178;0.184375,,multiprocessing,2026-10-03T18:09:37+00:00
W4-00071,W4,n2-standard-4,Windows,2022Server,AMD64,Intel(R) Xeon(R) CPU @ 2.80GHz,intel,4,2,2800,17.2,3.14.6,CPython,1,spawn,2.5.3,mixed,mixed_json_roundtrip,10,245,0.0,ms,normal,77,264,4,2,1,1,1,0,0.00041394736840510103,0.7431514895803832,0.4327145471501841,0.009472345834114014,0.8153385281123561,0.0,0.017948100000012346,0.00037790000021686865,0.6501975000000186,0.027113099999951373,0.038446700000008605,0.037093400000003385,0.027113;0.032148;0.026314,0.038447;0.038703;0.035170,0.037430;0.036171;0.037093,,sequential,2026-10-03T18:09:38+00:00
W4-00072,W4,n2-standard-4,Windows,2022Server,AMD64,Intel(R) Xeon(R) CPU @ 2.80GHz,intel,4,2,2800,17.2,3.14.6,CPython,1,spawn,2.5.3,gil_release,gil_bz2,73,300000,0.8,seconds,big,32,300022,4,4,0,1,0,1,0.008442357142874763,0.9539506539580426,0.20179441124506578,0.0071357863823786945,1.338974886263087,0.0,0.10415949999992336,0.0007033999997929641,0.7518486000000024,0.2700029000000086,0.15093690000003335,0.16040799999996125,0.270003;0.268565;0.282451,0.155373;0.150937;0.146936,0.160408;0.166097;0.150897,,threading,2026-10-03T18:09:40+00:00
W4-00073,W4,n2-standard-4,Windows,2022Server,AMD64,Intel(R) Xeon(R) CPU @ 2.80GHz,intel,4,2,2800,17.2,3.14.6,CPython,1,spawn,2.5.3,algo_rec,algo_flood_fill,1,359,0.8,seconds,normal,5398,381,4,2,3,10,0,0,0.0004129237704909965,1.0,0.6612110430869426,0.010861568924596854,0.9577643297751748,0.0,0.10358479999990777,0.0006707999999662206,0.6501975000000186,2.2769716000000244,2.3307232000000795,1.3445364000000382,2.324223;2.276972;2.231867,2.323595;2.330723;2.349346,1.243640;1.358614;1.344536,,multiprocessing,2026-10-03T18:09:59+00:00
W4-00074,W4,n2-standard-4,Windows,2022Server,AMD64,Intel(R) Xeon(R) CPU @ 2.80GHz,intel,4,2,2800,17.2,3.14.6,CPython,1,spawn,2.5.3,algo_iter,algo_game_of_life,7,565695,0.3,ms,big,11,565717,4,2,5,9,0,0,0.010258000000059534,0.9497575922116847,0.11274665582198436,0.0356209787445984,0.8620562317866735,0.0,0.06773080000004938,0.0014040999998314874,0.6501975000000186,0.1136225000000195,0.11244329999999536,0.06480369999997038,0.114659;0.111904;0.113623,0.113205;0.112443;0.111416,0.068423;0.064804;0.064098,,multiprocessing,2026-10-03T18:10:00+00:00
W4-00075,W4,n2-standard-4,Windows,2022Server,AMD64,Intel(R) Xeon(R) CPU @ 2.80GHz,intel,4,2,2800,17.2,3.14.6,CPython,1,spawn,2.5.3,io,io_file_roundtrip,4,536155,0.3,seconds,big,83,536177,4,8,1,0,1,0,0.033957366666641065,0.13791977267871972,0.12049835553367616,0.007588927685410923,1.3474799108071462,0.0,0.17428050000000894,0.001032100000088576,0.36398379999999975,3.0723796000000902,1.1396695999999338,1.0328934000000345,3.072380;3.095205;3.047656,1.143887;1.014866;1.139670,1.026069;1.144576;1.032893,,multiprocessing,2026-10-03T18:10:17+00:00
W4-00076,W4,n2-standard-4,Windows,2022Server,AMD64,Intel(R) Xeon(R) CPU @ 2.80GHz,intel,4,2,2800,17.2,3.14.6,CPython,1,spawn,2.5.3,tiny,tiny_add,11,992969,0.0,seconds,big,201,992991,4,8,0,1,0,0,4.579999995257822e-07,1.0,0.41677328622137005,1027.6855905979098,0.03053344881108546,0.0,0.010679000000095584,0.00984140000014122,0.36398379999999975,5.310000005920301e-05,0.0007681999999249456,0.5060781999999335,0.000068;0.000053;0.000015,0.000768,0.506078,,sequential,2026-10-03T18:10:19+00:00
W4-00077,W4,n2-standard-4,Windows,2022Server,AMD64,Intel(R) Xeon(R) CPU @ 2.80GHz,intel,4,2,2800,17.2,3.14.6,CPython,1,spawn,2.5.3,algo_iter,algo_edit_distance,6212,300,0.3,ms,normal,78,323,4,4,2,16,0,0,0.0010155210526184085,0.9521828222104072,0.18135681489777383,0.004752551191541496,0.8171490589504913,0.8,0.04358749999994416,0.00040670000021236774,0.7518486000000024,0.07805910000001859,0.078009800000018,0.04423850000000584,0.078555;0.078059;0.074895,0.079034;0.078010;0.076771,0.044239;0.044401;0.043796,,multiprocessing,2026-10-03T18:10:20+00:00
W4-00078,W4,n2-standard-4,Windows,2022Server,AMD64,Intel(R) Xeon(R) CPU @ 2.80GHz,intel,4,2,2800,17.2,3.14.6,CPython,1,spawn,2.5.3,tiny,tiny_small_loop,1,28,0.0,seconds,normal,200000,47,4,4,0,0,0,0,2.9459999831260576e-07,1.0,0.3718545308187304,14.98642239459267,0.5082690349545269,3.1,0.005915000000072723,0.003192400003399598,0.7518486000000024,0.03597500000000764,0.045370200000093064,0.08269229999996242,0.035515;0.035975;0.036004,0.044840;0.045370;0.046365,0.082650;0.082692;0.084363,,sequential,2026-10-03T18:10:21+00:00
W4-00079,W4,n2-standard-4,Windows,2022Server,AMD64,Intel(R) Xeon(R) CPU @ 2.80GHz,intel,4,2,2800,17.2,3.14.6,CPython,1,spawn,2.5.3,gil_release,gil_zlib,2,148105,0.3,seconds,big,659,148127,4,2,1,1,0,1,0.008548849999992095,1.0,0.3209300437669007,0.003817277565892999,1.84470520040388,0.0,0.07796089999999367,0.0010556000000860877,0.6501975000000186,5.17458519999991,2.6751242000000275,2.8639848000000256,5.215229;5.173897;5.174585,2.653332;2.675124;2.695169,2.863985;2.863866;2.961710,,threading,2026-10-03T18:10:54+00:00
W4-00080,W4,n2-standard-4,Windows,2022Server,AMD64,Intel(R) Xeon(R) CPU @ 2.80GHz,intel,4,2,2800,17.2,3.14.6,CPython,1,spawn,2.5.3,tiny,tiny_dict_lookup,4,101004,0.3,seconds,big,1980,101026,4,4,0,1,0,0,4.818181781901689e-07,1.0,0.35321059001197125,83.38207611908712,0.2494472964609807,0.0,0.0033107000000427433,0.001842500001771441,0.7518486000000024,0.00045909999994364625,0.0012227999999367967,0.6731448000000455,0.000746;0.000459;0.000363,0.001386;0.001039;0.001223,0.673145,,sequential,2026-10-03T18:10:56+00:00
W4-00081,W4,n2-standard-4,Windows,2022Server,AMD64,Intel(R) Xeon(R) CPU @ 2.80GHz,intel,4,2,2800,17.2,3.14.6,CPython,1,spawn,2.5.3,gil_release,gil_sha256,17,27486,0.8,ms,normal,25,27508,4,2,1,1,0,1,0.0012940166666718749,1.0,0.4503029221779213,0.008552182456350576,1.7933925965163593,9.1,0.012663399999951253,0.0003022999999302556,0.6501975000000186,0.029890399999999318,0.01660930000002736,0.017763699999932214,0.029881;0.029890;0.029894,0.016539;0.016609;0.016672,0.017764;0.016996;0.020693,,threading,2026-10-03T18:10:57+00:00
W4-00082,W4,n2-standard-4,Windows,2022Server,AMD64,Intel(R) Xeon(R) CPU @ 2.80GHz,intel,4,2,2800,17.2,3.14.6,CPython,1,spawn,2.5.3,io,io_sleep_chunks,4593,49,0.0,seconds,normal,177,69,4,8,1,1,1,0,0.007793885714249882,0.009772796778312961,0.006830841722954725,0.0010117821278651015,1.7355110631548183,0.0,0.08651169999996,0.00035810000019864674,0.36398379999999975,1.3811054999999897,0.1879039999998895,0.18812559999992118,1.381105,0.187904;0.187960;0.187784,0.188245;0.188126;0.188015,,threading,2026-10-03T18:11:00+00:00
W4-00083,W4,n2-standard-4,Windows,2022Server,AMD64,Intel(R) Xeon(R) CPU @ 2.80GHz,intel,4,2,2800,17.2,3.14.6,CPython,1,spawn,2.5.3,recursive,rec_nqueens,8,31,0.0,seconds,normal,659,50,4,8,1,10,0,0,0.0011944833333332315,1.0,0.02211189408803109,0.0033696577354636313,0.9249301710950117,0.0,0.1047172999999475,0.0003863999999111911,0.36398379999999975,0.8192810000000463,0.8117533999999296,0.4305137000000059,0.795132;0.819281;0.858156,0.808214;0.811753;0.894613,0.428313;0.431836;0.430514,,multiprocessing,2026-10-03T18:11:07+00:00
W4-00084,W4,n2-standard-4,Windows,2022Server,AMD64,Intel(R) Xeon(R) CPU @ 2.80GHz,intel,4,2,2800,17.2,3.14.6,CPython,1,spawn,2.5.3,gil_release,gil_zlib,4,4589,0.0,seconds,normal,824,4611,4,8,1,1,0,1,0.0004641601851850047,0.9504821105536012,0.08435592619344161,0.01705230274001905,1.5917209055431583,25.0,0.08241980000002513,0.000758900000050744,0.36398379999999975,0.3578350999999884,0.13185729999997875,0.13249000000007527,0.355627;0.370700;0.357835,0.147090;0.131857;0.128749,0.132490;0.130235;0.132740,,threading,2026-10-03T18:11:09+00:00
W4-00085,W4,n2-standard-4,Windows,2022Server,AMD64,Intel(R) Xeon(R) CPU @ 2.80GHz,intel,4,2,2800,17.2,3.14.6,CPython,1,spawn,2.5.3,db,db_mem_group_by,18145,280,0.0,seconds,normal,28,303,4,2,1,2,1,0,0.01924213333336411,0.9930590542849668,0.04267828310400667,0.0007293023657617314,0.7107057002682655,20.5,0.14085339999996904,0.0010685999998258922,0.6501975000000186,0.6152227999999695,0.7797865000000002,0.35090119999995295,0.657225;0.615223;0.549850,0.781636;0.779787;0.776898,0.467892;0.350901;0.322496,,multiprocessing,2026-10-03T18:11:15+00:00
W4-00086,W4,n2-standard-4,Windows,2022Server,AMD64,Intel(R) Xeon(R) CPU @ 2.80GHz,intel,4,2,2800,17.2,3.14.6,CPython,1,spawn,2.5.3,tiny,tiny_small_loop,2,63,0.0,ms,normal,16876,82,4,4,0,0,0,0,2.7349999987791307e-07,1.0,1.078255759092711,14.753199215213899,0.48002818685725934,12.5,0.005623900000045978,0.003010700000345423,0.7518486000000024,0.0031624000000647357,0.004571800000007897,0.008645600000022569,0.003365;0.003162;0.003031,0.004747;0.004518;0.004572,0.008706;0.008646;0.008222,,sequential,2026-10-03T18:11:16+00:00
W4-00087,W4,n2-standard-4,Windows,2022Server,AMD64,Intel(R) Xeon(R) CPU @ 2.80GHz,intel,4,2,2800,17.2,3.14.6,CPython,1,spawn,2.5.3,mixed,mixed_compute_then_sleep,94108,1395,0.8,seconds,normal,109,1419.75,4,2,1,3,1,0,0.0065162125000171045,0.6269311306724186,0.259784561115928,0.0012583997260295304,1.532614269219298,0.0,0.0845924999999852,0.00034649999986413604,0.6501975000000186,0.6672178999999687,0.4609301000000414,0.3556676000000607,0.667218;0.664284;0.667219,0.456400;0.460930;0.462103,0.355668;0.350162;0.364459,,multiprocessing,2026-10-03T18:11:21+00:00
W4-00088,W4,n2-standard-4,Windows,2022Server,AMD64,Intel(R) Xeon(R) CPU @ 2.80GHz,intel,4,2,2800,17.2,3.14.6,CPython,1,spawn,2.5.3,io,io_sleep_return_payload,1514,35574,0.8,seconds,normal,98,35597,4,2,0,1,1,0,0.002007079166669238,0.01075273797048433,0.3647990468009448,0.00786217119042375,1.6164831157379493,0.0,0.07822060000000874,0.0006715999999187261,0.6501975000000186,0.21069410000006883,0.11275989999990088,0.11949870000000828,0.210694;0.211230;0.210272,0.112760;0.112796;0.112614,0.117335;0.119499;0.121953,,threading,2026-10-03T18:11:23+00:00
W4-00089,W4,n2-standard-4,Windows,2022Server,AMD64,Intel(R) Xeon(R) CPU @ 2.80GHz,intel,4,2,2800,17.2,3.14.6,CPython,1,spawn,2.5.3,algo_iter,algo_game_of_life,5,135,0.0,seconds,normal,68,154,4,2,5,9,0,0,0.006936299999992457,1.0,0.006829594641386947,0.007727462766452525,0.9546644876272654,0.0,0.11437550000005103,0.0006598000001076798,0.6501975000000186,0.48535470000001624,0.492984999999976,0.32345169999996415,0.479425;0.492251;0.485355,0.493271;0.491353;0.492985,0.322678;0.354869;0.323452,,multiprocessing,2026-10-03T18:11:27+00:00
W4-00090,W4,n2-standard-4,Windows,2022Server,AMD64,Intel(R) Xeon(R) CPU @ 2.80GHz,intel,4,2,2800,17.2,3.14.6,CPython,1,spawn,2.5.3,cpu,cpu_collatz,56,520,0.3,seconds,normal,41096,542,4,8,2,5,0,0,0.00010026767676796648,0.9523028166508208,0.32333091183714613,0.044480934894932,1.0380967047092444,0.0,0.09918249999998352,0.001417699999819888,0.36398379999999975,3.9262648000000127,3.8973972000000003,2.1898596000000907,3.926265;3.924242;4.096999,3.899085;3.892276;3.897397,2.189860;2.194156;2.180576,,multiprocessing,2026-10-03T18:11:58+00:00
W4-00091,W4,n2-standard-4,Windows,2022Server,AMD64,Intel(R) Xeon(R) CPU @ 2.80GHz,intel,4,2,2800,17.2,3.14.6,CPython,1,spawn,2.5.3,algo_rec,algo_merge_sort,53,626,0.3,seconds,normal,19074,648,4,2,1,10,0,0,6.496292428422459e-05,1.0,0.3028105228995456,0.13823269332125662,0.9281290555242062,0.0,0.10551949999990029,0.0017273999982307942,0.6501975000000186,1.3304236000000174,1.337068199999976,0.8565052999999807,1.271628;1.332137;1.330424,1.332436;1.347746;1.337068,0.856505;0.860604;0.785246,,multiprocessing,2026-10-03T18:12:09+00:00
W4-00092,W4,n2-standard-4,Windows,2022Server,AMD64,Intel(R) Xeon(R) CPU @ 2.80GHz,intel,4,2,2800,17.2,3.14.6,CPython,1,spawn,2.5.3,recursive,rec_fib,64610,1352,0.3,seconds,normal,189,1376,4,4,0,4,0,0,0.006367237500001011,1.0,0.23472078733247187,0.0010502984991874501,0.8477430755900666,0.0,0.10934049999991657,0.00027049999994233076,0.7518486000000024,1.2273423999999977,1.217926000000034,0.7108020000000579,1.222561;1.231212;1.227342,1.221929;1.217926;1.217846,0.732865;0.710802;0.704631,,multiprocessing,2026-10-03T18:12:19+00:00
W4-00093,W4,n2-standard-4,Windows,2022Server,AMD64,Intel(R) Xeon(R) CPU @ 2.80GHz,intel,4,2,2800,17.2,3.14.6,CPython,1,spawn,2.5.3,db,db_mem_insert_select,169,311,0.8,seconds,normal,3344,333.15,4,8,1,1,1,0,0.00022434215247252185,1.0,0.2796852385620234,0.017517884786842488,0.7955641021484743,0.0,0.11372149999999692,0.0008414999986143812,0.36398379999999975,0.7182974999999487,1.4832704000000376,0.3825080000000298,0.779074;0.717741;0.718297,1.453568;1.491452;1.483270,0.380978;0.382508;0.384603,,multiprocessing,2026-10-03T18:12:27+00:00
W4-00094,W4,n2-standard-4,Windows,2022Server,AMD64,Intel(R) Xeon(R) CPU @ 2.80GHz,intel,4,2,2800,17.2,3.14.6,CPython,1,spawn,2.5.3,tiny,tiny_add,136,179,0.0,seconds,normal,200000,198,4,2,0,1,0,0,1.3690000236010748e-07,1.0,0.44542441806583016,29.291453053458604,0.23659541690672303,0.0,0.005227200000035737,0.002903999995282902,0.6501975000000186,0.018767899999943438,0.02861319999999523,0.18513609999990877,0.018601;0.020321;0.018768,0.028613;0.029395;0.026954,0.185136,,sequential,2026-10-03T18:12:29+00:00
W4-00095,W4,n2-standard-4,Windows,2022Server,AMD64,Intel(R) Xeon(R) CPU @ 2.80GHz,intel,4,2,2800,17.2,3.14.6,CPython,1,spawn,2.5.3,text,text_format_report,95,171,0.0,seconds,normal,6609,190,4,2,1,2,0,0,0.00012993437499719818,1.0,0.0277169985113942,0.030476923519385187,0.9487949567196237,0.8,0.10369230000003427,0.0009680000010803269,0.6501975000000186,0.8751495000000205,0.8861418000000185,0.5044487000000117,0.875150;0.881403;0.864534,0.890120;0.885030;0.886142,0.519748;0.504449;0.471983,,multiprocessing,2026-10-03T18:12:36+00:00
W4-00096,W4,n2-standard-4,Windows,2022Server,AMD64,Intel(R) Xeon(R) CPU @ 2.80GHz,intel,4,2,2800,17.2,3.14.6,CPython,1,spawn,2.5.3,algo_rec,algo_flood_fill,19,20,0.0,ms,normal,117,39,4,4,3,10,0,0,0.006404512500012061,1.0,0.46394240464109776,0.0009719709400880614,1.5877822780297526,0.0,0.08739549999995688,0.0003630999999586493,0.7518486000000024,0.714859400000023,0.7457249000000274,0.42147510000006605,0.711801;0.714859;0.718311,0.745725;0.746732;0.735505,0.424293;0.420503;0.421475,,multiprocessing,2026-10-03T18:12:42+00:00
W4-00097,W4,n2-standard-4,Windows,2022Server,AMD64,Intel(R) Xeon(R) CPU @ 2.80GHz,intel,4,2,2800,17.2,3.14.6,CPython,1,spawn,2.5.3,big_payload,big_checksum_head,519,365385,0.8,seconds,big,547,365407.9,4,8,1,1,0,0,1.3222794119455476e-05,1.0,0.49054509191588636,5.23489962587392,0.682319841060927,0.0,0.006932199999937438,0.002393599999777507,0.36398379999999975,0.007226999999943473,0.00806590000001961,0.5920087999999168,0.007227;0.007254;0.007198,0.008195;0.008066;0.007973,0.592009,,sequential,2026-10-03T18:12:44+00:00
W4-00098,W4,n2-standard-4,Windows,2022Server,AMD64,Intel(R) Xeon(R) CPU @ 2.80GHz,intel,4,2,2800,17.2,3.14.6,CPython,1,spawn,2.5.3,algo_rec,algo_merge_sort,1606,145,0.8,seconds,normal,165,165,4,2,1,10,0,0,0.002506039999997256,1.0,0.5047098381169377,0.03293243523320098,0.7245911877612312,0.8,0.12370179999993525,0.001982199999929435,0.6501975000000186,0.5209343000000217,0.5425284000000374,0.44134329999997135,0.513578;0.520934;0.527982,0.542528;0.548300;0.542087,0.351905;0.441343;0.452776,,multiprocessing,2026-10-03T18:12:49+00:00
W4-00099,W4,n2-standard-4,Windows,2022Server,AMD64,Intel(R) Xeon(R) CPU @ 2.80GHz,intel,4,2,2800,17.2,3.14.6,CPython,1,spawn,2.5.3,text,text_csv_parse,7,502,0.3,seconds,normal,197,524,4,8,2,3,0,0,0.002191147826099792,1.0,0.14920300939788808,0.0019282131253462007,0.8552617472046017,0.0,0.10989770000003318,0.00040029999968282937,0.36398379999999975,0.4475590999999213,0.45906139999999596,0.2716864000000214,0.446101;0.447559;0.448837,0.457036;0.459061;0.460466,0.271524;0.272883;0.271686,,multiprocessing,2026-10-03T18:13:01+00:00
W4-00100,W4,n2-standard-4,Windows,2022Server,AMD64,Intel(R) Xeon(R) CPU @ 2.80GHz,intel,4,2,2800,17.2,3.14.6,CPython,1,spawn,2.5.3,io,io_sleep_return_payload,2243,2271,0.8,seconds,normal,288,2294,4,4,0,1,1,0,0.003316112500009183,0.007437163859009246,0.28604645263691175,0.001696263320376953,1.8106542970855224,0.0,0.08260189999998602,0.0004274999998870044,0.7518486000000024,0.8696208999999726,0.2241235000000188,0.22562279999999646,0.868248;0.869874;0.869621,0.223911;0.224124;0.225295,0.225623;0.226526;0.221596,,threading,2026-10-03T18:13:06+00:00
W4-00101,W4,n2-standard-4,Windows,2022Server,AMD64,Intel(R) Xeon(R) CPU @ 2.80GHz,intel,4,2,2800,17.2,3.14.6,CPython,1,spawn,2.5.3,text,text_regex_findall,24,348,0.0,seconds,normal,4825,370,4,2,1,1,0,0,0.0003830725190822746,1.0,0.042597127609956084,0.010507148872590386,0.9590755735453863,0.0,0.10323750000009113,0.000605200000336481,0.6501975000000186,1.8491860000000315,1.8976422999999158,1.4742080999999416,1.849186;1.837553;2.031378,1.888447;1.897642;2.071488,1.293666;1.705974;1.474208,,multiprocessing,2026-10-03T18:13:22+00:00
W4-00102,W4,n2-standard-4,Windows,2022Server,AMD64,Intel(R) Xeon(R) CPU @ 2.80GHz,intel,4,2,2800,17.2,3.14.6,CPython,1,spawn,2.5.3,gil_release,gil_numpy_matmul,29,9973,0.0,seconds,normal,8629,9995,4,2,0,2,0,1,2.6870876999912147e-05,0.996578437324586,0.2634759605855761,0.31465292330104766,0.6370963092957449,21.9,0.13108179999994718,0.005106499999101288,0.6501975000000186,0.21542279999994207,0.35445770000001176,0.35516370000004827,0.226386;0.215423;0.214130,0.354458;0.314538;0.387740,0.376291;0.355164;0.348472,,sequential,2026-10-03T18:13:26+00:00
W4-00103,W4,n2-standard-4,Windows,2022Server,AMD64,Intel(R) Xeon(R) CPU @ 2.80GHz,intel,4,2,2800,17.2,3.14.6,CPython,1,spawn,2.5.3,big_payload,big_reverse,6,389113,0.3,seconds,big,513,389135,4,4,0,0,0,0,0.0001998093750001928,1.0,0.18582172768744118,0.8920252115497924,0.6937635090199833,0.0,0.06720540000003439,0.004676399999993919,0.7518486000000024,0.1631847999999536,0.16615899999999328,0.8309572999999091,0.151207;0.163185;0.163964,0.159441;0.166159;0.170163,0.830957,,sequential,2026-10-03T18:13:29+00:00
W4-00104,W4,n2-standard-4,Windows,2022Server,AMD64,Intel(R) Xeon(R) CPU @ 2.80GHz,intel,4,2,2800,17.2,3.14.6,CPython,1,spawn,2.5.3,mixed,mixed_parse_lines,21,3463,0.0,ms,normal,36,3485,4,4,2,3,1,0,0.003944855555561035,0.8159071772176938,0.02936418385768659,0.0017800961589780537,1.0652141453914306,2.3,0.06888219999996181,0.0003194999999323045,0.7518486000000024,0.14078589999996893,0.12692279999998846,0.076458099999968,0.140599;0.141431;0.140786,0.129314;0.126923;0.126288,0.079295;0.076450;0.076458,,multiprocessing,2026-10-03T18:13:31+00:00
W4-00105,W4,n2-standard-4,Windows,2022Server,AMD64,Intel(R) Xeon(R) CPU @ 2.80GHz,intel,4,2,2800,17.2,3.14.6,CPython,1,spawn,2.5.3,algo_rec,algo_sudoku,10,95,0.0,ms,normal,8,114,4,8,3,28,0,0,0.006211933333323334,1.0,0.17665808583046866,0.0015561446270358963,0.7711902988130481,0.0,0.04066279999995004,0.00021649999996498082,0.36398379999999975,0.16791539999996985,0.17060700000001816,0.1389821000000211,0.162349;0.172317;0.167915,0.170607;0.170607;0.171333,0.139297;0.138297;0.138982,,multiprocessing,2026-10-03T18:13:33+00:00
W4-00106,W4,n2-standard-4,Windows,2022Server,AMD64,Intel(R) Xeon(R) CPU @ 2.80GHz,intel,4,2,2800,17.2,3.14.6,CPython,1,spawn,2.5.3,text,text_csv_parse,10,151,0.3,seconds,normal,465,170,4,2,2,3,0,0,0.0009301111111144395,1.0,0.17639300390484539,0.004472583911814925,0.9259613436164564,0.0,0.10500300000001062,0.0004564999998137864,0.6501975000000186,0.4499224999999569,0.4504776999999649,0.33210570000005646,0.448724;0.453420;0.449922,0.457756;0.447976;0.450478,0.336766;0.227576;0.332106,,multiprocessing,2026-10-03T18:13:37+00:00
W4-00107,W4,n2-standard-4,Windows,2022Server,AMD64,Intel(R) Xeon(R) CPU @ 2.80GHz,intel,4,2,2800,17.2,3.14.6,CPython,1,spawn,2.5.3,text,text_csv_parse,3,94,0.8,ms,normal,119,113,4,8,2,3,0,0,0.00023803448275743746,0.9605542818045082,0.3011699397852576,0.01642619152685957,0.8217817363596913,0.0,0.01570759999992788,0.0003934999999728461,0.36398379999999975,0.02851799999996274,0.029962899999986803,0.018814000000020314,0.028481;0.029510;0.028518,0.029963;0.029584;0.030114,0.019207;0.018814;0.018675,,multiprocessing,2026-10-03T18:13:38+00:00
W4-00108,W4,n2-standard-4,Windows,2022Server,AMD64,Intel(R) Xeon(R) CPU @ 2.80GHz,intel,4,2,2800,17.2,3.14.6,CPython,1,spawn,2.5.3,gil_release,gil_bz2,19,300000,0.8,seconds,big,408,300022,4,8,0,1,0,1,0.0025814049999837605,1.0,0.2937390209771862,0.021073795084234993,1.7547628740304089,0.0,0.08238679999999476,0.0014355000002979068,0.36398379999999975,1.1654249999999138,0.5478878999999779,0.6656792999999652,1.165425;1.173457;1.152737,0.543138;0.549171;0.547888,0.665572;0.677344;0.665679,,threading,2026-10-03T18:13:46+00:00
W4-00109,W4,n2-standard-4,Windows,2022Server,AMD64,Intel(R) Xeon(R) CPU @ 2.80GHz,intel,4,2,2800,17.2,3.14.6,CPython,1,spawn,2.5.3,recursive,rec_fib,10444,1201359,0.3,ms,big,88,1201382,4,2,0,4,0,0,0.0010095909090895557,1.0,0.29894679868669344,0.7816235198859305,0.9327525453816703,0.8,0.06212879999998222,0.016203199999949902,0.6501975000000186,0.09665000000006785,0.09351290000006429,0.30280229999993935,0.098605;0.096650;0.094113,0.097850;0.093302;0.093513,0.302802;0.295355;0.325068,,threading,2026-10-03T18:13:49+00:00
W4-00110,W4,n2-standard-4,Windows,2022Server,AMD64,Intel(R) Xeon(R) CPU @ 2.80GHz,intel,4,2,2800,17.2,3.14.6,CPython,1,spawn,2.5.3,cpu,cpu_count_primes,10364,247,0.8,ms,normal,8,267,4,4,2,4,0,0,0.007344266666639972,1.0,0.6704568946872782,0.0015567698981158703,1.0337432652412881,0.0,0.04500359999997272,0.00024280000002363522,0.7518486000000024,0.0665072000000464,0.06666429999995671,0.040082099999949605,0.065117;0.067559;0.066507,0.065759;0.067239;0.066664,0.040082;0.039403;0.044421,,multiprocessing,2026-10-03T18:13:50+00:00
W4-00111,W4,n2-standard-4,Windows,2022Server,AMD64,Intel(R) Xeon(R) CPU @ 2.80GHz,intel,4,2,2800,17.2,3.14.6,CPython,1,spawn,2.5.3,tiny,tiny_small_loop,141,164415,0.8,seconds,big,1216,164437,4,4,0,0,0,0,1.1855263183310614e-06,1.0,0.30839631000617146,25.988457207825807,0.3383951745542171,0.0,0.003022999999984677,0.0014066999991655393,0.7518486000000024,0.0013494999999466017,0.0019789000000400847,0.6432057000000668,0.001397;0.001349;0.001270,0.002127;0.001951;0.001979,0.643206,,sequential,2026-10-03T18:13:52+00:00
W4-00112,W4,n2-standard-4,Windows,2022Server,AMD64,Intel(R) Xeon(R) CPU @ 2.80GHz,intel,4,2,2800,17.2,3.14.6,CPython,1,spawn,2.5.3,mixed,mixed_json_roundtrip,88,1013,0.8,seconds,normal,62,1035,4,4,1,1,1,0,0.0036835142857155135,0.7583511055112138,0.2670483888599873,0.0013263731026377458,1.3865585166035863,3.8,0.08840729999997166,0.0003781999998864194,0.7518486000000024,0.1907386000000315,0.15810320000002775,0.08762220000005527,0.191160;0.190739;0.189307,0.158103;0.154788;0.159532,0.087622;0.085594;0.088433,,multiprocessing,2026-10-03T18:13:54+00:00
W4-00113,W4,n2-standard-4,Windows,2022Server,AMD64,Intel(R) Xeon(R) CPU @ 2.80GHz,intel,4,2,2800,17.2,3.14.6,CPython,1,spawn,2.5.3,algo_rec,algo_flood_fill,3,26,0.0,seconds,normal,3022,45,4,2,3,10,0,0,0.0006976291666723632,1.0,0.5732508985621364,0.005977387675089801,0.9400167793292648,0.0,0.10409409999999752,0.0005425999995622988,0.6501975000000186,2.2091746999999486,2.2816647999999304,1.1690138999999817,2.209175;2.186097;2.295630,2.281665;2.273211;2.287693,1.355967;1.162709;1.169014,,multiprocessing,2026-10-03T18:14:12+00:00
W4-00114,W4,n2-standard-4,Windows,2022Server,AMD64,Intel(R) Xeon(R) CPU @ 2.80GHz,intel,4,2,2800,17.2,3.14.6,CPython,1,spawn,2.5.3,recursive,rec_nqueens,1,18,0.8,seconds,normal,2515,37,4,4,1,10,0,0,0.00017387421603107467,1.0,0.3212918190338472,0.023062648969677146,0.9227179013613301,0.0,0.1050323000000617,0.0008660999991434437,0.7518486000000024,0.44247519999998985,0.4637592000000268,0.25225829999999405,0.438935;0.452619;0.442475,0.454981;0.548891;0.463759,0.249314;0.254952;0.252258,,multiprocessing,2026-10-03T18:14:16+00:00
W4-00115,W4,n2-standard-4,Windows,2022Server,AMD64,Intel(R) Xeon(R) CPU @ 2.80GHz,intel,4,2,2800,17.2,3.14.6,CPython,1,spawn,2.5.3,text,text_split_count,91,2682,0.0,seconds,normal,254,2704,4,8,1,1,0,0,0.012111300000015035,0.9998557684254431,0.004150422087550454,0.0006737509630266781,0.9501923185687253,0.0,0.12458279999998467,0.00028469999995195394,0.36398379999999975,3.1452977999999803,3.14820229999998,1.635449900000026,3.145298;3.081699;3.219740,3.113955;3.154054;3.148202,1.635450;1.637977;1.598113,,multiprocessing,2026-10-03T18:14:40+00:00
W4-00116,W4,n2-standard-4,Windows,2022Server,AMD64,Intel(R) Xeon(R) CPU @ 2.80GHz,intel,4,2,2800,17.2,3.14.6,CPython,1,spawn,2.5.3,algo_iter,algo_game_of_life,1,127,0.0,ms,normal,13,146,4,2,5,9,0,0,0.0015768666666720794,1.0,0.0062138497810623,0.039487591388686405,0.8202990374336323,0.0,0.010931999999911568,0.00038359999996373517,0.6501975000000186,0.020619799999963107,0.02140800000006493,0.015782699999931538,0.020610;0.021636;0.020620,0.021566;0.021408;0.020538,0.012816;0.015783;0.019053,,multiprocessing,2026-10-03T18:14:41+00:00
W4-00117,W4,n2-standard-4,Windows,2022Server,AMD64,Intel(R) Xeon(R) CPU @ 2.80GHz,intel,4,2,2800,17.2,3.14.6,CPython,1,spawn,2.5.3,io,io_sleep_return_payload,4353,153858,0.0,seconds,big,915,153881,4,8,0,1,1,0,0.004953781818192676,0.005361015642297127,0.03955903127966859,0.011974322652060108,1.8556448112683583,0.0,0.08506079999995109,0.0009945999998990374,0.36398379999999975,4.519726600000013,0.5786777999999231,0.7916715999999724,4.519727,0.580059;0.578619;0.578678,0.791672;0.793018;0.785346,,threading,2026-10-03T18:14:50+00:00
W4-00118,W4,n2-standard-4,Windows,2022Server,AMD64,Intel(R) Xeon(R) CPU @ 2.80GHz,intel,4,2,2800,17.2,3.14.6,CPython,1,spawn,2.5.3,algo_iter,algo_edit_distance,124,36,0.8,ms,normal,1301,55,4,2,2,16,0,0,2.2921230768308586e-05,0.9549916873619309,0.48612407001287417,0.16185867312678337,0.8588573042334654,0.0,0.017193299999917144,0.0008666000002222063,0.6501975000000186,0.030305699999985336,0.03150790000006509,0.03420049999999719,0.031771;0.030096;0.030306,0.031896;0.031508;0.031058,0.034354;0.034200;0.034002,,sequential,2026-10-03T18:14:51+00:00
W4-00119,W4,n2-standard-4,Windows,2022Server,AMD64,Intel(R) Xeon(R) CPU @ 2.80GHz,intel,4,2,2800,17.2,3.14.6,CPython,1,spawn,2.5.3,text,text_csv_parse,12,187,0.3,ms,normal,122,206,4,8,2,3,0,0,0.0014013766666569913,1.0,0.1576883615983005,0.003211128109066099,0.9772617689165415,0.8,0.08544610000001285,0.00041720000035638805,0.36398379999999975,0.16897910000000138,0.1706591000000799,0.10542120000002342,0.166597;0.171893;0.168979,0.170659;0.173273;0.170338,0.105421;0.104337;0.108218,,multiprocessing,2026-10-03T18:15:18+00:00
W4-00120,W4,n2-standard-4,Windows,2022Server,AMD64,Intel(R) Xeon(R) CPU @ 2.80GHz,intel,4,2,2800,17.2,3.14.6,CPython,1,spawn,2.5.3,recursive,rec_nqueens,17,562,0.8,ms,normal,10,584,4,8,1,10,0,0,0.0034950333333275316,1.0,0.20649687272745532,0.003471593022394515,1.0215816820126602,0.0,0.019684099999949467,0.00024059999998371495,0.36398379999999975,0.027421400000093854,0.029412099999944985,0.01640250000002652,0.027421;0.028669;0.027223,0.029128;0.030452;0.029412,0.016335;0.016403;0.016788,,multiprocessing,2026-10-03T18:15:19+00:00
W4-00121,W4,n2-standard-4,Windows,2022Server,AMD64,Intel(R) Xeon(R) CPU @ 2.80GHz,intel,4,2,2800,17.2,3.14.6,CPython,1,spawn,2.5.3,big_payload,big_count_byte,4,272604,0.3,ms,big,80,272626,4,2,0,1,0,0,0.00016469499997810998,1.0,0.03686379556730634,0.2800935062398509,0.8061969542846302,0.0,0.00871940000001814,0.0012529000005088164,0.6501975000000186,0.013183700000013232,0.013896999999928994,0.055525800000054915,0.013829;0.013131;0.013184,0.013718;0.014174;0.013897,0.055526;0.056137;0.053945,,sequential,2026-10-03T18:15:20+00:00
W4-00122,W4,n2-standard-4,Windows,2022Server,AMD64,Intel(R) Xeon(R) CPU @ 2.80GHz,intel,4,2,2800,17.2,3.14.6,CPython,1,spawn,2.5.3,big_result,result_long_string,6828,264,0.3,seconds,normal,500,287,4,8,1,1,0,0,0.0015854093750107268,1.0,0.15072570823654907,0.03301355525750874,1.0148170200303464,1.6,0.10194850000004863,0.0014261999997415842,0.36398379999999975,0.8174212000000125,0.8106441999999561,0.600778900000023,0.812499;0.817421;0.880308,0.810644;0.791571;0.920209,0.627129;0.600779;0.578049,,multiprocessing,2026-10-03T18:15:27+00:00
W4-00123,W4,n2-standard-4,Windows,2022Server,AMD64,Intel(R) Xeon(R) CPU @ 2.80GHz,intel,4,2,2800,17.2,3.14.6,CPython,1,spawn,2.5.3,text,text_split_count,11,810,0.0,seconds,normal,14607,832,4,8,1,1,0,0,0.0006111036585416403,1.0,0.1304848429510175,0.01119286376689868,0.9987691377374257,26.6,0.10096169999997073,0.0007472999994888596,0.36398379999999975,7.3109891999999945,7.119684899999925,3.6880327999999736,7.501300;7.119393;7.310989,7.104412;7.129910;7.119685,3.802725;3.688033;3.686545,,multiprocessing,2026-10-03T18:16:22+00:00
W4-00124,W4,n2-standard-4,Windows,2022Server,AMD64,Intel(R) Xeon(R) CPU @ 2.80GHz,intel,4,2,2800,17.2,3.14.6,CPython,1,spawn,2.5.3,text,text_split_count,55,1269,0.8,ms,normal,8,1291,4,8,1,1,0,0,0.003974633333352055,1.0,0.45745515319005053,0.0027088452544609463,0.68536202722502,0.0,0.02691729999992276,0.0002575999999407941,0.36398379999999975,0.031847799999923154,0.032240799999954106,0.016372000000046683,0.031908;0.031150;0.031848,0.032982;0.031365;0.032241,0.016372;0.016321;0.016381,,multiprocessing,2026-10-03T18:16:33+00:00
W4-00125,W4,n2-standard-4,Windows,2022Server,AMD64,Intel(R) Xeon(R) CPU @ 2.80GHz,intel,4,2,2800,17.2,3.14.6,CPython,1,spawn,2.5.3,algo_rec,algo_flood_fill,57,34,0.0,seconds,normal,100,53,4,2,3,10,0,0,0.019367733333410797,1.0,0.1704416390136276,0.0005283702145847215,0.8109036821912657,0.8,0.12248199999999088,0.00026929999967251206,0.6501975000000186,1.9811307999998462,1.9783718000001045,1.02240380000012,1.986203;1.883589;1.981131,1.979218;1.978372;1.976593,1.131643;1.011583;1.022404,,multiprocessing,2026-10-03T18:16:49+00:00
W4-00126,W4,n2-standard-4,Windows,2022Server,AMD64,Intel(R) Xeon(R) CPU @ 2.80GHz,intel,4,2,2800,17.2,3.14.6,CPython,1,spawn,2.5.3,mixed,mixed_parse_lines,18,1510,0.0,ms,normal,86,1532,4,4,2,3,1,0,0.0019673666666416728,0.6230197482050476,0.043512748656322486,0.0023864387402966437,1.3444374554307883,0.0,0.07229469999992943,0.000447200000508019,0.7518486000000024,0.16871639999999388,0.11902420000001257,0.08423169999991842,0.168728;0.168345;0.168716,0.119981;0.118225;0.119024,0.083746;0.085005;0.084232,,multiprocessing,2026-10-03T18:16:52+00:00
W4-00127,W4,n2-standard-4,Windows,2022Server,AMD64,Intel(R) Xeon(R) CPU @ 2.80GHz,intel,4,2,2800,17.2,3.14.6,CPython,1,spawn,2.5.3,text,text_regex_findall,2,476,0.3,seconds,normal,4119,498,4,8,1,1,0,0,4.8489257810757636e-05,1.0,0.198037772161115,0.08630777597312847,0.9620536000973882,0.0,0.1039130000001478,0.0020737000020289997,0.36398379999999975,0.19911369999999806,0.20630770000002485,0.11990139999988969,0.198292;0.199114;0.202063,0.206308;0.205153;0.208380,0.119901;0.121087;0.116012,,multiprocessing,2026-10-03T18:16:55+00:00
W4-00128,W4,n2-standard-4,Windows,2022Server,AMD64,Intel(R) Xeon(R) CPU @ 2.80GHz,intel,4,2,2800,17.2,3.14.6,CPython,1,spawn,2.5.3,algo_rec,algo_merge_sort,235,305,0.8,ms,normal,166,327.3,4,8,1,10,0,0,0.00035011463415219446,1.0,0.4839133529296766,0.050055034169267903,0.8807614888221966,0.0,0.03153869999982817,0.0006929999995008984,0.36398379999999975,0.06095510000000104,0.06314690000021983,0.03768960000002153,0.058632;0.062247;0.060955,0.063147;0.062317;0.063980,0.037690;0.037077;0.037749,,multiprocessing,2026-10-03T18:16:56+00:00
W4-00129,W4,n2-standard-4,Windows,2022Server,AMD64,Intel(R) Xeon(R) CPU @ 2.80GHz,intel,4,2,2800,17.2,3.14.6,CPython,1,spawn,2.5.3,numpy,np_elementwise,2722,141,0.3,seconds,normal,45597,161,4,8,0,4,0,0,9.137394495864843e-05,1.0,0.15346613817364715,0.042845911970030834,1.3378531519188424,0.0,0.08972020000010161,0.0024195999976655003,0.36398379999999975,4.309239400000024,5.10018869999999,2.0594725999999355,4.168399;4.309239;4.400930,5.122672;5.100189;5.055289,2.059473;2.049240;2.061646,,multiprocessing,2026-10-03T18:17:31+00:00
W4-00130,W4,n2-standard-4,Windows,2022Server,AMD64,Intel(R) Xeon(R) CPU @ 2.80GHz,intel,4,2,2800,17.2,3.14.6,CPython,1,spawn,2.5.3,algo_rec,algo_lcs_memo,4,1530078,0.0,seconds,big,130,1530100,4,8,1,10,0,0,0.04097250000010414,1.0,0.011951470320630998,0.02521935444541358,0.9802404989085302,0.0,0.25250819999996565,0.004669499999636173,0.36398379999999975,5.2898857000000135,5.6237160999999105,2.518280499999946,5.235103;5.289886;5.401774,5.935892;5.623716;5.476970,2.517824;2.586392;2.518280,,multiprocessing,2026-10-03T18:18:13+00:00
W4-00131,W4,n2-standard-4,Windows,2022Server,AMD64,Intel(R) Xeon(R) CPU @ 2.80GHz,intel,4,2,2800,17.2,3.14.6,CPython,1,spawn,2.5.3,cpu,cpu_count_primes,659,788,0.3,ms,normal,183,811,4,4,2,4,0,0,0.0001730777777791243,1.0,0.2176035638194429,0.02767541890212231,0.87348819789699,3.8,0.017233000000032916,0.00039360000005217444,0.7518486000000024,0.03298520000021199,0.03223270000012235,0.021017399999891495,0.033727;0.032985;0.032839,0.032233;0.032816;0.032178,0.021516;0.021017;0.020714,,multiprocessing,2026-10-03T18:18:14+00:00
W4-00132,W4,n2-standard-4,Windows,2022Server,AMD64,Intel(R) Xeon(R) CPU @ 2.80GHz,intel,4,2,2800,17.2,3.14.6,CPython,1,spawn,2.5.3,big_payload,big_count_byte,8,571200,0.0,seconds,big,350,571222,4,4,0,1,0,0,0.0003420321839090404,1.0,0.013634082554567823,0.8078187170520134,0.9379694747492429,0.0,0.06762129999992794,0.006029999999782376,0.7518486000000024,0.12601790000007895,0.12378549999993993,0.5705842999998367,0.119659;0.126294;0.126018,0.125853;0.122450;0.123785,0.568892;0.575844;0.570584,,threading,2026-10-03T18:18:17+00:00
W4-00133,W4,n2-standard-4,Windows,2022Server,AMD64,Intel(R) Xeon(R) CPU @ 2.80GHz,intel,4,2,2800,17.2,3.14.6,CPython,1,spawn,2.5.3,text,text_split_count,21,184881,0.8,seconds,big,8,184903,4,8,1,1,0,0,0.42152346666663715,1.0,0.17466489714305863,0.00016345471933222456,1.4673510788832043,0.0,2.175445399999944,0.00044189999994159734,0.36398379999999975,3.2259544999999434,3.1420857999999043,1.4000829000001431,3.111157;3.225954;3.715027,2.875304;3.142086;3.249868,1.316823;1.432027;1.400083,,multiprocessing,2026-10-03T18:18:44+00:00
W4-00134,W4,n2-standard-4,Windows,2022Server,AMD64,Intel(R) Xeon(R) CPU @ 2.80GHz,intel,4,2,2800,17.2,3.14.6,CPython,1,spawn,2.5.3,numpy,np_elementwise,7777,106810,0.3,ms,big,85,106833,4,2,0,4,0,0,0.000393361904787612,1.0,0.18966595806591718,0.05215299131900718,1.239392645405846,0.0,0.015542800000048373,0.0007547999996404542,0.6501975000000186,0.032009999999900174,0.019524700000147277,0.05332529999986946,0.032010;0.032191;0.031848,0.020856;0.019525;0.019097,0.058166;0.053325;0.050172,,threading,2026-10-03T18:18:45+00:00
W4-00135,W4,n2-standard-4,Windows,2022Server,AMD64,Intel(R) Xeon(R) CPU @ 2.80GHz,intel,4,2,2800,17.2,3.14.6,CPython,1,spawn,2.5.3,numpy,np_fft,8095,543,0.0,seconds,normal,4876,566,4,2,0,0,0,1,0.0007799875000102929,1.0,0.03830792018782411,0.00611548264666183,1.4133523707126183,0.0,0.08580660000006901,0.0006058999995275371,0.6501975000000186,3.831776600000012,2.0405969000000823,2.23391770000012,3.831777;3.764964;3.899650,2.040597;2.037552;2.103374,2.432999;2.233918;2.118914,,threading,2026-10-03T18:19:10+00:00
W4-00136,W4,n2-standard-4,Windows,2022Server,AMD64,Intel(R) Xeon(R) CPU @ 2.80GHz,intel,4,2,2800,17.2,3.14.6,CPython,1,spawn,2.5.3,io,io_file_roundtrip,3,1337,0.3,ms,normal,14,1359,4,8,1,0,1,0,0.016473966666580964,0.14348023193470041,0.1326892150341755,0.0005867844020691179,1.5327962467748144,0.0,0.07899859999997716,0.0002642000001742417,0.36398379999999975,0.15657729999998082,0.028140099999973245,0.02921450000008008,0.156577,0.028140;0.030473;0.026866,0.030438;0.028189;0.029215,,threading,2026-10-03T18:19:11+00:00
W4-00137,W4,n2-standard-4,Windows,2022Server,AMD64,Intel(R) Xeon(R) CPU @ 2.80GHz,intel,4,2,2800,17.2,3.14.6,CPython,1,spawn,2.5.3,algo_rec,algo_flood_fill,56,1677,0.0,seconds,normal,174,1699,4,8,3,10,0,0,0.019031633333270292,1.0,0.010797648276868842,0.0006025056489605568,0.9395283725678588,0.0,0.118274799999881,0.00025600000003578316,0.36398379999999975,3.375441599999931,3.3305586000001313,1.847891299999901,3.244832;3.375442;3.384154,3.319086;3.330559;3.331000,1.863702;1.847891;1.844915,,multiprocessing,2026-10-03T18:19:38+00:00
W4-00138,W4,n2-standard-4,Windows,2022Server,AMD64,Intel(R) Xeon(R) CPU @ 2.80GHz,intel,4,2,2800,17.2,3.14.6,CPython,1,spawn,2.5.3,numpy,np_elementwise,12195,252072,0.8,ms,big,14,252095,4,4,0,4,0,0,0.0014800000000529205,1.0,0.052586525952713986,0.05405405401806845,1.061401549030237,0.0,0.009017000000085318,0.0004837999999836029,0.7518486000000024,0.020704799999975876,0.011246899999832749,0.010568700000021636,0.020705;0.021093;0.019771,0.011247;0.011189;0.011434,0.011151;0.009992;0.010569,,multiprocessing,2026-10-03T18:19:38+00:00
W4-00139,W4,n2-standard-4,Windows,2022Server,AMD64,Intel(R) Xeon(R) CPU @ 2.80GHz,intel,4,2,2800,17.2,3.14.6,CPython,1,spawn,2.5.3,db,db_mem_insert_select,44,299,0.0,ms,normal,805,321,4,8,1,1,1,0,0.00011745422886692428,1.0,0.12637793158088054,0.034226098300674454,0.7796003011067318,0.0,0.05485509999994065,0.0010495999977138126,0.36398379999999975,0.09484580000003007,0.15151160000004893,0.05277810000006866,0.100569;0.094846;0.094158,0.148763;0.151512;0.152757,0.053999;0.052723;0.052778,,multiprocessing,2026-10-03T18:19:40+00:00
W4-00140,W4,n2-standard-4,Windows,2022Server,AMD64,Intel(R) Xeon(R) CPU @ 2.80GHz,intel,4,2,2800,17.2,3.14.6,CPython,1,spawn,2.5.3,algo_iter,algo_edit_distance,1273,827,0.3,ms,normal,845,850,4,8,2,16,0,0,0.00021730521327312287,1.0,0.16582989810834814,0.02017899131387395,0.9680964656890476,0.8,0.09423560000004727,0.0007782999994105921,0.36398379999999975,0.18885799999998198,0.18809729999998126,0.1068643000000975,0.190249;0.183536;0.188858,0.189457;0.188097;0.186105,0.106864;0.106543;0.107460,,multiprocessing,2026-10-03T18:19:42+00:00
W4-00141,W4,n2-standard-4,Windows,2022Server,AMD64,Intel(R) Xeon(R) CPU @ 2.80GHz,intel,4,2,2800,17.2,3.14.6,CPython,1,spawn,2.5.3,mixed,mixed_hash_then_write,348,44255,0.8,ms,normal,106,44277.8,4,2,1,3,1,0,0.000247103846137319,1.0,0.2172096161779369,0.04392889928899037,0.9588693630384821,0.0,0.013538400000015827,0.0005778000004283967,0.6501975000000186,0.027131300000064584,0.023227299999916795,0.025762600000007296,0.027131;0.027588;0.026073,0.024008;0.023227;0.022949,0.029288;0.023564;0.025763,,threading,2026-10-03T18:19:43+00:00
W4-00142,W4,n2-standard-4,Windows,2022Server,AMD64,Intel(R) Xeon(R) CPU @ 2.80GHz,intel,4,2,2800,17.2,3.14.6,CPython,1,spawn,2.5.3,cpu,cpu_matmul_lists,15,20,0.3,seconds,normal,18040,39,4,8,3,5,0,0,0.0002069751037321957,1.0,0.42660272528959614,0.017924861272827053,0.9711959928494948,0.0,0.10201680000000124,0.000781700000516139,0.36398379999999975,3.8401874000001044,3.8698967000000266,2.286655100000189,3.745638;4.082521;3.840187,3.869897;4.182800;3.769776,2.262224;2.313243;2.286655,,multiprocessing,2026-10-03T18:20:13+00:00
W4-00143,W4,n2-standard-4,Windows,2022Server,AMD64,Intel(R) Xeon(R) CPU @ 2.80GHz,intel,4,2,2800,17.2,3.14.6,CPython,1,spawn,2.5.3,io,io_sleep,5772,147202,0.3,ms,big,8,147225,4,2,0,1,1,0,0.006286133333333055,0.00806194206748281,0.15749501449332104,0.006729096844965302,1.4026681243681516,0.0,0.031293300000015734,0.00038170000016179984,0.6501975000000186,0.04754129999992074,0.027241100000082952,0.028070500000012544,0.047628;0.047148;0.047541,0.026769;0.027241;0.027505,0.028035;0.028071;0.028426,,threading,2026-10-03T18:20:14+00:00
W4-00144,W4,n2-standard-4,Windows,2022Server,AMD64,Intel(R) Xeon(R) CPU @ 2.80GHz,intel,4,2,2800,17.2,3.14.6,CPython,1,spawn,2.5.3,mixed,mixed_parse_lines,4,543,0.0,ms,normal,146,565,4,4,2,3,1,0,0.0009434444444246361,0.1345578263623434,0.14373726167815906,0.004923448370664737,1.8643722095684665,1.6,0.05284480000000258,0.0005005000007258786,0.7518486000000024,0.14275170000018989,0.03923950000012155,0.0334010000001399,0.142752;0.141876;0.143335,0.039509;0.039240;0.039214,0.033401;0.034681;0.032251,,multiprocessing,2026-10-03T18:20:16+00:00
W4-00145,W4,n2-standard-4,Windows,2022Server,AMD64,Intel(R) Xeon(R) CPU @ 2.80GHz,intel,4,2,2800,17.2,3.14.6,CPython,1,spawn,2.5.3,big_payload,big_reverse,2,282729,0.3,ms,big,438,282751,4,2,0,0,0,0,0.0002002211009195489,0.9981545107764607,0.12409681331962757,0.48111812174454344,0.9469874083271672,0.0,0.047572400000035486,0.0025377999997999723,0.6501975000000186,0.106156399999918,0.10935380000000805,0.5774813999998969,0.102437;0.106156;0.111956,0.111430;0.109354;0.108613,0.577481,,sequential,2026-10-03T18:20:18+00:00
W4-00146,W4,n2-standard-4,Windows,2022Server,AMD64,Intel(R) Xeon(R) CPU @ 2.80GHz,intel,4,2,2800,17.2,3.14.6,CPython,1,spawn,2.5.3,mixed,mixed_hash_then_write,93943,3914,0.3,ms,normal,520,3939,4,8,1,3,1,0,0.0004508540540522157,0.9568499655269359,0.5219035425506857,0.011167693653952537,0.9530816913685013,2.3,0.10317839999993339,0.0007298000000446336,0.36398379999999975,0.22163139999997838,0.22417160000009062,0.1226646999998593,0.228276;0.221631;0.219162,0.224940;0.224172;0.222094,0.121191;0.161673;0.122665,,multiprocessing,2026-10-03T18:20:20+00:00
W4-00147,W4,n2-standard-4,Windows,2022Server,AMD64,Intel(R) Xeon(R) CPU @ 2.80GHz,intel,4,2,2800,17.2,3.14.6,CPython,1,spawn,2.5.3,mixed,mixed_compute_then_sleep,2166,413,0.8,ms,normal,228,436,4,4,1,3,1,0,0.0009540603773615967,0.11942361722155902,0.1276813366343312,0.004942035233736433,1.879847743041898,0.0,0.0781913999999233,0.000557299999627503,0.7518486000000024,0.2199482999999418,0.059058300000060626,0.05661499999996522,0.219948;0.221478;0.219710,0.059058;0.059033;0.059220,0.056361;0.056615;0.058623,,multiprocessing,2026-10-03T18:20:22+00:00
W4-00148,W4,n2-standard-4,Windows,2022Server,AMD64,Intel(R) Xeon(R) CPU @ 2.80GHz,intel,4,2,2800,17.2,3.14.6,CPython,1,spawn,2.5.3,big_result,result_records,392,1021,0.3,ms,normal,269,1044,4,2,1,2,0,0,0.00048293880595948977,1.0,5.584088913515911,0.42639977870428475,2.481499473862753,0.0,0.05019709999987754,0.00456010000061724,0.6501975000000186,0.04618540000001303,0.07093029999987266,0.07876450000003388,0.055237;0.045206;0.046185,0.078387;0.048798;0.070930,0.098136;0.078765;0.066639,,sequential,2026-10-03T18:20:23+00:00
W4-00149,W4,n2-standard-4,Windows,2022Server,AMD64,Intel(R) Xeon(R) CPU @ 2.80GHz,intel,4,2,2800,17.2,3.14.6,CPython,1,spawn,2.5.3,big_payload,big_checksum_head,943,3822438,0.0,seconds,big,52,3822461,4,8,1,1,0,0,2.4684615377387112e-05,1.0,0.15512531859018108,77.89404801152102,0.30109020594828595,0.8,0.026823000000149477,0.025398900000254798,0.36398379999999975,0.0013045000000602158,0.0018158000000312313,0.3192071999999371,0.001207;0.001460;0.001305,0.001822;0.001816;0.001736,0.319207,,sequential,2026-10-03T18:20:25+00:00
W4-00150,W4,n2-standard-4,Windows,2022Server,AMD64,Intel(R) Xeon(R) CPU @ 2.80GHz,intel,4,2,2800,17.2,3.14.6,CPython,1,spawn,2.5.3,text,text_csv_parse,2,72,0.8,ms,normal,574,91,4,2,2,3,0,0,0.00013004825173497508,1.0,0.2688235817513055,0.030642472853825656,0.8634450026248052,0.8,0.04086260000008224,0.0005878000019947649,0.6501975000000186,0.08009059999994861,0.08374860000003537,0.08552549999990333,0.077586;0.080091;0.081756,0.083749;0.081719;0.084737,0.085716;0.085525;0.042207,,sequential,2026-10-03T18:20:34+00:00
W4-00151,W4,n2-standard-4,Windows,2022Server,AMD64,Intel(R) Xeon(R) CPU @ 2.80GHz,intel,4,2,2800,17.2,3.14.6,CPython,1,spawn,2.5.3,big_result,result_records,21085,1675,0.8,seconds,normal,32,1698,4,2,1,2,0,0,0.007712057142823271,1.0,0.643704500734868,1.2231311267744975,0.5260284233281771,0.8,0.23405549999984032,0.06633040000019719,0.6501975000000186,0.5567313999999897,0.6051299999999173,0.6579521999999542,0.523109;0.556731;0.578296,0.605130;0.607562;0.531267,0.624951;0.678598;0.657952,,sequential,2026-10-03T18:20:40+00:00
W4-00152,W4,n2-standard-4,Windows,2022Server,AMD64,Intel(R) Xeon(R) CPU @ 2.80GHz,intel,4,2,2800,17.2,3.14.6,CPython,1,spawn,2.5.3,io,io_sleep_chunks,18002,830,0.8,seconds,normal,22,853,4,8,1,1,1,0,0.018830933333295736,0.005167673173938131,0.5145553129197018,0.0007753200440602848,2.151826189073489,1.5,0.09091489999991609,0.0002886000002035871,0.36398379999999975,0.42478300000016134,0.0639426000000185,0.0645415999999841,0.424783,0.063383;0.063943;0.065818,0.064674;0.064542;0.063941,,threading,2026-10-03T18:20:41+00:00
W4-00153,W4,n2-standard-4,Windows,2022Server,AMD64,Intel(R) Xeon(R) CPU @ 2.80GHz,intel,4,2,2800,17.2,3.14.6,CPython,1,spawn,2.5.3,text,text_csv_parse,2,773,0.0,ms,normal,8,795,4,2,2,3,0,0,0.0014569999999973031,1.0,0.0373470857489988,0.007366735318673986,0.7997823108507025,0.0,0.010007599999880767,0.0002394999999069114,0.6501975000000186,0.011759600000004866,0.012465400000110094,0.010545099999944796,0.011399;0.011760;0.011990,0.012722;0.012465;0.012074,0.010745;0.010545;0.007126,,multiprocessing,2026-10-03T18:20:42+00:00
W4-00154,W4,n2-standard-4,Windows,2022Server,AMD64,Intel(R) Xeon(R) CPU @ 2.80GHz,intel,4,2,2800,17.2,3.14.6,CPython,1,spawn,2.5.3,db,db_file_lookup,492,418,0.3,seconds,normal,226,441,4,2,1,5,1,0,0.012335720000010042,1.0,0.1656171145105498,0.0005788069066271728,0.7755295682986674,0.0,0.1415614000000005,0.0002947000000403932,0.6501975000000186,2.805374299999812,1.9401233999999477,1.798903800000062,2.805374;2.698615;2.850533,1.984378;1.940123;1.908806,1.854771;1.798904;1.794475,,multiprocessing,2026-10-03T18:21:02+00:00
W4-00155,W4,n2-standard-4,Windows,2022Server,AMD64,Intel(R) Xeon(R) CPU @ 2.80GHz,intel,4,2,2800,17.2,3.14.6,CPython,1,spawn,2.5.3,gil_release,gil_numpy_matmul,34,90198,0.0,ms,normal,421,90220,4,2,0,2,0,1,0.0001454361904658678,0.9993133272508644,0.18767221940211454,0.18372318416555977,1.3750866841430474,0.0,0.027630100000124003,0.0011841000014101155,0.6501975000000186,0.0622264000000996,0.04013559999998506,0.12504489999992074,0.062226;0.061785;0.062701,0.040608;0.040047;0.040136,0.125217;0.125045;0.123347,,threading,2026-10-03T18:21:04+00:00
W4-00156,W4,n2-standard-4,Windows,2022Server,AMD64,Intel(R) Xeon(R) CPU @ 2.80GHz,intel,4,2,2800,17.2,3.14.6,CPython,1,spawn,2.5.3,algo_iter,algo_game_of_life,2,89,0.3,ms,normal,12,108,4,2,5,9,0,0,0.0025481666665806793,1.0,0.2566085033614119,0.024841389221286325,0.9928782584791088,3.9,0.015210899999829053,0.0004305000002204906,0.6501975000000186,0.028004499999951804,0.02886690000013914,0.029537699999991673,0.027567;0.028153;0.028004,0.028867;0.029139;0.028396,0.029319;0.029538;0.030026,,sequential,2026-10-03T18:21:04+00:00
W4-00157,W4,n2-standard-4,Windows,2022Server,AMD64,Intel(R) Xeon(R) CPU @ 2.80GHz,intel,4,2,2800,17.2,3.14.6,CPython,1,spawn,2.5.3,algo_rec,algo_merge_sort,871,1419,0.0,seconds,normal,766,1442,4,4,1,10,0,0,0.0014570142857272524,1.0,0.018200355924333896,0.03834897197433783,0.9151444214821881,0.0,0.10814200000004348,0.0014691999997467065,0.7518486000000024,1.1807824999998502,1.178062399999817,0.6546062999998412,1.180782;1.134270;1.194269,1.172726;1.178062;1.183853,0.651022;0.658656;0.654606,,multiprocessing,2026-10-03T18:21:14+00:00
W4-00158,W4,n2-standard-4,Windows,2022Server,AMD64,Intel(R) Xeon(R) CPU @ 2.80GHz,intel,4,2,2800,17.2,3.14.6,CPython,1,spawn,2.5.3,tiny,tiny_small_loop,15,486,0.0,ms,normal,110781,508,4,4,0,0,0,0,4.194499982759226e-07,1.0,0.5830838624175019,11.884610871553242,0.5465659445345851,0.0,0.006360600000107297,0.0030711000035807956,0.7518486000000024,0.039516000000048734,0.04638180000006287,0.21131160000004456,0.040241;0.039516;0.037989,0.046337;0.046382;0.047063,0.211312,,sequential,2026-10-03T18:21:15+00:00
W4-00159,W4,n2-standard-4,Windows,2022Server,AMD64,Intel(R) Xeon(R) CPU @ 2.80GHz,intel,4,2,2800,17.2,3.14.6,CPython,1,spawn,2.5.3,gil_release,gil_bz2,4,300000,0.3,ms,big,51,300022,4,4,0,1,0,1,0.001138375000001209,1.0,0.10351925521530464,0.048863511531814625,1.671432398326764,0.0,0.022726899999952366,0.0009442999999009771,0.7518486000000024,0.05657770000016171,0.027124999999841748,0.04140499999994063,0.055525;0.057102;0.056578,0.027125;0.027807;0.026583,0.042642;0.041405;0.040392,,threading,2026-10-03T18:21:16+00:00
W4-00160,W4,n2-standard-4,Windows,2022Server,AMD64,Intel(R) Xeon(R) CPU @ 2.80GHz,intel,4,2,2800,17.2,3.14.6,CPython,1,spawn,2.5.3,big_payload,big_count_byte,42,218552,0.8,seconds,big,915,218574,4,4,0,1,0,0,0.00013109868420538637,1.0,0.02563642129621504,0.31270336743692295,0.9505749283746322,1.5,0.06306440000003022,0.001545100001294486,0.7518486000000024,0.12656660000016018,0.12339800000017931,0.6305406999999832,0.126395;0.127228;0.126567,0.122739;0.124826;0.123398,0.630541,,threading,2026-10-03T18:21:19+00:00
W4-00161,W4,n2-standard-4,Windows,2022Server,AMD64,Intel(R) Xeon(R) CPU @ 2.80GHz,intel,4,2,2800,17.2,3.14.6,CPython,1,spawn,2.5.3,big_result,result_matrix_lists,261,446463,0.3,seconds,big,447,446485.375,4,8,2,5,0,0,0.006754587499926856,1.0,0.34773889515761286,0.32764028892044206,0.6907706037955571,0.0,0.14641200000005483,0.018026100000497536,0.36398379999999975,3.971306400000003,3.9781596000000263,3.1628438000000187,3.849592;3.971306;3.987521,3.960315;3.978160;4.066976,3.162844;3.134734;3.174895,,multiprocessing,2026-10-03T18:21:53+00:00
W4-00162,W4,n2-standard-4,Windows,2022Server,AMD64,Intel(R) Xeon(R) CPU @ 2.80GHz,intel,4,2,2800,17.2,3.14.6,CPython,1,spawn,2.5.3,mixed,mixed_hash_then_write,121,5215,0.3,seconds,normal,19832,5237,4,8,1,3,1,0,0.00023684666667101,0.996424797004147,0.16981862597270195,0.022715118098240946,1.1963256498442074,2.3,0.09241429999997308,0.001129899999114059,0.36398379999999975,5.251206299999922,3.539789599999949,3.6186523999999736,5.041433;5.612990;5.251206,3.539790;3.511745;3.597873,3.600062;3.619654;3.618652,,threading,2026-10-03T18:22:32+00:00
W4-00163,W4,n2-standard-4,Windows,2022Server,AMD64,Intel(R) Xeon(R) CPU @ 2.80GHz,intel,4,2,2800,17.2,3.14.6,CPython,1,spawn,2.5.3,big_result,result_long_string,115,364,0.0,ms,normal,632,386,4,2,1,1,0,0,2.6081012665484573e-05,1.0,0.16802101311369763,0.1882595605917824,0.8286273603167137,1.6,0.009839499999998225,0.0006222999988949596,0.6501975000000186,0.01605680000011489,0.01796379999996134,0.018207600000096136,0.016533;0.015954;0.016057,0.017964;0.017747;0.018192,0.018208;0.017806;0.022288,,sequential,2026-10-03T18:22:32+00:00
W4-00164,W4,n2-standard-4,Windows,2022Server,AMD64,Intel(R) Xeon(R) CPU @ 2.80GHz,intel,4,2,2800,17.2,3.14.6,CPython,1,spawn,2.5.3,tiny,tiny_add,4,194,0.8,ms,normal,55682,213,4,8,0,1,0,0,1.4740000085566862e-07,1.0,3.132707034304706,26.221166948195457,0.26339810433677546,0.0,0.005273100000067643,0.0029702999984237977,0.36398379999999975,0.0057561000000987406,0.009470400000054724,0.03371319999996558,0.006596;0.005741;0.005756,0.010166;0.009455;0.009470,0.033713,,sequential,2026-10-03T18:22:33+00:00
W4-00165,W4,n2-standard-4,Windows,2022Server,AMD64,Intel(R) Xeon(R) CPU @ 2.80GHz,intel,4,2,2800,17.2,3.14.6,CPython,1,spawn,2.5.3,algo_iter,algo_dijkstra,399,237,0.3,ms,normal,10,257,4,4,2,15,0,0,0.0009501000000303369,1.0,0.13134930901588418,0.011577728590654484,0.6626943535559806,0.0,0.007065900000043257,0.00024299999995491817,0.7518486000000024,0.008707899999990332,0.009954600000128266,0.0061609000001681125,0.008625;0.008708;0.009019,0.009974;0.009418;0.009955,0.006771;0.006150;0.006161,,multiprocessing,2026-10-03T18:22:34+00:00
W4-00166,W4,n2-standard-4,Windows,2022Server,AMD64,Intel(R) Xeon(R) CPU @ 2.80GHz,intel,4,2,2800,17.2,3.14.6,CPython,1,spawn,2.5.3,numpy,np_linalg_solve,68,385,0.0,ms,normal,979,407,4,8,0,3,0,1,7.541639344753258e-05,1.0,0.17357612002720993,0.06895052661636938,0.6695689206857373,0.0,0.04677289999995082,0.0009530999986964162,0.36398379999999975,0.0785476999999446,0.1586250000000291,0.04540840000004209,0.073737;0.078886;0.078548,0.158034;0.158758;0.158625,0.047081;0.045408;0.044395,,multiprocessing,2026-10-03T18:22:35+00:00
W4-00167,W4,n2-standard-4,Windows,2022Server,AMD64,Intel(R) Xeon(R) CPU @ 2.80GHz,intel,4,2,2800,17.2,3.14.6,CPython,1,spawn,2.5.3,cpu,cpu_sum_squares,810,32,0.0,seconds,normal,19965,52,4,8,1,2,0,0,3.254589625611828e-05,1.0,0.033709831964349936,0.12505416902014554,0.9472253174280153,0.0,0.10523769999986143,0.002539100001740735,0.36398379999999975,0.6521397999999863,0.6751901000000089,0.4015638000000763,0.647025;0.671064;0.652140,0.674961;0.675190;0.678319,0.401622;0.398330;0.401564,,multiprocessing,2026-10-03T18:22:41+00:00
W4-00168,W4,n2-standard-4,Windows,2022Server,AMD64,Intel(R) Xeon(R) CPU @ 2.80GHz,intel,4,2,2800,17.2,3.14.6,CPython,1,spawn,2.5.3,recursive,rec_quicksort,486,48,0.8,seconds,normal,411,67.75,4,8,1,8,0,0,0.0005343117021321303,1.0,0.5397041021020995,0.007467551265527374,0.9109276831554198,0.0,0.10721810000018195,0.0017051999998329848,0.36398379999999975,0.23076590000005126,0.23008320000008098,0.11770970000020498,0.217864;0.231004;0.230766,0.231513;0.227571;0.230083,0.118758;0.117710;0.117640,,multiprocessing,2026-10-03T18:22:43+00:00
W4-00169,W4,n2-standard-4,Windows,2022Server,AMD64,Intel(R) Xeon(R) CPU @ 2.80GHz,intel,4,2,2800,17.2,3.14.6,CPython,1,spawn,2.5.3,algo_rec,algo_lcs_memo,3,53,0.0,seconds,normal,144,72,4,4,1,10,0,0,0.00909345000002304,1.0,0.027489527477507523,0.0008027756234343906,0.9371788590404615,0.0,0.11289099999999053,0.00029309999968063494,0.7518486000000024,1.3605333000000428,1.3461099999999533,0.6627922000000126,1.268818;1.474803;1.360533,1.346110;1.349551;1.340258,0.665828;0.662792;0.661602,,multiprocessing,2026-10-03T18:22:54+00:00
W4-00170,W4,n2-standard-4,Windows,2022Server,AMD64,Intel(R) Xeon(R) CPU @ 2.80GHz,intel,4,2,2800,17.2,3.14.6,CPython,1,spawn,2.5.3,tiny,tiny_len,2,487382,0.0,ms,big,410,487404,4,4,0,0,0,0,4.823529493210919e-07,1.0,0.3512674835462868,265.3140198592047,0.0681310587708357,0.0,0.003875299999890558,0.002998699999125165,0.7518486000000024,0.00010369999995418766,0.0005805999999211053,0.61661190000018,0.000133;0.000104;0.000035,0.000581,0.616612,,sequential,2026-10-03T18:22:56+00:00
W4-00171,W4,n2-standard-4,Windows,2022Server,AMD64,Intel(R) Xeon(R) CPU @ 2.80GHz,intel,4,2,2800,17.2,3.14.6,CPython,1,spawn,2.5.3,numpy,np_sort,2812,265,0.3,seconds,normal,2368,288,4,8,0,3,0,1,0.00012482050000301115,1.0,0.16347026484311686,0.035210562610255236,1.4547737092972695,7.6,0.08555900000010297,0.0011032999989311065,0.36398379999999975,0.2918124000000262,0.25250529999993887,0.17560899999989488,0.290252;0.291812;0.307932,0.254145;0.252505;0.237867,0.174921;0.175648;0.175609,,multiprocessing,2026-10-03T18:22:58+00:00
W4-00172,W4,n2-standard-4,Windows,2022Server,AMD64,Intel(R) Xeon(R) CPU @ 2.80GHz,intel,4,2,2800,17.2,3.14.6,CPython,1,spawn,2.5.3,tiny,tiny_add,345,176,0.3,ms,normal,200000,196,4,4,0,1,0,0,1.8159999683575735e-07,1.0,1.1512820353210782,25.22026485571711,0.3492448542700362,0.0,0.005310100000087914,0.0030159000064031716,0.7518486000000024,0.023582899999837537,0.03183530000001156,0.1739494000000832,0.023583;0.024040;0.021933,0.033172;0.031835;0.029499,0.173949,,sequential,2026-10-03T18:23:00+00:00
W4-00173,W4,n2-standard-4,Windows,2022Server,AMD64,Intel(R) Xeon(R) CPU @ 2.80GHz,intel,4,2,2800,17.2,3.14.6,CPython,1,spawn,2.5.3,db,db_file_lookup,165,185461,0.8,ms,big,8,185483,4,8,1,5,1,0,0.002920033333415025,0.9445781443865994,0.5082921677098221,0.03485120030598433,0.2624648262268301,1.5,0.04881629999999859,0.0005419999997684499,0.36398379999999975,0.022809100000131366,0.13034040000002278,0.015911099999811995,0.022888;0.022809;0.021089,0.130340,0.062432;0.015911;0.014417,,multiprocessing,2026-10-03T18:23:00+00:00
W4-00174,W4,n2-standard-4,Windows,2022Server,AMD64,Intel(R) Xeon(R) CPU @ 2.80GHz,intel,4,2,2800,17.2,3.14.6,CPython,1,spawn,2.5.3,gil_release,gil_numpy_matmul,618,23878,0.0,seconds,normal,48,23901,4,8,0,2,0,1,0.009771983333394019,1.0,0.0038944735181699083,0.0016339228313105854,1.629618595560803,0.0,0.09511599999996179,0.000423799999680341,0.36398379999999975,0.5030027000000246,0.22321689999989758,0.22649840000008226,0.492714;0.503003;0.519804,0.223444;0.223217;0.222742,0.231982;0.220966;0.226498,,threading,2026-10-03T18:23:04+00:00
W4-00175,W4,n2-standard-4,Windows,2022Server,AMD64,Intel(R) Xeon(R) CPU @ 2.80GHz,intel,4,2,2800,17.2,3.14.6,CPython,1,spawn,2.5.3,big_result,result_matrix_lists,24,611,0.0,seconds,normal,17605,633,4,8,2,5,0,0,0.00019601522070396068,1.0,16.92152095032168,0.14715693961671997,2.889065761913818,1.5,0.17584480000004987,0.002067299997634109,0.36398379999999975,1.2858728000001065,1.3257194999998774,1.0307384000000184,1.300928;1.285873;1.244266,1.325719;1.358394;1.285379,1.030738;1.052680;0.994795,,multiprocessing,2026-10-03T18:23:15+00:00
W4-00176,W4,n2-standard-4,Windows,2022Server,AMD64,Intel(R) Xeon(R) CPU @ 2.80GHz,intel,4,2,2800,17.2,3.14.6,CPython,1,spawn,2.5.3,mixed,mixed_compute_then_sleep,37244,83,0.0,ms,normal,8,103,4,4,1,3,1,0,0.0030412000000220965,0.5457836024043875,0.05375740594293897,0.0039019685511922776,1.1509414171051162,0.0,0.017096100000117076,0.0002764999999271822,0.7518486000000024,0.023644899999908375,0.015975499999967724,0.010985099999970771,0.023487;0.023775;0.023645,0.015997;0.015975;0.015312,0.010985;0.010822;0.010992,,multiprocessing,2026-10-03T18:23:16+00:00
W4-00177,W4,n2-standard-4,Windows,2022Server,AMD64,Intel(R) Xeon(R) CPU @ 2.80GHz,intel,4,2,2800,17.2,3.14.6,CPython,1,spawn,2.5.3,cpu,cpu_collatz,964,65,0.8,seconds,normal,873,85,4,8,2,5,0,0,0.005205059999980222,1.0,0.337966441301864,0.001043215637754045,0.8568063345161621,0.0,0.11323969999989458,0.00029599999993479287,0.36398379999999975,3.9867986000001565,3.9413600000000315,2.1742675999998937,4.026305;3.971764;3.986799,3.941360;3.942492;3.940401,2.187563;2.174268;2.143334,,multiprocessing,2026-10-03T18:23:47+00:00
W4-00178,W4,n2-standard-4,Windows,2022Server,AMD64,Intel(R) Xeon(R) CPU @ 2.80GHz,intel,4,2,2800,17.2,3.14.6,CPython,1,spawn,2.5.3,db,db_mem_group_by,283,33,0.3,ms,normal,148,52.7,4,8,1,2,1,0,0.00037354594595657346,1.0,0.16206647013348388,0.009623983440931462,0.7582917329275741,0.0,0.032285000000001673,0.00044059999959245033,0.36398379999999975,0.05987920000006852,0.1131050999999843,0.03264650000005531,0.059733;0.059879;0.060008,0.112934;0.113105;0.115688,0.032098;0.032934;0.032647,,multiprocessing,2026-10-03T18:23:48+00:00
W4-00179,W4,n2-standard-4,Windows,2022Server,AMD64,Intel(R) Xeon(R) CPU @ 2.80GHz,intel,4,2,2800,17.2,3.14.6,CPython,1,spawn,2.5.3,algo_rec,algo_flood_fill,6,159924,0.8,seconds,big,1250,159946,4,2,3,10,0,0,0.001855432142893473,1.0,0.5876686385435865,0.019089892429158112,0.9636882280180266,0.0,0.10560659999987365,0.0010476999989350588,0.6501975000000186,2.6428149999999277,2.6876063000001977,1.8351545000000442,2.650653;2.642815;2.560088,2.686380;2.687606;2.708522,1.792515;1.881411;1.835155,,multiprocessing,2026-10-03T18:24:11+00:00
W4-00180,W4,n2-standard-4,Windows,2022Server,AMD64,Intel(R) Xeon(R) CPU @ 2.80GHz,intel,4,2,2800,17.2,3.14.6,CPython,1,spawn,2.5.3,mixed,mixed_json_roundtrip,5,1876,0.0,seconds,normal,12528,1898,4,4,1,1,1,0,0.00019531019608050472,0.8782030419605577,0.10571868516224957,0.02493469394615136,1.0053858722389668,0.0,0.1005188999999973,0.0010773999995308259,0.7518486000000024,2.373423399999865,12.867116999999325,12.867116999999325,2.373423,12.867117,12.867117,multiprocessing;threading,sequential,2026-10-03T18:24:40+00:00
W4-00181,W4,n2-standard-4,Windows,2022Server,AMD64,Intel(R) Xeon(R) CPU @ 2.80GHz,intel,4,2,2800,17.2,3.14.6,CPython,1,spawn,2.5.3,text,text_split_count,86,2025,0.0,seconds,normal,39,2047,4,8,1,1,0,0,0.008107814285754753,1.0,0.005485506066554451,0.001037799514621301,0.8382419807630674,0.8,0.1573091000000204,0.03286179999963679,0.35624269999993885,0.315416900000173,0.326683199999934,0.17367239999998674,0.351463;0.310177;0.315417,0.326793;0.326683;0.326395,0.173672;0.174290;0.173534,,multiprocessing,2026-10-03T18:24:44+00:00
W4-00182,W4,n2-standard-4,Windows,2022Server,AMD64,Intel(R) Xeon(R) CPU @ 2.80GHz,intel,4,2,2800,17.2,3.14.6,CPython,1,spawn,2.5.3,text,text_csv_parse,10,593,0.8,seconds,normal,716,615,4,4,2,3,0,0,0.004201461538461724,1.0,0.33538973503090436,0.0013914571775525259,1.0393760197860988,0.0,0.11001080000005459,0.0013519999999971333,0.18947559999992336,2.59901519999994,2.6831727000001138,1.6025994999999966,2.651716;2.590385;2.599015,2.683173;2.678171;2.688561,1.602599;1.608527;1.590243,,multiprocessing,2026-10-03T18:25:08+00:00
W4-00183,W4,n2-standard-4,Windows,2022Server,AMD64,Intel(R) Xeon(R) CPU @ 2.80GHz,intel,4,2,2800,17.2,3.14.6,CPython,1,spawn,2.5.3,big_payload,big_checksum_head,117,2390151,0.0,ms,big,83,2390173,4,8,1,1,0,0,3.6549999890667094e-06,1.0,0.295241703011012,346.0711364642402,0.09364432469846053,0.0,0.027159200000141936,0.026272400000380003,0.35624269999993885,0.0002707000001009874,0.0008334000001468667,0.3803014999998595,0.000279;0.000271;0.000270,0.000869;0.000833;0.000645,0.380301,,sequential,2026-10-03T18:25:09+00:00
W4-00184,W4,n2-standard-4,Windows,2022Server,AMD64,Intel(R) Xeon(R) CPU @ 2.80GHz,intel,4,2,2800,17.2,3.14.6,CPython,1,spawn,2.5.3,cpu,cpu_count_primes,2438,30,0.0,seconds,normal,5677,50,4,8,2,4,0,0,0.0009684115384734818,1.0,0.005872801349077848,0.0043576514889283,0.9557119254571602,0.0,0.10427709999999024,0.0011262999994414713,0.35624269999993885,5.499996399999873,5.586532399999896,3.290313099999821,5.528375;5.499996;5.495344,5.586624;5.586532;5.570542,3.290313;3.282863;3.303621,,multiprocessing,2026-10-03T18:25:53+00:00
W4-00185,W4,n2-standard-4,Windows,2022Server,AMD64,Intel(R) Xeon(R) CPU @ 2.80GHz,intel,4,2,2800,17.2,3.14.6,CPython,1,spawn,2.5.3,numpy,np_fft,12330,4249,0.0,ms,normal,217,4272,4,8,0,0,0,1,0.000397101851865079,1.0,0.09008063995327892,0.014681371942829315,1.6403829537522576,0.0,0.03566000000000713,0.0011787999992520781,0.35624269999993885,0.089774000000034,0.044788200000084544,0.2816612999999961,0.085290;0.089892;0.089774,0.045012;0.044788;0.043553,0.281661,,threading,2026-10-03T18:25:54+00:00
W4-00186,W4,n2-standard-4,Windows,2022Server,AMD64,Intel(R) Xeon(R) CPU @ 2.80GHz,intel,4,2,2800,17.2,3.14.6,CPython,1,spawn,2.5.3,db,db_file_commit,5,159,0.0,seconds,normal,291,178,4,8,1,0,1,0,0.02315930000001269,0.27129810111329594,0.0708706240077542,0.0009816071007750055,1.2635219824953001,0.0,0.12302839999983917,0.0012058999998316722,0.35624269999993885,6.549680399999943,3.537689200000159,1.9052530000001298,6.547676;6.549680;6.756267,3.518388;3.677645;3.537689,1.899279;3.437495;1.905253,,multiprocessing,2026-10-03T18:26:33+00:00
W4-00187,W4,n2-standard-4,Windows,2022Server,AMD64,Intel(R) Xeon(R) CPU @ 2.80GHz,intel,4,2,2800,17.2,3.14.6,CPython,1,spawn,2.5.3,io,io_sleep_chunks,1423,228,0.3,seconds,normal,665,248,4,8,1,1,1,0,0.003891776923060556,0.017473379793756,0.012102120455788202,0.0012966194989252687,1.843565525368837,26.6,0.07917300000008254,0.0009704000001420354,0.35624269999993885,2.6071271999999226,0.328432199999952,0.32999659999995856,2.607127,0.328432;0.333370;0.328379,0.329997;0.330108;0.329348,,threading,2026-10-03T18:26:38+00:00
W4-00188,W4,n2-standard-4,Windows,2022Server,AMD64,Intel(R) Xeon(R) CPU @ 2.80GHz,intel,4,2,2800,17.2,3.14.6,CPython,1,spawn,2.5.3,algo_iter,algo_edit_distance,2309,20,0.0,ms,normal,141,40,4,8,2,16,0,0,0.00044006285714073915,1.0,0.155231568535522,0.013645777850543238,0.9091721555990677,22.7,0.03401439999993272,0.0016771000000517233,0.35624269999993885,0.06089989999986756,0.06267209999987244,0.03711279999993167,0.067059;0.060900;0.059008,0.062672;0.061818;0.066072,0.039817;0.037113;0.035548,,multiprocessing,2026-10-03T18:26:39+00:00
W4-00189,W4,n2-standard-4,Windows,2022Server,AMD64,Intel(R) Xeon(R) CPU @ 2.80GHz,intel,4,2,2800,17.2,3.14.6,CPython,1,spawn,2.5.3,algo_iter,algo_dijkstra,62,1031,0.0,ms,normal,945,1053,4,2,2,15,0,0,0.00010614364406056682,0.9993715977165604,0.05012396333515483,0.03971033828703696,0.9025461887980762,17.2,0.05532160000007025,0.002372800001694486,0.1925560999998197,0.11171199999989767,0.10712489999991703,0.05653570000004038,0.111712;0.116256;0.100031,0.112646;0.107125;0.105630,0.076531;0.056479;0.056536,,multiprocessing,2026-10-03T18:26:41+00:00
W4-00190,W4,n2-standard-4,Windows,2022Server,AMD64,Intel(R) Xeon(R) CPU @ 2.80GHz,intel,4,2,2800,17.2,3.14.6,CPython,1,spawn,2.5.3,mixed,mixed_json_roundtrip,2,661,0.0,ms,normal,200,683,4,4,1,1,1,0,0.00014004200001181742,0.5304106625863513,0.10012800920904802,0.029776781246709506,1.1128091979198311,0.0,0.014503200000035577,0.0011727999994946003,0.18947559999992336,0.021484200000031706,0.022487599999976737,0.00977100000000064,0.021484;0.021436;0.021548,0.022269;0.022488;0.022525,0.010083;0.009771;0.009517,,multiprocessing,2026-10-03T18:26:41+00:00
W4-00191,W4,n2-standard-4,Windows,2022Server,AMD64,Intel(R) Xeon(R) CPU @ 2.80GHz,intel,4,2,2800,17.2,3.14.6,CPython,1,spawn,2.5.3,tiny,tiny_small_loop,10,1873791,0.0,ms,big,106,1873813,4,4,0,0,0,0,6.538461303324976e-07,1.0,0.6710009839916895,1502.7312305231032,0.021264217684928564,0.8,0.02126659999998992,0.020462600000655584,0.18947559999992336,3.969999988839845e-05,0.0004983999999694788,0.4703672999999071,0.000050;0.000040;0.000022,0.000498,0.470367,,sequential,2026-10-03T18:26:43+00:00
W4-00192,W4,n2-standard-4,Windows,2022Server,AMD64,Intel(R) Xeon(R) CPU @ 2.80GHz,intel,4,2,2800,17.2,3.14.6,CPython,1,spawn,2.5.3,io,io_sleep,2695,18,0.3,seconds,normal,1170,38,4,4,0,1,1,0,0.003435219999983019,0.009424675872304118,0.1388539357482752,0.0013642988472154739,1.8245861985158234,5.3,0.08053380000001198,0.0008556000002499786,0.18947559999992336,3.887471900000037,0.9771763999999621,0.9760777999999846,3.887472;3.887919;3.883942,0.977342;0.975221;0.977176,0.979330;0.976078;0.975170,,multiprocessing,2026-10-03T18:27:01+00:00
W4-00193,W4,n2-standard-4,Windows,2022Server,AMD64,Intel(R) Xeon(R) CPU @ 2.80GHz,intel,4,2,2800,17.2,3.14.6,CPython,1,spawn,2.5.3,recursive,rec_nqueens,33,447,0.0,seconds,normal,274,469,4,2,1,10,0,0,0.004839036363633072,1.0,0.012445505094140042,0.0013019121002704704,0.9364217021068056,0.0,0.11135600000011436,0.0014137000000573607,0.1925560999998197,1.3316167000000405,1.393449000000146,0.7751757999999427,1.470312;1.324867;1.331617,1.381621;1.407226;1.393449,0.695391;0.775176;0.800255,,multiprocessing,2026-10-03T18:27:12+00:00
W4-00194,W4,n2-standard-4,Windows,2022Server,AMD64,Intel(R) Xeon(R) CPU @ 2.80GHz,intel,4,2,2800,17.2,3.14.6,CPython,1,spawn,2.5.3,recursive,rec_tree_sum,34442,171,0.0,ms,normal,8,191,4,2,0,4,0,0,0.02366843333318987,1.0,0.16456737837674248,0.0006407972386514307,1.047407992279612,0.0,0.14373939999995855,0.0010997000003953872,0.1925560999998197,0.1777828000001591,0.18724180000003798,0.09114130000011755,0.176355;0.177783;0.184430,0.183079;0.187242;0.190614,0.091141;0.089173;0.170977,,multiprocessing,2026-10-03T18:27:14+00:00
W4-00195,W4,n2-standard-4,Windows,2022Server,AMD64,Intel(R) Xeon(R) CPU @ 2.80GHz,intel,4,2,2800,17.2,3.14.6,CPython,1,spawn,2.5.3,big_result,result_sorted_pairs,7063,26,0.0,ms,normal,8,46,4,4,1,4,0,0,0.0029601999999613327,1.0,0.047828044663371476,0.7520775623107702,0.8796098890649678,0.0,0.026210300000002462,0.007506700000021738,0.18947559999992336,0.028517299999975876,0.031282200000077864,0.025007899999991423,0.030959;0.028088;0.028517,0.036911;0.031282;0.028945,0.025008;0.023247;0.025735,,multiprocessing,2026-10-03T18:27:15+00:00
W4-00196,W4,n2-standard-4,Windows,2022Server,AMD64,Intel(R) Xeon(R) CPU @ 2.80GHz,intel,4,2,2800,17.2,3.14.6,CPython,1,spawn,2.5.3,db,db_mem_group_by,103,1724034,0.8,ms,big,116,1724056,4,8,1,2,1,0,0.00022621724138875362,0.9560132903924938,0.29393680308640635,4.247974177890059,0.7855446393900934,0.8,0.035211899999922025,0.020388199999615608,0.35624269999993885,0.02610999999978958,0.03976480000005722,0.4343301999999767,0.026009;0.026110;0.026150,0.039641;0.039765;0.040189,0.434330,,sequential,2026-10-03T18:27:17+00:00
W4-00197,W4,n2-standard-4,Windows,2022Server,AMD64,Intel(R) Xeon(R) CPU @ 2.80GHz,intel,4,2,2800,17.2,3.14.6,CPython,1,spawn,2.5.3,cpu,cpu_matmul_lists,11,36,0.0,seconds,normal,57080,55,4,8,3,5,0,0,8.385740740719509e-05,1.0,0.023430922218311563,0.04770001975469808,0.9730044896795218,4.5,0.10350449999987177,0.0021581000000878703,0.35624269999993885,4.824857100000145,4.804600799999889,2.835835700000189,4.824857;4.791099;4.984220,4.786190;4.804601;4.819683,2.832179;2.842767;2.835836,,multiprocessing,2026-10-03T18:27:55+00:00
W4-00198,W4,n2-standard-4,Windows,2022Server,AMD64,Intel(R) Xeon(R) CPU @ 2.80GHz,intel,4,2,2800,17.2,3.14.6,CPython,1,spawn,2.5.3,gil_release,gil_zlib,5,156236,0.8,seconds,big,183,156258,4,4,1,1,0,1,0.02863829999993565,1.0,0.11589998722739873,0.001170926114054099,1.9513389963453922,0.0,0.1308444999999665,0.0008870000001479639,0.18947559999992336,3.7496053999998367,1.35314070000004,1.3915529999999308,3.749605;3.686952;3.752439,1.341398;1.353141;1.365814,1.391553;1.372495;1.412299,,threading,2026-10-03T18:28:15+00:00
W4-00199,W4,n2-standard-4,Windows,2022Server,AMD64,Intel(R) Xeon(R) CPU @ 2.80GHz,intel,4,2,2800,17.2,3.14.6,CPython,1,spawn,2.5.3,algo_rec,algo_lcs_memo,4,740,0.0,seconds,normal,786,762,4,4,1,10,0,0,0.011928880000050412,1.0,0.02479059697845721,0.0007561481095724686,0.9249641454924477,0.0,0.12512999999989916,0.0016069999996943807,0.18947559999992336,9.564982399999963,10.001005000000077,4.892513799999961,9.564982;10.503781;9.532576,10.001005;9.997080;10.207147,4.840126;5.093527;4.892514,,multiprocessing,2026-10-03T18:29:31+00:00
W4-00200,W4,n2-standard-4,Windows,2022Server,AMD64,Intel(R) Xeon(R) CPU @ 2.80GHz,intel,4,2,2800,17.2,3.14.6,CPython,1,spawn,2.5.3,db,db_file_commit,4,1328,0.3,ms,normal,8,1350,4,8,1,0,1,0,0.02222453333327697,0.27523708702653504,0.12018000950776382,0.0006299344818142868,1.420738252470766,0.0,0.11173549999989518,0.0003478000000995962,0.35624269999993885,0.15662300000008145,0.04359939999994822,0.044796200000064346,0.151025;0.163325;0.156623,0.043599;0.040956;0.044582,0.047339;0.044796;0.041401,,threading,2026-10-03T18:29:32+00:00
W4-00201,W4,n2-standard-4,Windows,2022Server,AMD64,Intel(R) Xeon(R) CPU @ 2.80GHz,intel,4,2,2800,17.2,3.14.6,CPython,1,spawn,2.5.3,algo_rec,algo_merge_sort,757,188564,0.0,ms,big,33,188587,4,4,1,10,0,0,0.0012719500000457629,1.0,0.02996326616005213,0.06991233929666761,0.8911493005158937,0.0,0.023779200000035416,0.0022277999996731523,0.18947559999992336,0.04392110000003413,0.044907899999998335,0.02900509999994938,0.043753;0.044264;0.043921,0.044779;0.045074;0.044908,0.029252;0.027668;0.029005,,multiprocessing,2026-10-03T18:29:33+00:00
W4-00202,W4,n2-standard-4,Windows,2022Server,AMD64,Intel(R) Xeon(R) CPU @ 2.80GHz,intel,4,2,2800,17.2,3.14.6,CPython,1,spawn,2.5.3,tiny,tiny_add,5,309,0.8,ms,normal,45471,331,4,2,0,1,0,0,1.3530000035189004e-07,1.0,0.4504202296012953,31.411677970254264,0.2627153325912035,0.0,0.005844599999818456,0.0036309999989043718,0.1925560999998197,0.004418400000076872,0.007333600000038132,0.047975599999972474,0.005053;0.004418;0.004306,0.007517;0.007128;0.007334,0.047976,,sequential,2026-10-03T18:29:34+00:00
W4-00203,W4,n2-standard-4,Windows,2022Server,AMD64,Intel(R) Xeon(R) CPU @ 2.80GHz,intel,4,2,2800,17.2,3.14.6,CPython,1,spawn,2.5.3,gil_release,gil_zlib,9,36709,0.0,ms,normal,8,36731,4,2,1,1,0,1,0.007778066666636126,1.0,0.010483117801767876,0.0027598974864622727,1.3385554213390833,0.0,0.041019799999958195,0.0003088000000843749,0.1925560999998197,0.06314959999986058,0.03339329999994334,0.04642879999983052,0.063973;0.063150;0.062402,0.033393;0.033823;0.032462,0.044766;0.046429;0.049198,,threading,2026-10-03T18:29:35+00:00
W4-00204,W4,n2-standard-4,Windows,2022Server,AMD64,Intel(R) Xeon(R) CPU @ 2.80GHz,intel,4,2,2800,17.2,3.14.6,CPython,1,spawn,2.5.3,numpy,np_elementwise,181114,169,0.3,ms,normal,8,191,4,4,0,4,0,0,0.007525099999990441,1.0,0.02592051547282799,0.0018205738068676224,1.0899429144666724,0.0,0.04398900000001049,0.0010096999999404943,0.18947559999992336,0.06274819999998726,0.030636700000059136,0.22324049999997442,0.062748;0.067452;0.062338,0.030938;0.030541;0.030637,0.223240,,threading,2026-10-03T18:29:36+00:00
W4-00205,W4,n2-standard-4,Windows,2022Server,AMD64,Intel(R) Xeon(R) CPU @ 2.80GHz,intel,4,2,2800,17.2,3.14.6,CPython,1,spawn,2.5.3,tiny,tiny_len,196,782896,0.3,seconds,big,255,782918,4,4,0,0,0,0,4.698412816478161e-07,1.0,0.3630145856326489,792.3739665901278,0.04870559531969015,0.0,0.008911899999930029,0.008195099999284139,0.18947559999992336,5.719999990105862e-05,0.0005188000000089232,0.5386905000000297,0.000083;0.000057;0.000021,0.000519,0.538691,,sequential,2026-10-03T18:29:38+00:00
W4-00206,W4,n2-standard-4,Windows,2022Server,AMD64,Intel(R) Xeon(R) CPU @ 2.80GHz,intel,4,2,2800,17.2,3.14.6,CPython,1,spawn,2.5.3,mixed,mixed_parse_lines,41,653,0.0,seconds,normal,1134,675,4,4,2,3,1,0,0.0019823730769198498,0.6159671158911446,0.057203173626218635,0.002401162554639068,1.3753907057764887,0.8,0.09006750000003194,0.0012002000003121793,0.18947559999992336,2.21658820000016,1.5242613000000347,0.9685572999999295,2.217346;2.215594;2.216588,1.524261;1.534629;1.522733,0.999722;0.968557;0.960221,,multiprocessing,2026-10-03T18:29:57+00:00
W4-00207,W4,n2-standard-4,Windows,2022Server,AMD64,Intel(R) Xeon(R) CPU @ 2.80GHz,intel,4,2,2800,17.2,3.14.6,CPython,1,spawn,2.5.3,gil_release,gil_numpy_matmul,669,69863,0.8,seconds,normal,105,69886,4,4,0,2,0,1,0.021150166666757286,1.0,0.6575313486450509,0.0016185845670240462,1.322393426940114,0.0,0.12280310000005557,0.0011755999998968036,0.18947559999992336,1.9349646000000575,0.9850965000000542,0.98329630000012,1.915854;1.969059;1.934965,0.985097;1.017466;0.983079,0.981422;0.987325;0.983296,,multiprocessing,2026-10-03T18:30:10+00:00
W4-00208,W4,n2-standard-4,Windows,2022Server,AMD64,Intel(R) Xeon(R) CPU @ 2.80GHz,intel,4,2,2800,17.2,3.14.6,CPython,1,spawn,2.5.3,tiny,tiny_small_loop,21,92,0.8,seconds,normal,200000,111,4,2,0,0,0,0,3.708500023549277e-07,1.0,0.4304734786291454,11.096130383388944,0.48780740897553126,0.8,0.006385899999941103,0.0031863999952292943,0.1925560999998197,0.06437000000005355,0.070761100000027,0.1334391999998843,0.064370;0.067642;0.063180,0.070298;0.070761;0.072217,0.133439;0.146515;0.132593,,sequential,2026-10-03T18:30:11+00:00
W4-00209,W4,n2-standard-4,Windows,2022Server,AMD64,Intel(R) Xeon(R) CPU @ 2.80GHz,intel,4,2,2800,17.2,3.14.6,CPython,1,spawn,2.5.3,recursive,rec_nqueens,57,165692,0.3,ms,big,8,165714,4,4,1,10,0,0,0.0077846666666422,1.0,0.11231974315993311,0.006088892705974795,0.7001017452684611,0.0,0.0545423999999457,0.0003518999999414518,0.18947559999992336,0.07235480000008465,0.0722592000001896,0.042870400000083464,0.068567;0.072662;0.072355,0.075374;0.072259;0.071690,0.044128;0.042684;0.042870,,multiprocessing,2026-10-03T18:30:13+00:00
W4-00210,W4,n2-standard-4,Windows,2022Server,AMD64,Intel(R) Xeon(R) CPU @ 2.80GHz,intel,4,2,2800,17.2,3.14.6,CPython,1,spawn,2.5.3,algo_iter,algo_edit_distance,1812,454707,0.0,ms,big,349,454730,4,8,2,16,0,0,0.0006627578947556781,1.0,0.0260898602016383,0.14382325849039915,0.9470711146167082,0.0,0.10605129999999008,0.002412599998706355,0.35624269999993885,0.2378177999999025,0.2444909999999254,0.45508170000016435,0.229415;0.237818;0.244683,0.241364;0.250092;0.244491,0.478371;0.455082;0.445713,,sequential,2026-10-03T18:30:16+00:00
W4-00211,W4,n2-standard-4,Windows,2022Server,AMD64,Intel(R) Xeon(R) CPU @ 2.80GHz,intel,4,2,2800,17.2,3.14.6,CPython,1,spawn,2.5.3,io,io_file_roundtrip,3,1465438,0.0,seconds,big,11,1465460,4,8,1,0,1,0,0.04211916666668003,0.17681926308286774,0.036885105011027,0.023296598934226514,1.533549724810686,1.6,0.2116572999998425,0.004145799999832889,0.35624269999993885,0.42532039999991866,0.3021051999999145,0.1901101999999355,0.443319;0.423760;0.425320,0.302105;0.302213;0.300325,0.186230;0.190110;0.300357,,multiprocessing,2026-10-03T18:30:20+00:00
W4-00212,W4,n2-standard-4,Windows,2022Server,AMD64,Intel(R) Xeon(R) CPU @ 2.80GHz,intel,4,2,2800,17.2,3.14.6,CPython,1,spawn,2.5.3,gil_release,gil_bz2,11,300000,0.8,ms,big,11,300022,4,2,0,1,0,1,0.0023795666666804514,1.0,0.21829329753890533,0.040287447307038954,1.2770979527952442,0.0,0.013393699999824094,0.0010125999997399049,0.1925560999998197,0.0241088000000218,0.013733100000081322,0.02529410000011012,0.023933;0.025300;0.024109,0.013071;0.013733;0.013919,0.026093;0.025146;0.025294,,threading,2026-10-03T18:30:21+00:00
W4-00213,W4,n2-standard-4,Windows,2022Server,AMD64,Intel(R) Xeon(R) CPU @ 2.80GHz,intel,4,2,2800,17.2,3.14.6,CPython,1,spawn,2.5.3,gil_release,gil_zlib,2,6106,0.8,ms,normal,26,6128,4,2,1,1,0,1,0.00031263333331329096,1.0,0.2357930600964678,0.028681096031468803,1.0870189171172677,0.0,0.004063100000166742,0.00028190000011818483,0.1925560999998197,0.007170699999960561,0.004231199999821911,0.004938799999990806,0.007347;0.007171;0.007152,0.004354;0.004231;0.004106,0.005772;0.004828;0.004939,,threading,2026-10-03T18:30:21+00:00
W4-00214,W4,n2-standard-4,Windows,2022Server,AMD64,Intel(R) Xeon(R) CPU @ 2.80GHz,intel,4,2,2800,17.2,3.14.6,CPython,1,spawn,2.5.3,tiny,tiny_small_loop,7,23,0.3,ms,normal,26918,42,4,2,0,0,0,0,2.9974999858950466e-07,1.0,0.33135075947662895,14.145121033228648,0.49970505102041146,0.0,0.0058108000000629545,0.0030851000030907016,0.1925560999998197,0.005443699999887031,0.007673699999941164,0.01200210000001789,0.005614;0.005444;0.005440,0.007985;0.007674;0.007629,0.012070;0.011825;0.012002,,sequential,2026-10-03T18:30:22+00:00
W4-00215,W4,n2-standard-4,Windows,2022Server,AMD64,Intel(R) Xeon(R) CPU @ 2.80GHz,intel,4,2,2800,17.2,3.14.6,CPython,1,spawn,2.5.3,mixed,mixed_hash_then_write,11048,13315,0.8,ms,normal,268,13338,4,4,1,3,1,0,0.0007447955223793923,1.0,0.3185483683419215,0.008989044406717139,0.8827637420872585,0.0,0.10804920000009588,0.0013794000008147123,0.18947559999992336,0.21669280000014624,0.21608710000009523,0.12353380000013203,0.216362;0.216693;0.221052,0.216087;0.233401;0.214536,0.127121;0.123534;0.118879,,multiprocessing,2026-10-03T18:30:24+00:00
W4-00216,W4,n2-standard-4,Windows,2022Server,AMD64,Intel(R) Xeon(R) CPU @ 2.80GHz,intel,4,2,2800,17.2,3.14.6,CPython,1,spawn,2.5.3,gil_release,gil_numpy_matmul,35,1042,0.0,ms,normal,2737,1064,4,8,0,2,0,1,1.5234649123152987e-05,1.0,0.21126316836536735,0.3318094146708661,0.37465881323975686,0.0,0.040116599999919345,0.0016972999997051375,0.35624269999993885,0.040199500000198896,0.21321369999986928,0.027804599999853963,0.042532;0.040054;0.040200,0.213214,0.028455;0.027805;0.027389,,multiprocessing,2026-10-03T18:30:25+00:00
W4-00217,W4,n2-standard-4,Windows,2022Server,AMD64,Intel(R) Xeon(R) CPU @ 2.80GHz,intel,4,2,2800,17.2,3.14.6,CPython,1,spawn,2.5.3,algo_iter,algo_kmeans,466,1345,0.0,ms,normal,8,1368,4,8,3,15,0,0,0.011982233333355907,1.0,0.008426106053512348,0.0011572689574096072,0.9396041360638583,0.0,0.07604710000009618,0.001706000000012864,0.35624269999993885,0.09989400000017667,0.09931349999988015,0.05268660000001546,0.103185;0.096879;0.099894,0.098964;0.099313;0.099889,0.053006;0.052599;0.052687,,multiprocessing,2026-10-03T18:30:27+00:00
W4-00218,W4,n2-standard-4,Windows,2022Server,AMD64,Intel(R) Xeon(R) CPU @ 2.80GHz,intel,4,2,2800,17.2,3.14.6,CPython,1,spawn,2.5.3,tiny,tiny_dict_lookup,614,160,0.8,seconds,normal,192706,179.85,4,4,0,1,0,0,3.0785000080868485e-07,1.0,0.9259372395131684,14.308916656341603,0.4757151208957036,0.0,0.00641170000017155,0.003603799998472823,0.18947559999992336,0.04395599999998012,0.05284469999992325,0.15826859999992848,0.043956;0.044917;0.043148,0.054378;0.052523;0.052845,0.177290;0.157331;0.158269,,sequential,2026-10-03T18:30:28+00:00
W4-00219,W4,n2-standard-4,Windows,2022Server,AMD64,Intel(R) Xeon(R) CPU @ 2.80GHz,intel,4,2,2800,17.2,3.14.6,CPython,1,spawn,2.5.3,db,db_mem_insert_select,48,478,0.8,seconds,normal,3900,500,4,8,1,1,1,0,0.00012284395061832595,1.0,0.1750612629980489,0.03174759525910015,0.8561775269522449,0.0,0.10972790000005261,0.0018281999996361264,0.35624269999993885,0.4783780000000206,0.7207041000001482,0.2515831000000617,0.478378;0.501960;0.472384,0.723031;0.720704;0.703097,0.251583;0.253050;0.247655,,multiprocessing,2026-10-03T18:30:33+00:00
W4-00220,W4,n2-standard-4,Windows,2022Server,AMD64,Intel(R) Xeon(R) CPU @ 2.80GHz,intel,4,2,2800,17.2,3.14.6,CPython,1,spawn,2.5.3,mixed,mixed_json_roundtrip,4,1231447,0.3,ms,big,162,1231469,4,8,1,1,1,0,0.00019153500002744295,0.6994210774742242,0.15901068887837894,4.317357140380242,1.0255022981652868,0.8,0.032192699999995966,0.017030899998871973,0.35624269999993885,0.027874699999983932,0.028719700000010562,0.4674689999999373,0.027099;0.027875;0.029010,0.029775;0.028165;0.028720,0.467469,,sequential,2026-10-03T18:30:35+00:00
W4-00221,W4,n2-standard-4,Windows,2022Server,AMD64,Intel(R) Xeon(R) CPU @ 2.80GHz,intel,4,2,2800,17.2,3.14.6,CPython,1,spawn,2.5.3,numpy,np_sort,30427,3598,0.8,ms,normal,37,3621,4,4,0,3,0,1,0.0015008333333652343,1.0,0.37911638877002113,0.005263742366259198,1.770318529066235,5.3,0.022213500000134445,0.00105249999978696,0.18947559999992336,0.052640999999994165,0.02610980000008567,0.03009099999985665,0.052641;0.050180;0.052814,0.026110;0.026905;0.025647,0.030091;0.030905;0.028702,,threading,2026-10-03T18:30:36+00:00
W4-00222,W4,n2-standard-4,Windows,2022Server,AMD64,Intel(R) Xeon(R) CPU @ 2.80GHz,intel,4,2,2800,17.2,3.14.6,CPython,1,spawn,2.5.3,big_payload,big_upper_copy,10,106847,0.3,seconds,big,1871,106869,4,8,0,0,0,0,7.692526766811892e-05,1.0,0.1750447023014138,0.47143157385036527,0.9364491619027852,0.0,0.07690129999991768,0.002293299998882503,0.35624269999993885,0.16957320000005893,0.18419429999994463,0.8655933000000005,0.158601;0.169573;0.188185,0.184760;0.171679;0.184194,0.865593,,sequential,2026-10-03T18:30:39+00:00
W4-00223,W4,n2-standard-4,Windows,2022Server,AMD64,Intel(R) Xeon(R) CPU @ 2.80GHz,intel,4,2,2800,17.2,3.14.6,CPython,1,spawn,2.5.3,tiny,tiny_dict_lookup,3,100,0.3,seconds,normal,200000,119,4,8,0,1,0,0,2.621999966549993e-07,1.0,0.6600459082389483,15.369946637179739,0.41519524849040895,0.0,0.0057118999998238,0.0030069000065395812,0.35624269999993885,0.036650500000178,0.048108699999829696,0.10098450000009507,0.038659;0.036435;0.036651,0.048120;0.047995;0.048109,0.104668;0.094597;0.100985,,sequential,2026-10-03T18:30:40+00:00
W4-00224,W4,n2-standard-4,Windows,2022Server,AMD64,Intel(R) Xeon(R) CPU @ 2.80GHz,intel,4,2,2800,17.2,3.14.6,CPython,1,spawn,2.5.3,cpu,cpu_collatz,34,260,0.0,seconds,normal,98588,282,4,8,2,5,0,0,4.280508620969817e-05,1.0,0.03756055512770236,0.10582854547342886,0.9858104511037625,0.0,0.1034273000000212,0.00277779999669292,0.35624269999993885,4.331080499999871,4.528743599999871,2.3774422999999842,4.331080;4.432566;4.225130,4.166665;4.558430;4.528744,2.377442;2.432440;2.357952,,multiprocessing,2026-10-03T18:31:14+00:00
W4-00225,W4,n2-standard-4,Windows,2022Server,AMD64,Intel(R) Xeon(R) CPU @ 2.80GHz,intel,4,2,2800,17.2,3.14.6,CPython,1,spawn,2.5.3,mixed,mixed_json_roundtrip,38,1146,0.3,ms,normal,8,1168,4,4,1,1,1,0,0.0020495333333201415,0.6299042770674954,0.08193274800847804,0.00538333931462629,1.2300439574499988,0.0,0.011197900000070149,0.00027670000008583884,0.18947559999992336,0.015002999999978783,0.010395900000048641,0.006414699999822915,0.015939;0.015003;0.014910,0.010572;0.010369;0.010396,0.006615;0.006415;0.006342,,multiprocessing,2026-10-03T18:31:15+00:00
W4-00226,W4,n2-standard-4,Windows,2022Server,AMD64,Intel(R) Xeon(R) CPU @ 2.80GHz,intel,4,2,2800,17.2,3.14.6,CPython,1,spawn,2.5.3,numpy,np_elementwise,6330,5177,0.8,ms,normal,140,5200,4,4,0,4,0,0,0.00021082857140624712,1.0,0.4239006008316569,0.02727334323243727,1.3421745259893367,2.3,0.013313700000026074,0.000464100000954204,0.18947559999992336,0.029582699999991746,0.018959700000095836,0.015772200000128578,0.027779;0.029583;0.029603,0.019296;0.018430;0.018960,0.016011;0.015089;0.015772,,multiprocessing,2026-10-03T18:31:16+00:00
W4-00227,W4,n2-standard-4,Windows,2022Server,AMD64,Intel(R) Xeon(R) CPU @ 2.80GHz,intel,4,2,2800,17.2,3.14.6,CPython,1,spawn,2.5.3,text,text_format_report,13620,288,0.0,seconds,normal,53,311,4,8,1,2,0,0,0.01943206666669539,1.0,0.008815879457341072,0.0007015894677660468,0.9897139646074942,0.0,0.11845939999989241,0.0010036999999556429,0.35624269999993885,1.0165110999998888,1.0454924000000574,0.5231484000000819,1.010637;1.016511;1.026938,1.045492;1.042360;1.052946,0.523148;0.523836;0.523042,,multiprocessing,2026-10-03T18:31:24+00:00
W4-00228,W4,n2-standard-4,Windows,2022Server,AMD64,Intel(R) Xeon(R) CPU @ 2.80GHz,intel,4,2,2800,17.2,3.14.6,CPython,1,spawn,2.5.3,mixed,mixed_parse_lines,44,7015,0.8,ms,normal,8,7037,4,4,2,3,1,0,0.021440633333365138,0.9400230627451398,0.1282632538738354,0.0006327549333081393,1.3191243253442206,0.0,0.10904420000019854,0.00026130000014745747,0.18947559999992336,0.13885770000001685,0.13393329999985326,0.09332070000004933,0.138858;0.139931;0.136910,0.135223;0.133916;0.133933,0.091962;0.093321;0.098171,,multiprocessing,2026-10-03T18:31:26+00:00
W4-00229,W4,n2-standard-4,Windows,2022Server,AMD64,Intel(R) Xeon(R) CPU @ 2.80GHz,intel,4,2,2800,17.2,3.14.6,CPython,1,spawn,2.5.3,io,io_file_roundtrip,2,21693,0.8,ms,normal,8,21715,4,2,1,0,1,0,0.008322199999914423,0.11014199535653976,0.017616963215969395,0.00200267557863906,0.6031141718876022,0.0,0.06701099999986582,0.0003272999999808235,0.1925560999998197,0.11190960000021732,0.06795859999988352,0.0695698000001812,0.111910;0.114157;0.110175,0.067959;0.070275;0.064752,0.075633;0.069570;0.066735,,threading,2026-10-03T18:31:27+00:00
W4-00230,W4,n2-standard-4,Windows,2022Server,AMD64,Intel(R) Xeon(R) CPU @ 2.80GHz,intel,4,2,2800,17.2,3.14.6,CPython,1,spawn,2.5.3,mixed,mixed_hash_then_write,216,2195,0.3,seconds,normal,3121,2217.15,4,2,1,3,1,0,0.00023997101448991958,1.0,0.1332280879709292,0.023440331076597973,1.2003297014907257,0.0,0.0921243999998751,0.0010640000004968897,0.1925560999998197,0.816117899999881,0.640826000000061,0.5437884000000395,0.762989;0.816118;0.858452,0.704025;0.640826;0.608409,0.547637;0.543788;0.543495,,multiprocessing,2026-10-03T18:31:34+00:00
W4-00231,W4,n2-standard-4,Windows,2022Server,AMD64,Intel(R) Xeon(R) CPU @ 2.80GHz,intel,4,2,2800,17.2,3.14.6,CPython,1,spawn,2.5.3,numpy,np_elementwise,9412,1257648,0.0,seconds,big,159,1257671,4,8,0,4,0,0,0.005500530000017534,1.0,0.01694436804495702,0.1530961561771106,1.523730999626525,0.8,0.09985360000018773,0.008827299999893512,0.35624269999993885,0.9119341000000531,0.4386952999998357,0.6537762000000384,0.911934;0.963144;0.889753,0.425837;0.438695;0.443018,0.627817;0.653776;0.696699,,threading,2026-10-03T18:31:41+00:00
W4-00232,W4,n2-standard-4,Windows,2022Server,AMD64,Intel(R) Xeon(R) CPU @ 2.80GHz,intel,4,2,2800,17.2,3.14.6,CPython,1,spawn,2.5.3,algo_iter,algo_game_of_life,8,32,0.3,seconds,normal,25,51,4,8,5,9,0,0,0.010100739999961661,1.0,0.12551893529977515,0.004789748073217327,0.9964509996545726,11.4,0.1054457000000184,0.0016397000001688866,0.35624269999993885,0.25393420000000333,0.26051810000012665,0.1421020000000226,0.252185;0.258045;0.253934,0.258107;0.260518;0.260549,0.142102;0.142055;0.144495,,multiprocessing,2026-10-03T18:31:44+00:00
W4-00233,W4,n2-standard-4,Windows,2022Server,AMD64,Intel(R) Xeon(R) CPU @ 2.80GHz,intel,4,2,2800,17.2,3.14.6,CPython,1,spawn,2.5.3,gil_release,gil_numpy_matmul,126,36424,0.0,ms,normal,101,36446,4,2,0,2,0,1,0.00016507599998476507,1.0,0.37295445755663226,0.06772638059053768,1.0661603662843322,0.0,0.008417400000098496,0.0006141000005754904,0.1925560999998197,0.016013999999813677,0.009752899999966758,0.10741109999980836,0.016014;0.016492;0.015645,0.009753;0.009761;0.009666,0.107411,,threading,2026-10-03T18:31:45+00:00
W4-00234,W4,n2-standard-4,Windows,2022Server,AMD64,Intel(R) Xeon(R) CPU @ 2.80GHz,intel,4,2,2800,17.2,3.14.6,CPython,1,spawn,2.5.3,io,io_file_roundtrip,1,285,0.8,seconds,normal,146,307,4,2,1,0,1,0,0.011029220000045825,0.1155034402134119,0.10409321092721893,0.0007072122963375335,1.8939469468614878,0.0,0.08514750000017557,0.0003394000000298547,0.1925560999998197,0.5395212000000811,0.28074249999986023,0.2795469000000139,1.240035;0.539521;0.524742,0.280742;0.271850;0.294478,0.279547;0.285007;0.278916,,multiprocessing,2026-10-03T18:31:49+00:00
W4-00235,W4,n2-standard-4,Windows,2022Server,AMD64,Intel(R) Xeon(R) CPU @ 2.80GHz,intel,4,2,2800,17.2,3.14.6,CPython,1,spawn,2.5.3,big_result,result_matrix_lists,18,562,0.0,ms,normal,788,584,4,2,2,5,0,0,3.722791877504823e-05,1.0,0.27986203486145866,0.5099667295484075,0.8292310976630218,0.0,0.017898400000149195,0.0015618000015820144,0.1925560999998197,0.0323319999999967,0.03251529999988634,0.03746569999998428,0.029855;0.032332;0.033646,0.032598;0.032480;0.032515,0.125155;0.037466;0.034720,,sequential,2026-10-03T18:31:50+00:00
W4-00236,W4,n2-standard-4,Windows,2022Server,AMD64,Intel(R) Xeon(R) CPU @ 2.80GHz,intel,4,2,2800,17.2,3.14.6,CPython,1,spawn,2.5.3,algo_rec,algo_merge_sort,669,18,0.0,ms,normal,161,38,4,8,1,10,0,0,0.0010766574999934164,1.0,0.022459020565812594,0.039692288401650365,0.9326848860556528,0.0,0.09044190000008712,0.0012344000003849942,0.35624269999993885,0.1838427000000138,0.18856379999988349,0.1078882000001613,0.176475;0.186699;0.183843,0.187217;0.188564;0.189280,0.108918;0.107888;0.107208,,multiprocessing,2026-10-03T18:31:52+00:00
W4-00237,W4,n2-standard-4,Windows,2022Server,AMD64,Intel(R) Xeon(R) CPU @ 2.80GHz,intel,4,2,2800,17.2,3.14.6,CPython,1,spawn,2.5.3,mixed,mixed_hash_then_write,3579,19442,0.3,ms,normal,21,19465,4,4,1,3,1,0,0.0006243199999971694,0.9409916345306143,0.1925401962325324,0.024538698121816353,0.8884522459994278,0.0,0.006874300000163203,0.00031820000003790483,0.18947559999992336,0.009108799999921757,0.010013699999944947,0.006962500000099681,0.009109;0.009530;0.009052,0.009513;0.010189;0.010014,0.007663;0.006963;0.006768,,multiprocessing,2026-10-03T18:31:53+00:00
W4-00238,W4,n2-standard-4,Windows,2022Server,AMD64,Intel(R) Xeon(R) CPU @ 2.80GHz,intel,4,2,2800,17.2,3.14.6,CPython,1,spawn,2.5.3,algo_rec,algo_lcs_memo,1,414,0.3,ms,normal,50,436,4,2,1,10,0,0,0.0031972833333308395,1.0,0.08019081860104307,0.0017045721058032216,0.9237534109580159,0.0,0.08029489999989892,0.000396499999851585,0.1925560999998197,0.1637054000000262,0.16188590000001568,0.09264290000010078,0.163705;0.167602;0.162462,0.161886;0.164673;0.160628,0.092168;0.169666;0.092643,,multiprocessing,2026-10-03T18:31:55+00:00
W4-00239,W4,n2-standard-4,Windows,2022Server,AMD64,Intel(R) Xeon(R) CPU @ 2.80GHz,intel,4,2,2800,17.2,3.14.6,CPython,1,spawn,2.5.3,big_result,result_long_string,16165,32,0.0,ms,normal,50,52,4,2,1,1,0,0,0.0033392833333323324,1.0,0.008245718709607323,0.028633888515597943,0.9231220371709962,0.0,0.08554090000006909,0.0020372000001316337,0.1925560999998197,0.16831789999991997,0.17473259999997026,0.17206639999994877,0.168318;0.175758;0.164855,0.177681;0.174733;0.172355,0.187485;0.144195;0.172066,,sequential,2026-10-03T18:31:57+00:00
W4-00240,W4,n2-standard-4,Windows,2022Server,AMD64,Intel(R) Xeon(R) CPU @ 2.80GHz,intel,4,2,2800,17.2,3.14.6,CPython,1,spawn,2.5.3,recursive,rec_nqueens,53,489,0.0,seconds,normal,190,511,4,8,1,10,0,0,0.007777471428588407,1.0,0.008344920651125751,0.0009551396508569945,0.9337524416508819,2.3,0.11294909999992342,0.0003033999996659986,0.35624269999993885,1.537645399999974,1.5467413000001216,0.8269666000001052,1.473296;1.537645;1.557375,1.546741;1.542967;1.585076,0.826498;0.826967;0.829223,,multiprocessing,2026-10-03T18:32:09+00:00
W4-00241,W4,n2-standard-4,Windows,2022Server,AMD64,Intel(R) Xeon(R) CPU @ 2.80GHz,intel,4,2,2800,17.2,3.14.6,CPython,1,spawn,2.5.3,big_result,result_long_string,143,129,0.0,ms,normal,181,148,4,2,1,1,0,0,3.19600000087424e-05,1.0,0.19813626385424296,0.16864830966705532,0.6095081678513197,0.0,0.004269499999963955,0.00043639999944389274,0.1925560999998197,0.0056188000000929605,0.006270699999959106,0.007029899999906775,0.005612;0.005629;0.005619,0.006271;0.006206;0.006273,0.007489;0.006301;0.007030,,sequential,2026-10-03T18:32:10+00:00
W4-00242,W4,n2-standard-4,Windows,2022Server,AMD64,Intel(R) Xeon(R) CPU @ 2.80GHz,intel,4,2,2800,17.2,3.14.6,CPython,1,spawn,2.5.3,big_result,result_matrix_lists,11,56,0.0,seconds,normal,88220,75,4,4,2,5,0,0,3.642600806608881e-05,0.9464697530840018,24.939520893241767,0.3529071855816068,2.241025376051557,0.0,0.10964170000011109,0.004031699996858151,0.18947559999992336,1.7047225999999682,1.6338382000001275,1.2596387999999479,1.704723;1.570544;1.732978,1.726079;1.633838;1.627985,1.259639;1.248588;1.343413,,multiprocessing,2026-10-03T18:32:24+00:00
W4-00243,W4,n2-standard-4,Windows,2022Server,AMD64,Intel(R) Xeon(R) CPU @ 2.80GHz,intel,4,2,2800,17.2,3.14.6,CPython,1,spawn,2.5.3,cpu,cpu_matmul_lists,12,254574,0.0,seconds,big,785,254596,4,8,3,5,0,0,0.00010527908163302694,1.0,0.021655850666117506,0.4412557485435287,0.9442675436744049,0.8,0.044191600000203834,0.0015378000000509928,0.35624269999993885,0.08701510000014423,0.0852365999999165,0.5488900999998805,0.082466;0.090767;0.087015,0.093282;0.085237;0.082898,0.548890,,threading,2026-10-03T18:32:27+00:00
W4-00244,W4,n2-standard-4,Windows,2022Server,AMD64,Intel(R) Xeon(R) CPU @ 2.80GHz,intel,4,2,2800,17.2,3.14.6,CPython,1,spawn,2.5.3,tiny,tiny_len,13,749136,0.0,ms,big,266,749158,4,8,0,0,0,0,4.5757575194191746e-07,1.0,0.5203208114739549,780.7668970765113,0.04420806781643946,0.0,0.008334999999988213,0.007552600000281018,0.35624269999993885,6.12999999702879e-05,0.0006620999999995547,0.5817107000000306,0.000081;0.000061;0.000022,0.000662,0.581711,,sequential,2026-10-03T18:32:28+00:00
W4-00245,W4,n2-standard-4,Windows,2022Server,AMD64,Intel(R) Xeon(R) CPU @ 2.80GHz,intel,4,2,2800,17.2,3.14.6,CPython,1,spawn,2.5.3,text,text_format_report,8156,1275,0.0,ms,normal,8,1298,4,8,1,2,0,0,0.01163653333333059,1.0,0.00763493887989583,0.0011859202081983499,0.9591140268083136,0.0,0.07148869999991803,0.00028859999997621344,0.35624269999993885,0.09321230000000469,0.09623439999995753,0.048822199999904115,0.093049;0.093212;0.094213,0.096234;0.095448;0.096759,0.049231;0.048822;0.047806,,multiprocessing,2026-10-03T18:32:30+00:00
W4-00246,W4,n2-standard-4,Windows,2022Server,AMD64,Intel(R) Xeon(R) CPU @ 2.80GHz,intel,4,2,2800,17.2,3.14.6,CPython,1,spawn,2.5.3,recursive,rec_quicksort,1806,1835108,0.8,seconds,big,108,1835131,4,4,1,8,0,0,0.003025588235258885,1.0,0.30167937179332477,0.3257762224203831,1.2166705554310824,0.0,0.11117800000010902,0.018186000000696367,0.18947559999992336,0.2833071000000018,0.28215829999999187,0.5030970000000252,0.273301;0.293012;0.283307,0.282116;0.288489;0.282158,0.503097;0.500571;0.550625,,threading,2026-10-03T18:32:34+00:00
W4-00247,W4,n2-standard-4,Windows,2022Server,AMD64,Intel(R) Xeon(R) CPU @ 2.80GHz,intel,4,2,2800,17.2,3.14.6,CPython,1,spawn,2.5.3,big_result,result_matrix_lists,137,352,0.8,seconds,normal,375,374,4,8,2,5,0,0,0.0027503894736798287,1.0,0.636591685696208,0.2790609559632305,1.1161681043841416,0.0,0.11580770000000484,0.014959300000100484,0.35624269999993885,1.0241476999999577,1.057655400000158,0.7869237999998404,1.102999;1.020747;1.024148,1.057655;1.056362;1.062773,0.784863;0.786924;0.803874,,multiprocessing,2026-10-03T18:32:44+00:00
W4-00248,W4,n2-standard-4,Windows,2022Server,AMD64,Intel(R) Xeon(R) CPU @ 2.80GHz,intel,4,2,2800,17.2,3.14.6,CPython,1,spawn,2.5.3,text,text_regex_findall,10,245,0.0,ms,normal,339,264,4,8,1,1,0,0,0.00011381071429165483,1.0,0.052484286746913064,0.034267424092397435,0.8714060153939224,0.0,0.021600199999966208,0.0009863999994195183,0.35624269999993885,0.04014359999996486,0.04104759999995622,0.028437200000098528,0.038637;0.040144;0.040291,0.041048;0.041613;0.040765,0.028705;0.028035;0.028437,,multiprocessing,2026-10-03T18:32:46+00:00
W4-00249,W4,n2-standard-4,Windows,2022Server,AMD64,Intel(R) Xeon(R) CPU @ 2.80GHz,intel,4,2,2800,17.2,3.14.6,CPython,1,spawn,2.5.3,algo_iter,algo_edit_distance,250,812849,0.8,ms,big,10,812872,4,8,2,16,0,0,0.0010205666665873043,1.0,0.022142729614236974,0.40438318581370314,0.7739996917176637,0.0,0.008554100000083054,0.0015302000001611304,0.35624269999993885,0.010322399999949994,0.010908599999993385,0.013716100000010556,0.010322;0.010342;0.010225,0.011117;0.010835;0.010909,0.013716;0.014028;0.013322,,sequential,2026-10-03T18:32:47+00:00
W4-00250,W4,n2-standard-4,Windows,2022Server,AMD64,Intel(R) Xeon(R) CPU @ 2.80GHz,intel,4,2,2800,17.2,3.14.6,CPython,1,spawn,2.5.3,algo_iter,algo_kmeans,379,1269,0.3,ms,normal,8,1292,4,8,3,15,0,0,0.009124399999943003,1.0,0.11973521729590066,0.0014284044282288464,0.6665656186892374,0.0,0.06528339999999844,0.00023920000012367382,0.35624269999993885,0.07991089999995893,0.0831577000001289,0.043143799999825205,0.079911;0.083471;0.079272,0.083158;0.084095;0.081672,0.043135;0.043144;0.045328,,multiprocessing,2026-10-03T18:32:48+00:00
W4-00251,W4,n2-standard-4,Windows,2022Server,AMD64,Intel(R) Xeon(R) CPU @ 2.80GHz,intel,4,2,2800,17.2,3.14.6,CPython,1,spawn,2.5.3,recursive,rec_quicksort,187,211496,0.0,seconds,big,945,211518,4,4,1,8,0,0,0.0001881830508446232,1.0,0.06186341671992777,0.20939717906888392,0.9488258586742294,0.8,0.09284639999987121,0.0014980000005380134,0.18947559999992336,0.17826830000012706,0.1829430999998749,0.6254638000000341,0.184611;0.176187;0.178268,0.183864;0.182943;0.181226,0.620763;0.644675;0.625464,,sequential,2026-10-03T18:32:52+00:00
W4-00252,W4,n2-standard-4,Windows,2022Server,AMD64,Intel(R) Xeon(R) CPU @ 2.80GHz,intel,4,2,2800,17.2,3.14.6,CPython,1,spawn,2.5.3,big_result,result_long_string,35739,206111,0.8,seconds,big,8,206134,4,8,1,1,0,0,0.18101903333338973,1.0,0.10258123601318685,0.005563135073766853,1.2032837247662995,1.5,0.9717854000000443,0.0033086999997067323,0.35624269999993885,1.3875738000001547,1.379642899999908,0.7265234000001328,1.387574;1.388035;1.363004,1.377942;1.382982;1.379643,0.727282;0.726523;0.716254,,multiprocessing,2026-10-03T18:33:05+00:00
W4-00253,W4,n2-standard-4,Windows,2022Server,AMD64,Intel(R) Xeon(R) CPU @ 2.80GHz,intel,4,2,2800,17.2,3.14.6,CPython,1,spawn,2.5.3,big_payload,big_reverse,5,270812,0.3,seconds,big,738,270834,4,2,0,0,0,0,0.0001849413043470102,1.0,0.12739324364303017,0.5124598874670016,0.9295252289014037,0.0,0.0739011999999093,0.003087699999923643,0.1925560999998197,0.18841410000004544,0.21121900000002825,0.9475804999999582,0.160503;0.191536;0.188414,0.277408;0.211219;0.172144,0.947580,,sequential,2026-10-03T18:33:08+00:00
W4-00254,W4,n2-standard-4,Windows,2022Server,AMD64,Intel(R) Xeon(R) CPU @ 2.80GHz,intel,4,2,2800,17.2,3.14.6,CPython,1,spawn,2.5.3,algo_iter,algo_edit_distance,858,54,0.3,ms,normal,273,74,4,8,2,16,0,0,0.0001398911764654793,1.0,0.17417272893155347,0.02795029765003448,0.8482027797223143,21.1,0.021354700000074445,0.0005267000005915179,0.35624269999993885,0.04412790000014866,0.04735230000005686,0.028612600000087696,0.044129;0.039577;0.044128,0.047352;0.048019;0.046630,0.028613;0.027403;0.029263,,multiprocessing,2026-10-03T18:33:09+00:00
W4-00255,W4,n2-standard-4,Windows,2022Server,AMD64,Intel(R) Xeon(R) CPU @ 2.80GHz,intel,4,2,2800,17.2,3.14.6,CPython,1,spawn,2.5.3,mixed,mixed_compute_then_sleep,30051,219,0.0,seconds,normal,1407,239,4,4,1,3,1,0,0.0027411526315470262,0.5240080431915554,0.08439524631398151,0.0023328641869200806,1.7484814445075578,25.8,0.08298930000000837,0.00105790000043271,0.18947559999992336,3.4605185000000347,2.1040514999999687,1.5224926000000778,3.832334;3.460519;3.459735,2.151652;2.104051;2.091910,1.475855;1.522493;1.548187,,multiprocessing,2026-10-03T18:33:32+00:00
W4-00256,W4,n2-standard-4,Windows,2022Server,AMD64,Intel(R) Xeon(R) CPU @ 2.80GHz,intel,4,2,2800,17.2,3.14.6,CPython,1,spawn,2.5.3,cpu,cpu_count_primes,422,407547,0.0,ms,big,490,407570,4,8,2,4,0,0,9.418688527610536e-05,1.0,0.0250109439278596,0.9997145542077942,0.9172811851319637,0.0,0.0265279999998711,0.002368499996009632,0.35624269999993885,0.04823630000009871,0.04653799999960029,0.5292904999996608,0.046076;0.048236;0.048317,0.046054;0.046538;0.047807,0.529290,,threading,2026-10-03T18:33:34+00:00
W4-00257,W4,n2-standard-4,Windows,2022Server,AMD64,Intel(R) Xeon(R) CPU @ 2.80GHz,intel,4,2,2800,17.2,3.14.6,CPython,1,spawn,2.5.3,algo_rec,algo_merge_sort,139,37,0.8,ms,normal,103,56,4,2,1,10,0,0,0.0002281399999264977,1.0,0.44366327024912244,0.05555799089653991,0.8835760796282142,5.5,0.012940200000230107,0.0005418000018835301,0.1925560999998197,0.02210659999991549,0.024129099999754544,0.025035500000285538,0.021977;0.022107;0.023322,0.024129;0.024231;0.023920,0.025486;0.025036;0.013645,,sequential,2026-10-03T18:33:35+00:00
W4-00258,W4,n2-standard-4,Windows,2022Server,AMD64,Intel(R) Xeon(R) CPU @ 2.80GHz,intel,4,2,2800,17.2,3.14.6,CPython,1,spawn,2.5.3,cpu,cpu_count_primes,318,16,0.0,ms,normal,349,36,4,2,2,4,0,0,6.462528736146747e-05,1.0,0.030832006885859155,0.06646005417106803,0.849780911352738,0.0,0.012821899999835296,0.00046449999945252785,0.1925560999998197,0.02371560000028694,0.02260119999982635,0.02632050000011077,0.022539;0.023885;0.023716,0.022856;0.022472;0.022601,0.026339;0.026094;0.026321,,threading,2026-10-03T18:33:35+00:00
W4-00259,W4,n2-standard-4,Windows,2022Server,AMD64,Intel(R) Xeon(R) CPU @ 2.80GHz,intel,4,2,2800,17.2,3.14.6,CPython,1,spawn,2.5.3,io,io_sleep_chunks,8360,46,0.3,ms,normal,17,66,4,2,1,1,1,0,0.009610425000118994,0.00911523194065791,0.021213178178949577,0.0010587460952997114,1.5804188903555472,0.0,0.06312900000011723,0.00029499999936888344,0.1925560999998197,0.18577500000037617,0.0972805999999764,0.0988803000000189,0.185260;0.185775;0.186528,0.097529;0.097150;0.097281,0.098880;0.098669;0.099165,,threading,2026-10-03T18:33:37+00:00
W4-00260,W4,n2-standard-4,Windows,2022Server,AMD64,Intel(R) Xeon(R) CPU @ 2.80GHz,intel,4,2,2800,17.2,3.14.6,CPython,1,spawn,2.5.3,big_result,result_matrix_lists,37,184,0.3,ms,normal,100,203,4,8,2,5,0,0,0.00015743600008136127,1.0,0.4905913638073111,0.3451561268808289,0.882772290037053,0.0,0.009876699999949778,0.0013681999980690307,0.35624269999993885,0.01528500000040367,0.0161895999999615,0.013284099999964383,0.015988;0.014943;0.015285,0.016065;0.016190;0.016428,0.013432;0.013284;0.013249,,multiprocessing,2026-10-03T18:33:38+00:00
W4-00261,W4,n2-standard-4,Windows,2022Server,AMD64,Intel(R) Xeon(R) CPU @ 2.80GHz,intel,4,2,2800,17.2,3.14.6,CPython,1,spawn,2.5.3,recursive,rec_tree_sum,40116,292495,0.0,seconds,big,145,292518,4,8,0,4,0,0,0.020323166666761,1.0,0.008357817558246529,0.004840124982638253,0.8383995320380342,0.0,0.1338940000000548,0.0005449000000226079,0.35624269999993885,3.2618821999999454,3.604506500000298,1.6065487000000758,3.261882;3.159002;3.355062,3.601393;3.608052;3.604507,1.594272;1.606549;1.611540,,multiprocessing,2026-10-03T18:34:04+00:00
W4-00262,W4,n2-standard-4,Windows,2022Server,AMD64,Intel(R) Xeon(R) CPU @ 2.80GHz,intel,4,2,2800,17.2,3.14.6,CPython,1,spawn,2.5.3,tiny,tiny_len,11,203,0.0,seconds,normal,200000,222,4,2,0,0,0,0,1.4325000302051194e-07,1.0,1.1343415423426468,32.91448431327698,0.36034165160442794,0.0,0.005029999999806023,0.003059599993775919,0.1925560999998197,0.018695300000217685,0.024267799999961426,0.19147430000020904,0.018037;0.018695;0.018994,0.024805;0.024058;0.024268,0.191474,,sequential,2026-10-03T18:34:05+00:00
W4-00263,W4,n2-standard-4,Windows,2022Server,AMD64,Intel(R) Xeon(R) CPU @ 2.80GHz,intel,4,2,2800,17.2,3.14.6,CPython,1,spawn,2.5.3,io,io_sleep,841,243,0.3,ms,normal,59,263,4,8,0,1,1,0,0.0015596071429432154,0.007917507371663244,0.13328604944009706,0.003746364712355212,2.09221759605331,1.6,0.03283190000001923,0.0003662999988591764,0.35624269999993885,0.08955909999986034,0.012690499999735039,0.01230840000016542,0.089559,0.012690;0.012624;0.013118,0.012849;0.012308;0.011636,,multiprocessing,2026-10-03T18:34:06+00:00
W4-00264,W4,n2-standard-4,Windows,2022Server,AMD64,Intel(R) Xeon(R) CPU @ 2.80GHz,intel,4,2,2800,17.2,3.14.6,CPython,1,spawn,2.5.3,big_payload,big_count_byte,5,849627,0.3,seconds,big,235,849649,4,4,0,1,0,0,0.0005359724137273086,0.9503141891378447,0.034892982467093936,0.79198105945165,1.0021267271871401,0.0,0.07162119999975403,0.009405100003732514,0.18947559999992336,0.12103539999998247,0.12325950000013108,0.5561684999997851,0.119049;0.121035;0.123001,0.123260;0.122609;0.123869,0.556168;0.571791;0.549899,,sequential,2026-10-03T18:34:09+00:00
W4-00265,W4,n2-standard-4,Windows,2022Server,AMD64,Intel(R) Xeon(R) CPU @ 2.80GHz,intel,4,2,2800,17.2,3.14.6,CPython,1,spawn,2.5.3,algo_iter,algo_dijkstra,133,66,0.8,seconds,normal,2491,85,4,2,2,15,0,0,0.00025208944725818583,1.0,0.49623707692015717,0.015113682748586108,0.897553668752106,0.0,0.10669129999996585,0.0006400999955076259,0.1925560999998197,0.66775940000025,0.6648706999999376,0.35725959999990664,0.635038;0.670359;0.667759,0.666065;0.664512;0.664871,0.352018;0.357260;0.361611,,multiprocessing,2026-10-03T18:34:15+00:00
W4-00266,W4,n2-standard-4,Windows,2022Server,AMD64,Intel(R) Xeon(R) CPU @ 2.80GHz,intel,4,2,2800,17.2,3.14.6,CPython,1,spawn,2.5.3,io,io_sleep_chunks,8013,35,0.8,seconds,normal,268,55,4,2,1,1,1,0,0.009004433333302586,0.008073540597809896,0.392069889612025,0.0008606871397777049,1.6832184784663489,0.0,0.08747119999998176,0.000326500000028318,0.1925560999998197,2.7980619999998453,1.4388322999998309,1.4352992999997696,2.795116;2.798062;2.799073,1.439815;1.438832;1.434708,1.435299;1.434299;1.440457,,multiprocessing,2026-10-03T18:34:33+00:00
W4-00267,W4,n2-standard-4,Windows,2022Server,AMD64,Intel(R) Xeon(R) CPU @ 2.80GHz,intel,4,2,2800,17.2,3.14.6,CPython,1,spawn,2.5.3,algo_iter,algo_kmeans,344,888952,0.0,seconds,big,149,888975,4,8,3,15,0,0,0.008960866666636017,1.0,0.0083326103816855,0.052111774899472905,0.9437132524720586,0.8,0.11388200000010329,0.003128100000139966,0.35624269999993885,1.334907099999782,1.3756298999996943,0.8176990000001751,1.334907;1.327064;1.379408,1.390163;1.372688;1.375630,0.810126;0.818975;0.817699,,multiprocessing,2026-10-03T18:34:44+00:00
W4-00268,W4,n2-standard-4,Windows,2022Server,AMD64,Intel(R) Xeon(R) CPU @ 2.80GHz,intel,4,2,2800,17.2,3.14.6,CPython,1,spawn,2.5.3,cpu,cpu_sum_squares,547,24,0.0,seconds,normal,86800,44,4,4,1,2,0,0,2.1419350001451676e-05,1.0,0.04377641225502009,0.19725155471676487,0.950255833133295,0.0,0.09268019999990429,0.003783399996791559,0.18947559999992336,1.851766399999633,1.9260933999998997,1.154367000000093,1.848590;1.880839;1.851766,1.924561;1.926093;1.934632,1.154367;1.143505;1.155940,,multiprocessing,2026-10-03T18:35:00+00:00
W4-00269,W4,n2-standard-4,Windows,2022Server,AMD64,Intel(R) Xeon(R) CPU @ 2.80GHz,intel,4,2,2800,17.2,3.14.6,CPython,1,spawn,2.5.3,big_result,result_sorted_pairs,1773,198122,0.3,seconds,big,1009,198145,4,4,1,4,0,0,0.0006704293333496025,1.0,0.19538250756250194,0.6802655811053039,0.984384373855042,0.0,0.11123429999997825,0.00964009999870541,0.18947559999992336,0.852030399999876,0.8423445999997057,1.0756986999999754,0.858593;0.852030;0.808433,0.842345;0.828780;0.849701,1.090744;1.075699;1.056282,,threading,2026-10-03T18:35:09+00:00
W4-00270,W4,n2-standard-4,Windows,2022Server,AMD64,Intel(R) Xeon(R) CPU @ 2.80GHz,intel,4,2,2800,17.2,3.14.6,CPython,1,spawn,2.5.3,cpu,cpu_collatz,145,1901,0.0,ms,normal,33,1923,4,2,2,5,0,0,0.00039954999999736174,1.0,0.020420199575302663,0.017707420953246525,0.8185129696998721,3.8,0.007428100000197446,0.0002745000001596054,0.1925560999998197,0.013714599999730126,0.013671000000158529,0.01472009999997681,0.013850;0.013217;0.013715,0.013671;0.013483;0.014016,0.015027;0.014720;0.007876,,threading,2026-10-03T18:35:10+00:00
W4-00271,W4,n2-standard-4,Windows,2022Server,AMD64,Intel(R) Xeon(R) CPU @ 2.80GHz,intel,4,2,2800,17.2,3.14.6,CPython,1,spawn,2.5.3,algo_rec,algo_sudoku,1,109776,0.8,ms,big,59,109798,4,4,3,28,0,0,0.0005493857142287847,0.947207307652101,1.0904467241195304,0.053787346923040914,0.4837939545343842,0.0,0.02650549999998475,0.002576100001078885,0.18947559999992336,0.04849020000028759,0.0486268999998174,0.03075589999980366,0.048686;0.048490;0.046966,0.048627;0.048544;0.049753,0.030756;0.034306;0.030415,,multiprocessing,2026-10-03T18:35:11+00:00
W4-00272,W4,n2-standard-4,Windows,2022Server,AMD64,Intel(R) Xeon(R) CPU @ 2.80GHz,intel,4,2,2800,17.2,3.14.6,CPython,1,spawn,2.5.3,algo_iter,algo_dijkstra,1625,1196570,0.3,ms,big,19,1196593,4,4,2,15,0,0,0.0049359750000803615,1.0,0.12138343687144816,0.15843374412065425,1.1654713508843586,0.0,0.03972960000010062,0.003437399999711488,0.18947559999992336,0.0858287000000928,0.0880325999996785,0.06510190000017246,0.085829;0.081911;0.090790,0.085687;0.094688;0.088033,0.062913;0.065102;0.076208,,multiprocessing,2026-10-03T18:35:12+00:00
W4-00273,W4,n2-standard-4,Windows,2022Server,AMD64,Intel(R) Xeon(R) CPU @ 2.80GHz,intel,4,2,2800,17.2,3.14.6,CPython,1,spawn,2.5.3,big_payload,big_upper_copy,3,261305,0.8,seconds,big,765,261327,4,2,0,0,0,0,0.00017963979057616437,1.0,0.14148641273564677,0.4739206153196923,0.9187494252037733,0.0,0.07426459999987856,0.00241039999991699,0.1925560999998197,0.1631996999999501,0.1740868000001683,0.9284239999997226,0.150509;0.167978;0.163200,0.170958;0.174087;0.186275,0.928424,,sequential,2026-10-03T18:35:15+00:00
W4-00274,W4,n2-standard-4,Windows,2022Server,AMD64,Intel(R) Xeon(R) CPU @ 2.80GHz,intel,4,2,2800,17.2,3.14.6,CPython,1,spawn,2.5.3,big_payload,big_checksum_head,169,129132,0.3,seconds,big,1548,129154,4,4,1,1,0,0,4.597416014469741e-06,1.0,0.18414768316250174,5.503091277926859,0.7026507153423757,0.8,0.005853299999671435,0.001313000002028275,0.18947559999992336,0.007603300000027957,0.012583599999743456,0.663521600000422,0.007005;0.012161;0.007603,0.013303;0.012584;0.009878,0.663522,,sequential,2026-10-03T18:35:17+00:00
W4-00275,W4,n2-standard-4,Windows,2022Server,AMD64,Intel(R) Xeon(R) CPU @ 2.80GHz,intel,4,2,2800,17.2,3.14.6,CPython,1,spawn,2.5.3,algo_iter,algo_dijkstra,4188,1740,0.8,ms,normal,8,1763,4,2,2,15,0,0,0.016167199999927107,0.9998519584299393,0.521011646502007,0.0009401751558583602,0.3418726503637007,22.7,0.13906020000013086,0.00034610000057000434,0.1925560999998197,0.12703089999968142,0.12161729999979798,0.08664120000003095,0.112369;0.131697;0.127031,0.148435;0.121617;0.117284,0.090444;0.073618;0.086641,,multiprocessing,2026-10-03T18:35:19+00:00
W4-00276,W4,n2-standard-4,Windows,2022Server,AMD64,Intel(R) Xeon(R) CPU @ 2.80GHz,intel,4,2,2800,17.2,3.14.6,CPython,1,spawn,2.5.3,algo_rec,algo_flood_fill,47,100,0.3,ms,normal,9,119,4,4,3,10,0,0,0.018161800000143558,1.0,0.12058654817636327,0.0005469355008496117,1.378423651333281,22.7,0.09532179999996515,0.001454299999295472,0.18947559999992336,0.17463439999983166,0.22862789999999222,0.09239460000026156,0.174634;0.225513;0.168957,0.208449;0.240183;0.228628,0.092395;0.093733;0.087459,,multiprocessing,2026-10-03T18:35:21+00:00
W4-00277,W4,n2-standard-4,Windows,2022Server,AMD64,Intel(R) Xeon(R) CPU @ 2.80GHz,intel,4,2,2800,17.2,3.14.6,CPython,1,spawn,2.5.3,algo_iter,algo_game_of_life,13,126,0.0,ms,normal,8,145,4,2,5,9,0,0,0.02004086666662867,0.9482098588901207,0.0165888830911114,0.0036442203151997705,0.928984698787166,24.2,0.1261066000001847,0.0008303000004161731,0.1925560999998197,0.14992350000011356,0.15656619999981558,0.11910869999974238,0.149924;0.160064;0.149808,0.162321;0.155828;0.156566,0.125358;0.111704;0.119109,,multiprocessing,2026-10-03T18:35:26+00:00
W4-00278,W4,n2-standard-4,Windows,2022Server,AMD64,Intel(R) Xeon(R) CPU @ 2.80GHz,intel,4,2,2800,17.2,3.14.6,CPython,1,spawn,2.5.3,big_payload,big_checksum_head,316,188411,0.3,ms,big,1061,188433.8,4,2,1,1,0,0,8.07471697902107e-06,1.0,0.18240894842262273,5.819399011991695,0.7246589699701912,3.1,0.006910099999913655,0.0016220000006796909,0.1925560999998197,0.008850300000176503,0.009488299999702576,0.6748225999999704,0.008850;0.008433;0.008954,0.009553;0.009488;0.009295,0.674823,,sequential,2026-10-03T18:35:28+00:00
W4-00279,W4,n2-standard-4,Windows,2022Server,AMD64,Intel(R) Xeon(R) CPU @ 2.80GHz,intel,4,2,2800,17.2,3.14.6,CPython,1,spawn,2.5.3,big_result,result_records,568,242112,0.8,seconds,big,826,242134.75,4,4,1,2,0,0,0.00022617038834344658,1.0,1.0792030068423408,1.3093447033429835,0.6934236745647632,1.6,0.12119620000021314,0.007189200001448626,0.18947559999992336,0.34810619999962,0.33315100000027087,0.7907105999997839,0.366941;0.291430;0.348106,0.298364;0.334024;0.333151,0.780999;0.875549;0.790711,,threading,2026-10-03T18:35:33+00:00
W4-00280,W4,n2-standard-4,Windows,2022Server,AMD64,Intel(R) Xeon(R) CPU @ 2.80GHz,intel,4,2,2800,17.2,3.14.6,CPython,1,spawn,2.5.3,db,db_mem_insert_select,275,146,0.3,seconds,normal,2786,165.7,4,2,1,1,1,0,0.0003017873493937226,1.0,0.14499671633804817,0.012939574993582632,0.7445526472783128,7.0,0.11794140000029074,0.0007653000006939692,0.1925560999998197,0.8313972999999351,1.1011685999997098,0.5860713000001851,0.832513;0.829081;0.831397,1.101169;1.089323;1.134012,0.586071;0.551850;0.814016,,multiprocessing,2026-10-03T18:35:42+00:00
W4-00281,W4,n2-standard-4,Windows,2022Server,AMD64,Intel(R) Xeon(R) CPU @ 2.80GHz,intel,4,2,2800,17.2,3.14.6,CPython,1,spawn,2.5.3,gil_release,gil_sha256,3,5155,0.3,seconds,normal,4026,5177,4,4,1,1,0,1,4.166878727641736e-05,1.0,0.2306198559360745,0.12827347210417983,1.554259185909888,0.0,0.07200039999997898,0.0025863999994726328,0.18947559999992336,0.16981459999988147,0.08358459999999468,0.10220309999976962,0.169815;0.169276;0.169828,0.083585;0.084490;0.082652,0.104428;0.095344;0.102203,,threading,2026-10-03T18:35:43+00:00
W4-00282,W4,n2-standard-4,Windows,2022Server,AMD64,Intel(R) Xeon(R) CPU @ 2.80GHz,intel,4,2,2800,17.2,3.14.6,CPython,1,spawn,2.5.3,recursive,rec_tree_sum,502,472,0.8,ms,normal,137,494.9,4,4,0,4,0,0,0.00017937352943002172,1.0,0.43792594109544913,0.022216209570169367,0.8974583691774417,0.0,0.013204299999870273,0.00035719999914363143,0.18947559999992336,0.024401899999702437,0.024182699999983015,0.014424399999825255,0.023037;0.024530;0.024402,0.023891;0.024183;0.024962,0.014424;0.014548;0.014242,,multiprocessing,2026-10-03T18:35:44+00:00
W4-00283,W4,n2-standard-4,Windows,2022Server,AMD64,Intel(R) Xeon(R) CPU @ 2.80GHz,intel,4,2,2800,17.2,3.14.6,CPython,1,spawn,2.5.3,numpy,np_elementwise,110409,923,0.8,ms,normal,8,947.3333333333334,4,4,0,4,0,0,0.003979633333528909,1.0,0.6521951656572408,0.0028980894903049195,1.6282943526695213,0.0,0.020152000000052794,0.00025819999927989556,0.18947559999992336,0.04027280000036626,0.01992229999996198,0.020350600000256236,0.040273;0.038726;0.041730,0.020266;0.019698;0.019922,0.021418;0.019923;0.020351,,threading,2026-10-03T18:35:45+00:00
W4-00284,W4,n2-standard-4,Windows,2022Server,AMD64,Intel(R) Xeon(R) CPU @ 2.80GHz,intel,4,2,2800,17.2,3.14.6,CPython,1,spawn,2.5.3,big_result,result_matrix_lists,259,667,0.0,ms,normal,8,690,4,8,2,5,0,0,0.007522333333478552,1.0,0.001928779762114166,0.3095138919525206,0.9207233375292362,1.6,0.05432939999991504,0.0072153999994952756,0.35624269999993885,0.06507849999979953,0.06517640000038227,0.05072169999994003,0.066913;0.063945;0.065078,0.065889;0.065176;0.064385,0.050535;0.052052;0.050722,,multiprocessing,2026-10-03T18:35:46+00:00
W4-00285,W4,n2-standard-4,Windows,2022Server,AMD64,Intel(R) Xeon(R) CPU @ 2.80GHz,intel,4,2,2800,17.2,3.14.6,CPython,1,spawn,2.5.3,db,db_file_lookup,41,330503,0.3,ms,big,33,330525,4,2,1,5,1,0,0.0012763000000859392,1.0,0.15860959112060627,0.058352268286791846,0.26554423934583626,0.0,0.05004830000007132,0.0018955999994432204,0.1925560999998197,0.04334500000004482,0.027384299999994255,0.04147910000028787,0.040597;0.043345;0.043531,0.054627;0.027384;0.027085,0.058376;0.040869;0.041479,,threading,2026-10-03T18:35:47+00:00
W4-00286,W4,n2-standard-4,Windows,2022Server,AMD64,Intel(R) Xeon(R) CPU @ 2.80GHz,intel,4,2,2800,17.2,3.14.6,CPython,1,spawn,2.5.3,numpy,np_elementwise,324917,632,0.8,seconds,normal,76,657,4,4,0,4,0,0,0.017331666666602057,1.0,0.40914318759822066,0.000709683631038127,1.1014663875535837,0.8,0.0885259000001497,0.00029770000037387945,0.18947559999992336,1.160618400000203,0.5302989000001617,0.5148352999999588,1.160618;1.167113;1.154727,0.559909;0.524983;0.530299,0.520608;0.514835;0.506218,,multiprocessing,2026-10-03T18:35:54+00:00
W4-00287,W4,n2-standard-4,Windows,2022Server,AMD64,Intel(R) Xeon(R) CPU @ 2.80GHz,intel,4,2,2800,17.2,3.14.6,CPython,1,spawn,2.5.3,tiny,tiny_len,2,1217725,0.0,seconds,big,164,1217747,4,2,0,0,0,0,4.731707077753083e-07,1.0,0.5260763365435015,1719.168127986023,0.029041396596213864,0.8,0.01739990000032776,0.016663600001720624,0.1925560999998197,5.5900000006658956e-05,0.000366900000244641,0.544510000000173,0.000056;0.000056;0.000025,0.000367,0.544510,,sequential,2026-10-03T18:35:56+00:00
W4-00288,W4,n2-standard-4,Windows,2022Server,AMD64,Intel(R) Xeon(R) CPU @ 2.80GHz,intel,4,2,2800,17.2,3.14.6,CPython,1,spawn,2.5.3,tiny,tiny_dict_lookup,65,241,0.3,ms,normal,200000,260,4,8,0,1,0,0,2.873500004625384e-07,1.0,0.7159573694717016,13.833304324957401,0.4657010039216561,5.3,0.005709300000035,0.003004599999258062,0.35624269999993885,0.044221099999958824,0.05279999999993379,0.14944340000010925,0.041712;0.044221;0.044785,0.053771;0.050828;0.052800,0.156016;0.140799;0.149443,,sequential,2026-10-03T18:35:57+00:00
W4-00289,W4,n2-standard-4,Windows,2022Server,AMD64,Intel(R) Xeon(R) CPU @ 2.80GHz,intel,4,2,2800,17.2,3.14.6,CPython,1,spawn,2.5.3,cpu,cpu_count_primes,110,73,0.8,ms,normal,993,92,4,8,2,4,0,0,1.6763306445550222e-05,1.0,0.5295537504233647,0.24428354865331992,0.8758228927646944,0.0,0.009766700000000128,0.000700200001574558,0.35624269999993885,0.01650389999986146,0.01626350000015009,0.011022000000139087,0.016766;0.016504;0.015969,0.016221;0.016385;0.016264,0.011022;0.010874;0.011045,,multiprocessing,2026-10-03T18:35:58+00:00
W4-00290,W4,n2-standard-4,Windows,2022Server,AMD64,Intel(R) Xeon(R) CPU @ 2.80GHz,intel,4,2,2800,17.2,3.14.6,CPython,1,spawn,2.5.3,big_result,result_records,16912,876,0.8,seconds,normal,40,899,4,4,1,2,0,0,0.00525655999990704,1.0,0.7653797862493174,1.2685882021792216,0.6068808335073381,0.0,0.21179080000001704,0.06701090000069598,0.18947559999992336,0.4353461000000607,0.47881920000008904,0.4517958000001272,0.437902;0.435346;0.425843,0.413548;0.478819;0.494224,0.436170;0.451796;0.481478,,sequential,2026-10-03T18:36:03+00:00
W4-00291,W4,n2-standard-4,Windows,2022Server,AMD64,Intel(R) Xeon(R) CPU @ 2.80GHz,intel,4,2,2800,17.2,3.14.6,CPython,1,spawn,2.5.3,cpu,cpu_count_primes,190,32,0.8,seconds,normal,11468,51.5,4,4,2,4,0,0,3.42584657893364e-05,0.9999866733249813,0.5613682222862539,0.11325667541683834,0.9513309047468492,1.5,0.10491640000009284,0.002468700002737023,0.18947559999992336,0.4037009999997281,0.38627709999991566,0.2255221000000347,0.407915;0.390599;0.403701,0.383961;0.388166;0.386277,0.225522;0.224253;0.228379,,multiprocessing,2026-10-03T18:36:07+00:00
W4-00292,W4,n2-standard-4,Windows,2022Server,AMD64,Intel(R) Xeon(R) CPU @ 2.80GHz,intel,4,2,2800,17.2,3.14.6,CPython,1,spawn,2.5.3,algo_iter,algo_kmeans,231,155,0.8,seconds,normal,30,174.28571428571428,4,4,3,15,0,0,0.004219385714415174,0.9496732417218127,0.678800260339867,0.0020923830975916806,1.0216969970280028,0.0,0.06142040000031557,0.0002906999993683712,0.18947559999992336,0.14754679999987275,0.150551500000347,0.08275529999991704,0.146170;0.147547;0.153569,0.152523;0.149803;0.150552,0.082755;0.082830;0.080328,,multiprocessing,2026-10-03T18:36:08+00:00
W4-00293,W4,n2-standard-4,Windows,2022Server,AMD64,Intel(R) Xeon(R) CPU @ 2.80GHz,intel,4,2,2800,17.2,3.14.6,CPython,1,spawn,2.5.3,text,text_split_count,2,134,0.3,ms,normal,3599,153,4,8,1,1,0,0,2.364894326709447e-05,1.0,0.22011245553281383,0.16596935555351552,0.910343479003561,0.0,0.04685329999983878,0.0018040000027212955,0.35624269999993885,0.08655349999980899,0.0879267999998774,0.04871640000010302,0.086217;0.087831;0.086553,0.086643;0.088666;0.087927,0.048968;0.048716;0.048161,,multiprocessing,2026-10-03T18:36:10+00:00
W4-00294,W4,n2-standard-4,Windows,2022Server,AMD64,Intel(R) Xeon(R) CPU @ 2.80GHz,intel,4,2,2800,17.2,3.14.6,CPython,1,spawn,2.5.3,algo_iter,algo_game_of_life,6,398,0.8,ms,normal,8,420,4,2,5,9,0,0,0.009634366666584052,1.0,0.22772723408505272,0.006719002456410996,0.9827296279184057,0.0,0.05862649999971836,0.0003999999998995918,0.1925560999998197,0.07747269999981654,0.07952290000002904,0.08183809999991354,0.077168;0.078146;0.077473,0.079523;0.077806;0.080173,0.081881;0.081838;0.043823,,sequential,2026-10-03T18:36:11+00:00
W4-00295,W4,n2-standard-4,Windows,2022Server,AMD64,Intel(R) Xeon(R) CPU @ 2.80GHz,intel,4,2,2800,17.2,3.14.6,CPython,1,spawn,2.5.3,db,db_file_lookup,278,1977,0.0,ms,normal,20,2000,4,8,1,5,1,0,0.006979460000002291,1.0,0.01676418871796819,0.0010602539522436504,0.5985918537008909,0.0,0.09307119999994029,0.0002715999999054475,0.35624269999993885,0.14645279999967897,0.0768818999999894,0.07440980000001218,0.145991;0.157023;0.146453,0.184218;0.076882;0.076529,0.121051;0.074410;0.072688,,multiprocessing,2026-10-03T18:36:13+00:00
W4-00296,W4,n2-standard-4,Windows,2022Server,AMD64,Intel(R) Xeon(R) CPU @ 2.80GHz,intel,4,2,2800,17.2,3.14.6,CPython,1,spawn,2.5.3,text,text_split_count,97,275,0.8,seconds,normal,478,297,4,8,1,1,0,0,0.0013996555555877421,0.9999776783508777,0.4086160161260088,0.002864990542575186,1.0520616173556563,0.0,0.09959380000009332,0.000502599998981168,0.35624269999993885,0.6255000999999538,0.6413361999998415,0.3413669999999911,0.620294;0.650184;0.625500,0.641336;0.640056;0.643372,0.340681;0.341367;0.344363,,multiprocessing,2026-10-03T18:36:18+00:00
W4-00297,W4,n2-standard-4,Windows,2022Server,AMD64,Intel(R) Xeon(R) CPU @ 2.80GHz,intel,4,2,2800,17.2,3.14.6,CPython,1,spawn,2.5.3,recursive,rec_fib,127279,110,0.3,seconds,normal,85,132,4,4,0,4,0,0,0.00859621428578196,1.0,0.20142654637206742,0.0009123617559629796,0.7946783689028968,2.3,0.13797999999997046,0.0009683999992375902,0.18947559999992336,0.8473042000000532,0.8514660999999251,0.4910672999999406,0.884741;0.847304;0.843737,0.851102;0.853082;0.851466,0.487595;0.516301;0.491067,,multiprocessing,2026-10-03T18:36:25+00:00
W4-00298,W4,n2-standard-4,Windows,2022Server,AMD64,Intel(R) Xeon(R) CPU @ 2.80GHz,intel,4,2,2800,17.2,3.14.6,CPython,1,spawn,2.5.3,mixed,mixed_hash_then_write,616,3474,0.3,seconds,normal,2169,3497,4,4,1,3,1,0,0.0002786815642738673,0.978448582954708,0.19966199842688956,0.02133259176662558,1.1356097844467608,0.0,0.09481210000012652,0.0009951999950317258,0.18947559999992336,0.6200178999997661,0.44506849999970655,0.442435999999816,0.607999;0.624351;0.620018,0.511275;0.427184;0.445068,0.439138;0.442436;0.451755,,multiprocessing,2026-10-03T18:36:31+00:00
W4-00299,W4,n2-standard-4,Windows,2022Server,AMD64,Intel(R) Xeon(R) CPU @ 2.80GHz,intel,4,2,2800,17.2,3.14.6,CPython,1,spawn,2.5.3,mixed,mixed_parse_lines,22,1938,0.0,ms,normal,8,1960,4,4,2,3,1,0,0.002887299999959699,0.6587804384195629,0.021467221715005588,0.004017594276908005,1.1513304349283304,0.0,0.01659940000035931,0.00024040000016611884,0.18947559999992336,0.023284899999907793,0.01739590000033786,0.011031199999706587,0.023285;0.023282;0.023305,0.017396;0.017190;0.017478,0.011031;0.011307;0.011015,,multiprocessing,2026-10-03T18:36:32+00:00
W4-00300,W4,n2-standard-4,Windows,2022Server,AMD64,Intel(R) Xeon(R) CPU @ 2.80GHz,intel,4,2,2800,17.2,3.14.6,CPython,1,spawn,2.5.3,recursive,rec_nqueens,2,1089,0.0,ms,normal,41,1111,4,4,1,10,0,0,0.00031476000003749505,1.0,0.0732109539347579,0.016806455823164364,0.7739856756972768,0.0,0.007477099999960046,0.00028939999947397155,0.18947559999992336,0.012214899999889894,0.012890599999991537,0.008147500000177388,0.012995;0.012135;0.012215,0.012891;0.012828;0.013138,0.007774;0.008148;0.008760,,multiprocessing,2026-10-03T18:36:32+00:00
W4-00301,W4,n2-standard-4,Windows,2022Server,AMD64,Intel(R) Xeon(R) CPU @ 2.80GHz,intel,4,2,2800,17.2,3.14.6,CPython,1,spawn,2.5.3,recursive,rec_nqueens,4,140,0.8,seconds,normal,1610,159,4,2,1,10,0,0,0.0005941599999887866,1.0,0.480230017128866,0.006563888517563845,0.9445749176278806,0.0,0.10460300000022471,0.00046910000128264073,0.1925560999998197,1.0120013999999173,0.993508699999893,0.5683951999999408,1.012001;0.970366;1.013562,0.993509;0.991254;1.007711,0.517689;0.580820;0.568395,,multiprocessing,2026-10-03T18:36:40+00:00
W4-00302,W4,n2-standard-4,Windows,2022Server,AMD64,Intel(R) Xeon(R) CPU @ 2.80GHz,intel,4,2,2800,17.2,3.14.6,CPython,1,spawn,2.5.3,big_result,result_sorted_pairs,4513,497,0.3,seconds,normal,3430,520,4,2,1,4,0,0,0.001733296551657108,1.0,0.20870002289626904,0.7174825327907568,0.9053704284095229,0.0,0.13041530000009516,0.025256500001887616,0.1925560999998197,8.216906499999823,8.489478299999973,8.95363099999986,8.077428;8.216906;8.459889,8.428045;9.054212;8.489478,8.953631;8.863933;9.161597,,sequential,2026-10-03T18:37:59+00:00
W4-00303,W4,n2-standard-4,Windows,2022Server,AMD64,Intel(R) Xeon(R) CPU @ 2.80GHz,intel,4,2,2800,17.2,3.14.6,CPython,1,spawn,2.5.3,cpu,cpu_matmul_lists,37,246,0.8,ms,normal,8,265,4,4,3,5,0,0,0.008148433333341623,1.0,0.754786654506074,0.0015544910713364774,2.836300792152375,4.7,0.03292139999985011,0.0004327999999986787,0.18947559999992336,0.03295250000019223,0.03379769999992277,0.028465999999752967,0.032678;0.032953;0.033854,0.033798;0.033230;0.034034,0.020491;0.028466;0.030278,,multiprocessing,2026-10-03T18:38:00+00:00
W4-00304,W4,n2-standard-4,Windows,2022Server,AMD64,Intel(R) Xeon(R) CPU @ 2.80GHz,intel,4,2,2800,17.2,3.14.6,CPython,1,spawn,2.5.3,numpy,np_sort,8167,3075,0.8,seconds,normal,3568,3098,4,8,0,3,0,1,0.00036537080292880364,0.99970359980631,0.46549208400649,0.014191062673975303,1.7867048392713454,0.0,0.07894629999964309,0.0007283999984792899,0.35624269999993885,1.2253637000003437,0.7264461999998275,0.7187942999998995,1.236856;1.225364;1.225060,0.728823;0.726446;0.714577,0.704975;0.718794;0.727952,,multiprocessing,2026-10-03T18:38:08+00:00
W4-00305,W4,n2-standard-4,Windows,2022Server,AMD64,Intel(R) Xeon(R) CPU @ 2.80GHz,intel,4,2,2800,17.2,3.14.6,CPython,1,spawn,2.5.3,big_payload,big_upper_copy,3,2408745,0.0,ms,big,83,2408767,4,8,0,0,0,0,0.0013329849999990985,1.0,0.011687496759958055,1.8570201465389895,0.9368922704495966,0.8,0.10513790000004519,0.04998119999982009,0.35624269999993885,0.12579340000002048,0.13447949999999764,0.5038591999996243,0.117176;0.125793;0.133609,0.144973;0.120543;0.134479,0.495238;0.503859;0.595828,,sequential,2026-10-03T18:38:12+00:00
W4-00306,W4,n2-standard-4,Windows,2022Server,AMD64,Intel(R) Xeon(R) CPU @ 2.80GHz,intel,4,2,2800,17.2,3.14.6,CPython,1,spawn,2.5.3,algo_iter,algo_edit_distance,9459,417,0.3,ms,normal,130,440,4,4,2,16,0,0,0.0015486062499689979,1.0,0.17108992261817418,0.0027605467915887485,0.9664030524078754,0.8,0.10100239999974292,0.0004099000007045106,0.18947559999992336,0.20733870000003662,0.20154009999987466,0.12418789999992441,0.207339;0.211643;0.199281,0.200850;0.205356;0.201540,0.124188;0.115689;0.124488,,multiprocessing,2026-10-03T18:38:14+00:00
W4-00307,W4,n2-standard-4,Windows,2022Server,AMD64,Intel(R) Xeon(R) CPU @ 2.80GHz,intel,4,2,2800,17.2,3.14.6,CPython,1,spawn,2.5.3,gil_release,gil_numpy_matmul,26,1098,0.8,seconds,normal,24256,1120,4,8,0,2,0,1,1.3654650000034962e-05,1.0,0.2264178317600156,0.3771608983665461,0.4091328507484963,0.0,0.09882450000031895,0.003972500000145374,0.35624269999993885,0.3470302000000629,1.3987838999996711,0.20464499999980035,0.318689;0.348665;0.347030,1.398784,0.208231;0.204645;0.202189,,multiprocessing,2026-10-03T18:38:18+00:00
W4-00308,W4,n2-standard-4,Windows,2022Server,AMD64,Intel(R) Xeon(R) CPU @ 2.80GHz,intel,4,2,2800,17.2,3.14.6,CPython,1,spawn,2.5.3,big_payload,big_checksum_head,12854,2529617,0.3,ms,big,67,2529640,4,4,1,1,0,0,0.00034311249999063875,0.9587638230694258,0.19773958135659356,4.159586870184325,1.0053291768637904,0.0,0.03424249999989115,0.02328299999999217,0.18947559999992336,0.019941400000334397,0.021588399999927788,0.4087082000000919,0.019941;0.019890;0.020937,0.021470;0.021592;0.021588,0.408708,,sequential,2026-10-03T18:38:20+00:00
W4-00309,W4,n2-standard-4,Windows,2022Server,AMD64,Intel(R) Xeon(R) CPU @ 2.80GHz,intel,4,2,2800,17.2,3.14.6,CPython,1,spawn,2.5.3,numpy,np_fft,2504,139,0.8,ms,normal,431,159,4,8,0,0,0,1,0.0001714841121517744,1.0,0.721007808134047,0.024608693919493132,1.4342232638654966,0.0,0.03177259999984017,0.0005568999995375634,0.35624269999993885,0.06830110000009881,0.04079559999991034,0.040211099999851285,0.068301;0.068579;0.068058,0.041155;0.040561;0.040796,0.040402;0.039304;0.040211,,multiprocessing,2026-10-03T18:38:21+00:00
W4-00310,W4,n2-standard-4,Windows,2022Server,AMD64,Intel(R) Xeon(R) CPU @ 2.80GHz,intel,4,2,2800,17.2,3.14.6,CPython,1,spawn,2.5.3,algo_iter,algo_game_of_life,12,76,0.8,seconds,normal,311,95,4,8,5,9,0,0,0.014302725000106875,1.0,0.5713371606222104,0.003754529299837916,1.1099158763466115,0.0,0.11967039999990448,0.00042439999924681615,0.35624269999993885,5.017805800000133,5.144850099999985,2.7503523000000314,5.012155;5.114387;5.017806,5.128930;5.144850;5.152141,2.748631;2.762156;2.750352,,multiprocessing,2026-10-03T18:39:00+00:00
W4-00311,W4,n2-standard-4,Windows,2022Server,AMD64,Intel(R) Xeon(R) CPU @ 2.80GHz,intel,4,2,2800,17.2,3.14.6,CPython,1,spawn,2.5.3,text,text_format_report,139,446798,0.3,seconds,big,447,446820,4,8,1,2,0,0,0.0001978045045091078,1.0,0.17172085146535762,0.44056125153555276,0.963176767091708,0.0,0.047070199999780016,0.0022300999994513404,0.35624269999993885,0.08630249999987427,0.09078379999982644,0.515399399999751,0.085658;0.086540;0.086302,0.091255;0.089447;0.090784,0.515399,,sequential,2026-10-03T18:39:02+00:00
W4-00312,W4,n2-standard-4,Windows,2022Server,AMD64,Intel(R) Xeon(R) CPU @ 2.80GHz,intel,4,2,2800,17.2,3.14.6,CPython,1,spawn,2.5.3,db,db_file_lookup,84,17,0.3,ms,normal,86,36,4,4,1,5,1,0,0.0023516904761457964,1.0,0.15213623753960037,0.0015308137062103125,0.7374568377881093,7.0,0.11587510000026668,0.0003836000009869167,0.18947559999992336,0.20200949999980367,0.1121645999996872,0.10455180000008113,0.201160;0.202009;0.215117,0.177781;0.112165;0.110325,0.134571;0.103713;0.104552,,multiprocessing,2026-10-03T18:39:04+00:00
W4-00313,W4,n2-standard-4,Windows,2022Server,AMD64,Intel(R) Xeon(R) CPU @ 2.80GHz,intel,4,2,2800,17.2,3.14.6,CPython,1,spawn,2.5.3,mixed,mixed_hash_then_write,1714,2029,0.0,ms,normal,345,2052,4,2,1,3,1,0,0.0003223709302241078,0.9881738337503524,0.17125853295924534,0.01330765135715653,0.9688313419431077,0.0,0.0569522999999208,0.000697500000569562,0.1925560999998197,0.10332059999973353,0.1122826000000714,0.08712110000033135,0.109396;0.102454;0.103321,0.125293;0.112283;0.109013,0.088580;0.087121;0.084658,,multiprocessing,2026-10-03T18:39:06+00:00
W4-00314,W4,n2-standard-4,Windows,2022Server,AMD64,Intel(R) Xeon(R) CPU @ 2.80GHz,intel,4,2,2800,17.2,3.14.6,CPython,1,spawn,2.5.3,io,io_sleep_return_payload,11550,16088,0.8,ms,normal,8,16111,4,8,0,1,1,0,0.014116733333291146,0.0037932103613982976,0.5284560875465609,0.0023541801500809516,1.7298386735495828,0.0,0.07708339999999225,0.001189600000543578,0.35624269999993885,0.10581319999982952,0.021390099999734957,0.02154919999975391,0.105852;0.105774,0.021390;0.021413;0.021142,0.021694;0.021549;0.021511,,threading,2026-10-03T18:39:07+00:00
W4-00315,W4,n2-standard-4,Windows,2022Server,AMD64,Intel(R) Xeon(R) CPU @ 2.80GHz,intel,4,2,2800,17.2,3.14.6,CPython,1,spawn,2.5.3,recursive,rec_nqueens,8,1099,0.3,seconds,normal,4163,1121,4,2,1,10,0,0,0.0011963166666429884,1.0,0.18046106434676484,0.0036403405550384203,0.9258309228148706,0.0,0.10512990000006539,0.000452500000847067,0.1925560999998197,4.9092445000001135,5.091132300000027,2.7366038000000117,4.882301;4.909245;5.154902,5.091132;5.070935;5.667061,2.693534;2.736604;3.408895,,multiprocessing,2026-10-03T18:39:47+00:00
W4-00316,W4,n2-standard-4,Windows,2022Server,AMD64,Intel(R) Xeon(R) CPU @ 2.80GHz,intel,4,2,2800,17.2,3.14.6,CPython,1,spawn,2.5.3,db,db_file_commit,2,6246,0.3,seconds,normal,239,6268,4,2,1,0,1,0,0.011120419999861042,0.2809190195553619,0.020404003819550175,0.0013794443040281098,1.3764896099525892,0.0,0.09643710000000283,0.00046530000099664903,0.1925560999998197,2.542238300000008,1.424229799999921,1.4240975000002436,2.542238;2.587609;2.486523,1.424230;1.441302;1.385042,1.424098;1.430171;1.374877,,multiprocessing,2026-10-03T18:40:04+00:00
W4-00317,W4,n2-standard-4,Windows,2022Server,AMD64,Intel(R) Xeon(R) CPU @ 2.80GHz,intel,4,2,2800,17.2,3.14.6,CPython,1,spawn,2.5.3,db,db_mem_insert_select,4041,321,0.0,seconds,normal,146,344,4,4,1,1,1,0,0.0036085214285321854,0.9513495000325765,0.022892363756156036,0.0012529864637164823,0.6429066274571592,0.0,0.12918330000002243,0.00035210000078222947,0.18947559999992336,0.5199035000000549,1.3255058999998255,0.27100200000040786,0.496498;0.519904;0.520378,1.275663;1.325506;1.325885,0.269622;0.271002;0.285010,,multiprocessing,2026-10-03T18:40:11+00:00
W4-00318,W4,n2-standard-4,Windows,2022Server,AMD64,Intel(R) Xeon(R) CPU @ 2.80GHz,intel,4,2,2800,17.2,3.14.6,CPython,1,spawn,2.5.3,mixed,mixed_hash_then_write,36253,1994,0.0,ms,normal,690,2017,4,4,1,3,1,0,0.00033912162160885527,0.9997867348455085,0.14914296351846237,0.02006654711628996,0.9553176709455152,0.0,0.1036020000001372,0.0009468000021115586,0.18947559999992336,0.21527710000009392,0.21677679999993416,0.1635495999998966,0.222258;0.213421;0.215277,0.216777;0.215066;0.276197,0.177116;0.155689;0.163550,,multiprocessing,2026-10-03T18:40:13+00:00
W4-00319,W4,n2-standard-4,Windows,2022Server,AMD64,Intel(R) Xeon(R) CPU @ 2.80GHz,intel,4,2,2800,17.2,3.14.6,CPython,1,spawn,2.5.3,gil_release,gil_sha256,3,192153,0.0,seconds,big,1040,192175,4,4,1,1,0,1,0.0014141833333572624,1.0,0.014349101694530601,0.023306737675697478,1.8403629892886368,0.0,0.07965730000023541,0.0010526999994908692,0.18947559999992336,1.4684698000000935,0.649973300000056,0.9124454000002515,1.468225;1.468470;1.510347,0.651489;0.646206;0.649973,0.912445;0.909196;0.929842,,threading,2026-10-03T18:40:23+00:00
W4-00320,W4,n2-standard-4,Windows,2022Server,AMD64,Intel(R) Xeon(R) CPU @ 2.80GHz,intel,4,2,2800,17.2,3.14.6,CPython,1,spawn,2.5.3,gil_release,gil_sha256,65,276629,0.0,seconds,big,37,276651,4,4,1,1,0,1,0.04415579999977126,1.0,0.005080796218275863,0.0014539426337873435,1.4165817699444705,0.0,0.22664160000022093,0.00045700000100623583,0.18947559999992336,1.6812338000004274,0.717424999999821,0.7331757000001744,1.629962;1.681234;1.714252,0.731345;0.717425;0.716467,0.737422;0.729800;0.733176,,threading,2026-10-03T18:40:34+00:00
W4-00321,W4,n2-standard-4,Windows,2022Server,AMD64,Intel(R) Xeon(R) CPU @ 2.80GHz,intel,4,2,2800,17.2,3.14.6,CPython,1,spawn,2.5.3,numpy,np_fft,287050,297,0.3,ms,normal,8,322,4,2,0,0,0,1,0.044305099999898324,0.9444025313049637,0.4075301918190381,0.00025730671973444506,0.8653787987044548,0.8,0.26619990000017424,0.00030920000062906183,0.1925560999998197,0.4176370999998653,0.2553785999998581,0.2352958999999828,0.442574;0.417637;0.415924,0.255379;0.271487;0.240021,0.232587;0.235875;0.235296,,multiprocessing,2026-10-03T18:40:37+00:00
W4-00322,W4,n2-standard-4,Windows,2022Server,AMD64,Intel(R) Xeon(R) CPU @ 2.80GHz,intel,4,2,2800,17.2,3.14.6,CPython,1,spawn,2.5.3,algo_rec,algo_sudoku,11,19,0.0,seconds,normal,85,38,4,2,3,28,0,0,0.01760528571438564,0.952814151848813,1.7391204471872055,0.0005761256686265601,0.935734896456914,3.0,0.272470500000054,0.0003125999996882456,0.1925560999998197,1.5284437000000253,1.4901248000001033,0.8283000999999786,1.528444;1.454317;1.531620,1.490125;1.490145;1.488930,0.757634;0.866470;0.828300,,multiprocessing,2026-10-03T18:40:50+00:00
W4-00323,W4,n2-standard-4,Windows,2022Server,AMD64,Intel(R) Xeon(R) CPU @ 2.80GHz,intel,4,2,2800,17.2,3.14.6,CPython,1,spawn,2.5.3,text,text_csv_parse,5,195424,0.0,seconds,big,8,195446,4,2,2,3,0,0,0.7003093333332799,0.9998913379493076,0.0020300616228499553,0.00010400166014554574,0.9846410879731142,0.0,4.232997199999772,0.000478099999781989,0.1925560999998197,5.673328500000025,5.80134709999993,3.0633773999998084,5.939814;5.645546;5.673329,5.828872;5.775361;5.801347,3.052917;3.063377;3.078378,,multiprocessing,2026-10-03T18:41:40+00:00
W4-00324,W4,n2-standard-4,Windows,2022Server,AMD64,Intel(R) Xeon(R) CPU @ 2.80GHz,intel,4,2,2800,17.2,3.14.6,CPython,1,spawn,2.5.3,numpy,np_linalg_solve,76,298608,0.0,ms,big,90,298630,4,4,0,3,0,1,0.0015336909090861313,0.9399733483604945,0.05409473843495354,0.039633148824504666,1.608872462304138,0.0,0.057209900000088965,0.002509100000224862,0.18947559999992336,0.12591239999983372,0.06713429999990694,0.08767390000002706,0.125912;0.125790;0.135958,0.067213;0.066511;0.067134,0.084927;0.087674;0.094457,,threading,2026-10-03T18:41:41+00:00
W4-00325,W4,n2-standard-4,Windows,2022Server,AMD64,Intel(R) Xeon(R) CPU @ 2.80GHz,intel,4,2,2800,17.2,3.14.6,CPython,1,spawn,2.5.3,algo_iter,algo_kmeans,425,427200,0.0,seconds,big,468,427223,4,2,3,15,0,0,0.011074559999997291,1.0,0.010729443243615867,0.01069839345484676,0.9367153521468813,0.0,0.11547640000026149,0.0008537000003343564,0.1925560999998197,5.160210600000028,5.38201029999982,3.2094172999995862,5.510133;5.134419;5.160211,5.604659;5.382010;5.372406,4.578060;3.209417;3.154203,,multiprocessing,2026-10-03T18:42:25+00:00
W4-00326,W4,n2-standard-4,Windows,2022Server,AMD64,Intel(R) Xeon(R) CPU @ 2.80GHz,intel,4,2,2800,17.2,3.14.6,CPython,1,spawn,2.5.3,big_result,result_records,36065,334,0.0,ms,normal,8,357,4,8,1,2,0,0,0.014147133333305343,1.0,0.059361944715878676,1.625900653621092,0.9594223685474811,0.0,0.15779470000006768,0.0692693999999392,0.35624269999993885,0.1794436999998652,0.18790069999977277,0.20439949999990858,0.179444;0.182119;0.177325,0.193029;0.187901;0.178876,0.298176;0.188013;0.204399,,sequential,2026-10-03T18:42:28+00:00
W4-00327,W4,n2-standard-4,Windows,2022Server,AMD64,Intel(R) Xeon(R) CPU @ 2.80GHz,intel,4,2,2800,17.2,3.14.6,CPython,1,spawn,2.5.3,text,text_csv_parse,12,385,0.8,seconds,normal,1140,407,4,4,2,3,0,0,0.0028317842104929455,1.0,0.36210137192604597,0.0013939509947274054,0.9597974260406514,0.0,0.11083030000008876,0.0003639000010480231,0.18947559999992336,3.309505000000172,3.4409825000002456,1.9356064999997216,3.308753;3.309505;3.323233,3.437898;3.440983;3.461405,1.947472;1.929991;1.935606,,multiprocessing,2026-10-03T18:43:08+00:00
W4-00328,W4,n2-standard-4,Windows,2022Server,AMD64,Intel(R) Xeon(R) CPU @ 2.80GHz,intel,4,2,2800,17.2,3.14.6,CPython,1,spawn,2.5.3,io,io_sleep_chunks,775,758,0.8,seconds,normal,199,780.8461538461538,4,4,1,1,1,0,0.0038941230768614332,0.014366793512846317,0.014809315678520554,0.0017738762217159145,1.8425546125450063,0.0,0.07864430000017819,0.00039630000082979677,0.18947559999992336,0.7771515999997973,0.20310829999971247,0.19301110000014887,0.777155;0.777152;0.777143,0.203115;0.203090;0.203108,0.193514;0.193011;0.192987,,multiprocessing,2026-10-03T18:43:12+00:00
W4-00329,W4,n2-standard-4,Windows,2022Server,AMD64,Intel(R) Xeon(R) CPU @ 2.80GHz,intel,4,2,2800,17.2,3.14.6,CPython,1,spawn,2.5.3,tiny,tiny_add,148,160,0.8,ms,normal,130048,179.05,4,4,0,1,0,0,1.4344999840432138e-07,1.0,0.47265177398431146,29.48762708764046,0.31345202770614344,0.0,0.005115700000260404,0.003004300003794924,0.18947559999992336,0.010348199999953067,0.01677830000016911,0.07566599999972823,0.010610;0.010348;0.010209,0.016660;0.017258;0.016778,0.075666,,sequential,2026-10-03T18:43:13+00:00
W4-00330,W4,n2-standard-4,Windows,2022Server,AMD64,Intel(R) Xeon(R) CPU @ 2.80GHz,intel,4,2,2800,17.2,3.14.6,CPython,1,spawn,2.5.3,tiny,tiny_dict_lookup,104,85,0.8,seconds,normal,200000,104,4,4,0,1,0,0,2.825999963533832e-07,1.0,0.6821941500556662,14.331210158797198,0.48453793411002366,0.0,0.0055750999999872874,0.002985900007388409,0.18947559999992336,0.04012380000040139,0.0480160000001888,0.11280309999983729,0.045865;0.040124;0.039626,0.047872;0.048016;0.048891,0.112881;0.106780;0.112803,,sequential,2026-10-03T18:43:14+00:00
W4-00331,W4,n2-standard-4,Windows,2022Server,AMD64,Intel(R) Xeon(R) CPU @ 2.80GHz,intel,4,2,2800,17.2,3.14.6,CPython,1,spawn,2.5.3,tiny,tiny_dict_lookup,11,210,0.3,ms,normal,37857,229,4,2,0,1,0,0,3.3455000425419713e-07,0.9549220093893769,2.1388839245022595,11.612613814345297,0.5252193161135295,0.8,0.0058056999996551895,0.0029559999911725754,0.1925560999998197,0.00837130000036268,0.01104029999987688,0.02638200000001234,0.009296;0.008371;0.008005,0.011631;0.011040;0.010780,0.029417;0.026382;0.026020,,sequential,2026-10-03T18:43:15+00:00
W4-00332,W4,n2-standard-4,Windows,2022Server,AMD64,Intel(R) Xeon(R) CPU @ 2.80GHz,intel,4,2,2800,17.2,3.14.6,CPython,1,spawn,2.5.3,io,io_sleep,622,64,0.0,ms,normal,117,84,4,4,0,1,1,0,0.0014585310345237618,0.010238812679913044,0.01891339921378119,0.0030510149754943224,2.049267702654296,0.0,0.06356260000029579,0.0004658999987441348,0.18947559999992336,0.170690100000229,0.04698819999975967,0.04703040000003966,0.170167;0.170690;0.171189,0.046870;0.046988;0.047311,0.047023;0.047389;0.047030,,threading,2026-10-03T18:43:16+00:00
W4-00333,W4,n2-standard-4,Windows,2022Server,AMD64,Intel(R) Xeon(R) CPU @ 2.80GHz,intel,4,2,2800,17.2,3.14.6,CPython,1,spawn,2.5.3,mixed,mixed_parse_lines,10,628,0.3,ms,normal,21,650,4,2,2,3,1,0,0.0010480399999323708,0.29502073018339064,0.13669285250025343,0.007862295408354775,1.480038800555068,0.0,0.008866399999988062,0.00026760000037029386,0.1925560999998197,0.02080179999984466,0.012319099999785976,0.014281499999924563,0.020772;0.020851;0.020802,0.012666;0.012319;0.012182,0.014281;0.013186;0.014695,,threading,2026-10-03T18:43:17+00:00
W4-00334,W4,n2-standard-4,Windows,2022Server,AMD64,Intel(R) Xeon(R) CPU @ 2.80GHz,intel,4,2,2800,17.2,3.14.6,CPython,1,spawn,2.5.3,recursive,rec_tree_sum,1180,283,0.3,ms,normal,244,306,4,4,0,4,0,0,0.0003946704918398907,1.0,0.2824956601054053,0.011110534119693037,0.9235460963482187,0.0,0.05048829999986992,0.0004190999975435261,0.18947559999992336,0.10447890000023108,0.10194559999990815,0.05800709999994069,0.104479;0.104175;0.105636,0.103194;0.101946;0.101530,0.058007;0.057636;0.058439,,multiprocessing,2026-10-03T18:43:18+00:00
W4-00335,W4,n2-standard-4,Windows,2022Server,AMD64,Intel(R) Xeon(R) CPU @ 2.80GHz,intel,4,2,2800,17.2,3.14.6,CPython,1,spawn,2.5.3,tiny,tiny_small_loop,41,323,0.3,ms,normal,65913,345,4,4,0,0,0,0,5.460999961997004e-07,1.0,0.45346718870959346,7.452847515618214,0.6510964291082401,0.0,0.0068215999999665655,0.003120900007616001,0.18947559999992336,0.03021950000038487,0.036370399999668734,0.06619829999999638,0.030220;0.031162;0.028659,0.036874;0.036370;0.035705,0.066198;0.068556;0.065223,,sequential,2026-10-03T18:43:19+00:00
W4-00336,W4,n2-standard-4,Windows,2022Server,AMD64,Intel(R) Xeon(R) CPU @ 2.80GHz,intel,4,2,2800,17.2,3.14.6,CPython,1,spawn,2.5.3,db,db_file_commit,3,108191,0.0,ms,big,8,108213,4,8,1,0,1,0,0.017622099999850132,0.279018072567198,0.05971732848458709,0.0029527317008031092,1.3330536338820935,0.8,0.09142960000008316,0.00045950000048833317,0.35624269999993885,0.12994669999989128,0.033161000000291097,0.035661000000345666,0.134376;0.129947;0.128799,0.033670;0.033161;0.032482,0.039644;0.034823;0.035661,,threading,2026-10-03T18:43:20+00:00
W4-00337,W4,n2-standard-4,Windows,2022Server,AMD64,Intel(R) Xeon(R) CPU @ 2.80GHz,intel,4,2,2800,17.2,3.14.6,CPython,1,spawn,2.5.3,big_payload,big_reverse,2,121046,0.8,ms,big,1652,121068,4,4,0,0,0,0,8.421912833784505e-05,1.0,0.12835222051011067,0.49555250523075245,0.8984853142076445,0.0,0.07563840000011623,0.0018669999963094597,0.18947559999992336,0.15233429999989312,0.1548493000000235,0.8565663999997923,0.152334;0.142937;0.159370,0.161508;0.150192;0.154849,0.856566,,sequential,2026-10-03T18:43:23+00:00
W4-00338,W4,n2-standard-4,Windows,2022Server,AMD64,Intel(R) Xeon(R) CPU @ 2.80GHz,intel,4,2,2800,17.2,3.14.6,CPython,1,spawn,2.5.3,db,db_file_commit,4,14213,0.3,ms,normal,8,14235,4,8,1,0,1,0,0.023740966666537133,0.24201763751521,0.10759240092773495,0.0005714454167467054,1.579513890505622,4.5,0.11435440000013841,0.0003037000005861046,0.35624269999993885,0.17156859999977314,0.04561740000008285,0.043925299999955314,0.173355;0.171569;0.170277,0.046665;0.045617;0.042850,0.043925;0.048711;0.043856,,multiprocessing,2026-10-03T18:43:25+00:00
W4-00339,W4,n2-standard-4,Windows,2022Server,AMD64,Intel(R) Xeon(R) CPU @ 2.80GHz,intel,4,2,2800,17.2,3.14.6,CPython,1,spawn,2.5.3,mixed,mixed_parse_lines,24,1500,0.0,seconds,normal,2457,1522,4,4,2,3,1,0,0.0024311095238166067,0.6603390427962461,0.060511801246776784,0.0019620671078637115,1.3380052817079489,0.0,0.08983400000033726,0.00042400000029374496,0.18947559999992336,6.000706199999968,4.272709099999702,2.643040800000108,6.000706;5.999237;6.244252,4.272709;4.215882;4.507349,2.626717;2.644589;2.643041,,multiprocessing,2026-10-03T18:44:04+00:00
W4-00340,W4,n2-standard-4,Windows,2022Server,AMD64,Intel(R) Xeon(R) CPU @ 2.80GHz,intel,4,2,2800,17.2,3.14.6,CPython,1,spawn,2.5.3,recursive,rec_quicksort,4041,139879,0.0,ms,big,12,139902,4,4,1,8,0,0,0.006532799999907486,1.0,0.1218155902330585,0.005944362822107579,1.098870225522634,16.4,0.03845559999990655,0.00039790000028006034,0.18947559999992336,0.07154790000004141,0.0741891000002397,0.03785759999982474,0.069466;0.072989;0.071548,0.075364;0.072899;0.074189,0.048759;0.037226;0.037858,,multiprocessing,2026-10-03T18:44:06+00:00
W4-00341,W4,n2-standard-4,Windows,2022Server,AMD64,Intel(R) Xeon(R) CPU @ 2.80GHz,intel,4,2,2800,17.2,3.14.6,CPython,1,spawn,2.5.3,tiny,tiny_add,2,53,0.3,ms,normal,57187,72,4,2,0,1,0,0,1.29000004108093e-07,1.0,0.41953663366234956,32.5968985759284,0.3096069507303173,0.0,0.0050968999998985964,0.0030856999915158667,0.1925560999998197,0.0035106999998788524,0.005992799999603449,0.02010999999993146,0.004870;0.003511;0.003475,0.006760;0.005878;0.005993,0.020110,,sequential,2026-10-03T18:44:06+00:00
W4-00342,W4,n2-standard-4,Windows,2022Server,AMD64,Intel(R) Xeon(R) CPU @ 2.80GHz,intel,4,2,2800,17.2,3.14.6,CPython,1,spawn,2.5.3,gil_release,gil_bz2,69,300000,0.0,seconds,big,615,300022,4,2,0,1,0,1,0.007601385714354235,1.0,0.030691754581667445,0.00787074536790992,1.6989765439916722,0.0,0.08517459999984567,0.0006989999997131235,0.1925560999998197,4.618504799999755,2.44366859999991,2.8209311999999045,4.605352;4.618505;4.788806,2.572175;2.413894;2.443669,2.868432;2.820931;2.801659,,threading,2026-10-03T18:44:37+00:00
W4-00343,W4,n2-standard-4,Windows,2022Server,AMD64,Intel(R) Xeon(R) CPU @ 2.80GHz,intel,4,2,2800,17.2,3.14.6,CPython,1,spawn,2.5.3,numpy,np_fft,602723,7354,0.8,seconds,normal,23,7379,4,2,0,0,0,1,0.11671086666668391,0.9444359047334706,0.42300530802527236,0.00013366364711856897,4.846541484898105,0.0,0.4407330999997612,0.0003115999998044572,0.1925560999998197,2.406312600000092,1.3479995000002418,1.3818575999998757,2.502567;2.318710;2.406313,1.373980;1.348000;1.347665,1.381858;1.381788;1.531126,,threading,2026-10-03T18:44:54+00:00
W4-00344,W4,n2-standard-4,Windows,2022Server,AMD64,Intel(R) Xeon(R) CPU @ 2.80GHz,intel,4,2,2800,17.2,3.14.6,CPython,1,spawn,2.5.3,algo_iter,algo_edit_distance,121,111777,0.3,ms,big,626,111799,4,4,2,16,0,0,0.00011339615383139272,1.0,0.061898950787596,0.21076552549183977,0.8902932846099733,2.3,0.03873350000003484,0.0010669000021152897,0.18947559999992336,0.0736815000000206,0.07611040000028879,0.19683559999975841,0.075080;0.073682;0.072833,0.076110;0.076084;0.077397,0.196836;0.203409;0.194923,,sequential,2026-10-03T18:44:56+00:00
W4-00345,W4,n2-standard-4,Windows,2022Server,AMD64,Intel(R) Xeon(R) CPU @ 2.80GHz,intel,4,2,2800,17.2,3.14.6,CPython,1,spawn,2.5.3,cpu,cpu_sum_squares,664,1031,0.8,seconds,normal,7384,1054,4,2,1,2,0,0,2.8229324166157723e-05,0.9511569379478029,0.5442420447126673,0.15692901499702794,0.9745904499575614,3.1,0.10428510000019742,0.0033600000060687307,0.1925560999998197,0.19861939999964306,0.20603849999997692,0.12149670000007973,0.197411;0.198619;0.204832,0.206038;0.206856;0.205820,0.121752;0.121497;0.120860,,multiprocessing,2026-10-03T18:44:58+00:00
W4-00346,W4,n2-standard-4,Windows,2022Server,AMD64,Intel(R) Xeon(R) CPU @ 2.80GHz,intel,4,2,2800,17.2,3.14.6,CPython,1,spawn,2.5.3,big_result,result_matrix_lists,23,84,0.3,seconds,normal,3488,103,4,2,2,5,0,0,5.898457888975322e-05,1.0,0.4412380258203577,0.4520673122221868,0.7399529005181599,0.0,0.11975529999972423,0.00230369999553659,0.1925560999998197,0.22056849999989936,0.2283618999999817,0.2436854000002313,0.220568;0.219585;0.245847,0.228362;0.253177;0.225073,0.247309;0.243685;0.236154,,sequential,2026-10-03T18:45:01+00:00
W4-00347,W4,n2-standard-4,Windows,2022Server,AMD64,Intel(R) Xeon(R) CPU @ 2.80GHz,intel,4,2,2800,17.2,3.14.6,CPython,1,spawn,2.5.3,io,io_sleep_return_payload,231,5530,0.3,ms,normal,253,5552.45,4,8,0,1,1,0,0.0009725211538475028,0.018708609521506533,0.093505004641754,0.007830163989379598,1.9486100042159353,0.0,0.07731850000027407,0.0006152000000838598,0.35624269999993885,0.24675150000030044,0.03173279999964507,0.033674100000098406,0.246752,0.031747;0.031690;0.031733,0.033921;0.033651;0.033674,,threading,2026-10-03T18:45:02+00:00
W4-00348,W4,n2-standard-4,Windows,2022Server,AMD64,Intel(R) Xeon(R) CPU @ 2.80GHz,intel,4,2,2800,17.2,3.14.6,CPython,1,spawn,2.5.3,db,db_mem_insert_select,90,31,0.3,ms,normal,218,50,4,8,1,1,1,0,0.000172198148144768,1.0,0.2506971801338546,0.0206157849835699,1.0032900712106414,0.0,0.018937600000299426,0.00046250000059444574,0.35624269999993885,0.034227199999804725,0.05697589999999764,0.02001109999991968,0.034227;0.034809;0.033582,0.056311;0.058216;0.056976,0.020011;0.020111;0.019943,,multiprocessing,2026-10-03T18:45:03+00:00
W4-00349,W4,n2-standard-4,Windows,2022Server,AMD64,Intel(R) Xeon(R) CPU @ 2.80GHz,intel,4,2,2800,17.2,3.14.6,CPython,1,spawn,2.5.3,algo_rec,algo_flood_fill,2,521430,0.8,seconds,big,383,521452,4,8,3,10,0,0,0.0007049500000183192,1.0,0.6555126587063692,0.33242783177032625,1.0260365105138425,0.0,0.10570340000003853,0.005171899998913432,0.35624269999993885,0.26038580000022193,0.267544899999848,0.5279950000003737,0.255615;0.282447;0.260386,0.268048;0.263885;0.267545,0.527995;0.515220;0.595548,,sequential,2026-10-03T18:45:07+00:00
W4-00350,W4,n2-standard-4,Windows,2022Server,AMD64,Intel(R) Xeon(R) CPU @ 2.80GHz,intel,4,2,2800,17.2,3.14.6,CPython,1,spawn,2.5.3,big_result,result_records,2934,24,0.8,seconds,normal,278,44,4,2,1,2,0,0,0.001300228205122832,1.0,1.4903033060207707,1.0424746937767644,1.3491668897472249,3.0,0.11659970000027897,0.027518000000327447,0.1925560999998197,0.5789568000000145,0.5882000000001426,0.690385299999889,0.578957;0.608775;0.559006,0.566529;0.595199;0.588200,0.690385;0.770916;0.627195,,sequential,2026-10-03T18:45:13+00:00
W4-00351,W4,n2-standard-4,Windows,2022Server,AMD64,Intel(R) Xeon(R) CPU @ 2.80GHz,intel,4,2,2800,17.2,3.14.6,CPython,1,spawn,2.5.3,gil_release,gil_zlib,2,9076,0.0,ms,normal,49,9098,4,2,1,1,0,1,0.0003891333333285729,1.0,0.03461296711213331,0.020430015167910133,1.1672765841647699,0.0,0.00907790000019304,0.0003649000000223168,0.1925560999998197,0.019565099999908853,0.011521800000082294,0.01472990000002028,0.020621;0.019565;0.019345,0.011405;0.011522;0.011523,0.012464;0.015061;0.014730,,threading,2026-10-03T18:45:14+00:00
W4-00352,W4,n2-standard-4,Windows,2022Server,AMD64,Intel(R) Xeon(R) CPU @ 2.80GHz,intel,4,2,2800,17.2,3.14.6,CPython,1,spawn,2.5.3,big_result,result_long_string,2914,597,0.0,ms,normal,85,620,4,2,1,1,0,0,0.000707642857096722,1.0,0.04198643201767163,0.028941152706952265,0.8967691267179151,0.8,0.03209659999993164,0.0007284000007530267,0.1925560999998197,0.06156260000034308,0.06349499999987529,0.07709060000024692,0.060278;0.062520;0.061563,0.063833;0.061611;0.063495,0.077091;0.076943;0.085656,,sequential,2026-10-03T18:45:15+00:00
W4-00353,W4,n2-standard-4,Windows,2022Server,AMD64,Intel(R) Xeon(R) CPU @ 2.80GHz,intel,4,2,2800,17.2,3.14.6,CPython,1,spawn,2.5.3,numpy,np_elementwise,723775,477,0.8,seconds,normal,11,502,4,8,0,4,0,0,0.030954200000148074,1.0,0.5908828967383597,0.0004135141595627852,0.6562220534925353,0.0,0.18210279999993872,0.00027699999964170274,0.35624269999993885,0.43964639999967403,0.1758414000000812,0.1726223000000573,0.384813;0.439646;0.446613,0.175841;0.172023;0.179972,0.163437;0.181340;0.172622,,multiprocessing,2026-10-03T18:45:18+00:00
W4-00354,W4,n2-standard-4,Windows,2022Server,AMD64,Intel(R) Xeon(R) CPU @ 2.80GHz,intel,4,2,2800,17.2,3.14.6,CPython,1,spawn,2.5.3,big_payload,big_checksum_head,6800,103027,0.0,seconds,big,1941,103050,4,2,1,1,0,0,0.0001676731543595708,0.9515330750152852,0.09085481097822845,0.1535427666678037,1.005539588811899,0.0,0.10133719999976165,0.0013663000004271453,0.1925560999998197,0.3119691000001694,0.32005019999996875,0.6979211999996551,0.308926;0.311969;0.314089,0.320050;0.318756;0.321406,0.693835;0.707127;0.697921,,sequential,2026-10-03T18:45:24+00:00
W4-00355,W4,n2-standard-4,Windows,2022Server,AMD64,Intel(R) Xeon(R) CPU @ 2.80GHz,intel,4,2,2800,17.2,3.14.6,CPython,1,spawn,2.5.3,text,text_regex_findall,1,493,0.8,ms,normal,2817,515,4,4,1,1,0,0,2.9426846589201844e-05,1.0,0.3068696186018098,0.14102768541096553,0.8647353627716197,0.0,0.046401799999785,0.001398600001266459,0.18947559999992336,0.08633029999964492,0.08824790000016947,0.04677620000029492,0.084160;0.086330;0.087344,0.086575;0.089993;0.088248,0.047124;0.046776;0.046348,,multiprocessing,2026-10-03T18:45:25+00:00
W4-00356,W4,n2-standard-4,Windows,2022Server,AMD64,Intel(R) Xeon(R) CPU @ 2.80GHz,intel,4,2,2800,17.2,3.14.6,CPython,1,spawn,2.5.3,algo_rec,algo_sudoku,6,615980,0.0,seconds,big,324,616002,4,8,3,28,0,0,0.004060153846169739,1.0,0.5401249398657836,0.08421810464295049,0.44088640925837336,0.0,0.18253350000031787,0.004784700000072917,0.35624269999993885,1.5385934000000816,1.5840084999999817,1.0446068000001105,1.534676;1.618971;1.538593,1.584008;1.564949;1.595661,1.044607;1.035264;1.051690,,multiprocessing,2026-10-03T18:45:39+00:00
W4-00357,W4,n2-standard-4,Windows,2022Server,AMD64,Intel(R) Xeon(R) CPU @ 2.80GHz,intel,4,2,2800,17.2,3.14.6,CPython,1,spawn,2.5.3,gil_release,gil_sha256,62,94313,0.8,seconds,normal,23,94335,4,4,1,1,0,1,0.013319724999973914,1.0,0.24183891460097234,0.0015897475382564347,2.074764240702813,0.8,0.07635979999986375,0.00031849999959376873,0.18947559999992336,0.30580530000042927,0.14778979999982766,0.14733679999972082,0.305805;0.306159;0.305759,0.146542;0.147790;0.148518,0.149405;0.144077;0.147337,,multiprocessing,2026-10-03T18:45:41+00:00
W4-00358,W4,n2-standard-4,Windows,2022Server,AMD64,Intel(R) Xeon(R) CPU @ 2.80GHz,intel,4,2,2800,17.2,3.14.6,CPython,1,spawn,2.5.3,algo_iter,algo_game_of_life,4,20,0.3,seconds,normal,941,39,4,4,5,9,0,0,0.005280369999945833,1.0,0.17542025724095248,0.008450165435922252,0.9826755647630526,0.0,0.10697590000017954,0.000683200000821671,0.18947559999992336,5.3481596999999965,5.538304599999719,2.8727444000001015,5.295998;5.348160;5.718586,5.395500;5.538305;5.545187,2.865511;3.336661;2.872744,,multiprocessing,2026-10-03T18:46:24+00:00
W4-00359,W4,n2-standard-4,Windows,2022Server,AMD64,Intel(R) Xeon(R) CPU @ 2.80GHz,intel,4,2,2800,17.2,3.14.6,CPython,1,spawn,2.5.3,io,io_file_roundtrip,6,531,0.3,seconds,normal,53,553,4,8,1,0,1,0,0.02051596666660771,0.16429382380353036,0.13169429103112223,0.00046630348488435467,1.5557050344757508,0.0,0.09781189999966955,0.0002908999999817752,0.35624269999993885,0.707898799999839,0.18710050000026968,0.18791570000030333,0.953383;0.707899;0.690058,0.195147;0.187101;0.182320,0.193020;0.184168;0.187916,,threading,2026-10-03T18:46:28+00:00
W4-00360,W4,n2-standard-4,Windows,2022Server,AMD64,Intel(R) Xeon(R) CPU @ 2.80GHz,intel,4,2,2800,17.2,3.14.6,CPython,1,spawn,2.5.3,io,io_sleep,648,102886,0.0,seconds,big,443,102909,4,8,0,1,1,0,0.001459274285675097,0.008587543676667142,0.020300197161376782,0.015857197109502254,1.9222362005996223,0.0,0.0786566000001585,0.000829500001600536,0.35624269999993885,0.6486908000001677,0.08254149999993388,0.10444799999959287,0.648691,0.082563;0.082541;0.082497,0.106622;0.101494;0.104448,,threading,2026-10-03T18:46:30+00:00
W4-00361,W4,n2-standard-4,Windows,2022Server,AMD64,Intel(R) Xeon(R) CPU @ 2.80GHz,intel,4,2,2800,17.2,3.14.6,CPython,1,spawn,2.5.3,tiny,tiny_add,26,39,0.0,ms,normal,200000,58,4,4,0,1,0,0,1.3539999849854213e-07,1.0,0.41627371718500034,30.317578172896695,0.3346158791915185,2.3,0.004967599999872618,0.0029520000030061055,0.18947559999992336,0.015034099999866157,0.02183370000011564,0.07494499999984328,0.014267;0.015101;0.015034,0.021834;0.022031;0.021407,0.074945,,sequential,2026-10-03T18:46:31+00:00
W4-00362,W4,n2-standard-4,Windows,2022Server,AMD64,Intel(R) Xeon(R) CPU @ 2.80GHz,intel,4,2,2800,17.2,3.14.6,CPython,1,spawn,2.5.3,io,io_sleep_return_payload,286,16369,0.0,seconds,normal,4884,16392,4,8,0,1,1,0,0.0009733288461662736,0.011196362702473903,0.0178977816523253,0.010073676521288218,1.9886846938469702,0.0,0.07681500000035157,0.0005860999995093152,0.35624269999993885,4.769336700000167,0.5991479000003892,0.732629299999644,4.769337,0.599148;0.599316;0.598214,0.733543;0.731569;0.732629,,threading,2026-10-03T18:46:40+00:00
W4-00363,W4,n2-standard-4,Windows,2022Server,AMD64,Intel(R) Xeon(R) CPU @ 2.80GHz,intel,4,2,2800,17.2,3.14.6,CPython,1,spawn,2.5.3,numpy,np_fft,870833,111,0.0,ms,normal,8,133,4,8,0,0,0,1,0.1886083666668128,0.9998895055281468,0.007083882085130109,6.079617263146954e-05,1.3559117441028177,0.0,0.9828682000002118,0.00027409999984229216,0.35624269999993885,1.5732303999998294,0.6818456000000879,0.6626646999998229,1.491694;1.611201;1.573230,0.681846;0.671377;0.730760,0.638650;0.662665;0.667100,,multiprocessing,2026-10-03T18:46:51+00:00
W4-00364,W4,n2-standard-4,Windows,2022Server,AMD64,Intel(R) Xeon(R) CPU @ 2.80GHz,intel,4,2,2800,17.2,3.14.6,CPython,1,spawn,2.5.3,big_payload,big_checksum_head,534,1098629,0.0,ms,big,182,1098652,4,2,1,1,0,0,1.352888887898492e-05,1.0,0.10666704192234945,55.52045010995157,0.4269322036881558,0.0,0.017535200000111217,0.015420000000631262,0.1925560999998197,0.0023860000001150183,0.002867500000320433,0.5864249999999629,0.002385;0.002386;0.002533,0.003340;0.002868;0.002865,0.586425,,sequential,2026-10-03T18:46:53+00:00
W4-00365,W4,n2-standard-4,Windows,2022Server,AMD64,Intel(R) Xeon(R) CPU @ 2.80GHz,intel,4,2,2800,17.2,3.14.6,CPython,1,spawn,2.5.3,text,text_format_report,12,395002,0.0,ms,big,506,395024,4,8,1,2,0,0,1.807460317390256e-05,0.956796065890726,0.2780458568901279,5.058755596889283,0.77396980573238,2.3,0.007644900000286725,0.002284500000314438,0.35624269999993885,0.008593600000040169,0.00957749999997759,0.5219692000000578,0.008526;0.008958;0.008594,0.009646;0.009451;0.009577,0.521969,,sequential,2026-10-03T18:46:54+00:00
W4-00366,W4,n2-standard-4,Windows,2022Server,AMD64,Intel(R) Xeon(R) CPU @ 2.80GHz,intel,4,2,2800,17.2,3.14.6,CPython,1,spawn,2.5.3,algo_iter,algo_dijkstra,839,1897302,0.3,ms,big,56,1897325,4,4,2,15,0,0,0.0019116785713971954,1.0,0.17474452148592923,0.5212659032166237,0.7846141719005666,0.0,0.07546549999960916,0.014361000000008062,0.18947559999992336,0.11607669999966674,0.12091259999988324,0.2512956000000486,0.114034;0.120188;0.116077,0.120913;0.126865;0.120313,0.251296;0.241305;0.253365,,sequential,2026-10-03T18:46:57+00:00
W4-00367,W4,n2-standard-4,Windows,2022Server,AMD64,Intel(R) Xeon(R) CPU @ 2.80GHz,intel,4,2,2800,17.2,3.14.6,CPython,1,spawn,2.5.3,big_payload,big_count_byte,9,153443,0.0,ms,big,1278,153465,4,4,0,1,0,0,9.225235109858708e-05,1.0,0.026918509243801406,0.4467094824885264,0.9274735666569459,2.3,0.06314300000030926,0.0017625999998927,0.18947559999992336,0.1178132000000005,0.1212721000001693,0.6218029999999999,0.117813;0.117812;0.117815,0.121272;0.120157;0.121881,0.621803,,sequential,2026-10-03T18:46:59+00:00
W4-00368,W4,n2-standard-4,Windows,2022Server,AMD64,Intel(R) Xeon(R) CPU @ 2.80GHz,intel,4,2,2800,17.2,3.14.6,CPython,1,spawn,2.5.3,big_result,result_sorted_pairs,48497,1244,0.8,seconds,normal,22,1267.6666666666667,4,4,1,4,0,0,0.027876566666388197,1.0,0.45260828771237854,0.7173874831592647,1.0514099676763289,2.3,0.22567419999995764,0.060268200000791694,0.18947559999992336,0.7941138999999566,0.8223351999999977,0.6639125000001513,0.794114;0.788672;0.805416,0.822335;0.827413;0.800541,0.663913;0.670559;0.637155,,multiprocessing,2026-10-03T18:47:07+00:00
W4-00369,W4,n2-standard-4,Windows,2022Server,AMD64,Intel(R) Xeon(R) CPU @ 2.80GHz,intel,4,2,2800,17.2,3.14.6,CPython,1,spawn,2.5.3,cpu,cpu_sum_squares,22487,31,0.0,ms,normal,60,51,4,4,1,2,0,0,0.0011649333333177006,1.0,0.016701552973813847,0.004206249303365425,0.9265538634241176,0.0,0.03665199999977631,0.00031160000025920453,0.18947559999992336,0.0716999000001124,0.07361570000011852,0.044755199999599427,0.072875;0.069726;0.071700,0.074284;0.073616;0.070982,0.044712;0.045384;0.044755,,multiprocessing,2026-10-03T18:47:08+00:00
W4-00370,W4,n2-standard-4,Windows,2022Server,AMD64,Intel(R) Xeon(R) CPU @ 2.80GHz,intel,4,2,2800,17.2,3.14.6,CPython,1,spawn,2.5.3,recursive,rec_fib,57138,1484,0.3,seconds,normal,602,1507.4,4,8,0,4,0,0,0.005461430000059409,1.0,0.2193844127008276,0.0011425578919436574,0.9237196808704965,0.0,0.11478399999987232,0.0003136999989692413,0.35624269999993885,3.407225599999947,3.3825901999998678,1.9921418000003541,3.407226;3.400698;3.561981,3.382590;3.366820;3.403363,1.992142;1.992380;1.969550,,multiprocessing,2026-10-03T18:47:35+00:00
W4-00371,W4,n2-standard-4,Windows,2022Server,AMD64,Intel(R) Xeon(R) CPU @ 2.80GHz,intel,4,2,2800,17.2,3.14.6,CPython,1,spawn,2.5.3,text,text_split_count,1,719,0.3,ms,normal,1675,741,4,2,1,1,0,0,8.600741625959231e-05,1.0,0.0599665895258408,0.05057703401192295,0.9269427757795274,0.0,0.07604080000010072,0.0011115000038444123,0.1925560999998197,0.1473798000001807,0.14885210000011284,0.08153720000018438,0.145028;0.147380;0.148332,0.150348;0.148852;0.148025,0.099587;0.081537;0.080147,,multiprocessing,2026-10-03T18:47:37+00:00
W4-00372,W4,n2-standard-4,Windows,2022Server,AMD64,Intel(R) Xeon(R) CPU @ 2.80GHz,intel,4,2,2800,17.2,3.14.6,CPython,1,spawn,2.5.3,cpu,cpu_collatz,21,300009,0.3,ms,big,561,300031,4,4,2,5,0,0,1.4825714294732149e-05,1.0,0.2316061838203652,4.109751392822165,0.7276169427013481,0.0,0.006847199999810982,0.0017790999982025824,0.18947559999992336,0.008365599999706319,0.009177399999771296,0.5025621999998293,0.008809;0.008314;0.008366,0.009307;0.008770;0.009177,0.502562,,sequential,2026-10-03T18:47:39+00:00
W4-00373,W4,n2-standard-4,Windows,2022Server,AMD64,Intel(R) Xeon(R) CPU @ 2.80GHz,intel,4,2,2800,17.2,3.14.6,CPython,1,spawn,2.5.3,cpu,cpu_collatz,300,85,0.8,ms,normal,68,104.47058823529412,4,8,2,5,0,0,0.0010822411764446075,1.0,0.4899233152552711,0.004342839648061131,1.2381906961068028,0.0,0.03405939999993279,0.0004810000004908943,0.35624269999993885,0.07602659999975003,0.07625869999992574,0.042621800000233634,0.076027;0.077916;0.073976,0.076907;0.076259;0.073085,0.042833;0.042622;0.041171,,multiprocessing,2026-10-03T18:47:40+00:00
W4-00374,W4,n2-standard-4,Windows,2022Server,AMD64,Intel(R) Xeon(R) CPU @ 2.80GHz,intel,4,2,2800,17.2,3.14.6,CPython,1,spawn,2.5.3,numpy,np_linalg_solve,16,317,0.8,ms,normal,691,339,4,8,0,3,0,1,3.248604649914257e-05,1.0,0.3789307381011639,0.14098360786540892,0.6316598989113519,0.0,0.015204199999971024,0.0008186000022760709,0.35624269999993885,0.022905400000126974,0.036443099999814876,0.01745630000004894,0.023076;0.022875;0.022905,0.037296;0.036296;0.036443,0.018699;0.017456;0.017364,,multiprocessing,2026-10-03T18:47:41+00:00
W4-00375,W4,n2-standard-4,Windows,2022Server,AMD64,Intel(R) Xeon(R) CPU @ 2.80GHz,intel,4,2,2800,17.2,3.14.6,CPython,1,spawn,2.5.3,mixed,mixed_hash_then_write,5911,13177,0.3,ms,normal,43,13200,4,8,1,3,1,0,0.0006018599999606522,1.0,0.18300129048776753,0.0187086697480828,0.7333184983191553,0.0,0.01428540000006251,0.0003858000004584028,0.35624269999993885,0.024376400000164722,0.026204199999938282,0.016498999999839725,0.024316;0.024682;0.024376,0.028193;0.025841;0.026204,0.016576;0.016499;0.016422,,multiprocessing,2026-10-03T18:47:41+00:00
W4-00376,W4,n2-standard-4,Windows,2022Server,AMD64,Intel(R) Xeon(R) CPU @ 2.80GHz,intel,4,2,2800,17.2,3.14.6,CPython,1,spawn,2.5.3,mixed,mixed_json_roundtrip,2,556,0.3,ms,normal,119,578,4,2,1,1,1,0,0.00014390689654552764,0.5317413569866983,0.1619419550367712,0.03026262213497411,0.7479375646593555,0.0,0.010105700000167417,0.00041260000034526456,0.1925560999998197,0.01305080000020098,0.013507099999969796,0.008448799999769108,0.012995;0.013051;0.013152,0.013507;0.013839;0.013494,0.008934;0.008449;0.008444,,multiprocessing,2026-10-03T18:47:42+00:00
W4-00377,W4,n2-standard-4,Windows,2022Server,AMD64,Intel(R) Xeon(R) CPU @ 2.80GHz,intel,4,2,2800,17.2,3.14.6,CPython,1,spawn,2.5.3,big_payload,big_count_byte,5,3745115,0.8,ms,big,53,3745137,4,8,0,1,0,0,0.002237869230891822,1.0,0.005016727463323756,0.8410335380137518,0.9300642864515785,0.0,0.08541699999977936,0.024956399998245615,0.35624269999993885,0.11916909999990821,0.1228833999998642,0.3187545999999202,0.118414;0.120419;0.119169,0.122883;0.121971;0.123521,0.342649;0.316878;0.318755,,sequential,2026-10-03T18:47:45+00:00
W4-00378,W4,n2-standard-4,Windows,2022Server,AMD64,Intel(R) Xeon(R) CPU @ 2.80GHz,intel,4,2,2800,17.2,3.14.6,CPython,1,spawn,2.5.3,db,db_mem_group_by,3033,34,0.8,ms,normal,8,54,4,2,1,2,1,0,0.004526433333467139,0.9997582430442471,0.12914851501519223,0.0017305751967659057,0.7142021124875187,0.0,0.03139920000012353,0.00024229999962699367,0.1925560999998197,0.028514899999663612,0.03808520000029603,0.02935459999980594,0.028286;0.030116;0.028515,0.037823;0.038728;0.038085,0.020284;0.029355;0.029425,,sequential,2026-10-03T18:47:46+00:00
W4-00379,W4,n2-standard-4,Windows,2022Server,AMD64,Intel(R) Xeon(R) CPU @ 2.80GHz,intel,4,2,2800,17.2,3.14.6,CPython,1,spawn,2.5.3,algo_rec,algo_sudoku,2,103,0.3,ms,normal,10,122,4,2,3,28,0,0,0.0008807000002282924,1.0,0.3413028725928983,0.010900420158858665,0.710931963334929,0.0,0.005756799999744544,0.00023609999925611191,0.1925560999998197,0.0094002000000728,0.009722100000089995,0.010099000000082015,0.008873;0.009400;0.009406,0.009722;0.009668;0.009875,0.010143;0.010099;0.009914,,sequential,2026-10-03T18:47:46+00:00
W4-00380,W4,n2-standard-4,Windows,2022Server,AMD64,Intel(R) Xeon(R) CPU @ 2.80GHz,intel,4,2,2800,17.2,3.14.6,CPython,1,spawn,2.5.3,recursive,rec_tree_sum,109,130639,0.0,ms,big,993,130661,4,8,0,4,0,0,3.182862902914137e-05,1.0,1.0723095076603333,1.0671210487141662,0.904682343878895,0.0,0.018171199999869714,0.0013770000005024485,0.35624269999993885,0.031573499999922205,0.03194600000006176,0.38895400000001246,0.030098;0.031697;0.031573,0.031946;0.032202;0.031496,0.388954,,sequential,2026-10-03T18:47:48+00:00
W4-00381,W4,n2-standard-4,Windows,2022Server,AMD64,Intel(R) Xeon(R) CPU @ 2.80GHz,intel,4,2,2800,17.2,3.14.6,CPython,1,spawn,2.5.3,recursive,rec_quicksort,221,567,0.8,seconds,normal,15521,589.5,4,8,1,8,0,0,0.00022881100917736122,1.0,0.5228528586212766,0.018508724725619066,0.897740134400886,0.0,0.10660409999991316,0.0008084999990387587,0.35624269999993885,3.791769899999963,3.7654176000000916,1.8755341999999473,3.791770;3.796033;3.596187,3.754880;3.773867;3.765418,1.875534;1.880169;1.869699,,multiprocessing,2026-10-03T18:48:17+00:00
W4-00382,W4,n2-standard-4,Windows,2022Server,AMD64,Intel(R) Xeon(R) CPU @ 2.80GHz,intel,4,2,2800,17.2,3.14.6,CPython,1,spawn,2.5.3,gil_release,gil_numpy_matmul,112,1189,0.8,ms,normal,82,1211,4,4,0,2,0,1,0.00022987000006651214,1.0,0.6259164835702508,0.025623178260910654,1.368018150695742,14.4,0.008371299999907933,0.0004945999985466187,0.18947559999992336,0.013225899999724788,0.011259300000347139,0.0078112000001056,0.013226;0.011078;0.013241,0.011864;0.011259;0.010502,0.008011;0.006951;0.007811,,multiprocessing,2026-10-03T18:48:17+00:00
W4-00383,W4,n2-standard-4,Windows,2022Server,AMD64,Intel(R) Xeon(R) CPU @ 2.80GHz,intel,4,2,2800,17.2,3.14.6,CPython,1,spawn,2.5.3,numpy,np_fft,40941,405,0.3,ms,normal,15,428,4,4,0,0,0,1,0.006115633333289831,0.9374497906854021,0.8810364881438422,0.0017278123229985448,3.0223474618688093,25.0,0.026348899999902642,0.00027060000002165907,0.18947559999992336,0.06854119999979957,0.036021700000219425,0.04618960000016159,0.070634;0.064173;0.068541,0.037405;0.035684;0.036022,0.046492;0.046190;0.032716,,threading,2026-10-03T18:48:18+00:00
W4-00384,W4,n2-standard-4,Windows,2022Server,AMD64,Intel(R) Xeon(R) CPU @ 2.80GHz,intel,4,2,2800,17.2,3.14.6,CPython,1,spawn,2.5.3,big_result,result_matrix_lists,12,1117,0.3,seconds,normal,23871,1139,4,4,2,5,0,0,2.3535349998837774e-05,1.0,9.264285625515212,0.6056846402162821,1.159357284947493,28.9,0.09285120000004099,0.004172400002516952,0.18947559999992336,0.5707864999999401,0.5601636999999755,0.47169549999989613,0.599556;0.509706;0.570786,0.549701;0.560164;0.578553,0.443215;0.473895;0.471695,,multiprocessing,2026-10-03T18:48:24+00:00
W4-00385,W4,n2-standard-4,Windows,2022Server,AMD64,Intel(R) Xeon(R) CPU @ 2.80GHz,intel,4,2,2800,17.2,3.14.6,CPython,1,spawn,2.5.3,algo_iter,algo_kmeans,265,23,0.8,ms,normal,8,42,4,4,3,15,0,0,0.0028920333332583445,0.954503592388291,0.2731841624156865,0.004057122461116132,0.28565558461352114,14.1,0.03441259999999602,0.00024270000039905426,0.18947559999992336,0.05342930000006163,0.058407399999850895,0.03650019999986398,0.063903;0.053429;0.053224,0.066763;0.053631;0.058407,0.038488;0.034336;0.036500,,multiprocessing,2026-10-03T18:48:25+00:00
W4-00386,W4,n2-standard-4,Windows,2022Server,AMD64,Intel(R) Xeon(R) CPU @ 2.80GHz,intel,4,2,2800,17.2,3.14.6,CPython,1,spawn,2.5.3,cpu,cpu_collatz,61,959,0.0,ms,normal,1085,981,4,4,2,5,0,0,0.00011971955716515072,1.0,0.1801588592292715,0.03921665029572348,1.0154321566038602,25.0,0.06542209999997795,0.000895500008482486,0.18947559999992336,0.12818289999995613,0.1251857999995991,0.07787550000011834,0.122222;0.128183;0.131228,0.125186;0.128478;0.124445,0.077876;0.066673;0.083504,,multiprocessing,2026-10-03T18:48:26+00:00
W4-00387,W4,n2-standard-4,Windows,2022Server,AMD64,Intel(R) Xeon(R) CPU @ 2.80GHz,intel,4,2,2800,17.2,3.14.6,CPython,1,spawn,2.5.3,cpu,cpu_count_primes,333,1792397,0.8,ms,big,111,1792419.75,4,4,2,4,0,0,8.48444444306585e-05,1.0,0.4574199093129748,11.24239785424179,0.8787498318076413,9.8,0.024474199999986013,0.01947020000034172,0.18947559999992336,0.008898499999759224,0.009208299999954761,0.48711249999996653,0.008891;0.008898;0.008936,0.009272;0.009181;0.009208,0.487112,,sequential,2026-10-03T18:48:28+00:00
W4-00388,W4,n2-standard-4,Windows,2022Server,AMD64,Intel(R) Xeon(R) CPU @ 2.80GHz,intel,4,2,2800,17.2,3.14.6,CPython,1,spawn,2.5.3,recursive,rec_tree_sum,22960,371,0.0,ms,normal,8,394,4,4,0,4,0,0,0.012615933333412007,0.9937772697633295,0.2546630787198323,0.0010278008396200423,1.1508207350911837,1.5,0.07336390000000392,0.00028569999949468183,0.18947559999992336,0.08207660000016404,0.0903017999999065,0.04240749999962645,0.082139;0.082077;0.076885,0.089151;0.090650;0.090302,0.042326;0.049768;0.042407,,multiprocessing,2026-10-03T18:48:29+00:00
W4-00389,W4,n2-standard-4,Windows,2022Server,AMD64,Intel(R) Xeon(R) CPU @ 2.80GHz,intel,4,2,2800,17.2,3.14.6,CPython,1,spawn,2.5.3,numpy,np_fft,4635,1434936,0.0,ms,big,21,1434959,4,8,0,0,0,1,0.006144260000019131,0.9470197708861301,0.01411415499408204,0.1601006467756248,1.4799343820708493,0.0,0.05677190000005794,0.005268200000045908,0.35624269999993885,0.12917949999973644,0.056434099999933096,0.07164560000001075,0.130114;0.129179;0.124134,0.055729;0.056434;0.056776,0.071646;0.071049;0.075374,,threading,2026-10-03T18:48:31+00:00
W4-00390,W4,n2-standard-4,Windows,2022Server,AMD64,Intel(R) Xeon(R) CPU @ 2.80GHz,intel,4,2,2800,17.2,3.14.6,CPython,1,spawn,2.5.3,big_payload,big_upper_copy,5,156583,0.3,seconds,big,1277,156605,4,2,0,0,0,0,0.00011168526645411008,1.0,0.0992777536625613,0.5037369906128927,0.9464617718910784,0.0,0.07554380000010497,0.0020622000010916963,0.1925560999998197,0.154483700000128,0.16111589999991338,0.952404099999967,0.154484;0.162503;0.153803,0.158907;0.169719;0.161116,0.952404,,sequential,2026-10-03T18:48:34+00:00
W4-00391,W4,n2-standard-4,Windows,2022Server,AMD64,Intel(R) Xeon(R) CPU @ 2.80GHz,intel,4,2,2800,17.2,3.14.6,CPython,1,spawn,2.5.3,io,io_sleep_chunks,532,137,0.3,ms,normal,8,157,4,8,1,1,1,0,0.0038648666666934637,0.012918548500528771,0.015255144793289219,0.0028202783875388706,1.429431572809325,0.0,0.020108199999867793,0.00025269999969168566,0.35624269999993885,0.03133720000005269,0.004261400000359572,0.004358700000011595,0.031337,0.004261;0.004380;0.004212,0.004278;0.004554;0.004359,,threading,2026-10-03T18:48:34+00:00
W4-00392,W4,n2-standard-4,Windows,2022Server,AMD64,Intel(R) Xeon(R) CPU @ 2.80GHz,intel,4,2,2800,17.2,3.14.6,CPython,1,spawn,2.5.3,tiny,tiny_small_loop,154,63,0.0,ms,normal,35893,82,4,2,0,0,0,0,9.284500038120313e-07,1.0,0.1365604772392369,4.2005493359731165,0.6874359509643285,4.5,0.008519699999851582,0.0030540999923687195,0.1925560999998197,0.03805770000008124,0.03635020000001532,0.03347189999976763,0.036520;0.038161;0.038058,0.036350;0.035142;0.036972,0.033472;0.040697;0.031059,,multiprocessing,2026-10-03T18:48:35+00:00
W4-00393,W4,n2-standard-4,Windows,2022Server,AMD64,Intel(R) Xeon(R) CPU @ 2.80GHz,intel,4,2,2800,17.2,3.14.6,CPython,1,spawn,2.5.3,cpu,cpu_collatz,1005,25,0.0,seconds,normal,222,45,4,4,2,5,0,0,0.004582718181857424,1.0,0.003390776391554555,0.0012735593693157447,0.9704287043342418,0.0,0.10271710000006351,0.00031279999939215486,0.18947559999992336,1.0171480000003612,0.9977310000003854,0.5459462000003441,1.027172;1.017148;1.010587,0.992928;0.998361;0.997731,0.548799;0.544726;0.545946,,multiprocessing,2026-10-03T18:48:43+00:00
W4-00394,W4,n2-standard-4,Windows,2022Server,AMD64,Intel(R) Xeon(R) CPU @ 2.80GHz,intel,4,2,2800,17.2,3.14.6,CPython,1,spawn,2.5.3,db,db_mem_insert_select,20,209353,0.3,seconds,big,955,209375,4,2,1,1,1,0,0.00010340126052234009,1.0,0.13085609897567643,0.44046851851160956,0.8603944442930145,0.0,0.05483719999983805,0.0016635999954814906,0.1925560999998197,0.09702549999974508,0.12089630000036777,0.6363796000000548,0.097025;0.133583;0.096885,0.120010;0.122768;0.120896,0.636380,,sequential,2026-10-03T18:48:46+00:00
W4-00395,W4,n2-standard-4,Windows,2022Server,AMD64,Intel(R) Xeon(R) CPU @ 2.80GHz,intel,4,2,2800,17.2,3.14.6,CPython,1,spawn,2.5.3,algo_iter,algo_game_of_life,3,1593,0.3,ms,normal,8,1615,4,4,5,9,0,0,0.005481533333295374,0.9514912078877874,0.1234324115750654,0.011924887213307402,1.1899592537811408,1.6,0.03194459999986066,0.0003934999999728461,0.18947559999992336,0.04148489999988669,0.0421476999999868,0.02270120000002862,0.041485;0.039750;0.041616,0.042148;0.042025;0.042806,0.023344;0.022684;0.022701,,multiprocessing,2026-10-03T18:48:47+00:00
W4-00396,W4,n2-standard-4,Windows,2022Server,AMD64,Intel(R) Xeon(R) CPU @ 2.80GHz,intel,4,2,2800,17.2,3.14.6,CPython,1,spawn,2.5.3,numpy,np_elementwise,10934,175895,0.3,ms,big,14,175918,4,8,0,4,0,0,0.0012507333334118205,1.0,0.00855917277893684,0.06865305667142155,1.1331927419721481,0.0,0.007589399999687885,0.00048089999972944497,0.35624269999993885,0.017228599999725702,0.00900839999985692,0.008741600000121252,0.016717;0.017229;0.017423,0.009126;0.008809;0.009008,0.009124;0.008439;0.008742,,multiprocessing,2026-10-03T18:48:47+00:00
W4-00397,W4,n2-standard-4,Windows,2022Server,AMD64,Intel(R) Xeon(R) CPU @ 2.80GHz,intel,4,2,2800,17.2,3.14.6,CPython,1,spawn,2.5.3,algo_rec,algo_sudoku,4,1739278,0.3,seconds,big,114,1739300,4,8,3,28,0,0,0.0018518214285774906,1.0,0.8468556081071897,0.5196370368958406,0.6355167035331326,1.5,0.15367969999988418,0.019691799999691284,0.35624269999993885,0.3495529000001625,0.3597578999997495,0.4813393000003998,0.349553;0.366606;0.349055,0.361191;0.359758;0.358643,0.481339;0.498892;0.472333,,sequential,2026-10-03T18:48:52+00:00
W4-00398,W4,n2-standard-4,Windows,2022Server,AMD64,Intel(R) Xeon(R) CPU @ 2.80GHz,intel,4,2,2800,17.2,3.14.6,CPython,1,spawn,2.5.3,algo_iter,algo_edit_distance,5150,119415,0.3,ms,big,26,119438,4,2,2,16,0,0,0.000995700000051632,1.0,0.12105437417280215,0.028756988434881847,0.8474713187330607,4.5,0.013479500000357802,0.0004272000001037668,0.1925560999998197,0.025981100000080914,0.026136399999813875,0.016529499999705877,0.026167;0.024752;0.025981,0.026136;0.025008;0.026432,0.017080;0.016529;0.016406,,multiprocessing,2026-10-03T18:48:53+00:00
W4-00399,W4,n2-standard-4,Windows,2022Server,AMD64,Intel(R) Xeon(R) CPU @ 2.80GHz,intel,4,2,2800,17.2,3.14.6,CPython,1,spawn,2.5.3,numpy,np_elementwise,22005,2344,0.8,seconds,normal,760,2367,4,4,0,4,0,0,0.0007181400000003383,0.9757403764180321,0.4743832932339858,0.007470688124832982,1.9719556913879692,0.0,0.07663129999991725,0.0005836999998791725,0.18947559999992336,0.5206574000003457,0.2535505999999259,0.2504103999999643,0.496554;0.520657;0.522779,0.253551;0.258161;0.252329,0.255888;0.250410;0.248940,,multiprocessing,2026-10-03T18:48:57+00:00
W4-00400,W4,n2-standard-4,Windows,2022Server,AMD64,Intel(R) Xeon(R) CPU @ 2.80GHz,intel,4,2,2800,17.2,3.14.6,CPython,1,spawn,2.5.3,db,db_mem_insert_select,155,166,0.0,seconds,normal,2954,185,4,8,1,1,1,0,0.00020955462184224226,1.0,0.0781148776056437,0.018133696871007948,0.8122742460149666,0.0,0.11201140000002852,0.0008343000017703162,0.35624269999993885,0.6103972999999314,1.1412878000001,0.31420299999990675,0.610397;0.604477;0.650269,1.141288;1.165335;1.135882,0.317560;0.314203;0.312185,,multiprocessing,2026-10-03T18:49:04+00:00
W4-00401,W4,n2-standard-4,Windows,2022Server,AMD64,Intel(R) Xeon(R) CPU @ 2.80GHz,intel,4,2,2800,17.2,3.14.6,CPython,1,spawn,2.5.3,recursive,rec_quicksort,18735,665,0.8,ms,normal,8,688,4,8,1,8,0,0,0.03088096666670026,1.0,0.5249807282491934,0.00045011544447202376,0.7539929030059693,0.0,0.1819804000001568,0.0002787999997053703,0.35624269999993885,0.2589554000001044,0.26356170000008206,0.1498034999999618,0.252066;0.258955;0.268041,0.264309;0.262706;0.263562,0.149803;0.147937;0.155010,,multiprocessing,2026-10-03T18:49:07+00:00
W4-00402,W4,n2-standard-4,Windows,2022Server,AMD64,Intel(R) Xeon(R) CPU @ 2.80GHz,intel,4,2,2800,17.2,3.14.6,CPython,1,spawn,2.5.3,numpy,np_linalg_solve,104,825,0.3,ms,normal,265,847,4,4,0,3,0,1,0.00016926666665478314,1.0,0.3333838066559808,0.029834580839694428,0.7562352885307645,0.0,0.026239699999678123,0.0005726000003960507,0.18947559999992336,0.04523280000012164,0.08411569999998392,0.023212000000057742,0.041536;0.045822;0.045233,0.085948;0.084044;0.084116,0.023666;0.023212;0.023164,,multiprocessing,2026-10-03T18:49:08+00:00
W4-00403,W4,n2-standard-4,Windows,2022Server,AMD64,Intel(R) Xeon(R) CPU @ 2.80GHz,intel,4,2,2800,17.2,3.14.6,CPython,1,spawn,2.5.3,algo_iter,algo_game_of_life,11,172135,0.8,seconds,big,178,172157,4,4,5,9,0,0,0.016269550000060917,1.0,0.5172223587936714,0.007232836799752409,1.2752804091450483,0.0,0.12091969999983121,0.0007134999996196711,0.18947559999992336,2.6727624000000105,2.697519100000136,1.4770989999997255,2.629845;2.744046;2.672762,2.701642;2.690801;2.697519,1.474841;1.477099;1.485376,,multiprocessing,2026-10-03T18:49:29+00:00
W4-00404,W4,n2-standard-4,Windows,2022Server,AMD64,Intel(R) Xeon(R) CPU @ 2.80GHz,intel,4,2,2800,17.2,3.14.6,CPython,1,spawn,2.5.3,io,io_sleep_return_payload,766,1858,0.8,seconds,normal,1417,1880.95,4,8,0,1,1,0,0.0014594457143045603,0.00774302795684541,0.22793206222372903,0.0034465139171667063,2.0468715591534923,0.0,0.07671389999995881,0.0004940999992868456,0.35624269999993885,2.073951500000021,0.25209440000026007,0.24856019999970158,2.073952,0.249612;0.252094;0.253857,0.248560;0.246420;0.249276,,multiprocessing,2026-10-03T18:49:33+00:00
W4-00405,W4,n2-standard-4,Windows,2022Server,AMD64,Intel(R) Xeon(R) CPU @ 2.80GHz,intel,4,2,2800,17.2,3.14.6,CPython,1,spawn,2.5.3,tiny,tiny_dict_lookup,197,1856884,0.0,seconds,big,107,1856906,4,8,0,1,0,0,6.576922609943163e-07,1.0,0.7720406291103549,1506.6392882671585,0.02348765733528428,0.0,0.020926799999870127,0.020209100001011393,0.35624269999993885,4.089999993084348e-05,0.0005387999999584281,0.43837719999964975,0.000050;0.000041;0.000020,0.000539,0.438377,,sequential,2026-10-03T18:49:35+00:00
W4-00406,W4,n2-standard-4,Windows,2022Server,AMD64,Intel(R) Xeon(R) CPU @ 2.80GHz,intel,4,2,2800,17.2,3.14.6,CPython,1,spawn,2.5.3,io,io_sleep_chunks,17776,292,0.3,seconds,normal,57,315,4,4,1,1,1,0,0.02192496666657462,0.003990197603688004,0.11680045965879075,0.000559483931323271,1.5041207159510879,0.0,0.10651809999990292,0.0002761000005193637,0.18947559999992336,1.1589084000002003,0.32323749999977736,0.32328640000014275,1.159902;1.158908;1.158409,0.324164;0.323237;0.322392,0.323929;0.321814;0.323286,,threading,2026-10-03T18:49:41+00:00
W4-00407,W4,n2-standard-4,Windows,2022Server,AMD64,Intel(R) Xeon(R) CPU @ 2.80GHz,intel,4,2,2800,17.2,3.14.6,CPython,1,spawn,2.5.3,tiny,tiny_add,305,308,0.3,seconds,normal,200000,330.8,4,4,0,1,0,0,2.01949997972406e-07,1.0,0.4160977102593998,20.17826199915692,0.39645990851546953,0.0,0.0054322000000865955,0.003099400003975461,0.18947559999992336,0.027326999999786494,0.03753679999999804,0.25668409999980213,0.030363;0.026986;0.027327,0.037537;0.036797;0.038754,0.256684,,sequential,2026-10-03T18:49:42+00:00
W4-00408,W4,n2-standard-4,Windows,2022Server,AMD64,Intel(R) Xeon(R) CPU @ 2.80GHz,intel,4,2,2800,17.2,3.14.6,CPython,1,spawn,2.5.3,recursive,rec_tree_sum,176,1533,0.8,seconds,normal,35494,1555.25,4,8,0,4,0,0,5.858549528492198e-05,1.0,0.5917482903365205,0.07390907826314853,0.9405184098617401,1.5,0.10467510000034963,0.0016853999986778945,0.35624269999993885,2.2326677000000927,2.213782700000138,1.2618145000001277,2.232668;2.238862;2.160742,2.207663;2.213783;2.232963,1.261815;1.269863;1.256493,,multiprocessing,2026-10-03T18:50:00+00:00
W4-00409,W4,n2-standard-4,Windows,2022Server,AMD64,Intel(R) Xeon(R) CPU @ 2.80GHz,intel,4,2,2800,17.2,3.14.6,CPython,1,spawn,2.5.3,algo_iter,algo_edit_distance,1050,910,0.8,seconds,normal,2197,933,4,4,2,16,0,0,0.00017837580069881952,1.0,0.4406973960103796,0.023854132707397377,0.9925952334906895,0.0,0.10147259999985181,0.0007890000033512479,0.18947559999992336,0.39961310000035155,0.39320160000033866,0.22310739999966245,0.380622;0.399613;0.401802,0.393202;0.397266;0.392115,0.223107;0.222263;0.224175,,multiprocessing,2026-10-03T18:50:04+00:00
W4-00410,W4,n2-standard-4,Windows,2022Server,AMD64,Intel(R) Xeon(R) CPU @ 2.80GHz,intel,4,2,2800,17.2,3.14.6,CPython,1,spawn,2.5.3,cpu,cpu_collatz,83,141833,0.0,ms,big,1390,141855,4,8,2,5,0,0,0.00017466538461407877,1.0,0.016463033291430767,0.18177614310020235,0.9884764277516158,0.0,0.10201899999992747,0.00133010000035938,0.35624269999993885,0.24377400000003036,0.23858460000019477,0.614164499999788,0.241349;0.243774;0.251996,0.238724;0.238585;0.237413,0.614164;0.606216;0.652208,,threading,2026-10-03T18:50:08+00:00
W4-00411,W4,n2-standard-4,Windows,2022Server,AMD64,Intel(R) Xeon(R) CPU @ 2.80GHz,intel,4,2,2800,17.2,3.14.6,CPython,1,spawn,2.5.3,cpu,cpu_count_primes,254,461,0.0,seconds,normal,4743,483,4,8,2,4,0,0,4.7343238093162655e-05,1.0,0.02596634440968806,0.09061484100723058,0.9957718542817529,3.9,0.10203099999989718,0.0018549000019447703,0.35624269999993885,0.23548840000012206,0.221838000000389,0.1331636999998409,0.235488;0.236317;0.234065,0.221559;0.221838;0.222716,0.132925;0.133164;0.133380,,multiprocessing,2026-10-03T18:50:11+00:00
W4-00412,W4,n2-standard-4,Windows,2022Server,AMD64,Intel(R) Xeon(R) CPU @ 2.80GHz,intel,4,2,2800,17.2,3.14.6,CPython,1,spawn,2.5.3,cpu,cpu_collatz,107,1018,0.0,seconds,normal,5200,1040,4,8,2,5,0,0,0.00024789851486185387,1.0,0.011720864458942166,0.01946361011685817,0.999317858767465,0.0,0.1010257000002639,0.0006843999981356319,0.35624269999993885,1.3461877000004279,1.280031400000098,0.7097470999997313,1.357147;1.346188;1.291785,1.272004;1.280031;1.281026,0.709747;0.708725;0.710524,,multiprocessing,2026-10-03T18:50:21+00:00
W4-00413,W4,n2-standard-4,Windows,2022Server,AMD64,Intel(R) Xeon(R) CPU @ 2.80GHz,intel,4,2,2800,17.2,3.14.6,CPython,1,spawn,2.5.3,algo_rec,algo_merge_sort,236,501,0.3,ms,normal,34,523.5,4,4,1,10,0,0,0.00035812500004794856,1.0,0.22113348717667347,0.053123909481330014,0.7581478158430346,0.0,0.007197399999768095,0.00037669999937861576,0.18947559999992336,0.012518000000000029,0.01346449999982724,0.008447700000033365,0.012875;0.012518;0.012208,0.013464;0.013135;0.013510,0.008448;0.008374;0.008675,,multiprocessing,2026-10-03T18:50:22+00:00
W4-00414,W4,n2-standard-4,Windows,2022Server,AMD64,Intel(R) Xeon(R) CPU @ 2.80GHz,intel,4,2,2800,17.2,3.14.6,CPython,1,spawn,2.5.3,algo_rec,algo_lcs_memo,5,137,0.3,seconds,normal,284,156,4,8,1,10,0,0,0.016783824999833996,0.9502960883198613,0.15554607597805575,0.0005585735001971924,1.1946894090041091,0.0,0.12467319999996107,0.0002960000006169139,0.35624269999993885,4.314441600000009,4.868390499999805,2.186177499999758,4.346692;4.277850;4.314442,4.940189;4.868390;4.503667,2.269955;2.170784;2.186177,,multiprocessing,2026-10-03T18:50:56+00:00
W4-00415,W4,n2-standard-4,Windows,2022Server,AMD64,Intel(R) Xeon(R) CPU @ 2.80GHz,intel,4,2,2800,17.2,3.14.6,CPython,1,spawn,2.5.3,text,text_split_count,60,482,0.8,seconds,normal,1328,504,4,2,1,1,0,0,0.0015252212121567661,1.0,0.4300396506670536,0.002861879912871832,0.9041170153770739,0.0,0.10526019999997516,0.00043379999851822504,0.1925560999998197,1.9807267000001048,2.0047961000000214,1.1492613999998866,1.980727;1.899084;2.002256,2.004796;2.011467;1.999090,1.041437;1.196422;1.149261,,multiprocessing,2026-10-03T18:51:20+00:00
W4-00416,W4,n2-standard-4,Windows,2022Server,AMD64,Intel(R) Xeon(R) CPU @ 2.80GHz,intel,4,2,2800,17.2,3.14.6,CPython,1,spawn,2.5.3,mixed,mixed_parse_lines,73,12371,0.3,ms,normal,8,12393,4,2,2,3,1,0,0.044360466666451735,0.9710018656565826,0.07124266086690885,0.00033889033388301884,0.9592199368198646,1.6,0.27544269999998505,0.00029470000072251423,0.1925560999998197,0.3532227000000603,0.35609070000009524,0.18503599999985454,0.353223;0.357194;0.352837,0.360800;0.355144;0.356091,0.184742;0.185069;0.185036,,multiprocessing,2026-10-03T18:51:23+00:00
W4-00417,W4,n2-standard-4,Windows,2022Server,AMD64,Intel(R) Xeon(R) CPU @ 2.80GHz,intel,4,2,2800,17.2,3.14.6,CPython,1,spawn,2.5.3,recursive,rec_tree_sum,532,778,0.8,seconds,normal,36689,800.85,4,4,0,4,0,0,0.00016985476191639834,1.0,0.45133916131709395,0.02843605861684481,0.9793186894989978,0.0,0.10193849999996019,0.0009039999963533774,0.18947559999992336,6.2303054999997585,6.360802799999874,3.535127300000113,6.179722;6.230305;6.261051,6.360803;6.371308;6.342496,3.535127;3.592149;3.512299,,multiprocessing,2026-10-03T18:52:12+00:00
W4-00418,W4,n2-standard-4,Windows,2022Server,AMD64,Intel(R) Xeon(R) CPU @ 2.80GHz,intel,4,2,2800,17.2,3.14.6,CPython,1,spawn,2.5.3,tiny,tiny_small_loop,99,669145,0.0,ms,big,298,669167,4,8,0,0,0,0,1.0108107953537665e-06,1.0,0.33035190223900224,174.6172486499642,0.0882554917985489,0.0,0.004891099999895232,0.003898000000845059,0.35624269999993885,0.00023279999959413544,0.0008026000000427302,0.5034490999996706,0.000260;0.000215;0.000233,0.000803;0.001126;0.000685,0.503449,,sequential,2026-10-03T18:52:14+00:00
W4-00419,W4,n2-standard-4,Windows,2022Server,AMD64,Intel(R) Xeon(R) CPU @ 2.80GHz,intel,4,2,2800,17.2,3.14.6,CPython,1,spawn,2.5.3,recursive,rec_tree_sum,20927,110,0.3,ms,normal,8,130,4,8,0,4,0,0,0.009505166666713194,1.0,0.026293393321599377,0.0013571566183189234,0.8147697608813299,0.0,0.0632354999997915,0.00028469999961089343,0.35624269999993885,0.08732280000003811,0.08394640000005893,0.07051099999989674,0.094873;0.086171;0.087323,0.083431;0.084188;0.083946,0.041882;0.143429;0.070511,,multiprocessing,2026-10-03T18:52:15+00:00
W4-00420,W4,n2-standard-4,Windows,2022Server,AMD64,Intel(R) Xeon(R) CPU @ 2.80GHz,intel,4,2,2800,17.2,3.14.6,CPython,1,spawn,2.5.3,db,db_file_commit,3,1518896,0.0,seconds,big,131,1518918,4,2,1,0,1,0,0.042702899999918977,0.4656371929463873,0.019140260722465902,0.024195858675905495,1.4547506135054706,0.0,0.220386999999846,0.0034670999998525076,0.1925560999998197,5.551756899999873,5.118820300000152,5.120151799999803,5.501522;5.678974;5.551757,5.118820;5.134339;5.050346,5.116409;5.129383;5.120152,,threading,2026-10-03T18:53:04+00:00
W4-00421,W4,n2-standard-4,Windows,2022Server,AMD64,Intel(R) Xeon(R) CPU @ 2.80GHz,intel,4,2,2800,17.2,3.14.6,CPython,1,spawn,2.5.3,algo_iter,algo_game_of_life,2,54,0.3,seconds,normal,345,73,4,8,5,9,0,0,0.0028916555554840467,1.0,0.14892445430509296,0.01660332989314799,0.9704994395756859,0.8,0.10693960000025982,0.0011507000017445534,0.35624269999993885,1.0375899999999092,1.034274600000117,0.5520931000000928,1.037590;1.022022;1.052316,1.034275;1.031739;1.038279,0.547652;0.552093;0.552989,,multiprocessing,2026-10-03T18:53:13+00:00
W4-00422,W4,n2-standard-4,Windows,2022Server,AMD64,Intel(R) Xeon(R) CPU @ 2.80GHz,intel,4,2,2800,17.2,3.14.6,CPython,1,spawn,2.5.3,mixed,mixed_parse_lines,3,1168,0.8,ms,normal,106,1190,4,2,2,3,1,0,0.0008750884615682691,0.2292285382067926,0.3149614253483185,0.0052051880056719355,1.6996810880390467,0.0,0.03673140000000785,0.0004584999992403027,0.1925560999998197,0.1016340000001037,0.05507790000001478,0.05179050000015195,0.101634;0.101429;0.103789,0.055119;0.055078;0.054806,0.049979;0.051791;0.052907,,multiprocessing,2026-10-03T18:53:14+00:00
W4-00423,W4,n2-standard-4,Windows,2022Server,AMD64,Intel(R) Xeon(R) CPU @ 2.80GHz,intel,4,2,2800,17.2,3.14.6,CPython,1,spawn,2.5.3,db,db_file_lookup,18,152,0.3,ms,normal,26,171,4,2,1,5,1,0,0.0007823499999328002,1.0,0.20841435978776046,0.006923584848324466,0.1311809808964477,0.0,0.03808789999993678,0.0002692000002753048,0.1925560999998197,0.0203867000000173,0.013026200000240351,0.012903499999993073,0.019272;0.020501;0.020387,0.013026;0.013466;0.012777,0.013457;0.012903;0.012532,,multiprocessing,2026-10-03T18:53:15+00:00
W4-00424,W4,n2-standard-4,Windows,2022Server,AMD64,Intel(R) Xeon(R) CPU @ 2.80GHz,intel,4,2,2800,17.2,3.14.6,CPython,1,spawn,2.5.3,algo_rec,algo_flood_fill,5,171902,0.3,ms,big,13,171924,4,4,3,10,0,0,0.0016726666667636891,1.0,0.4071756818587933,0.024172977289585524,0.7829563812617387,1.6,0.010992200000146113,0.000330399999711517,0.18947559999992336,0.02096590000019205,0.022349999999732972,0.013238499999715714,0.020692;0.020966;0.021413,0.021806;0.022521;0.022350,0.013180;0.014169;0.013238,,multiprocessing,2026-10-03T18:53:16+00:00
W4-00425,W4,n2-standard-4,Windows,2022Server,AMD64,Intel(R) Xeon(R) CPU @ 2.80GHz,intel,4,2,2800,17.2,3.14.6,CPython,1,spawn,2.5.3,recursive,rec_quicksort,7310,1032050,0.3,seconds,big,117,1032073,4,2,1,8,0,0,0.011517400000047927,1.0,0.1606803447004221,0.05689304878472697,1.0252591037754013,0.0,0.11460890000034851,0.0035914000000047963,0.1925560999998197,1.370853299999908,1.3682103999999526,0.9535497000001669,1.370853;1.327437;1.398298,1.368210;1.375576;1.359357,0.986449;0.953550;0.949512,,multiprocessing,2026-10-03T18:53:28+00:00
W4-00426,W4,n2-standard-4,Windows,2022Server,AMD64,Intel(R) Xeon(R) CPU @ 2.80GHz,intel,4,2,2800,17.2,3.14.6,CPython,1,spawn,2.5.3,mixed,mixed_json_roundtrip,15,2933,0.8,ms,normal,8,2955,4,2,1,1,1,0,0.0007652999999360569,0.5948589582869003,0.6708427989505513,0.013153882947020135,0.720381606180495,0.0,0.006341899999824818,0.00023019999980533612,0.1925560999998197,0.008599299999787036,0.006819000000177766,0.005872400000043854,0.007660;0.008599;0.008633,0.006270;0.006946;0.006819,0.005525;0.006897;0.005872,,multiprocessing,2026-10-03T18:53:28+00:00
W4-00427,W4,n2-standard-4,Windows,2022Server,AMD64,Intel(R) Xeon(R) CPU @ 2.80GHz,intel,4,2,2800,17.2,3.14.6,CPython,1,spawn,2.5.3,numpy,np_fft,3798,5171,0.3,ms,normal,22,5194,4,4,0,0,0,1,0.00021498000005522045,1.0,0.6387382462246386,0.043911061625784654,0.8692627162431227,1.5,0.002593700000034005,0.0002886999996007944,0.18947559999992336,0.004274599999916973,0.003125800000361778,0.003649100000075123,0.004275;0.004198;0.004298,0.003126;0.003159;0.002746,0.004030;0.003649;0.003344,,threading,2026-10-03T18:53:29+00:00
W4-00428,W4,n2-standard-4,Windows,2022Server,AMD64,Intel(R) Xeon(R) CPU @ 2.80GHz,intel,4,2,2800,17.2,3.14.6,CPython,1,spawn,2.5.3,tiny,tiny_dict_lookup,254,142,0.0,ms,normal,26700,161,4,2,0,1,0,0,3.0084999934842927e-07,1.0,0.29960037181540217,12.68073798217135,0.45680975652421496,0.0,0.005975899999612011,0.003152700001010089,0.1925560999998197,0.006795299999794224,0.0088820000000851,0.01501479999978983,0.007095;0.006795;0.006612,0.008601;0.009234;0.008882,0.016220;0.014547;0.015015,,sequential,2026-10-03T18:53:30+00:00
W4-00429,W4,n2-standard-4,Windows,2022Server,AMD64,Intel(R) Xeon(R) CPU @ 2.80GHz,intel,4,2,2800,17.2,3.14.6,CPython,1,spawn,2.5.3,numpy,np_fft,1097,245,0.3,ms,normal,1530,265,4,2,0,0,0,1,6.225130891120588e-05,1.0,0.582354796551492,0.062087048420356984,1.152830158331858,0.0,0.045641799999884825,0.00106429999550528,0.1925560999998197,0.09609560000035344,0.07479100000000471,0.07114000000001397,0.096096;0.094358;0.100323,0.075925;0.074791;0.074676,0.084162;0.054793;0.071140,,multiprocessing,2026-10-03T18:53:31+00:00
W4-00430,W4,n2-standard-4,Windows,2022Server,AMD64,Intel(R) Xeon(R) CPU @ 2.80GHz,intel,4,2,2800,17.2,3.14.6,CPython,1,spawn,2.5.3,big_payload,big_checksum_head,2318,376161,0.0,ms,big,531,376184,4,8,1,1,0,0,5.4615909107269545e-05,1.0,0.04538965932386962,1.299987517032889,0.85819447039027,0.0,0.01766849999967235,0.0019192999975530256,0.35624269999993885,0.029266000000006898,0.03080450000015844,0.5579038999999284,0.030624;0.029213;0.029266,0.030611;0.030805;0.032601,0.557904,,sequential,2026-10-03T18:53:33+00:00
W4-00431,W4,n2-standard-4,Windows,2022Server,AMD64,Intel(R) Xeon(R) CPU @ 2.80GHz,intel,4,2,2800,17.2,3.14.6,CPython,1,spawn,2.5.3,cpu,cpu_count_primes,701,1157,0.3,ms,normal,456,1180,4,8,2,4,0,0,0.00018444473684004996,1.0,0.23539547071766986,0.025373453909773976,0.9616381494137237,3.0,0.04360110000015993,0.0006198000005497306,0.35624269999993885,0.08943550000003597,0.08571489999985715,0.05373939999981303,0.089436;0.089160;0.089486,0.085887;0.085112;0.085715,0.054123;0.052024;0.053739,,multiprocessing,2026-10-03T18:53:34+00:00
W4-00432,W4,n2-standard-4,Windows,2022Server,AMD64,Intel(R) Xeon(R) CPU @ 2.80GHz,intel,4,2,2800,17.2,3.14.6,CPython,1,spawn,2.5.3,cpu,cpu_matmul_lists,31,42,0.0,ms,normal,126,61,4,8,3,5,0,0,0.0016759266666970991,0.9515970087441347,0.02481853551956726,0.0024404409061315802,1.0368061864857607,0.0,0.09929940000029092,0.0004855999995925231,0.35624269999993885,0.19962719999966794,0.20063790000040171,0.12033699999983583,0.199627;0.206299;0.199022,0.200638;0.202900;0.197434,0.120402;0.120337;0.119655,,multiprocessing,2026-10-03T18:53:36+00:00
W4-00433,W4,n2-standard-4,Windows,2022Server,AMD64,Intel(R) Xeon(R) CPU @ 2.80GHz,intel,4,2,2800,17.2,3.14.6,CPython,1,spawn,2.5.3,numpy,np_sort,777453,428,0.0,ms,normal,8,453,4,8,0,3,0,1,0.036562233333521967,0.9482273193331392,0.006164127196766949,0.00033641271362434534,1.5330410935825471,0.0,0.18132640000021638,0.0002829999993991805,0.35624269999993885,0.27611460000025545,0.15211690000023737,0.14508000000023458,0.291127;0.275980;0.276115,0.154010;0.151229;0.152117,0.147870;0.144797;0.145080,,multiprocessing,2026-10-03T18:53:39+00:00
W4-00434,W4,n2-standard-4,Windows,2022Server,AMD64,Intel(R) Xeon(R) CPU @ 2.80GHz,intel,4,2,2800,17.2,3.14.6,CPython,1,spawn,2.5.3,db,db_mem_insert_select,45,358,0.3,ms,normal,898,380,4,2,1,1,1,0,0.00012305357143255996,1.0,0.12653540567266144,0.030312001185048495,0.8752905230059157,3.0,0.05983120000018971,0.0008162999993146514,0.1925560999998197,0.10852089999980308,0.12009839999973337,0.08070589999988442,0.109602;0.108521;0.107965,0.124271;0.119574;0.120098,0.080706;0.073164;0.083561,,multiprocessing,2026-10-03T18:53:40+00:00
W4-00435,W4,n2-standard-4,Windows,2022Server,AMD64,Intel(R) Xeon(R) CPU @ 2.80GHz,intel,4,2,2800,17.2,3.14.6,CPython,1,spawn,2.5.3,big_payload,big_upper_copy,9,176798,0.0,seconds,big,1131,176820,4,2,0,0,0,0,0.00012481950355496782,1.0,0.15597853252504243,0.4775295392660521,0.9330273341099171,0.0,0.07526330000018788,0.0021174999978939013,0.1925560999998197,0.16065299999991112,0.15639360000022862,0.9222870999997212,0.160653;0.164501;0.158227,0.167108;0.156394;0.151963,0.922287,,threading,2026-10-03T18:53:43+00:00
W4-00436,W4,n2-standard-4,Windows,2022Server,AMD64,Intel(R) Xeon(R) CPU @ 2.80GHz,intel,4,2,2800,17.2,3.14.6,CPython,1,spawn,2.5.3,big_payload,big_checksum_head,11582,700954,0.3,seconds,big,285,700977,4,8,1,1,0,0,0.0002647070422375384,1.0,0.1789293002291372,1.2782810656305754,0.8573738029197202,0.0,0.04815729999972973,0.00725120000060997,0.35624269999993885,0.07768680000026507,0.08144649999985631,0.5510856000000786,0.077672;0.078301;0.077687,0.079682;0.081850;0.081446,0.551086,,sequential,2026-10-03T18:53:46+00:00
W4-00437,W4,n2-standard-4,Windows,2022Server,AMD64,Intel(R) Xeon(R) CPU @ 2.80GHz,intel,4,2,2800,17.2,3.14.6,CPython,1,spawn,2.5.3,big_payload,big_upper_copy,5,2193129,0.8,ms,big,27,2193151,4,8,0,0,0,0,0.00123000000007778,1.0,0.02396614102817964,1.8077371272172291,0.8621734514225311,0.0,0.029681299999992916,0.013744899999892368,0.35624269999993885,0.03656809999984034,0.0375543000000107,0.11551760000020295,0.034646;0.036568;0.047248,0.037554;0.037342;0.051765,0.115940;0.109110;0.115518,,sequential,2026-10-03T18:53:47+00:00
W4-00438,W4,n2-standard-4,Windows,2022Server,AMD64,Intel(R) Xeon(R) CPU @ 2.80GHz,intel,4,2,2800,17.2,3.14.6,CPython,1,spawn,2.5.3,gil_release,gil_numpy_matmul,676,4781,0.8,ms,normal,8,4803.666666666667,4,4,0,2,0,1,0.028119066666780174,1.0,0.7859332331311226,0.0005121080377680211,8.136490333357528,0.8,0.09481790000018009,0.00027819999968414777,0.18947559999992336,0.11691870000004201,0.08157329999994545,0.06433620000007068,0.116006;0.125686;0.116919,0.080042;0.081573;0.083552,0.082682;0.064284;0.064336,,multiprocessing,2026-10-03T18:53:48+00:00
W4-00439,W4,n2-standard-4,Windows,2022Server,AMD64,Intel(R) Xeon(R) CPU @ 2.80GHz,intel,4,2,2800,17.2,3.14.6,CPython,1,spawn,2.5.3,algo_iter,algo_edit_distance,28017,685968,0.8,ms,big,8,685991,4,2,2,16,0,0,0.004947766666646203,1.0,0.3856500025216348,0.04897158986165355,0.7635395969293315,0.8,0.04054260000020804,0.0009742000002006534,0.1925560999998197,0.04510260000006383,0.044640500000241445,0.02637219999996887,0.045103;0.043591;0.045373,0.044553;0.044641;0.044971,0.026548;0.025733;0.026372,,multiprocessing,2026-10-03T18:53:49+00:00
W4-00440,W4,n2-standard-4,Windows,2022Server,AMD64,Intel(R) Xeon(R) CPU @ 2.80GHz,intel,4,2,2800,17.2,3.14.6,CPython,1,spawn,2.5.3,numpy,np_elementwise,19843,717638,0.0,seconds,big,278,717661,4,8,0,4,0,0,0.0034446000001177404,1.0,0.02199313983474161,0.10155605874761393,1.5041100353800025,0.0,0.0915647000001627,0.005612399998426554,0.35624269999993885,1.0161112999999204,0.47384180000017295,0.7421141999998326,0.944481;1.025124;1.016111,0.489050;0.440711;0.473842,0.752180;0.729410;0.742114,,threading,2026-10-03T18:53:57+00:00
W4-00441,W4,n2-standard-4,Windows,2022Server,AMD64,Intel(R) Xeon(R) CPU @ 2.80GHz,intel,4,2,2800,17.2,3.14.6,CPython,1,spawn,2.5.3,text,text_split_count,30,1149,0.3,seconds,normal,2666,1171,4,2,1,1,0,0,0.0017319068965662154,1.0,0.15834688961512922,0.0024510555516243236,0.9310915300094836,12.1,0.10414100000025428,0.0004060999995090242,0.1925560999998197,4.6134791999998015,4.8157041999998,2.5051871999999094,4.613479;4.641342;4.605588,4.768837;4.830362;4.815704,2.647556;2.505187;2.381790,,multiprocessing,2026-10-03T18:54:34+00:00
W4-00442,W4,n2-standard-4,Windows,2022Server,AMD64,Intel(R) Xeon(R) CPU @ 2.80GHz,intel,4,2,2800,17.2,3.14.6,CPython,1,spawn,2.5.3,gil_release,gil_numpy_matmul,340,47612,0.8,seconds,normal,94,47634.818181818184,4,2,0,2,0,1,0.004948400000102993,1.0,0.5116776554168897,0.0030423056845233975,1.8381085955314114,0.0,0.08299320000014632,0.0005139999989296484,0.1925560999998197,0.31755629999997836,0.18161899999995512,0.18517329999986032,0.317776;0.313623;0.317556,0.183932;0.181619;0.181597,0.185173;0.183358;0.232443,,threading,2026-10-03T18:54:36+00:00
W4-00443,W4,n2-standard-4,Windows,2022Server,AMD64,Intel(R) Xeon(R) CPU @ 2.80GHz,intel,4,2,2800,17.2,3.14.6,CPython,1,spawn,2.5.3,text,text_split_count,18,3122,0.0,ms,normal,19,3144,4,8,1,1,0,0,0.0028168500001584107,1.0,0.04843053824787737,0.0031684327743527765,0.8574044081969623,0.0,0.024366899999677116,0.0002518999990570592,0.35624269999993885,0.052932399999917834,0.054819999999836,0.030705499999839958,0.051794;0.052932;0.053960,0.055875;0.053850;0.054820,0.031746;0.030126;0.030705,,multiprocessing,2026-10-03T18:54:39+00:00
W4-00444,W4,n2-standard-4,Windows,2022Server,AMD64,Intel(R) Xeon(R) CPU @ 2.80GHz,intel,4,2,2800,17.2,3.14.6,CPython,1,spawn,2.5.3,numpy,np_sort,1614,4092,0.0,ms,normal,1086,4115,4,4,0,3,0,1,7.776752768575038e-05,1.0,0.07346410090922906,0.07053072268034682,1.4686933645062956,0.0,0.03643689999989874,0.000858799996876769,0.18947559999992336,0.08927129999983663,0.08764229999997042,0.050315299999965646,0.084224;0.089623;0.089271,0.087159;0.090203;0.087642,0.052302;0.050315;0.049375,,multiprocessing,2026-10-03T18:54:40+00:00
W4-00445,W4,n2-standard-4,Windows,2022Server,AMD64,Intel(R) Xeon(R) CPU @ 2.80GHz,intel,4,2,2800,17.2,3.14.6,CPython,1,spawn,2.5.3,tiny,tiny_small_loop,60,270,0.0,ms,normal,200000,292,4,4,0,0,0,0,5.771499957063497e-07,1.0,0.2766979229345571,7.095209206287896,0.6354826932197477,0.0,0.006980099999964295,0.003055000008771458,0.18947559999992336,0.10862429999997403,0.12039050000021234,0.2444965000004231,0.109259;0.108624;0.108188,0.120391;0.123734;0.119614,0.256110;0.242454;0.244497,,sequential,2026-10-03T18:54:43+00:00
W4-00446,W4,n2-standard-4,Windows,2022Server,AMD64,Intel(R) Xeon(R) CPU @ 2.80GHz,intel,4,2,2800,17.2,3.14.6,CPython,1,spawn,2.5.3,big_result,result_records,697,631314,0.8,seconds,big,316,631336.9,4,4,1,2,0,0,0.00027952784810484537,1.0,0.9307146926380016,2.0509584426238754,0.6277851116886753,2.3,0.06938979999995354,0.011966399999892019,0.18947559999992336,0.11709749999999985,0.11219210000035673,0.6122726999997212,0.093166;0.118065;0.117097,0.097328;0.112192;0.120361,0.612273,,threading,2026-10-03T18:54:45+00:00
W4-00447,W4,n2-standard-4,Windows,2022Server,AMD64,Intel(R) Xeon(R) CPU @ 2.80GHz,intel,4,2,2800,17.2,3.14.6,CPython,1,spawn,2.5.3,big_result,result_records,2211,811,0.3,seconds,normal,462,834,4,2,1,2,0,0,0.0007643666666409086,1.0,0.3859297354918502,1.4440844273558207,0.5354447736709103,0.0,0.16694980000011128,0.02252020000196353,0.1925560999998197,0.8127273000000059,0.8590869999998176,0.9304910000000746,0.812727;0.815549;0.724360,0.859087;0.759080;0.867492,0.930491;0.939974;0.912009,,sequential,2026-10-03T18:54:53+00:00
W4-00448,W4,n2-standard-4,Windows,2022Server,AMD64,Intel(R) Xeon(R) CPU @ 2.80GHz,intel,4,2,2800,17.2,3.14.6,CPython,1,spawn,2.5.3,big_result,result_long_string,3993,391,0.8,seconds,normal,1006,414,4,8,1,1,0,0,0.00108482765958894,0.9788339484375078,0.5920681924316695,0.02071757640460334,1.0087143930046483,25.8,0.10261480000008305,0.0008661999995638325,0.35624269999993885,0.9695550999999796,1.0466188999998849,0.7121822999997676,1.047280;0.969555;0.951868,1.062980;1.046619;0.945049,0.712182;0.700713;0.767069,,multiprocessing,2026-10-03T18:55:02+00:00
W4-00449,W4,n2-standard-4,Windows,2022Server,AMD64,Intel(R) Xeon(R) CPU @ 2.80GHz,intel,4,2,2800,17.2,3.14.6,CPython,1,spawn,2.5.3,recursive,rec_quicksort,4365,27,0.0,seconds,normal,659,47,4,2,1,8,0,0,0.0062537749999478365,1.0,0.028767981253609833,0.0008674760327422801,0.9509294177065536,0.0,0.10279470000023139,0.0003211000007468101,0.1925560999998197,4.0255747999999585,4.126687299999958,2.18497380000008,3.962071;4.029178;4.025575,4.124634;4.126687;4.129423,2.184974;2.334631;2.065474,,multiprocessing,2026-10-03T18:55:34+00:00
W4-00450,W4,n2-standard-4,Windows,2022Server,AMD64,Intel(R) Xeon(R) CPU @ 2.80GHz,intel,4,2,2800,17.2,3.14.6,CPython,1,spawn,2.5.3,numpy,np_sort,63971,173,0.3,seconds,normal,269,194.05263157894737,4,2,0,3,0,1,0.0027691315789716577,1.0,0.17314337365451019,0.0016269588458747875,1.8056422200148448,0.0,0.08219099999996615,0.000435299999480776,0.1925560999998197,0.6865387999996528,0.3594646000001376,0.3796231000001171,0.686069;0.686539;0.688684,0.362902;0.359465;0.358748,0.379623;0.363516;0.460045,,threading,2026-10-03T18:55:39+00:00
W4-00451,W4,n2-standard-4,Windows,2022Server,AMD64,Intel(R) Xeon(R) CPU @ 2.80GHz,intel,4,2,2800,17.2,3.14.6,CPython,1,spawn,2.5.3,text,text_csv_parse,8,194,0.8,ms,normal,8,213,4,2,2,3,0,0,0.0008437666667002001,1.0,0.32773901695137686,0.010587445500450902,0.5160544369035269,0.0,0.007348500000261993,0.00024090000033538672,0.1925560999998197,0.00861750000012762,0.009017800000037823,0.010191700000177661,0.008484;0.008735;0.008618,0.009018;0.009189;0.008857,0.010192;0.010013;0.010402,,sequential,2026-10-03T18:55:39+00:00
W4-00452,W4,n2-standard-4,Windows,2022Server,AMD64,Intel(R) Xeon(R) CPU @ 2.80GHz,intel,4,2,2800,17.2,3.14.6,CPython,1,spawn,2.5.3,cpu,cpu_matmul_lists,11,76,0.3,ms,normal,78,95,4,4,3,5,0,0,7.343157896780452e-05,1.0,0.482126175468632,0.05468749985485616,0.663644702558285,0.0,0.0038173000002643676,0.0003210999998373154,0.18947559999992336,0.006339000000025408,0.006486400000085268,0.00477550000005067,0.006339;0.006051;0.006433,0.006486;0.006572;0.006381,0.004776;0.004695;0.004857,,multiprocessing,2026-10-03T18:55:40+00:00
W4-00453,W4,n2-standard-4,Windows,2022Server,AMD64,Intel(R) Xeon(R) CPU @ 2.80GHz,intel,4,2,2800,17.2,3.14.6,CPython,1,spawn,2.5.3,mixed,mixed_hash_then_write,236,64439,0.0,seconds,normal,2495,64461,4,2,1,3,1,0,0.0002456275862166724,0.9969703182576791,0.1654052556256289,0.07340380709400822,1.219713211035441,0.0,0.09198560000004363,0.0012482999982239562,0.1925560999998197,0.6245013000002473,0.5683138999997936,0.7200929000000542,0.619073;0.624501;0.637859,0.567198;0.568314;0.577821,0.720093;0.687940;0.747101,,threading,2026-10-03T18:55:47+00:00
W4-00454,W4,n2-standard-4,Windows,2022Server,AMD64,Intel(R) Xeon(R) CPU @ 2.80GHz,intel,4,2,2800,17.2,3.14.6,CPython,1,spawn,2.5.3,text,text_format_report,285,17,0.8,ms,normal,217,36.65,4,8,1,2,0,0,0.0003650351851757915,1.0,0.5167414358671623,0.01050583653249191,0.9376900267479965,1.5,0.04122450000022582,0.00040080000053421827,0.35624269999993885,0.08646060000000944,0.0840157999996336,0.044135199999800534,0.086461;0.083364;0.086758,0.084016;0.083920;0.085379,0.044135;0.043618;0.044213,,multiprocessing,2026-10-03T18:55:48+00:00
W4-00455,W4,n2-standard-4,Windows,2022Server,AMD64,Intel(R) Xeon(R) CPU @ 2.80GHz,intel,4,2,2800,17.2,3.14.6,CPython,1,spawn,2.5.3,text,text_regex_findall,50,209,0.8,ms,normal,125,228,4,4,1,1,0,0,0.000496729032244231,0.9906808182680282,0.4371880132030229,0.008233865402643474,0.8792291220156737,0.0,0.033255499999995664,0.0004026000005978858,0.18947559999992336,0.06726830000025075,0.06737999999995736,0.038516900000104215,0.064060;0.067309;0.067268,0.068136;0.066049;0.067380,0.038482;0.038517;0.038780,,multiprocessing,2026-10-03T18:55:49+00:00
W4-00456,W4,n2-standard-4,Windows,2022Server,AMD64,Intel(R) Xeon(R) CPU @ 2.80GHz,intel,4,2,2800,17.2,3.14.6,CPython,1,spawn,2.5.3,io,io_sleep_return_payload,354,2404,0.0,seconds,normal,972,2427,4,8,0,1,1,0,0.0009729846153906971,0.011797532930584938,0.02291034425577948,0.005431740604459071,1.9808733285796882,0.0,0.07678440000017872,0.00048349999997299165,0.35624269999993885,0.9489478000000418,0.12147959999992963,0.12492930000007618,0.948948,0.121372;0.121543;0.121480,0.124929;0.124696;0.126851,,threading,2026-10-03T18:55:51+00:00
W4-00457,W4,n2-standard-4,Windows,2022Server,AMD64,Intel(R) Xeon(R) CPU @ 2.80GHz,intel,4,2,2800,17.2,3.14.6,CPython,1,spawn,2.5.3,cpu,cpu_count_primes,13724,1274,0.0,ms,normal,8,1297,4,8,2,4,0,0,0.009880399999929068,0.9984791039881037,0.007199990350207255,0.001221273095152195,0.9578485885949907,0.0,0.06091280000009647,0.00022780000062994077,0.35624269999993885,0.07913159999998243,0.08095779999985098,0.0491770000003271,0.078871;0.079132;0.082069,0.081736;0.080958;0.079849,0.049094;0.049380;0.049177,,multiprocessing,2026-10-03T18:55:53+00:00
W4-00458,W4,n2-standard-4,Windows,2022Server,AMD64,Intel(R) Xeon(R) CPU @ 2.80GHz,intel,4,2,2800,17.2,3.14.6,CPython,1,spawn,2.5.3,recursive,rec_nqueens,1,115,0.0,seconds,normal,5134,134,4,4,1,10,0,0,0.0001487854166731224,1.0,0.03978683205380761,0.025842586444106773,0.9547894538890531,0.0,0.10338430000001608,0.0008507999978064618,0.18947559999992336,0.7684054999999717,0.7862796999997954,0.43238339999970776,0.781257;0.768405;0.759985,0.786280;0.789718;0.785626,0.432383;0.426599;0.504076,,multiprocessing,2026-10-03T18:55:59+00:00
W4-00459,W4,n2-standard-4,Windows,2022Server,AMD64,Intel(R) Xeon(R) CPU @ 2.80GHz,intel,4,2,2800,17.2,3.14.6,CPython,1,spawn,2.5.3,recursive,rec_tree_sum,678,103,0.8,ms,normal,50,122.75,4,4,0,4,0,0,0.0002486000000014125,1.0,0.6526243204863218,0.02004558867801874,0.7582185097541457,0.0,0.006827299999713432,0.00028259999953661463,0.18947559999992336,0.011270800000147574,0.011217599999781669,0.007412400000248454,0.010736;0.011271;0.011313,0.011162;0.011218;0.011329,0.007412;0.006837;0.008144,,multiprocessing,2026-10-03T18:56:00+00:00
W4-00460,W4,n2-standard-4,Windows,2022Server,AMD64,Intel(R) Xeon(R) CPU @ 2.80GHz,intel,4,2,2800,17.2,3.14.6,CPython,1,spawn,2.5.3,recursive,rec_nqueens,25,378,0.3,seconds,normal,915,400,4,4,1,10,0,0,0.0035127933333266507,1.0,0.1765969998580098,0.0012354840036947314,0.8595004991332559,0.0,0.11331870000003619,0.0003146999997625244,0.18947559999992336,3.348520500000177,3.4582898000003297,1.8790318999999727,3.348521;3.437172;3.340120,3.449754;3.458290;3.461838,1.885901;1.858333;1.879032,,multiprocessing,2026-10-03T18:56:27+00:00
W4-00461,W4,n2-standard-4,Windows,2022Server,AMD64,Intel(R) Xeon(R) CPU @ 2.80GHz,intel,4,2,2800,17.2,3.14.6,CPython,1,spawn,2.5.3,big_payload,big_count_byte,125,1145321,0.3,seconds,big,174,1145343,4,4,0,1,0,0,0.0006853372093182982,1.0,0.017789854037790005,1.0800522574866824,0.9426697102294859,0.0,0.07612239999980375,0.015299299999242066,0.18947559999992336,0.11937620000026072,0.12252269999999044,0.514835999999832,0.118948;0.119376;0.119458,0.121892;0.123655;0.122523,0.510889;0.580991;0.514836,,sequential,2026-10-03T18:56:30+00:00
W4-00462,W4,n2-standard-4,Windows,2022Server,AMD64,Intel(R) Xeon(R) CPU @ 2.80GHz,intel,4,2,2800,17.2,3.14.6,CPython,1,spawn,2.5.3,cpu,cpu_collatz,170,1817,0.3,seconds,normal,568,1839,4,4,2,5,0,0,0.0005079646464792224,1.0,0.23642591685087883,0.009479006156279906,1.0485523037663538,0.0,0.098974200000157,0.0005234999985077593,0.18947559999992336,0.29477889999998297,0.2761203000000023,0.15474240000003192,0.351683;0.293830;0.294779,0.276120;0.277540;0.273890,0.152718;0.155297;0.154742,,multiprocessing,2026-10-03T18:56:33+00:00
W4-00463,W4,n2-standard-4,Windows,2022Server,AMD64,Intel(R) Xeon(R) CPU @ 2.80GHz,intel,4,2,2800,17.2,3.14.6,CPython,1,spawn,2.5.3,big_payload,big_count_byte,17,792642,0.8,seconds,big,252,792664,4,4,0,1,0,0,0.0004726063491886187,1.0,0.009686335064517639,0.7774546420276556,0.9284354356615172,2.3,0.06974470000022848,0.007799600001362705,0.18947559999992336,0.12250939999967159,0.12225330000001122,0.5151365000001533,0.122509;0.125553;0.119559,0.133483;0.122253;0.122187,0.511141;0.515137;0.541082,,threading,2026-10-03T18:56:37+00:00
W4-00464,W4,n2-standard-4,Windows,2022Server,AMD64,Intel(R) Xeon(R) CPU @ 2.80GHz,intel,4,2,2800,17.2,3.14.6,CPython,1,spawn,2.5.3,algo_iter,algo_game_of_life,12,19,0.3,ms,normal,8,38,4,8,5,9,0,0,0.015891033333446103,1.0,0.20559222215253273,0.0033855570499085465,0.8590830031685168,5.3,0.10208620000003066,0.00035659999957715627,0.35624269999993885,0.12965110000004643,0.1297881000000416,0.07489170000008016,0.126984;0.129651;0.132799,0.130940;0.129788;0.128690,0.074892;0.073204;0.076588,,multiprocessing,2026-10-03T18:56:38+00:00
W4-00465,W4,n2-standard-4,Windows,2022Server,AMD64,Intel(R) Xeon(R) CPU @ 2.80GHz,intel,4,2,2800,17.2,3.14.6,CPython,1,spawn,2.5.3,algo_rec,algo_lcs_memo,1,1776,0.8,ms,normal,8,1798,4,8,1,10,0,0,0.004059900000205137,1.0,0.32928352356687557,0.002594480947831051,1.1927354333525175,0.0,0.023518399999829853,0.0002310999989276752,0.35624269999993885,0.028545499999836466,0.03018079999992551,0.016537900000002992,0.028751;0.028545;0.027227,0.030181;0.030683;0.029117,0.017439;0.016538;0.016152,,multiprocessing,2026-10-03T18:56:39+00:00
W4-00466,W4,n2-standard-4,Windows,2022Server,AMD64,Intel(R) Xeon(R) CPU @ 2.80GHz,intel,4,2,2800,17.2,3.14.6,CPython,1,spawn,2.5.3,db,db_file_commit,3,131,0.8,seconds,normal,120,150,4,4,1,0,1,0,0.01216098000004422,0.27024989065319216,0.4096493859595942,0.0008075007124281678,1.212081959291366,0.0,0.11685650000026726,0.0003806000004260568,0.18947559999992336,1.652265400000033,0.6283588999999665,0.6265067999997882,1.658029;1.605805;1.652265,0.628359;0.618708;0.629166,0.630531;0.626507;0.619703,,multiprocessing,2026-10-03T18:56:48+00:00
W4-00467,W4,n2-standard-4,Windows,2022Server,AMD64,Intel(R) Xeon(R) CPU @ 2.80GHz,intel,4,2,2800,17.2,3.14.6,CPython,1,spawn,2.5.3,recursive,rec_fib,88446,533,0.3,ms,normal,8,558,4,4,0,4,0,0,0.007881100000001121,0.9999519858234713,0.0006342599825215538,0.0014676462452132947,0.9610390137925098,0.0,0.04855999999972482,0.0002399999998488056,0.18947559999992336,0.06539270000030228,0.0648311999998441,0.03749100000004546,0.063437;0.066103;0.065393,0.065806;0.064506;0.064831,0.037491;0.037524;0.037472,,multiprocessing,2026-10-03T18:56:49+00:00
W4-00468,W4,n2-standard-4,Windows,2022Server,AMD64,Intel(R) Xeon(R) CPU @ 2.80GHz,intel,4,2,2800,17.2,3.14.6,CPython,1,spawn,2.5.3,mixed,mixed_json_roundtrip,4,287012,0.3,seconds,big,696,287034,4,2,1,1,1,0,0.0001680040229922301,0.8397630059255098,0.18536867457488723,0.3231767847317391,0.9899781673855709,0.0,0.06054989999984173,0.00172089999932723,0.1925560999998197,0.11206480000009833,0.11493400000017573,0.6394780000000537,0.111281;0.112898;0.112065,0.114934;0.114841;0.116336,0.639478,,sequential,2026-10-03T18:56:52+00:00
W4-00469,W4,n2-standard-4,Windows,2022Server,AMD64,Intel(R) Xeon(R) CPU @ 2.80GHz,intel,4,2,2800,17.2,3.14.6,CPython,1,spawn,2.5.3,algo_iter,algo_dijkstra,133,1698246,0.0,ms,big,117,1698268,4,2,2,15,0,0,0.00027966206896272867,1.0,0.11602331295324504,3.1606181104798257,0.8739131186314569,2.3,0.03538070000013249,0.018094500000188418,0.1925560999998197,0.03257100000018909,0.032762800000000425,0.5181569999999738,0.031575;0.032571;0.032670,0.033223;0.032763;0.032056,0.518157,,sequential,2026-10-03T18:56:54+00:00
W4-00470,W4,n2-standard-4,Windows,2022Server,AMD64,Intel(R) Xeon(R) CPU @ 2.80GHz,intel,4,2,2800,17.2,3.14.6,CPython,1,spawn,2.5.3,db,db_file_commit,3,691,0.3,ms,normal,11,713,4,4,1,0,1,0,0.014153533333228552,0.27673568553111744,0.06100359402165533,0.0007489296009838279,1.2197278524979545,6.1,0.07636570000022402,0.0003614000006564311,0.18947559999992336,0.13191989999995712,0.0537413000001834,0.05305540000017572,0.135516;0.131841;0.131920,0.053405;0.055316;0.053741,0.053055;0.054122;0.051819,,multiprocessing,2026-10-03T18:56:55+00:00
W4-00471,W4,n2-standard-4,Windows,2022Server,AMD64,Intel(R) Xeon(R) CPU @ 2.80GHz,intel,4,2,2800,17.2,3.14.6,CPython,1,spawn,2.5.3,big_payload,big_checksum_head,2010,460532,0.8,ms,big,434,460555,4,8,1,1,0,0,4.926574074572811e-05,1.0,0.46193519946385087,1.7361963662228308,0.8736158762970999,0.0,0.013710099999570957,0.002178299999286537,0.35624269999993885,0.02170830000022761,0.022289399999863235,0.4817993000001479,0.022258;0.021708;0.021112,0.022198;0.022643;0.022289,0.481799,,sequential,2026-10-03T18:56:57+00:00
W4-00472,W4,n2-standard-4,Windows,2022Server,AMD64,Intel(R) Xeon(R) CPU @ 2.80GHz,intel,4,2,2800,17.2,3.14.6,CPython,1,spawn,2.5.3,tiny,tiny_len,277,284,0.8,ms,normal,53470,306.55,4,2,0,0,0,0,1.7544999468555033e-07,1.0,0.4535522128934478,24.479909722137993,0.37892807392911104,0.8,0.005265099999633094,0.003095600010055932,0.1925560999998197,0.0055007999999361346,0.008006500000192318,0.053456699999969715,0.006077;0.005501;0.005428,0.008242;0.008007;0.007907,0.053457,,sequential,2026-10-03T18:56:58+00:00
W4-00473,W4,n2-standard-4,Windows,2022Server,AMD64,Intel(R) Xeon(R) CPU @ 2.80GHz,intel,4,2,2800,17.2,3.14.6,CPython,1,spawn,2.5.3,algo_iter,algo_edit_distance,12965,122,0.8,ms,normal,27,142,4,2,2,16,0,0,0.0025880999999875107,1.0,0.30837460630200053,0.002453537372224073,0.9464543921950971,3.1,0.03186509999977716,0.00024720000010347576,0.1925560999998197,0.06813079999983529,0.0633784999999989,0.045640199999979814,0.058958;0.068513;0.068131,0.059423;0.067313;0.063378,0.064863;0.031905;0.045640,,multiprocessing,2026-10-03T18:56:59+00:00
W4-00474,W4,n2-standard-4,Windows,2022Server,AMD64,Intel(R) Xeon(R) CPU @ 2.80GHz,intel,4,2,2800,17.2,3.14.6,CPython,1,spawn,2.5.3,mixed,mixed_json_roundtrip,157,882,0.3,seconds,normal,450,904,4,8,1,1,1,0,0.01559810000003381,0.32711260461170044,0.001914867475152894,0.0006314871663488148,2.0049101447803337,28.9,0.09390910000001895,0.000303299999814044,0.35624269999993885,7.030832200000077,2.03118749999976,1.2186987000000045,7.030832,2.015521;2.031187;2.046805,1.297060;1.171884;1.218699,,multiprocessing,2026-10-03T18:57:16+00:00
W4-00475,W4,n2-standard-4,Windows,2022Server,AMD64,Intel(R) Xeon(R) CPU @ 2.80GHz,intel,4,2,2800,17.2,3.14.6,CPython,1,spawn,2.5.3,mixed,mixed_compute_then_sleep,161837,137,0.0,seconds,normal,61,159,4,4,1,3,1,0,0.010712360000070476,0.6434213250594294,0.005273891704529498,0.0007636039104468931,1.2543796541212673,0.0,0.09670849999974962,0.0002722999993238773,0.18947559999992336,0.6565703000001122,0.4525754000001143,0.2779768000000331,0.657528;0.656077;0.656570,0.444807;0.452575;0.460402,0.277983;0.274891;0.277977,,multiprocessing,2026-10-03T18:57:21+00:00
W4-00476,W4,n2-standard-4,Windows,2022Server,AMD64,Intel(R) Xeon(R) CPU @ 2.80GHz,intel,4,2,2800,17.2,3.14.6,CPython,1,spawn,2.5.3,tiny,tiny_small_loop,6,62,0.3,ms,normal,21849,81,4,2,0,0,0,0,3.303000007690571e-07,0.9573651768544458,2.718298693077074,11.338177467866885,0.551494443554822,0.0,0.005958600000212755,0.0030959999990045617,0.1925560999998197,0.004381000000194035,0.005563700000038807,0.009202300000197283,0.004381;0.004504;0.004218,0.005564;0.005419;0.005594,0.010231;0.009202;0.008987,,sequential,2026-10-03T18:57:21+00:00
W4-00477,W4,n2-standard-4,Windows,2022Server,AMD64,Intel(R) Xeon(R) CPU @ 2.80GHz,intel,4,2,2800,17.2,3.14.6,CPython,1,spawn,2.5.3,db,db_file_commit,1,724,0.8,seconds,normal,47,746,4,2,1,0,1,0,0.005903788888897705,0.26616401817748886,0.10666798475769773,0.0015451471048097234,1.481408682768352,0.0,0.08858349999991333,0.000502899999901274,0.1925560999998197,0.283475400000043,0.16225799999983792,0.1632417999999234,0.283475;0.278990;0.284668,0.162258;0.160048;0.165197,0.166105;0.162205;0.163242,,threading,2026-10-03T18:57:24+00:00
W4-00478,W4,n2-standard-4,Windows,2022Server,AMD64,Intel(R) Xeon(R) CPU @ 2.80GHz,intel,4,2,2800,17.2,3.14.6,CPython,1,spawn,2.5.3,mixed,mixed_compute_then_sleep,25368,175899,0.8,ms,big,70,175922,4,2,1,3,1,0,0.0022319529411748483,0.5094770120297472,0.34938946757870687,0.012887684738281351,1.3372708188086788,0.0,0.06793210000023464,0.0008139999999912106,0.1925560999998197,0.16577550000010888,0.10535669999990205,0.09974579999970956,0.165776;0.165366;0.166311,0.105357;0.107902;0.104444,0.102748;0.099746;0.099625,,multiprocessing,2026-10-03T18:57:26+00:00
W4-00479,W4,n2-standard-4,Windows,2022Server,AMD64,Intel(R) Xeon(R) CPU @ 2.80GHz,intel,4,2,2800,17.2,3.14.6,CPython,1,spawn,2.5.3,io,io_file_roundtrip,2,44600,0.0,seconds,normal,40,44622,4,8,1,0,1,0,0.014111000000070817,0.08410234563776744,0.08233149145282877,0.0011090638444653058,1.7899620488112256,0.0,0.08691219999991517,0.00031869999975242536,0.35624269999993885,0.5334779999998318,0.16345769999998083,0.16377850000026228,0.532856;0.533478;0.547187,0.163458;0.163923;0.159177,0.161548;0.168388;0.163779,,threading,2026-10-03T18:57:29+00:00
W4-00480,W4,n2-standard-4,Windows,2022Server,AMD64,Intel(R) Xeon(R) CPU @ 2.80GHz,intel,4,2,2800,17.2,3.14.6,CPython,1,spawn,2.5.3,algo_iter,algo_edit_distance,83726,988,0.0,seconds,normal,569,1013,4,4,2,16,0,0,0.013645849999875281,1.0,0.0013848474380252274,0.0007053426471473984,0.9458372493235417,0.0,0.11257969999996931,0.0002590000003692694,0.18947559999992336,7.8561399000000165,8.027781700000105,4.451375899999675,7.856140;7.759833;7.872393,7.987687;8.029385;8.027782,4.451376;4.470262;4.442836,,multiprocessing,2026-10-03T18:58:30+00:00
W4-00481,W4,n2-standard-4,Windows,2022Server,AMD64,Intel(R) Xeon(R) CPU @ 2.80GHz,intel,4,2,2800,17.2,3.14.6,CPython,1,spawn,2.5.3,big_payload,big_checksum_head,4095,124423,0.3,ms,big,698,124446,4,2,1,1,0,0,9.741149425991906e-05,1.0,0.16923227409453306,0.2578237833719012,0.9419432666465001,0.0,0.03618910000022879,0.001071699998647091,0.1925560999998197,0.06773550000025352,0.07109249999984968,0.2726582000000235,0.070870;0.067488;0.067736,0.071092;0.070074;0.076877,0.272658;0.281964;0.272290,,sequential,2026-10-03T18:58:32+00:00
W4-00482,W4,n2-standard-4,Windows,2022Server,AMD64,Intel(R) Xeon(R) CPU @ 2.80GHz,intel,4,2,2800,17.2,3.14.6,CPython,1,spawn,2.5.3,big_result,result_sorted_pairs,122,128,0.0,seconds,normal,7050,147,4,8,1,4,0,0,3.926531746314833e-05,1.0,0.5471324220364804,0.7400933412645923,1.1077692355911566,1.6,0.09792479999987336,0.003174099996613222,0.35624269999993885,0.2871690000001763,0.2867935999997826,0.2738546000000497,0.298813;0.287169;0.279524,0.286509;0.288966;0.286794,0.280215;0.272246;0.273855,,multiprocessing,2026-10-03T18:58:36+00:00
W4-00483,W4,n2-standard-4,Windows,2022Server,AMD64,Intel(R) Xeon(R) CPU @ 2.80GHz,intel,4,2,2800,17.2,3.14.6,CPython,1,spawn,2.5.3,io,io_sleep,316,584,0.3,ms,normal,214,606.8,4,4,0,1,1,0,0.0009728173077012168,0.012226639810016262,0.01974847915463642,0.005036916939562666,1.9767440794097664,0.0,0.07684880000033445,0.0005030999996051833,0.18947559999992336,0.20878300000003946,0.05513850000033926,0.055211599999893224,0.208987;0.208783;0.208763,0.055067;0.055139;0.055147,0.055400;0.055212;0.054869,,threading,2026-10-03T18:58:37+00:00
W4-00484,W4,n2-standard-4,Windows,2022Server,AMD64,Intel(R) Xeon(R) CPU @ 2.80GHz,intel,4,2,2800,17.2,3.14.6,CPython,1,spawn,2.5.3,algo_iter,algo_edit_distance,513,203,0.8,seconds,normal,9138,222.8,4,2,2,16,0,0,8.586741380205585e-05,1.0,0.4558490728486491,0.0458846940423604,0.9425487263941447,0.0,0.10417360000019471,0.00123859999484921,0.1925560999998197,0.8370654000000286,0.8281364999998004,0.5082924000003004,0.796515;0.838086;0.837065,0.828172;0.828136;0.828017,0.450131;0.635780;0.508292,,multiprocessing,2026-10-03T18:58:44+00:00
W4-00485,W4,n2-standard-4,Windows,2022Server,AMD64,Intel(R) Xeon(R) CPU @ 2.80GHz,intel,4,2,2800,17.2,3.14.6,CPython,1,spawn,2.5.3,db,db_mem_group_by,3461,26,0.3,seconds,normal,1435,46,4,8,1,2,1,0,0.003396539999963958,1.0,0.15392649207519854,0.001120748388246168,0.6713775128668155,0.0,0.12616209999987404,0.0003687000003083085,0.35624269999993885,5.128832800000055,11.154533599999922,2.623247100000299,5.128833;5.121723;5.372452,11.174274;11.154534;11.127186,2.629000;2.616467;2.623247,,multiprocessing,2026-10-03T18:59:42+00:00
W4-00486,W4,n2-standard-4,Windows,2022Server,AMD64,Intel(R) Xeon(R) CPU @ 2.80GHz,intel,4,2,2800,17.2,3.14.6,CPython,1,spawn,2.5.3,big_result,result_matrix_lists,292,55,0.3,ms,normal,8,75,4,8,2,5,0,0,0.01304289999992155,0.9730929457288674,0.2801745219889859,0.2455256627454961,1.1377609791073222,24.2,0.0782496000001629,0.009883000000172615,0.35624269999993885,0.08348149999983434,0.09956870000041818,0.06921710000005987,0.083481;0.087098;0.081725,0.099569;0.105110;0.086782,0.067094;0.076820;0.069217,,multiprocessing,2026-10-03T18:59:43+00:00
W4-00487,W4,n2-standard-4,Windows,2022Server,AMD64,Intel(R) Xeon(R) CPU @ 2.80GHz,intel,4,2,2800,17.2,3.14.6,CPython,1,spawn,2.5.3,text,text_format_report,59,1389562,0.3,seconds,big,143,1389584,4,2,1,2,0,0,7.595714287162991e-05,1.0,0.1818356882792723,11.473048709291664,0.7108049747826176,0.0,0.024231700000200362,0.017810999999710475,0.1925560999998197,0.011428100000102859,0.012419600000157516,0.5365624000000935,0.011428;0.011408;0.011537,0.012257;0.012420;0.012476,0.536562,,sequential,2026-10-03T18:59:45+00:00
W4-00488,W4,n2-standard-4,Windows,2022Server,AMD64,Intel(R) Xeon(R) CPU @ 2.80GHz,intel,4,2,2800,17.2,3.14.6,CPython,1,spawn,2.5.3,numpy,np_fft,6778,551461,0.8,ms,big,63,551484,4,8,0,0,0,1,0.002632839999993545,1.0,0.1330262947561191,0.1568800231037051,1.4344066153175845,0.0,0.07382199999983641,0.006581999999980326,0.35624269999993885,0.1948011999998016,0.0750956000001679,0.10554940000019997,0.166976;0.194801;0.200843,0.074668;0.075096;0.087158,0.105549;0.103550;0.124391,,threading,2026-10-03T18:59:47+00:00
W4-00489,W4,n2-standard-4,Windows,2022Server,AMD64,Intel(R) Xeon(R) CPU @ 2.80GHz,intel,4,2,2800,17.2,3.14.6,CPython,1,spawn,2.5.3,numpy,np_sort,68641,4091,0.0,ms,normal,8,4116,4,8,0,3,0,1,0.0026970000000498353,1.0,0.022334048542939387,0.006019033407037642,1.3473237345658888,13.3,0.014334100000269245,0.0002606000002742803,0.35624269999993885,0.02216889999999694,0.013297999999849708,0.013608300000214513,0.022169;0.022126;0.022434,0.013344;0.013298;0.013041,0.014531;0.013377;0.013608,,threading,2026-10-03T18:59:48+00:00
W4-00490,W4,n2-standard-4,Windows,2022Server,AMD64,Intel(R) Xeon(R) CPU @ 2.80GHz,intel,4,2,2800,17.2,3.14.6,CPython,1,spawn,2.5.3,recursive,rec_quicksort,800,20,0.3,ms,normal,12,40,4,4,1,8,0,0,0.0008907000001272536,1.0,0.09737708414723356,0.010029564888207861,0.6286775782195352,0.0,0.006913299999723677,0.0002058999994005717,0.18947559999992336,0.012097099999664351,0.01256119999970906,0.007192400000349153,0.012303;0.012097;0.011699,0.012561;0.012774;0.012138,0.007447;0.007144;0.007192,,multiprocessing,2026-10-03T18:59:48+00:00
W4-00491,W4,n2-standard-4,Windows,2022Server,AMD64,Intel(R) Xeon(R) CPU @ 2.80GHz,intel,4,2,2800,17.2,3.14.6,CPython,1,spawn,2.5.3,recursive,rec_tree_sum,3750,450695,0.8,ms,big,104,450718,4,4,0,4,0,0,0.0012959923077197834,1.0,0.5659134912468855,0.06697184809905438,0.7558701542599975,0.0,0.08148159999973359,0.002081999999063555,0.18947559999992336,0.14978449999989607,0.1547657999999501,0.1347421000000395,0.148615;0.149784;0.156347,0.145661;0.162140;0.154766,0.134742;0.134605;0.141538,,multiprocessing,2026-10-03T18:59:50+00:00
W4-00492,W4,n2-standard-4,Windows,2022Server,AMD64,Intel(R) Xeon(R) CPU @ 2.80GHz,intel,4,2,2800,17.2,3.14.6,CPython,1,spawn,2.5.3,tiny,tiny_len,4,495,0.0,seconds,normal,200000,517,4,8,0,0,0,0,2.2960000137572933e-07,1.0,0.3621493866753108,19.337978869964424,0.4264030151805661,2.3,0.005429199999980483,0.00300399999741785,0.35624269999993885,0.03850669999974343,0.04797689999986687,0.3264329999997244,0.040307;0.037735;0.038507,0.047652;0.047977;0.055298,0.326433,,sequential,2026-10-03T18:59:52+00:00
W4-00493,W4,n2-standard-4,Windows,2022Server,AMD64,Intel(R) Xeon(R) CPU @ 2.80GHz,intel,4,2,2800,17.2,3.14.6,CPython,1,spawn,2.5.3,cpu,cpu_collatz,582,71,0.3,seconds,normal,325,91,4,8,2,5,0,0,0.002375118181837686,1.0,0.18314026949085804,0.0018462239341885973,1.0284529390017803,3.8,0.10390720000032161,0.00036860000000160653,0.35624269999993885,0.7944828999998208,0.761910700000044,0.41875919999984035,0.772942;0.794483;0.809446,0.762187;0.760236;0.761911,0.424513;0.418759;0.417524,,multiprocessing,2026-10-03T18:59:58+00:00
W4-00494,W4,n2-standard-4,Windows,2022Server,AMD64,Intel(R) Xeon(R) CPU @ 2.80GHz,intel,4,2,2800,17.2,3.14.6,CPython,1,spawn,2.5.3,db,db_file_lookup,365,141,0.8,ms,normal,8,161,4,4,1,5,1,0,0.012097599999985201,1.0,0.2417154246424141,0.0007770136249613674,0.6383236265107244,0.0,0.08680630000026213,0.00026180000031672535,0.18947559999992336,0.09816630000022997,0.05150869999988572,0.04985129999977289,0.100836;0.095597;0.098166,0.051509;0.052659;0.051428,0.048661;0.053451;0.049851,,multiprocessing,2026-10-03T19:00:00+00:00
W4-00495,W4,n2-standard-4,Windows,2022Server,AMD64,Intel(R) Xeon(R) CPU @ 2.80GHz,intel,4,2,2800,17.2,3.14.6,CPython,1,spawn,2.5.3,gil_release,gil_sha256,10,5975,0.3,seconds,normal,19045,5997,4,8,1,1,0,1,0.0001587535031851342,1.0,0.18207568947160246,0.03640864532915301,1.7677874171171692,0.0,0.07923059999984616,0.0009802999998100859,0.35624269999993885,3.031744300000355,1.397320299999592,1.4596228000000337,3.092756;3.031744;3.029145,1.395800;1.402761;1.397320,1.475963;1.447179;1.459623,,threading,2026-10-03T19:00:18+00:00
W4-00496,W4,n2-standard-4,Windows,2022Server,AMD64,Intel(R) Xeon(R) CPU @ 2.80GHz,intel,4,2,2800,17.2,3.14.6,CPython,1,spawn,2.5.3,text,text_format_report,29,110,0.3,seconds,normal,15642,129,4,2,1,2,0,0,3.9484474520858306e-05,1.0,0.17814310179385326,0.1037116472847919,0.9209773163631462,0.0,0.10635790000014822,0.0022822000019004918,0.1925560999998197,0.6243565999998282,0.6315283999997519,0.4194200000001729,0.648402;0.624357;0.623525,0.634309;0.630758;0.631528,0.419420;0.404922;0.466879,,multiprocessing,2026-10-03T19:00:24+00:00
W4-00497,W4,n2-standard-4,Windows,2022Server,AMD64,Intel(R) Xeon(R) CPU @ 2.80GHz,intel,4,2,2800,17.2,3.14.6,CPython,1,spawn,2.5.3,big_result,result_matrix_lists,373,151,0.3,ms,normal,8,171,4,4,2,5,0,0,0.01511630000019674,1.0,0.33332512425330213,0.29016359823618953,0.7278640338213582,0.0,0.11261770000010074,0.013393599999290018,0.18947559999992336,0.12690610000026936,0.1242683999998917,0.09410759999991569,0.129502;0.126120;0.126906,0.124906;0.124268;0.122725,0.094290;0.093356;0.094108,,multiprocessing,2026-10-03T19:00:26+00:00
W4-00498,W4,n2-standard-4,Windows,2022Server,AMD64,Intel(R) Xeon(R) CPU @ 2.80GHz,intel,4,2,2800,17.2,3.14.6,CPython,1,spawn,2.5.3,text,text_csv_parse,6,334,0.0,ms,normal,96,356,4,2,2,3,0,0,0.0013494833332667138,1.0,0.019052549392377223,0.0028825847219968665,0.9445041346748673,0.0,0.06707700000015393,0.0003850000016427657,0.1925560999998197,0.13771859999997105,0.13614770000003773,0.06884230000014213,0.129487;0.137719;0.139849,0.136304;0.134961;0.136148,0.069486;0.068842;0.068781,,multiprocessing,2026-10-03T19:00:27+00:00
W4-00499,W4,n2-standard-4,Windows,2022Server,AMD64,Intel(R) Xeon(R) CPU @ 2.80GHz,intel,4,2,2800,17.2,3.14.6,CPython,1,spawn,2.5.3,big_result,result_records,10267,135,0.3,seconds,normal,1012,155,4,8,1,2,0,0,0.0044993166667003,1.0,0.4314758941865627,1.2770828162798886,0.544782816368509,0.0,0.21153700000013487,0.0693517999998221,0.35624269999993885,8.60580979999986,8.537408400000004,8.520699799999875,8.647591;8.324701;8.605810,8.539300;8.537408;7.878296,8.656383;8.114399;8.520700,,multiprocessing,2026-10-03T19:01:44+00:00
W4-00500,W4,n2-standard-4,Windows,2022Server,AMD64,Intel(R) Xeon(R) CPU @ 2.80GHz,intel,4,2,2800,17.2,3.14.6,CPython,1,spawn,2.5.3,gil_release,gil_zlib,7,16816,0.3,ms,normal,8,16838,4,4,1,1,0,1,0.0029049333334114635,1.0,0.04811329259514286,0.004452196195067446,1.1367076631812043,23.4,0.016969499999959226,0.00025979999963965383,0.18947559999992336,0.024661100000230363,0.010705500000312895,0.011081099999955768,0.024661;0.025886;0.023199,0.017061;0.010706;0.008774,0.010634;0.011982;0.011081,,threading,2026-10-03T19:01:45+00:00
W4-00501,W4,n2-standard-4,Windows,2022Server,AMD64,Intel(R) Xeon(R) CPU @ 2.80GHz,intel,4,2,2800,17.2,3.14.6,CPython,1,spawn,2.5.3,gil_release,gil_bz2,34,300000,0.0,ms,big,56,300022,4,4,0,1,0,1,0.00457127272730676,0.9765695005672695,0.09505450578451996,0.01606674091909481,1.464383793145406,22.0,0.0858327000000827,0.001136699999733537,0.18947559999992336,0.2571281000000454,0.13536830000020927,0.14643449999994118,0.243336;0.257128;0.290232,0.133448;0.135368;0.158231,0.145777;0.147086;0.146434,,threading,2026-10-03T19:01:47+00:00
W4-00502,W4,n2-standard-4,Windows,2022Server,AMD64,Intel(R) Xeon(R) CPU @ 2.80GHz,intel,4,2,2800,17.2,3.14.6,CPython,1,spawn,2.5.3,big_payload,big_checksum_head,19895,2424081,0.3,ms,big,82,2424104,4,2,1,1,0,0,0.0005382249999456689,0.9490935036444512,0.14064623323750466,2.477978540728473,0.9606841100769249,22.7,0.04931029999988823,0.02709990000084872,0.1925560999998197,0.04566800000020521,0.04548530000010942,0.5443682000000081,0.045668;0.041349;0.072006,0.045485;0.040346;0.058366,0.544368,,threading,2026-10-03T19:01:49+00:00
W4-00503,W4,n2-standard-4,Windows,2022Server,AMD64,Intel(R) Xeon(R) CPU @ 2.80GHz,intel,4,2,2800,17.2,3.14.6,CPython,1,spawn,2.5.3,mixed,mixed_json_roundtrip,3,1196,0.8,ms,normal,520,1218,4,2,1,1,1,0,0.00014623153845674935,0.8638079132717472,0.38504866549530803,0.04530486420177724,0.9205684077086486,27.3,0.040328800000224874,0.0007033000006231305,0.1925560999998197,0.07411780000029466,1.3705890000014733,0.4047411999999895,0.074118,1.370589,0.404741,threading,sequential,2026-10-03T19:01:52+00:00
W4-00504,W4,n2-standard-4,Windows,2022Server,AMD64,Intel(R) Xeon(R) CPU @ 2.80GHz,intel,4,2,2800,17.2,3.14.6,CPython,1,spawn,2.5.3,algo_iter,algo_game_of_life,1,18,0.8,seconds,normal,794,37,4,8,5,9,0,0,0.002251747826033787,0.9989631218833672,0.5143476146289707,0.03461977364885378,1.2347399141086561,13.6,0.11862410000003365,0.02412070000127642,0.2566930000002685,1.4637849999999162,1.482280400000036,0.8030918999997994,1.580757;1.463785;1.442574,1.472414;1.482280;1.496016,0.803092;0.802430;0.806790,,multiprocessing,2026-10-03T19:02:04+00:00
W4-00505,W4,n2-standard-4,Windows,2022Server,AMD64,Intel(R) Xeon(R) CPU @ 2.80GHz,intel,4,2,2800,17.2,3.14.6,CPython,1,spawn,2.5.3,big_payload,big_upper_copy,3,535003,0.3,seconds,big,373,535025,4,4,0,0,0,0,0.00037153333335882834,1.0,0.12430893854444151,0.4875201864237453,0.9636775068434708,0.0,0.07528600000023289,0.004610599997704412,0.19603430000006483,0.17331390000026659,0.15867969999999332,0.7658784999998716,0.162321;0.173314;0.176240,0.174392;0.158680;0.155797,0.765878;0.814588;0.753849,,threading,2026-10-03T19:02:09+00:00
W4-00506,W4,n2-standard-4,Windows,2022Server,AMD64,Intel(R) Xeon(R) CPU @ 2.80GHz,intel,4,2,2800,17.2,3.14.6,CPython,1,spawn,2.5.3,big_result,result_sorted_pairs,34576,940,0.0,seconds,normal,137,963,4,4,1,4,0,0,0.017852533333249692,1.0,0.050335058112671346,0.7972015176162118,0.7627393681796146,3.8,0.1650884999999107,0.0436970000000656,0.19603430000006483,3.129566799999793,3.2246275000002242,2.5665987000002133,3.116626;3.339925;3.129567,3.160568;3.224628;3.230456,2.555668;2.566599;2.586470,,multiprocessing,2026-10-03T19:02:37+00:00
W4-00507,W4,n2-standard-4,Windows,2022Server,AMD64,Intel(R) Xeon(R) CPU @ 2.80GHz,intel,4,2,2800,17.2,3.14.6,CPython,1,spawn,2.5.3,cpu,cpu_count_primes,399,375,0.3,seconds,normal,31377,398,4,2,2,4,0,0,8.601312607261553e-05,1.0,0.23013288570737106,0.05016676172657536,0.9585350033483274,3.1,0.10402949999979683,0.0019236000039200007,0.1521930999997494,2.658205900000212,2.734431399999721,1.5483478000001014,2.737644;2.653084;2.658206,2.737999;2.734431;2.733372,1.446466;1.823056;1.548348,,multiprocessing,2026-10-03T19:02:59+00:00
W4-00508,W4,n2-standard-4,Windows,2022Server,AMD64,Intel(R) Xeon(R) CPU @ 2.80GHz,intel,4,2,2800,17.2,3.14.6,CPython,1,spawn,2.5.3,numpy,np_linalg_solve,38,1202831,0.3,ms,big,8,1202853,4,4,0,3,0,1,0.004886366666596587,1.0,0.014136161571933127,0.15569850808154292,1.284955940079844,0.0,0.029297300000052928,0.0032712000001993147,0.19603430000006483,0.039357099999961065,0.018956800000069052,0.12834460000021863,0.038903;0.041122;0.039357,0.019344;0.018957;0.018873,0.128345,,threading,2026-10-03T19:03:00+00:00
W4-00509,W4,n2-standard-4,Windows,2022Server,AMD64,Intel(R) Xeon(R) CPU @ 2.80GHz,intel,4,2,2800,17.2,3.14.6,CPython,1,spawn,2.5.3,io,io_sleep_return_payload,930,42767,0.0,ms,normal,114,42790,4,8,0,1,1,0,0.00145888571429558,0.009404167491117714,0.019726346756295955,0.010823328957796334,1.9508215740373416,0.0,0.06308369999987917,0.0011369999997441482,0.2566930000002685,0.16674360000024535,0.02357990000018617,0.027034599999751663,0.166744,0.023580;0.023868;0.023414,0.029340;0.026348;0.027035,,threading,2026-10-03T19:03:01+00:00
W4-00510,W4,n2-standard-4,Windows,2022Server,AMD64,Intel(R) Xeon(R) CPU @ 2.80GHz,intel,4,2,2800,17.2,3.14.6,CPython,1,spawn,2.5.3,algo_iter,algo_game_of_life,4,652,0.3,seconds,normal,53,674,4,2,5,9,0,0,0.005619711111143665,1.0,0.1087720856090282,0.00998667390443313,1.0778435996931734,0.0,0.09968019999996613,0.0007560999993074802,0.1521930999997494,0.29543009999997594,0.2979844999999841,0.16131439999981012,0.294290;0.295430;0.305968,0.297629;0.299421;0.297984,0.259004;0.161314;0.159615,,multiprocessing,2026-10-03T19:03:04+00:00
W4-00511,W4,n2-standard-4,Windows,2022Server,AMD64,Intel(R) Xeon(R) CPU @ 2.80GHz,intel,4,2,2800,17.2,3.14.6,CPython,1,spawn,2.5.3,db,db_mem_insert_select,14,51,0.8,seconds,normal,10687,70,4,2,1,1,1,0,9.64824902818093e-05,1.0,0.11682533715420916,0.0360687215623409,0.7764964267314669,0.0,0.11561199999960081,0.002101999994920334,0.1521930999997494,0.9960663000001659,1.3176601999998638,0.6000239999998485,0.996066;1.013383;0.996062,1.295090;1.317660;1.323486,0.634613;0.577246;0.600024,,multiprocessing,2026-10-03T19:03:13+00:00
W4-00512,W4,n2-standard-4,Windows,2022Server,AMD64,Intel(R) Xeon(R) CPU @ 2.80GHz,intel,4,2,2800,17.2,3.14.6,CPython,1,spawn,2.5.3,cpu,cpu_sum_squares,2075,1066108,0.3,ms,big,187,1066131,4,2,1,2,0,0,9.790869566843511e-05,1.0,0.2034741539696023,7.328664682223595,0.8681865839628157,0.0,0.02506919999996171,0.015259299999343057,0.1521930999997494,0.01749580000023343,0.01889260000007198,0.562212300000283,0.017368;0.018358;0.017496,0.018727;0.019165;0.018893,0.562212,,sequential,2026-10-03T19:03:15+00:00
W4-00513,W4,n2-standard-4,Windows,2022Server,AMD64,Intel(R) Xeon(R) CPU @ 2.80GHz,intel,4,2,2800,17.2,3.14.6,CPython,1,spawn,2.5.3,text,text_split_count,12,101,0.3,seconds,normal,3132,120,4,4,1,1,0,0,6.778079017878271e-05,1.0,0.15278556020600875,0.05635815064206768,0.9355957386408127,0.0,0.10546309999972436,0.0021222000082161685,0.19603430000006483,0.22366759999977148,0.21454170000015438,0.11555319999979474,0.211021;0.225240;0.223668,0.214542;0.213694;0.217845,0.116851;0.115390;0.115553,,multiprocessing,2026-10-03T19:03:17+00:00
W4-00514,W4,n2-standard-4,Windows,2022Server,AMD64,Intel(R) Xeon(R) CPU @ 2.80GHz,intel,4,2,2800,17.2,3.14.6,CPython,1,spawn,2.5.3,algo_iter,algo_dijkstra,131,159,0.0,seconds,normal,1377,178,4,8,2,15,0,0,0.0002563133333331699,1.0,0.02954519615739004,0.015703436069816886,0.9482490762563417,0.0,0.10487620000003517,0.002092000000175176,0.2566930000002685,0.36560510000026625,0.36669260000007853,0.2058257999997295,0.364670;0.365605;0.370678,0.367433;0.364374;0.366693,0.206864;0.204860;0.205826,,multiprocessing,2026-10-03T19:03:20+00:00
W4-00515,W4,n2-standard-4,Windows,2022Server,AMD64,Intel(R) Xeon(R) CPU @ 2.80GHz,intel,4,2,2800,17.2,3.14.6,CPython,1,spawn,2.5.3,tiny,tiny_small_loop,17,215,0.0,seconds,normal,200000,234,4,4,0,0,0,0,4.332500004693429e-07,0.9084813644265267,1.9037708435457301,9.474898889078359,0.5890515189782947,1.5,0.006993599999987055,0.0037333999989641597,0.19603430000006483,0.06636559999969904,0.08095640000010462,0.22404469999992216,0.066194;0.070425;0.066366,0.079669;0.083688;0.080956,0.224045;0.233680;0.222365,,sequential,2026-10-03T19:03:22+00:00
W4-00516,W4,n2-standard-4,Windows,2022Server,AMD64,Intel(R) Xeon(R) CPU @ 2.80GHz,intel,4,2,2800,17.2,3.14.6,CPython,1,spawn,2.5.3,mixed,mixed_compute_then_sleep,149108,1151307,0.3,seconds,big,173,1151341,4,4,1,3,1,0,0.010407440000108181,0.6463123917725383,0.07519582237456514,0.07638381771939108,1.4947319675460606,0.8,0.09284119999983886,0.004827799999475246,0.19603430000006483,1.7156153999999333,1.181026600000223,0.9015847000000576,1.720407;1.713664;1.715615,1.189368;1.175178;1.181027,0.890384;0.901585;0.916712,,multiprocessing,2026-10-03T19:03:35+00:00
W4-00517,W4,n2-standard-4,Windows,2022Server,AMD64,Intel(R) Xeon(R) CPU @ 2.80GHz,intel,4,2,2800,17.2,3.14.6,CPython,1,spawn,2.5.3,gil_release,gil_numpy_matmul,143,3719,0.0,seconds,normal,12612,3741,4,4,0,2,0,1,0.00018368007378297003,0.9999486503177792,0.10617770544825954,0.030732783506218796,1.5983208921655216,2.3,0.08285930000010922,0.001866000005065871,0.19603430000006483,2.306002299999818,1.3167906999997285,1.1849955999996382,2.306002;2.317742;2.299870,1.316791;1.310530;1.327278,1.164563;1.184996;1.186271,,multiprocessing,2026-10-03T19:03:50+00:00
W4-00518,W4,n2-standard-4,Windows,2022Server,AMD64,Intel(R) Xeon(R) CPU @ 2.80GHz,intel,4,2,2800,17.2,3.14.6,CPython,1,spawn,2.5.3,db,db_file_commit,2,2388,0.0,seconds,normal,244,2410,4,2,1,0,1,0,0.010429220000060014,0.2727932250617431,0.10941122158374357,0.0012445801378170793,1.2789141995542064,1.5,0.09244679999983418,0.0015624999996362021,0.1521930999997494,2.429517600000054,1.4442002999999204,1.4228884999997717,2.321911;2.429518;2.433405,1.444200;1.450645;1.405217,1.435397;1.416001;1.422888,,multiprocessing,2026-10-03T19:04:07+00:00
W4-00519,W4,n2-standard-4,Windows,2022Server,AMD64,Intel(R) Xeon(R) CPU @ 2.80GHz,intel,4,2,2800,17.2,3.14.6,CPython,1,spawn,2.5.3,io,io_sleep,1098,176,0.0,seconds,normal,2006,196,4,2,0,1,1,0,0.0019458384615168493,0.006017696284322091,0.01529336909175109,0.0023383235872069482,1.9758084624966579,0.0,0.07724159999997937,0.0008743000003050838,0.1521930999997494,3.9176901999999245,1.9612139999999272,1.9616720000003625,3.917690;3.914774;3.917717,1.962695;1.961214;1.961179,1.961672;1.961717;1.961082,,threading,2026-10-03T19:04:31+00:00
W4-00520,W4,n2-standard-4,Windows,2022Server,AMD64,Intel(R) Xeon(R) CPU @ 2.80GHz,intel,4,2,2800,17.2,3.14.6,CPython,1,spawn,2.5.3,db,db_mem_group_by,508,17,0.0,ms,normal,295,37,4,4,1,2,1,0,0.000607950684952064,1.0,0.059230462455214,0.006546583584076602,0.7767477197600338,0.0,0.10255229999984294,0.0012500999982876237,0.19603430000006483,0.1750579999998081,0.37142469999980676,0.09371399999963614,0.175058;0.175028;0.185248,0.361151;0.371425;0.373300,0.094460;0.093714;0.092971,,multiprocessing,2026-10-03T19:04:33+00:00
W4-00521,W4,n2-standard-4,Windows,2022Server,AMD64,Intel(R) Xeon(R) CPU @ 2.80GHz,intel,4,2,2800,17.2,3.14.6,CPython,1,spawn,2.5.3,numpy,np_fft,54305,226,0.0,seconds,normal,537,246,4,8,0,0,0,1,0.009179050000057032,1.0,0.009337710670359656,0.0007753162627394821,1.652704985801373,0.0,0.08943719999979294,0.0009114999993471429,0.2566930000002685,4.921800300000086,2.377406499999779,2.367429400000219,4.900626;5.142236;4.921800,2.337586;2.405712;2.377406,2.481160;2.268576;2.367429,,multiprocessing,2026-10-03T19:05:03+00:00
W4-00522,W4,n2-standard-4,Windows,2022Server,AMD64,Intel(R) Xeon(R) CPU @ 2.80GHz,intel,4,2,2800,17.2,3.14.6,CPython,1,spawn,2.5.3,big_payload,big_reverse,4,940471,0.8,seconds,big,212,940493,4,2,0,0,0,0,0.0006535320754699329,1.0,0.0856001020058399,1.3341349762956982,0.9389598566431858,0.0,0.09000530000002982,0.018382800000381394,0.1521930999997494,0.15925640000023122,0.15856650000023365,0.8715891000001648,0.161402;0.159256;0.157705,0.182435;0.148396;0.158567,0.871589,,threading,2026-10-03T19:05:06+00:00
W4-00523,W4,n2-standard-4,Windows,2022Server,AMD64,Intel(R) Xeon(R) CPU @ 2.80GHz,intel,4,2,2800,17.2,3.14.6,CPython,1,spawn,2.5.3,numpy,np_sort,8118,102738,0.0,ms,big,270,102761,4,4,0,3,0,1,0.0004899253731173982,1.0,0.3218803850694852,0.05052810349669273,1.713997411220086,7.6,0.05321609999964494,0.0016351000008398842,0.19603430000006483,0.12347529999988183,0.07547560000011799,0.17744429999993372,0.123475;0.123418;0.132378,0.075476;0.075359;0.079260,0.170849;0.177444;0.178952,,threading,2026-10-03T19:05:08+00:00
W4-00524,W4,n2-standard-4,Windows,2022Server,AMD64,Intel(R) Xeon(R) CPU @ 2.80GHz,intel,4,2,2800,17.2,3.14.6,CPython,1,spawn,2.5.3,numpy,np_sort,30494,167,0.3,seconds,normal,346,187,4,4,0,3,0,1,0.001500579411734126,0.9999081097584624,0.13799065189573667,0.0030188338870356726,1.7882192376552186,3.9,0.07989020000013625,0.0004581000011967262,0.19603430000006483,0.5086384999999609,0.25546959999974206,0.27644409999993513,0.512267;0.508638;0.504035,0.258454;0.255470;0.253546,0.277720;0.275913;0.276444,,threading,2026-10-03T19:05:12+00:00
W4-00525,W4,n2-standard-4,Windows,2022Server,AMD64,Intel(R) Xeon(R) CPU @ 2.80GHz,intel,4,2,2800,17.2,3.14.6,CPython,1,spawn,2.5.3,io,io_sleep_return_payload,9733,43647,0.0,ms,normal,8,43670,4,2,0,1,1,0,0.010393166666593364,0.006085416087173574,0.016299252956914215,0.0041309193494962594,1.4490126939280004,0.0,0.05290610000020024,0.0003852000004371803,0.1521930999997494,0.08326619999979812,0.04213030000028084,0.042900899999949615,0.083266;0.082514;0.083450,0.042676;0.041462;0.042130,0.042901;0.042237;0.042992,,threading,2026-10-03T19:05:13+00:00
W4-00526,W4,n2-standard-4,Windows,2022Server,AMD64,Intel(R) Xeon(R) CPU @ 2.80GHz,intel,4,2,2800,17.2,3.14.6,CPython,1,spawn,2.5.3,text,text_csv_parse,3,154,0.3,ms,normal,75,173,4,4,2,3,0,0,0.00038041111113468814,1.0,0.1435454563924996,0.010398107323753961,0.9233798645348179,0.0,0.015441099999861763,0.0011695999992298312,0.19603430000006483,0.02972460000000865,0.029072400000131893,0.01799269999992248,0.028874;0.029725;0.029967,0.029072;0.030836;0.028987,0.017993;0.018290;0.017842,,multiprocessing,2026-10-03T19:05:14+00:00
W4-00527,W4,n2-standard-4,Windows,2022Server,AMD64,Intel(R) Xeon(R) CPU @ 2.80GHz,intel,4,2,2800,17.2,3.14.6,CPython,1,spawn,2.5.3,db,db_mem_group_by,81,107146,0.8,ms,big,633,107168,4,2,1,2,1,0,0.00019983987339159445,0.9437258976033887,0.2528708487596399,0.1333067298228584,0.9098828834051481,0.0,0.06731649999983347,0.001202400004331139,0.1521930999997494,0.11753390000012587,0.12897149999980684,0.2317247999999381,0.116268;0.117534;0.120224,0.128971;0.128676;0.137508,0.231725;0.228944;0.236020,,sequential,2026-10-03T19:05:16+00:00
W4-00528,W4,n2-standard-4,Windows,2022Server,AMD64,Intel(R) Xeon(R) CPU @ 2.80GHz,intel,4,2,2800,17.2,3.14.6,CPython,1,spawn,2.5.3,tiny,tiny_add,15,264444,0.3,seconds,big,756,264466,4,4,0,1,0,0,3.613756869902043e-07,1.0,0.31621794695789535,130.41829238633343,0.09268606723593717,2.3,0.002797999999984313,0.0018465999951331469,0.19603430000006483,9.820000013860408e-05,0.0006294500001331471,0.6004840000000513,0.000203;0.000098;0.000052,0.000657;0.000602,0.600484,,sequential,2026-10-03T19:05:17+00:00
W4-00529,W4,n2-standard-4,Windows,2022Server,AMD64,Intel(R) Xeon(R) CPU @ 2.80GHz,intel,4,2,2800,17.2,3.14.6,CPython,1,spawn,2.5.3,io,io_sleep_chunks,6723,165,0.0,ms,normal,8,185,4,8,1,1,1,0,0.009730966666514481,0.015423235013185944,0.006414397075210216,0.0014250040338376307,1.4745881607116393,3.8,0.04994489999990037,0.0007959000004120753,0.2566930000002685,0.07733029999963037,0.010114400000020396,0.010389500000201224,0.077330,0.009976;0.010156;0.010114,0.010892;0.010347;0.010390,,threading,2026-10-03T19:05:18+00:00
W4-00530,W4,n2-standard-4,Windows,2022Server,AMD64,Intel(R) Xeon(R) CPU @ 2.80GHz,intel,4,2,2800,17.2,3.14.6,CPython,1,spawn,2.5.3,io,io_file_roundtrip,4,3373,0.3,ms,normal,8,3395,4,2,1,0,1,0,0.016271866666708473,0.15198804942130126,0.07610401415865804,0.000807119033212456,1.3936996829904207,0.0,0.08315679999986969,0.0010908999997809588,0.1521930999997494,0.08229070000015781,0.045715199999904144,0.0485118000001421,0.089073;0.082291;0.076307,0.045647;0.046983;0.045715,0.048512;0.048587;0.046011,,threading,2026-10-03T19:05:19+00:00
W4-00532,W4,n2-standard-4,Windows,2022Server,AMD64,Intel(R) Xeon(R) CPU @ 2.80GHz,intel,4,2,2800,17.2,3.14.6,CPython,1,spawn,2.5.3,db,db_mem_insert_select,2702,65,0.8,seconds,normal,179,85,4,8,1,1,1,0,0.0025766142856203564,1.0,0.558491312989861,0.0030854443395904245,0.8391598545958593,10.9,0.13627720000022236,0.021924000002400135,0.3023157999996329,0.45973679999951855,1.0950029000005088,0.24469849999968574,0.574074;0.439998;0.459737,1.079053;1.095088;1.095003,0.246498;0.236742;0.244698,,multiprocessing,2026-10-03T19:25:28+00:00
W4-00533,W4,n2-standard-4,Windows,2022Server,AMD64,Intel(R) Xeon(R) CPU @ 2.80GHz,intel,4,2,2800,17.2,3.14.6,CPython,1,spawn,2.5.3,db,db_mem_group_by,4552,1645994,0.3,seconds,big,121,1646017,4,8,1,2,1,0,0.004563890909015423,1.0,0.19539659319232006,0.19136980410442664,0.6015570579855716,7.8,0.1451228000005358,0.010823200001141231,0.3023157999996329,0.6176856000001862,1.2777107000001706,0.5657794000007925,0.617686;0.704068;0.584670,1.277711;1.300818;1.268968,0.565779;0.559465;0.585412,,multiprocessing,2026-10-03T19:25:37+00:00
W4-00534,W4,n2-standard-4,Windows,2022Server,AMD64,Intel(R) Xeon(R) CPU @ 2.80GHz,intel,4,2,2800,17.2,3.14.6,CPython,1,spawn,2.5.3,mixed,mixed_parse_lines,17,1382284,0.0,seconds,big,8,1382306,4,4,2,3,1,0,1.0849463000001076,1.0,0.003691490577935481,0.0008378294849370637,0.9551513528374627,0.0,6.659635600000001,0.0038930999999138294,0.2035513999999239,8.732079800000065,8.99242779999986,5.318256800000199,8.748050;8.732080;8.669004,8.992428;8.986202;9.049373,5.305763;5.328273;5.318257,,multiprocessing,2026-10-03T19:26:56+00:00
W4-00535,W4,n2-standard-4,Windows,2022Server,AMD64,Intel(R) Xeon(R) CPU @ 2.80GHz,intel,4,2,2800,17.2,3.14.6,CPython,1,spawn,2.5.3,io,io_sleep,6664,369,0.3,seconds,normal,491,392,4,2,0,1,1,0,0.006513037500099017,0.0028087922783767774,0.10912234616718185,0.001395278328272025,1.7199228792153978,0.0,0.08418619999974908,0.0008739999993849779,0.15651359999992565,3.602611500000421,1.8197714999996606,1.818603400000029,3.601475;3.604239;3.602612,1.815752;1.819771;1.819971,1.818603;1.821067;1.815034,,multiprocessing,2026-10-03T19:27:18+00:00
W4-00536,W4,n2-standard-4,Windows,2022Server,AMD64,Intel(R) Xeon(R) CPU @ 2.80GHz,intel,4,2,2800,17.2,3.14.6,CPython,1,spawn,2.5.3,gil_release,gil_zlib,5,113150,0.8,ms,big,10,113172,4,8,1,1,0,1,0.02248386666663767,1.0,0.062356140036742884,0.001002200082078751,5.119857472073155,0.0,0.0813032000005478,0.00092300000051182,0.3023157999996329,0.1707750000005035,0.06486589999985881,0.06728879999991477,0.171474;0.163658;0.170775,0.064866;0.064636;0.066284,0.067289;0.070612;0.066999,,threading,2026-10-03T19:27:20+00:00
W4-00537,W4,n2-standard-4,Windows,2022Server,AMD64,Intel(R) Xeon(R) CPU @ 2.80GHz,intel,4,2,2800,17.2,3.14.6,CPython,1,spawn,2.5.3,big_payload,big_checksum_head,4936,1100965,0.3,seconds,big,181,1100988,4,4,1,1,0,0,0.00011661111107564971,1.0,0.18511396976099115,6.829409245849307,0.8193788369680138,0.0,0.028539099999761675,0.0168273000017507,0.2035513999999239,0.021653399999195244,0.02266539999982342,0.5197191999995994,0.021565;0.022022;0.021653,0.022599;0.023517;0.022665,0.519719,,sequential,2026-10-03T19:27:22+00:00
W4-00538,W4,n2-standard-4,Windows,2022Server,AMD64,Intel(R) Xeon(R) CPU @ 2.80GHz,intel,4,2,2800,17.2,3.14.6,CPython,1,spawn,2.5.3,numpy,np_sort,56852,160302,0.3,seconds,big,1247,160330.17647058822,4,8,0,3,0,1,0.0030897294118403806,1.0,0.13341472285685244,0.008079900428457578,1.68248627521905,0.0,0.08467400000063208,0.0014403999994101468,0.3023157999996329,3.767764100000022,1.9669180000000779,2.304403000000093,3.737352;3.767764;4.193501,1.966918;1.901935;2.073100,2.492623;2.273722;2.304403,,threading,2026-10-03T19:27:48+00:00
W4-00539,W4,n2-standard-4,Windows,2022Server,AMD64,Intel(R) Xeon(R) CPU @ 2.80GHz,intel,4,2,2800,17.2,3.14.6,CPython,1,spawn,2.5.3,big_result,result_long_string,20067,989,0.3,ms,normal,8,1012,4,8,1,1,0,0,0.0057946999998724396,1.0,0.19743765726383739,0.0780540838155051,0.7954636413645921,11.4,0.039123300000028394,0.0021849000004294794,0.3023157999996329,0.0486799999998766,0.051142000000254484,0.03899540000020352,0.047611;0.048680;0.049413,0.050254;0.051142;0.051498,0.039541;0.038995;0.035965,,multiprocessing,2026-10-03T19:28:12+00:00
W4-00540,W4,n2-standard-4,Windows,2022Server,AMD64,Intel(R) Xeon(R) CPU @ 2.80GHz,intel,4,2,2800,17.2,3.14.6,CPython,1,spawn,2.5.3,text,text_csv_parse,17,1004,0.0,ms,normal,8,1026,4,4,2,3,0,0,0.010613333333215754,1.0,0.006039998322610421,0.0009673366795572851,0.975424057261802,0.8,0.06545579999965412,0.001040399999510555,0.2035513999999239,0.08335900000020047,0.08556440000029397,0.05077250000067579,0.083359;0.087450;0.083109,0.087553;0.084152;0.085564,0.051870;0.050739;0.050773,,multiprocessing,2026-10-03T19:28:14+00:00
W4-00541,W4,n2-standard-4,Windows,2022Server,AMD64,Intel(R) Xeon(R) CPU @ 2.80GHz,intel,4,2,2800,17.2,3.14.6,CPython,1,spawn,2.5.3,big_result,result_matrix_lists,325,1587,0.8,ms,normal,8,1610,4,8,2,5,0,0,0.015483800000462603,0.9567065874507665,0.22529857372897535,0.23652462574622743,0.6339962133787208,0.0,0.13452970000071218,0.011842199999591685,0.3023157999996329,0.14871519999996963,0.15057490000071994,0.11366159999943193,0.156703;0.148715;0.147362,0.148697;0.150575;0.153321,0.113803;0.112423;0.113662,,multiprocessing,2026-10-03T19:28:16+00:00
W4-00542,W4,n2-standard-4,Windows,2022Server,AMD64,Intel(R) Xeon(R) CPU @ 2.80GHz,intel,4,2,2800,17.2,3.14.6,CPython,1,spawn,2.5.3,db,db_file_lookup,13,184053,0.3,ms,big,40,184075,4,4,1,5,1,0,0.0006534200000714918,1.0,0.18601399634090585,0.061706100438383926,0.17200206454687506,0.0,0.04432600000018283,0.0017306999998254469,0.2035513999999239,0.024640600000566337,0.015444399999978486,0.020351600000140024,0.024086;0.024641;0.027011,0.080881;0.015444;0.014839,0.055212;0.020079;0.020352,,threading,2026-10-03T19:28:16+00:00
W4-00543,W4,n2-standard-4,Windows,2022Server,AMD64,Intel(R) Xeon(R) CPU @ 2.80GHz,intel,4,2,2800,17.2,3.14.6,CPython,1,spawn,2.5.3,big_payload,big_reverse,3,2829535,0.0,ms,big,9,2829557,4,2,0,0,0,0,0.0015592666665421955,1.0,0.004740713983080787,1.8830646887903906,0.8459941246154068,0.0,0.020051899999998568,0.009791200000108802,0.15651359999992565,0.015621700000338024,0.015919700000267767,0.06309090000013384,0.015601;0.015656;0.015622,0.015920;0.014992;0.016043,0.062608;0.065352;0.063091,,sequential,2026-10-03T19:28:17+00:00
W4-00544,W4,n2-standard-4,Windows,2022Server,AMD64,Intel(R) Xeon(R) CPU @ 2.80GHz,intel,4,2,2800,17.2,3.14.6,CPython,1,spawn,2.5.3,big_payload,big_reverse,2,1409494,0.0,seconds,big,141,1409516,4,4,0,0,0,0,0.0007707914285804561,1.0,0.019295244290885943,2.4054367126419054,0.9424957223039734,3.9,0.0932236999997258,0.03758049999942159,0.2035513999999239,0.12002539999957662,0.12098519999926793,0.6924250000001848,0.120025;0.116273;0.122504,0.127066;0.118392;0.120985,0.692425,,sequential,2026-10-03T19:28:20+00:00
W4-00545,W4,n2-standard-4,Windows,2022Server,AMD64,Intel(R) Xeon(R) CPU @ 2.80GHz,intel,4,2,2800,17.2,3.14.6,CPython,1,spawn,2.5.3,db,db_file_commit,1,138,0.3,seconds,normal,221,157,4,2,1,0,1,0,0.005729955555377981,0.2824957897492037,0.08160093342895,0.0009462939506017202,1.387649768513549,2.3,0.0893039000002318,0.0013694000026589492,0.15651359999992565,1.1886514000007082,0.7021324000006643,0.692790299999615,1.159020;1.188651;1.194936,0.702132;0.704889;0.688637,0.686729;0.708333;0.692790,,multiprocessing,2026-10-03T19:28:28+00:00
W4-00546,W4,n2-standard-4,Windows,2022Server,AMD64,Intel(R) Xeon(R) CPU @ 2.80GHz,intel,4,2,2800,17.2,3.14.6,CPython,1,spawn,2.5.3,mixed,mixed_compute_then_sleep,44909,69,0.0,seconds,normal,253,89,4,4,1,3,1,0,0.0036143928570189538,0.5392153865140713,0.21065939302767833,0.0014228827352979728,1.527761414626451,0.0,0.08496190000005299,0.0009088000015253783,0.2035513999999239,0.8650582000000213,0.5404576999999335,0.33220840000012686,0.865058;0.866087;0.864951,0.540458;0.535117;0.541601,0.337082;0.331031;0.332208,,multiprocessing,2026-10-03T19:28:34+00:00
W4-00547,W4,n2-standard-4,Windows,2022Server,AMD64,Intel(R) Xeon(R) CPU @ 2.80GHz,intel,4,2,2800,17.2,3.14.6,CPython,1,spawn,2.5.3,big_result,result_long_string,127,21,0.0,seconds,normal,42925,40,4,8,1,1,0,0,2.4325900017174718e-05,1.0,0.2779955556030155,0.1923875423625299,0.9309463989852422,0.0,0.10544769999978598,0.0035715999656531494,0.3023157999996329,1.1225952999993751,1.1202471999995396,0.7776481000000786,1.122595;1.089728;1.129712,1.127493;1.120247;1.109396,0.777648;0.785542;0.761487,,multiprocessing,2026-10-03T19:28:44+00:00
W4-00548,W4,n2-standard-4,Windows,2022Server,AMD64,Intel(R) Xeon(R) CPU @ 2.80GHz,intel,4,2,2800,17.2,3.14.6,CPython,1,spawn,2.5.3,tiny,tiny_add,10,67,0.8,seconds,normal,200000,86,4,2,0,1,0,0,1.2544998890007265e-07,1.0,0.7199503457427083,31.805501963491935,0.2763359968255278,0.8,0.0053493000004891655,0.003303800021967618,0.15651359999992565,0.016185700000278302,0.02137589999983902,0.10874469999998837,0.015771;0.016427;0.016186,0.021203;0.021376;0.021599,0.108745,,sequential,2026-10-03T19:28:45+00:00
W4-00549,W4,n2-standard-4,Windows,2022Server,AMD64,Intel(R) Xeon(R) CPU @ 2.80GHz,intel,4,2,2800,17.2,3.14.6,CPython,1,spawn,2.5.3,cpu,cpu_matmul_lists,6,175,0.8,ms,normal,1148,194,4,4,3,5,0,0,2.367665505523263e-05,1.0,0.8913814292309026,0.1723216448774251,0.7750668522273377,0.0,0.017352600000776874,0.0015997000000425032,0.2035513999999239,0.028327099999842176,0.030235399999583024,0.018696000000090862,0.028327;0.029702;0.028143,0.030235;0.030892;0.030182,0.018416;0.018696;0.019778,,multiprocessing,2026-10-03T19:28:46+00:00
W4-00550,W4,n2-standard-4,Windows,2022Server,AMD64,Intel(R) Xeon(R) CPU @ 2.80GHz,intel,4,2,2800,17.2,3.14.6,CPython,1,spawn,2.5.3,numpy,np_sort,66731,9704,0.3,ms,normal,21,9727.8,4,8,0,3,0,1,0.003454519999831973,1.0,0.1706251082741797,0.003855817863578979,1.2654883098162497,0.0,0.030528899999808345,0.0003395000012460514,0.3023157999996329,0.07670779999989463,0.04145359999984066,0.04178409999985888,0.076708;0.078351;0.074105,0.037728;0.041454;0.042487,0.042231;0.041282;0.041784,,threading,2026-10-03T19:28:47+00:00
W4-00551,W4,n2-standard-4,Windows,2022Server,AMD64,Intel(R) Xeon(R) CPU @ 2.80GHz,intel,4,2,2800,17.2,3.14.6,CPython,1,spawn,2.5.3,big_payload,big_checksum_head,313,1484718,0.0,ms,big,134,1484741,4,4,1,1,0,0,8.33939394038735e-06,1.0,0.15800881103989,115.71704213518423,0.29166666597724394,0.8,0.021015100000113307,0.01972109999951499,0.2035513999999239,0.0010712999992392724,0.001568000000588654,0.5189506000006077,0.001071;0.001067;0.001092,0.001568;0.001680;0.001416,0.518951,,sequential,2026-10-03T19:28:48+00:00
W4-00552,W4,n2-standard-4,Windows,2022Server,AMD64,Intel(R) Xeon(R) CPU @ 2.80GHz,intel,4,2,2800,17.2,3.14.6,CPython,1,spawn,2.5.3,gil_release,gil_zlib,2,84483,0.8,seconds,normal,36,84505,4,8,1,1,0,1,0.004420144444641967,1.0,0.4048807954863216,0.005037542737263785,1.6314059558507872,5.5,0.0662148999999772,0.0004912999984298949,0.3023157999996329,0.15898790000028384,0.054935300000579446,0.05718360000082612,0.152329;0.159370;0.158988,0.057468;0.052888;0.054935,0.056839;0.057184;0.060237,,threading,2026-10-03T19:28:50+00:00
W4-00553,W4,n2-standard-4,Windows,2022Server,AMD64,Intel(R) Xeon(R) CPU @ 2.80GHz,intel,4,2,2800,17.2,3.14.6,CPython,1,spawn,2.5.3,gil_release,gil_numpy_matmul,116,4379,0.8,ms,normal,52,4401,4,2,0,2,0,1,0.00021646153856216607,1.0,1.0358840909929465,0.03152096613371335,1.1459173800069022,0.0,0.006041499999810185,0.0012899999992441735,0.15651359999992565,0.007215999999971245,0.00624100000004546,0.08676560000003519,0.007216;0.007295;0.006613,0.006241;0.006134;0.006346,0.086766,,threading,2026-10-03T19:28:50+00:00
W4-00554,W4,n2-standard-4,Windows,2022Server,AMD64,Intel(R) Xeon(R) CPU @ 2.80GHz,intel,4,2,2800,17.2,3.14.6,CPython,1,spawn,2.5.3,db,db_mem_insert_select,2539,51,0.0,seconds,normal,1094,71,4,8,1,1,1,0,0.0021581541667122415,1.0,0.02708650327636186,0.0018279509597714757,0.6475815391170255,0.0,0.13195689999975002,0.0004017999990537646,0.3023157999996329,2.3658918000000995,6.317238399999951,1.2399565000005168,2.365892;2.331809;2.390209,6.317238,1.239957;1.233061;1.247561,,multiprocessing,2026-10-03T19:29:08+00:00
W4-00555,W4,n2-standard-4,Windows,2022Server,AMD64,Intel(R) Xeon(R) CPU @ 2.80GHz,intel,4,2,2800,17.2,3.14.6,CPython,1,spawn,2.5.3,gil_release,gil_numpy_matmul,29,9475,0.0,seconds,normal,21108,9497,4,8,0,2,0,1,2.6933333324968932e-05,0.9445613026724867,0.35667028572723597,0.2511757422502622,0.6474376287135828,0.0,0.1294914999998582,0.0037073000148666324,0.3023157999996329,0.5363023999998404,1.613064199999826,0.712293800000225,0.512734;0.536302;0.550787,1.599359;1.613064;1.652270,0.735900;0.712294;0.694751,,sequential,2026-10-03T19:29:18+00:00
W4-00556,W4,n2-standard-4,Windows,2022Server,AMD64,Intel(R) Xeon(R) CPU @ 2.80GHz,intel,4,2,2800,17.2,3.14.6,CPython,1,spawn,2.5.3,recursive,rec_quicksort,11169,388,0.8,ms,normal,8,411,4,2,1,8,0,0,0.020084800000101193,1.0,0.08318916871550303,0.0004929100561307176,1.4511990758846627,1.5,0.1018197000003056,0.0011605999998209882,0.15651359999992565,0.14805900000010297,0.1545495000000301,0.14952740000080667,0.147567;0.154472;0.148059,0.155249;0.154224;0.154550,0.149525;0.149527;0.152997,,sequential,2026-10-03T19:29:20+00:00
W4-00557,W4,n2-standard-4,Windows,2022Server,AMD64,Intel(R) Xeon(R) CPU @ 2.80GHz,intel,4,2,2800,17.2,3.14.6,CPython,1,spawn,2.5.3,big_payload,big_checksum_head,449,173799,0.0,seconds,big,1150,173822,4,2,1,1,0,0,1.125783975185313e-05,1.0,0.0820403126473969,3.1706793554174553,0.7990188679494702,0.0,0.008880299999873387,0.001409799991051841,0.15651359999992565,0.01318740000078833,0.013738699999521486,0.66105349999998,0.013824;0.013155;0.013187,0.013299;0.014086;0.013739,0.661053,,sequential,2026-10-03T19:29:22+00:00
W4-00558,W4,n2-standard-4,Windows,2022Server,AMD64,Intel(R) Xeon(R) CPU @ 2.80GHz,intel,4,2,2800,17.2,3.14.6,CPython,1,spawn,2.5.3,db,db_file_commit,3,143775,0.3,seconds,big,53,143797,4,2,1,0,1,0,0.01910283333290863,0.30854419934166577,0.2587333483544433,0.004433897262407472,1.3464122559042728,3.9,0.09340720000000147,0.0005453000012494158,0.15651359999992565,0.9395391999996718,0.515656300000046,0.5277277999994112,0.939539;0.915662;0.968905,0.515656;0.518995;0.509246,0.527728;0.548611;0.526337,,threading,2026-10-03T19:29:28+00:00
W4-00559,W4,n2-standard-4,Windows,2022Server,AMD64,Intel(R) Xeon(R) CPU @ 2.80GHz,intel,4,2,2800,17.2,3.14.6,CPython,1,spawn,2.5.3,mixed,mixed_json_roundtrip,18,295,0.3,ms,normal,41,317,4,8,1,1,1,0,0.000577150000117399,0.8226509917131636,0.4364319670857153,0.008611279262137327,0.8249160710555778,0.0,0.01367610000033892,0.000993999999082007,0.3023157999996329,0.03414470000006986,0.02676450000035402,0.013905499999964377,0.031045;0.035656;0.034145,0.026765;0.026690;0.026793,0.013905;0.013841;0.014337,,multiprocessing,2026-10-03T19:29:29+00:00
W4-00560,W4,n2-standard-4,Windows,2022Server,AMD64,Intel(R) Xeon(R) CPU @ 2.80GHz,intel,4,2,2800,17.2,3.14.6,CPython,1,spawn,2.5.3,io,io_sleep,233,1428106,0.8,ms,big,50,1428128.25,4,2,0,1,1,0,0.0009610249999999118,0.023720014305630296,0.039021025112180543,0.9537039445785539,1.8209590990748006,0.0,0.0293946000001597,0.011381700000129058,0.15651359999992565,0.048635299999659765,0.02777570000034757,0.1882130000003599,0.048547;0.048635;0.048793,0.027776;0.027781;0.027482,0.188213,,threading,2026-10-03T19:29:30+00:00
W4-00561,W4,n2-standard-4,Windows,2022Server,AMD64,Intel(R) Xeon(R) CPU @ 2.80GHz,intel,4,2,2800,17.2,3.14.6,CPython,1,spawn,2.5.3,recursive,rec_quicksort,1281,1070,0.3,seconds,normal,480,1093,4,2,1,8,0,0,0.0015926249999722586,1.0,0.20135207068099664,0.0029385448735219635,0.8924273085967879,0.8,0.10756409999976313,0.00043370000094000716,0.15651359999992565,0.8149773000004643,0.8122476000007737,0.5424864999995407,0.792968;0.814977;0.824058,0.812248;0.816528;0.811434,0.549240;0.510449;0.542486,,multiprocessing,2026-10-03T19:29:37+00:00
W4-00562,W4,n2-standard-4,Windows,2022Server,AMD64,Intel(R) Xeon(R) CPU @ 2.80GHz,intel,4,2,2800,17.2,3.14.6,CPython,1,spawn,2.5.3,io,io_sleep_return_payload,780,4329,0.3,seconds,normal,3879,4352,4,2,0,1,1,0,0.0014577942856184173,0.01341228734329216,0.021642767260773983,0.004836073269093251,1.9631914257768148,0.0,0.07820570000058069,0.0010102000042024883,0.15651359999992565,5.68476550000014,2.856337100000019,2.8754308999996283,5.682854;5.704676;5.684766,2.850719;2.859503;2.856337,2.875431;2.885765;2.874943,,threading,2026-10-03T19:30:12+00:00
W4-00563,W4,n2-standard-4,Windows,2022Server,AMD64,Intel(R) Xeon(R) CPU @ 2.80GHz,intel,4,2,2800,17.2,3.14.6,CPython,1,spawn,2.5.3,big_result,result_matrix_lists,31,94,0.8,seconds,normal,21126,113,4,2,2,5,0,0,0.00013321253332105698,1.0,0.8776435673790243,0.44849383544613247,1.0072720510867588,0.0,0.10205330000007962,0.0021642000046995236,0.15651359999992565,3.0433814999996684,3.10812900000019,2.2380065999996077,3.018255;3.154515;3.043381,3.108129;3.183092;3.061544,2.312235;2.223452;2.238007,,multiprocessing,2026-10-03T19:30:38+00:00
W4-00564,W4,n2-standard-4,Windows,2022Server,AMD64,Intel(R) Xeon(R) CPU @ 2.80GHz,intel,4,2,2800,17.2,3.14.6,CPython,1,spawn,2.5.3,mixed,mixed_hash_then_write,34902,12059,0.3,seconds,normal,794,12082,4,2,1,3,1,0,0.0009005571428133408,1.0,0.04709295328983338,0.007567537512761027,0.9268211006319136,0.0,0.10591930000009597,0.0012852000018028775,0.15651359999992565,0.7204723000004378,0.7572172999998656,0.6973754999999073,0.720472;0.704057;0.722746,0.753858;0.771575;0.757217,0.697375;0.700055;0.676783,,multiprocessing,2026-10-03T19:30:46+00:00
W4-00565,W4,n2-standard-4,Windows,2022Server,AMD64,Intel(R) Xeon(R) CPU @ 2.80GHz,intel,4,2,2800,17.2,3.14.6,CPython,1,spawn,2.5.3,tiny,tiny_len,13,18,0.0,seconds,normal,200000,37,4,4,0,0,0,0,1.3955000531495898e-07,1.0,1.9506600799178875,28.12611834483428,0.29252361588243686,0.0,0.005491299999448529,0.003395699988686829,0.2035513999999239,0.01650729999983014,0.024485699999786448,0.0741303999993761,0.016560;0.016507;0.016326,0.024947;0.023807;0.024486,0.072733;0.078645;0.074130,,sequential,2026-10-03T19:30:47+00:00
W4-00566,W4,n2-standard-4,Windows,2022Server,AMD64,Intel(R) Xeon(R) CPU @ 2.80GHz,intel,4,2,2800,17.2,3.14.6,CPython,1,spawn,2.5.3,io,io_sleep,1217,206859,0.3,seconds,big,416,206882,4,4,0,1,1,0,0.0018733888889444104,0.012652764881858897,0.15602433795857384,0.02315055897551202,1.8995156285362358,0.0,0.0786166999996567,0.0012740999982270296,0.2035513999999239,0.7835018999994645,0.19751369999994495,0.30216810000001715,0.784475;0.783502;0.782853,0.197514;0.199460;0.194972,0.300639;0.312051;0.302168,,threading,2026-10-03T19:30:51+00:00
W4-00567,W4,n2-standard-4,Windows,2022Server,AMD64,Intel(R) Xeon(R) CPU @ 2.80GHz,intel,4,2,2800,17.2,3.14.6,CPython,1,spawn,2.5.3,big_result,result_matrix_lists,82,567,0.3,seconds,normal,6795,589,4,2,2,5,0,0,0.0007584530303161459,1.0,0.3079585471675457,0.31825306305243706,0.8912645280304677,0.8,0.11118110000006709,0.005313699998623633,0.15651359999992565,6.012695299999905,6.136545500000466,4.4251019000003,6.060986;6.012695;5.852513,5.973334;6.181820;6.136546,4.425102;4.572029;4.410505,,multiprocessing,2026-10-03T19:31:41+00:00
W4-00568,W4,n2-standard-4,Windows,2022Server,AMD64,Intel(R) Xeon(R) CPU @ 2.80GHz,intel,4,2,2800,17.2,3.14.6,CPython,1,spawn,2.5.3,cpu,cpu_count_primes,853,181,0.3,seconds,normal,3570,201,4,8,2,4,0,0,0.00024101394233884304,1.0,0.23063320746638785,0.01862962703351709,0.9555854109580847,0.0,0.10420009999961621,0.0013322999930096557,0.3023157999996329,0.8691914999999426,0.8659817999996449,0.50601160000042,0.868869;0.903138;0.869191,0.865982;0.872123;0.863757,0.506012;0.508005;0.503205,,multiprocessing,2026-10-03T19:31:49+00:00
W4-00569,W4,n2-standard-4,Windows,2022Server,AMD64,Intel(R) Xeon(R) CPU @ 2.80GHz,intel,4,2,2800,17.2,3.14.6,CPython,1,spawn,2.5.3,recursive,rec_nqueens,32,56,0.8,ms,normal,9,75,4,4,1,10,0,0,0.005349466666605925,1.0,0.4436946222129624,0.0022245208182063536,0.484245321921106,0.0,0.04137769999942975,0.001263199999812059,0.2035513999999239,0.049521699999786506,0.05151630000000296,0.03071379999983037,0.049522;0.051389;0.049328,0.051516;0.051269;0.052824,0.030768;0.030288;0.030714,,multiprocessing,2026-10-03T19:31:50+00:00
W4-00570,W4,n2-standard-4,Windows,2022Server,AMD64,Intel(R) Xeon(R) CPU @ 2.80GHz,intel,4,2,2800,17.2,3.14.6,CPython,1,spawn,2.5.3,gil_release,gil_zlib,13,23357,0.3,ms,normal,8,23379,4,2,1,1,0,1,0.007084066667024065,1.0,0.11305347126549216,0.0020374361462952707,1.4325021876042865,0.0,0.03633689999969647,0.0002701999983401038,0.15651359999992565,0.0555318000006082,0.031014000000141095,0.03804790000049252,0.055989;0.055449;0.055532,0.031014;0.030914;0.031170,0.039558;0.038048;0.034337,,threading,2026-10-03T19:31:51+00:00
W4-00571,W4,n2-standard-4,Windows,2022Server,AMD64,Intel(R) Xeon(R) CPU @ 2.80GHz,intel,4,2,2800,17.2,3.14.6,CPython,1,spawn,2.5.3,db,db_file_commit,4,1071034,0.0,seconds,big,13,1071056,4,2,1,0,1,0,0.0502319666669185,0.42756669007193954,0.015250047164882825,0.01669919353954605,1.7460089962265515,0.0,0.23907990000043355,0.0028359999996609986,0.15651359999992565,0.6267644999998083,0.4439815000005183,0.42807710000033694,0.622050;0.626764;0.634600,0.443982;0.455960;0.379633,0.354510;0.453644;0.428077,,multiprocessing,2026-10-03T19:31:56+00:00
W4-00572,W4,n2-standard-4,Windows,2022Server,AMD64,Intel(R) Xeon(R) CPU @ 2.80GHz,intel,4,2,2800,17.2,3.14.6,CPython,1,spawn,2.5.3,io,io_sleep_chunks,902,17,0.0,ms,normal,65,37,4,2,1,1,1,0,0.003891646153673579,0.013525757001672394,0.013200329791534668,0.00145083946219766,1.8360980904584558,0.0,0.07925100000011298,0.000925800001823518,0.15651359999992565,0.25363629999992554,0.14102009999987786,0.14114820000031614,0.253569;0.253636;0.253885,0.141030;0.140621;0.141020,0.140847;0.141148;0.141316,,threading,2026-10-03T19:31:58+00:00
W4-00573,W4,n2-standard-4,Windows,2022Server,AMD64,Intel(R) Xeon(R) CPU @ 2.80GHz,intel,4,2,2800,17.2,3.14.6,CPython,1,spawn,2.5.3,big_result,result_records,17129,110433,0.8,ms,big,8,110456,4,2,1,2,0,0,0.005495466666616267,1.0,0.37274340914856724,1.6444220690601752,0.4507209998149908,0.0,0.08432110000012472,0.027956599999924947,0.15651359999992565,0.07307779999973718,0.0915328999999474,0.11598859999958222,0.073078;0.084107;0.064084,0.091533;0.066775;0.099044,0.115989;0.101228;0.124775,,sequential,2026-10-03T19:32:00+00:00
W4-00574,W4,n2-standard-4,Windows,2022Server,AMD64,Intel(R) Xeon(R) CPU @ 2.80GHz,intel,4,2,2800,17.2,3.14.6,CPython,1,spawn,2.5.3,algo_rec,algo_merge_sort,846,102330,0.8,ms,big,13,102353,4,8,1,10,0,0,0.001885466666863067,1.0,0.16731382193489605,0.05107488857389111,0.7615226517821867,0.0,0.014269299999796203,0.001680399998804205,0.3023157999996329,0.023599199999807752,0.026312599999982922,0.016736300000047777,0.023470;0.024789;0.023599,0.026340;0.026313;0.025540,0.017163;0.016061;0.016736,,multiprocessing,2026-10-03T19:32:00+00:00
W4-00575,W4,n2-standard-4,Windows,2022Server,AMD64,Intel(R) Xeon(R) CPU @ 2.80GHz,intel,4,2,2800,17.2,3.14.6,CPython,1,spawn,2.5.3,algo_iter,algo_game_of_life,1,173,0.8,ms,normal,19,192,4,8,5,9,0,0,0.0015555249999579246,1.0,0.01374459291748084,0.03866861675821402,0.8472140266791085,0.0,0.015178999999989173,0.001604300000508374,0.3023157999996329,0.033721499999955995,0.03531659999953263,0.020922499999869615,0.033721;0.034551;0.033590,0.035522;0.035112;0.035317,0.020523;0.020922;0.022111,,multiprocessing,2026-10-03T19:32:01+00:00
W4-00576,W4,n2-standard-4,Windows,2022Server,AMD64,Intel(R) Xeon(R) CPU @ 2.80GHz,intel,4,2,2800,17.2,3.14.6,CPython,1,spawn,2.5.3,recursive,rec_fib,24,371,0.0,ms,normal,34237,393,4,4,0,4,0,0,2.6998500079571385e-06,1.0,1.8046849898042294,1.7593569685279535,0.8242075171212023,0.0,0.01670990000002348,0.0038187999844012666,0.2035513999999239,0.09911149999970803,0.10882869999932154,0.07773059999999532,0.092422;0.106153;0.099111,0.106913;0.108829;0.109424,0.070077;0.077731;0.078231,,multiprocessing,2026-10-03T19:32:03+00:00
W4-00577,W4,n2-standard-4,Windows,2022Server,AMD64,Intel(R) Xeon(R) CPU @ 2.80GHz,intel,4,2,2800,17.2,3.14.6,CPython,1,spawn,2.5.3,numpy,np_sort,147402,278499,0.8,seconds,big,59,278533,4,2,0,3,0,1,0.010600679999697604,0.9466268323276822,0.2900360425247184,0.010052185327005468,1.3970981907244446,26.6,0.08903519999967102,0.0008435000008830684,0.15651359999992565,0.47567499999968277,0.35084069999993517,0.34931090000009135,0.487984;0.475675;0.415346,0.373110;0.350841;0.318367,0.315276;0.349311;0.417329,,multiprocessing,2026-10-03T19:32:07+00:00
W4-00578,W4,n2-standard-4,Windows,2022Server,AMD64,Intel(R) Xeon(R) CPU @ 2.80GHz,intel,4,2,2800,17.2,3.14.6,CPython,1,spawn,2.5.3,db,db_file_commit,1,2919,0.3,ms,normal,32,2941,4,2,1,0,1,0,0.006165512500047043,0.3011856674175752,0.05920182580570288,0.0016198977770593916,1.390712927687065,25.0,0.08467810000001919,0.0004876000002695946,0.15651359999992565,0.1934279000006427,0.10940650000065943,0.10942599999998492,0.201548;0.192628;0.193428,0.117861;0.104976;0.109407,0.112703;0.107672;0.109426,,threading,2026-10-03T19:32:09+00:00
W4-00579,W4,n2-standard-4,Windows,2022Server,AMD64,Intel(R) Xeon(R) CPU @ 2.80GHz,intel,4,2,2800,17.2,3.14.6,CPython,1,spawn,2.5.3,mixed,mixed_compute_then_sleep,6178,824920,0.3,ms,big,10,824943,4,8,1,3,1,0,0.0010898000003483805,0.2437935603834013,0.15138314541031783,0.5128158069818591,1.1408558032949778,23.5,0.007846800000152143,0.001955199999429169,0.3023157999996329,0.012003900000308931,0.005336000000170316,0.014654300000074727,0.012004;0.012992;0.011039,0.005336;0.005366;0.004524,0.015245;0.014138;0.014654,,threading,2026-10-03T19:32:09+00:00
W4-00580,W4,n2-standard-4,Windows,2022Server,AMD64,Intel(R) Xeon(R) CPU @ 2.80GHz,intel,4,2,2800,17.2,3.14.6,CPython,1,spawn,2.5.3,big_payload,big_reverse,8,699625,0.3,ms,big,241,699647,4,2,0,0,0,0,0.0006074516666558338,0.851217284669506,1.1170339573826322,1.1859050515757108,1.0302130585673213,25.0,0.08703590000004624,0.014970200000789191,0.15651359999992565,0.150530400000207,0.14100760000019363,0.7775483999994321,0.150530;0.134732;0.152606,0.144017;0.141008;0.139830,0.777548,,threading,2026-10-03T19:32:12+00:00
W4-00581,W4,n2-standard-4,Windows,2022Server,AMD64,Intel(R) Xeon(R) CPU @ 2.80GHz,intel,4,2,2800,17.2,3.14.6,CPython,1,spawn,2.5.3,big_result,result_long_string,13954,308,0.8,ms,normal,8,331,4,8,1,1,0,0,0.0020440333334287666,1.0,0.4344126743223568,0.12258443279291142,0.6291840313620936,8.3,0.018539800000326068,0.0009919000003719702,0.3023157999996329,0.025631500000599772,0.02521419999993668,0.019004499999937252,0.025730;0.024614;0.025632,0.025892;0.025214;0.025080,0.019434;0.018448;0.019004,,multiprocessing,2026-10-03T19:32:13+00:00
W4-00582,W4,n2-standard-4,Windows,2022Server,AMD64,Intel(R) Xeon(R) CPU @ 2.80GHz,intel,4,2,2800,17.2,3.14.6,CPython,1,spawn,2.5.3,db,db_file_commit,2,555,0.3,ms,normal,8,577,4,8,1,0,1,0,0.010901566666689178,0.2916962364424826,0.09160571579297885,0.0014646212937821815,1.1353935652632976,0.8,0.06049170000005688,0.000413499999922351,0.3023157999996329,0.08323089999976219,0.02834210000037274,0.02709619999950519,0.083231;0.079727;0.084678,0.035522;0.022469;0.028342,0.046545;0.027096;0.025297,,multiprocessing,2026-10-03T19:32:14+00:00
W4-00583,W4,n2-standard-4,Windows,2022Server,AMD64,Intel(R) Xeon(R) CPU @ 2.80GHz,intel,4,2,2800,17.2,3.14.6,CPython,1,spawn,2.5.3,big_payload,big_upper_copy,1,694715,0.3,ms,big,43,694737,4,4,0,0,0,0,0.0004561200002171972,1.0,0.09823345822257813,1.9750065761449869,0.8522946862012276,0.0,0.019997700000203622,0.009835099997872021,0.2035513999999239,0.01561779999974533,0.016425099999651138,0.08406070000000909,0.022885;0.015437;0.015618,0.016425;0.017681;0.016282,0.084061,,sequential,2026-10-03T19:32:15+00:00
W4-00584,W4,n2-standard-4,Windows,2022Server,AMD64,Intel(R) Xeon(R) CPU @ 2.80GHz,intel,4,2,2800,17.2,3.14.6,CPython,1,spawn,2.5.3,gil_release,gil_bz2,43,300000,0.3,seconds,big,310,300022,4,8,0,1,0,1,0.004998281818106162,1.0,0.12323944390193994,0.012777117946792444,1.6208941810578366,1.5,0.09085010000035254,0.0015170000006037299,0.3023157999996329,1.6160803000002488,0.8145972000002075,0.9022592999999688,1.613132;1.619881;1.616080,0.842473;0.814180;0.814597,0.902259;0.893169;0.914752,,threading,2026-10-03T19:32:26+00:00
W4-00585,W4,n2-standard-4,Windows,2022Server,AMD64,Intel(R) Xeon(R) CPU @ 2.80GHz,intel,4,2,2800,17.2,3.14.6,CPython,1,spawn,2.5.3,numpy,np_elementwise,615280,2609,0.8,ms,normal,8,2634,4,8,0,4,0,0,0.033510499999768704,1.0,0.36122943139802166,0.0004128059224035291,1.390868871814833,0.0,0.19151869999950577,0.001006700000289129,0.3023157999996329,0.2641043000003265,0.12553960000059305,0.11766349999925296,0.264104;0.280998;0.263147,0.120496;0.125540;0.133247,0.117663;0.135471;0.114685,,multiprocessing,2026-10-03T19:32:28+00:00
W4-00586,W4,n2-standard-4,Windows,2022Server,AMD64,Intel(R) Xeon(R) CPU @ 2.80GHz,intel,4,2,2800,17.2,3.14.6,CPython,1,spawn,2.5.3,algo_rec,algo_sudoku,7,27,0.8,ms,normal,20,46,4,8,3,28,0,0,0.004181520000201999,1.0,0.4917463185845126,0.0018270867930081322,0.47299736001619885,3.0,0.06724690000010014,0.0022013999987393618,0.3023157999996329,0.09524070000043139,0.09434419999979582,0.05605749999995169,0.095497;0.091820;0.095241,0.093399;0.094344;0.094618,0.053612;0.056057;0.056112,,multiprocessing,2026-10-03T19:32:29+00:00
W4-00587,W4,n2-standard-4,Windows,2022Server,AMD64,Intel(R) Xeon(R) CPU @ 2.80GHz,intel,4,2,2800,17.2,3.14.6,CPython,1,spawn,2.5.3,cpu,cpu_matmul_lists,5,891,0.3,ms,normal,823,913,4,4,3,5,0,0,1.2675121930752961e-05,1.0,0.34119245448799157,0.36843827017637054,0.7837019060760451,0.0,0.006692799999655108,0.0006321000037132762,0.2035513999999239,0.010752899999715737,0.010929899999609916,0.0079345000003741,0.010753;0.010230;0.010798,0.011295;0.010898;0.010930,0.007935;0.007990;0.007541,,multiprocessing,2026-10-03T19:32:30+00:00
W4-00588,W4,n2-standard-4,Windows,2022Server,AMD64,Intel(R) Xeon(R) CPU @ 2.80GHz,intel,4,2,2800,17.2,3.14.6,CPython,1,spawn,2.5.3,big_result,result_records,718,724,0.3,seconds,normal,14904,747,4,2,1,2,0,0,0.00029552899405972265,1.0,1.8639790771508977,1.1593278723758018,0.9454540397086585,0.0,0.11047450000023673,0.007504200004404993,0.15651359999992565,8.762565500000164,8.83917989999918,10.622633700000733,9.256201;7.767938;8.762566,9.362278;8.591905;8.839180,10.571061;11.126923;10.622634,,sequential,2026-10-03T19:33:56+00:00
W4-00589,W4,n2-standard-4,Windows,2022Server,AMD64,Intel(R) Xeon(R) CPU @ 2.80GHz,intel,4,2,2800,17.2,3.14.6,CPython,1,spawn,2.5.3,db,db_mem_insert_select,276,396,0.0,seconds,normal,16680,419,4,2,1,1,1,0,0.0002959970414144529,1.0,0.06049779485162742,0.013310943968986145,0.6949002357373815,4.7,0.12266509999972186,0.0007823000014468562,0.15651359999992565,5.052803100000347,7.206881899999644,2.8413822000002256,5.052803;5.596949;5.010010,7.277073;7.206882;7.051498,2.841382;3.905832;2.790396,,multiprocessing,2026-10-03T19:34:43+00:00
W4-00590,W4,n2-standard-4,Windows,2022Server,AMD64,Intel(R) Xeon(R) CPU @ 2.80GHz,intel,4,2,2800,17.2,3.14.6,CPython,1,spawn,2.5.3,text,text_csv_parse,4,401,0.0,seconds,normal,5968,423,4,8,2,3,0,0,0.0012326560975386045,1.0,0.05378095067223086,0.0037439477593196923,0.9480063839816345,0.0,0.10442929999953776,0.0005053000004409114,0.3023157999996329,7.277843199999552,7.372018799999751,4.133784399999968,7.285237;7.268056;7.277843,7.372019;7.345032;7.379137,4.106934;4.133784;4.136247,,multiprocessing,2026-10-03T19:35:40+00:00
W4-00591,W4,n2-standard-4,Windows,2022Server,AMD64,Intel(R) Xeon(R) CPU @ 2.80GHz,intel,4,2,2800,17.2,3.14.6,CPython,1,spawn,2.5.3,io,io_sleep_return_payload,1853,41663,0.3,seconds,normal,660,41686,4,2,0,1,1,0,0.002553349999971033,0.007505803118527566,0.1575952014221996,0.007210135680164797,1.9262282579678436,0.0,0.07828129999961675,0.0007295000004887697,0.15651359999992565,1.6481207999995604,0.8292523999998593,0.9091274000002159,1.646168;1.648683;1.648121,0.830235;0.828305;0.829252,0.909127;0.900309;0.911218,,threading,2026-10-03T19:35:51+00:00
W4-00592,W4,n2-standard-4,Windows,2022Server,AMD64,Intel(R) Xeon(R) CPU @ 2.80GHz,intel,4,2,2800,17.2,3.14.6,CPython,1,spawn,2.5.3,algo_iter,algo_kmeans,633,268,0.0,ms,normal,8,291,4,2,3,15,0,0,0.016392766666588916,1.0,0.0033061950092119776,0.0010268756710967207,0.9546098161019292,0.0,0.10265819999949599,0.0019222000000809203,0.15651359999992565,0.1355319000003874,0.13541429999986576,0.07011869999951159,0.135532;0.130676;0.138420,0.135414;0.132645;0.136486,0.070119;0.069579;0.087576,,multiprocessing,2026-10-03T19:35:52+00:00
W4-00593,W4,n2-standard-4,Windows,2022Server,AMD64,Intel(R) Xeon(R) CPU @ 2.80GHz,intel,4,2,2800,17.2,3.14.6,CPython,1,spawn,2.5.3,numpy,np_fft,4645,1304,0.0,seconds,normal,1110,1327,4,2,0,0,0,1,0.0005371709676965307,1.0,0.04910556638895964,0.009382487613780967,1.6287514556278162,0.0,0.08185349999985192,0.0012064000038662925,0.15651359999992565,0.5783738000000085,0.32667510000010225,0.4170393000003969,0.577459;0.578374;0.616053,0.326675;0.316748;0.386400,0.417039;0.484135;0.378022,,threading,2026-10-03T19:35:57+00:00
W4-00594,W4,n2-standard-4,Windows,2022Server,AMD64,Intel(R) Xeon(R) CPU @ 2.80GHz,intel,4,2,2800,17.2,3.14.6,CPython,1,spawn,2.5.3,gil_release,gil_sha256,161,5264,0.0,seconds,normal,156,5286,4,2,1,1,0,1,0.0022807727273588666,1.0,0.004060905981895663,0.002869641527392675,1.7514251486459471,0.0,0.07982710000032966,0.000935499998377054,0.15651359999992565,0.3553727999997136,0.19435710000016115,0.18787370000063675,0.354798;0.355373;0.356261,0.205600;0.194357;0.192997,0.187062;0.187874;0.193374,,multiprocessing,2026-10-03T19:36:00+00:00
W4-00595,W4,n2-standard-4,Windows,2022Server,AMD64,Intel(R) Xeon(R) CPU @ 2.80GHz,intel,4,2,2800,17.2,3.14.6,CPython,1,spawn,2.5.3,io,io_sleep_chunks,4467,633424,0.3,seconds,big,315,633447,4,8,1,1,1,0,0.007508771428677262,0.012625213519850423,0.09845476329392025,0.05793605193249928,1.7987008287217294,0.0,0.08649620000051073,0.0034556999989945325,0.3023157999996329,2.2511795999998867,0.28794230000039533,0.6296215000002121,2.251180,0.288960;0.284672;0.287942,0.629622;0.574232;0.630350,,threading,2026-10-03T19:36:06+00:00
W4-00596,W4,n2-standard-4,Windows,2022Server,AMD64,Intel(R) Xeon(R) CPU @ 2.80GHz,intel,4,2,2800,17.2,3.14.6,CPython,1,spawn,2.5.3,cpu,cpu_matmul_lists,13,36,0.0,seconds,normal,4407,55,4,8,3,5,0,0,0.00012785780052911987,1.0,0.028627884950690127,0.03261435604176215,0.9376422214444379,1.5,0.10453039999993052,0.0009742999936861452,0.3023157999996329,0.5841182000003755,0.5830639000005249,0.34561110000049666,0.591133;0.584118;0.557332,0.575962;0.584156;0.583064,0.345611;0.345493;0.346058,,multiprocessing,2026-10-03T19:36:11+00:00
W4-00597,W4,n2-standard-4,Windows,2022Server,AMD64,Intel(R) Xeon(R) CPU @ 2.80GHz,intel,4,2,2800,17.2,3.14.6,CPython,1,spawn,2.5.3,numpy,np_elementwise,2339,2294,0.8,seconds,normal,7449,2317,4,4,0,4,0,0,8.809522121222134e-05,1.0,0.3652990466125429,0.0490378463892104,1.4202458976286472,0.0,0.08650970000053348,0.0013901000156693044,0.2035513999999239,0.6383552000006603,0.8767124999994849,0.3231981999997515,0.639464;0.638355;0.637393,0.868093;0.894217;0.876712,0.432034;0.318531;0.323198,,multiprocessing,2026-10-03T19:36:18+00:00
W4-00598,W4,n2-standard-4,Windows,2022Server,AMD64,Intel(R) Xeon(R) CPU @ 2.80GHz,intel,4,2,2800,17.2,3.14.6,CPython,1,spawn,2.5.3,numpy,np_fft,38876,1951062,0.0,seconds,big,29,1951085,4,8,0,0,0,1,0.014358849999780432,1.0,0.015114576050462675,0.07365840578524754,1.6119347255603578,0.0,0.09747299999980896,0.004606300000887131,0.3023157999996329,0.4300882999996247,0.17991840000013326,0.21065949999956501,0.430088;0.436939;0.421432,0.178230;0.179918;0.194976,0.210659;0.203300;0.235193,,threading,2026-10-03T19:36:21+00:00
W4-00599,W4,n2-standard-4,Windows,2022Server,AMD64,Intel(R) Xeon(R) CPU @ 2.80GHz,intel,4,2,2800,17.2,3.14.6,CPython,1,spawn,2.5.3,db,db_mem_insert_select,1554,274355,0.0,seconds,big,728,274378,4,2,1,1,1,0,0.0013396842104827413,1.0,0.02873963382261909,0.05202718629447682,0.6106240709178441,1.6,0.1359109000004537,0.0018700000018725405,0.15651359999992565,1.0756635000007009,1.684999200000675,1.191276100000323,1.016455;1.087081;1.075664,1.684999;1.686931;1.678082,1.229139;0.998227;1.191276,,sequential,2026-10-03T19:36:34+00:00
W4-00600,W4,n2-standard-4,Windows,2022Server,AMD64,Intel(R) Xeon(R) CPU @ 2.80GHz,intel,4,2,2800,17.2,3.14.6,CPython,1,spawn,2.5.3,numpy,np_sort,13088,1419105,0.0,seconds,big,140,1419128,4,2,0,3,0,1,0.006201744444499329,1.0,0.025857686442944762,0.14387170637054167,1.3823275958826309,3.0,0.1044013000000632,0.008384499999920081,0.15651359999992565,0.8772933999998713,0.6047004999991259,0.8471608999998352,0.881482;0.877293;0.863456,0.559555;0.624537;0.604700,0.847161;0.834451;0.874747,,threading,2026-10-03T19:36:42+00:00
W4-00601,W4,n2-standard-4,Windows,2022Server,AMD64,Intel(R) Xeon(R) CPU @ 2.80GHz,intel,4,2,2800,17.2,3.14.6,CPython,1,spawn,2.5.3,big_payload,big_count_byte,6,434363,0.3,seconds,big,460,434385,4,8,0,1,0,0,0.0002601434782580169,1.0,0.016948586954948257,0.3191123629918092,0.94590769479251,0.0,0.06442299999980605,0.002747599999565864,0.3023157999996329,0.1199560000004567,0.12378769999941142,0.5470083000000159,0.125502;0.119921;0.119956,0.123788;0.121297;0.124564,0.547008;0.585490;0.538439,,sequential,2026-10-03T19:36:46+00:00
W4-00602,W4,n2-standard-4,Windows,2022Server,AMD64,Intel(R) Xeon(R) CPU @ 2.80GHz,intel,4,2,2800,17.2,3.14.6,CPython,1,spawn,2.5.3,db,db_mem_group_by,2676,187515,0.0,ms,big,53,187538,4,8,1,2,1,0,0.0028870769230986927,1.0,0.03029775778123101,0.014211872529132566,0.7025838446217361,0.0,0.09149059999981546,0.0008402999992540572,0.3023157999996329,0.15149509999992006,0.34287660000063624,0.0876168000004327,0.151495;0.158513;0.148964,0.346406;0.341049;0.342877,0.088092;0.087617;0.086568,,multiprocessing,2026-10-03T19:36:48+00:00
W4-00603,W4,n2-standard-4,Windows,2022Server,AMD64,Intel(R) Xeon(R) CPU @ 2.80GHz,intel,4,2,2800,17.2,3.14.6,CPython,1,spawn,2.5.3,db,db_mem_insert_select,79,512706,0.0,seconds,big,390,512728,4,8,1,1,1,0,0.00014759690721924946,1.0,0.13859232314747294,0.8044545249912424,0.8292415737214376,0.0,0.034326499999224325,0.0028525999987323303,0.3023157999996329,0.05741260000013426,0.08778930000062246,0.5666912999995475,0.057413;0.057381;0.060133,0.090914;0.086453;0.087789,0.566691,,sequential,2026-10-03T19:36:50+00:00
W4-00604,W4,n2-standard-4,Windows,2022Server,AMD64,Intel(R) Xeon(R) CPU @ 2.80GHz,intel,4,2,2800,17.2,3.14.6,CPython,1,spawn,2.5.3,algo_rec,algo_sudoku,12,43,0.0,seconds,normal,252,62,4,4,3,28,0,0,0.02345326666636538,1.0,1.1254548703994254,0.00045338390639481106,4.2067965897907715,3.8,0.0934266000003845,0.00023780000083206687,0.2035513999999239,5.076828199999909,5.1603157999998075,3.3170012000000497,5.076828;5.090947;5.050535,5.156051;5.160316;5.196578,3.347695;3.300652;3.317001,,multiprocessing,2026-10-03T19:37:32+00:00
W4-00605,W4,n2-standard-4,Windows,2022Server,AMD64,Intel(R) Xeon(R) CPU @ 2.80GHz,intel,4,2,2800,17.2,3.14.6,CPython,1,spawn,2.5.3,numpy,np_elementwise,140422,627656,0.0,seconds,big,250,627690,4,4,0,4,0,0,0.009551299999808785,0.9530078205607588,0.015673408326403456,0.03529885986037436,1.813827147953361,0.0,0.09128620000046794,0.0023854000010032905,0.2035513999999239,2.3284183000005214,1.035905200000343,1.2530839999999444,2.272434;2.354174;2.328418,1.055957;1.022558;1.035905,1.285853;1.253084;1.238041,,threading,2026-10-03T19:37:46+00:00
W4-00606,W4,n2-standard-4,Windows,2022Server,AMD64,Intel(R) Xeon(R) CPU @ 2.80GHz,intel,4,2,2800,17.2,3.14.6,CPython,1,spawn,2.5.3,db,db_file_commit,2,12526,0.3,seconds,normal,31,12548,4,8,1,0,1,0,0.013157974999785438,0.24866869095011732,0.1695941128436907,0.0012710922308366158,1.85235987886447,14.1,0.08177230000001146,0.00044380000144883525,0.3023157999996329,0.3084744000007049,0.08946110000033514,0.08956010000019887,0.314408;0.305994;0.308474,0.079541;0.093598;0.089461,0.091511;0.082801;0.089560,,threading,2026-10-03T19:37:49+00:00
W4-00607,W4,n2-standard-4,Windows,2022Server,AMD64,Intel(R) Xeon(R) CPU @ 2.80GHz,intel,4,2,2800,17.2,3.14.6,CPython,1,spawn,2.5.3,big_payload,big_upper_copy,1,199401,0.0,ms,big,1003,199423,4,8,0,0,0,0,0.0001398047999718983,1.0,0.08881070401249863,0.46117872896141754,0.9313712530197275,0.0,0.07478179999998247,0.0021138000065548113,0.3023157999996329,0.1518274999998539,0.15717550000044866,0.764401700000235,0.151827;0.149298;0.153289,0.172014;0.157176;0.149646,0.764402,,sequential,2026-10-03T19:37:51+00:00
W4-00608,W4,n2-standard-4,Windows,2022Server,AMD64,Intel(R) Xeon(R) CPU @ 2.80GHz,intel,4,2,2800,17.2,3.14.6,CPython,1,spawn,2.5.3,text,text_regex_findall,10,963,0.3,seconds,normal,2044,985,4,4,1,1,0,0,0.00046882616829734447,1.0,0.1603456818502015,0.008371972875928353,0.9714693911950502,0.8,0.10312989999965794,0.0012174999919807306,0.2035513999999239,0.9269949999998062,0.9636887999995452,0.5055905999997776,0.925864;0.926995;0.949089,0.969004;0.963689;0.962370,0.505839;0.501162;0.505591,,multiprocessing,2026-10-03T19:38:00+00:00
W4-00609,W4,n2-standard-4,Windows,2022Server,AMD64,Intel(R) Xeon(R) CPU @ 2.80GHz,intel,4,2,2800,17.2,3.14.6,CPython,1,spawn,2.5.3,big_result,result_sorted_pairs,506,137348,0.3,ms,big,45,137371,4,4,1,4,0,0,0.00018788181858491788,0.9724635626861671,0.2916218355911571,0.7908743396557777,0.7903914183004513,0.0,0.0072118999996746425,0.0025614999949539197,0.2035513999999239,0.00846799999999348,0.008761399999457353,0.01490990000002057,0.009003;0.008114;0.008468,0.008485;0.008761;0.008947,0.014910;0.014395;0.015540,,sequential,2026-10-03T19:38:01+00:00
W4-00610,W4,n2-standard-4,Windows,2022Server,AMD64,Intel(R) Xeon(R) CPU @ 2.80GHz,intel,4,2,2800,17.2,3.14.6,CPython,1,spawn,2.5.3,numpy,np_linalg_solve,96,1158,0.8,seconds,normal,17172,1180,4,8,0,3,0,1,0.00017440384613586935,1.0,0.6323719373272771,0.02772301183555232,0.7537925449485318,0.0,0.117969500000072,0.0019670000056066783,0.3023157999996329,2.9151554000000033,5.6210488999995505,1.3902945999998337,2.922476;2.915155;2.847516,5.641643;5.594748;5.621049,1.395638;1.390295;1.383189,,multiprocessing,2026-10-03T19:38:31+00:00
W4-00611,W4,n2-standard-4,Windows,2022Server,AMD64,Intel(R) Xeon(R) CPU @ 2.80GHz,intel,4,2,2800,17.2,3.14.6,CPython,1,spawn,2.5.3,gil_release,gil_sha256,7,25124,0.8,seconds,normal,824,25146,4,4,1,1,0,1,0.0004720075471767522,1.0,0.42087213709383503,0.020328064368158563,1.8502952781801163,0.0,0.07788879999952769,0.0006839999987278134,0.2035513999999239,0.38579609999942477,0.16607849999945756,0.18873330000042188,0.382955;0.385796;0.395861,0.165437;0.166078;0.167791,0.184173;0.188733;0.191411,,threading,2026-10-03T19:38:34+00:00
W4-00612,W4,n2-standard-4,Windows,2022Server,AMD64,Intel(R) Xeon(R) CPU @ 2.80GHz,intel,4,2,2800,17.2,3.14.6,CPython,1,spawn,2.5.3,numpy,np_sort,116112,827,0.0,seconds,normal,57,852,4,8,0,3,0,1,0.005922511111041078,1.0,0.29071959182695706,0.001639694852561369,1.2652793276750338,24.2,0.09266960000059044,0.0003992000010839547,0.3023157999996329,0.3298098999994181,0.14662630000020727,0.1904844000000594,0.329810;0.331091;0.260446,0.145294;0.146626;0.169341,0.215138;0.178315;0.190484,,threading,2026-10-03T19:38:37+00:00
W4-00613,W4,n2-standard-4,Windows,2022Server,AMD64,Intel(R) Xeon(R) CPU @ 2.80GHz,intel,4,2,2800,17.2,3.14.6,CPython,1,spawn,2.5.3,io,io_file_roundtrip,2,452276,0.0,seconds,big,38,452298,4,2,1,0,1,0,0.019239966666342905,0.12614667692240783,0.06188269257948088,0.012810139994822263,1.3962696211551806,25.8,0.09972509999988688,0.002215000000433065,0.15651359999992565,0.7004428000000189,0.38351459999921644,0.40659229999982927,0.700443;0.715416;0.687884,0.372121;0.405810;0.383515,0.392381;0.408939;0.406592,,threading,2026-10-03T19:38:42+00:00
W4-00614,W4,n2-standard-4,Windows,2022Server,AMD64,Intel(R) Xeon(R) CPU @ 2.80GHz,intel,4,2,2800,17.2,3.14.6,CPython,1,spawn,2.5.3,gil_release,gil_bz2,11,300000,0.3,ms,big,36,300022,4,4,0,1,0,1,0.0022238666668070233,1.0,0.09894393232797359,0.02853888123583041,1.2577704858105574,26.4,0.03694110000014916,0.0008547999987058574,0.2035513999999239,0.07907809999960591,0.03701809999984107,0.04721560000052705,0.078970;0.080545;0.079078,0.039040;0.037018;0.035216,0.055297;0.046688;0.047216,,threading,2026-10-03T19:38:43+00:00
W4-00615,W4,n2-standard-4,Windows,2022Server,AMD64,Intel(R) Xeon(R) CPU @ 2.80GHz,intel,4,2,2800,17.2,3.14.6,CPython,1,spawn,2.5.3,cpu,cpu_matmul_lists,38,309,0.8,ms,normal,8,331,4,8,3,5,0,0,0.004436900000352277,1.0,0.9760759348467867,0.0027722057463933567,1.5580467793821473,18.9,0.02421649999996589,0.000284899998405308,0.3023157999996329,0.023244800000611576,0.023583499999404012,0.019389099999898463,0.023245;0.022408;0.023335,0.023536;0.024088;0.023583,0.019517;0.019161;0.019389,,multiprocessing,2026-10-03T19:38:44+00:00
W4-00616,W4,n2-standard-4,Windows,2022Server,AMD64,Intel(R) Xeon(R) CPU @ 2.80GHz,intel,4,2,2800,17.2,3.14.6,CPython,1,spawn,2.5.3,algo_rec,algo_lcs_memo,8,142050,0.8,seconds,big,47,142072,4,2,1,10,0,0,0.038671700000122655,1.0,0.1331195552176671,0.0009240176455229283,2.2142190771536487,22.0,0.1741968000005727,0.001501000000644126,0.15651359999992565,1.2344304000007469,1.2832343999998557,0.7878639999998995,1.234430;1.291767;1.232233,1.283234;1.289861;1.281099,0.787864;0.677326;0.825627,,multiprocessing,2026-10-03T19:38:54+00:00
W4-00617,W4,n2-standard-4,Windows,2022Server,AMD64,Intel(R) Xeon(R) CPU @ 2.80GHz,intel,4,2,2800,17.2,3.14.6,CPython,1,spawn,2.5.3,gil_release,gil_bz2,42,300000,0.3,seconds,big,666,300022,4,4,0,1,0,1,0.005094830000143702,1.0,0.12747467750330646,0.012844393215770458,1.000069627365557,0.0,0.1032498000004125,0.000988899999356363,0.2035513999999239,3.3065082000002803,1.7089006999995036,1.9430720000000292,3.319686;3.270335;3.306508,1.712075;1.685724;1.708901,1.966672;1.943072;1.911768,,threading,2026-10-03T19:39:16+00:00
W4-00618,W4,n2-standard-4,Windows,2022Server,AMD64,Intel(R) Xeon(R) CPU @ 2.80GHz,intel,4,2,2800,17.2,3.14.6,CPython,1,spawn,2.5.3,algo_iter,algo_game_of_life,1,437,0.8,seconds,normal,1025,459,4,4,5,9,0,0,0.0019235961538190448,1.0,0.31212304640535987,0.028696252010831553,1.0736688014443685,4.5,0.0984059000002162,0.001413800001500931,0.2035513999999239,1.8473471999996036,1.9084553000002416,1.0364301999998133,1.859767;1.847347;1.843581,1.907382;1.923211;1.908455,1.026084;1.045022;1.036430,,multiprocessing,2026-10-03T19:39:31+00:00
W4-00619,W4,n2-standard-4,Windows,2022Server,AMD64,Intel(R) Xeon(R) CPU @ 2.80GHz,intel,4,2,2800,17.2,3.14.6,CPython,1,spawn,2.5.3,mixed,mixed_json_roundtrip,116,114475,0.0,seconds,big,552,114497,4,4,1,1,1,0,0.00396641538456886,0.7978839317014972,0.03346540101833388,0.008133676235411853,1.1459403580091814,0.0,0.09717339999951946,0.000759499999730906,0.2035513999999239,2.1609364999994796,1.902134599999954,1.0842225999995208,2.164114;2.157934;2.160936,1.908103;1.901009;1.902135,1.081281;1.091872;1.084223,,multiprocessing,2026-10-03T19:39:48+00:00
W4-00620,W4,n2-standard-4,Windows,2022Server,AMD64,Intel(R) Xeon(R) CPU @ 2.80GHz,intel,4,2,2800,17.2,3.14.6,CPython,1,spawn,2.5.3,io,io_sleep_chunks,13174,976,0.8,seconds,normal,134,999,4,8,1,1,1,0,0.020274633333428937,0.006947478956993004,0.23165340849521598,0.0006757212228960375,1.780627717648381,0.0,0.09287989999938873,0.00034499999856052455,0.3023157999996329,2.0914396999996825,0.2865717000004224,0.2880128999995577,2.091440,0.288943;0.286572;0.286094,0.283467;0.289593;0.288013,,threading,2026-10-03T19:39:52+00:00
W4-00621,W4,n2-standard-4,Windows,2022Server,AMD64,Intel(R) Xeon(R) CPU @ 2.80GHz,intel,4,2,2800,17.2,3.14.6,CPython,1,spawn,2.5.3,io,io_sleep,1079,750,0.8,seconds,normal,509,772.95,4,4,0,1,1,0,0.0017601103448308503,0.01333811464471883,0.2835227818689266,0.003042422906027509,2.0138865918727413,0.0,0.07670680000046559,0.0005167000008441391,0.2035513999999239,0.8977248999999574,0.22110239999983605,0.21698699999979,0.897725;0.896787;0.898726,0.220605;0.223559;0.221102,0.215515;0.216987;0.218983,,multiprocessing,2026-10-03T19:39:57+00:00
W4-00622,W4,n2-standard-4,Windows,2022Server,AMD64,Intel(R) Xeon(R) CPU @ 2.80GHz,intel,4,2,2800,17.2,3.14.6,CPython,1,spawn,2.5.3,db,db_file_commit,1,12029,0.0,ms,normal,8,12051,4,8,1,0,1,0,0.00677226666690937,0.2842387410581554,0.07509432622722524,0.0030319734821341537,1.023052089332801,0.0,0.03989160000037373,0.00036160000036034035,0.3023157999996329,0.04894209999929444,0.015034899999591289,0.01638989999992191,0.048942;0.047577;0.050068,0.015035;0.015528;0.013891,0.017506;0.016390;0.016329,,threading,2026-10-03T19:39:58+00:00
W4-00623,W4,n2-standard-4,Windows,2022Server,AMD64,Intel(R) Xeon(R) CPU @ 2.80GHz,intel,4,2,2800,17.2,3.14.6,CPython,1,spawn,2.5.3,mixed,mixed_json_roundtrip,279,321303,0.0,ms,big,8,321326,4,2,1,1,1,0,0.008256033333357967,0.9116315750229532,0.007131316512866949,0.01246361248779167,0.9615521297684768,0.0,0.0512683000006291,0.0005452000004879665,0.15651359999992565,0.06673749999936263,0.0639326999998957,0.039728899999317946,0.066737;0.067183;0.066272,0.064869;0.063869;0.063933,0.053935;0.039729;0.039221,,multiprocessing,2026-10-03T19:39:59+00:00
W4-00624,W4,n2-standard-4,Windows,2022Server,AMD64,Intel(R) Xeon(R) CPU @ 2.80GHz,intel,4,2,2800,17.2,3.14.6,CPython,1,spawn,2.5.3,text,text_csv_parse,6,271,0.8,ms,normal,8,293,4,2,2,3,0,0,0.0017237333334681655,1.0,0.10038613245465018,0.008005878643666007,1.4441018236060228,0.0,0.009289200000239362,0.0002479999993738602,0.15651359999992565,0.011196700000255078,0.011380800000551972,0.012865400000009686,0.010834;0.011554;0.011197,0.011381;0.011788;0.011260,0.012865;0.012586;0.013004,,sequential,2026-10-03T19:39:59+00:00
W4-00625,W4,n2-standard-4,Windows,2022Server,AMD64,Intel(R) Xeon(R) CPU @ 2.80GHz,intel,4,2,2800,17.2,3.14.6,CPython,1,spawn,2.5.3,tiny,tiny_len,76,163391,0.0,seconds,big,1224,163413,4,4,0,0,0,0,3.911764502441252e-07,1.0,0.3472511967548988,83.41504189887307,0.1585110629312701,0.0,0.002388999999311636,0.0013268000056996243,0.2035513999999239,0.0002688000004127389,0.0006884000003992696,0.6245451999993747,0.000349;0.000269;0.000189,0.000876;0.000688;0.000665,0.624545,,sequential,2026-10-03T19:40:01+00:00
W4-00626,W4,n2-standard-4,Windows,2022Server,AMD64,Intel(R) Xeon(R) CPU @ 2.80GHz,intel,4,2,2800,17.2,3.14.6,CPython,1,spawn,2.5.3,recursive,rec_nqueens,14,219903,0.0,seconds,big,155,219925,4,4,1,10,0,0,0.002510069999971165,0.9415194578877432,0.19135360658992898,0.020871927846069564,0.970707727707037,0.8,0.10359730000072886,0.0013820000012856326,0.2035513999999239,0.3316009000000122,0.3317520999999033,0.21112369999991643,0.331601;0.316167;0.332598,0.334606;0.327105;0.331752,0.211124;0.211710;0.210956,,multiprocessing,2026-10-03T19:40:04+00:00
W4-00627,W4,n2-standard-4,Windows,2022Server,AMD64,Intel(R) Xeon(R) CPU @ 2.80GHz,intel,4,2,2800,17.2,3.14.6,CPython,1,spawn,2.5.3,recursive,rec_tree_sum,29,1003028,0.0,seconds,big,199,1003050,4,8,0,4,0,0,8.346938761396627e-06,1.0,0.19304382018744315,57.85055020782677,0.3675037502049614,0.0,0.012499600000410283,0.010897800001657743,0.3023157999996329,0.0017558000008648378,0.0023516000001109205,0.4938938000004782,0.001840;0.001756;0.001589,0.002352;0.002279;0.002659,0.493894,,sequential,2026-10-03T19:40:06+00:00
W4-00628,W4,n2-standard-4,Windows,2022Server,AMD64,Intel(R) Xeon(R) CPU @ 2.80GHz,intel,4,2,2800,17.2,3.14.6,CPython,1,spawn,2.5.3,mixed,mixed_parse_lines,14,2514,0.0,ms,normal,13,2536,4,8,2,3,1,0,0.002392133333160018,0.6818066902860069,0.030497108955076666,0.006019731428244827,1.1076207756809189,0.0,0.014159099999233149,0.0003048999997190549,0.3023157999996329,0.03156840000065131,0.02246869999999035,0.014335799999571464,0.031572;0.031568;0.031566,0.025355;0.022310;0.022469,0.014336;0.014393;0.013843,,multiprocessing,2026-10-03T19:40:07+00:00
W4-00629,W4,n2-standard-4,Windows,2022Server,AMD64,Intel(R) Xeon(R) CPU @ 2.80GHz,intel,4,2,2800,17.2,3.14.6,CPython,1,spawn,2.5.3,algo_iter,algo_edit_distance,23006,28,0.0,ms,normal,14,48,4,8,2,16,0,0,0.003642599999996795,1.0,0.0031390103935334717,0.00276359375680071,0.8710129646680715,0.0,0.024813799999719777,0.0013054999999440042,0.3023157999996329,0.052044500000192784,0.05439420000038808,0.030310000000099535,0.051483;0.054047;0.052045,0.054846;0.054394;0.053066,0.030271;0.032742;0.030310,,multiprocessing,2026-10-03T19:40:08+00:00
W4-00630,W4,n2-standard-4,Windows,2022Server,AMD64,Intel(R) Xeon(R) CPU @ 2.80GHz,intel,4,2,2800,17.2,3.14.6,CPython,1,spawn,2.5.3,algo_rec,algo_sudoku,4,456,0.0,seconds,normal,135,478,4,2,3,28,0,0,0.0032976157894824467,1.0,1.2915122253153446,0.0013215289837632629,1.0763209041788422,0.0,0.12350479999986419,0.00044129999969300115,0.15651359999992565,0.4599803000000975,0.4746007000003374,0.25921110000035696,0.461170;0.459980;0.457127,0.474565;0.475928;0.474601,0.354409;0.259211;0.258426,,multiprocessing,2026-10-03T19:40:12+00:00
W4-00631,W4,n2-standard-4,Windows,2022Server,AMD64,Intel(R) Xeon(R) CPU @ 2.80GHz,intel,4,2,2800,17.2,3.14.6,CPython,1,spawn,2.5.3,numpy,np_linalg_solve,47,7731,0.8,ms,normal,919,7753,4,4,0,3,0,1,7.87689956451571e-05,0.9418390059376355,0.38394961329935073,0.08664576749194759,0.6977520144785221,0.0,0.044864500000585394,0.0010460999974384322,0.2035513999999239,0.06792680000035034,0.1420045000004393,0.04134720000001835,0.068043;0.067810;0.067927,0.142005;0.140444;0.145375,0.042197;0.040409;0.041347,,multiprocessing,2026-10-03T19:40:13+00:00
W4-00632,W4,n2-standard-4,Windows,2022Server,AMD64,Intel(R) Xeon(R) CPU @ 2.80GHz,intel,4,2,2800,17.2,3.14.6,CPython,1,spawn,2.5.3,mixed,mixed_json_roundtrip,1,3630,0.8,seconds,normal,17839,3652,4,8,1,1,1,0,8.86858676262078e-05,0.7365870905478158,0.2180282747195616,0.05688617677798199,1.0868725797608725,0.0,0.09698519999983546,0.0015281999967555748,0.3023157999996329,194.01108759999988,34.76553249999961,34.32823389999976,194.011088,34.796661;34.703347;34.765532,34.297261;34.390465;34.328234,,multiprocessing,2026-10-03T19:46:55+00:00
W4-00633,W4,n2-standard-4,Windows,2022Server,AMD64,Intel(R) Xeon(R) CPU @ 2.80GHz,intel,4,2,2800,17.2,3.14.6,CPython,1,spawn,2.5.3,db,db_mem_group_by,1454,374703,0.8,seconds,big,533,374726,4,2,1,2,1,0,0.0014896147059677307,0.954495383863663,0.389593280086966,0.05617895676516413,0.6305497633719949,0.0,0.1325483999999051,0.0022636999974565697,0.15651359999992565,0.848980699999629,1.1217748999997639,0.9196782999997595,0.848981;0.865959;0.825267,1.121775;1.154155;1.109782,0.931696;0.891456;0.919678,,sequential,2026-10-03T19:47:05+00:00
W4-00634,W4,n2-standard-4,Windows,2022Server,AMD64,Intel(R) Xeon(R) CPU @ 2.80GHz,intel,4,2,2800,17.2,3.14.6,CPython,1,spawn,2.5.3,algo_rec,algo_sudoku,5,52,0.0,ms,normal,24,71,4,2,3,28,0,0,0.002170233333345095,1.0,0.412246032777568,0.0031179443009209597,0.9491812113918726,1.6,0.02784259999953065,0.00027629999931377824,0.15651359999992565,0.16677320000053442,0.1648215999994136,0.16684150000037334,0.166773;0.163048;0.169400,0.168159;0.164822;0.164166,0.166732;0.166984;0.166842,,threading,2026-10-03T19:47:07+00:00
W4-00635,W4,n2-standard-4,Windows,2022Server,AMD64,Intel(R) Xeon(R) CPU @ 2.80GHz,intel,4,2,2800,17.2,3.14.6,CPython,1,spawn,2.5.3,text,text_format_report,1094,252,0.0,seconds,normal,3636,272,4,4,1,2,0,0,0.0015165636364007228,1.0,0.021749107990162234,0.00289799909234193,0.955334909293159,0.0,0.10393710000062129,0.001513699999122764,0.2035513999999239,5.566939500000444,5.621014600000308,2.7937700000002224,5.760817;5.566940;5.508493,6.151499;5.621015;5.616680,2.994648;2.793770;2.793020,,multiprocessing,2026-10-03T19:47:51+00:00
W4-00636,W4,n2-standard-4,Windows,2022Server,AMD64,Intel(R) Xeon(R) CPU @ 2.80GHz,intel,4,2,2800,17.2,3.14.6,CPython,1,spawn,2.5.3,io,io_sleep_chunks,4320,186388,0.8,seconds,big,377,186411,4,8,1,1,1,0,0.006002544444527302,0.007918404369496786,0.3400330291068387,0.00919980230585345,1.3763661580816708,0.0,0.09281080000073416,0.0008045000004130998,0.3023157999996329,2.638437300000078,0.317830199999662,0.3745342000001983,2.638437,0.316328;0.317830;0.321681,0.372258;0.374534;0.374571,,threading,2026-10-03T19:47:56+00:00
W4-00637,W4,n2-standard-4,Windows,2022Server,AMD64,Intel(R) Xeon(R) CPU @ 2.80GHz,intel,4,2,2800,17.2,3.14.6,CPython,1,spawn,2.5.3,recursive,rec_nqueens,11,743312,0.8,ms,big,12,743334,4,8,1,10,0,0,0.001912366666450301,1.0,0.45421161426897905,0.2053127888162581,0.5579958165540371,2.3,0.015131899999687448,0.0014406999998755055,0.3023157999996329,0.018130599999494734,0.01960109999981796,0.01595499999984895,0.019090;0.018002;0.018131,0.019601;0.019769;0.019145,0.016668;0.015955;0.015188,,multiprocessing,2026-10-03T19:47:57+00:00
W4-00638,W4,n2-standard-4,Windows,2022Server,AMD64,Intel(R) Xeon(R) CPU @ 2.80GHz,intel,4,2,2800,17.2,3.14.6,CPython,1,spawn,2.5.3,numpy,np_fft,178952,171,0.3,seconds,normal,40,193,4,4,0,0,0,1,0.03299203333305437,0.9521798413194691,0.1952342795509771,0.0003970655636629404,1.7566014867687492,0.0,0.15931719999935012,0.0002916000003096997,0.2035513999999239,0.9644504000007146,0.44125459999941086,0.4277463999997053,0.964450;0.961439;0.993116,0.438533;0.446259;0.441255,0.424907;0.427746;0.438410,,multiprocessing,2026-10-03T19:48:03+00:00
W4-00639,W4,n2-standard-4,Windows,2022Server,AMD64,Intel(R) Xeon(R) CPU @ 2.80GHz,intel,4,2,2800,17.2,3.14.6,CPython,1,spawn,2.5.3,numpy,np_sort,341823,593,0.8,ms,normal,8,618,4,8,0,3,0,1,0.014036866666780648,0.9554193270849543,0.41651852017025115,0.0007622783973725486,1.7125525859003339,2.3,0.059992200000124285,0.0003131000003122608,0.3023157999996329,0.09745659999953205,0.051024299999880895,0.05346060000010766,0.093169;0.097457;0.097748,0.051024;0.052595;0.050070,0.053461;0.049918;0.055314,,threading,2026-10-03T19:48:04+00:00
W4-00640,W4,n2-standard-4,Windows,2022Server,AMD64,Intel(R) Xeon(R) CPU @ 2.80GHz,intel,4,2,2800,17.2,3.14.6,CPython,1,spawn,2.5.3,algo_iter,algo_game_of_life,3,457370,0.3,seconds,big,85,457392,4,8,5,9,0,0,0.004315341666673096,1.0,0.223176061779367,0.037268196232086354,0.9042391819348604,0.0,0.10973009999997885,0.0022420999994210433,0.3023157999996329,0.3494720000007874,0.3631000999994285,0.22184569999990345,0.349472;0.350777;0.347409,0.364919;0.358472;0.363100,0.226159;0.218815;0.221846,,multiprocessing,2026-10-03T19:48:08+00:00
W4-00641,W4,n2-standard-4,Windows,2022Server,AMD64,Intel(R) Xeon(R) CPU @ 2.80GHz,intel,4,2,2800,17.2,3.14.6,CPython,1,spawn,2.5.3,algo_rec,algo_merge_sort,163,311722,0.0,ms,big,641,311744,4,8,1,10,0,0,0.00022709500001383276,1.0,0.02795158382417008,0.3058852023158013,0.9414805437249073,0.0,0.07697670000015933,0.0019330999984958908,0.3023157999996329,0.15676299999995535,0.15451329999996233,0.5491942999997264,0.155034;0.156763;0.157522,0.152555;0.154513;0.162858,0.549194;0.555295;0.513103,,threading,2026-10-03T19:48:12+00:00
W4-00642,W4,n2-standard-4,Windows,2022Server,AMD64,Intel(R) Xeon(R) CPU @ 2.80GHz,intel,4,2,2800,17.2,3.14.6,CPython,1,spawn,2.5.3,algo_rec,algo_merge_sort,1137,27,0.3,ms,normal,92,47,4,2,1,10,0,0,0.002054086956496062,1.0,0.16977842053964853,0.034063796485489094,1.0603812212258665,0.0,0.09370750000016415,0.0017010000001391745,0.15651359999992565,0.18177689999993163,0.18779780000022583,0.19942420000006678,0.190423;0.181777;0.180543,0.189157;0.187798;0.186643,0.199424;0.200087;0.098572,,sequential,2026-10-03T19:48:14+00:00
W4-00643,W4,n2-standard-4,Windows,2022Server,AMD64,Intel(R) Xeon(R) CPU @ 2.80GHz,intel,4,2,2800,17.2,3.14.6,CPython,1,spawn,2.5.3,numpy,np_fft,19141,297,0.0,seconds,normal,434,320,4,8,0,0,0,1,0.0017252689654485259,1.0,0.03758920954826414,0.0024459954696841673,1.7342249005324815,0.0,0.07918489999974554,0.0004178000017418526,0.3023157999996329,0.7395956999998816,0.40613830000074813,0.57091710000077,0.742091;0.739596;0.739432,0.405017;0.406138;0.414605,0.571036;0.570917;0.564910,,threading,2026-10-03T19:48:20+00:00
W4-00644,W4,n2-standard-4,Windows,2022Server,AMD64,Intel(R) Xeon(R) CPU @ 2.80GHz,intel,4,2,2800,17.2,3.14.6,CPython,1,spawn,2.5.3,algo_rec,algo_merge_sort,8394,28,0.0,seconds,normal,395,48,4,8,1,10,0,0,0.017867133333614522,1.0,0.004817915441273824,0.026648557684551363,0.9711580928968138,2.3,0.11057259999961389,0.0016593999989709118,0.3023157999996329,7.042388599999867,7.297599300000002,4.056905800000095,7.042389;6.986494;7.113429,7.297599;7.286591;7.350404,4.108636;4.056906;4.005632,,multiprocessing,2026-10-03T19:49:16+00:00
W4-00645,W4,n2-standard-4,Windows,2022Server,AMD64,Intel(R) Xeon(R) CPU @ 2.80GHz,intel,4,2,2800,17.2,3.14.6,CPython,1,spawn,2.5.3,tiny,tiny_add,20,373989,0.0,seconds,big,534,374011,4,2,0,1,0,0,3.8120305177465054e-07,1.0,0.38622526675740343,193.11230480891592,0.07146440161838309,0.0,0.002780200000415789,0.0019143999943480594,0.15651359999992565,0.00013870000020688167,0.0004840000001422595,0.6365483999998105,0.000155;0.000139;0.000090,0.000495;0.000421;0.000484,0.636548,,sequential,2026-10-03T19:49:17+00:00
W4-00646,W4,n2-standard-4,Windows,2022Server,AMD64,Intel(R) Xeon(R) CPU @ 2.80GHz,intel,4,2,2800,17.2,3.14.6,CPython,1,spawn,2.5.3,recursive,rec_quicksort,125,31,0.3,seconds,normal,21195,50,4,2,1,8,0,0,0.00011798557915991977,1.0,0.2033342347359852,0.03203781556666195,0.9505270833795348,7.8,0.10360110000056011,0.0010206000160906115,0.15651359999992565,2.5953968999992867,2.7951312999994116,1.4408808999996836,2.595397;2.678397;2.531629,2.795131;2.915731;2.592508,1.440881;2.101133;1.367703,,multiprocessing,2026-10-03T19:49:39+00:00
W4-00647,W4,n2-standard-4,Windows,2022Server,AMD64,Intel(R) Xeon(R) CPU @ 2.80GHz,intel,4,2,2800,17.2,3.14.6,CPython,1,spawn,2.5.3,gil_release,gil_bz2,103,300000,0.8,ms,big,9,300022,4,8,0,1,0,1,0.013856966666632312,0.9604382745269013,0.2630225225029883,0.00705060513046939,3.233404418657052,0.0,0.055742699999427714,0.0005489999994097161,0.3023157999996329,0.07841410000037285,0.04460970000036468,0.04497670000000653,0.082102;0.077995;0.078414,0.047276;0.043806;0.044610,0.051324;0.044977;0.044418,,threading,2026-10-03T19:49:40+00:00
W4-00648,W4,n2-standard-4,Windows,2022Server,AMD64,Intel(R) Xeon(R) CPU @ 2.80GHz,intel,4,2,2800,17.2,3.14.6,CPython,1,spawn,2.5.3,text,text_csv_parse,1,246,0.8,ms,normal,202,265,4,4,2,3,0,0,0.0003401659999326512,1.0,0.15425524974074337,0.01086234404334282,0.9509860285643483,0.0,0.03552490000038233,0.0005793000036646845,0.2035513999999239,0.06921610000063083,0.07217660000060278,0.039650100000471866,0.068116;0.069216;0.072746,0.072624;0.072046;0.072177,0.040267;0.039650;0.039403,,multiprocessing,2026-10-03T19:49:41+00:00
W4-00649,W4,n2-standard-4,Windows,2022Server,AMD64,Intel(R) Xeon(R) CPU @ 2.80GHz,intel,4,2,2800,17.2,3.14.6,CPython,1,spawn,2.5.3,recursive,rec_fib,53854,364538,0.8,seconds,big,548,364565,4,8,0,4,0,0,0.004745699999975014,1.0,0.5277017165166397,0.021673208479828447,0.7559072857146104,0.0,0.12276360000032582,0.0014117000000624103,0.3023157999996329,2.8698201999995945,2.8548381999999037,1.81895379999969,2.796247;2.869820;2.884259,2.859832;2.849063;2.854838,1.824042;1.813440;1.818954,,multiprocessing,2026-10-03T19:50:05+00:00
W4-00650,W4,n2-standard-4,Windows,2022Server,AMD64,Intel(R) Xeon(R) CPU @ 2.80GHz,intel,4,2,2800,17.2,3.14.6,CPython,1,spawn,2.5.3,recursive,rec_quicksort,538,1850,0.8,ms,normal,108,1872.85,4,8,1,8,0,0,0.0005960962963500707,1.0,0.4730987551237322,0.007213599516330869,0.9277380360319789,3.8,0.03439690000050177,0.0004334999994171085,0.3023157999996329,0.06687740000052145,0.06732879999981378,0.0366385999996055,0.065950;0.068871;0.066877,0.067274;0.069044;0.067329,0.036639;0.037822;0.036374,,multiprocessing,2026-10-03T19:50:06+00:00
W4-00651,W4,n2-standard-4,Windows,2022Server,AMD64,Intel(R) Xeon(R) CPU @ 2.80GHz,intel,4,2,2800,17.2,3.14.6,CPython,1,spawn,2.5.3,text,text_regex_findall,1,2154,0.0,seconds,normal,18757,2176,4,8,1,1,0,0,0.00011145167786250244,0.9580408879550193,0.12282190411305245,0.041497804405809434,0.9946148243153146,0.0,0.10131089999958931,0.0011647999954220722,0.3023157999996329,2.067531599999711,2.06987990000016,1.0856981999995696,2.011028;2.086797;2.067532,2.051429;2.069880;2.070344,1.100673;1.085698;1.080195,,multiprocessing,2026-10-03T19:50:22+00:00
W4-00652,W4,n2-standard-4,Windows,2022Server,AMD64,Intel(R) Xeon(R) CPU @ 2.80GHz,intel,4,2,2800,17.2,3.14.6,CPython,1,spawn,2.5.3,algo_iter,algo_edit_distance,17888,270141,0.0,ms,big,10,270164,4,2,2,16,0,0,0.003096733333222801,1.0,0.015361000075730978,0.021129792633394914,0.8661730884542302,0.0,0.020404799999596435,0.0004377000004751608,0.15651359999992565,0.030717200000253797,0.032959199999822886,0.02180839999982709,0.030717;0.031998;0.030708,0.032538;0.032959;0.033059,0.021052;0.021808;0.022189,,multiprocessing,2026-10-03T19:50:23+00:00
W4-00653,W4,n2-standard-4,Windows,2022Server,AMD64,Intel(R) Xeon(R) CPU @ 2.80GHz,intel,4,2,2800,17.2,3.14.6,CPython,1,spawn,2.5.3,algo_rec,algo_flood_fill,59,311,0.0,ms,normal,8,333,4,2,3,10,0,0,0.01898469999984324,1.0,0.06799815323873547,0.0006162857437403944,1.0356291216095126,1.6,0.11639930000001186,0.0018038000007436494,0.15651359999992565,0.1584100000000035,0.15772429999924498,0.08264340000005177,0.151184;0.158410;0.159226,0.159006;0.157327;0.157724,0.082643;0.082503;0.167924,,multiprocessing,2026-10-03T19:50:25+00:00
W4-00654,W4,n2-standard-4,Windows,2022Server,AMD64,Intel(R) Xeon(R) CPU @ 2.80GHz,intel,4,2,2800,17.2,3.14.6,CPython,1,spawn,2.5.3,algo_rec,algo_lcs_memo,4,953,0.8,seconds,normal,47,975,4,2,1,10,0,0,0.013303975000326318,1.0,0.24441753635617336,0.0007591715879246113,0.9698379616428006,0.0,0.11427350000030856,0.00028959999872313347,0.15651359999992565,0.6144379000006666,0.6113441999996212,0.40323540000008506,0.614438;0.615224;0.614207,0.602623;0.611344;0.611739,0.305830;0.403235;0.406998,,multiprocessing,2026-10-03T19:50:31+00:00
W4-00655,W4,n2-standard-4,Windows,2022Server,AMD64,Intel(R) Xeon(R) CPU @ 2.80GHz,intel,4,2,2800,17.2,3.14.6,CPython,1,spawn,2.5.3,db,db_mem_insert_select,98,1425,0.3,ms,normal,104,1447,4,8,1,1,1,0,0.00017959999996282233,1.0,0.26924875949023586,0.02252227103921574,0.7732189614408619,0.0,0.010900700000092911,0.00039310000101977494,0.3023157999996329,0.01858730000003561,0.028435599999284022,0.011372700000720215,0.018587;0.018659;0.018154,0.028552;0.028436;0.028050,0.011820;0.011373;0.011265,,multiprocessing,2026-10-03T19:50:31+00:00
W4-00656,W4,n2-standard-4,Windows,2022Server,AMD64,Intel(R) Xeon(R) CPU @ 2.80GHz,intel,4,2,2800,17.2,3.14.6,CPython,1,spawn,2.5.3,algo_iter,algo_edit_distance,1340,1051,0.0,ms,normal,622,1074,4,8,2,16,0,0,0.00023198838712086136,0.9595672681919292,0.0702692258266685,0.018686280349832215,0.9989455399179068,0.0,0.07270479999988311,0.0006308999963948736,0.3023157999996329,0.1443355999999767,0.14045739999983198,0.0805012999999235,0.136696;0.144377;0.144336,0.140457;0.143169;0.140309,0.080501;0.081449;0.080207,,multiprocessing,2026-10-03T19:50:33+00:00
W4-00657,W4,n2-standard-4,Windows,2022Server,AMD64,Intel(R) Xeon(R) CPU @ 2.80GHz,intel,4,2,2800,17.2,3.14.6,CPython,1,spawn,2.5.3,mixed,mixed_hash_then_write,588,15362,0.0,seconds,normal,13019,15385,4,4,1,3,1,0,0.00027473756904453805,1.0,0.1603231127001194,0.030738424260707244,1.1067995260048207,0.0,0.09568269999999757,0.001046700002916623,0.2035513999999239,3.744216199999755,2.706051099999968,2.873629599999731,3.744216;3.768518;3.651644,2.685110;2.761777;2.706051,2.824368;2.890252;2.873630,,threading,2026-10-03T19:51:02+00:00
W4-00658,W4,n2-standard-4,Windows,2022Server,AMD64,Intel(R) Xeon(R) CPU @ 2.80GHz,intel,4,2,2800,17.2,3.14.6,CPython,1,spawn,2.5.3,numpy,np_sort,191341,250,0.8,seconds,normal,466,271.3333333333333,4,8,0,3,0,1,0.006447133333495003,1.0,0.6214720683107174,0.0008754967803044432,1.0721778791484398,1.5,0.11365870000008726,0.00031519999811280286,0.3023157999996329,3.9760150000001886,2.0614029000007577,2.0612296999997852,3.976015;4.090547;3.965778,2.110393;2.061403;2.045773,2.023415;2.094934;2.061230,,multiprocessing,2026-10-03T19:51:27+00:00
W4-00659,W4,n2-standard-4,Windows,2022Server,AMD64,Intel(R) Xeon(R) CPU @ 2.80GHz,intel,4,2,2800,17.2,3.14.6,CPython,1,spawn,2.5.3,recursive,rec_fib,80,74,0.8,seconds,normal,16747,93,4,2,0,4,0,0,8.123250016524253e-06,1.0,0.977217110379566,0.5164189167546835,0.8996475043953812,0.8,0.03852409999944939,0.0032561999669269426,0.15651359999992565,0.14067720000002737,0.14254090000031283,0.07631899999978486,0.135728;0.140677;0.142189,0.142541;0.142901;0.141853,0.077276;0.076045;0.076319,,multiprocessing,2026-10-03T19:51:29+00:00
W4-00660,W4,n2-standard-4,Windows,2022Server,AMD64,Intel(R) Xeon(R) CPU @ 2.80GHz,intel,4,2,2800,17.2,3.14.6,CPython,1,spawn,2.5.3,algo_rec,algo_merge_sort,2219,1324,0.8,seconds,normal,113,1347,4,8,1,10,0,0,0.0037932000000182597,1.0,0.5594367418398029,0.030686491571493554,0.7560601748785712,0.0,0.1266341000000466,0.0019257999992987607,0.3023157999996329,0.4524297000007209,0.4539567000001625,0.2519835000002786,0.432539;0.452430;0.474245,0.448760;0.453957;0.520073,0.256257;0.251984;0.249876,,multiprocessing,2026-10-03T19:51:33+00:00
W4-00661,W4,n2-standard-4,Windows,2022Server,AMD64,Intel(R) Xeon(R) CPU @ 2.80GHz,intel,4,2,2800,17.2,3.14.6,CPython,1,spawn,2.5.3,algo_rec,algo_sudoku,3,857,0.3,ms,normal,52,879,4,2,3,28,0,0,0.003053000000153798,1.0,0.6991781587668742,0.0024943939091120622,0.7066132364926638,20.5,0.09989299999961077,0.0007248999982039095,0.15651359999992565,0.14654460000019753,0.15062399999987974,0.09589000000050873,0.160184;0.144173;0.146545,0.150624;0.149491;0.161063,0.098174;0.095890;0.094852,,multiprocessing,2026-10-03T19:51:35+00:00
W4-00662,W4,n2-standard-4,Windows,2022Server,AMD64,Intel(R) Xeon(R) CPU @ 2.80GHz,intel,4,2,2800,17.2,3.14.6,CPython,1,spawn,2.5.3,cpu,cpu_matmul_lists,16,18,0.3,ms,normal,114,37,4,4,3,5,0,0,0.00023386428574667661,1.0,0.4208837064301722,0.01669771823507523,0.763553478761985,28.0,0.015390999999908672,0.00034579999919515103,0.2035513999999239,0.03263809999953082,0.030919099999664468,0.0233527000000322,0.032881;0.029219;0.032638,0.038283;0.030919;0.029722,0.023130;0.023353;0.025364,,multiprocessing,2026-10-03T19:51:36+00:00
W4-00663,W4,n2-standard-4,Windows,2022Server,AMD64,Intel(R) Xeon(R) CPU @ 2.80GHz,intel,4,2,2800,17.2,3.14.6,CPython,1,spawn,2.5.3,db,db_file_lookup,73,17,0.8,seconds,normal,422,36,4,2,1,5,1,0,0.0019044037035874444,1.0,0.4349736389315382,0.002084642142175518,0.8148156990299182,11.7,0.1144125000000713,0.00040720000288274605,0.15651359999992565,0.9306272000003446,0.7199395999996341,0.7067054999997708,0.957533;0.930627;0.831818,0.719940;0.724806;0.521991,0.751723;0.706705;0.646239,,multiprocessing,2026-10-03T19:51:43+00:00
W4-00664,W4,n2-standard-4,Windows,2022Server,AMD64,Intel(R) Xeon(R) CPU @ 2.80GHz,intel,4,2,2800,17.2,3.14.6,CPython,1,spawn,2.5.3,gil_release,gil_bz2,2,300000,0.0,seconds,big,666,300022,4,8,0,1,0,1,0.0007562850745698462,0.9575075623529029,0.043800017149178666,0.07931532978118448,1.8506137478446096,0.0,0.07977160000064032,0.0016699000052540214,0.3023157999996329,0.48507950000021083,0.20934519999991608,0.5923209000002316,0.475689;0.485080;0.495628,0.210173;0.206412;0.209345,0.587472;0.592321;0.609358,,threading,2026-10-03T19:51:48+00:00
W4-00665,W4,n2-standard-4,Windows,2022Server,AMD64,Intel(R) Xeon(R) CPU @ 2.80GHz,intel,4,2,2800,17.2,3.14.6,CPython,1,spawn,2.5.3,cpu,cpu_collatz,1277,1805326,0.0,ms,big,8,1805349,4,8,2,5,0,0,0.006165466666667878,0.9548261913464194,0.010791968931735644,0.16503752086650716,1.004450497072549,3.8,0.04110990000026504,0.004177699999672768,0.3023157999996329,0.04683099999965634,0.04886660000011034,0.03639389999989362,0.046824;0.049485;0.046831,0.048027;0.048867;0.049154,0.036394;0.034289;0.037069,,multiprocessing,2026-10-03T19:51:49+00:00
W4-00666,W4,n2-standard-4,Windows,2022Server,AMD64,Intel(R) Xeon(R) CPU @ 2.80GHz,intel,4,2,2800,17.2,3.14.6,CPython,1,spawn,2.5.3,algo_iter,algo_game_of_life,2,192404,0.3,ms,big,18,192426,4,8,5,9,0,0,0.002571699999862176,1.0,0.2321726433676806,0.05682039132233723,0.7500568069974618,0.0,0.024207899999964866,0.0008023000009416137,0.3023157999996329,0.05389930000001186,0.05609199999980774,0.033512099999825296,0.053743;0.054458;0.053899,0.055760;0.056092;0.056846,0.033957;0.032891;0.033512,,multiprocessing,2026-10-03T19:51:50+00:00
W4-00667,W4,n2-standard-4,Windows,2022Server,AMD64,Intel(R) Xeon(R) CPU @ 2.80GHz,intel,4,2,2800,17.2,3.14.6,CPython,1,spawn,2.5.3,tiny,tiny_len,3,30,0.3,seconds,normal,200000,49,4,2,0,0,0,0,1.3929999795436743e-07,1.0,0.5139458708791711,26.776740119899546,0.3318248001041092,0.0,0.004924699999719451,0.002912200004175247,0.15651359999992565,0.015094900000804046,0.02292580000084854,0.06589939999958006,0.014360;0.015095;0.015635,0.022616;0.023685;0.022926,0.071570;0.065502;0.065899,,sequential,2026-10-03T19:51:51+00:00
W4-00668,W4,n2-standard-4,Windows,2022Server,AMD64,Intel(R) Xeon(R) CPU @ 2.80GHz,intel,4,2,2800,17.2,3.14.6,CPython,1,spawn,2.5.3,gil_release,gil_zlib,19,4812,0.0,seconds,normal,2644,4834,4,4,1,1,0,1,0.0020360079999954903,0.958906832440901,0.02118548601983947,0.0033054879249514914,1.939526770236485,0.8,0.07766050000009272,0.00048180000067077344,0.2035513999999239,5.21962480000002,1.9073376999995162,1.8381128999999419,5.140897;5.219625;5.251155,1.912338;1.907338;1.903660,1.835965;1.861919;1.838113,,multiprocessing,2026-10-03T19:52:19+00:00
W4-00669,W4,n2-standard-4,Windows,2022Server,AMD64,Intel(R) Xeon(R) CPU @ 2.80GHz,intel,4,2,2800,17.2,3.14.6,CPython,1,spawn,2.5.3,tiny,tiny_small_loop,49,72,0.8,seconds,normal,200000,91,4,4,0,0,0,0,4.761499944834213e-07,1.0,0.3434686468075204,8.894255935962695,0.5687968128762743,0.0,0.006928799999514013,0.003422300010242907,0.2035513999999239,0.08366299999943294,0.09698699999989913,0.1180436999993617,0.091283;0.083581;0.083663,0.103236;0.096987;0.096818,0.122378;0.118044;0.117005,,sequential,2026-10-03T19:52:20+00:00
W4-00670,W4,n2-standard-4,Windows,2022Server,AMD64,Intel(R) Xeon(R) CPU @ 2.80GHz,intel,4,2,2800,17.2,3.14.6,CPython,1,spawn,2.5.3,recursive,rec_quicksort,1199,1370,0.3,ms,normal,14,1393,4,8,1,8,0,0,0.001391466666670264,1.0,0.2016788888823718,0.006611728647630689,0.6801972900580919,0.8,0.00975899999957619,0.0002341999997952371,0.3023157999996329,0.022049000000151864,0.0227045999999973,0.012588700000378594,0.022352;0.022049;0.021949,0.022705;0.022520;0.023619,0.012589;0.012523;0.012979,,multiprocessing,2026-10-03T19:52:21+00:00
W4-00671,W4,n2-standard-4,Windows,2022Server,AMD64,Intel(R) Xeon(R) CPU @ 2.80GHz,intel,4,2,2800,17.2,3.14.6,CPython,1,spawn,2.5.3,mixed,mixed_parse_lines,7,10955,0.0,seconds,normal,156,10977,4,4,2,3,1,0,0.004383091666644153,0.798772931624781,0.007905120710658176,0.0017472445924204506,1.1565361400930778,0.0,0.09863180000047578,0.0003733000012289267,0.2035513999999239,0.6858519000006709,0.5697102999993149,0.34496170000056736,0.685369;0.686345;0.685852,0.569684;0.572624;0.569710,0.335200;0.344962;0.349670,,multiprocessing,2026-10-03T19:52:26+00:00
W4-00672,W4,n2-standard-4,Windows,2022Server,AMD64,Intel(R) Xeon(R) CPU @ 2.80GHz,intel,4,2,2800,17.2,3.14.6,CPython,1,spawn,2.5.3,mixed,mixed_json_roundtrip,1,286,0.0,seconds,normal,8078,308,4,8,1,1,1,0,8.288762543380535e-05,0.740065788973497,0.1745397047010772,0.051394885996974775,1.07234350905912,0.0,0.09764170000016748,0.0015826999906494166,0.3023157999996329,51.57031340000049,2.327012899998408,3.7821327999999994,51.570313,0.609004;4.045021,3.782133,threading,threading,2026-10-03T19:53:27+00:00
W4-00673,W4,n2-standard-4,Windows,2022Server,AMD64,Intel(R) Xeon(R) CPU @ 2.80GHz,intel,4,2,2800,17.2,3.14.6,CPython,1,spawn,2.5.3,text,text_format_report,4529,26,0.3,seconds,normal,763,46,4,2,1,2,0,0,0.005646288888884656,1.0,0.18547290765618368,0.0013420811307136694,0.8063434334934317,5.3,0.13490559999991092,0.021515399999771034,0.15308379999987665,4.826381699999729,4.929419099999905,2.5615568000002895,4.768991;4.912129;4.826382,4.929419;5.205135;4.918014,2.561557;2.777774;2.454657,,multiprocessing,2026-10-03T19:54:05+00:00
W4-00674,W4,n2-standard-4,Windows,2022Server,AMD64,Intel(R) Xeon(R) CPU @ 2.80GHz,intel,4,2,2800,17.2,3.14.6,CPython,1,spawn,2.5.3,text,text_format_report,1295,508,0.0,ms,normal,110,531,4,2,1,2,0,0,0.0018206481482694573,1.0,0.024762049720534883,0.002694095467070477,0.9707005003409765,0.0,0.10026000000016211,0.00046689999726368114,0.15308379999987665,0.20030469999983325,0.20652490000065882,0.1987528999998176,0.200305;0.206738;0.199470,0.207105;0.206525;0.205888,0.198753;0.103570;0.199715,,multiprocessing,2026-10-03T19:54:08+00:00
W4-00675,W4,n2-standard-4,Windows,2022Server,AMD64,Intel(R) Xeon(R) CPU @ 2.80GHz,intel,4,2,2800,17.2,3.14.6,CPython,1,spawn,2.5.3,cpu,cpu_sum_squares,10115,1411,0.3,ms,normal,270,1434,4,2,1,2,0,0,0.0005224373133848951,1.0,0.14819314921859922,0.010125616622414953,0.9587552890012404,0.0,0.07268830000066373,0.0010331000039514038,0.15308379999987665,0.14229950000026292,0.14233909999984462,0.07448310000017955,0.142300;0.138821;0.145488,0.142339;0.142902;0.142288,0.120026;0.073912;0.074483,,multiprocessing,2026-10-03T19:54:09+00:00
W4-00676,W4,n2-standard-4,Windows,2022Server,AMD64,Intel(R) Xeon(R) CPU @ 2.80GHz,intel,4,2,2800,17.2,3.14.6,CPython,1,spawn,2.5.3,big_result,result_long_string,484,169,0.0,seconds,normal,33255,189,4,2,1,1,0,0,0.00010279134021965144,1.0,0.06459807114527674,0.08721551866794826,0.9510841471599801,0.0,0.104298999999628,0.0017909999933181098,0.15308379999987665,3.4850384999999733,3.6333515999995143,3.3082941000002393,3.563485;3.485038;3.463083,3.659805;3.633352;3.630050,3.291319;3.308294;3.449824,,multiprocessing,2026-10-03T19:54:42+00:00
W4-00677,W4,n2-standard-4,Windows,2022Server,AMD64,Intel(R) Xeon(R) CPU @ 2.80GHz,intel,4,2,2800,17.2,3.14.6,CPython,1,spawn,2.5.3,recursive,rec_quicksort,244,97,0.0,ms,normal,65,116,4,4,1,8,0,0,0.00025931875006790506,1.0,0.07833594627214874,0.015666048316363822,0.8261306806169375,6.1,0.010389699999905133,0.0012230999982421054,0.18915170000036596,0.01723489999949379,0.017719100000249455,0.010089499999594409,0.024986;0.017206;0.017235,0.017719;0.017864;0.017066,0.010089;0.009697;0.010225,,multiprocessing,2026-10-03T19:54:42+00:00
W4-00678,W4,n2-standard-4,Windows,2022Server,AMD64,Intel(R) Xeon(R) CPU @ 2.80GHz,intel,4,2,2800,17.2,3.14.6,CPython,1,spawn,2.5.3,algo_iter,algo_game_of_life,5,1461,0.8,seconds,normal,219,1483,4,2,5,9,0,0,0.009300700000039797,1.0,0.3623674102593095,0.006203834111249385,1.6718920368486385,0.0,0.08902029999990191,0.0018125999995390885,0.15308379999987665,1.5119542000002184,1.5658806000001277,0.9657207999998718,1.585553;1.509273;1.511954,1.563871;1.565881;1.570451,0.965721;1.057062;0.912915,,multiprocessing,2026-10-03T19:54:55+00:00
W4-00679,W4,n2-standard-4,Windows,2022Server,AMD64,Intel(R) Xeon(R) CPU @ 2.80GHz,intel,4,2,2800,17.2,3.14.6,CPython,1,spawn,2.5.3,cpu,cpu_collatz,1688,1518,0.0,ms,normal,8,1541,4,2,2,5,0,0,0.00809320000007574,1.0,0.003187334529625079,0.0017298472654489144,0.9385432121701435,0.0,0.05118750000019645,0.0009570000001986045,0.15308379999987665,0.06802150000021356,0.06683789999988221,0.07215670000005048,0.064692;0.068022;0.068075,0.067832;0.066207;0.066838,0.072157;0.035219;0.072239,,threading,2026-10-03T19:54:56+00:00
W4-00680,W4,n2-standard-4,Windows,2022Server,AMD64,Intel(R) Xeon(R) CPU @ 2.80GHz,intel,4,2,2800,17.2,3.14.6,CPython,1,spawn,2.5.3,io,io_file_roundtrip,2,278,0.8,ms,normal,8,300,4,2,1,0,1,0,0.01335556666708726,0.14996983321846,0.10098110235049433,0.0007936765270112674,1.413579242244345,0.0,0.06760269999995216,0.001046799998221104,0.15308379999987665,0.05577110000012908,0.032389599999987695,0.0334949999996752,0.059548;0.053333;0.055771,0.031588;0.032390;0.032647,0.034451;0.033204;0.033495,,threading,2026-10-03T19:54:57+00:00
W4-00681,W4,n2-standard-4,Windows,2022Server,AMD64,Intel(R) Xeon(R) CPU @ 2.80GHz,intel,4,2,2800,17.2,3.14.6,CPython,1,spawn,2.5.3,db,db_mem_group_by,828,508,0.3,ms,normal,9,531,4,2,1,2,1,0,0.0010453666670097543,1.0,0.17558729430549994,0.008545645681999522,0.517837137836081,0.0,0.009815499999604071,0.0009011999991344055,0.15308379999987665,0.008848899999975401,0.01242669999919599,0.009259800000108953,0.008849;0.008806;0.009326,0.011741;0.012575;0.012427,0.009697;0.009260;0.005719,,sequential,2026-10-03T19:54:58+00:00
W4-00682,W4,n2-standard-4,Windows,2022Server,AMD64,Intel(R) Xeon(R) CPU @ 2.80GHz,intel,4,2,2800,17.2,3.14.6,CPython,1,spawn,2.5.3,algo_rec,algo_lcs_memo,1,347,0.0,ms,normal,10,369,4,4,1,10,0,0,0.0031192666665447177,1.0,0.10221029476701764,0.0039539208685629495,0.7362239446167992,0.0,0.022621000000071945,0.0014097000002948334,0.18915170000036596,0.03196010000010574,0.032707899999877554,0.01824199999919074,0.031960;0.033504;0.031928,0.040944;0.032708;0.032364,0.018242;0.018028;0.019311,,multiprocessing,2026-10-03T19:54:59+00:00
W4-00683,W4,n2-standard-4,Windows,2022Server,AMD64,Intel(R) Xeon(R) CPU @ 2.80GHz,intel,4,2,2800,17.2,3.14.6,CPython,1,spawn,2.5.3,recursive,rec_nqueens,11,423,0.0,ms,normal,34,445,4,4,1,10,0,0,0.0016535750002049099,1.0,0.03552964392919951,0.003832605213875414,0.8926707888753537,0.0,0.02918409999983851,0.0012640999975701561,0.18915170000036596,0.057484100000692706,0.05847009999979491,0.031685400000242225,0.058312;0.057484;0.055937,0.058053;0.059883;0.058470,0.031319;0.031685;0.032477,,multiprocessing,2026-10-03T19:55:00+00:00
W4-00684,W4,n2-standard-4,Windows,2022Server,AMD64,Intel(R) Xeon(R) CPU @ 2.80GHz,intel,4,2,2800,17.2,3.14.6,CPython,1,spawn,2.5.3,mixed,mixed_hash_then_write,254,23744,0.0,ms,normal,202,23766,4,4,1,3,1,0,0.00022726999990482,1.0,0.20057151687339328,0.04921459096916988,0.9631472900464493,0.8,0.024466599999868777,0.0014405000047190697,0.18915170000036596,0.050783500000761705,0.03784269999960088,0.0425838000001022,0.048790;0.050784;0.053994,0.038842;0.037135;0.037843,0.050644;0.042584;0.040181,,threading,2026-10-03T19:55:01+00:00
W4-00685,W4,n2-standard-4,Windows,2022Server,AMD64,Intel(R) Xeon(R) CPU @ 2.80GHz,intel,4,2,2800,17.2,3.14.6,CPython,1,spawn,2.5.3,big_result,result_long_string,2155,451873,0.0,seconds,big,253,451896,4,4,1,1,0,0,0.026254199999736254,1.0,0.0019329955901947796,0.007054109444815685,0.8599473136114061,0.0,0.17129560000012134,0.000816700001450954,0.18915170000036596,7.428651600000194,7.528220199999851,6.5819086000001334,7.428652;7.348068;7.481299,7.508092;7.528220;7.798424,6.611137;6.571479;6.581909,,multiprocessing,2026-10-03T19:56:07+00:00
W4-00686,W4,n2-standard-4,Windows,2022Server,AMD64,Intel(R) Xeon(R) CPU @ 2.80GHz,intel,4,2,2800,17.2,3.14.6,CPython,1,spawn,2.5.3,text,text_split_count,2,2327,0.8,ms,normal,194,2349,4,8,1,1,0,0,0.00039372708333000145,1.0,0.2810421650130409,0.011810211363152837,0.9168840774856368,0.0,0.040550599999733095,0.001299799999287643,0.31605469999976776,0.07858219999980065,0.07802249999986088,0.04167139999935898,0.126656;0.076354;0.078582,0.083932;0.077653;0.078022,0.046537;0.041671;0.041487,,multiprocessing,2026-10-03T19:56:08+00:00
W4-00687,W4,n2-standard-4,Windows,2022Server,AMD64,Intel(R) Xeon(R) CPU @ 2.80GHz,intel,4,2,2800,17.2,3.14.6,CPython,1,spawn,2.5.3,cpu,cpu_matmul_lists,10,446,0.3,ms,normal,180,468,4,2,3,5,0,0,7.218666673401862e-05,0.9313952923949874,0.535001106413878,0.059983375137382965,0.9087470783452694,0.0,0.008201999999982945,0.0012651999968511518,0.15308379999987665,0.011983100000179547,0.012866699999904085,0.014829900000222551,0.012547;0.011917;0.011983,0.012867;0.012714;0.013009,0.014830;0.015069;0.007344,,sequential,2026-10-03T19:56:09+00:00
W4-00688,W4,n2-standard-4,Windows,2022Server,AMD64,Intel(R) Xeon(R) CPU @ 2.80GHz,intel,4,2,2800,17.2,3.14.6,CPython,1,spawn,2.5.3,big_payload,big_reverse,1,3880018,0.8,seconds,big,51,3880040,4,2,0,0,0,0,0.002082358333382217,1.0,0.011305263927073065,1.8804160346386316,0.9329577189019604,0.8,0.09965379999994184,0.04786889999923005,0.15308379999987665,0.11940429999958724,0.1162984000002325,0.6738650000006601,0.119564;0.119404;0.112485,0.117168;0.116298;0.114490,0.673865,,threading,2026-10-03T19:56:11+00:00
W4-00689,W4,n2-standard-4,Windows,2022Server,AMD64,Intel(R) Xeon(R) CPU @ 2.80GHz,intel,4,2,2800,17.2,3.14.6,CPython,1,spawn,2.5.3,gil_release,gil_bz2,10,300000,0.3,seconds,big,666,300022,4,2,0,1,0,1,0.0019819961537625485,1.0,0.11947331428802355,0.02811559436992558,1.9191824575951946,0.0,0.08026969999991707,0.001990400001886883,0.15308379999987665,1.307110400000056,0.7123868999997285,1.0811747999996442,1.307110;1.306295;1.319407,0.712524;0.700758;0.712387,1.070948;1.085909;1.081175,,threading,2026-10-03T19:56:22+00:00
W4-00690,W4,n2-standard-4,Windows,2022Server,AMD64,Intel(R) Xeon(R) CPU @ 2.80GHz,intel,4,2,2800,17.2,3.14.6,CPython,1,spawn,2.5.3,algo_rec,algo_sudoku,7,1682,0.3,ms,normal,8,1704,4,2,3,28,0,0,0.0025270333332324904,1.0,0.2880323328526314,0.005447758333823875,0.4885856602326073,0.0,0.028287099999943166,0.0021508999998332,0.15308379999987665,0.041058300000258896,0.04163119999975606,0.02865990000009333,0.041238;0.041058;0.040977,0.040174;0.041631;0.041661,0.023629;0.028660;0.044072,,multiprocessing,2026-10-03T19:56:23+00:00
W4-00691,W4,n2-standard-4,Windows,2022Server,AMD64,Intel(R) Xeon(R) CPU @ 2.80GHz,intel,4,2,2800,17.2,3.14.6,CPython,1,spawn,2.5.3,gil_release,gil_sha256,1,62878,0.8,seconds,normal,3180,62900,4,2,1,1,0,1,0.0001913702290004796,1.0,0.3525102034177166,0.09212509202035397,1.8976031711663117,3.0,0.0782760000001872,0.001608300001862517,0.15308379999987665,0.5861872999994375,0.3323721000006117,0.803466400000616,0.586187;0.601187;0.584601,0.372235;0.313650;0.332372,0.782020;0.812367;0.803466,,threading,2026-10-03T19:56:29+00:00
W4-00692,W4,n2-standard-4,Windows,2022Server,AMD64,Intel(R) Xeon(R) CPU @ 2.80GHz,intel,4,2,2800,17.2,3.14.6,CPython,1,spawn,2.5.3,io,io_file_roundtrip,2,505547,0.3,seconds,big,42,505569,4,8,1,0,1,0,0.01672910000002048,0.1217664282989571,0.034763991627626584,0.011686223408178646,1.5572304593943698,1.6,0.11049499999990076,0.0010354999994888203,0.31605469999976776,1.7850773999998637,1.301553100000092,1.303862400000071,1.798241;1.776923;1.785077,1.301553;1.302201;1.295612,1.327560;1.303862;1.302196,,threading,2026-10-03T19:56:43+00:00
W4-00693,W4,n2-standard-4,Windows,2022Server,AMD64,Intel(R) Xeon(R) CPU @ 2.80GHz,intel,4,2,2800,17.2,3.14.6,CPython,1,spawn,2.5.3,big_payload,big_reverse,1,3463762,0.3,seconds,big,57,3463784,4,4,0,0,0,0,0.001864721428708955,1.0,0.008445898693057034,1.8842377832817216,0.9070596556494008,0.0,0.10460539999985485,0.049663699997836375,0.18915170000036596,0.11341259999971953,0.11695220000001427,0.6101754999999685,0.117560;0.112612;0.113413,0.117951;0.116952;0.116248,0.610175,,sequential,2026-10-03T19:56:46+00:00
W4-00694,W4,n2-standard-4,Windows,2022Server,AMD64,Intel(R) Xeon(R) CPU @ 2.80GHz,intel,4,2,2800,17.2,3.14.6,CPython,1,spawn,2.5.3,big_payload,big_count_byte,210,107420,0.3,ms,big,1861,107442.1,4,2,0,1,0,0,6.43905376046439e-05,1.0,0.02815426448897607,0.38670278114658546,0.9549945900830221,0.0,0.06363659999988158,0.002060700014226313,0.15308379999987665,0.12504160000025877,0.1248117999994065,0.6758057000006374,0.126792;0.125042;0.119978,0.131906;0.124002;0.124812,0.675806,,threading,2026-10-03T19:56:48+00:00
W4-00695,W4,n2-standard-4,Windows,2022Server,AMD64,Intel(R) Xeon(R) CPU @ 2.80GHz,intel,4,2,2800,17.2,3.14.6,CPython,1,spawn,2.5.3,big_result,result_long_string,836,240807,0.3,seconds,big,397,240830,4,4,1,1,0,0,0.007021437500043248,0.9533923929406342,0.11157783370396178,0.011678520216474877,1.2287028549471117,0.0,0.10410309999952005,0.0009612999983801274,0.18915170000036596,2.0333458999994036,2.066411099999641,1.1110479999997551,2.142854;2.033346;2.023626,2.065567;2.066411;2.071133,1.106396;1.133065;1.111048,,multiprocessing,2026-10-03T19:57:05+00:00
W4-00696,W4,n2-standard-4,Windows,2022Server,AMD64,Intel(R) Xeon(R) CPU @ 2.80GHz,intel,4,2,2800,17.2,3.14.6,CPython,1,spawn,2.5.3,gil_release,gil_sha256,255,15075,0.3,seconds,normal,61,15097.6,4,8,1,1,0,1,0.010084099999949104,1.0,0.18037548032646755,0.0014557570743039484,1.9232365567433471,0.0,0.07783329999983835,0.00029770000037387945,0.31605469999976776,0.6071953000000576,0.2694318000003477,0.2702255999993213,0.605364;0.635017;0.607195,0.271726;0.269432;0.268749,0.270226;0.272548;0.268596,,threading,2026-10-03T19:57:09+00:00
W4-00697,W4,n2-standard-4,Windows,2022Server,AMD64,Intel(R) Xeon(R) CPU @ 2.80GHz,intel,4,2,2800,17.2,3.14.6,CPython,1,spawn,2.5.3,cpu,cpu_collatz,56,74,0.8,seconds,normal,3092,93,4,8,2,5,0,0,9.92550695839422e-05,0.9981026426972843,0.6491524050287873,0.04181146719811951,0.9620537312643788,0.0,0.10333530000025348,0.0011307999993732665,0.31605469999976776,0.3041880000000674,0.30892880000010337,0.17487199999959557,0.304188;0.303832;0.307562,0.308929;0.311564;0.307432,0.174789;0.174872;0.176133,,multiprocessing,2026-10-03T19:57:12+00:00
W4-00698,W4,n2-standard-4,Windows,2022Server,AMD64,Intel(R) Xeon(R) CPU @ 2.80GHz,intel,4,2,2800,17.2,3.14.6,CPython,1,spawn,2.5.3,tiny,tiny_dict_lookup,3,213,0.3,seconds,normal,200000,232,4,2,0,1,0,0,3.460499924585747e-07,1.0,0.9881713994268397,12.483745442921899,0.5968199855345272,0.0,0.0061102999998183805,0.003334800015181827,0.15308379999987665,0.05553390000022773,0.0641790999998193,0.20485650000046007,0.053247;0.055534;0.056995,0.061691;0.066618;0.064179,0.204857;0.200238;0.222241,,sequential,2026-10-03T19:57:14+00:00
W4-00699,W4,n2-standard-4,Windows,2022Server,AMD64,Intel(R) Xeon(R) CPU @ 2.80GHz,intel,4,2,2800,17.2,3.14.6,CPython,1,spawn,2.5.3,numpy,np_fft,923671,9603,0.3,seconds,normal,8,9628,4,4,0,0,0,1,0.19986000000032314,0.9997768211362502,0.1611582431806691,0.0001019046674232855,1.2925357616088882,3.0,1.0630239000001893,0.0009448999990127049,0.18915170000036596,1.5599882999995316,0.690944999999374,0.6906121000001804,1.633493;1.559988;1.557680,0.675043;0.720696;0.690945,0.767485;0.690612;0.679296,,multiprocessing,2026-10-03T19:57:25+00:00
W4-00700,W4,n2-standard-4,Windows,2022Server,AMD64,Intel(R) Xeon(R) CPU @ 2.80GHz,intel,4,2,2800,17.2,3.14.6,CPython,1,spawn,2.5.3,cpu,cpu_matmul_lists,13,107664,0.3,seconds,big,1857,107686,4,2,3,5,0,0,0.00013849667585894663,1.0,0.45953263302463015,0.16484150272402048,0.9566767619616231,0.0,0.1037162000002354,0.0012767000152962282,0.15308379999987665,0.2595802999994703,0.2618194999995467,0.69135709999955,0.252341;0.268070;0.259580,0.261819;0.263159;0.259629,0.691357;0.717295;0.688410,,sequential,2026-10-03T19:57:30+00:00
W4-00701,W4,n2-standard-4,Windows,2022Server,AMD64,Intel(R) Xeon(R) CPU @ 2.80GHz,intel,4,2,2800,17.2,3.14.6,CPython,1,spawn,2.5.3,algo_iter,algo_game_of_life,12,78,0.8,seconds,normal,43,97,4,4,5,9,0,0,0.018312766666592022,1.0,0.29200281778825316,0.003081638863605631,1.8977144871721132,0.0,0.08945179999955144,0.0004000999997515464,0.18915170000036596,0.635030999999799,0.6360233000004882,0.34682619999966846,0.626258;0.640923;0.635031,0.636023;0.640774;0.632821,0.359190;0.346826;0.344011,,multiprocessing,2026-10-03T19:57:35+00:00
W4-00702,W4,n2-standard-4,Windows,2022Server,AMD64,Intel(R) Xeon(R) CPU @ 2.80GHz,intel,4,2,2800,17.2,3.14.6,CPython,1,spawn,2.5.3,numpy,np_elementwise,64919,357,0.8,ms,normal,8,381.3333333333333,4,4,0,4,0,0,0.0031988666666317536,1.0,0.2735994019618399,0.0034387178113716305,1.4827217600359894,0.0,0.01841260000037437,0.0010388000000602915,0.18915170000036596,0.02297519999956421,0.012270299999727285,0.01528630000029807,0.022975;0.024332;0.022703,0.012270;0.011328;0.015715,0.015415;0.015130;0.015286,,threading,2026-10-03T19:57:36+00:00
W4-00703,W4,n2-standard-4,Windows,2022Server,AMD64,Intel(R) Xeon(R) CPU @ 2.80GHz,intel,4,2,2800,17.2,3.14.6,CPython,1,spawn,2.5.3,recursive,rec_quicksort,19410,225,0.8,ms,normal,8,245,4,4,1,8,0,0,0.02682123333367296,0.9877119782282306,0.7050811576480597,0.00035668257049294497,0.8482790826691876,1.5,0.20991750000030152,0.00026559999969322234,0.18915170000036596,0.2616614999997182,0.25903939999989234,0.13973089999944932,0.260656;0.261661;0.264948,0.258045;0.260523;0.259039,0.143414;0.139731;0.135145,,multiprocessing,2026-10-03T19:57:39+00:00
W4-00704,W4,n2-standard-4,Windows,2022Server,AMD64,Intel(R) Xeon(R) CPU @ 2.80GHz,intel,4,2,2800,17.2,3.14.6,CPython,1,spawn,2.5.3,algo_iter,algo_game_of_life,5,135231,0.8,seconds,big,46,135253,4,8,5,9,0,0,0.007882785714303151,1.0,0.3438401528312853,0.013006641971676725,1.593580914805142,0.0,0.09241299999939656,0.0009361999991597258,0.31605469999976776,0.3052788999993936,0.31213389999993524,0.1712522000007084,0.305279;0.302955;0.306028,0.312134;0.313090;0.310465,0.171252;0.170720;0.171255,,multiprocessing,2026-10-03T19:57:42+00:00
W4-00705,W4,n2-standard-4,Windows,2022Server,AMD64,Intel(R) Xeon(R) CPU @ 2.80GHz,intel,4,2,2800,17.2,3.14.6,CPython,1,spawn,2.5.3,io,io_file_roundtrip,4,6131,0.8,ms,normal,8,6153,4,4,1,0,1,0,0.012319566666519677,0.1409240231783855,0.29684245170042284,0.0008685370611260704,1.1971902467984148,1.6,0.07373470000038651,0.0002610000010463409,0.18915170000036596,0.07070029999977123,0.02799739999954909,0.028421699999853445,0.081467;0.070700;0.068779,0.030215;0.027174;0.027997,0.029349;0.028422;0.026747,,threading,2026-10-03T19:57:43+00:00
W4-00706,W4,n2-standard-4,Windows,2022Server,AMD64,Intel(R) Xeon(R) CPU @ 2.80GHz,intel,4,2,2800,17.2,3.14.6,CPython,1,spawn,2.5.3,algo_rec,algo_lcs_memo,3,31,0.3,seconds,normal,93,50,4,2,1,10,0,0,0.007096737499864503,1.0,0.19583045103095256,0.0007785267534626158,0.7657496371424302,0.0,0.13329829999929643,0.00030979999974078964,0.15308379999987665,0.7793588000004092,0.816046599999936,0.5824039999997694,0.778080;0.779359;0.822068,0.813504;0.816047;0.899518,0.582404;0.508988;0.672491,,multiprocessing,2026-10-03T19:57:50+00:00
W4-00707,W4,n2-standard-4,Windows,2022Server,AMD64,Intel(R) Xeon(R) CPU @ 2.80GHz,intel,4,2,2800,17.2,3.14.6,CPython,1,spawn,2.5.3,algo_rec,algo_flood_fill,6,21,0.0,ms,normal,32,40,4,2,3,10,0,0,0.0014909875000057582,1.0,0.600133298010716,0.0038648881239377202,0.738733148928442,0.0,0.028838500000347267,0.0014184000001478125,0.15308379999987665,0.05884150000019872,0.05930770000031771,0.0348188999996637,0.056154;0.058842;0.059335,0.057559;0.059308;0.059842,0.033212;0.035667;0.034819,,multiprocessing,2026-10-03T19:57:51+00:00
W4-00708,W4,n2-standard-4,Windows,2022Server,AMD64,Intel(R) Xeon(R) CPU @ 2.80GHz,intel,4,2,2800,17.2,3.14.6,CPython,1,spawn,2.5.3,mixed,mixed_hash_then_write,4260,74650,0.8,ms,normal,141,74673,4,4,1,3,1,0,0.0005377028571664206,1.0,0.23105119928231432,0.03251796006256912,1.0229542232629956,0.0,0.03773399999954563,0.0007289999994100071,0.18915170000036596,0.06372060000012425,0.06617170000026817,0.04601689999981318,0.063598;0.063721;0.067080,0.066289;0.066172;0.065151,0.048502;0.045812;0.046017,,multiprocessing,2026-10-03T19:57:52+00:00
W4-00709,W4,n2-standard-4,Windows,2022Server,AMD64,Intel(R) Xeon(R) CPU @ 2.80GHz,intel,4,2,2800,17.2,3.14.6,CPython,1,spawn,2.5.3,mixed,mixed_hash_then_write,1454,31302,0.8,seconds,normal,4844,31325,4,2,1,3,1,0,0.00034080136992374784,0.9142783445624144,1.1137387392799847,0.032144823885425784,1.0491278272412103,0.0,0.09809359999962908,0.0010096999903908,0.15308379999987665,1.5887828999993872,1.5309453999998368,1.460598000000573,1.532086;1.588783;2.017658,1.530945;1.517900;1.645542,1.460598;1.444954;1.579568,,multiprocessing,2026-10-03T19:58:08+00:00
W4-00710,W4,n2-standard-4,Windows,2022Server,AMD64,Intel(R) Xeon(R) CPU @ 2.80GHz,intel,4,2,2800,17.2,3.14.6,CPython,1,spawn,2.5.3,io,io_sleep_return_payload,2320,9261,0.3,seconds,normal,181,9284,4,8,0,1,1,0,0.003001741176537026,0.006413694347543796,0.13010711529197283,0.0028003354449925603,1.9323234001939247,27.3,0.0785185000004276,0.0008493999994243495,0.31605469999976776,0.5365061000002243,0.07150000000001455,0.07296560000031604,0.536506,0.076955;0.071500;0.070783,0.072536;0.072966;0.073442,,threading,2026-10-03T19:58:09+00:00
W4-00711,W4,n2-standard-4,Windows,2022Server,AMD64,Intel(R) Xeon(R) CPU @ 2.80GHz,intel,4,2,2800,17.2,3.14.6,CPython,1,spawn,2.5.3,big_payload,big_count_byte,54,2019172,0.3,seconds,big,99,2019194,4,2,0,1,0,0,0.0014501000000943047,0.8487576550149757,0.7412190738741089,0.7698227707187499,1.127694844220596,22.7,0.08878389999972569,0.0227930999981254,0.15308379999987665,0.13309700000081648,0.12402440000005299,0.5420954000001075,0.133097;0.137361;0.123355,0.132809;0.122858;0.124024,0.543613;0.542095;0.527164,,threading,2026-10-03T19:58:13+00:00
W4-00712,W4,n2-standard-4,Windows,2022Server,AMD64,Intel(R) Xeon(R) CPU @ 2.80GHz,intel,4,2,2800,17.2,3.14.6,CPython,1,spawn,2.5.3,gil_release,gil_bz2,33,300000,0.8,seconds,big,92,300022,4,8,0,1,0,1,0.004438433333461944,0.9996642624448209,0.15336144219747067,0.01383934271345557,1.2999108245675592,0.0,0.09540179999930842,0.0010384999977759435,0.31605469999976776,0.38143719999970926,0.1985471999996662,0.21236680000038177,0.380630;0.406228;0.381437,0.195721;0.200631;0.198547,0.214881;0.211852;0.212367,,threading,2026-10-03T19:58:16+00:00
W4-00713,W4,n2-standard-4,Windows,2022Server,AMD64,Intel(R) Xeon(R) CPU @ 2.80GHz,intel,4,2,2800,17.2,3.14.6,CPython,1,spawn,2.5.3,io,io_sleep,8369,154209,0.0,ms,big,8,154232,4,2,0,1,1,0,0.009067633333264288,0.004960945067283921,0.023309258498232302,0.011484069729384089,1.4570566500096118,0.0,0.04687709999961953,0.0010075999998662155,0.15308379999987665,0.0716074000001754,0.03617020000001503,0.038015500000256,0.071615;0.071090;0.071607,0.035637;0.036170;0.036625,0.036776;0.038016;0.038200,,threading,2026-10-03T19:58:17+00:00
W4-00714,W4,n2-standard-4,Windows,2022Server,AMD64,Intel(R) Xeon(R) CPU @ 2.80GHz,intel,4,2,2800,17.2,3.14.6,CPython,1,spawn,2.5.3,cpu,cpu_matmul_lists,9,952247,0.0,ms,big,210,952269,4,4,3,5,0,0,4.970000005554399e-05,1.0,0.042689797791760915,8.486921518849929,0.8008687745783711,0.0,0.014708599999721628,0.008820599997307,0.18915170000036596,0.010272699999404722,0.011288800000329502,0.5152828000000227,0.010740;0.010273;0.010239,0.011548;0.011289;0.011240,0.515283,,sequential,2026-10-03T19:58:19+00:00
W4-00715,W4,n2-standard-4,Windows,2022Server,AMD64,Intel(R) Xeon(R) CPU @ 2.80GHz,intel,4,2,2800,17.2,3.14.6,CPython,1,spawn,2.5.3,db,db_mem_group_by,44,1475545,0.3,ms,big,135,1475567,4,2,1,2,1,0,0.00015705757576859358,1.0,0.2705163806841491,5.8695353941154425,0.791828793804317,4.7,0.03037010000025475,0.01885649999985617,0.15308379999987665,0.021541899999647285,0.024542899999687506,0.5632021999999779,0.020276;0.021597;0.021542,0.024543;0.025327;0.023517,0.563202,,sequential,2026-10-03T19:58:21+00:00
W4-00716,W4,n2-standard-4,Windows,2022Server,AMD64,Intel(R) Xeon(R) CPU @ 2.80GHz,intel,4,2,2800,17.2,3.14.6,CPython,1,spawn,2.5.3,db,db_file_lookup,102,1481,0.8,seconds,normal,89,1503,4,4,1,5,1,0,0.002529640000057043,1.0,0.43537574146556196,0.0015436979151309297,0.7670449361258148,0.0,0.11880490000021382,0.0015142999991439865,0.18915170000036596,0.2481713999995918,0.13608690000000934,0.12456050000037067,0.248171;0.263255;0.246137,0.204182;0.136087;0.135768,0.154273;0.124561;0.124221,,multiprocessing,2026-10-03T19:58:23+00:00
W4-00717,W4,n2-standard-4,Windows,2022Server,AMD64,Intel(R) Xeon(R) CPU @ 2.80GHz,intel,4,2,2800,17.2,3.14.6,CPython,1,spawn,2.5.3,tiny,tiny_len,16,85,0.0,ms,normal,7973,104,4,8,0,0,0,0,1.3763171532420895e-07,1.0,0.46313389065108124,28.372819800268672,0.3060174412789121,0.0,0.005350000000362343,0.003308099991954805,0.31605469999976776,0.0006133999995654449,0.0015702999999120948,0.006407700000636396,0.000679;0.000572;0.000613,0.002393;0.001570;0.001530,0.006408,,sequential,2026-10-03T19:58:24+00:00
W4-00718,W4,n2-standard-4,Windows,2022Server,AMD64,Intel(R) Xeon(R) CPU @ 2.80GHz,intel,4,2,2800,17.2,3.14.6,CPython,1,spawn,2.5.3,big_result,result_long_string,26169,20,0.0,seconds,normal,391,40,4,8,1,1,0,0,0.005202119999830756,1.0,0.018942788482121487,0.02496674432540688,0.9643298755722839,1.6,0.10735710000062682,0.0016044000030888128,0.31605469999976776,2.111903500000153,2.1006280999999944,1.4991201000002548,2.157146;2.108509;2.111904,2.130043;2.100628;2.086946,1.499120;1.577005;1.496442,,multiprocessing,2026-10-03T19:58:42+00:00
W4-00719,W4,n2-standard-4,Windows,2022Server,AMD64,Intel(R) Xeon(R) CPU @ 2.80GHz,intel,4,2,2800,17.2,3.14.6,CPython,1,spawn,2.5.3,db,db_mem_insert_select,4903,781938,0.8,ms,big,15,781961,4,2,1,1,1,0,0.0038981666666586534,1.0,0.3471847403799052,0.09976484671320418,1.0057529830174858,5.5,0.0271126000006916,0.002196600000388571,0.15308379999987665,0.05178940000041621,0.07939690000057453,0.03836510000019189,0.051789;0.049568;0.052345,0.079397;0.078031;0.079510,0.040302;0.037597;0.038365,,multiprocessing,2026-10-03T19:58:43+00:00
W4-00720,W4,n2-standard-4,Windows,2022Server,AMD64,Intel(R) Xeon(R) CPU @ 2.80GHz,intel,4,2,2800,17.2,3.14.6,CPython,1,spawn,2.5.3,algo_rec,algo_flood_fill,44,177,0.8,seconds,normal,107,196,4,2,3,10,0,0,0.015028699999902528,1.0,0.5537771277185117,0.0006753744488960379,1.2324290506163234,0.0,0.1179946000002019,0.00026780000098369783,0.15308379999987665,1.6723440000005212,1.742242699999224,0.9744000999999116,1.663657;1.752407;1.672344,1.739982;1.748177;1.742243,0.920728;1.053686;0.974400,,multiprocessing,2026-10-03T19:58:57+00:00
W4-00721,W4,n2-standard-4,Windows,2022Server,AMD64,Intel(R) Xeon(R) CPU @ 2.80GHz,intel,4,2,2800,17.2,3.14.6,CPython,1,spawn,2.5.3,text,text_csv_parse,7,1779,0.0,ms,normal,8,1801,4,4,2,3,0,0,0.00865789999958603,0.9480020355885337,0.007506427250076482,0.0013090164511758032,1.0120402571939338,0.0,0.0528359999998429,0.001059900000655034,0.18915170000036596,0.06546639999942272,0.06872810000004392,0.041046499999538355,0.065466;0.065272;0.067298,0.069021;0.068728;0.068425,0.041710;0.040842;0.041046,,multiprocessing,2026-10-03T19:58:58+00:00
W4-00722,W4,n2-standard-4,Windows,2022Server,AMD64,Intel(R) Xeon(R) CPU @ 2.80GHz,intel,4,2,2800,17.2,3.14.6,CPython,1,spawn,2.5.3,gil_release,gil_zlib,3,129359,0.8,ms,big,8,129381,4,8,1,1,0,1,0.011235700000118717,1.0,0.3736159289555932,0.0051917845238763525,1.6041923019171431,0.0,0.05673350000051869,0.0009340999995401944,0.31605469999976776,0.09131909999996424,0.037494799999876705,0.041107000000010885,0.091319;0.090490;0.096748,0.033290;0.037495;0.040412,0.041867;0.041107;0.041002,,threading,2026-10-03T19:58:59+00:00
W4-00723,W4,n2-standard-4,Windows,2022Server,AMD64,Intel(R) Xeon(R) CPU @ 2.80GHz,intel,4,2,2800,17.2,3.14.6,CPython,1,spawn,2.5.3,text,text_regex_findall,4,132,0.8,seconds,normal,122812,151,4,4,1,1,0,0,2.715403624559324e-05,1.0,0.4382263108474937,0.14509813225072193,0.9698779067706849,0.0,0.10496729999977106,0.0035960999957751483,0.18915170000036596,3.2520071999997526,3.34197420000055,1.7910640999998577,3.245445;3.252007;3.410380,3.335909;3.356591;3.341974,1.791064;1.805804;1.772940,,multiprocessing,2026-10-03T19:59:25+00:00
W4-00724,W4,n2-standard-4,Windows,2022Server,AMD64,Intel(R) Xeon(R) CPU @ 2.80GHz,intel,4,2,2800,17.2,3.14.6,CPython,1,spawn,2.5.3,algo_rec,algo_flood_fill,5,1310,0.8,ms,normal,8,1332,4,8,3,10,0,0,0.0013041666664624547,1.0,0.1835228741793911,0.009252396184903184,1.3407075615789987,0.0,0.007534999999734282,0.0002655000007507624,0.31605469999976776,0.010628799999722105,0.011199399999895832,0.0072222999997393345,0.010795;0.010289;0.010629,0.011199;0.011338;0.011195,0.006895;0.008506;0.007222,,multiprocessing,2026-10-03T19:59:25+00:00
W4-00725,W4,n2-standard-4,Windows,2022Server,AMD64,Intel(R) Xeon(R) CPU @ 2.80GHz,intel,4,2,2800,17.2,3.14.6,CPython,1,spawn,2.5.3,gil_release,gil_numpy_matmul,351,5670,0.3,seconds,normal,183,5692.9,4,4,0,2,0,1,0.0022683956521296236,1.0,0.43301396466299935,0.003171845156331306,1.841318082493422,0.0,0.0821803999997428,0.0012234000005264534,0.18915170000036596,0.41494739999961894,0.20009310000023106,0.21728710000024876,0.414947;0.412015;0.417248,0.197450;0.204429;0.200093,0.219991;0.206565;0.217287,,threading,2026-10-03T19:59:29+00:00
W4-00726,W4,n2-standard-4,Windows,2022Server,AMD64,Intel(R) Xeon(R) CPU @ 2.80GHz,intel,4,2,2800,17.2,3.14.6,CPython,1,spawn,2.5.3,numpy,np_fft,2510,128858,0.3,seconds,big,1552,128881,4,8,0,0,0,1,0.00030760674852470043,0.9990477081862589,0.38227290919653695,0.07217006817514557,1.6694135310680762,0.0,0.08091349999995145,0.0011011999904440017,0.31605469999976776,0.4724134000007325,0.27735369999936665,1.003043599999728,0.472413;0.468400;0.472896,0.284159;0.271224;0.277354,1.208442;1.003044;0.987743,,threading,2026-10-03T19:59:35+00:00
W4-00727,W4,n2-standard-4,Windows,2022Server,AMD64,Intel(R) Xeon(R) CPU @ 2.80GHz,intel,4,2,2800,17.2,3.14.6,CPython,1,spawn,2.5.3,big_payload,big_reverse,9,113984,0.0,ms,big,1754,114006,4,4,0,0,0,0,7.602671235066878e-05,1.0,0.1798150203108457,0.6316858705754893,0.8985932491233923,0.0,0.07276390000060928,0.0021420999910333194,0.18915170000036596,0.1614123000008476,0.1516037999999753,0.8972020999999586,0.161412;0.173584;0.155202,0.168942;0.151601;0.151604,0.897202,,threading,2026-10-03T19:59:38+00:00
W4-00728,W4,n2-standard-4,Windows,2022Server,AMD64,Intel(R) Xeon(R) CPU @ 2.80GHz,intel,4,2,2800,17.2,3.14.6,CPython,1,spawn,2.5.3,big_result,result_matrix_lists,18,122,0.8,seconds,normal,17896,141,4,8,2,5,0,0,4.5691068149963415e-05,0.9526600629342932,0.8171642731152853,0.5701333106458348,0.6370959939730906,5.5,0.1314132999996218,0.0033129999892480555,0.31605469999976776,0.9002511999997296,0.9020258000000467,0.666229000000385,0.900251;0.917818;0.868244,0.888945;0.902026;0.907853,0.648761;0.666761;0.666229,,multiprocessing,2026-10-03T19:59:46+00:00
W4-00729,W4,n2-standard-4,Windows,2022Server,AMD64,Intel(R) Xeon(R) CPU @ 2.80GHz,intel,4,2,2800,17.2,3.14.6,CPython,1,spawn,2.5.3,text,text_format_report,352,423,0.8,ms,normal,46,445.8181818181818,4,8,1,2,0,0,0.0005461000001477342,1.0,0.5124132450110148,0.00857318856848641,0.7671155211547178,0.0,0.013292900000124064,0.00030619999870395986,0.31605469999976776,0.022704699999849254,0.023567600000205857,0.013671900000190362,0.022489;0.023360;0.022705,0.023659;0.023515;0.023568,0.013109;0.013672;0.013691,,multiprocessing,2026-10-03T19:59:47+00:00
W4-00730,W4,n2-standard-4,Windows,2022Server,AMD64,Intel(R) Xeon(R) CPU @ 2.80GHz,intel,4,2,2800,17.2,3.14.6,CPython,1,spawn,2.5.3,mixed,mixed_compute_then_sleep,2258,25,0.3,ms,normal,19,45,4,4,1,3,1,0,0.000941074999900593,0.11901749483513255,0.06245658342616238,0.009058788545905437,1.6621915356443475,0.0,0.006920699999682256,0.0007488000001103501,0.18915170000036596,0.01845249999951193,0.006301100000200677,0.0064640000000508735,0.018326;0.018457;0.018452,0.006301;0.005831;0.006303,0.006466;0.006464;0.006322,,threading,2026-10-03T19:59:48+00:00
W4-00731,W4,n2-standard-4,Windows,2022Server,AMD64,Intel(R) Xeon(R) CPU @ 2.80GHz,intel,4,2,2800,17.2,3.14.6,CPython,1,spawn,2.5.3,big_payload,big_checksum_head,641,391661,0.3,seconds,big,510,391684,4,2,1,1,0,0,1.6469291290914544e-05,1.0,0.1674854273759692,4.999607973908986,0.7326334427603974,0.0,0.007673699999941164,0.00260410000646516,0.15308379999987665,0.008402099999329948,0.008806399999230052,0.5823839000004227,0.008402;0.008522;0.008362,0.009323;0.008739;0.008806,0.582384,,sequential,2026-10-03T19:59:49+00:00
W4-00732,W4,n2-standard-4,Windows,2022Server,AMD64,Intel(R) Xeon(R) CPU @ 2.80GHz,intel,4,2,2800,17.2,3.14.6,CPython,1,spawn,2.5.3,numpy,np_linalg_solve,267,2255,0.8,seconds,normal,1163,2277.55,4,2,0,3,0,1,0.002508449999913864,1.0,0.8018997780428703,0.00234208377033056,1.0751607477547622,7.8,0.09948869999971066,0.001497100000960927,0.15308379999987665,2.5242621000006693,2.259038799999871,1.529907600000115,2.468211;2.571303;2.524262,2.230605;2.279489;2.259039,1.642564;1.529908;1.529706,,multiprocessing,2026-10-03T20:00:09+00:00
W4-00733,W4,n2-standard-4,Windows,2022Server,AMD64,Intel(R) Xeon(R) CPU @ 2.80GHz,intel,4,2,2800,17.2,3.14.6,CPython,1,spawn,2.5.3,numpy,np_elementwise,2559,565,0.0,ms,normal,562,588,4,2,0,4,0,0,8.874142858985578e-05,1.0,0.16157335618017918,0.04772291896905924,1.3758834337771852,0.0,0.022051200000532845,0.0005824999980177381,0.15308379999987665,0.04941529999996419,0.033741899999768066,0.03768229999968753,0.049346;0.049424;0.049415,0.038575;0.033742;0.033287,0.042770;0.027721;0.037682,,threading,2026-10-03T20:00:10+00:00
W4-00734,W4,n2-standard-4,Windows,2022Server,AMD64,Intel(R) Xeon(R) CPU @ 2.80GHz,intel,4,2,2800,17.2,3.14.6,CPython,1,spawn,2.5.3,cpu,cpu_matmul_lists,29,987,0.0,seconds,normal,4090,1009,4,2,3,5,0,0,0.0012578800000028422,1.0,0.008420653473056086,0.0037920945887799525,0.934116914270179,0.0,0.10470180000083928,0.00043650000134221045,0.15308379999987665,5.237863700000162,5.335581600000296,2.8301222000000053,5.577563;5.237864;5.188778,5.344770;5.329045;5.335582,5.046711;2.807471;2.830122,,multiprocessing,2026-10-03T20:00:53+00:00
W4-00735,W4,n2-standard-4,Windows,2022Server,AMD64,Intel(R) Xeon(R) CPU @ 2.80GHz,intel,4,2,2800,17.2,3.14.6,CPython,1,spawn,2.5.3,numpy,np_linalg_solve,206,9505,0.3,ms,normal,32,9527,4,2,0,3,0,1,0.0008394125001132124,1.0,0.4574945040916963,0.013446904829058704,0.7589929658986307,0.0,0.015511999999944237,0.00036419999923964497,0.15308379999987665,0.020788699999684468,0.025348699999995006,0.019646899999315792,0.020789;0.020294;0.021924,0.025275;0.025349;0.026150,0.020510;0.019647;0.014644,,multiprocessing,2026-10-03T20:00:54+00:00
W4-00736,W4,n2-standard-4,Windows,2022Server,AMD64,Intel(R) Xeon(R) CPU @ 2.80GHz,intel,4,2,2800,17.2,3.14.6,CPython,1,spawn,2.5.3,numpy,np_sort,5597,667,0.0,ms,normal,368,690,4,4,0,3,0,1,0.0002363565217523422,1.0,0.04931858770156614,0.018954416908571393,1.55756747125175,0.0,0.036973000000216416,0.0012083999990863958,0.18915170000036596,0.09141519999957382,0.05499930000041786,0.049711499999830266,0.086943;0.092395;0.091415,0.054999;0.053972;0.055685,0.049711;0.050157;0.049366,,multiprocessing,2026-10-03T20:00:55+00:00
W4-00737,W4,n2-standard-4,Windows,2022Server,AMD64,Intel(R) Xeon(R) CPU @ 2.80GHz,intel,4,2,2800,17.2,3.14.6,CPython,1,spawn,2.5.3,big_payload,big_reverse,2,118539,0.0,seconds,big,1687,118561,4,4,0,0,0,0,8.22890736294874e-05,1.0,0.14621842478179994,0.5087552737957793,0.9387408222595334,0.0,0.0737249999992855,0.0019077000015386147,0.18915170000036596,0.1516079000002719,0.1465385999999853,0.882872000000134,0.151608;0.158203;0.149733,0.154762;0.145767;0.146539,0.882872,,threading,2026-10-03T20:00:58+00:00
W4-00738,W4,n2-standard-4,Windows,2022Server,AMD64,Intel(R) Xeon(R) CPU @ 2.80GHz,intel,4,2,2800,17.2,3.14.6,CPython,1,spawn,2.5.3,algo_iter,algo_kmeans,690,1190,0.8,seconds,normal,25,1213,4,4,3,15,0,0,0.019080633333032893,1.0,0.3749205068780103,0.0006655963389491395,0.5971078329677217,0.0,0.1344117999997252,0.001748500000758213,0.18915170000036596,0.45113859999946726,0.4479172999999719,0.2452554000001328,0.446874;0.452040;0.451139,0.451286;0.443905;0.447917,0.244913;0.245255;0.245312,,multiprocessing,2026-10-03T20:01:02+00:00
W4-00739,W4,n2-standard-4,Windows,2022Server,AMD64,Intel(R) Xeon(R) CPU @ 2.80GHz,intel,4,2,2800,17.2,3.14.6,CPython,1,spawn,2.5.3,tiny,tiny_small_loop,5,156,0.3,seconds,normal,200000,175,4,2,0,0,0,0,3.1229999649440286e-07,1.0,0.4385604687947952,12.952289510601348,0.4582798574837193,0.0,0.006331599999612081,0.0034670000059122685,0.15308379999987665,0.04906990000017686,0.05750290000014502,0.17377450000003591,0.049070;0.046477;0.049402,0.057194;0.057503;0.058153,0.177001;0.165205;0.173775,,sequential,2026-10-03T20:01:04+00:00
W4-00740,W4,n2-standard-4,Windows,2022Server,AMD64,Intel(R) Xeon(R) CPU @ 2.80GHz,intel,4,2,2800,17.2,3.14.6,CPython,1,spawn,2.5.3,algo_iter,algo_edit_distance,64911,325,0.3,ms,normal,8,348.6666666666667,4,2,2,16,0,0,0.010423833333334187,1.0,0.2005319847164297,0.0010328893844095655,0.6366628976431024,0.0,0.07567130000006728,0.0014363999998749932,0.15308379999987665,0.09028250000028493,0.09230250000018714,0.05110139999942476,0.089439;0.090670;0.090283,0.099135;0.092303;0.090314,0.050158;0.051150;0.051101,,multiprocessing,2026-10-03T20:01:05+00:00
W4-00741,W4,n2-standard-4,Windows,2022Server,AMD64,Intel(R) Xeon(R) CPU @ 2.80GHz,intel,4,2,2800,17.2,3.14.6,CPython,1,spawn,2.5.3,mixed,mixed_json_roundtrip,487,4258,0.0,seconds,normal,37,4281,4,4,1,1,1,0,0.013762549999910334,0.9445783455928923,0.01213563706848908,0.0011916396508658625,0.9583745333600368,0.0,0.11313480000080745,0.0009650000010879012,0.18915170000036596,0.5184202999998888,0.5053149999994275,0.27847400000064226,0.510756;0.519306;0.518420,0.506317;0.504785;0.505315,0.281415;0.274640;0.278474,,multiprocessing,2026-10-03T20:01:10+00:00
W4-00742,W4,n2-standard-4,Windows,2022Server,AMD64,Intel(R) Xeon(R) CPU @ 2.80GHz,intel,4,2,2800,17.2,3.14.6,CPython,1,spawn,2.5.3,algo_rec,algo_flood_fill,2,178,0.0,seconds,normal,4308,197,4,4,3,10,0,0,0.0006856986301001647,1.0,0.47578107305427286,0.006606400733503828,0.9751062537532158,0.0,0.10210860000006505,0.0005276000028970884,0.18915170000036596,2.94572479999988,3.0205156000001807,1.6260385999994469,2.936543;2.945725;3.044160,3.012412;3.020516;3.027484,1.697271;1.626039;1.617179,,multiprocessing,2026-10-03T20:01:33+00:00
W4-00743,W4,n2-standard-4,Windows,2022Server,AMD64,Intel(R) Xeon(R) CPU @ 2.80GHz,intel,4,2,2800,17.2,3.14.6,CPython,1,spawn,2.5.3,algo_rec,algo_flood_fill,12,1789,0.8,seconds,normal,335,1811,4,4,3,10,0,0,0.004676290909132645,1.0,0.497515173809244,0.0012616836851063534,1.1117620546061426,0.0,0.09604919999947015,0.00037349999911384657,0.18915170000036596,1.3561349999999948,1.4049689000003127,0.7794063000001188,1.346612;1.356135;1.380279,1.404969;1.409948;1.401789,0.779406;0.779065;0.796599,,multiprocessing,2026-10-03T20:01:44+00:00
W4-00744,W4,n2-standard-4,Windows,2022Server,AMD64,Intel(R) Xeon(R) CPU @ 2.80GHz,intel,4,2,2800,17.2,3.14.6,CPython,1,spawn,2.5.3,db,db_mem_insert_select,18,523078,0.3,ms,big,181,523100,4,8,1,1,1,0,0.00010781333336732739,1.0,0.3432705074732245,2.6127102385058465,0.6732136670315012,0.0,0.01781349999964732,0.006023799997819879,0.31605469999976776,0.019431400000030408,0.03133770000022196,0.22233710000000428,0.018347;0.019431;0.021748,0.030968;0.032150;0.031338,0.222337,,sequential,2026-10-03T20:01:46+00:00
W4-00745,W4,n2-standard-4,Windows,2022Server,AMD64,Intel(R) Xeon(R) CPU @ 2.80GHz,intel,4,2,2800,17.2,3.14.6,CPython,1,spawn,2.5.3,io,io_file_roundtrip,3,309,0.8,ms,normal,8,331,4,8,1,0,1,0,0.011790399999881629,0.10397635566846927,0.18504876868221257,0.0009555796801695912,0.9825571767973873,1.6,0.06711950000044453,0.0002734000008786097,0.31605469999976776,0.05655139999998937,0.017451100000471342,0.0172629999997298,0.056551;0.059575;0.048935,0.017771;0.015826;0.017451,0.018124;0.017263;0.015208,,multiprocessing,2026-10-03T20:01:47+00:00
W4-00746,W4,n2-standard-4,Windows,2022Server,AMD64,Intel(R) Xeon(R) CPU @ 2.80GHz,intel,4,2,2800,17.2,3.14.6,CPython,1,spawn,2.5.3,recursive,rec_quicksort,81,1629,0.8,seconds,normal,5427,1651,4,8,1,8,0,0,7.271547448218259e-05,1.0,0.5119876748385951,0.06009725041194898,0.9336436553163109,0.0,0.10528890000023239,0.001729799980239477,0.31605469999976776,0.3969720999994024,0.4160518000007869,0.21448880000025383,0.419167;0.396972;0.394995,0.416052;0.455342;0.412367,0.215876;0.213119;0.214489,,multiprocessing,2026-10-03T20:01:50+00:00
W4-00747,W4,n2-standard-4,Windows,2022Server,AMD64,Intel(R) Xeon(R) CPU @ 2.80GHz,intel,4,2,2800,17.2,3.14.6,CPython,1,spawn,2.5.3,text,text_regex_findall,2,139,0.8,seconds,normal,61841,158,4,8,1,1,0,0,1.497244999563918e-05,1.0,0.40688284120093077,0.2648197217470541,0.9508790495186232,0.0,0.06570080000074086,0.0033100000091508264,0.31605469999976776,0.9207679999999527,0.9535297000002174,0.5814576000002489,0.952170;0.920768;0.916002,0.950359;0.953530;0.957758,0.583277;0.573371;0.581458,,multiprocessing,2026-10-03T20:01:58+00:00
W4-00748,W4,n2-standard-4,Windows,2022Server,AMD64,Intel(R) Xeon(R) CPU @ 2.80GHz,intel,4,2,2800,17.2,3.14.6,CPython,1,spawn,2.5.3,db,db_mem_insert_select,257,279,0.3,ms,normal,95,301.55,4,4,1,1,1,0,0.0002953913043434706,1.0,0.20143931803134824,0.0124749776190509,0.6376669734546804,0.0,0.0175279999994018,0.00037169999995967373,0.18915170000036596,0.028636099999857834,0.0632949999999255,0.0159708999999566,0.030124;0.028136;0.028636,0.062118;0.064896;0.063295,0.015971;0.016396;0.015957,,multiprocessing,2026-10-03T20:01:59+00:00
W4-00749,W4,n2-standard-4,Windows,2022Server,AMD64,Intel(R) Xeon(R) CPU @ 2.80GHz,intel,4,2,2800,17.2,3.14.6,CPython,1,spawn,2.5.3,algo_rec,algo_sudoku,1,1069660,0.8,ms,big,8,1069682,4,2,3,28,0,0,0.02149849999993118,1.0,1.3873337330555846,0.03549239867849147,0.22779840363771245,0.0,0.07254449999982171,0.002591999999822292,0.15308379999987665,0.07102589999976772,0.07119079999938549,0.07229610000013054,0.071026;0.071415;0.068692,0.069479;0.071696;0.071191,0.072988;0.072296;0.066723,,sequential,2026-10-03T20:02:00+00:00
W4-00750,W4,n2-standard-4,Windows,2022Server,AMD64,Intel(R) Xeon(R) CPU @ 2.80GHz,intel,4,2,2800,17.2,3.14.6,CPython,1,spawn,2.5.3,algo_rec,algo_merge_sort,79,376,0.8,ms,normal,159,398,4,2,1,10,0,0,0.00010726666662846513,1.0,0.5410332367170433,0.09080174105305218,0.8304656170826499,0.0,0.011102699999355536,0.001815800000258605,0.15308379999987665,0.017384100000526814,0.017638000000260945,0.019223600000259466,0.016674;0.017469;0.017384,0.017455;0.018028;0.017638,0.019345;0.019224;0.010606,,sequential,2026-10-03T20:02:01+00:00
W4-00751,W4,n2-standard-4,Windows,2022Server,AMD64,Intel(R) Xeon(R) CPU @ 2.80GHz,intel,4,2,2800,17.2,3.14.6,CPython,1,spawn,2.5.3,mixed,mixed_json_roundtrip,427,606,0.8,ms,normal,8,628.6666666666666,4,4,1,1,1,0,0.00857963333328371,0.8944126895078812,0.17031459284993847,0.0011383547967715511,0.5812190178544802,0.0,0.07518419999996695,0.00024219999977503903,0.18915170000036596,0.09696789999998146,0.09483890000046813,0.057564100000490726,0.095924;0.097508;0.096968,0.093693;0.095315;0.094839,0.057782;0.054768;0.057564,,multiprocessing,2026-10-03T20:02:03+00:00
W4-00752,W4,n2-standard-4,Windows,2022Server,AMD64,Intel(R) Xeon(R) CPU @ 2.80GHz,intel,4,2,2800,17.2,3.14.6,CPython,1,spawn,2.5.3,cpu,cpu_collatz,36,1418,0.8,ms,normal,103,1440,4,2,2,5,0,0,4.5700000082433686e-05,1.0,0.6479135026242079,0.0998905870313203,0.623673389225992,0.0,0.0034386000006634276,0.0003406999985600123,0.15308379999987665,0.004842299999836541,0.005156499999429798,0.005321700000422425,0.004638;0.005148;0.004842,0.005195;0.005156;0.005109,0.003427;0.005322;0.005766,,sequential,2026-10-03T20:02:03+00:00
W4-00753,W4,n2-standard-4,Windows,2022Server,AMD64,Intel(R) Xeon(R) CPU @ 2.80GHz,intel,4,2,2800,17.2,3.14.6,CPython,1,spawn,2.5.3,cpu,cpu_sum_squares,25020,1794,0.8,ms,normal,33,1817,4,8,1,2,0,0,0.0014134750000494023,1.0,0.3443230110091564,0.005049611937432364,0.7792715501856808,0.0,0.02720789999966655,0.0002755999994406011,0.31605469999976776,0.045351599999776226,0.04542929999934131,0.027695800000401505,0.045352;0.043438;0.045587,0.046120;0.045429;0.045429,0.027696;0.027082;0.028312,,multiprocessing,2026-10-03T20:02:04+00:00
W4-00754,W4,n2-standard-4,Windows,2022Server,AMD64,Intel(R) Xeon(R) CPU @ 2.80GHz,intel,4,2,2800,17.2,3.14.6,CPython,1,spawn,2.5.3,cpu,cpu_sum_squares,550,26,0.8,ms,normal,542,45.85,4,4,1,2,0,0,2.2607407394119676e-05,1.0,0.474316074719429,0.18423165230162003,0.8164718258203764,0.0,0.0074540999994496815,0.0005181000014999881,0.18915170000036596,0.01274959999955172,0.012847299999521056,0.008639200000288838,0.012750;0.012630;0.012802,0.012847;0.012815;0.013041,0.008462;0.008639;0.009186,,multiprocessing,2026-10-03T20:02:05+00:00
W4-00755,W4,n2-standard-4,Windows,2022Server,AMD64,Intel(R) Xeon(R) CPU @ 2.80GHz,intel,4,2,2800,17.2,3.14.6,CPython,1,spawn,2.5.3,numpy,np_elementwise,180152,163,0.0,seconds,normal,407,185,4,2,0,4,0,0,0.008716066666541641,0.9827703203362996,0.03644340255632601,0.0008929868800832785,1.6799329535269156,0.0,0.08388689999992494,0.00036890000137645984,0.15308379999987665,3.6365896000006614,2.1332315999998173,2.0623395000002347,3.592790;3.636590;3.905567,2.133232;2.120924;2.677749,2.062340;2.058290;2.481662,,multiprocessing,2026-10-03T20:02:30+00:00
W4-00756,W4,n2-standard-4,Windows,2022Server,AMD64,Intel(R) Xeon(R) CPU @ 2.80GHz,intel,4,2,2800,17.2,3.14.6,CPython,1,spawn,2.5.3,numpy,np_sort,990254,566,0.0,seconds,normal,166,591,4,2,0,3,0,1,0.04860990000027717,0.9820383846663874,0.0714629508511327,0.00024412036811664466,0.9686377182698835,25.8,0.2891466999999466,0.0002899999990404467,0.15308379999987665,7.387318300000516,4.143500499999391,4.220793800000138,7.541085;7.361306;7.387318,4.064562;4.143500;4.199184,4.335343;4.220794;4.106448,,threading,2026-10-03T20:03:18+00:00
W4-00757,W4,n2-standard-4,Windows,2022Server,AMD64,Intel(R) Xeon(R) CPU @ 2.80GHz,intel,4,2,2800,17.2,3.14.6,CPython,1,spawn,2.5.3,gil_release,gil_bz2,11,300000,0.8,seconds,big,324,300022,4,8,0,1,0,1,0.00197407307685073,1.0,0.3082762060146119,0.030057144669944948,1.9049219507306212,2.3,0.0796929000007367,0.0015726000028735143,0.31605469999976776,0.6507060000003548,0.29779749999943306,0.3931330000004891,0.650706;0.647449;0.653534,0.295831;0.303023;0.297797,0.399042;0.393133;0.392375,,threading,2026-10-03T20:03:23+00:00
W4-00758,W4,n2-standard-4,Windows,2022Server,AMD64,Intel(R) Xeon(R) CPU @ 2.80GHz,intel,4,2,2800,17.2,3.14.6,CPython,1,spawn,2.5.3,recursive,rec_fib,889,19,0.3,seconds,normal,10551,39,4,4,0,4,0,0,7.220782609310581e-05,1.0,0.23005808205919517,0.05456472053699861,0.9386267472053529,0.0,0.10539340000013908,0.002061999995930819,0.18915170000036596,0.7615627999994103,0.783454399999755,0.46374140000079933,0.759922;0.769193;0.761563,0.783454;0.781094;0.788485,0.464895;0.461744;0.463741,,multiprocessing,2026-10-03T20:03:30+00:00
W4-00759,W4,n2-standard-4,Windows,2022Server,AMD64,Intel(R) Xeon(R) CPU @ 2.80GHz,intel,4,2,2800,17.2,3.14.6,CPython,1,spawn,2.5.3,big_payload,big_checksum_head,1157,435893,0.8,ms,big,458,435915.9,4,4,1,1,0,0,2.642719299042814e-05,1.0,0.4922856710359404,3.182328143368602,0.7086799425780074,0.0,0.009513399999377725,0.0021448999978019856,0.18915170000036596,0.013083499999993364,0.014174600000842474,0.5629352999994808,0.013083;0.013514;0.013044,0.014175;0.014384;0.013791,0.562935,,sequential,2026-10-03T20:03:31+00:00
W4-00760,W4,n2-standard-4,Windows,2022Server,AMD64,Intel(R) Xeon(R) CPU @ 2.80GHz,intel,4,2,2800,17.2,3.14.6,CPython,1,spawn,2.5.3,mixed,mixed_compute_then_sleep,1304,295852,0.8,ms,big,20,295875,4,2,1,3,1,0,0.0005594400001427858,0.13538164272965417,0.7592813206736808,0.1149006144917779,1.0081060789761536,7.0,0.0068656000003102235,0.0005937999994785059,0.15308379999987665,0.01934339999934309,0.010234999999738648,0.013129999999364372,0.019343;0.017399;0.019408,0.009308;0.010876;0.010235,0.013271;0.013130;0.010869,,threading,2026-10-03T20:03:32+00:00
W4-00761,W4,n2-standard-4,Windows,2022Server,AMD64,Intel(R) Xeon(R) CPU @ 2.80GHz,intel,4,2,2800,17.2,3.14.6,CPython,1,spawn,2.5.3,numpy,np_linalg_solve,220,667,0.3,ms,normal,30,689.2857142857143,4,2,0,3,0,1,0.001464742857154176,0.9999052332252276,0.16207648824923704,0.0073050365721229775,1.1929236182309562,26.6,0.01963620000060473,0.00046290000045701163,0.15308379999987665,0.039971399999558344,0.03828530000009778,0.02531100000032893,0.036627;0.044503;0.039971,0.040000;0.037319;0.038285,0.025311;0.024294;0.029041,,multiprocessing,2026-10-03T20:03:33+00:00
W4-00762,W4,n2-standard-4,Windows,2022Server,AMD64,Intel(R) Xeon(R) CPU @ 2.80GHz,intel,4,2,2800,17.2,3.14.6,CPython,1,spawn,2.5.3,gil_release,gil_sha256,69,17822,0.8,ms,normal,8,17844,4,8,1,1,0,1,0.002984166666768336,0.9470616866818606,0.5184147766467925,0.008042446325077817,2.000449046732893,10.9,0.015059299999848008,0.0003372999999555759,0.31605469999976776,0.02444199999990815,0.011129200000141282,0.012895200000457407,0.036173;0.024442;0.022460,0.011447;0.010858;0.011129,0.013524;0.012895;0.011504,,threading,2026-10-03T20:03:34+00:00
W4-00763,W4,n2-standard-4,Windows,2022Server,AMD64,Intel(R) Xeon(R) CPU @ 2.80GHz,intel,4,2,2800,17.2,3.14.6,CPython,1,spawn,2.5.3,recursive,rec_tree_sum,55025,1964,0.0,ms,normal,8,1987,4,4,0,4,0,0,0.030104500000258366,0.9740967373580987,0.15073385846395457,0.00044511618431429046,0.9654268071597218,23.5,0.1772145000004457,0.0011114999997516861,0.18915170000036596,0.21394629999940662,0.20113089999995282,0.09330709999994724,0.213946;0.196488;0.230165,0.201131;0.192998;0.212634,0.098122;0.085425;0.093307,,multiprocessing,2026-10-03T20:03:36+00:00
W4-00764,W4,n2-standard-4,Windows,2022Server,AMD64,Intel(R) Xeon(R) CPU @ 2.80GHz,intel,4,2,2800,17.2,3.14.6,CPython,1,spawn,2.5.3,cpu,cpu_count_primes,9229,19,0.8,seconds,normal,180,39,4,2,2,4,0,0,0.00870065000011285,0.9509754369865593,0.35858658814431654,0.000875413498527673,1.131316079879974,16.4,0.10436329999993177,0.0012020999993183068,0.15308379999987665,1.0944374000000607,1.1322393000000375,0.7237508999996862,1.182395;1.094437;1.080707,1.228130;1.132239;1.125560,0.977514;0.586137;0.723751,,multiprocessing,2026-10-03T20:03:46+00:00
W4-00765,W4,n2-standard-4,Windows,2022Server,AMD64,Intel(R) Xeon(R) CPU @ 2.80GHz,intel,4,2,2800,17.2,3.14.6,CPython,1,spawn,2.5.3,big_result,result_matrix_lists,20,23,0.3,ms,normal,209,42,4,4,2,5,0,0,4.185000008104768e-05,1.0,0.38426821482735196,0.47956989003475614,0.6871981511538059,0.0,0.0061321000002863,0.0007488999963243259,0.18915170000036596,0.009837300000071991,0.010115099999893573,0.00857220000034431,0.010879;0.009727;0.009837,0.010115;0.009905;0.010165,0.008654;0.008572;0.008327,,multiprocessing,2026-10-03T20:03:47+00:00
W4-00766,W4,n2-standard-4,Windows,2022Server,AMD64,Intel(R) Xeon(R) CPU @ 2.80GHz,intel,4,2,2800,17.2,3.14.6,CPython,1,spawn,2.5.3,numpy,np_sort,3826,1608,0.0,seconds,normal,38832,1631,4,4,0,3,0,1,0.00016524933775542274,1.0,0.046688330424243404,0.0271408038541766,1.5833672423739462,0.0,0.08258569999998144,0.0009999999983847374,0.18915170000036596,6.4569848000001,4.708960500000103,3.6559111999995366,6.374478;6.728737;6.456985,4.783772;4.708961;4.681241,3.655911;3.649088;3.674127,,multiprocessing,2026-10-03T20:04:32+00:00
W4-00767,W4,n2-standard-4,Windows,2022Server,AMD64,Intel(R) Xeon(R) CPU @ 2.80GHz,intel,4,2,2800,17.2,3.14.6,CPython,1,spawn,2.5.3,recursive,rec_quicksort,1242,255644,0.0,ms,big,11,255667,4,8,1,8,0,0,0.0021585000001020185,1.0,0.03811383188071689,0.07821789816229213,0.9855564610755019,24.2,0.01393980000011652,0.0007643999997526407,0.31605469999976776,0.019855399999869405,0.021310200000698387,0.014004199999362754,0.018387;0.019855;0.029977,0.018650;0.021310;0.021387,0.014004;0.012072;0.014982,,multiprocessing,2026-10-03T20:04:33+00:00
W4-00768,W4,n2-standard-4,Windows,2022Server,AMD64,Intel(R) Xeon(R) CPU @ 2.80GHz,intel,4,2,2800,17.2,3.14.6,CPython,1,spawn,2.5.3,cpu,cpu_sum_squares,1847,483,0.8,ms,normal,1265,506,4,4,1,2,0,0,0.00010141202535377016,0.9428430568481739,0.5762637829959251,0.06803926799746113,1.0423060706678726,25.0,0.06413889999930689,0.0010585999880277086,0.18915170000036596,0.12734739999996236,0.11897140000019135,0.07195520000004763,0.128673;0.127347;0.109249,0.118971;0.114445;0.122342,0.068956;0.071955;0.081798,,multiprocessing,2026-10-03T20:04:35+00:00
W4-00769,W4,n2-standard-4,Windows,2022Server,AMD64,Intel(R) Xeon(R) CPU @ 2.80GHz,intel,4,2,2800,17.2,3.14.6,CPython,1,spawn,2.5.3,mixed,mixed_parse_lines,1,5134,0.8,ms,normal,106,5156,4,8,2,3,1,0,0.0010434192307422143,0.30545663502072246,0.2431336877001074,0.005505936516003645,1.5979267190111726,27.3,0.0453760999998849,0.0013477000002239947,0.31605469999976776,0.10383340000043972,0.043940399999883084,0.023537399999440822,0.111155;0.099899;0.103833,0.044357;0.043940;0.040033,0.029005;0.023450;0.023537,,multiprocessing,2026-10-03T20:04:36+00:00
W4-00770,W4,n2-standard-4,Windows,2022Server,AMD64,Intel(R) Xeon(R) CPU @ 2.80GHz,intel,4,2,2800,17.2,3.14.6,CPython,1,spawn,2.5.3,text,text_format_report,13,1849786,0.0,seconds,big,108,1849808,4,2,1,2,0,0,2.145185192569409e-05,0.9645303404935346,0.43837675993430547,46.61998430448003,0.5379850322521578,21.2,0.022129900000436464,0.020408299998052826,0.15308379999987665,0.002333800000087649,0.0027534999999261345,0.506051600000319,0.001937;0.002527;0.002334,0.002753;0.002899;0.002615,0.506052,,sequential,2026-10-03T20:04:38+00:00
W4-00771,W4,n2-standard-4,Windows,2022Server,AMD64,Intel(R) Xeon(R) CPU @ 2.80GHz,intel,4,2,2800,17.2,3.14.6,CPython,1,spawn,2.5.3,big_result,result_records,747,538,0.3,ms,normal,35,561,4,8,1,2,0,0,0.0003123124997728155,1.0,0.20688111773703766,1.4379027427098638,0.8474746745615621,28.9,0.009676499999841326,0.004330100001425308,0.31605469999976776,0.01241420000042126,0.012790599999789265,0.019431500000791857,0.012414;0.014056;0.012172,0.020361;0.012611;0.012791,0.019078;0.019432;0.020399,,sequential,2026-10-03T20:04:39+00:00
W4-00772,W4,n2-standard-4,Windows,2022Server,AMD64,Intel(R) Xeon(R) CPU @ 2.80GHz,intel,4,2,2800,17.2,3.14.6,CPython,1,spawn,2.5.3,numpy,np_linalg_solve,336,146746,0.3,seconds,big,57,146769,4,8,0,3,0,1,0.003946546153901391,1.0,0.30405657738178166,0.01043950798361965,0.8729810171141325,23.5,0.11216369999965536,0.0008818999986033305,0.31605469999976776,0.22749149999981455,0.19283730000006472,0.10473490000003949,0.227595;0.227491;0.221764,0.198460;0.192837;0.188985,0.104782;0.104735;0.097350,,multiprocessing,2026-10-03T20:04:41+00:00
W4-00773,W4,n2-standard-4,Windows,2022Server,AMD64,Intel(R) Xeon(R) CPU @ 2.80GHz,intel,4,2,2800,17.2,3.14.6,CPython,1,spawn,2.5.3,gil_release,gil_zlib,6,276062,0.8,seconds,big,90,276084,4,4,1,1,0,1,0.0488920666669704,1.0,0.13848737899170327,0.0020357767650723895,1.4364869149624495,13.6,0.2542225999995935,0.0005503999982465757,0.18915170000036596,4.0082516000002215,1.467563700000028,1.5126443999997718,4.008252;3.979977;4.030044,1.454152;1.467564;1.469129,1.512644;1.486004;1.523730,,threading,2026-10-03T20:05:03+00:00
W4-00774,W4,n2-standard-4,Windows,2022Server,AMD64,Intel(R) Xeon(R) CPU @ 2.80GHz,intel,4,2,2800,17.2,3.14.6,CPython,1,spawn,2.5.3,cpu,cpu_matmul_lists,29,1722,0.0,seconds,normal,604,1744,4,2,3,5,0,0,0.0012733775000242531,1.0,0.017362173480857498,0.0038048418215676076,0.9464370549769334,0.0,0.10519949999979872,0.00043449999884614954,0.15308379999987665,0.7755079000007754,0.7885283999994499,0.4463221000005433,0.761894;0.775508;0.797306,0.792575;0.788528;0.787106,0.446322;0.456932;0.441404,,multiprocessing,2026-10-03T20:05:10+00:00
W4-00775,W4,n2-standard-4,Windows,2022Server,AMD64,Intel(R) Xeon(R) CPU @ 2.80GHz,intel,4,2,2800,17.2,3.14.6,CPython,1,spawn,2.5.3,algo_iter,algo_game_of_life,15,819285,0.0,ms,big,8,819307,4,4,5,9,0,0,0.0201251666664272,1.0,0.0017361431954448171,0.023748043481110048,0.9579936220873616,0.0,0.12529089999952703,0.0017416000000594067,0.18915170000036596,0.16462359999968612,0.1666852000007566,0.09387219999916852,0.159238;0.164624;0.166345,0.166620;0.166685;0.167355,0.093331;0.095080;0.093872,,multiprocessing,2026-10-03T20:05:12+00:00
W4-00776,W4,n2-standard-4,Windows,2022Server,AMD64,Intel(R) Xeon(R) CPU @ 2.80GHz,intel,4,2,2800,17.2,3.14.6,CPython,1,spawn,2.5.3,big_result,result_sorted_pairs,1183,695179,0.0,seconds,big,287,695202,4,8,1,4,0,0,0.0004326507041824557,1.0,0.1440218125127352,1.6253873925616744,0.7275680759629339,1.5,0.08798839999963093,0.01510110000253917,0.31605469999976776,0.1473031000004994,0.15285510000012437,0.5724983999998585,0.145732;0.147303;0.150359,0.159809;0.152855;0.145254,0.571982;0.572498;0.586209,,sequential,2026-10-03T20:05:16+00:00
W4-00777,W4,n2-standard-4,Windows,2022Server,AMD64,Intel(R) Xeon(R) CPU @ 2.80GHz,intel,4,2,2800,17.2,3.14.6,CPython,1,spawn,2.5.3,recursive,rec_fib,322,352,0.0,seconds,normal,48098,375,4,8,0,4,0,0,2.4409199985711893e-05,1.0,0.2697311252965877,0.18087442127533393,0.9414276604855635,10.9,0.10504200000013952,0.0033745000291673932,0.31605469999976776,1.1768854000001738,1.2331111000003148,0.7181108999993739,1.210785;1.174286;1.176885,1.233111;1.231513;1.235898,0.733419;0.718111;0.716123,,multiprocessing,2026-10-03T20:05:26+00:00
W4-00778,W4,n2-standard-4,Windows,2022Server,AMD64,Intel(R) Xeon(R) CPU @ 2.80GHz,intel,4,2,2800,17.2,3.14.6,CPython,1,spawn,2.5.3,gil_release,gil_bz2,3,300000,0.0,seconds,big,666,300022,4,8,0,1,0,1,0.0009437735849167198,1.0,0.02025254982982507,0.07021811278036867,1.6826499703307112,0.0,0.08156039999994391,0.0017592999993212288,0.31605469999976776,0.6291839000004984,0.27423840000028576,0.6522465999996712,0.627605;0.629184;0.637010,0.271292;0.274238;0.275390,0.654876;0.652247;0.650325,,threading,2026-10-03T20:05:32+00:00
W4-00779,W4,n2-standard-4,Windows,2022Server,AMD64,Intel(R) Xeon(R) CPU @ 2.80GHz,intel,4,2,2800,17.2,3.14.6,CPython,1,spawn,2.5.3,algo_rec,algo_merge_sort,79,1395,0.3,seconds,normal,9232,1417,4,4,1,10,0,0,0.00010231581109297021,1.0,0.22980934228597388,0.12573814401067362,0.9272810350558214,1.5,0.1053317000005336,0.001467799997953989,0.18915170000036596,0.9926445999999487,1.00649599999997,0.578241700000035,0.992645;0.986180;1.010958,1.006379;1.006496;1.012661,0.594213;0.577004;0.578242,,multiprocessing,2026-10-03T20:05:40+00:00
W4-00780,W4,n2-standard-4,Windows,2022Server,AMD64,Intel(R) Xeon(R) CPU @ 2.80GHz,intel,4,2,2800,17.2,3.14.6,CPython,1,spawn,2.5.3,big_result,result_sorted_pairs,198,955,0.0,seconds,normal,100893,977,4,4,1,4,0,0,6.834519229709418e-05,1.0,4.239858143117923,0.6396207050444559,1.1127154024708423,0.0,0.09731709999960003,0.0024567000073147938,0.18915170000036596,8.060573899999326,8.227591800000482,8.159075999999914,8.060574;7.960707;8.648468,8.210585;8.454512;8.227592,7.917680;8.159076;8.508554,,sequential,2026-10-03T20:06:55+00:00
W4-00781,W4,n2-standard-4,Windows,2022Server,AMD64,Intel(R) Xeon(R) CPU @ 2.80GHz,intel,4,2,2800,17.2,3.14.6,CPython,1,spawn,2.5.3,algo_iter,algo_dijkstra,1798,781779,0.8,seconds,big,126,781802,4,2,2,15,0,0,0.0045564250000704005,1.0,0.3778356133970574,0.0849331804638321,0.8960563035956146,3.0,0.12270030000036058,0.0064262999994753045,0.15308379999987665,0.6316722000001391,0.6678729000004751,0.5364238000001933,0.609591;0.646171;0.631672,0.667873;0.673331;0.661743,0.536894;0.536424;0.524365,,multiprocessing,2026-10-03T20:07:02+00:00
W4-00782,W4,n2-standard-4,Windows,2022Server,AMD64,Intel(R) Xeon(R) CPU @ 2.80GHz,intel,4,2,2800,17.2,3.14.6,CPython,1,spawn,2.5.3,algo_iter,algo_edit_distance,10719,345,0.8,seconds,normal,329,368,4,8,2,16,0,0,0.001529369696899349,1.0,0.5444563099555468,0.0030927772884011416,0.7610444048569294,4.7,0.11696899999969901,0.0004549000013867044,0.31605469999976776,0.6233124000000316,0.6232548999996652,0.3455658000002586,0.623312;0.609926;0.630447,0.623255;0.619774;0.626155,0.344990;0.346811;0.345566,,multiprocessing,2026-10-03T20:07:07+00:00
W4-00783,W4,n2-standard-4,Windows,2022Server,AMD64,Intel(R) Xeon(R) CPU @ 2.80GHz,intel,4,2,2800,17.2,3.14.6,CPython,1,spawn,2.5.3,numpy,np_fft,563156,2300,0.0,ms,normal,8,2325,4,8,0,0,0,1,0.11670853333331858,0.9999862441445628,0.0017326779586514733,0.00012167062504800883,1.4398826467473418,0.8,0.5939037999996799,0.0002917000001616543,0.31605469999976776,0.9639144000002489,0.41688019999946846,0.4054143000003023,0.979519;0.963914;0.911893,0.415972;0.416880;0.450925,0.405414;0.417013;0.398195,,multiprocessing,2026-10-03T20:07:14+00:00
W4-00784,W4,n2-standard-4,Windows,2022Server,AMD64,Intel(R) Xeon(R) CPU @ 2.80GHz,intel,4,2,2800,17.2,3.14.6,CPython,1,spawn,2.5.3,cpu,cpu_matmul_lists,35,189,0.0,ms,normal,23,208,4,4,3,5,0,0,0.0022193000000697793,1.0,0.022523371391026812,0.004731221600601734,0.877628528078004,3.0,0.023961200000485405,0.0002855000002455199,0.18915170000036596,0.053303300000152376,0.053230900000016845,0.03250529999968421,0.050995;0.053892;0.053303,0.054247;0.052606;0.053231,0.032614;0.032505;0.031670,,multiprocessing,2026-10-03T20:07:15+00:00
W4-00785,W4,n2-standard-4,Windows,2022Server,AMD64,Intel(R) Xeon(R) CPU @ 2.80GHz,intel,4,2,2800,17.2,3.14.6,CPython,1,spawn,2.5.3,recursive,rec_fib,68068,65,0.3,ms,normal,8,85.66666666666667,4,2,0,4,0,0,0.005798700000013923,1.0,0.24411314781458912,0.002747742320105518,0.8608460414564783,0.0,0.0396270999999615,0.0002502999996067956,0.15308379999987665,0.05076710000048479,0.05110640000020794,0.027257200000349258,0.050767;0.050621;0.052704,0.051106;0.052575;0.050461,0.027713;0.026947;0.027257,,multiprocessing,2026-10-03T20:07:16+00:00
W4-00786,W4,n2-standard-4,Windows,2022Server,AMD64,Intel(R) Xeon(R) CPU @ 2.80GHz,intel,4,2,2800,17.2,3.14.6,CPython,1,spawn,2.5.3,algo_rec,algo_merge_sort,835,743848,0.8,seconds,big,242,743870.9,4,8,1,10,0,0,0.0014291085713661492,1.0,0.45729878700816584,0.2958837477205507,0.9225972023746786,0.0,0.11386489999949845,0.008883800001967757,0.31605469999976776,0.359718900000189,0.3840621999997893,0.5405521000002409,0.355340;0.359719;0.376111,0.386201;0.376930;0.384062,0.535615;0.540552;0.555929,,sequential,2026-10-03T20:07:21+00:00
W4-00787,W4,n2-standard-4,Windows,2022Server,AMD64,Intel(R) Xeon(R) CPU @ 2.80GHz,intel,4,2,2800,17.2,3.14.6,CPython,1,spawn,2.5.3,db,db_file_commit,1,228,0.8,seconds,normal,593,247,4,2,1,0,1,0,0.0063085500000852335,0.29397458925001396,0.07492951238278758,0.0012681202643049026,1.2402045660898444,1.6,0.09177569999974367,0.0013508999991245219,0.15308379999987665,4.064389300000585,2.2967838999993546,2.575292100000297,4.064389;4.078698;3.888941,2.179625;2.485760;2.296784,2.228313;2.575292;2.949201,,threading,2026-10-03T20:07:48+00:00
W4-00788,W4,n2-standard-4,Windows,2022Server,AMD64,Intel(R) Xeon(R) CPU @ 2.80GHz,intel,4,2,2800,17.2,3.14.6,CPython,1,spawn,2.5.3,mixed,mixed_json_roundtrip,2,1362,0.3,ms,normal,80,1384,4,8,1,1,1,0,0.000142860000141809,0.5491187532290394,0.1203048472389982,0.030694385841175956,0.7144599709650928,0.0,0.007206700000097044,0.000371599997379235,0.31605469999976776,0.00883460000022751,0.009488800000326592,0.005161500000212982,0.009568;0.008835;0.008788,0.009676;0.009256;0.009489,0.005602;0.004966;0.005162,,multiprocessing,2026-10-03T20:07:49+00:00
W4-00789,W4,n2-standard-4,Windows,2022Server,AMD64,Intel(R) Xeon(R) CPU @ 2.80GHz,intel,4,2,2800,17.2,3.14.6,CPython,1,spawn,2.5.3,gil_release,gil_bz2,16,300000,0.8,seconds,big,594,300022,4,4,0,1,0,1,0.002354127272817343,0.999532395115743,0.2810818147292068,0.025826980845498424,1.6727742214877837,0.0,0.08471620000000257,0.0015939999984766473,0.18915170000036596,1.4988539999994828,0.6979735000004439,0.9014269000008426,1.481084;1.498854;1.541011,0.694264;0.698497;0.697974,0.902917;0.891098;0.901427,,threading,2026-10-03T20:07:59+00:00
W4-00790,W4,n2-standard-4,Windows,2022Server,AMD64,Intel(R) Xeon(R) CPU @ 2.80GHz,intel,4,2,2800,17.2,3.14.6,CPython,1,spawn,2.5.3,algo_iter,algo_game_of_life,3,743,0.0,ms,normal,8,765,4,4,5,9,0,0,0.004246699999991203,1.0,0.005009224607361793,0.014882143808937449,0.9108457333236003,3.8,0.0271165000003748,0.00037260000044625485,0.18915170000036596,0.034566199999972014,0.03604259999974602,0.01971770000000106,0.035402;0.034470;0.034566,0.035208;0.036043;0.036241,0.019647;0.019718;0.019904,,multiprocessing,2026-10-03T20:08:00+00:00
W4-00791,W4,n2-standard-4,Windows,2022Server,AMD64,Intel(R) Xeon(R) CPU @ 2.80GHz,intel,4,2,2800,17.2,3.14.6,CPython,1,spawn,2.5.3,algo_rec,algo_flood_fill,1,1326,0.0,ms,normal,355,1348,4,4,3,10,0,0,0.0003334704545171586,1.0,0.6330731840616746,0.013719356228453968,0.8343132708865251,0.0,0.0654116999994585,0.0005288000020300387,0.18915170000036596,0.13124010000046837,0.12841159999970841,0.07201140000051964,0.131240;0.127462;0.131274,0.128412;0.127052;0.132315,0.073577;0.072011;0.071884,,multiprocessing,2026-10-03T20:08:02+00:00
W4-00792,W4,n2-standard-4,Windows,2022Server,AMD64,Intel(R) Xeon(R) CPU @ 2.80GHz,intel,4,2,2800,17.2,3.14.6,CPython,1,spawn,2.5.3,algo_rec,algo_lcs_memo,5,16,0.0,seconds,normal,61,35,4,2,1,10,0,0,0.005644355555583995,1.0,0.04663796307581363,0.0009842674439093889,0.9504794223164664,0.0,0.10462970000025962,0.0003194999999323045,0.15308379999987665,0.34259130000009463,0.3487158999996609,0.2734366000004229,0.342591;0.338546;0.351656,0.350208;0.347165;0.348716,0.273437;0.283885;0.180080,,multiprocessing,2026-10-03T20:08:05+00:00
W4-00793,W4,n2-standard-4,Windows,2022Server,AMD64,Intel(R) Xeon(R) CPU @ 2.80GHz,intel,4,2,2800,17.2,3.14.6,CPython,1,spawn,2.5.3,numpy,np_sort,2726,137,0.3,ms,normal,361,157,4,4,0,3,0,1,0.00012776000005235093,1.0,0.1979413823594441,0.032835003626263674,1.3845695127223856,0.0,0.020338299999821174,0.0005412999944383046,0.18915170000036596,0.04813240000021324,0.039050200000019686,0.027939900000092166,0.046723;0.048132;0.048637,0.038504;0.039978;0.039050,0.028732;0.027940;0.027918,,multiprocessing,2026-10-03T20:08:06+00:00
W4-00794,W4,n2-standard-4,Windows,2022Server,AMD64,Intel(R) Xeon(R) CPU @ 2.80GHz,intel,4,2,2800,17.2,3.14.6,CPython,1,spawn,2.5.3,algo_rec,algo_sudoku,3,57,0.0,ms,normal,25,76,4,4,3,28,0,0,0.0007600166662390014,1.0,0.2794884456685382,0.008355079734069844,0.36323595890361154,0.0,0.018146899999919697,0.0002449000021442771,0.18915170000036596,0.04830130000027566,0.049814900000455964,0.028757299999597308,0.047062;0.049307;0.048301,0.049489;0.049815;0.050006,0.029604;0.028710;0.028757,,multiprocessing,2026-10-03T20:08:07+00:00
W4-00795,W4,n2-standard-4,Windows,2022Server,AMD64,Intel(R) Xeon(R) CPU @ 2.80GHz,intel,4,2,2800,17.2,3.14.6,CPython,1,spawn,2.5.3,cpu,cpu_count_primes,3468,1801,0.0,seconds,normal,1591,1824,4,2,2,4,0,0,0.001527478787879359,1.0,0.010158317167976197,0.0031260663704512095,0.9432428677389262,0.0,0.10438479999993433,0.00042500000017753337,0.15308379999987665,2.4898441000004823,2.5154208000003564,1.40136960000018,2.481984;2.489844;2.507940,2.515421;2.513880;2.517866,1.659321;1.401370;1.359845,,multiprocessing,2026-10-03T20:08:27+00:00
W4-00796,W4,n2-standard-4,Windows,2022Server,AMD64,Intel(R) Xeon(R) CPU @ 2.80GHz,intel,4,2,2800,17.2,3.14.6,CPython,1,spawn,2.5.3,recursive,rec_tree_sum,647,350277,0.0,ms,big,230,350300,4,8,0,4,0,0,0.00023331228080598776,1.0,0.03396479224695335,0.32068607702911495,0.8970175419759712,0.0,0.030061700000260316,0.0018692999947234057,0.31605469999976776,0.05435829999987618,0.05749339999965741,0.20545750000019325,0.054358;0.055034;0.053558,0.056770;0.057955;0.057493,0.214825;0.195095;0.205458,,sequential,2026-10-03T20:08:29+00:00
W4-00797,W4,n2-standard-4,Windows,2022Server,AMD64,Intel(R) Xeon(R) CPU @ 2.80GHz,intel,4,2,2800,17.2,3.14.6,CPython,1,spawn,2.5.3,tiny,tiny_len,155,848463,0.0,ms,big,235,848485,4,2,0,0,0,0,4.689653874736215e-07,1.0,0.47053073835622505,842.5781745219166,0.03981488639871483,0.0,0.009073199999875214,0.008301400007439952,0.15308379999987665,4.839999928663019e-05,0.0004963000001225737,0.5864861999998539,0.000079;0.000048;0.000019,0.000496,0.586486,,sequential,2026-10-03T20:08:30+00:00
W4-00798,W4,n2-standard-4,Windows,2022Server,AMD64,Intel(R) Xeon(R) CPU @ 2.80GHz,intel,4,2,2800,17.2,3.14.6,CPython,1,spawn,2.5.3,mixed,mixed_compute_then_sleep,5289,133,0.0,seconds,normal,484,153,4,8,1,3,1,0,0.0009913117647538812,0.24459150084151307,0.07804290914234575,0.004130890039168757,1.9292489518650036,3.9,0.07722969999940688,0.0004938999963997048,0.31605469999976776,0.4728724999995393,0.14498180000009597,0.09369969999988825,0.472872,0.146913;0.144982;0.144960,0.094906;0.092822;0.093700,,multiprocessing,2026-10-03T20:08:32+00:00
W4-00799,W4,n2-standard-4,Windows,2022Server,AMD64,Intel(R) Xeon(R) CPU @ 2.80GHz,intel,4,2,2800,17.2,3.14.6,CPython,1,spawn,2.5.3,algo_rec,algo_flood_fill,2,283,0.3,ms,normal,74,305,4,4,3,10,0,0,0.0007112499999190428,1.0,0.514502839021991,0.006436242770810323,0.8929716475934966,0.0,0.027792199999566947,0.00040050000097835436,0.18915170000036596,0.04997610000009445,0.05178799999976036,0.029208899999503046,0.051957;0.049976;0.048505,0.051788;0.050741;0.052864,0.029136;0.029209;0.029837,,multiprocessing,2026-10-03T20:08:33+00:00
W4-00800,W4,n2-standard-4,Windows,2022Server,AMD64,Intel(R) Xeon(R) CPU @ 2.80GHz,intel,4,2,2800,17.2,3.14.6,CPython,1,spawn,2.5.3,io,io_file_roundtrip,4,14630,0.3,seconds,normal,50,14652,4,4,1,0,1,0,0.02904786666658765,0.09696415537144717,0.1545187355045917,0.00047622543236608113,1.2836405963405246,0.0,0.15126429999963875,0.00026559999969322234,0.18915170000036596,1.6748381000006702,0.5922216999997545,0.5974649999998292,1.652052;1.747970;1.674838,0.785515;0.592222;0.579194,0.597465;0.598691;0.563898,,threading,2026-10-03T20:08:43+00:00
W4-00801,W4,n2-standard-4,Windows,2022Server,AMD64,Intel(R) Xeon(R) CPU @ 2.80GHz,intel,4,2,2800,17.2,3.14.6,CPython,1,spawn,2.5.3,big_result,result_matrix_lists,73,159393,0.0,seconds,big,1012,159415,4,2,2,5,0,0,0.0006019578313389063,1.0,0.15013941879006498,0.3721273954174339,0.6853384511650031,0.0,0.12790660000064236,0.004929299999275827,0.15308379999987665,0.662228000000141,0.68225959999927,0.8142232000000149,0.666672;0.662228;0.644745,0.663149;0.682260;0.688468,0.856532;0.814223;0.800515,,sequential,2026-10-03T20:08:50+00:00
W4-00802,W4,n2-standard-4,Windows,2022Server,AMD64,Intel(R) Xeon(R) CPU @ 2.80GHz,intel,4,2,2800,17.2,3.14.6,CPython,1,spawn,2.5.3,big_result,result_records,16283,75,0.8,seconds,normal,26,95,4,8,1,2,0,0,0.006326266666898543,1.0,0.5562002421053387,1.5758952093576701,1.5008002948598713,0.0,0.12527599999975791,0.06010169999808568,0.31605469999976776,0.2404820000001564,0.2076141000006828,0.23410520000015822,0.267744;0.240482;0.213116,0.207614;0.206221;0.248409,0.249803;0.231094;0.234105,,threading,2026-10-03T20:08:53+00:00
W4-00803,W4,n2-standard-4,Windows,2022Server,AMD64,Intel(R) Xeon(R) CPU @ 2.80GHz,intel,4,2,2800,17.2,3.14.6,CPython,1,spawn,2.5.3,algo_iter,algo_edit_distance,719,124922,0.0,ms,big,146,124945,4,2,2,16,0,0,0.0002204138888323036,1.0,0.04649907586968607,0.11494284728656119,0.8324092732670691,0.0,0.018329399999856832,0.0008338000016010483,0.15308379999987665,0.033507099999951606,0.03435189999981958,0.048740299999735726,0.032272;0.033507;0.034009,0.034653;0.034352;0.033554,0.050622;0.048740;0.048070,,sequential,2026-10-03T20:08:54+00:00
W4-00804,W4,n2-standard-4,Windows,2022Server,AMD64,Intel(R) Xeon(R) CPU @ 2.80GHz,intel,4,2,2800,17.2,3.14.6,CPython,1,spawn,2.5.3,big_payload,big_reverse,2,2709626,0.8,ms,big,73,2709648,4,2,0,0,0,0,0.0015962166666617526,0.9613332551141315,0.06392170669831533,1.775298535807468,0.9715741994751121,27.3,0.10991110000031767,0.05150610000055167,0.15308379999987665,0.13126480000028096,0.1340180999995937,0.7315607999998974,0.120829;0.131265;0.133422,0.177846;0.134018;0.130694,0.731561,,sequential,2026-10-03T20:08:57+00:00
W4-00805,W4,n2-standard-4,Windows,2022Server,AMD64,Intel(R) Xeon(R) CPU @ 2.80GHz,intel,4,2,2800,17.2,3.14.6,CPython,1,spawn,2.5.3,big_payload,big_upper_copy,2,121093,0.8,ms,big,1651,121115,4,8,0,0,0,0,9.320946601424685e-05,0.9682250104331038,0.2035926922781097,0.5993489979862774,0.9669108151807945,21.9,0.08138859999962733,0.002999300001647498,0.31605469999976776,0.18087259999992966,0.24240019999979268,0.9068187999996553,0.180873;0.181999;0.171818,0.265153;0.242400;0.183635,0.881107;0.932531,,sequential,2026-10-03T20:09:01+00:00
W4-00806,W4,n2-standard-4,Windows,2022Server,AMD64,Intel(R) Xeon(R) CPU @ 2.80GHz,intel,4,2,2800,17.2,3.14.6,CPython,1,spawn,2.5.3,mixed,mixed_hash_then_write,83889,10062,0.0,seconds,normal,259,10087,4,2,1,3,1,0,0.0009713603773185619,0.9930292599809172,0.2615279457503067,0.013697285303346024,0.9326047775863768,27.1,0.10755869999957213,0.0008394000024054549,0.15308379999987665,0.2560739000000467,0.26786140000058367,0.20103699999981473,0.283049;0.256074;0.245670,0.267861;0.264263;0.274491,0.201037;0.185630;0.202282,,multiprocessing,2026-10-03T20:09:04+00:00
W4-00807,W4,n2-standard-4,Windows,2022Server,AMD64,Intel(R) Xeon(R) CPU @ 2.80GHz,intel,4,2,2800,17.2,3.14.6,CPython,1,spawn,2.5.3,big_payload,big_count_byte,232,475265,0.8,seconds,big,420,475287.2,4,8,0,1,0,0,0.0002870085713636529,1.0,0.03791911680334664,0.38730550679928294,0.9372718085356339,0.8,0.0651917000004687,0.0027749000073526986,0.31605469999976776,0.12655720000020665,0.1235727000002953,0.5228969999998299,0.119657;0.126557;0.127603,0.122041;0.124746;0.123573,0.522897;0.518675;0.616875,,threading,2026-10-03T20:09:07+00:00
W4-00808,W4,n2-standard-4,Windows,2022Server,AMD64,Intel(R) Xeon(R) CPU @ 2.80GHz,intel,4,2,2800,17.2,3.14.6,CPython,1,spawn,2.5.3,numpy,np_linalg_solve,16,750,0.0,seconds,normal,56205,772,4,8,0,3,0,1,2.506028657223965e-05,1.0,0.15035793447220477,0.1761751606244472,0.46592134643894023,2.3,0.1585523000003377,0.0038259000384641695,0.31605469999976776,1.4025832999996055,3.3966378000004624,0.9795604999999341,1.402583;1.373120;1.413016,3.401192;3.362067;3.396638,0.979560;0.930640;0.981471,,multiprocessing,2026-10-03T20:09:26+00:00
W4-00809,W4,n2-standard-4,Windows,2022Server,AMD64,Intel(R) Xeon(R) CPU @ 2.80GHz,intel,4,2,2800,17.2,3.14.6,CPython,1,spawn,2.5.3,tiny,tiny_small_loop,172,132,0.3,ms,normal,15787,151,4,2,0,0,0,0,1.078300000699528e-06,1.0,0.49146989587956397,3.7698228526234416,0.7530334883151605,0.8,0.008984200000668352,0.0030510999995385646,0.15308379999987665,0.016542600000320817,0.01751819999935833,0.014175999999679334,0.016467;0.016543;0.016596,0.017469;0.017962;0.017518,0.015511;0.014176;0.014101,,multiprocessing,2026-10-03T20:09:26+00:00
W4-00810,W4,n2-standard-4,Windows,2022Server,AMD64,Intel(R) Xeon(R) CPU @ 2.80GHz,intel,4,2,2800,17.2,3.14.6,CPython,1,spawn,2.5.3,mixed,mixed_hash_then_write,1001,31860,0.8,seconds,normal,3173,31882.95,4,4,1,3,1,0,0.00029725595239445585,1.0,0.20393968944857815,0.04460802183255962,1.0124200860597163,0.0,0.10026969999944413,0.0010433999977976782,0.18915170000036596,1.001712199999929,0.7940212999992582,0.7794863999997688,1.025052;0.960301;1.001712,0.838032;0.771851;0.794021,0.776882;0.802439;0.779486,,multiprocessing,2026-10-03T20:09:35+00:00
W4-00811,W4,n2-standard-4,Windows,2022Server,AMD64,Intel(R) Xeon(R) CPU @ 2.80GHz,intel,4,2,2800,17.2,3.14.6,CPython,1,spawn,2.5.3,cpu,cpu_collatz,709,98,0.8,ms,normal,40,117.8,4,8,2,5,0,0,0.0029200099998888617,1.0,0.6269267699608357,0.002041088931123928,0.7490191981317333,0.0,0.07138419999955659,0.00030470000001514563,0.31605469999976776,0.13062579999950685,0.13075000000026193,0.07309480000003532,0.125567;0.131693;0.130626,0.128665;0.131854;0.130750,0.073095;0.074281;0.073092,,multiprocessing,2026-10-03T20:09:37+00:00
W4-00812,W4,n2-standard-4,Windows,2022Server,AMD64,Intel(R) Xeon(R) CPU @ 2.80GHz,intel,4,2,2800,17.2,3.14.6,CPython,1,spawn,2.5.3,algo_rec,algo_flood_fill,36,38,0.8,ms,normal,8,57,4,2,3,10,0,0,0.008617200000117009,1.0,0.8342312929487493,0.0012262297603400998,0.6432523936584419,0.0,0.07957660000010947,0.00025100000038946746,0.15308379999987665,0.11843900000076246,0.12309389999973064,0.10809919999974227,0.123572;0.117952;0.118439,0.122041;0.124525;0.123094,0.066617;0.108099;0.114935,,multiprocessing,2026-10-03T20:09:38+00:00
W4-00813,W4,n2-standard-4,Windows,2022Server,AMD64,Intel(R) Xeon(R) CPU @ 2.80GHz,intel,4,2,2800,17.2,3.14.6,CPython,1,spawn,2.5.3,cpu,cpu_collatz,166,1542,0.0,ms,normal,122,1564,4,8,2,5,0,0,0.0004623300000275776,1.0,0.00841797988983529,0.010306490923070845,0.8892353831866896,0.0,0.029935999999906926,0.00038269999913609354,0.31605469999976776,0.05731550000018615,0.05869499999971595,0.035180400000172085,0.056710;0.057316;0.058283,0.058695;0.058272;0.059093,0.035180;0.034429;0.035302,,multiprocessing,2026-10-03T20:09:39+00:00
W4-00814,W4,n2-standard-4,Windows,2022Server,AMD64,Intel(R) Xeon(R) CPU @ 2.80GHz,intel,4,2,2800,17.2,3.14.6,CPython,1,spawn,2.5.3,recursive,rec_nqueens,30,811198,0.3,seconds,big,243,811220,4,8,1,10,0,0,0.004298783333145669,1.0,0.19870757793471341,0.0989388469923075,0.8515165815521492,0.0,0.11581589999968855,0.005444300002636737,0.31605469999976776,1.109790299999986,1.141767200000686,0.7862370000002556,1.109790;1.152243;1.105573,1.135252;1.141767;1.159826,0.786237;0.760558;0.787945,,multiprocessing,2026-10-03T20:09:50+00:00
W4-00815,W4,n2-standard-4,Windows,2022Server,AMD64,Intel(R) Xeon(R) CPU @ 2.80GHz,intel,4,2,2800,17.2,3.14.6,CPython,1,spawn,2.5.3,cpu,cpu_matmul_lists,25,469,0.3,ms,normal,166,491,4,2,3,5,0,0,0.0008479585365465737,1.0,0.46054858360232503,0.005625274981925151,0.925968937795905,0.8,0.07339520000004995,0.0004104000017832732,0.15308379999987665,0.14348849999987578,0.14634720000049128,0.07724209999923914,0.141899;0.143833;0.143488,0.146347;0.144991;0.146433,0.077242;0.077359;0.077073,,multiprocessing,2026-10-03T20:09:51+00:00
W4-00816,W4,n2-standard-4,Windows,2022Server,AMD64,Intel(R) Xeon(R) CPU @ 2.80GHz,intel,4,2,2800,17.2,3.14.6,CPython,1,spawn,2.5.3,cpu,cpu_sum_squares,4885,1105290,0.0,seconds,big,180,1105313,4,8,1,2,0,0,0.00024030444443875847,1.0,0.014530324670142215,3.1409323369946676,0.8776765315388084,0.0,0.038746700000046985,0.015510200000790064,0.31605469999976776,0.04346519999944576,0.04507789999934175,0.5111095000002024,0.043406;0.043465;0.045605,0.044793;0.045078;0.046661,0.511110,,sequential,2026-10-03T20:09:53+00:00
W4-00817,W4,n2-standard-4,Windows,2022Server,AMD64,Intel(R) Xeon(R) CPU @ 2.80GHz,intel,4,2,2800,17.2,3.14.6,CPython,1,spawn,2.5.3,algo_iter,algo_dijkstra,5939,1543827,0.3,seconds,big,28,1543850,4,8,2,15,0,0,0.01465490000009595,1.0,0.2240464219609528,0.0645449644847231,0.5725314802175587,2.3,0.15349870000045485,0.004116299999623152,0.31605469999976776,0.5082208000003448,0.5401274000005287,0.29523599999993166,0.504009;0.508221;0.508448,0.540127;0.550939;0.515309,0.297112;0.295236;0.282132,,multiprocessing,2026-10-03T20:09:58+00:00
W4-00818,W4,n2-standard-4,Windows,2022Server,AMD64,Intel(R) Xeon(R) CPU @ 2.80GHz,intel,4,2,2800,17.2,3.14.6,CPython,1,spawn,2.5.3,gil_release,gil_numpy_matmul,34,42029,0.0,ms,normal,3204,42051,4,2,0,2,0,1,7.130532372920236e-05,0.9489624553984871,0.2772630472440491,0.2182165258645266,1.314778283812546,0.0,0.0894720000005691,0.002076700008728949,0.15308379999987665,0.23740989999987505,0.18603230000007898,0.5077142999998614,0.238851;0.215423;0.237410,0.214013;0.181188;0.186032,0.507714;0.503516;0.522738,,threading,2026-10-03T20:10:02+00:00
W4-00819,W4,n2-standard-4,Windows,2022Server,AMD64,Intel(R) Xeon(R) CPU @ 2.80GHz,intel,4,2,2800,17.2,3.14.6,CPython,1,spawn,2.5.3,numpy,np_elementwise,87141,103135,0.0,seconds,big,261,103169,4,2,0,4,0,0,0.0028424722222047828,1.0,0.11466302568044005,0.007896099788295296,1.5793486488288342,0.0,0.08348100000057457,0.0007332000013775541,0.15308379999987665,0.7204498999999487,0.3822192999996332,0.4861519000005501,0.720450;0.715905;0.750615,0.382219;0.393882;0.379006,0.504964;0.486152;0.448628,,threading,2026-10-03T20:10:07+00:00
W4-00820,W4,n2-standard-4,Windows,2022Server,AMD64,Intel(R) Xeon(R) CPU @ 2.80GHz,intel,4,2,2800,17.2,3.14.6,CPython,1,spawn,2.5.3,io,io_file_roundtrip,2,358,0.0,seconds,normal,198,380,4,4,1,0,1,0,0.009338400000009036,0.12290725713396475,0.10897795623611149,0.0007031897435362441,1.6154527305994166,0.0,0.09019460000035906,0.00028220000058354344,0.18915170000036596,1.8589041999994151,0.34631420000005164,0.3365891000003103,1.858904,0.335207;0.346314;0.353640,0.336589;0.329187;0.342044,,multiprocessing,2026-10-03T20:10:12+00:00
W4-00821,W4,n2-standard-4,Windows,2022Server,AMD64,Intel(R) Xeon(R) CPU @ 2.80GHz,intel,4,2,2800,17.2,3.14.6,CPython,1,spawn,2.5.3,text,text_csv_parse,9,219,0.3,ms,normal,172,238,4,4,2,3,0,0,0.001249156097467831,1.0,0.15073067511204508,0.0031741430036078357,0.9207712599148271,0.0,0.1074371999993673,0.00043990000267513096,0.18915170000036596,0.21633310000015626,0.2194934999997713,0.13503849999960948,0.224854;0.215906;0.216333,0.220478;0.219299;0.219493,0.135601;0.135038;0.134368,,multiprocessing,2026-10-03T20:10:14+00:00
W4-00822,W4,n2-standard-4,Windows,2022Server,AMD64,Intel(R) Xeon(R) CPU @ 2.80GHz,intel,4,2,2800,17.2,3.14.6,CPython,1,spawn,2.5.3,algo_iter,algo_game_of_life,12,1181,0.0,seconds,normal,31,1203,4,4,5,9,0,0,0.0160630000002584,1.0,0.005600432104238,0.003645022719782569,0.9559104315578987,0.0,0.13197889999992185,0.000468799998088798,0.18915170000036596,0.5015010000006441,0.515428200000315,0.27840500000002066,0.501501;0.502477;0.499955,0.516089;0.512430;0.515428,0.278979;0.278405;0.277402,,multiprocessing,2026-10-03T20:10:19+00:00
W4-00823,W4,n2-standard-4,Windows,2022Server,AMD64,Intel(R) Xeon(R) CPU @ 2.80GHz,intel,4,2,2800,17.2,3.14.6,CPython,1,spawn,2.5.3,recursive,rec_nqueens,3,622,0.0,seconds,normal,1833,644,4,8,1,10,0,0,0.00044882946427346075,1.0,0.02115118329779328,0.00956933582433762,0.9404267152143015,0.0,0.10431470000003173,0.0005338000019037281,0.31605469999976776,0.8203703000008318,0.851881599999615,0.4554936999993515,0.814636;0.857830;0.820370,0.850749;0.855073;0.851882,0.455494;0.457169;0.451923,,multiprocessing,2026-10-03T20:10:26+00:00
W4-00824,W4,n2-standard-4,Windows,2022Server,AMD64,Intel(R) Xeon(R) CPU @ 2.80GHz,intel,4,2,2800,17.2,3.14.6,CPython,1,spawn,2.5.3,gil_release,gil_numpy_matmul,312,3644,0.3,seconds,normal,2226,3666.85,4,4,0,2,0,1,0.0019372500001526743,1.0,0.4111769488551966,0.0030068396239890756,1.5824997822760851,0.8,0.08310309999978926,0.0005064999959358829,0.18915170000036596,3.6657741999997597,1.7594299000002138,1.7758832999998049,3.665774;3.645829;3.819280,1.763057;1.759430;1.737576,1.836302;1.775883;1.736118,,threading,2026-10-03T20:10:48+00:00
W4-00825,W4,n2-standard-4,Windows,2022Server,AMD64,Intel(R) Xeon(R) CPU @ 2.80GHz,intel,4,2,2800,17.2,3.14.6,CPython,1,spawn,2.5.3,gil_release,gil_sha256,12,10676,0.3,ms,normal,319,10698,4,4,1,1,0,1,0.00033269873420988606,1.0,0.15692050609536434,0.01828982050777064,1.078451689175145,8.3,0.05122919999939768,0.0005405999963841168,0.18915170000036596,0.10725890000048821,0.04909190000034869,0.05139779999990424,0.107259;0.107025;0.112912,0.049554;0.049092;0.048997,0.053221;0.051398;0.051056,,threading,2026-10-03T20:10:49+00:00
W4-00826,W4,n2-standard-4,Windows,2022Server,AMD64,Intel(R) Xeon(R) CPU @ 2.80GHz,intel,4,2,2800,17.2,3.14.6,CPython,1,spawn,2.5.3,big_payload,big_reverse,2,1196491,0.3,ms,big,17,1196513,4,2,0,0,0,0,0.0006770250001864042,1.0,0.022183401523627265,2.2788301753449094,0.7616126622752216,0.0,0.0127784000005704,0.006476100000327278,0.15308379999987665,0.012034000000312517,0.013273100000333216,0.060195199999725446,0.012859;0.012034;0.011958,0.013273;0.012917;0.013484,0.060195,,sequential,2026-10-03T20:10:50+00:00
W4-00827,W4,n2-standard-4,Windows,2022Server,AMD64,Intel(R) Xeon(R) CPU @ 2.80GHz,intel,4,2,2800,17.2,3.14.6,CPython,1,spawn,2.5.3,algo_iter,algo_dijkstra,1805,100434,0.0,ms,big,13,100457,4,2,2,15,0,0,0.00496600000011919,0.9516891363657923,0.07309238346296636,0.012739965098617606,0.6628852920492151,0.0,0.03669739999986632,0.00041650000002846355,0.15308379999987665,0.06233630000042467,0.063765500000045,0.041682699999910255,0.059695;0.069596;0.062336,0.074395;0.062511;0.063766,0.067050;0.034727;0.041683,,multiprocessing,2026-10-03T20:10:51+00:00
W4-00828,W4,n2-standard-4,Windows,2022Server,AMD64,Intel(R) Xeon(R) CPU @ 2.80GHz,intel,4,2,2800,17.2,3.14.6,CPython,1,spawn,2.5.3,big_payload,big_reverse,4,1820321,0.3,ms,big,109,1820343,4,4,0,0,0,0,0.000995496296194755,1.0,0.014537707080011541,1.912191946005488,0.9361544630151607,0.0,0.09421709999969607,0.03856290000203444,0.18915170000036596,0.1160107000005155,0.12113500000032218,0.6695996999997078,0.121801;0.116011;0.115273,0.119360;0.121137;0.121135,0.669600,,sequential,2026-10-03T20:10:54+00:00
W4-00829,W4,n2-standard-4,Windows,2022Server,AMD64,Intel(R) Xeon(R) CPU @ 2.80GHz,intel,4,2,2800,17.2,3.14.6,CPython,1,spawn,2.5.3,big_payload,big_checksum_head,8197,141085,0.8,ms,big,468,141108,4,8,1,1,0,0,0.00019787606841139047,1.0,0.4820983318667944,0.16068138059424192,0.9751765299110188,0.0,0.048128299999916635,0.0011483999960546498,0.31605469999976776,0.09214299999985087,0.0924723999996786,0.16005390000009356,0.092840;0.092143;0.090906,0.091836;0.093149;0.092472,0.180877;0.160054;0.157151,,sequential,2026-10-03T20:10:56+00:00
W4-00830,W4,n2-standard-4,Windows,2022Server,AMD64,Intel(R) Xeon(R) CPU @ 2.80GHz,intel,4,2,2800,17.2,3.14.6,CPython,1,spawn,2.5.3,mixed,mixed_json_roundtrip,439,258,0.3,seconds,normal,24,281,4,2,1,1,1,0,0.013019949999943492,0.9273678036692191,0.09337928617009514,0.0006240423367335646,0.9091650542281962,3.9,0.10748550000062096,0.00024400000074820127,0.15308379999987665,0.3215049000000363,0.31341359999987617,0.18915749999996478,0.321505;0.322088;0.319149,0.311017;0.315373;0.313414,0.189157;0.186978;0.194510,,multiprocessing,2026-10-03T20:10:59+00:00
W4-00831,W4,n2-standard-4,Windows,2022Server,AMD64,Intel(R) Xeon(R) CPU @ 2.80GHz,intel,4,2,2800,17.2,3.14.6,CPython,1,spawn,2.5.3,big_result,result_sorted_pairs,4078,734,0.3,seconds,normal,205,757,4,4,1,4,0,0,0.0019895230769249725,1.0,0.6171560219689671,0.60829402482575,1.0887663469446414,0.0,0.12363610000011249,0.02459759999965172,0.18915170000036596,0.4177946999998312,0.4295033999997031,0.3553692999994382,0.415237;0.420978;0.417795,0.427429;0.429503;0.430794,0.355369;0.371158;0.352405,,multiprocessing,2026-10-03T20:11:03+00:00
W4-00832,W4,n2-standard-4,Windows,2022Server,AMD64,Intel(R) Xeon(R) CPU @ 2.80GHz,intel,4,2,2800,17.2,3.14.6,CPython,1,spawn,2.5.3,gil_release,gil_numpy_matmul,66,1064,0.0,seconds,normal,101164,1086,4,8,0,2,0,1,2.7737373188741085e-05,1.0,0.13050524988989554,0.1818845658378781,0.981590390783966,0.0,0.10355510000044887,0.003483999963464157,0.31605469999976776,2.944385799999509,8.103982100000394,1.4932504999997036,3.059309;2.944386;2.855280,8.103982,1.526547;1.482441;1.493250,,multiprocessing,2026-10-03T20:11:25+00:00
W4-00833,W4,n2-standard-4,Windows,2022Server,AMD64,Intel(R) Xeon(R) CPU @ 2.80GHz,intel,4,2,2800,17.2,3.14.6,CPython,1,spawn,2.5.3,text,text_regex_findall,8,158,0.3,seconds,normal,8469,177,4,8,1,1,0,0,6.099865197038347e-05,1.0,0.18773319817266002,0.08246083513850823,0.9354236854255347,0.8,0.1050916000003781,0.00167609999243723,0.31605469999976776,0.5211988000000929,0.5322026000003461,0.3366979000002175,0.541788;0.521199;0.516127,0.530593;0.532542;0.532203,0.331332;0.336698;0.344957,,multiprocessing,2026-10-03T20:11:30+00:00
W4-00834,W4,n2-standard-4,Windows,2022Server,AMD64,Intel(R) Xeon(R) CPU @ 2.80GHz,intel,4,2,2800,17.2,3.14.6,CPython,1,spawn,2.5.3,text,text_format_report,64,31,0.8,seconds,normal,1781,50,4,2,1,2,0,0,8.647999998225878e-05,1.0,0.4542906206208807,0.04457677997813582,0.9027083765699241,0.0,0.08239400000002206,0.0010223000072073773,0.15308379999987665,0.1577262000000701,0.15932380000049307,0.15877790000013192,0.156813;0.157726;0.162387,0.159303;0.159324;0.162477,0.149447;0.158864;0.158778,,sequential,2026-10-03T20:11:32+00:00
W4-00835,W4,n2-standard-4,Windows,2022Server,AMD64,Intel(R) Xeon(R) CPU @ 2.80GHz,intel,4,2,2800,17.2,3.14.6,CPython,1,spawn,2.5.3,tiny,tiny_add,3,624536,0.3,seconds,big,320,624558,4,2,0,1,0,0,4.1500014731354894e-07,1.0,0.351468756501752,752.32503422452,0.04219410806953146,0.0,0.008102900000267255,0.007195399988631834,0.15308379999987665,8.630000047560316e-05,0.0003723999998328509,0.6230384000000413,0.000092;0.000084;0.000086,0.000430;0.000372;0.000287,0.623038,,sequential,2026-10-03T20:11:34+00:00
W4-00836,W4,n2-standard-4,Windows,2022Server,AMD64,Intel(R) Xeon(R) CPU @ 2.80GHz,intel,4,2,2800,17.2,3.14.6,CPython,1,spawn,2.5.3,tiny,tiny_small_loop,2,17,0.0,seconds,normal,200000,36,4,2,0,0,0,0,3.134999997200794e-07,0.9478539782380255,2.5257594537062475,12.328548680428352,0.501817551212926,0.8,0.0059675000002243905,0.0031486000007134862,0.15308379999987665,0.04133120000005874,0.053153300000303716,0.08705889999964711,0.055493;0.040404;0.041331,0.054298;0.053153;0.052693,0.087059;0.087741;0.083917,,sequential,2026-10-03T20:11:35+00:00
W4-00837,W4,n2-standard-4,Windows,2022Server,AMD64,Intel(R) Xeon(R) CPU @ 2.80GHz,intel,4,2,2800,17.2,3.14.6,CPython,1,spawn,2.5.3,gil_release,gil_bz2,115,300000,0.3,ms,big,8,300022,4,2,0,1,0,1,0.011570266666543224,1.0,0.10079866656421081,0.009360199134758445,1.1702507989414028,0.0,0.06306620000032126,0.0005891000009796699,0.15308379999987665,0.09351699999933771,0.052956300000005285,0.05418740000004618,0.093517;0.093725;0.093470,0.052315;0.052956;0.055634,0.054187;0.053267;0.056177,,threading,2026-10-03T20:11:37+00:00
W4-00838,W4,n2-standard-4,Windows,2022Server,AMD64,Intel(R) Xeon(R) CPU @ 2.80GHz,intel,4,2,2800,17.2,3.14.6,CPython,1,spawn,2.5.3,mixed,mixed_hash_then_write,1073,16751,0.0,seconds,normal,4770,16774,4,4,1,3,1,0,0.0002815011299174068,0.9993774798022688,0.16010490338476493,0.02962687938265648,0.9780559533818276,0.0,0.10166479999952571,0.0009634000043661217,0.18915170000036596,1.4684215999996013,1.174081600000136,1.173567699999694,1.474305;1.448681;1.468422,1.165846;1.190969;1.174082,1.177083;1.119826;1.173568,,multiprocessing,2026-10-03T20:11:49+00:00
W4-00839,W4,n2-standard-4,Windows,2022Server,AMD64,Intel(R) Xeon(R) CPU @ 2.80GHz,intel,4,2,2800,17.2,3.14.6,CPython,1,spawn,2.5.3,recursive,rec_tree_sum,40,81,0.0,ms,normal,659,100,4,8,0,4,0,0,1.4906707347996061e-05,1.0,0.09564622100404713,0.3095921684618621,0.7207241534432989,0.0,0.006569099999978789,0.0005980999949315446,0.31605469999976776,0.010578299999906449,0.011271299999862094,0.007623000000421598,0.010578;0.010401;0.010679,0.011640;0.010923;0.011271,0.007641;0.007623;0.007345,,multiprocessing,2026-10-03T20:11:49+00:00
W4-00840,W4,n2-standard-4,Windows,2022Server,AMD64,Intel(R) Xeon(R) CPU @ 2.80GHz,intel,4,2,2800,17.2,3.14.6,CPython,1,spawn,2.5.3,recursive,rec_quicksort,348,1899731,0.3,seconds,big,105,1899753.9,4,4,1,8,0,0,0.0003875538461495755,1.0,0.22295414396175833,2.5959489500349497,0.8672021001767203,0.0,0.04213290000006964,0.020538400000077672,0.18915170000036596,0.04136670000025333,0.04096670000035374,0.4965073000003031,0.039290;0.041922;0.041367,0.040967;0.042257;0.040478,0.496507,,threading,2026-10-03T20:11:51+00:00
W4-00841,W4,n2-standard-4,Windows,2022Server,AMD64,Intel(R) Xeon(R) CPU @ 2.80GHz,intel,4,2,2800,17.2,3.14.6,CPython,1,spawn,2.5.3,tiny,tiny_small_loop,32,213,0.0,seconds,normal,200000,232,4,2,0,0,0,0,4.771000030814321e-07,1.0,0.4593322440409403,8.080067162532732,0.5760327522801677,3.9,0.00653130000046076,0.0030262999944170588,0.15308379999987665,0.08929559999978665,0.09879419999924721,0.22973130000082165,0.089616;0.080028;0.089296,0.099847;0.098794;0.097582,0.225914;0.232627;0.229731,,sequential,2026-10-03T20:11:53+00:00
W4-00842,W4,n2-standard-4,Windows,2022Server,AMD64,Intel(R) Xeon(R) CPU @ 2.80GHz,intel,4,2,2800,17.2,3.14.6,CPython,1,spawn,2.5.3,big_result,result_long_string,4228,27,0.0,ms,normal,227,47,4,2,1,1,0,0,0.0008352874999510666,1.0,0.022999222198192674,0.02989988487681469,0.9095229373723147,1.6,0.09914589999971213,0.000929400001950853,0.15308379999987665,0.19053059999987454,0.1976980999997977,0.214020100000198,0.193324;0.190531;0.190085,0.197698;0.197328;0.198445,0.214020;0.199944;0.222501,,sequential,2026-10-03T20:11:56+00:00
W4-00843,W4,n2-standard-4,Windows,2022Server,AMD64,Intel(R) Xeon(R) CPU @ 2.80GHz,intel,4,2,2800,17.2,3.14.6,CPython,1,spawn,2.5.3,recursive,rec_tree_sum,13,258,0.0,ms,normal,2473,280,4,4,0,4,0,0,4.377831734418696e-06,1.0,2.261147886505701,0.9308260944004157,0.7969723337134831,0.0,0.007611899999574234,0.0011761999876398477,0.18915170000036596,0.010584399999970628,0.011943299999984447,0.008447700000033365,0.010584;0.011178;0.010569,0.011943;0.011725;0.012088,0.007976;0.008448;0.008556,,multiprocessing,2026-10-03T20:11:56+00:00
W4-00844,W4,n2-standard-4,Windows,2022Server,AMD64,Intel(R) Xeon(R) CPU @ 2.80GHz,intel,4,2,2800,17.2,3.14.6,CPython,1,spawn,2.5.3,text,text_split_count,3,1059,0.8,seconds,normal,3450,1081,4,8,1,1,0,0,0.00022861552512439044,1.0,0.3360769591595259,0.01769346159684094,0.9536243637226484,0.0,0.10326760000043578,0.00073569999767642,0.31605469999976776,0.8128249999999753,0.7871719000004305,0.41505360000064684,0.781595;0.812825;0.815700,0.781770;0.787172;0.796664,0.414517;0.417701;0.415054,,multiprocessing,2026-10-03T20:12:03+00:00
W4-00845,W4,n2-standard-4,Windows,2022Server,AMD64,Intel(R) Xeon(R) CPU @ 2.80GHz,intel,4,2,2800,17.2,3.14.6,CPython,1,spawn,2.5.3,tiny,tiny_dict_lookup,51,225337,0.3,ms,big,887,225359,4,4,0,1,0,0,5.235293774685941e-07,1.0,0.3629110441668556,85.69719657279734,0.14967514378069913,0.0,0.002484100000401668,0.0014506000088658766,0.18915170000036596,0.0002356000004510861,0.0006835000003775349,0.5888990000003105,0.000356;0.000206;0.000236,0.000898;0.000684;0.000595,0.588899,,sequential,2026-10-03T20:12:05+00:00
W4-00846,W4,n2-standard-4,Windows,2022Server,AMD64,Intel(R) Xeon(R) CPU @ 2.80GHz,intel,4,2,2800,17.2,3.14.6,CPython,1,spawn,2.5.3,db,db_file_commit,2,7767,0.8,ms,normal,8,7789,4,2,1,0,1,0,0.010260866666612856,0.27712196890637786,0.4892029444066872,0.0013091811726293316,1.0759162543155054,6.2,0.06398760000047332,0.00034839999989344506,0.15308379999987665,0.1009211000000505,0.053989399999409216,0.05448840000008204,0.101053;0.093822;0.100921,0.053989;0.052131;0.054078,0.059181;0.053597;0.054488,,threading,2026-10-03T20:12:06+00:00
W4-00847,W4,n2-standard-4,Windows,2022Server,AMD64,Intel(R) Xeon(R) CPU @ 2.80GHz,intel,4,2,2800,17.2,3.14.6,CPython,1,spawn,2.5.3,text,text_split_count,30,504,0.3,seconds,normal,1180,526,4,4,1,1,0,0,0.0007825953125148999,1.0,0.18744391313461445,0.005251756602900979,0.9321649213095696,0.8,0.10411299999941548,0.00044829999842477264,0.18915170000036596,0.9131670999995549,0.9238010999997641,0.4832282999996096,0.907767;0.913167;0.927268,0.923295;0.923801;0.931897,0.483228;0.479127;0.483679,,multiprocessing,2026-10-03T20:12:14+00:00
W4-00848,W4,n2-standard-4,Windows,2022Server,AMD64,Intel(R) Xeon(R) CPU @ 2.80GHz,intel,4,2,2800,17.2,3.14.6,CPython,1,spawn,2.5.3,cpu,cpu_count_primes,6779,715541,0.3,seconds,big,120,715564,4,2,2,4,0,0,0.0035051866665526178,1.0,0.24095519842838625,0.1137856661743659,0.8304520424789399,0.0,0.11990530000002764,0.00632200000109151,0.15308379999987665,0.45499870000003284,0.4757403000003251,0.4238231999997879,0.453622;0.454999;0.474810,0.478524;0.470736;0.475740,0.449036;0.423823;0.390931,,multiprocessing,2026-10-03T20:12:19+00:00
W4-00849,W4,n2-standard-4,Windows,2022Server,AMD64,Intel(R) Xeon(R) CPU @ 2.80GHz,intel,4,2,2800,17.2,3.14.6,CPython,1,spawn,2.5.3,algo_rec,algo_sudoku,7,202,0.3,seconds,normal,77,221,4,8,3,28,0,0,0.004586075000058069,1.0,0.6472363080355185,0.0010993424184671068,0.7921566009596676,2.3,0.12544679999973596,0.0003333999993628822,0.31605469999976776,0.47739699999965524,0.4723778999996284,0.26946140000018204,0.477397;0.480958;0.474382,0.470513;0.473622;0.472378,0.269461;0.268962;0.270740,,multiprocessing,2026-10-03T20:12:23+00:00
W4-00850,W4,n2-standard-4,Windows,2022Server,AMD64,Intel(R) Xeon(R) CPU @ 2.80GHz,intel,4,2,2800,17.2,3.14.6,CPython,1,spawn,2.5.3,tiny,tiny_add,88,321,0.3,ms,normal,200000,343,4,4,0,1,0,0,1.327499912804342e-07,1.0,0.4693724882181557,31.63841956351938,0.26381447436824296,0.0,0.0050420999996276805,0.0029174000164857716,0.18915170000036596,0.021754600000349456,0.03306510000038543,0.26976990000002843,0.020538;0.021755;0.021829,0.034449;0.033065;0.031663,0.269770,,sequential,2026-10-03T20:12:24+00:00
W4-00851,W4,n2-standard-4,Windows,2022Server,AMD64,Intel(R) Xeon(R) CPU @ 2.80GHz,intel,4,2,2800,17.2,3.14.6,CPython,1,spawn,2.5.3,algo_rec,algo_lcs_memo,1,1063973,0.0,ms,big,38,1063995,4,8,1,10,0,0,0.008031885714184941,1.0,0.0373111143363586,0.08604099374862077,0.9535843793095937,0.0,0.12051709999923332,0.005161000000043714,0.31605469999976776,0.31749799999943207,0.3173750999994809,0.17914190000010421,0.300806;0.337115;0.317498,0.317543;0.317375;0.314785,0.169556;0.181533;0.179142,,multiprocessing,2026-10-03T20:12:27+00:00
W4-00852,W4,n2-standard-4,Windows,2022Server,AMD64,Intel(R) Xeon(R) CPU @ 2.80GHz,intel,4,2,2800,17.2,3.14.6,CPython,1,spawn,2.5.3,tiny,tiny_add,26,106,0.3,seconds,normal,200000,125,4,2,0,1,0,0,1.3190000572649296e-07,1.0,1.5725427525085096,31.19787549218038,0.2886628218311517,0.8,0.005024000000048545,0.002987499988194031,0.15308379999987665,0.01497399999971094,0.02279790000011417,0.1217252999995253,0.015452;0.014974;0.014393,0.022798;0.022980;0.021899,0.121725,,sequential,2026-10-03T20:12:28+00:00
W4-00853,W4,n2-standard-4,Windows,2022Server,AMD64,Intel(R) Xeon(R) CPU @ 2.80GHz,intel,4,2,2800,17.2,3.14.6,CPython,1,spawn,2.5.3,big_result,result_matrix_lists,12,20,0.3,ms,normal,1315,39,4,8,2,5,0,0,1.651981710338299e-05,1.0,0.5924939039496012,0.7948029925595331,0.8476596063708753,0.0,0.013043700000707759,0.0010183999911532737,0.31605469999976776,0.02398189999985334,0.025249400000575406,0.020338600000286533,0.024399;0.023982;0.023545,0.027396;0.024747;0.025249,0.068653;0.020339;0.020081,,multiprocessing,2026-10-03T20:12:29+00:00
W4-00854,W4,n2-standard-4,Windows,2022Server,AMD64,Intel(R) Xeon(R) CPU @ 2.80GHz,intel,4,2,2800,17.2,3.14.6,CPython,1,spawn,2.5.3,mixed,mixed_hash_then_write,577,35779,0.8,ms,normal,120,35801.85,4,4,1,3,1,0,0.0002631800000623722,1.0,0.18405604217112645,0.037521847553559036,0.9095229197097517,0.0,0.017005700000481738,0.0005532999985007336,0.18915170000036596,0.03488420000030601,0.025893299999552255,0.024869699999726436,0.032315;0.034884;0.034989,0.025295;0.025948;0.025893,0.024611;0.024870;0.024960,,multiprocessing,2026-10-03T20:12:30+00:00
W4-00855,W4,n2-standard-4,Windows,2022Server,AMD64,Intel(R) Xeon(R) CPU @ 2.80GHz,intel,4,2,2800,17.2,3.14.6,CPython,1,spawn,2.5.3,cpu,cpu_count_primes,114,16,0.8,seconds,normal,170093,35,4,2,2,4,0,0,1.688849999482045e-05,1.0,0.5499616054033089,0.2516505332245973,0.943693215868384,0.0,0.07381170000007842,0.00325700001030782,0.15308379999987665,2.8363282000000254,2.9656934000004185,1.6916335999994772,2.838163;2.834143;2.836328,2.977498;2.965693;2.955656,1.691634;1.741198;1.674990,,multiprocessing,2026-10-03T20:12:53+00:00
W4-00856,W4,n2-standard-4,Windows,2022Server,AMD64,Intel(R) Xeon(R) CPU @ 2.80GHz,intel,4,2,2800,17.2,3.14.6,CPython,1,spawn,2.5.3,recursive,rec_quicksort,70,92,0.0,seconds,normal,5875,111,4,8,1,8,0,0,5.997361447361434e-05,1.0,0.13248357245092252,0.07136471709578728,0.9363392548829679,0.0,0.10497960000066087,0.0016083999880720512,0.31605469999976776,0.3545985999999175,0.3662094999999681,0.18957959999988816,0.350771;0.354599;0.355464,0.366729;0.366209;0.365041,0.187904;0.189580;0.192261,,multiprocessing,2026-10-03T20:12:56+00:00
W4-00857,W4,n2-standard-4,Windows,2022Server,AMD64,Intel(R) Xeon(R) CPU @ 2.80GHz,intel,4,2,2800,17.2,3.14.6,CPython,1,spawn,2.5.3,db,db_mem_insert_select,3254,125,0.0,seconds,normal,1781,145,4,2,1,1,1,0,0.002736342105316381,1.0,0.01915997262489228,0.001596445502592158,0.6041001135391922,0.0,0.13822410000011587,0.00039819999892642954,0.15308379999987665,4.899466600000778,8.045446099999936,3.0431172999997216,4.899467;4.948654;4.879449,7.887129;8.259535;8.045446,3.043117;3.251477;2.895259,,multiprocessing,2026-10-03T20:13:45+00:00
W4-00858,W4,n2-standard-4,Windows,2022Server,AMD64,Intel(R) Xeon(R) CPU @ 2.80GHz,intel,4,2,2800,17.2,3.14.6,CPython,1,spawn,2.5.3,algo_rec,algo_lcs_memo,6,844,0.3,ms,normal,8,866,4,2,1,10,0,0,0.015966733333395194,1.0,0.08809563178089223,0.0007661763655764642,0.9219745124984043,0.0,0.09695729999930336,0.00026669999897421803,0.15308379999987665,0.13104180000027554,0.129547100000309,0.0694219000006342,0.130437;0.131042;0.131132,0.126124;0.129547;0.131172,0.070353;0.069422;0.069304,,multiprocessing,2026-10-03T20:13:47+00:00
W4-00859,W4,n2-standard-4,Windows,2022Server,AMD64,Intel(R) Xeon(R) CPU @ 2.80GHz,intel,4,2,2800,17.2,3.14.6,CPython,1,spawn,2.5.3,text,text_csv_parse,2,181,0.3,seconds,normal,3188,200,4,8,2,3,0,0,0.00033493666670134797,1.0,0.13703053158737746,0.012599396983197078,0.9664832548842968,0.0,0.10293199999978242,0.0005794999951831414,0.31605469999976776,1.158655300000646,1.1055777000001399,0.6115083999993658,1.175379;1.158655;1.146453,1.099614;1.105578;1.106558,0.611508;0.611815;0.611068,,multiprocessing,2026-10-03T20:13:56+00:00
W4-00860,W4,n2-standard-4,Windows,2022Server,AMD64,Intel(R) Xeon(R) CPU @ 2.80GHz,intel,4,2,2800,17.2,3.14.6,CPython,1,spawn,2.5.3,cpu,cpu_matmul_lists,18,36,0.3,ms,normal,58,55,4,8,3,5,0,0,0.0003246571428202775,1.0,0.5030996124588826,0.014806829274295684,0.7467146387721482,1.5,0.01113069999973959,0.0003144000002066605,0.31605469999976776,0.021264099999825703,0.022825899999588728,0.015154700000493904,0.021256;0.021264;0.022338,0.022473;0.022826;0.023401,0.015179;0.015155;0.015142,,multiprocessing,2026-10-03T20:13:57+00:00
W4-00861,W4,n2-standard-4,Windows,2022Server,AMD64,Intel(R) Xeon(R) CPU @ 2.80GHz,intel,4,2,2800,17.2,3.14.6,CPython,1,spawn,2.5.3,algo_iter,algo_edit_distance,2723,297,0.8,ms,normal,44,320,4,8,2,16,0,0,0.00044270909091375705,1.0,0.27915132198346865,0.010945008613450647,0.9960587111691325,0.0,0.009887900000649097,0.00029100000119797187,0.31605469999976776,0.019355999999788764,0.020210599999700207,0.012226999999256805,0.019561;0.019296;0.019356,0.019746;0.020211;0.020267,0.012240;0.012227;0.012143,,multiprocessing,2026-10-03T20:13:57+00:00
W4-00862,W4,n2-standard-4,Windows,2022Server,AMD64,Intel(R) Xeon(R) CPU @ 2.80GHz,intel,4,2,2800,17.2,3.14.6,CPython,1,spawn,2.5.3,mixed,mixed_json_roundtrip,31,105438,0.8,seconds,big,510,105460,4,4,1,1,1,0,0.001616874193484452,0.5781791997346526,0.4127348810699278,0.014871287010457056,1.4906869055035457,0.0,0.08454510000046866,0.0008473000025333022,0.18915170000036596,0.7580041999999594,0.5093839999999545,0.3410429999994449,0.761757;0.758004;0.732635,0.509384;0.495494;0.509603,0.341043;0.349065;0.335684,,multiprocessing,2026-10-03T20:14:03+00:00
W4-00863,W4,n2-standard-4,Windows,2022Server,AMD64,Intel(R) Xeon(R) CPU @ 2.80GHz,intel,4,2,2800,17.2,3.14.6,CPython,1,spawn,2.5.3,db,db_mem_insert_select,856,832731,0.8,seconds,big,240,832754,4,2,1,1,1,0,0.0009084163636957369,1.0,0.3753345752619479,0.42407866650849974,0.7433029683500495,1.6,0.12460580000060872,0.008166699996763782,0.15308379999987665,0.19531980000010662,0.3077818000001571,0.637177900000097,0.194519;0.208652;0.195320,0.307782;0.300926;0.314610,0.619772;0.653200;0.637178,,sequential,2026-10-03T20:14:08+00:00
W4-00864,W4,n2-standard-4,Windows,2022Server,AMD64,Intel(R) Xeon(R) CPU @ 2.80GHz,intel,4,2,2800,17.2,3.14.6,CPython,1,spawn,2.5.3,algo_rec,algo_flood_fill,4,344,0.8,seconds,normal,2642,366,4,2,3,10,0,0,0.0012596375000384797,1.0,0.6296706592942224,0.003461313276638151,0.8124920609758624,2.3,0.11390130000017962,0.000453499998911866,0.15308379999987665,3.523935499999425,3.6808285000006435,2.093221899999662,3.469637;3.523935;3.610907,3.677580;3.689093;3.680829,2.093222;1.996293;2.191121,,multiprocessing,2026-10-03T20:14:36+00:00
W4-00865,W4,n2-standard-4,Windows,2022Server,AMD64,Intel(R) Xeon(R) CPU @ 2.80GHz,intel,4,2,2800,17.2,3.14.6,CPython,1,spawn,2.5.3,big_result,result_records,1890,993252,0.0,seconds,big,201,993275,4,8,1,2,0,0,0.0036004071428448825,1.0,2.7858641408477314,0.4132588179787013,4.287150318026193,0.0,0.08418149999943125,0.021210299999438575,0.31605469999976776,0.2190320999998221,0.24662809999972524,0.6339837000004991,0.219032;0.232331;0.199501,0.247423;0.207966;0.246628,0.623986;0.647431;0.633984,,sequential,2026-10-03T20:14:41+00:00
W4-00866,W4,n2-standard-4,Windows,2022Server,AMD64,Intel(R) Xeon(R) CPU @ 2.80GHz,intel,4,2,2800,17.2,3.14.6,CPython,1,spawn,2.5.3,big_result,result_sorted_pairs,496,61,0.3,seconds,normal,5898,81,4,4,1,4,0,0,0.00016030418002593627,1.0,0.31186445987425965,0.727429565548462,0.9802204347919361,4.5,0.10404310000012629,0.0032612000113658723,0.18915170000036596,1.1488771000003908,1.2097820999997566,1.2288041000001613,1.139199;1.161355;1.148877,1.165497;1.209782;1.215882,1.180680;1.228804;1.276917,,sequential,2026-10-03T20:14:52+00:00
W4-00867,W4,n2-standard-4,Windows,2022Server,AMD64,Intel(R) Xeon(R) CPU @ 2.80GHz,intel,4,2,2800,17.2,3.14.6,CPython,1,spawn,2.5.3,tiny,tiny_dict_lookup,70,357248,0.3,seconds,big,559,357270,4,4,0,1,0,0,5.359712408888221e-07,1.0,0.49793402001698267,167.60227616789828,0.08472166139747227,0.8,0.0033511000001453795,0.0022908999972059974,0.18915170000036596,0.00019800000063696643,0.0009908000001814798,0.6097617999994327,0.000267;0.000198;0.000107,0.000991,0.609762,,sequential,2026-10-03T20:14:54+00:00
W4-00868,W4,n2-standard-4,Windows,2022Server,AMD64,Intel(R) Xeon(R) CPU @ 2.80GHz,intel,4,2,2800,17.2,3.14.6,CPython,1,spawn,2.5.3,db,db_mem_insert_select,86,118623,0.0,seconds,big,1686,118645,4,4,1,1,1,0,0.00015265920245296827,0.9986788098082493,0.11415832317979382,0.16202757276447807,0.8214798137967652,3.1,0.11173380000036559,0.0014708000007885857,0.18915170000036596,0.25831469999957335,0.45106229999964853,0.6401456999992661,0.258315;0.257133;0.301035,0.450872;0.451062;0.456317,0.635451;0.640146;0.646332,,sequential,2026-10-03T20:14:59+00:00
W4-00869,W4,n2-standard-4,Windows,2022Server,AMD64,Intel(R) Xeon(R) CPU @ 2.80GHz,intel,4,2,2800,17.2,3.14.6,CPython,1,spawn,2.5.3,algo_iter,algo_edit_distance,12260,103014,0.3,seconds,big,1941,103037,4,8,2,16,0,0,0.0021159750000758018,0.9527854493351314,0.16302310166558787,0.010699559303204495,0.9742281866189397,0.8,0.10341979999975592,0.0008416999980909168,0.31605469999976776,4.020439899999474,4.120159600000079,2.501388799999404,4.054221;4.011538;4.020440,4.120160;4.113817;4.330451,2.501389;2.467711;2.624870,,multiprocessing,2026-10-03T20:15:33+00:00
W4-00870,W4,n2-standard-4,Windows,2022Server,AMD64,Intel(R) Xeon(R) CPU @ 2.80GHz,intel,4,2,2800,17.2,3.14.6,CPython,1,spawn,2.5.3,mixed,mixed_hash_then_write,1102,3615,0.3,ms,normal,210,3638,4,2,1,3,1,0,0.0003873519230217845,1.0,0.11023257435846179,0.01947841103363516,1.1000303421783657,28.9,0.03923949999989418,0.0007195000025603804,0.15308379999987665,0.0782511000006707,0.06714399999964371,0.05347849999998289,0.078251;0.077101;0.081104,0.067901;0.067144;0.066737,0.053478;0.052309;0.053881,,multiprocessing,2026-10-03T20:15:34+00:00
W4-00871,W4,n2-standard-4,Windows,2022Server,AMD64,Intel(R) Xeon(R) CPU @ 2.80GHz,intel,4,2,2800,17.2,3.14.6,CPython,1,spawn,2.5.3,io,io_sleep_return_payload,212,1760,0.8,seconds,normal,3971,1782.35,4,2,0,1,1,0,0.0009726499999767559,0.013431721323498132,0.021249693791618746,0.005233126009786251,1.947305620099117,19.5,0.0773153000009188,0.0005224000015005004,0.15308379999987665,3.878951500000767,1.9418996999993396,1.8806435000005877,3.885908;3.877726;3.878952,1.941900;1.942253;1.940826,1.915166;1.880644;1.866899,,multiprocessing,2026-10-03T20:15:58+00:00
W4-00872,W4,n2-standard-4,Windows,2022Server,AMD64,Intel(R) Xeon(R) CPU @ 2.80GHz,intel,4,2,2800,17.2,3.14.6,CPython,1,spawn,2.5.3,algo_rec,algo_lcs_memo,2,1295,0.3,ms,normal,8,1317,4,2,1,10,0,0,0.006050133333701524,1.0,0.03629935073839867,0.00180161327625751,0.8624240793134076,0.0,0.03928910000104224,0.0002705999995669117,0.15308379999987665,0.049661200000628014,0.050488600001699524,0.027771600000050967,0.050965;0.049661;0.047433,0.050557;0.050415;0.050489,0.027772;0.026620;0.051302,,multiprocessing,2026-10-03T20:15:59+00:00
W4-00873,W4,n2-standard-4,Windows,2022Server,AMD64,Intel(R) Xeon(R) CPU @ 2.80GHz,intel,4,2,2800,17.2,3.14.6,CPython,1,spawn,2.5.3,tiny,tiny_add,3,123,0.3,ms,normal,200000,142,4,8,0,1,0,0,1.2599999718077015e-07,1.0,0.4126983035110835,33.29365024999339,0.2711262763452884,0.0,0.0050379999993310776,0.002983300004416378,0.31605469999976776,0.01696049999918614,0.026455200000782497,0.09212959999968007,0.016960;0.018571;0.016798,0.027897;0.026340;0.026455,0.092130,,sequential,2026-10-03T20:15:59+00:00
W4-00874,W4,n2-standard-4,Windows,2022Server,AMD64,Intel(R) Xeon(R) CPU @ 2.80GHz,intel,4,2,2800,17.2,3.14.6,CPython,1,spawn,2.5.3,io,io_file_roundtrip,2,9617,0.0,seconds,normal,483,9639,4,2,1,0,1,0,0.014778100000057748,0.09132863541363616,0.04682724844206574,0.0011909514663282848,2.0139234565064075,0.0,0.08856130000094709,0.0003260000012232922,0.15308379999987665,7.555744799999957,3.9790558999993664,3.9189652999993996,7.489301;7.555745;7.620035,4.086518;3.979056;3.870910,3.918965;3.974809;3.572416,,multiprocessing,2026-10-03T20:16:46+00:00
W4-00875,W4,n2-standard-4,Windows,2022Server,AMD64,Intel(R) Xeon(R) CPU @ 2.80GHz,intel,4,2,2800,17.2,3.14.6,CPython,1,spawn,2.5.3,numpy,np_linalg_solve,103,141,0.0,ms,normal,562,160,4,4,0,3,0,1,0.0001414307142502886,1.0,0.14571232584831095,0.03917112163547878,0.7386410605946743,0.0,0.04714839999905962,0.0006986000025790418,0.18915170000036596,0.07869509999909496,0.13049359999968146,0.04370569999991858,0.078321;0.078695;0.085119,0.130894;0.130494;0.129204,0.043351;0.044105;0.043706,,multiprocessing,2026-10-03T20:16:48+00:00
W4-00876,W4,n2-standard-4,Windows,2022Server,AMD64,Intel(R) Xeon(R) CPU @ 2.80GHz,intel,4,2,2800,17.2,3.14.6,CPython,1,spawn,2.5.3,big_payload,big_upper_copy,2,846291,0.3,seconds,big,236,846313,4,8,0,0,0,0,0.000590279660943868,1.0,0.09282596316810961,1.3092438231471393,0.9500936939461305,0.0,0.0875912999999855,0.015979800004060962,0.31605469999976776,0.16163150000102178,0.17083529999945313,0.7411916000000929,0.165581;0.157895;0.161632,0.172053;0.170835;0.150939,0.720173;0.863330;0.741192,,sequential,2026-10-03T20:16:52+00:00
W4-00877,W4,n2-standard-4,Windows,2022Server,AMD64,Intel(R) Xeon(R) CPU @ 2.80GHz,intel,4,2,2800,17.2,3.14.6,CPython,1,spawn,2.5.3,db,db_file_lookup,138,416,0.3,seconds,normal,515,438,4,8,1,5,1,0,0.003917007692367546,1.0,0.12183918969787183,0.0010604641315724059,0.7796952700220972,7.6,0.11563209999985702,0.0003450999993219739,0.31605469999976776,1.9042993999992177,1.0388831999989634,0.9702744999995048,2.029638;1.859799;1.904299,1.174773;1.038883;1.018826,1.027739;0.970274;0.960286,,multiprocessing,2026-10-03T20:17:05+00:00
W4-00878,W4,n2-standard-4,Windows,2022Server,AMD64,Intel(R) Xeon(R) CPU @ 2.80GHz,intel,4,2,2800,17.2,3.14.6,CPython,1,spawn,2.5.3,algo_iter,algo_edit_distance,5674,433264,0.0,ms,big,64,433287,4,8,2,16,0,0,0.0012825937500338114,1.0,0.0222364332085557,0.05095631405660122,0.9150610178338939,0.0,0.04425500000070315,0.0013476999993145,0.31605469999976776,0.08637239999916346,0.08493300000009185,0.06282149999969988,0.081426;0.086372;0.089304,0.084514;0.084933;0.085709,0.062821;0.060742;0.063120,,multiprocessing,2026-10-03T20:17:06+00:00
W4-00879,W4,n2-standard-4,Windows,2022Server,AMD64,Intel(R) Xeon(R) CPU @ 2.80GHz,intel,4,2,2800,17.2,3.14.6,CPython,1,spawn,2.5.3,big_payload,big_reverse,2,975919,0.3,seconds,big,204,975941,4,2,0,0,0,0,0.0006492431373272648,1.0,0.14756121373561976,1.3764257930734443,0.9069692327669909,2.3,0.08806159999949159,0.01835939999727998,0.15308379999987665,0.1542460000000574,0.16077760000007402,0.8308230999991792,0.154246;0.161679;0.153691,0.152621;0.160778;0.179967,0.830823,,sequential,2026-10-03T20:17:09+00:00
W4-00880,W4,n2-standard-4,Windows,2022Server,AMD64,Intel(R) Xeon(R) CPU @ 2.80GHz,intel,4,2,2800,17.2,3.14.6,CPython,1,spawn,2.5.3,big_payload,big_checksum_head,17810,168593,0.3,seconds,big,1186,168616,4,2,1,1,0,0,0.00042353813552250294,1.0,0.1753947739484141,0.1145469463133381,0.9488789385095316,2.3,0.10417109999980312,0.001510900006906013,0.15308379999987665,0.5063965000008466,0.5110841999994591,0.7300768999994034,0.506397;0.516040;0.494926,0.513555;0.511084;0.507597,0.713639;0.730077;0.744355,,sequential,2026-10-03T20:17:16+00:00
W4-00881,W4,n2-standard-4,Windows,2022Server,AMD64,Intel(R) Xeon(R) CPU @ 2.80GHz,intel,4,2,2800,17.2,3.14.6,CPython,1,spawn,2.5.3,cpu,cpu_sum_squares,31191,216,0.3,seconds,normal,324,236,4,4,1,2,0,0,0.0016691419354643703,1.0,0.17247089775073335,0.003001542304632963,0.9978869368987535,5.5,0.10458340000150201,0.00039760000072419643,0.18915170000036596,0.5329703999996127,0.5424272000000201,0.3205450999994355,0.553146;0.532970;0.528970,0.542427;0.543818;0.537965,0.325142;0.320545;0.319361,,multiprocessing,2026-10-03T20:17:20+00:00
W4-00882,W4,n2-standard-4,Windows,2022Server,AMD64,Intel(R) Xeon(R) CPU @ 2.80GHz,intel,4,2,2800,17.2,3.14.6,CPython,1,spawn,2.5.3,algo_rec,algo_merge_sort,1591,486,0.0,ms,normal,18,509,4,8,1,10,0,0,0.002902899999753572,1.0,0.02153026287871512,0.03390574928054141,0.9007009252455036,0.0,0.025066899999728776,0.000644300000203657,0.31605469999976776,0.05401739999979327,0.05395239999961632,0.03383909999865864,0.054017;0.053624;0.055292,0.053952;0.053260;0.054441,0.032301;0.033839;0.034091,,multiprocessing,2026-10-03T20:17:21+00:00
W4-00883,W4,n2-standard-4,Windows,2022Server,AMD64,Intel(R) Xeon(R) CPU @ 2.80GHz,intel,4,2,2800,17.2,3.14.6,CPython,1,spawn,2.5.3,db,db_file_lookup,87,427,0.8,ms,normal,11,449,4,2,1,5,1,0,0.0016018666671394992,1.0,0.2770275599549283,0.008531713237668128,0.12580051375941628,0.0,0.040159700000003795,0.0002502999977878062,0.15308379999987665,0.027229200000874698,0.01906769999914104,0.01815069999975094,0.028384;0.027229;0.027208,0.055133;0.017547;0.019068,0.041080;0.018151;0.017455,,multiprocessing,2026-10-03T20:17:22+00:00
W4-00884,W4,n2-standard-4,Windows,2022Server,AMD64,Intel(R) Xeon(R) CPU @ 2.80GHz,intel,4,2,2800,17.2,3.14.6,CPython,1,spawn,2.5.3,recursive,rec_nqueens,7,262311,0.3,seconds,big,734,262333,4,8,1,10,0,0,0.0010007180002867245,1.0,0.1886501053259098,0.05436096903509726,0.907756823821946,0.0,0.1069059000001289,0.0014632999864261365,0.31605469999976776,0.7629968999990524,0.7913626000008662,0.6426100999997288,0.762997;0.758077;0.790855,0.816413;0.791363;0.778200,0.615988;0.652600;0.642610,,multiprocessing,2026-10-03T20:17:30+00:00
W4-00885,W4,n2-standard-4,Windows,2022Server,AMD64,Intel(R) Xeon(R) CPU @ 2.80GHz,intel,4,2,2800,17.2,3.14.6,CPython,1,spawn,2.5.3,algo_iter,algo_kmeans,24,304199,0.8,ms,big,25,304221,4,4,3,15,0,0,0.0006078999998256526,1.0,0.5142360677118024,0.12743323950689686,0.7530989395387441,0.0,0.00920859999860113,0.0007136999993235804,0.18915170000036596,0.015171200000622775,0.015279299999747309,0.013121100000716979,0.015224;0.014033;0.015171,0.015279;0.015081;0.015526,0.015033;0.013121;0.013085,,multiprocessing,2026-10-03T20:17:31+00:00
W4-00886,W4,n2-standard-4,Windows,2022Server,AMD64,Intel(R) Xeon(R) CPU @ 2.80GHz,intel,4,2,2800,17.2,3.14.6,CPython,1,spawn,2.5.3,big_payload,big_reverse,3,652143,0.0,seconds,big,306,652165,4,2,0,0,0,0,0.00045158289484740973,1.0,0.08237215850165697,1.900736298892247,0.9645647680591998,0.0,0.08790039999985311,0.017760799992174725,0.15308379999987665,0.14934399999947345,0.15484079999987443,0.8584152000003087,0.149344;0.148917;0.160403,0.168258;0.149514;0.154841,0.858415,,sequential,2026-10-03T20:17:34+00:00
W4-00887,W4,n2-standard-4,Windows,2022Server,AMD64,Intel(R) Xeon(R) CPU @ 2.80GHz,intel,4,2,2800,17.2,3.14.6,CPython,1,spawn,2.5.3,algo_rec,algo_flood_fill,22,43,0.3,seconds,normal,33,62,4,8,3,10,0,0,0.006491087500080539,1.0,0.36690426869726744,0.0009301214650969804,1.1194752895314608,6.1,0.09868060000007972,0.00033260000054724514,0.31605469999976776,0.21271559999877354,0.21272760000101698,0.11789399999906891,0.204514;0.217553;0.212716,0.217317;0.210946;0.212728,0.121783;0.117894;0.117783,,multiprocessing,2026-10-03T20:17:36+00:00
W4-00888,W4,n2-standard-4,Windows,2022Server,AMD64,Intel(R) Xeon(R) CPU @ 2.80GHz,intel,4,2,2800,17.2,3.14.6,CPython,1,spawn,2.5.3,algo_rec,algo_flood_fill,11,119,0.8,seconds,normal,3608,138,4,8,3,10,0,0,0.003962038461255501,1.0,0.5475038590013424,0.0014444779679437456,1.4202794502709524,0.0,0.08581889999913983,0.0004141000026720576,0.31605469999976776,11.355903800000306,11.779270100001668,6.402735100000427,12.262450;11.355904;11.335589,11.759020;11.800605;11.779270,6.500123;6.402735;6.373132,,multiprocessing,2026-10-03T20:19:06+00:00
W4-00889,W4,n2-standard-4,Windows,2022Server,AMD64,Intel(R) Xeon(R) CPU @ 2.80GHz,intel,4,2,2800,17.2,3.14.6,CPython,1,spawn,2.5.3,tiny,tiny_add,3,99,0.8,seconds,normal,200000,118,4,8,0,1,0,0,1.264000038645463e-07,1.0,0.4929908730633532,33.58386002117137,0.21870429382066747,0.0,0.005299999998896965,0.003003699992405018,0.31605469999976776,0.015718299999207375,0.024825100001180544,0.0904833000004146,0.017373;0.015661;0.015718,0.024825;0.025053;0.024236,0.090483,,sequential,2026-10-03T20:19:07+00:00
W4-00890,W4,n2-standard-4,Windows,2022Server,AMD64,Intel(R) Xeon(R) CPU @ 2.80GHz,intel,4,2,2800,17.2,3.14.6,CPython,1,spawn,2.5.3,numpy,np_fft,1855,490274,0.0,ms,big,65,490297,4,8,0,0,0,1,0.002040068749806778,1.0,0.029728828035618715,0.05012392351878884,1.444728383062832,0.0,0.05714599999919301,0.001961300002221833,0.31605469999976776,0.1405561999999918,0.06226779999997234,0.08162869999978284,0.131132;0.140556;0.167203,0.061665;0.062268;0.073841,0.081539;0.081629;0.097491,,threading,2026-10-03T20:19:09+00:00
W4-00891,W4,n2-standard-4,Windows,2022Server,AMD64,Intel(R) Xeon(R) CPU @ 2.80GHz,intel,4,2,2800,17.2,3.14.6,CPython,1,spawn,2.5.3,numpy,np_sort,909688,181993,0.3,seconds,big,10,182027,4,4,0,3,0,1,0.043522333333991504,1.0,0.1306460318997628,0.0010668852024324493,1.4971435780392854,10.2,0.21069399999942107,0.0003895999980159104,0.18915170000036596,0.4052167999998346,0.21751600000061444,0.2224234000004799,0.403481;0.405217;0.464607,0.220089;0.210622;0.217516,0.221006;0.222423;0.238666,,threading,2026-10-03T20:19:12+00:00
W4-00892,W4,n2-standard-4,Windows,2022Server,AMD64,Intel(R) Xeon(R) CPU @ 2.80GHz,intel,4,2,2800,17.2,3.14.6,CPython,1,spawn,2.5.3,gil_release,gil_sha256,30,36681,0.3,ms,normal,8,36703,4,8,1,1,0,1,0.0025678666667469465,1.0,0.15419862100434073,0.006516433672469185,1.0542832195570295,0.0,0.014535000000250875,0.0002426999999443069,0.31605469999976776,0.020727199998873402,0.009857299999566749,0.010126000001037028,0.020693;0.021848;0.020727,0.009645;0.009857;0.010320,0.010386;0.010126;0.010059,,threading,2026-10-03T20:19:13+00:00
W4-00893,W4,n2-standard-4,Windows,2022Server,AMD64,Intel(R) Xeon(R) CPU @ 2.80GHz,intel,4,2,2800,17.2,3.14.6,CPython,1,spawn,2.5.3,big_payload,big_checksum_head,918,557229,0.0,seconds,big,358,557252,4,8,1,1,0,0,2.4784269636880157e-05,0.9203105763792921,0.4895117943414585,10.375129213291212,0.8202433559758946,2.3,0.01066509999873233,0.005648200001814985,0.31605469999976776,0.007953199999974458,0.008873900000253343,0.48791669999991427,0.007953;0.008381;0.007891,0.008768;0.008882;0.008874,0.487917,,sequential,2026-10-03T20:19:14+00:00
W4-00894,W4,n2-standard-4,Windows,2022Server,AMD64,Intel(R) Xeon(R) CPU @ 2.80GHz,intel,4,2,2800,17.2,3.14.6,CPython,1,spawn,2.5.3,mixed,mixed_hash_then_write,107,1470,0.3,ms,normal,495,1492,4,4,1,3,1,0,0.00025619837397539597,0.9940344963344613,0.1358970356800766,0.016452094654519158,1.2672562326371744,5.5,0.05717949999962002,0.0008480000014969846,0.18915170000036596,0.12297770000077435,0.09571260000120674,0.10042199999952572,0.121193;0.122978;0.123046,0.097609;0.095713;0.095206,0.100505;0.097399;0.100422,,threading,2026-10-03T20:19:16+00:00
W4-00895,W4,n2-standard-4,Windows,2022Server,AMD64,Intel(R) Xeon(R) CPU @ 2.80GHz,intel,4,2,2800,17.2,3.14.6,CPython,1,spawn,2.5.3,cpu,cpu_collatz,955,280951,0.3,seconds,big,71,280974,4,4,2,5,0,0,0.004089261538236035,1.0,0.2030017223213113,0.013890038519731909,0.9208446110838259,0.0,0.11335140000119281,0.001028600005156477,0.18915170000036596,0.2993347999999969,0.29167539999980363,0.18212789999961387,0.299335;0.304700;0.285998,0.291494;0.295641;0.291675,0.182128;0.182635;0.181127,,multiprocessing,2026-10-03T20:19:19+00:00
W4-00896,W4,n2-standard-4,Windows,2022Server,AMD64,Intel(R) Xeon(R) CPU @ 2.80GHz,intel,4,2,2800,17.2,3.14.6,CPython,1,spawn,2.5.3,big_result,result_long_string,2384,1683,0.3,ms,normal,116,1706,4,2,1,1,0,0,0.0007453344829188829,1.0,0.2158067599940055,0.02782643285755504,0.8854903515545263,0.0,0.04646840000168595,0.0007624999980180291,0.15308379999987665,0.08625660000143398,0.0913276000010228,0.09496600000056787,0.084886;0.086257;0.090155,0.093424;0.091328;0.090717,0.094966;0.085863;0.111293,,sequential,2026-10-03T20:19:20+00:00
W4-00897,W4,n2-standard-4,Windows,2022Server,AMD64,Intel(R) Xeon(R) CPU @ 2.80GHz,intel,4,2,2800,17.2,3.14.6,CPython,1,spawn,2.5.3,tiny,tiny_len,162,54,0.0,ms,normal,158805,73,4,2,0,0,0,0,1.3745001797360602e-07,0.9476304920514255,1.0596223350923544,28.62858744414573,0.301173842609781,0.0,0.005309299998771166,0.0031900999620120274,0.15308379999987665,0.012938099998791586,0.018111100000169245,0.0623580999990736,0.012938;0.011994;0.013051,0.018682;0.018111;0.017796,0.062499;0.062217,,sequential,2026-10-03T20:19:21+00:00
W4-00898,W4,n2-standard-4,Windows,2022Server,AMD64,Intel(R) Xeon(R) CPU @ 2.80GHz,intel,4,2,2800,17.2,3.14.6,CPython,1,spawn,2.5.3,big_result,result_matrix_lists,185,160148,0.0,seconds,big,942,160170,4,4,2,5,0,0,0.003976261538460117,1.0,0.10254548685861264,0.2768584328354132,0.9507030628213916,0.0,0.12092420000044513,0.014627100001234794,0.18915170000036596,4.022553799999514,4.135253999998895,3.259992899998906,4.104301;4.013075;4.022554,4.104969;4.135254;4.637216,3.208512;3.259993;3.357889,,multiprocessing,2026-10-03T20:19:57+00:00
W4-00899,W4,n2-standard-4,Windows,2022Server,AMD64,Intel(R) Xeon(R) CPU @ 2.80GHz,intel,4,2,2800,17.2,3.14.6,CPython,1,spawn,2.5.3,db,db_mem_insert_select,1672,71,0.3,seconds,normal,700,91,4,2,1,1,1,0,0.0017321758619675228,0.9992740407997581,0.32841045536015334,0.002124495449249814,0.6832719967053367,22.7,0.12392710000131046,0.00041790000432229135,0.15308379999987665,1.0762581000017235,1.6106191999988368,0.6495109999996203,1.243997;1.076258;1.041119,1.737725;1.610619;1.588361,0.882889;0.649511;0.636338,,multiprocessing,2026-10-03T20:20:08+00:00
W4-00900,W4,n2-standard-4,Windows,2022Server,AMD64,Intel(R) Xeon(R) CPU @ 2.80GHz,intel,4,2,2800,17.2,3.14.6,CPython,1,spawn,2.5.3,algo_rec,algo_lcs_memo,4,1937461,0.3,seconds,big,8,1937483,4,4,1,10,0,0,0.04535956666647204,1.0,0.20085483444592697,0.022793427641122146,0.9883961149751189,0.8,0.2942395999998553,0.0034099999993486563,0.18915170000036596,0.39259649999985413,0.412709399999585,0.1880524999996851,0.412363;0.392596;0.390878,0.414893;0.408981;0.412709,0.197310;0.187138;0.188052,,multiprocessing,2026-10-03T20:20:12+00:00
W4-00901,W4,n2-standard-4,Windows,2022Server,AMD64,Intel(R) Xeon(R) CPU @ 2.80GHz,intel,4,2,2800,17.2,3.14.6,CPython,1,spawn,2.5.3,text,text_split_count,6,1082,0.3,ms,normal,40,1104,4,2,1,1,0,0,0.0004215700000713696,1.0,0.20845717930892563,0.012263681613452792,0.8055026878545019,0.0,0.009569300000293879,0.00029279999944265,0.15308379999987665,0.016587199999776203,0.016453100000944687,0.016855899999427493,0.016587;0.017035;0.016582,0.016687;0.016306;0.016453,0.009733;0.016856;0.017218,,threading,2026-10-03T20:20:13+00:00
W4-00902,W4,n2-standard-4,Windows,2022Server,AMD64,Intel(R) Xeon(R) CPU @ 2.80GHz,intel,4,2,2800,17.2,3.14.6,CPython,1,spawn,2.5.3,recursive,rec_tree_sum,11580,220,0.3,ms,normal,30,240,4,4,0,4,0,0,0.006552814285896602,1.0,0.8493346466752463,0.001310233060714596,1.4954427326468174,0.0,0.07843700000012177,0.000347099998180056,0.18915170000036596,0.14124040000024252,0.14388680000047316,0.08311660000072152,0.138100;0.141240;0.143841,0.141509;0.152193;0.143887,0.083358;0.075132;0.083117,,multiprocessing,2026-10-03T20:20:15+00:00
W4-00903,W4,n2-standard-4,Windows,2022Server,AMD64,Intel(R) Xeon(R) CPU @ 2.80GHz,intel,4,2,2800,17.2,3.14.6,CPython,1,spawn,2.5.3,recursive,rec_nqueens,4,66,0.0,seconds,normal,778,85,4,4,1,10,0,0,0.0005940882353837985,1.0,0.02309262787134495,0.006446853597943945,0.950159092417769,0.0,0.1041086000004725,0.00045309999404707924,0.18915170000036596,0.4636245000001509,0.47650830000020505,0.25928840000051423,0.457700;0.463625;0.476841,0.472342;0.476508;0.480478,0.259288;0.283758;0.256300,,multiprocessing,2026-10-03T20:20:19+00:00
W4-00904,W4,n2-standard-4,Windows,2022Server,AMD64,Intel(R) Xeon(R) CPU @ 2.80GHz,intel,4,2,2800,17.2,3.14.6,CPython,1,spawn,2.5.3,mixed,mixed_json_roundtrip,171,509,0.3,ms,normal,8,531,4,8,1,1,1,0,0.005824299999706757,0.8306525346402025,0.13222542467410076,0.0018142379133661722,1.1126072259384547,0.0,0.032303699999829405,0.0002604000001156237,0.31605469999976776,0.04187090000050375,0.03869049999957497,0.02346159999979136,0.042719;0.041871;0.041838,0.038451;0.038690;0.038982,0.023652;0.023462;0.021485,,multiprocessing,2026-10-03T20:20:20+00:00
W4-00905,W4,n2-standard-4,Windows,2022Server,AMD64,Intel(R) Xeon(R) CPU @ 2.80GHz,intel,4,2,2800,17.2,3.14.6,CPython,1,spawn,2.5.3,gil_release,gil_zlib,3,71681,0.3,ms,normal,18,71703,4,4,1,1,0,1,0.004588024999520712,1.0,0.20573675295946608,0.003672604239780858,1.2411445796983225,0.0,0.032438899999760906,0.0003010000018548453,0.18915170000036596,0.09500420000040322,0.035601499999756925,0.03779519999989134,0.095004;0.097340;0.092747,0.035214;0.037638;0.035601,0.037862;0.037795;0.036510,,threading,2026-10-03T20:20:21+00:00
W4-00906,W4,n2-standard-4,Windows,2022Server,AMD64,Intel(R) Xeon(R) CPU @ 2.80GHz,intel,4,2,2800,17.2,3.14.6,CPython,1,spawn,2.5.3,algo_iter,algo_game_of_life,1,54,0.8,ms,normal,49,73,4,4,5,9,0,0,0.0018662916666774738,0.9469168852882357,0.29314571126847294,0.02802795225677789,1.0329046079274609,0.0,0.04536779999943974,0.0009136000007856637,0.18915170000036596,0.08478680000007444,0.0879082000010385,0.04810209999959625,0.083296;0.088225;0.084787,0.088357;0.087908;0.087759,0.048154;0.048102;0.047547,,multiprocessing,2026-10-03T20:20:22+00:00
W4-00907,W4,n2-standard-4,Windows,2022Server,AMD64,Intel(R) Xeon(R) CPU @ 2.80GHz,intel,4,2,2800,17.2,3.14.6,CPython,1,spawn,2.5.3,mixed,mixed_parse_lines,48,3423,0.3,seconds,normal,155,3445,4,8,2,3,1,0,0.00868466666694682,0.8699868727532796,0.20199823655715668,0.0009576264641288119,1.1019231904598614,0.0,0.09818669999913254,0.0002840999986801762,0.31605469999976776,1.2775372000014613,1.17078919999949,0.6753246000007493,1.277537;1.279131;1.276148,1.172764;1.170517;1.170789,0.673493;0.676297;0.675325,,multiprocessing,2026-10-03T20:20:32+00:00
W4-00908,W4,n2-standard-4,Windows,2022Server,AMD64,Intel(R) Xeon(R) CPU @ 2.80GHz,intel,4,2,2800,17.2,3.14.6,CPython,1,spawn,2.5.3,algo_iter,algo_dijkstra,5137,102,0.8,ms,normal,9,122,4,8,2,15,0,0,0.012844133332691854,1.0,0.2070257699941861,0.0010069448720294244,0.9487862105868754,0.8,0.08542250000027707,0.0002750000039668521,0.31605469999976776,0.13769500000125845,0.14268040000024484,0.08493719999933091,0.133734;0.140351;0.137695,0.142680;0.141481;0.147731,0.086964;0.084937;0.080753,,multiprocessing,2026-10-03T20:20:34+00:00
W4-00909,W4,n2-standard-4,Windows,2022Server,AMD64,Intel(R) Xeon(R) CPU @ 2.80GHz,intel,4,2,2800,17.2,3.14.6,CPython,1,spawn,2.5.3,cpu,cpu_collatz,826,25,0.0,seconds,normal,2616,45,4,2,2,5,0,0,0.0034935866665667466,1.0,0.0042263019996853215,0.001349138732074031,0.9612806244725586,0.0,0.10732600000119419,0.00034810000215657055,0.15308379999987665,9.213069199999154,9.337516400000823,4.888073999998596,9.050826;9.213069;9.239126,9.339789;9.316867;9.337516,4.888074;4.867790;5.044436,,multiprocessing,2026-10-03T20:21:45+00:00
W4-00910,W4,n2-standard-4,Windows,2022Server,AMD64,Intel(R) Xeon(R) CPU @ 2.80GHz,intel,4,2,2800,17.2,3.14.6,CPython,1,spawn,2.5.3,recursive,rec_fib,489,245850,0.0,ms,big,813,245873,4,4,0,4,0,0,2.4541379317435956e-05,1.0,0.06344965476969504,2.8207460951488788,0.8222865597770013,0.0,0.013177499999073916,0.001971399997273693,0.18915170000036596,0.02006000000073982,0.02102259999992384,0.6155460000009043,0.021189;0.020060;0.020050,0.021464;0.021023;0.020631,0.615546,,sequential,2026-10-03T20:21:46+00:00
W4-00911,W4,n2-standard-4,Windows,2022Server,AMD64,Intel(R) Xeon(R) CPU @ 2.80GHz,intel,4,2,2800,17.2,3.14.6,CPython,1,spawn,2.5.3,mixed,mixed_compute_then_sleep,54017,206,0.0,ms,normal,8,226,4,2,1,3,1,0,0.0040288000000145985,0.5664465598649713,0.04370275600586233,0.002920638037881944,1.1048342217333458,6.2,0.022993299999143346,0.00023940000028233044,0.15308379999987665,0.032695300000341376,0.022328799999741022,0.024012900001253,0.031554;0.034038;0.032695,0.022372;0.022329;0.021595,0.020713;0.024013;0.026466,,threading,2026-10-03T20:21:47+00:00
W4-00912,W4,n2-standard-4,Windows,2022Server,AMD64,Intel(R) Xeon(R) CPU @ 2.80GHz,intel,4,2,2800,17.2,3.14.6,CPython,1,spawn,2.5.3,mixed,mixed_compute_then_sleep,28427,27,0.3,ms,normal,8,47,4,8,1,3,1,0,0.00223560000025221,0.5305369573497247,0.09247039923316949,0.005024751017939821,1.25977391841874,0.0,0.012225899999975809,0.0002220999976998428,0.31605469999976776,0.018859200001315912,0.011829099999886239,0.007994699999471777,0.018882;0.018819;0.018859,0.012103;0.011704;0.011829,0.007995;0.007411;0.008329,,multiprocessing,2026-10-03T20:21:48+00:00
W4-00913,W4,n2-standard-4,Windows,2022Server,AMD64,Intel(R) Xeon(R) CPU @ 2.80GHz,intel,4,2,2800,17.2,3.14.6,CPython,1,spawn,2.5.3,tiny,tiny_small_loop,2,43,0.3,ms,normal,117312,62,4,8,0,0,0,0,2.6349998370278624e-07,1.0,0.3230880623495859,14.326377305726261,0.45396191364552374,0.0,0.005486399999426794,0.00293720003173803,0.31605469999976776,0.0245307999994111,0.030624700000771554,0.045639700001629535,0.025733;0.024531;0.023871,0.030813;0.030397;0.030625,0.046876;0.045640;0.045080,,sequential,2026-10-03T20:21:49+00:00
W4-00914,W4,n2-standard-4,Windows,2022Server,AMD64,Intel(R) Xeon(R) CPU @ 2.80GHz,intel,4,2,2800,17.2,3.14.6,CPython,1,spawn,2.5.3,db,db_file_lookup,54,83,0.3,ms,normal,8,102,4,2,1,5,1,0,0.001669733332770799,1.0,0.2837629432867336,0.004631478124668637,0.12317073163905708,0.0,0.037904599999819766,0.00023640000108571257,0.15308379999987665,0.01299519999884069,0.009041200000865501,0.009780899999896064,0.012995;0.013660;0.012751,0.009218;0.009021;0.009041,0.009644;0.010303;0.009781,,threading,2026-10-03T20:21:49+00:00
W4-00915,W4,n2-standard-4,Windows,2022Server,AMD64,Intel(R) Xeon(R) CPU @ 2.80GHz,intel,4,2,2800,17.2,3.14.6,CPython,1,spawn,2.5.3,numpy,np_linalg_solve,317,415354,0.3,seconds,big,397,415376.85714285716,4,2,0,3,0,1,0.003737892857186255,1.0,0.2518042385810428,0.024289849981715832,1.1844446587461013,0.0,0.09620280000126513,0.001586600001246552,0.15308379999987665,1.6748711000000185,1.236762099999396,1.3541901000007783,1.660415;1.674871;1.745626,1.210932;1.266751;1.236762,1.354190;1.370084;1.309941,,threading,2026-10-03T20:22:03+00:00
W4-00916,W4,n2-standard-4,Windows,2022Server,AMD64,Intel(R) Xeon(R) CPU @ 2.80GHz,intel,4,2,2800,17.2,3.14.6,CPython,1,spawn,2.5.3,cpu,cpu_count_primes,513,1209,0.8,seconds,normal,1760,1231.85,4,2,2,4,0,0,0.00018070434779856706,1.0,0.6423164286713912,0.025511283826487065,1.3858489007183985,28.0,0.08717329999853973,0.0009546000073896721,0.15308379999987665,0.23032699999930628,0.25338510000074166,0.18924580000020796,0.230327;0.256640;0.222976,0.253385;0.259112;0.252341,0.200694;0.189246;0.151552,,multiprocessing,2026-10-03T20:22:06+00:00
W4-00917,W4,n2-standard-4,Windows,2022Server,AMD64,Intel(R) Xeon(R) CPU @ 2.80GHz,intel,4,2,2800,17.2,3.14.6,CPython,1,spawn,2.5.3,algo_rec,algo_flood_fill,1,1215385,0.3,seconds,big,164,1215407,4,8,3,10,0,0,0.00039240731707761324,1.0,0.4803195462783546,1.9986630364231275,0.8721059446026203,21.9,0.05065110000032291,0.016146300000400515,0.31605469999976776,0.06523439999909897,0.08177410000098462,0.5115714999992633,0.064506;0.084241;0.065234,0.081774;0.087694;0.066325,0.511571,,sequential,2026-10-03T20:22:08+00:00
W4-00918,W4,n2-standard-4,Windows,2022Server,AMD64,Intel(R) Xeon(R) CPU @ 2.80GHz,intel,4,2,2800,17.2,3.14.6,CPython,1,spawn,2.5.3,algo_iter,algo_kmeans,369,484,0.0,ms,normal,8,507,4,4,3,15,0,0,0.009921533332696223,1.0,0.006879651199091802,0.0014614676554424886,0.9761399474574507,19.4,0.06065339999986463,0.000271100001555169,0.18915170000036596,0.08379760000025271,0.08801280000079714,0.04229970000051253,0.080816;0.083798;0.085880,0.081528;0.088013;0.089881,0.055179;0.042300;0.040841,,multiprocessing,2026-10-03T20:22:09+00:00
W4-00919,W4,n2-standard-4,Windows,2022Server,AMD64,Intel(R) Xeon(R) CPU @ 2.80GHz,intel,4,2,2800,17.2,3.14.6,CPython,1,spawn,2.5.3,recursive,rec_fib,84,68,0.8,seconds,normal,189440,87,4,8,0,4,0,0,8.732349986530607e-06,1.0,0.9656540342061399,0.5073090287019346,0.7193561252114055,23.5,0.04638599999998405,0.0036754000266228104,0.31605469999976776,1.6074287000010372,1.6809683999999834,0.9943497999993269,1.799294;1.607429;1.600377,1.691846;1.680968;1.680854,0.994350;0.986099;1.003976,,multiprocessing,2026-10-03T20:22:23+00:00
W4-00920,W4,n2-standard-4,Windows,2022Server,AMD64,Intel(R) Xeon(R) CPU @ 2.80GHz,intel,4,2,2800,17.2,3.14.6,CPython,1,spawn,2.5.3,db,db_file_lookup,36,112,0.0,seconds,normal,378,131,4,8,1,5,1,0,0.0011755837208617121,1.0,0.049126989897735174,0.0030963339579084797,0.8019799302967405,0.0,0.11369849999937287,0.00044410000373318326,0.31605469999976776,0.4380187999995542,0.25228660000175296,0.2304058999998233,0.438019;0.472896;0.437082,0.252404;0.252287;0.252163,0.234193;0.230258;0.230406,,multiprocessing,2026-10-03T20:22:27+00:00
W4-00921,W4,n2-standard-4,Windows,2022Server,AMD64,Intel(R) Xeon(R) CPU @ 2.80GHz,intel,4,2,2800,17.2,3.14.6,CPython,1,spawn,2.5.3,algo_iter,algo_kmeans,30,749891,0.3,ms,big,225,749913,4,2,3,15,0,0,0.0008603178569046577,1.0,0.1594644448219961,0.417095840882404,1.00208372899296,0.0,0.10380479999912495,0.007583800012071151,0.15308379999987665,0.18705129999943892,0.1964373999999225,0.48350480000044627,0.187051;0.186781;0.191975,0.196437;0.198014;0.195626,0.483505;0.479843;0.489659,,sequential,2026-10-03T20:22:30+00:00
W4-00922,W4,n2-standard-4,Windows,2022Server,AMD64,Intel(R) Xeon(R) CPU @ 2.80GHz,intel,4,2,2800,17.2,3.14.6,CPython,1,spawn,2.5.3,text,text_format_report,62,860,0.8,seconds,normal,1830,882,4,2,1,2,0,0,8.611028445017839e-05,1.0,0.4514628014830429,0.049181112611118016,0.9142216802270486,3.1,0.08364819999951578,0.0010586000062176026,0.15308379999987665,0.15939979999893694,0.166039699999601,0.0906676000013249,0.159044;0.169107;0.159400,0.169226;0.166040;0.165546,0.109397;0.089703;0.090668,,multiprocessing,2026-10-03T20:22:32+00:00
W4-00923,W4,n2-standard-4,Windows,2022Server,AMD64,Intel(R) Xeon(R) CPU @ 2.80GHz,intel,4,2,2800,17.2,3.14.6,CPython,1,spawn,2.5.3,big_payload,big_reverse,1,268472,0.0,seconds,big,744,268494,4,4,0,0,0,0,0.00018738870957965827,1.0,0.11536056769033468,0.5173470719795301,0.9257059467043787,0.0,0.07526150000012422,0.0026123000170628075,0.18915170000036596,0.16007619999982126,0.16938370000025316,0.883450700001049,0.160076;0.160173;0.157014,0.159024;0.173949;0.169384,0.883451,,sequential,2026-10-03T20:22:35+00:00
W4-00924,W4,n2-standard-4,Windows,2022Server,AMD64,Intel(R) Xeon(R) CPU @ 2.80GHz,intel,4,2,2800,17.2,3.14.6,CPython,1,spawn,2.5.3,algo_rec,algo_flood_fill,1,27,0.0,ms,normal,29,46,4,4,3,10,0,0,0.00028617142821271306,1.0,0.6953281686631839,0.02176517348917922,0.6895474056620915,0.0,0.004866499999479856,0.0002694000013434561,0.18915170000036596,0.008206299999073963,0.008713300001545576,0.005952600000455277,0.008501;0.008185;0.008206,0.009066;0.008713;0.008681,0.005953;0.006259;0.005801,,multiprocessing,2026-10-03T20:22:36+00:00
W4-00925,W4,n2-standard-4,Windows,2022Server,AMD64,Intel(R) Xeon(R) CPU @ 2.80GHz,intel,4,2,2800,17.2,3.14.6,CPython,1,spawn,2.5.3,gil_release,gil_zlib,4,14270,0.8,ms,normal,8,14292,4,2,1,1,0,1,0.0015659666660212679,1.0,0.21802911466240482,0.008471870261608153,1.1942756391188398,2.3,0.009002299999337993,0.0002404000006208662,0.15308379999987665,0.010783899999296409,0.0061854000014136545,0.006856100000732113,0.010775;0.010784;0.010785,0.007381;0.006185;0.006116,0.006721;0.008205;0.006856,,threading,2026-10-03T20:22:36+00:00
W4-00926,W4,n2-standard-4,Windows,2022Server,AMD64,Intel(R) Xeon(R) CPU @ 2.80GHz,intel,4,2,2800,17.2,3.14.6,CPython,1,spawn,2.5.3,big_payload,big_reverse,2,508046,0.0,seconds,big,393,508068,4,2,0,0,0,0,0.0003480734694119524,1.0,0.14164518765654316,1.626294589516719,0.9491496519809466,0.0,0.08206649999920046,0.011941899996600114,0.15308379999987665,0.15196199999991222,0.15303190000122413,0.8885791000011523,0.150891;0.164952;0.151962,0.202142;0.148378;0.153032,0.888579,,sequential,2026-10-03T20:22:40+00:00
W4-00927,W4,n2-standard-4,Windows,2022Server,AMD64,Intel(R) Xeon(R) CPU @ 2.80GHz,intel,4,2,2800,17.2,3.14.6,CPython,1,spawn,2.5.3,db,db_file_lookup,67,19,0.8,seconds,normal,90,38,4,2,1,5,1,0,0.0020736636362760855,1.0,0.3534767219770668,0.0017360578072830892,0.8439928957767097,5.5,0.10127959999954328,0.0003820000019914005,0.15308379999987665,0.18572059999860357,0.11463249999906111,0.10845440000048256,0.174568;0.185721;0.188541,0.111405;0.114632;0.118204,0.108454;0.115900;0.107452,,multiprocessing,2026-10-03T20:22:41+00:00
W4-00928,W4,n2-standard-4,Windows,2022Server,AMD64,Intel(R) Xeon(R) CPU @ 2.80GHz,intel,4,2,2800,17.2,3.14.6,CPython,1,spawn,2.5.3,gil_release,gil_sha256,29,12255,0.0,ms,normal,320,12277,4,4,1,1,0,1,0.0009111436364698668,1.0,0.00787897408265469,0.009296009422292296,1.7602765994696576,0.0,0.0791905999994924,0.0005340999941836344,0.18915170000036596,0.3068776000000071,0.1306869000000006,0.13268559999960416,0.297960;0.306878;0.307071,0.129708;0.130687;0.131450,0.132686;0.145402;0.131893,,threading,2026-10-03T20:22:44+00:00
W4-00929,W4,n2-standard-4,Windows,2022Server,AMD64,Intel(R) Xeon(R) CPU @ 2.80GHz,intel,4,2,2800,17.2,3.14.6,CPython,1,spawn,2.5.3,io,io_sleep_chunks,4229,133,0.0,ms,normal,8,153,4,4,1,1,1,0,0.007770866666760412,0.007874643420878851,0.008288405168253785,0.001505623563088267,1.467528444299091,0.0,0.04037820000121428,0.0010150000016437843,0.18915170000036596,0.06220209999992221,0.01586739999947895,0.013675200001671328,0.062010;0.062271;0.062202,0.016047;0.015867;0.015814,0.013922;0.013675;0.013200,,multiprocessing,2026-10-03T20:22:45+00:00
W4-00930,W4,n2-standard-4,Windows,2022Server,AMD64,Intel(R) Xeon(R) CPU @ 2.80GHz,intel,4,2,2800,17.2,3.14.6,CPython,1,spawn,2.5.3,algo_iter,algo_dijkstra,1886,586,0.0,seconds,normal,371,609,4,2,2,15,0,0,0.005736611110882627,1.0,0.4871873831088513,0.0010342922884296426,0.9249015321649442,0.0,0.09826020000036806,0.00034270000105607323,0.15308379999987665,1.8296351999997569,1.9494558999995206,1.066011900000376,1.932768;1.829635;1.829263,1.958295;1.945990;1.949456,1.024635;1.084289;1.066012,,multiprocessing,2026-10-03T20:23:00+00:00
W4-00931,W4,n2-standard-4,Windows,2022Server,AMD64,Intel(R) Xeon(R) CPU @ 2.80GHz,intel,4,2,2800,17.2,3.14.6,CPython,1,spawn,2.5.3,recursive,rec_tree_sum,6512,37,0.0,seconds,normal,171,57,4,8,0,4,0,0,0.0025040000002263694,0.9496395836469514,0.5713955470264119,0.0017072682583122803,1.1492162668526207,0.0,0.09419040000102541,0.00040099999750964344,0.31605469999976776,0.37149030000000494,0.3931854000002204,0.20821649999925285,0.371490;0.373571;0.368204,0.397792;0.393185;0.391630,0.209299;0.208216;0.206215,,multiprocessing,2026-10-03T20:23:03+00:00
W4-00932,W4,n2-standard-4,Windows,2022Server,AMD64,Intel(R) Xeon(R) CPU @ 2.80GHz,intel,4,2,2800,17.2,3.14.6,CPython,1,spawn,2.5.3,gil_release,gil_numpy_matmul,177,58030,0.0,ms,normal,77,58052,4,4,0,2,0,1,0.00037154736836734966,1.0,0.1527108513643448,0.039054310856572676,1.412961656437059,0.0,0.012563800000862102,0.0005966000007902039,0.18915170000036596,0.027292200000374578,0.01554260000011709,0.018224700001155725,0.027292;0.027021;0.028791,0.015543;0.015905;0.015206,0.018859;0.017471;0.018225,,threading,2026-10-03T20:23:04+00:00
W4-00933,W4,n2-standard-4,Windows,2022Server,AMD64,Intel(R) Xeon(R) CPU @ 2.80GHz,intel,4,2,2800,17.2,3.14.6,CPython,1,spawn,2.5.3,algo_rec,algo_flood_fill,11,1708,0.0,ms,normal,8,1730,4,4,3,10,0,0,0.004112499999488743,1.0,0.061277467458858675,0.002739614920168798,0.9708419495129786,0.0,0.02591290000054869,0.00026200000320386607,0.18915170000036596,0.03284859999985201,0.03331109999999171,0.01837560000058147,0.032529;0.032849;0.036358,0.033311;0.033311;0.032618,0.018574;0.018376;0.018353,,multiprocessing,2026-10-03T20:23:05+00:00
W4-00934,W4,n2-standard-4,Windows,2022Server,AMD64,Intel(R) Xeon(R) CPU @ 2.80GHz,intel,4,2,2800,17.2,3.14.6,CPython,1,spawn,2.5.3,recursive,rec_tree_sum,652,144092,0.3,seconds,big,1388,144115,4,2,0,4,0,0,0.00021710043479486005,1.0,0.17672308928623306,0.1699904466931968,0.9778326693139493,0.0,0.10265419999996084,0.0014004999975441024,0.15308379999987665,0.30019850000098813,0.3126790999995137,0.6694866999987426,0.296595;0.313398;0.300199,0.312679;0.312933;0.311408,0.699357;0.669487;0.635757,,sequential,2026-10-03T20:23:10+00:00
W4-00935,W4,n2-standard-4,Windows,2022Server,AMD64,Intel(R) Xeon(R) CPU @ 2.80GHz,intel,4,2,2800,17.2,3.14.6,CPython,1,spawn,2.5.3,algo_iter,algo_kmeans,27,1857024,0.3,ms,big,107,1857046,4,2,3,15,0,0,0.0006925653844099053,1.0,0.19466128690862883,1.4101051278626144,0.8345231520571854,1.6,0.05939519999992626,0.01991420000558719,0.15308379999987665,0.0823342000003322,0.08388259999992442,0.4836763000002975,0.082334;0.087169;0.081933,0.083883;0.083298;0.085396,0.483676,,sequential,2026-10-03T20:23:12+00:00
W4-00936,W4,n2-standard-4,Windows,2022Server,AMD64,Intel(R) Xeon(R) CPU @ 2.80GHz,intel,4,2,2800,17.2,3.14.6,CPython,1,spawn,2.5.3,mixed,mixed_hash_then_write,917,90573,0.3,seconds,normal,2208,90596,4,8,1,3,1,0,0.00029505147936563806,0.9384138968336686,0.1722733289439542,0.07571560081753785,1.0352679253240318,0.0,0.09922670000014477,0.0011988999867753591,0.31605469999976776,0.6823581999997259,0.5364421000012953,0.7085964999987482,0.664906;0.689191;0.682358,0.510149;0.546741;0.536442,0.710128;0.708596;0.699540,,threading,2026-10-03T20:23:19+00:00
W4-00937,W4,n2-standard-4,Windows,2022Server,AMD64,Intel(R) Xeon(R) CPU @ 2.80GHz,intel,4,2,2800,17.2,3.14.6,CPython,1,spawn,2.5.3,cpu,cpu_matmul_lists,6,103647,0.0,ms,big,1929,103669,4,2,3,5,0,0,1.8153319509854034e-05,1.0,0.06380257103468347,1.2625790049397163,0.8616933177492065,3.8,0.020610800000213203,0.001416399996742257,0.15308379999987665,0.03483800000140036,0.035487700000885525,0.6466067000001203,0.034838;0.034971;0.034550,0.035778;0.035488;0.035216,0.646607,,sequential,2026-10-03T20:23:21+00:00
W4-00938,W4,n2-standard-4,Windows,2022Server,AMD64,Intel(R) Xeon(R) CPU @ 2.80GHz,intel,4,2,2800,17.2,3.14.6,CPython,1,spawn,2.5.3,mixed,mixed_compute_then_sleep,16042,171,0.3,seconds,normal,2288,191,4,4,1,3,1,0,0.001516518181950122,0.4706608443580054,0.09686079873732799,0.0029277592045666343,1.5597038872094764,0.0,0.08251360000031127,0.0004521999944699928,0.18915170000036596,3.4135028000000602,1.8329539999995177,1.2746599999991304,3.413334;3.414774;3.413503,1.834827;1.832954;1.826984,1.274660;1.268037;1.291236,,multiprocessing,2026-10-03T20:23:41+00:00
W4-00939,W4,n2-standard-4,Windows,2022Server,AMD64,Intel(R) Xeon(R) CPU @ 2.80GHz,intel,4,2,2800,17.2,3.14.6,CPython,1,spawn,2.5.3,algo_rec,algo_sudoku,2,229,0.3,seconds,normal,237,248,4,4,3,28,0,0,0.0017204914286724359,1.0,1.7010827275236058,0.002490567465686641,0.9440547378864642,0.0,0.12575890000152867,0.0004785999990417622,0.18915170000036596,0.4708772999983921,0.48643340000126045,0.2825386000004073,0.469685;0.496559;0.470877,0.486433;0.486962;0.481525,0.271561;0.282539;0.286424,,multiprocessing,2026-10-03T20:23:46+00:00
W4-00940,W4,n2-standard-4,Windows,2022Server,AMD64,Intel(R) Xeon(R) CPU @ 2.80GHz,intel,4,2,2800,17.2,3.14.6,CPython,1,spawn,2.5.3,tiny,tiny_dict_lookup,1,186,0.3,ms,normal,147123,205,4,2,0,1,0,0,3.2489998557139186e-07,1.0,0.2892214126631954,12.434595878874134,0.510950850981697,0.0,0.005814500000269618,0.002995900029418408,0.15308379999987665,0.039232700000866316,0.04545450000114215,0.12715930000013032,0.039780;0.036732;0.039233,0.045679;0.045455;0.044913,0.124533;0.127159;0.127393,,sequential,2026-10-03T20:23:47+00:00
W4-00941,W4,n2-standard-4,Windows,2022Server,AMD64,Intel(R) Xeon(R) CPU @ 2.80GHz,intel,4,2,2800,17.2,3.14.6,CPython,1,spawn,2.5.3,algo_rec,algo_flood_fill,1,257,0.0,ms,normal,109,279,4,2,3,10,0,0,0.0003757222222904804,1.0,0.5114388958073756,0.011018779036270581,0.8588005697556144,0.0,0.02227380000113044,0.0003507999990688404,0.15308379999987665,0.036073500001293723,0.03650200000083714,0.01975009999841859,0.036738;0.036074;0.035423,0.036583;0.036502;0.035440,0.019717;0.019750;0.040304,,multiprocessing,2026-10-03T20:23:48+00:00
W4-00942,W4,n2-standard-4,Windows,2022Server,AMD64,Intel(R) Xeon(R) CPU @ 2.80GHz,intel,4,2,2800,17.2,3.14.6,CPython,1,spawn,2.5.3,recursive,rec_tree_sum,3567,142,0.3,seconds,normal,923,162,4,4,0,4,0,0,0.0013566054052274478,1.0,0.37053356630709783,0.003328160114311837,0.9064208608237203,0.0,0.10509610000008252,0.00044130000605946407,0.18915170000036596,1.2190517999988515,1.273199500001283,0.6780907999982446,1.217390;1.219052;1.269273,1.277278;1.273200;1.270734,0.678091;0.677261;0.679507,,multiprocessing,2026-10-03T20:23:58+00:00
W4-00943,W4,n2-standard-4,Windows,2022Server,AMD64,Intel(R) Xeon(R) CPU @ 2.80GHz,intel,4,2,2800,17.2,3.14.6,CPython,1,spawn,2.5.3,numpy,np_sort,1797,644928,0.3,ms,big,45,644951,4,2,0,3,0,1,0.0026723181814635277,1.0,0.020248665225652093,0.051603136597866466,1.4067017477755777,0.0,0.052102199999353616,0.0017895000037242426,0.15308379999987665,0.11887339999884716,0.0793152000005648,0.10249920000023849,0.118873;0.124770;0.118512,0.079315;0.088373;0.076280,0.102341;0.102499;0.105871,,threading,2026-10-03T20:23:59+00:00
W4-00944,W4,n2-standard-4,Windows,2022Server,AMD64,Intel(R) Xeon(R) CPU @ 2.80GHz,intel,4,2,2800,17.2,3.14.6,CPython,1,spawn,2.5.3,db,db_file_commit,4,107,0.8,ms,normal,8,126,4,2,1,0,1,0,0.015292633333350144,0.25266186170434957,0.27840993637178957,0.0008173870199404027,0.7208777432754421,6.8,0.1020938000001479,0.00036750000072061084,0.15308379999987665,0.14062299999932293,0.08416789999864704,0.0846732999998494,0.142815;0.137323;0.140623,0.084168;0.083888;0.087781,0.084673;0.084219;0.086710,,threading,2026-10-03T20:24:01+00:00
W4-00945,W4,n2-standard-4,Windows,2022Server,AMD64,Intel(R) Xeon(R) CPU @ 2.80GHz,intel,4,2,2800,17.2,3.14.6,CPython,1,spawn,2.5.3,gil_release,gil_zlib,2,20656,0.0,seconds,normal,3499,20678,4,4,1,1,0,1,0.0009276722221666542,1.0,0.011651529299606942,0.00902797286787892,1.8118966355288562,0.0,0.07837619999918388,0.0005522000028577168,0.18915170000036596,3.3865939999996044,1.1207037000003766,1.2091553999998723,3.386784;3.347341;3.386594,1.120704;1.119653;1.191028,1.209155;1.207025;1.407749,,threading,2026-10-03T20:24:19+00:00
W4-00946,W4,n2-standard-4,Windows,2022Server,AMD64,Intel(R) Xeon(R) CPU @ 2.80GHz,intel,4,2,2800,17.2,3.14.6,CPython,1,spawn,2.5.3,db,db_mem_group_by,27,37,0.0,ms,normal,157,56,4,4,1,2,1,0,0.00014243076932474744,1.0,0.2546339017394799,0.023976561378458407,0.6828417557337161,24.2,0.013838000000760076,0.00037789999805681873,0.18915170000036596,0.025657500000306754,0.029409500000838307,0.013856100000339211,0.020885;0.033077;0.025658,0.028020;0.029410;0.031847,0.013856;0.016330;0.012579,,multiprocessing,2026-10-03T20:24:20+00:00
W4-00947,W4,n2-standard-4,Windows,2022Server,AMD64,Intel(R) Xeon(R) CPU @ 2.80GHz,intel,4,2,2800,17.2,3.14.6,CPython,1,spawn,2.5.3,gil_release,gil_sha256,30,69702,0.8,ms,normal,8,69724,4,4,1,1,0,1,0.006380366667144699,0.983224113887478,0.39427404641627745,0.009205322538743888,1.114993957764884,24.2,0.03926750000027823,0.0004473999979381915,0.18915170000036596,0.05029449999892677,0.023873399999502,0.022651500001302338,0.052177;0.045384;0.050294,0.023873;0.025585;0.021613,0.027504;0.021813;0.022652,,multiprocessing,2026-10-03T20:24:21+00:00
W4-00948,W4,n2-standard-4,Windows,2022Server,AMD64,Intel(R) Xeon(R) CPU @ 2.80GHz,intel,4,2,2800,17.2,3.14.6,CPython,1,spawn,2.5.3,algo_iter,algo_edit_distance,1546,30,0.8,ms,normal,55,50,4,8,2,16,0,0,0.00030036923117922223,1.0,0.30310978424953683,0.014930341680235232,0.6372570379319057,26.5,0.010227500000837608,0.0002811999966070289,0.31605469999976776,0.01688599999943108,0.017625299999053823,0.011625900000581169,0.014902;0.016889;0.016886,0.019612;0.017625;0.016955,0.011626;0.012938;0.010547,,multiprocessing,2026-10-03T20:24:21+00:00
W4-00949,W4,n2-standard-4,Windows,2022Server,AMD64,Intel(R) Xeon(R) CPU @ 2.80GHz,intel,4,2,2800,17.2,3.14.6,CPython,1,spawn,2.5.3,tiny,tiny_dict_lookup,32,79,0.0,ms,normal,35869,98,4,2,0,1,0,0,2.7415001841291084e-07,1.0,0.34386171496441886,13.861023771555809,0.44994037150285104,14.1,0.005577599999014637,0.0029413999618554953,0.15308379999987665,0.007144400000470341,0.009439900000870693,0.017365200001222547,0.012895;0.006941;0.007144,0.012211;0.009423;0.009440,0.019590;0.014474;0.017365,,sequential,2026-10-03T20:24:22+00:00
W4-00950,W4,n2-standard-4,Windows,2022Server,AMD64,Intel(R) Xeon(R) CPU @ 2.80GHz,intel,4,2,2800,17.2,3.14.6,CPython,1,spawn,2.5.3,big_result,result_matrix_lists,190,155479,0.8,ms,big,10,155501.66666666666,4,2,2,5,0,0,0.010417266666991054,1.0,0.23986206224747156,0.2600490211410559,1.7900922316165393,20.3,0.05510810000123456,0.008355100000699167,0.15308379999987665,0.06878839999990305,0.06557000000066182,0.05826379999962228,0.068826;0.068788;0.065668,0.077174;0.064904;0.065570,0.093844;0.057442;0.058264,,multiprocessing,2026-10-03T20:24:23+00:00
W4-00951,W4,n2-standard-4,Windows,2022Server,AMD64,Intel(R) Xeon(R) CPU @ 2.80GHz,intel,4,2,2800,17.2,3.14.6,CPython,1,spawn,2.5.3,algo_iter,algo_kmeans,67,53,0.3,seconds,normal,785,72,4,8,3,15,0,0,0.0017109900001135733,1.0,0.17242625272049505,0.0031706788142295142,0.8849573345764911,0.0,0.11004810000122234,0.0003890999978466425,0.31605469999976776,1.3896757999991678,1.4388235999995231,0.7281930999997712,1.389676;1.465573;1.383139,1.438824;1.433849;1.442419,0.732235;0.727097;0.728193,,multiprocessing,2026-10-03T20:24:35+00:00
W4-00952,W4,n2-standard-4,Windows,2022Server,AMD64,Intel(R) Xeon(R) CPU @ 2.80GHz,intel,4,2,2800,17.2,3.14.6,CPython,1,spawn,2.5.3,io,io_sleep_return_payload,214,2840,0.3,ms,normal,160,2862.1,4,2,0,1,1,0,0.0009712525001759787,0.017543537351729775,0.030274140547793843,0.005019292206030387,1.974236206042773,0.0,0.059198599999945145,0.0004919999919366091,0.15308379999987665,0.1560417000000598,0.07829470000069705,0.07890500000030443,0.155931;0.156042;0.156215,0.078275;0.078793;0.078295,0.079089;0.078905;0.078829,,threading,2026-10-03T20:24:36+00:00
W4-00953,W4,n2-standard-4,Windows,2022Server,AMD64,Intel(R) Xeon(R) CPU @ 2.80GHz,intel,4,2,2800,17.2,3.14.6,CPython,1,spawn,2.5.3,recursive,rec_fib,136,1398,0.3,ms,normal,2158,1420,4,2,0,4,0,0,1.2988126143678792e-05,1.0,0.214809901652059,0.3175977872046625,0.8637809009463141,0.0,0.016680700000506476,0.0012751000103889965,0.15308379999987665,0.02994369999942137,0.029920699998911005,0.01944799999910174,0.029944;0.029737;0.030193,0.029921;0.029691;0.030372,0.026868;0.019035;0.019448,,multiprocessing,2026-10-03T20:24:37+00:00
W4-00954,W4,n2-standard-4,Windows,2022Server,AMD64,Intel(R) Xeon(R) CPU @ 2.80GHz,intel,4,2,2800,17.2,3.14.6,CPython,1,spawn,2.5.3,cpu,cpu_collatz,2257,1579217,0.0,ms,big,8,1579240,4,4,2,5,0,0,0.011377400000128546,1.0,0.0017336653238475834,0.07490580745225084,0.9448604964131232,0.0,0.07314650000080292,0.0028297000008024042,0.18915170000036596,0.09587410000131058,0.09279880000030971,0.06554010000036214,0.090682;0.095874;0.101617,0.092344;0.093695;0.092799,0.065615;0.065540;0.061973,,multiprocessing,2026-10-03T20:24:38+00:00
W4-00955,W4,n2-standard-4,Windows,2022Server,AMD64,Intel(R) Xeon(R) CPU @ 2.80GHz,intel,4,2,2800,17.2,3.14.6,CPython,1,spawn,2.5.3,tiny,tiny_small_loop,1,92,0.0,ms,normal,118033,111,4,8,0,0,0,0,2.814499985106522e-07,1.0,0.350489569491496,14.6384790371213,0.4363610696343147,0.0,0.0056798999994498445,0.0029577000022982247,0.31605469999976776,0.0235752999997203,0.028289100000620238,0.05231840000124066,0.023575;0.023109;0.025538,0.028603;0.028289;0.028073,0.053329;0.052318;0.050553,,sequential,2026-10-03T20:24:39+00:00
W4-00956,W4,n2-standard-4,Windows,2022Server,AMD64,Intel(R) Xeon(R) CPU @ 2.80GHz,intel,4,2,2800,17.2,3.14.6,CPython,1,spawn,2.5.3,tiny,tiny_small_loop,1,279,0.3,ms,normal,183581,301,4,8,0,0,0,0,3.1999999828258295e-07,0.9733383220858747,2.2577340940663864,13.140624801092441,0.56069865940843,0.0,0.005682400000296184,0.002962400003525545,0.31605469999976776,0.04075829999965208,0.047483199999987846,0.1567656999995961,0.042087;0.040758;0.036587,0.047292;0.049759;0.047483,0.156766;0.155849;0.165126,,sequential,2026-10-03T20:24:41+00:00
W4-00957,W4,n2-standard-4,Windows,2022Server,AMD64,Intel(R) Xeon(R) CPU @ 2.80GHz,intel,4,2,2800,17.2,3.14.6,CPython,1,spawn,2.5.3,big_payload,big_checksum_head,2513,665843,0.3,ms,big,252,665866,4,8,1,1,0,0,5.973492076759973e-05,1.0,0.1746410909467239,7.538220427631448,0.8234003736059503,0.0,0.01846289999957662,0.009873499991954304,0.31605469999976776,0.01513370000066061,0.015827799999897252,0.4587061000001995,0.014975;0.015764;0.015134,0.015828;0.015692;0.015902,0.458706,,sequential,2026-10-03T20:24:42+00:00
W4-00958,W4,n2-standard-4,Windows,2022Server,AMD64,Intel(R) Xeon(R) CPU @ 2.80GHz,intel,4,2,2800,17.2,3.14.6,CPython,1,spawn,2.5.3,mixed,mixed_json_roundtrip,3,1971,0.0,ms,normal,114,1993,4,2,1,1,1,0,0.0001618392858680246,0.6684909549777953,0.14978975114955898,0.025982566483642163,0.9834976831569808,0.0,0.009483999998337822,0.00037599999450321775,0.15308379999987665,0.016037800000049174,0.016335899999830872,0.010371200000008685,0.015432;0.016038;0.016039,0.016069;0.016336;0.016441,0.010401;0.009739;0.010371,,multiprocessing,2026-10-03T20:24:43+00:00
W4-00959,W4,n2-standard-4,Windows,2022Server,AMD64,Intel(R) Xeon(R) CPU @ 2.80GHz,intel,4,2,2800,17.2,3.14.6,CPython,1,spawn,2.5.3,tiny,tiny_dict_lookup,1,88,0.8,seconds,normal,200000,107,4,4,0,1,0,0,2.874000028896262e-07,1.0,0.5631075214957149,13.08281121644931,0.4374700397557265,0.0,0.0057173000004695496,0.0029417999958241126,0.18915170000036596,0.043776900000011665,0.05103400000007241,0.10916759999963688,0.043946;0.043777;0.041211,0.051395;0.050667;0.051034,0.109168;0.101956;0.116118,,sequential,2026-10-03T20:24:44+00:00
W4-00960,W4,n2-standard-4,Windows,2022Server,AMD64,Intel(R) Xeon(R) CPU @ 2.80GHz,intel,4,2,2800,17.2,3.14.6,CPython,1,spawn,2.5.3,big_result,result_matrix_lists,90,182,0.8,seconds,normal,3043,201,4,2,2,5,0,0,0.0012075813952664206,1.0,0.7508251172705225,0.3496617299747545,0.8522977466176156,0.0,0.12122660000022734,0.008818300004350021,0.15308379999987665,3.6229569999995874,3.6277441000002,2.630213200000071,3.752867;3.622957;3.610314,3.627744;3.637494;3.608961,2.630213;2.617351;2.815199,,multiprocessing,2026-10-03T20:25:15+00:00
W4-00961,W4,n2-standard-4,Windows,2022Server,AMD64,Intel(R) Xeon(R) CPU @ 2.80GHz,intel,4,2,2800,17.2,3.14.6,CPython,1,spawn,2.5.3,mixed,mixed_json_roundtrip,24,219,0.8,seconds,normal,283,238,4,8,1,1,1,0,0.001138952272702392,0.570551935420174,0.5640689303913291,0.003700769797688354,1.281942932996211,3.1,0.09023270000034245,0.0004856000014115125,0.31605469999976776,0.3436984999989363,0.21775920000072801,0.10796970000046713,0.345585;0.342556;0.343698,0.213694;0.219824;0.217759,0.108669;0.107970;0.107003,,multiprocessing,2026-10-03T20:25:18+00:00
W4-00962,W4,n2-standard-4,Windows,2022Server,AMD64,Intel(R) Xeon(R) CPU @ 2.80GHz,intel,4,2,2800,17.2,3.14.6,CPython,1,spawn,2.5.3,db,db_file_lookup,352,504,0.3,ms,normal,8,526.6666666666666,4,2,1,5,1,0,0.00856730000001941,1.0,0.18917803693667318,0.0010232706598454456,0.5124028879581232,0.0,0.07116279999900144,0.00023579999833600596,0.15308379999987665,0.06776709999940067,0.04325229999994917,0.04557740000018384,0.068098;0.067720;0.067767,0.044273;0.043252;0.043101,0.045577;0.044728;0.046233,,threading,2026-10-03T20:25:19+00:00
W4-00963,W4,n2-standard-4,Windows,2022Server,AMD64,Intel(R) Xeon(R) CPU @ 2.80GHz,intel,4,2,2800,17.2,3.14.6,CPython,1,spawn,2.5.3,io,io_file_roundtrip,3,1480,0.3,ms,normal,8,1502,4,4,1,0,1,0,0.01230553333334683,0.14104938581990456,0.044000659516304906,0.001172914094755026,1.7182319133934871,0.0,0.05836559999988822,0.0002586999999039108,0.18915170000036596,0.049825699999928474,0.01757010000073933,0.017368900000292342,0.057214;0.048430;0.049826,0.018724;0.017011;0.017570,0.017985;0.017369;0.016782,,multiprocessing,2026-10-03T20:25:20+00:00
W4-00964,W4,n2-standard-4,Windows,2022Server,AMD64,Intel(R) Xeon(R) CPU @ 2.80GHz,intel,4,2,2800,17.2,3.14.6,CPython,1,spawn,2.5.3,big_result,result_long_string,13965,378,0.3,seconds,normal,261,401,4,4,1,1,0,0,0.0032080812499089006,1.0,0.17845470949496176,0.10309511339353931,0.9435466294011874,0.0,0.11025589999917429,0.0056513999988965224,0.18915170000036596,0.8626306999994995,0.8649225999997725,0.6552432000007684,0.852919;0.862631;0.864509,0.866175;0.864923;0.862892,0.660103;0.637985;0.655243,,multiprocessing,2026-10-03T20:25:28+00:00
W4-00965,W4,n2-standard-4,Windows,2022Server,AMD64,Intel(R) Xeon(R) CPU @ 2.80GHz,intel,4,2,2800,17.2,3.14.6,CPython,1,spawn,2.5.3,numpy,np_fft,978427,2426,0.0,ms,normal,8,2451,4,8,0,0,0,1,0.22575173333340595,0.9999340669471993,0.003049731439119981,5.448463275058699e-05,1.4254833800385383,2.3,1.151696199998696,0.0002798999994411133,0.31605469999976776,1.820871599999009,0.8260383999986516,0.7910526000014215,1.820058;1.860531;1.820872,0.826038;0.830922;0.796690,0.768183;0.791053;0.814479,,multiprocessing,2026-10-03T20:25:41+00:00
W4-00966,W4,n2-standard-4,Windows,2022Server,AMD64,Intel(R) Xeon(R) CPU @ 2.80GHz,intel,4,2,2800,17.2,3.14.6,CPython,1,spawn,2.5.3,tiny,tiny_dict_lookup,118,648862,0.3,ms,big,308,648884,4,2,0,1,0,0,5.948052355299958e-07,1.0,0.43597105254016133,565.2018173748268,0.06859179505400384,0.0,0.007958800000778865,0.007172699997681775,0.15308379999987665,0.00010780000047816429,0.0004816999999093241,0.6220902000004571,0.000129;0.000108;0.000078,0.000510;0.000453,0.622090,,sequential,2026-10-03T20:25:43+00:00
W4-00967,W4,n2-standard-4,Windows,2022Server,AMD64,Intel(R) Xeon(R) CPU @ 2.80GHz,intel,4,2,2800,17.2,3.14.6,CPython,1,spawn,2.5.3,numpy,np_sort,37390,400,0.0,seconds,normal,2615,423,4,8,0,3,0,1,0.0016849700000117688,1.0,0.12731791031407946,0.0027567255790879905,1.8199298281573155,0.8,0.0786973999984184,0.00045959999806655105,0.31605469999976776,4.436397900000884,2.253769900000407,2.242690799999764,4.484751;4.436398;4.366503,2.253770;2.261885;2.242600,2.242691;2.249655;2.231073,,multiprocessing,2026-10-03T20:26:10+00:00
W4-00968,W4,n2-standard-4,Windows,2022Server,AMD64,Intel(R) Xeon(R) CPU @ 2.80GHz,intel,4,2,2800,17.2,3.14.6,CPython,1,spawn,2.5.3,tiny,tiny_small_loop,41,136605,0.0,ms,big,1464,136627,4,2,0,0,0,0,7.33606527413781e-07,1.0,0.581550811831925,49.50201324129495,0.29465547335511816,0.0,0.0028674000004684785,0.0014771000114706112,0.15308379999987665,0.0006868000000395114,0.0011491000004753005,0.6547871000002488,0.000895;0.000687;0.000613,0.001364;0.001094;0.001149,0.654787,,sequential,2026-10-03T20:26:12+00:00
W4-00969,W4,n2-standard-4,Windows,2022Server,AMD64,Intel(R) Xeon(R) CPU @ 2.80GHz,intel,4,2,2800,17.2,3.14.6,CPython,1,spawn,2.5.3,recursive,rec_nqueens,9,215302,0.3,ms,big,78,215324,4,4,1,10,0,0,0.0013491000000182172,0.9525582278095497,0.20356229243008317,0.03607473200389196,0.8987251362847404,4.5,0.054869800000233226,0.0012793999994755723,0.18915170000036596,0.10356510000019625,0.10625609999988228,0.06913799999892944,0.102406;0.103565;0.109390,0.106256;0.105499;0.107170,0.072236;0.068790;0.069138,,multiprocessing,2026-10-03T20:26:13+00:00
W4-00970,W4,n2-standard-4,Windows,2022Server,AMD64,Intel(R) Xeon(R) CPU @ 2.80GHz,intel,4,2,2800,17.2,3.14.6,CPython,1,spawn,2.5.3,algo_rec,algo_sudoku,4,887696,0.3,seconds,big,225,887718,4,2,3,28,0,0,0.0031229058826926013,1.0,0.927776991805906,0.14064201131663426,0.5512343731911004,1.6,0.14585249999981897,0.007823699994332856,0.15308379999987665,1.3307853000005707,1.3769936999997299,1.1628601000011258,1.330777;1.330785;1.480437,1.368386;1.376994;1.478292,1.162860;1.044358;1.434967,,multiprocessing,2026-10-03T20:26:27+00:00
W4-00971,W4,n2-standard-4,Windows,2022Server,AMD64,Intel(R) Xeon(R) CPU @ 2.80GHz,intel,4,2,2800,17.2,3.14.6,CPython,1,spawn,2.5.3,algo_iter,algo_dijkstra,734,104750,0.0,ms,big,22,104773,4,8,2,15,0,0,0.0018133799996576272,1.0,0.05914680174386492,0.01981934293731652,0.8616580867703431,2.3,0.019754699998884462,0.00039990000186662655,0.31605469999976776,0.040684699999474105,0.04941010000038659,0.03445369999826653,0.039174;0.043927;0.040685,0.045592;0.069343;0.049410,0.024629;0.034454;0.034821,,multiprocessing,2026-10-03T20:26:27+00:00
W4-00972,W4,n2-standard-4,Windows,2022Server,AMD64,Intel(R) Xeon(R) CPU @ 2.80GHz,intel,4,2,2800,17.2,3.14.6,CPython,1,spawn,2.5.3,io,io_sleep_chunks,707,1367,0.8,ms,normal,19,1390,4,2,1,1,1,0,0.0038778999996793573,0.01897492726449065,0.014112276917010225,0.0034812654050854165,1.9341143283458504,15.6,0.024022400000831112,0.00035600000228441786,0.15308379999987665,0.07405020000078366,0.03898059999846737,0.03925630000048841,0.073952;0.074050;0.074076,0.038981;0.038973;0.039485,0.039256;0.039239;0.039259,,threading,2026-10-03T20:26:28+00:00
W4-00973,W4,n2-standard-4,Windows,2022Server,AMD64,Intel(R) Xeon(R) CPU @ 2.80GHz,intel,4,2,2800,17.2,3.14.6,CPython,1,spawn,2.5.3,cpu,cpu_count_primes,589,207,0.0,seconds,normal,2368,227,4,8,2,4,0,0,0.00017695141831228795,0.9495460007417769,0.2922531637945395,0.024187431464472737,1.1120903130650879,25.0,0.09592829999928654,0.0009612000339984661,0.31605469999976776,0.3655297999994218,0.3780211000012059,0.21067849999963073,0.365530;0.368787;0.358291,0.378021;0.374873;0.381104,0.210678;0.215230;0.205959,,multiprocessing,2026-10-03T20:26:32+00:00
W4-00974,W4,n2-standard-4,Windows,2022Server,AMD64,Intel(R) Xeon(R) CPU @ 2.80GHz,intel,4,2,2800,17.2,3.14.6,CPython,1,spawn,2.5.3,tiny,tiny_small_loop,2,1761133,0.0,ms,big,113,1761155,4,4,0,0,0,0,6.571429236958335e-07,1.0,0.6954822945895265,1406.9009444903804,0.025490129644828368,7.8,0.019615799999883166,0.018866499996875064,0.18915170000036596,5.140000030223746e-05,0.0005180999996809987,0.49562650000007125,0.000053;0.000051;0.000021,0.000518,0.495627,,sequential,2026-10-03T20:26:34+00:00
W4-00975,W4,n2-standard-4,Windows,2022Server,AMD64,Intel(R) Xeon(R) CPU @ 2.80GHz,intel,4,2,2800,17.2,3.14.6,CPython,1,spawn,2.5.3,recursive,rec_fib,750,573,0.0,ms,normal,1497,596,4,4,0,4,0,0,6.290053475180791e-05,1.0,0.028665687033061528,0.07066713031308171,0.9152904446854935,0.0,0.050331099999311846,0.0008731000016268808,0.18915170000036596,0.09663459999865154,0.09844609999890963,0.05885339999986172,0.093902;0.096635;0.097713,0.098679;0.098446;0.096903,0.058853;0.057927;0.062911,,multiprocessing,2026-10-03T20:26:35+00:00
W4-00976,W4,n2-standard-4,Windows,2022Server,AMD64,Intel(R) Xeon(R) CPU @ 2.80GHz,intel,4,2,2800,17.2,3.14.6,CPython,1,spawn,2.5.3,algo_iter,algo_game_of_life,5,293,0.8,seconds,normal,437,315,4,8,5,9,0,0,0.006131622222003191,1.0,0.5684465909108415,0.008835798431192794,0.8169656996035396,2.3,0.12798509999993257,0.000736300002245116,0.31605469999976776,3.2038823000002594,3.1927517999993142,1.6984546999992745,3.227404;3.174141;3.203882,3.192752;3.187252;3.198422,1.707916;1.687368;1.698455,,multiprocessing,2026-10-03T20:27:00+00:00
W4-00977,W4,n2-standard-4,Windows,2022Server,AMD64,Intel(R) Xeon(R) CPU @ 2.80GHz,intel,4,2,2800,17.2,3.14.6,CPython,1,spawn,2.5.3,io,io_sleep_chunks,607,320,0.3,seconds,normal,303,343,4,2,1,1,1,0,0.003894384615565426,0.009874458893760752,0.009495176663512494,0.001356983412873697,1.8425045764387153,0.0,0.07861330000014277,0.00035209999805374537,0.15308379999987665,1.1833673000001,0.593853799999124,0.5942709999999352,1.183367;1.183404;1.183356,0.593677;0.594172;0.593854,0.594401;0.594268;0.594271,,threading,2026-10-03T20:27:08+00:00
W4-00978,W4,n2-standard-4,Windows,2022Server,AMD64,Intel(R) Xeon(R) CPU @ 2.80GHz,intel,4,2,2800,17.2,3.14.6,CPython,1,spawn,2.5.3,big_result,result_sorted_pairs,19045,37,0.8,seconds,normal,18,57,4,4,1,4,0,0,0.006810350000250764,1.0,0.5937719738571693,0.6110992826898213,1.087507707924668,0.0,0.0704399000005651,0.016913299999941955,0.18915170000036596,0.14749399999891466,0.14804889999868465,0.11429870000029041,0.146825;0.151965;0.147494,0.144997;0.150523;0.148049,0.119628;0.114299;0.113120,,multiprocessing,2026-10-03T20:27:09+00:00
W4-00979,W4,n2-standard-4,Windows,2022Server,AMD64,Intel(R) Xeon(R) CPU @ 2.80GHz,intel,4,2,2800,17.2,3.14.6,CPython,1,spawn,2.5.3,tiny,tiny_small_loop,33,266,0.3,ms,normal,125412,288,4,4,0,0,0,0,5.425000072136754e-07,0.909113774605236,4.56008092785099,7.539170645388799,0.685129309563655,0.0,0.006770199999664328,0.0031864999855315546,0.18915170000036596,0.049426199999288656,0.05677019999893673,0.12127220000002126,0.048059;0.049959;0.049426,0.056770;0.057454;0.056559,0.124755;0.120234;0.121272,,sequential,2026-10-03T20:27:11+00:00
W4-00980,W4,n2-standard-4,Windows,2022Server,AMD64,Intel(R) Xeon(R) CPU @ 2.80GHz,intel,4,2,2800,17.2,3.14.6,CPython,1,spawn,2.5.3,algo_rec,algo_lcs_memo,2,16,0.0,seconds,normal,116,35,4,4,1,10,0,0,0.0027184578947957276,1.0,0.06365817486415924,0.0014656142788741727,0.9467433442546932,1.6,0.10657260000152746,0.00036129999898548704,0.18915170000036596,0.3282192999995459,0.32534380000106466,0.17574580000109563,0.329070;0.328219;0.315276,0.325344;0.321321;0.325551,0.172197;0.175758;0.175746,,multiprocessing,2026-10-03T20:27:14+00:00
W4-00981,W4,n2-standard-4,Windows,2022Server,AMD64,Intel(R) Xeon(R) CPU @ 2.80GHz,intel,4,2,2800,17.2,3.14.6,CPython,1,spawn,2.5.3,tiny,tiny_dict_lookup,33,21,0.0,seconds,normal,200000,40,4,4,0,1,0,0,2.6405001335660927e-07,1.0,0.42515158922513235,15.07290113743148,0.4129647725937623,0.0,0.005567000000155531,0.002899299972341396,0.18915170000036596,0.040440400000079535,0.049663600000712904,0.07856300000094052,0.038586;0.040440;0.040610,0.051037;0.049664;0.049135,0.081756;0.074825;0.078563,,sequential,2026-10-03T20:27:15+00:00
W4-00982,W4,n2-standard-4,Windows,2022Server,AMD64,Intel(R) Xeon(R) CPU @ 2.80GHz,intel,4,2,2800,17.2,3.14.6,CPython,1,spawn,2.5.3,io,io_sleep,2111,1518247,0.0,seconds,big,119,1518270,4,4,0,1,1,0,0.002920922222377461,0.004415608262960252,0.01097834225927181,0.3382455312286625,1.9561072322746234,0.0,0.09776939999937895,0.018159199995352537,0.18915170000036596,0.34846269999979995,0.09366279999994731,0.4738342000000557,0.348349;0.348463;0.348488,0.093642;0.093908;0.093663,0.473834,,threading,2026-10-03T20:27:18+00:00
W4-00983,W4,n2-standard-4,Windows,2022Server,AMD64,Intel(R) Xeon(R) CPU @ 2.80GHz,intel,4,2,2800,17.2,3.14.6,CPython,1,spawn,2.5.3,tiny,tiny_small_loop,18,186,0.3,ms,normal,200000,205,4,8,0,0,0,0,4.032499891764019e-07,1.0,0.414917298945478,10.700558538247174,0.4989462452160749,0.0,0.006285200001002522,0.002997900022819522,0.31605469999976776,0.06600839999919117,0.07514439999977185,0.13042390000009618,0.066008;0.069032;0.065437,0.075144;0.075687;0.074856,0.125309;0.130424;0.138507,,sequential,2026-10-03T20:27:20+00:00
W4-00984,W4,n2-standard-4,Windows,2022Server,AMD64,Intel(R) Xeon(R) CPU @ 2.80GHz,intel,4,2,2800,17.2,3.14.6,CPython,1,spawn,2.5.3,tiny,tiny_dict_lookup,351,372,0.3,seconds,normal,200000,395,4,2,0,1,0,0,3.649500013125362e-07,1.0,0.2375606466763744,11.2344149504331,0.5744782428313975,0.0,0.005717000000004191,0.002847699997801101,0.15308379999987665,0.061572000000523985,0.06859850000000733,0.3181141999993997,0.059291;0.062619;0.061572,0.068913;0.068599;0.067065,0.318114,,sequential,2026-10-03T20:27:21+00:00
W4-00985,W4,n2-standard-4,Windows,2022Server,AMD64,Intel(R) Xeon(R) CPU @ 2.80GHz,intel,4,2,2800,17.2,3.14.6,CPython,1,spawn,2.5.3,text,text_split_count,9,306929,0.3,seconds,big,15,306951,4,8,1,1,0,0,0.22284963333307437,1.0,0.049527494028186354,0.0005127523180128516,0.8767179767518044,2.3,1.4584226999995735,0.0006714999999530846,0.31605469999976776,3.696565799999007,3.8622347000000445,1.6743288999987271,3.681872;3.696566;3.811505,3.844366;3.862235;4.041126,1.648704;1.674329;1.674626,,multiprocessing,2026-10-03T20:27:52+00:00
W4-00986,W4,n2-standard-4,Windows,2022Server,AMD64,Intel(R) Xeon(R) CPU @ 2.80GHz,intel,4,2,2800,17.2,3.14.6,CPython,1,spawn,2.5.3,recursive,rec_tree_sum,22,96,0.0,ms,normal,12166,115,4,2,0,4,0,0,7.884700024987978e-06,0.9994061262928133,1.1922162324608125,0.5041409272185517,0.9211167243584352,0.0,0.0369434000003821,0.0031267999511328526,0.15308379999987665,0.09923350000099163,0.10140020000108052,0.0929284000012558,0.099239;0.099234;0.096879,0.102624;0.101400;0.100239,0.093834;0.055262;0.092928,,multiprocessing,2026-10-03T20:27:53+00:00
W4-00987,W4,n2-standard-4,Windows,2022Server,AMD64,Intel(R) Xeon(R) CPU @ 2.80GHz,intel,4,2,2800,17.2,3.14.6,CPython,1,spawn,2.5.3,gil_release,gil_bz2,36,300000,0.0,ms,big,11,300022,4,2,0,1,0,1,0.004461199999544381,1.0,0.023200681783062057,0.01971069060245388,1.3194118707471614,0.0,0.023941499999637017,0.000501900001836475,0.15308379999987665,0.04805780000060622,0.026718799999798648,0.02892500000052678,0.047981;0.050306;0.048058,0.026719;0.026795;0.026691,0.029865;0.028806;0.028925,,threading,2026-10-03T20:27:54+00:00
W4-00988,W4,n2-standard-4,Windows,2022Server,AMD64,Intel(R) Xeon(R) CPU @ 2.80GHz,intel,4,2,2800,17.2,3.14.6,CPython,1,spawn,2.5.3,numpy,np_elementwise,355719,6598,0.0,seconds,normal,36,6623,4,4,0,4,0,0,0.016460350001125335,1.0,0.004307347102634122,0.0007882578509563454,1.7093238617673938,0.0,0.10472219999974186,0.00029599999470519833,0.18915170000036596,0.6043809000002511,0.281876299999567,0.25491599999986647,0.617012;0.599628;0.604381,0.281876;0.287001;0.278104,0.257027;0.254916;0.249151,,multiprocessing,2026-10-03T20:27:58+00:00
W4-00989,W4,n2-standard-4,Windows,2022Server,AMD64,Intel(R) Xeon(R) CPU @ 2.80GHz,intel,4,2,2800,17.2,3.14.6,CPython,1,spawn,2.5.3,io,io_file_roundtrip,5,771,0.8,ms,normal,8,793,4,8,1,0,1,0,0.021474433333423804,0.16524381455249243,0.32226670362921395,0.0004299686591431802,1.6659337626708828,6.2,0.09808300000076997,0.00025379999897268135,0.31605469999976776,0.11473279999881925,0.035618399999293615,0.034094200000254204,0.127045;0.114733;0.114700,0.034884;0.035925;0.035618,0.035844;0.033811;0.034094,,multiprocessing,2026-10-03T20:27:59+00:00
W4-00990,W4,n2-standard-4,Windows,2022Server,AMD64,Intel(R) Xeon(R) CPU @ 2.80GHz,intel,4,2,2800,17.2,3.14.6,CPython,1,spawn,2.5.3,algo_iter,algo_game_of_life,2,570269,0.0,ms,big,47,570291,4,4,5,9,0,0,0.002900899999903314,1.0,0.009050677905987708,0.0589064836059408,0.9467884833405422,0.0,0.06776749999880849,0.0021520000009331852,0.18915170000036596,0.137636499999644,0.14145649999954912,0.0934797999998409,0.137636;0.137088;0.141621,0.141478;0.141271;0.141456,0.094264;0.093480;0.092440,,multiprocessing,2026-10-03T20:28:01+00:00
W4-00991,W4,n2-standard-4,Windows,2022Server,AMD64,Intel(R) Xeon(R) CPU @ 2.80GHz,intel,4,2,2800,17.2,3.14.6,CPython,1,spawn,2.5.3,recursive,rec_quicksort,188,742,0.8,ms,normal,49,764.4166666666666,4,4,1,8,0,0,0.00019064999969486962,1.0,0.6348358356469344,0.025570417741094247,0.8506010922729934,0.8,0.00544860000081826,0.00028390000443323515,0.18915170000036596,0.009379700000863522,0.009650300000430434,0.005849099999977625,0.009549;0.008869;0.009380,0.009612;0.010393;0.009650,0.005849;0.005678;0.006650,,multiprocessing,2026-10-03T20:28:02+00:00
W4-00992,W4,n2-standard-4,Windows,2022Server,AMD64,Intel(R) Xeon(R) CPU @ 2.80GHz,intel,4,2,2800,17.2,3.14.6,CPython,1,spawn,2.5.3,big_result,result_matrix_lists,15,915,0.0,seconds,normal,200000,937,4,4,2,5,0,0,4.514031181934142e-05,1.0,14.816843353424881,0.34237689525351545,1.6282785860818494,0.0,0.10162169999966864,0.0027751999787142267,0.18915170000036596,6.701987899999949,7.078133799999705,5.135457200000019,6.701988;6.552515;7.058659,7.078134;7.559011;6.921896,5.104018;5.357853;5.135457,,multiprocessing,2026-10-03T20:29:00+00:00
W4-00993,W4,n2-standard-4,Windows,2022Server,AMD64,Intel(R) Xeon(R) CPU @ 2.80GHz,intel,4,2,2800,17.2,3.14.6,CPython,1,spawn,2.5.3,numpy,np_fft,134994,4080,0.8,seconds,normal,24,4104.333333333333,4,8,0,0,0,1,0.01936086666682968,1.0,1.0211481020385849,0.00074721171938886,0.34387505454284534,0.0,0.10589010000148846,0.0002874000019801315,0.31605469999976776,0.5759240000006685,0.2610899999999674,0.26630330000079994,0.575924;0.595422;0.565572,0.259696;0.261090;0.272520,0.255531;0.289985;0.266303,,threading,2026-10-03T20:29:04+00:00
W4-00994,W4,n2-standard-4,Windows,2022Server,AMD64,Intel(R) Xeon(R) CPU @ 2.80GHz,intel,4,2,2800,17.2,3.14.6,CPython,1,spawn,2.5.3,tiny,tiny_add,3,74,0.8,seconds,normal,200000,93,4,2,0,1,0,0,1.241000072695897e-07,1.0,0.41396488014647054,33.0378680079365,0.27158478022701715,0.0,0.005011600000216276,0.002988799984450452,0.15308379999987665,0.014960900000005495,0.02394829999866488,0.10644560000037018,0.016584;0.014961;0.014678,0.023971;0.023948;0.022059,0.106446,,sequential,2026-10-03T20:29:05+00:00
W4-00995,W4,n2-standard-4,Windows,2022Server,AMD64,Intel(R) Xeon(R) CPU @ 2.80GHz,intel,4,2,2800,17.2,3.14.6,CPython,1,spawn,2.5.3,text,text_csv_parse,5,500,0.3,seconds,normal,648,522,4,4,2,3,0,0,0.0016830933334858855,1.0,0.12942078663624693,0.0024538152389545075,0.9189808637237081,0.0,0.10577620000003662,0.00039739999556331895,0.18915170000036596,1.1142405999999028,1.1419788000002882,0.6692192999998952,1.112435;1.159743;1.114241,1.170108;1.135810;1.141979,0.673393;0.669219;0.669018,,multiprocessing,2026-10-03T20:29:18+00:00
W4-00996,W4,n2-standard-4,Windows,2022Server,AMD64,Intel(R) Xeon(R) CPU @ 2.80GHz,intel,4,2,2800,17.2,3.14.6,CPython,1,spawn,2.5.3,io,io_sleep,5803,267,0.3,seconds,normal,839,290,4,8,0,1,1,0,0.0061689222218572265,0.002181239785761515,0.11953608575190175,0.0009582081346379033,1.947871785400868,0.0,0.08463089999895601,0.00028440000278351363,0.31605469999976776,5.412692699999752,0.7050118999995902,0.7062038999993092,5.412693,0.705012;0.705537;0.702570,0.706204;0.708529;0.705993,,threading,2026-10-03T20:29:28+00:00
W4-00997,W4,n2-standard-4,Windows,2022Server,AMD64,Intel(R) Xeon(R) CPU @ 2.80GHz,intel,4,2,2800,17.2,3.14.6,CPython,1,spawn,2.5.3,algo_rec,algo_lcs_memo,4,70,0.0,ms,normal,8,89,4,8,1,10,0,0,0.011752566666473285,1.0,0.018946335282724783,0.0008395328684461936,0.9073309679796736,0.0,0.07439479999993637,0.00025610000011511147,0.31605469999976776,0.09545560000151454,0.09827740000037011,0.05006630000025325,0.093944;0.095456;0.096265,0.100105;0.098002;0.098277,0.050066;0.056142;0.049887,,multiprocessing,2026-10-03T20:29:29+00:00
W4-00998,W4,n2-standard-4,Windows,2022Server,AMD64,Intel(R) Xeon(R) CPU @ 2.80GHz,intel,4,2,2800,17.2,3.14.6,CPython,1,spawn,2.5.3,db,db_file_commit,4,207,0.0,seconds,normal,94,226,4,2,1,0,1,0,0.017915600000075454,0.27834750390274743,0.033760316471758624,0.000597244871890455,1.3757840440697782,0.0,0.09268469999915396,0.00035119999847665895,0.15308379999987665,1.571493699999337,0.9307427000003372,0.9063716999989992,1.569190;1.571494;1.590368,0.925766;0.930743;0.955845,0.889530;0.965651;0.906372,,multiprocessing,2026-10-03T20:29:40+00:00
W4-00999,W4,n2-standard-4,Windows,2022Server,AMD64,Intel(R) Xeon(R) CPU @ 2.80GHz,intel,4,2,2800,17.2,3.14.6,CPython,1,spawn,2.5.3,algo_rec,algo_sudoku,8,646417,0.0,ms,big,52,646439,4,8,3,28,0,0,0.0045830083334597775,1.0,0.49968730003214146,0.041219286473804996,0.8633155946087623,0.0,0.12185900000076799,0.0025335999998787884,0.31605469999976776,1.227911199999653,1.2564144999996643,1.140605399999913,1.265027;1.227911;1.227110,1.261272;1.256414;1.249658,1.145289;1.123413;1.140605,,multiprocessing,2026-10-03T20:29:52+00:00
W4-01000,W4,n2-standard-4,Windows,2022Server,AMD64,Intel(R) Xeon(R) CPU @ 2.80GHz,intel,4,2,2800,17.2,3.14.6,CPython,1,spawn,2.5.3,gil_release,gil_sha256,171,73987,0.3,seconds,normal,9,74009,4,2,1,1,0,1,0.03383163333334475,1.0,0.23795318881249933,0.0010335494711948183,1.316106457433429,0.0,0.17266229999950156,0.0003555999992386205,0.15308379999987665,0.3089557999992394,0.1686243000003742,0.1682247999997344,0.308956;0.300388;0.309406,0.225749;0.160505;0.168624,0.168225;0.160036;0.168953,,multiprocessing,2026-10-03T20:29:55+00:00
W4-01001,W4,n2-standard-4,Windows,2022Server,AMD64,Intel(R) Xeon(R) CPU @ 2.80GHz,intel,4,2,2800,17.2,3.14.6,CPython,1,spawn,2.5.3,tiny,tiny_add,3,121137,0.8,seconds,big,1651,121159,4,2,0,1,0,0,3.516990890276044e-07,1.0,0.3103617057379479,95.43669849788785,0.18958174085126994,0.0,0.002626299999974435,0.001479999975344981,0.15308379999987665,0.00032760000067355577,0.0008925000001909211,0.6397264000006544,0.000453;0.000328;0.000233,0.001144;0.000893;0.000706,0.639726,,sequential,2026-10-03T20:29:56+00:00
W4-01002,W4,n2-standard-4,Windows,2022Server,AMD64,Intel(R) Xeon(R) CPU @ 2.80GHz,intel,4,2,2800,17.2,3.14.6,CPython,1,spawn,2.5.3,db,db_file_commit,4,3821,0.8,seconds,normal,19,3843,4,2,1,0,1,0,0.019758833333374543,0.24452754608111757,0.36088572177846423,0.0005735831332181955,3.16360841487832,0.0,0.08243840000068303,0.0003388999994058395,0.15308379999987665,0.343384400001014,0.20083720000002359,0.20111849999921105,0.343384;0.335421;0.346891,0.198249;0.200837;0.205584,0.196616;0.204178;0.201118,,threading,2026-10-03T20:29:59+00:00
W4-01003,W4,n2-standard-4,Windows,2022Server,AMD64,Intel(R) Xeon(R) CPU @ 2.80GHz,intel,4,2,2800,17.2,3.14.6,CPython,1,spawn,2.5.3,db,db_file_lookup,14,180,0.0,seconds,normal,12411,199,4,8,1,5,1,0,0.0006260449999672346,1.0,0.0629745463759282,0.005838238175734563,0.8168358282985793,0.0,0.11167390000082378,0.0005704000031983014,0.31605469999976776,7.924714699998731,4.479660900000454,3.959292200001073,7.783751;7.924715;8.240932,4.479661;4.454306;4.570646,3.959292;3.940264;3.998527,,multiprocessing,2026-10-03T20:30:49+00:00
