run_id,machine_id,vm_size,os,os_release,arch,cpu_model,cpu_vendor,logical_cpus,physical_cores,cpu_freq_mhz,ram_gb,python,python_impl,gil_enabled,start_method,numpy_version,family,template_id,work,payload_size,jitter,duration_tier,input_tier,n_items,input_bytes,cpu_count,n_workers,max_loop_depth,arith_op_count,has_io_call,has_gil_release_call,time_per_item,cpu_ratio,time_cv,pickle_time_ratio,thread_probe_speedup,cpu_load,probe_overhead_s,probe_extra_s,pool_startup_s,t_sequential,t_threading,t_multiprocessing,runs_sequential,runs_threading,runs_multiprocessing,censored,label,timestamp
L4-00000,L4,n2-standard-4,Linux,6.1.0-53-cloud-amd64,x86_64,Intel(R) Xeon(R) CPU @ 2.80GHz,intel,4,2,2800,16.8,3.14.6,CPython,1,forkserver,2.5.3,mixed,mixed_compute_then_sleep,68826,523,0.3,ms,normal,8,547.3333333333334,4,4,1,3,1,0,0.004503793333332358,0.6915076346533245,0.10875503181193222,0.002992514458356334,1.0041764353450853,0.0,0.02809543899999767,0.0010448630000006176,0.0984052360000014,0.037961355000000196,0.028125565999999935,0.020051777999999132,0.042723;0.037667;0.037961,0.028232;0.028059;0.028126,0.020818;0.020052;0.016850,,multiprocessing,2026-10-03T11:02:05+00:00
L4-00001,L4,n2-standard-4,Linux,6.1.0-53-cloud-amd64,x86_64,Intel(R) Xeon(R) CPU @ 2.80GHz,intel,4,2,2800,16.8,3.14.6,CPython,1,forkserver,2.5.3,numpy,np_elementwise,781209,320445,0.3,seconds,big,66,320479,4,4,0,4,0,0,0.033343571666667536,1.0,0.1351938381693283,0.00348398989248582,1.4121623533187708,0.0,0.16776101799999665,0.0012773129999921196,0.0984052360000014,2.302479240999997,0.8679463460000001,0.9811590270000003,2.321999;2.271373;2.302479,0.851768;0.867946;0.873476,1.052815;0.981159;0.969478,,threading,2026-10-03T11:02:19+00:00
L4-00002,L4,n2-standard-4,Linux,6.1.0-53-cloud-amd64,x86_64,Intel(R) Xeon(R) CPU @ 2.80GHz,intel,4,2,2800,16.8,3.14.6,CPython,1,forkserver,2.5.3,numpy,np_linalg_solve,31,125,0.8,ms,normal,186,144,4,4,0,3,0,1,6.794732608723749e-05,1.0,0.5811936102418951,0.060794886829479894,0.6406301877945276,0.5,0.008818922999999756,0.0010773419999878797,0.0984052360000014,0.010206715000002475,0.021430946999998923,0.008439379999998664,0.009882;0.010207;0.010239,0.021965;0.021431;0.020627,0.008439;0.010858;0.006112,,multiprocessing,2026-10-03T11:02:19+00:00
L4-00003,L4,n2-standard-4,Linux,6.1.0-53-cloud-amd64,x86_64,Intel(R) Xeon(R) CPU @ 2.80GHz,intel,4,2,2800,16.8,3.14.6,CPython,1,forkserver,2.5.3,io,io_sleep_return_payload,2489,2430,0.8,ms,normal,8,2453,4,8,0,1,1,0,0.002986285666670104,0.01006779211963244,0.40489285136234926,0.0037364141436347746,1.4412171744958195,0.0,0.015834398999999166,0.0005801039999866475,0.07856753000000083,0.02462007399999777,0.004701681000000235,0.005891005999998811,0.024620,0.004789;0.004662;0.004702,0.014003;0.005891;0.004969,,threading,2026-10-03T11:02:20+00:00
L4-00004,L4,n2-standard-4,Linux,6.1.0-53-cloud-amd64,x86_64,Intel(R) Xeon(R) CPU @ 2.80GHz,intel,4,2,2800,16.8,3.14.6,CPython,1,forkserver,2.5.3,text,text_split_count,8,205509,0.3,seconds,big,35,205531,4,2,1,1,0,0,0.15759538433333375,0.999914178652739,0.11556747664286428,0.000376978045708434,0.9012856145046998,0.5,0.9592393109999975,0.0009732069999941473,0.04352820199999741,5.433221220999997,5.876493832999998,3.146979455999997,5.482661;5.433221;5.399932,5.767680;6.069617;5.876494,3.125762;3.153234;3.146979,,multiprocessing,2026-10-03T11:03:05+00:00
L4-00005,L4,n2-standard-4,Linux,6.1.0-53-cloud-amd64,x86_64,Intel(R) Xeon(R) CPU @ 2.80GHz,intel,4,2,2800,16.8,3.14.6,CPython,1,forkserver,2.5.3,mixed,mixed_parse_lines,5,1946193,0.3,seconds,big,12,1946215,4,8,2,3,1,0,0.4800864380000007,0.9997078791650893,0.08629670202520313,0.0011571603695281043,0.9945479215407376,0.0,2.934993241000001,0.0025957459999972343,0.07856753000000083,5.585011855000019,5.869552200000001,3.057156255999999,5.631876;5.580313;5.585012,5.869552;5.848804;5.896515,2.999924;3.057156;3.063182,,multiprocessing,2026-10-03T11:03:53+00:00
L4-00006,L4,n2-standard-4,Linux,6.1.0-53-cloud-amd64,x86_64,Intel(R) Xeon(R) CPU @ 2.80GHz,intel,4,2,2800,16.8,3.14.6,CPython,1,forkserver,2.5.3,algo_iter,algo_edit_distance,3243,566,0.3,seconds,normal,4479,589,4,4,2,16,0,0,0.0005227233854162942,0.9996434075198047,0.16661590327069203,0.006783702620093508,0.9910725548346083,0.0,0.10250246999999035,0.001484398000030751,0.0984052360000014,2.3064453369999853,2.4269439060000195,1.242787476000018,2.306445;2.302214;2.306514,2.350848;2.426944;2.473447,1.238930;1.419833;1.242787,,multiprocessing,2026-10-03T11:04:12+00:00
L4-00007,L4,n2-standard-4,Linux,6.1.0-53-cloud-amd64,x86_64,Intel(R) Xeon(R) CPU @ 2.80GHz,intel,4,2,2800,16.8,3.14.6,CPython,1,forkserver,2.5.3,numpy,np_elementwise,1533,2905,0.3,seconds,normal,2846,2928,4,4,0,4,0,0,7.788161912221775e-05,1.0,0.15060688607583078,0.061557528637881484,1.3800992384805641,0.0,0.08747329400000581,0.0015342340000472632,0.0984052360000014,0.22324442100000397,0.4543716710000183,0.10802636799999732,0.224013;0.223244;0.221374,0.453885;0.454372;0.456503,0.111268;0.098733;0.108026,,multiprocessing,2026-10-03T11:04:15+00:00
L4-00008,L4,n2-standard-4,Linux,6.1.0-53-cloud-amd64,x86_64,Intel(R) Xeon(R) CPU @ 2.80GHz,intel,4,2,2800,16.8,3.14.6,CPython,1,forkserver,2.5.3,tiny,tiny_add,3,45,0.3,ms,normal,55482,64,4,8,0,1,0,0,1.1709399970527556e-07,1.0,0.3149998481881462,26.46121925835123,0.4307820381423677,0.5,0.004579655000014782,0.0029580870005929683,0.07856753000000083,0.0031254010000054677,0.005055763000001434,0.03267234000000485,0.003226;0.003125;0.003113,0.006297;0.005056;0.005027,0.032672,,sequential,2026-10-03T11:04:16+00:00
L4-00009,L4,n2-standard-4,Linux,6.1.0-53-cloud-amd64,x86_64,Intel(R) Xeon(R) CPU @ 2.80GHz,intel,4,2,2800,16.8,3.14.6,CPython,1,forkserver,2.5.3,algo_iter,algo_edit_distance,6242,39,0.8,seconds,normal,3198,59,4,2,2,16,0,0,0.0010932168043489771,1.0,0.3979532889432289,0.003244232972084911,1.0173323340245486,0.0,0.10012650199999484,0.00038831199995570387,0.04352820199999741,3.1020826699999873,3.1382285920000186,1.5890367330000004,3.102007;3.104434;3.102083,3.132409;3.138229;3.141727,1.589037;1.600754;1.583008,,multiprocessing,2026-10-03T11:04:40+00:00
L4-00010,L4,n2-standard-4,Linux,6.1.0-53-cloud-amd64,x86_64,Intel(R) Xeon(R) CPU @ 2.80GHz,intel,4,2,2800,16.8,3.14.6,CPython,1,forkserver,2.5.3,big_payload,big_upper_copy,8,906822,0.8,ms,big,220,906844,4,4,0,0,0,0,0.0008642036909107405,1.0,0.2348658890102161,0.4363203998806043,0.9813032810634861,0.0,0.10478551400001379,0.008257115999924736,0.0984052360000014,0.18808978300000945,0.15115593799998805,1.4772994239999946,0.197535;0.188090;0.181265,0.170221;0.139669;0.151156,1.477299,,threading,2026-10-03T11:04:44+00:00
L4-00011,L4,n2-standard-4,Linux,6.1.0-53-cloud-amd64,x86_64,Intel(R) Xeon(R) CPU @ 2.80GHz,intel,4,2,2800,16.8,3.14.6,CPython,1,forkserver,2.5.3,gil_release,gil_numpy_matmul,256,1418,0.8,ms,normal,27,1440.3333333333333,4,8,0,2,0,1,0.0007442096666636644,1.0,0.738767616044903,0.009522182145930994,0.5157149355666917,1.0,0.01353410699999813,0.0009482060000038928,0.07856753000000083,0.030941858000005595,0.027176283000017065,0.16324357400000622,0.030942;0.030550;0.031099,0.024963;0.027176;0.028444,0.163244,,threading,2026-10-03T11:04:44+00:00
L4-00012,L4,n2-standard-4,Linux,6.1.0-53-cloud-amd64,x86_64,Intel(R) Xeon(R) CPU @ 2.80GHz,intel,4,2,2800,16.8,3.14.6,CPython,1,forkserver,2.5.3,big_payload,big_checksum_head,6094,133465,0.3,seconds,big,1498,133488,4,8,1,1,0,0,0.00015499905590066613,0.9997378804953176,0.18048860952508586,0.1732436358745114,0.9759495678067178,0.0,0.10287528199998519,0.0016275859999552722,0.07856753000000083,0.2325761119999754,0.23822671499999615,0.2451220809999768,0.232375;0.232733;0.232576,0.238077;0.238227;0.238730,0.260043;0.245122;0.243114,,sequential,2026-10-03T11:04:48+00:00
L4-00013,L4,n2-standard-4,Linux,6.1.0-53-cloud-amd64,x86_64,Intel(R) Xeon(R) CPU @ 2.80GHz,intel,4,2,2800,16.8,3.14.6,CPython,1,forkserver,2.5.3,tiny,tiny_add,20,111,0.8,seconds,normal,200000,130,4,4,0,1,0,0,1.3727099985771928e-07,1.0,1.719577891799729,23.599303605983078,0.470943163565135,0.0,0.004436493000014252,0.002700019000286602,0.0984052360000014,0.015683670999976584,0.019055517999987615,0.08808022499999879,0.015071;0.015736;0.015684,0.022097;0.019032;0.019056,0.088080,,sequential,2026-10-03T11:04:49+00:00
L4-00014,L4,n2-standard-4,Linux,6.1.0-53-cloud-amd64,x86_64,Intel(R) Xeon(R) CPU @ 2.80GHz,intel,4,2,2800,16.8,3.14.6,CPython,1,forkserver,2.5.3,io,io_sleep,2144,70,0.0,ms,normal,101,90,4,8,0,1,1,0,0.002217840217387289,0.0068094372486035915,0.00431501536420397,0.0016312266194097363,1.888693289429678,0.0,0.07885575899999253,0.000753221000081794,0.07856753000000083,0.22377206600000932,0.0359042400000078,0.03647748000000206,0.223772,0.035983;0.035784;0.035904,0.037252;0.036477;0.036423,,threading,2026-10-03T11:04:50+00:00
L4-00015,L4,n2-standard-4,Linux,6.1.0-53-cloud-amd64,x86_64,Intel(R) Xeon(R) CPU @ 2.80GHz,intel,4,2,2800,16.8,3.14.6,CPython,1,forkserver,2.5.3,algo_iter,algo_edit_distance,3160,1037,0.0,ms,normal,91,1060,4,8,2,16,0,0,0.000511660909084681,1.0,0.019674362752626438,0.006909458857132661,0.9536936420236353,1.0,0.023427507000008063,0.0003143380001517926,0.07856753000000083,0.046464279000019815,0.04790620900001841,0.028088107999991507,0.046464;0.046538;0.046464,0.048162;0.047906;0.047781,0.029391;0.027733;0.028088,,multiprocessing,2026-10-03T11:04:51+00:00
L4-00016,L4,n2-standard-4,Linux,6.1.0-53-cloud-amd64,x86_64,Intel(R) Xeon(R) CPU @ 2.80GHz,intel,4,2,2800,16.8,3.14.6,CPython,1,forkserver,2.5.3,algo_iter,algo_edit_distance,3795,50,0.0,ms,normal,456,70,4,2,2,16,0,0,0.0006019248313256034,0.9997768943453932,0.021061258229980815,0.005894091454147468,0.979257029591097,0.0,0.10153119599999627,0.0004563329999882626,0.04352820199999741,0.2727282399999922,0.27782053300001053,0.1471974380000063,0.272475;0.275081;0.272728,0.278087;0.277145;0.277821,0.147197;0.145712;0.159737,,multiprocessing,2026-10-03T11:04:53+00:00
L4-00017,L4,n2-standard-4,Linux,6.1.0-53-cloud-amd64,x86_64,Intel(R) Xeon(R) CPU @ 2.80GHz,intel,4,2,2800,16.8,3.14.6,CPython,1,forkserver,2.5.3,algo_iter,algo_game_of_life,3,100,0.3,ms,normal,19,119,4,2,5,9,0,0,0.003545120250009859,1.0,0.19073606091095194,0.014134710944498197,0.8673062632129118,0.0,0.03296058300000482,0.0013985189999630165,0.04352820199999741,0.07959811800000693,0.08103575199999113,0.05186604899998315,0.079598;0.079388;0.079629,0.081570;0.080754;0.081036,0.051993;0.051866;0.046364,,multiprocessing,2026-10-03T11:04:55+00:00
L4-00018,L4,n2-standard-4,Linux,6.1.0-53-cloud-amd64,x86_64,Intel(R) Xeon(R) CPU @ 2.80GHz,intel,4,2,2800,16.8,3.14.6,CPython,1,forkserver,2.5.3,numpy,np_fft,26960,234797,0.0,ms,big,8,234820,4,4,0,0,0,1,0.0020520923333435803,1.0,0.1392717741182537,0.021493672229922666,0.9893774181497882,0.0,0.012683883000022433,0.0008428839999794491,0.0984052360000014,0.013899699999996074,0.007768898999984231,0.011403086999990819,0.013900;0.014351;0.013552,0.008080;0.007769;0.007758,0.013094;0.011177;0.011403,,threading,2026-10-03T11:04:55+00:00
L4-00019,L4,n2-standard-4,Linux,6.1.0-53-cloud-amd64,x86_64,Intel(R) Xeon(R) CPU @ 2.80GHz,intel,4,2,2800,16.8,3.14.6,CPython,1,forkserver,2.5.3,mixed,mixed_compute_then_sleep,3814,226741,0.3,ms,big,188,226764,4,4,1,3,1,0,0.00030858442553284126,0.5865181827351083,0.12283808557391292,0.13309388484617862,1.6058096434907025,0.0,0.02480082200000311,0.0011574689999633847,0.0984052360000014,0.05799561500001005,0.045151592999985724,0.04266996499998754,0.057996;0.057865;0.058180,0.045200;0.040889;0.045152,0.046134;0.042515;0.042670,,multiprocessing,2026-10-03T11:04:56+00:00
L4-00020,L4,n2-standard-4,Linux,6.1.0-53-cloud-amd64,x86_64,Intel(R) Xeon(R) CPU @ 2.80GHz,intel,4,2,2800,16.8,3.14.6,CPython,1,forkserver,2.5.3,algo_rec,algo_lcs_memo,8,43,0.0,seconds,normal,333,62,4,2,1,10,0,0,0.019179843999997576,1.0,0.014053198860595568,0.0006067133116545453,0.953142633648792,0.0,0.118627244999999,0.001192620000011857,0.04352820199999741,6.5874425789999975,6.779326918999999,3.3640888490000123,6.607732;6.587443;6.573569,6.779327;6.852085;6.759565,3.295567;3.375850;3.364089,,multiprocessing,2026-10-03T11:05:47+00:00
L4-00021,L4,n2-standard-4,Linux,6.1.0-53-cloud-amd64,x86_64,Intel(R) Xeon(R) CPU @ 2.80GHz,intel,4,2,2800,16.8,3.14.6,CPython,1,forkserver,2.5.3,tiny,tiny_add,7,137,0.8,seconds,normal,200000,156,4,2,0,1,0,0,1.7401199991695648e-07,1.0,1.1639314149973552,16.979288772586404,0.5172811006996526,0.5,0.004641655000000355,0.002833214000162343,0.04352820199999741,0.020533878000009054,0.019471606999985624,0.0963405210000019,0.020807;0.020226;0.020534,0.021084;0.019277;0.019472,0.096341;0.099106;0.094468,,threading,2026-10-03T11:05:48+00:00
L4-00022,L4,n2-standard-4,Linux,6.1.0-53-cloud-amd64,x86_64,Intel(R) Xeon(R) CPU @ 2.80GHz,intel,4,2,2800,16.8,3.14.6,CPython,1,forkserver,2.5.3,recursive,rec_nqueens,19,1549,0.3,ms,normal,8,1571,4,2,1,10,0,0,0.0034345390000017537,1.0,0.10204868272473076,0.0028790860501832606,1.0019777966177812,0.0,0.021463820000008127,0.0010223759999803406,0.04352820199999741,0.025766839999988633,0.02653707900000768,0.018780220999985886,0.025775;0.025702;0.025767,0.026551;0.026537;0.026404,0.018780;0.023810;0.016251,,multiprocessing,2026-10-03T11:05:49+00:00
L4-00023,L4,n2-standard-4,Linux,6.1.0-53-cloud-amd64,x86_64,Intel(R) Xeon(R) CPU @ 2.80GHz,intel,4,2,2800,16.8,3.14.6,CPython,1,forkserver,2.5.3,mixed,mixed_hash_then_write,799,44242,0.3,ms,normal,303,44265,4,8,1,3,1,0,0.0003619259466662091,0.33666607869915627,0.19886293388908988,0.03017675326845255,2.064773624296651,0.0,0.04173145100000397,0.0012873730000251271,0.07856753000000083,0.10923521300000516,0.05077780599998505,0.028907475000011118,0.109713;0.104237;0.109235,0.051609;0.050778;0.050474,0.032187;0.028907;0.028244,,multiprocessing,2026-10-03T11:05:50+00:00
L4-00024,L4,n2-standard-4,Linux,6.1.0-53-cloud-amd64,x86_64,Intel(R) Xeon(R) CPU @ 2.80GHz,intel,4,2,2800,16.8,3.14.6,CPython,1,forkserver,2.5.3,mixed,mixed_json_roundtrip,190,2270,0.0,ms,normal,8,2292,4,8,1,1,1,0,0.006533592666661055,0.9758809772548519,0.005261858425131733,0.0014628500986645005,1.0305329594055557,0.0,0.0395306559999824,0.0007810550000044714,0.07856753000000083,0.05077563399999008,0.051218022000000474,0.030505196000007118,0.050647;0.050776;0.050920,0.051656;0.050878;0.051218,0.030505;0.029872;0.031349,,multiprocessing,2026-10-03T11:05:51+00:00
L4-00025,L4,n2-standard-4,Linux,6.1.0-53-cloud-amd64,x86_64,Intel(R) Xeon(R) CPU @ 2.80GHz,intel,4,2,2800,16.8,3.14.6,CPython,1,forkserver,2.5.3,text,text_regex_findall,13,1292,0.3,ms,normal,132,1314,4,4,1,1,0,0,0.0009893589696961305,0.9999799793169027,0.16158548785701318,0.0035114656026859065,0.9623472081995768,0.0,0.06766560200000526,0.0007854090000307679,0.0984052360000014,0.13106202800000233,0.1315401100000031,0.07144435699999008,0.131796;0.130436;0.131062,0.130880;0.131540;0.132247,0.071444;0.070456;0.074406,,multiprocessing,2026-10-03T11:05:53+00:00
L4-00026,L4,n2-standard-4,Linux,6.1.0-53-cloud-amd64,x86_64,Intel(R) Xeon(R) CPU @ 2.80GHz,intel,4,2,2800,16.8,3.14.6,CPython,1,forkserver,2.5.3,db,db_mem_group_by,2441,35,0.3,seconds,normal,808,55,4,2,1,2,1,0,0.0025079302500017773,0.9999405016068419,0.17220572927047087,0.001278544328932565,0.4453165718930088,0.5,0.16500604300000532,0.0009650049999549992,0.04352820199999741,2.0228748830000427,4.284988539000011,0.9119952309999917,2.014478;2.022875;2.044504,4.245007;4.284989;4.891854,0.910736;0.911995;0.919052,,multiprocessing,2026-10-03T11:06:16+00:00
L4-00027,L4,n2-standard-4,Linux,6.1.0-53-cloud-amd64,x86_64,Intel(R) Xeon(R) CPU @ 2.80GHz,intel,4,2,2800,16.8,3.14.6,CPython,1,forkserver,2.5.3,io,io_sleep,1487,132564,0.0,ms,big,16,132587,4,4,0,1,1,0,0.0015630509999908782,0.011296591311887413,0.003937005636788793,0.02359679882041077,1.805527523214294,0.0,0.010113369000009698,0.00033951500006423885,0.0984052360000014,0.025087246999987656,0.006812818000014431,0.009197397999969326,0.025156;0.025087;0.025067,0.006832;0.006707;0.006813,0.009197;0.008982;0.009978,,threading,2026-10-03T11:06:16+00:00
L4-00028,L4,n2-standard-4,Linux,6.1.0-53-cloud-amd64,x86_64,Intel(R) Xeon(R) CPU @ 2.80GHz,intel,4,2,2800,16.8,3.14.6,CPython,1,forkserver,2.5.3,numpy,np_elementwise,1754,136,0.3,seconds,normal,12803,156,4,2,0,4,0,0,6.796713816676469e-05,0.9996592000967744,0.18914352017686334,0.059599390388786644,1.2729242378658345,0.0,0.09067125600000736,0.0016954930001134016,0.04352820199999741,0.8438650730000177,0.6830924500000037,0.4418674069999611,0.845434;0.843865;0.842906,0.683092;0.670304;0.715824,0.539847;0.441867;0.437126,,multiprocessing,2026-10-03T11:06:23+00:00
L4-00029,L4,n2-standard-4,Linux,6.1.0-53-cloud-amd64,x86_64,Intel(R) Xeon(R) CPU @ 2.80GHz,intel,4,2,2800,16.8,3.14.6,CPython,1,forkserver,2.5.3,numpy,np_elementwise,24132,1565,0.8,seconds,normal,545,1588,4,4,0,4,0,0,0.0008490853050864767,0.9999936002700436,0.4114723105540103,0.005476717085617062,1.6717330549409681,0.0,0.08063268899996956,0.0005473009998695488,0.0984052360000014,0.4563260500000297,0.20809148099999675,0.19233577599999307,0.455399;0.459982;0.456326,0.207484;0.215280;0.208091,0.194888;0.192336;0.190484,,multiprocessing,2026-10-03T11:06:26+00:00
L4-00030,L4,n2-standard-4,Linux,6.1.0-53-cloud-amd64,x86_64,Intel(R) Xeon(R) CPU @ 2.80GHz,intel,4,2,2800,16.8,3.14.6,CPython,1,forkserver,2.5.3,cpu,cpu_matmul_lists,11,1511,0.3,seconds,normal,16957,1533,4,2,3,5,0,0,8.23334132243218e-05,0.999959052818946,0.45076170083116734,0.04333720489460149,0.9498085630940888,0.0,0.10447287300002017,0.0019260529993516684,0.04352820199999741,1.4158685680000076,1.4337410859999977,0.8029533760000049,1.416020;1.414960;1.415869,1.433741;1.438087;1.433049,0.790816;0.809602;0.802953,,multiprocessing,2026-10-03T11:06:38+00:00
L4-00031,L4,n2-standard-4,Linux,6.1.0-53-cloud-amd64,x86_64,Intel(R) Xeon(R) CPU @ 2.80GHz,intel,4,2,2800,16.8,3.14.6,CPython,1,forkserver,2.5.3,text,text_csv_parse,1,103,0.0,seconds,normal,3252,122,4,4,2,3,0,0,0.00012444111720647706,0.9999928036224889,0.035057470891363324,0.02471088383597015,1.0051647496352145,0.0,0.10125725999995439,0.0014981750001652472,0.0984052360000014,0.40635084999996707,0.41310870799998156,0.21533368100000416,0.404968;0.407309;0.406351,0.413502;0.411783;0.413109,0.215067;0.215334;0.228619,,multiprocessing,2026-10-03T11:06:42+00:00
L4-00032,L4,n2-standard-4,Linux,6.1.0-53-cloud-amd64,x86_64,Intel(R) Xeon(R) CPU @ 2.80GHz,intel,4,2,2800,16.8,3.14.6,CPython,1,forkserver,2.5.3,io,io_sleep,2373,1094,0.3,ms,normal,11,1117,4,4,0,1,1,0,0.002527329333304351,0.008863180082924367,0.19362865394814519,0.004482729329644072,1.7523688088540639,0.0,0.012802510999961214,0.0002471960000320905,0.0984052360000014,0.02709418699998878,0.007799354999974639,0.008763014999999541,0.027134;0.027094;0.027073,0.007718;0.007813;0.007799,0.008330;0.010392;0.008763,,threading,2026-10-03T11:06:42+00:00
L4-00033,L4,n2-standard-4,Linux,6.1.0-53-cloud-amd64,x86_64,Intel(R) Xeon(R) CPU @ 2.80GHz,intel,4,2,2800,16.8,3.14.6,CPython,1,forkserver,2.5.3,recursive,rec_nqueens,9,366,0.3,seconds,normal,447,388,4,2,1,10,0,0,0.00155748069696563,0.9999516323363388,0.12108543214609255,0.002212290653885697,0.9795997276541358,0.0,0.10446580100000347,0.00034400000015466503,0.04352820199999741,0.6691047539999886,0.6831921899999998,0.3504201630000239,0.665338;0.669238;0.669105,0.683877;0.682478;0.683192,0.343645;0.350420;0.351216,,multiprocessing,2026-10-03T11:06:48+00:00
L4-00034,L4,n2-standard-4,Linux,6.1.0-53-cloud-amd64,x86_64,Intel(R) Xeon(R) CPU @ 2.80GHz,intel,4,2,2800,16.8,3.14.6,CPython,1,forkserver,2.5.3,gil_release,gil_zlib,3,128129,0.3,seconds,big,166,128151,4,2,1,1,0,1,0.008726275166679898,0.999969409429336,0.3123600511096675,0.0030648433786647417,1.7601511272963797,0.0,0.08459221200001821,0.000767029999906299,0.04352820199999741,1.5313246100000129,0.7790331140000148,0.7954925799999728,1.531325;1.534735;1.526687,0.783704;0.779033;0.778144,0.792287;0.800533;0.795493,,threading,2026-10-03T11:06:58+00:00
L4-00035,L4,n2-standard-4,Linux,6.1.0-53-cloud-amd64,x86_64,Intel(R) Xeon(R) CPU @ 2.80GHz,intel,4,2,2800,16.8,3.14.6,CPython,1,forkserver,2.5.3,cpu,cpu_collatz,1052,1632757,0.8,seconds,big,35,1632780,4,4,2,5,0,0,0.006917542875001459,0.9998098372844421,0.24697387332959062,0.05674740758210295,1.4746576766235393,0.0,0.09697149199996602,0.003921306999927765,0.0984052360000014,0.18740297799996597,0.19099628300000404,0.12569671500000368,0.187421;0.187370;0.187403,0.190996;0.190468;0.191171,0.129043;0.125697;0.125385,,multiprocessing,2026-10-03T11:07:01+00:00
L4-00036,L4,n2-standard-4,Linux,6.1.0-53-cloud-amd64,x86_64,Intel(R) Xeon(R) CPU @ 2.80GHz,intel,4,2,2800,16.8,3.14.6,CPython,1,forkserver,2.5.3,big_payload,big_upper_copy,10,2495524,0.0,ms,big,75,2495546,4,2,0,0,0,0,0.001160297722217744,0.9990057797359752,0.02345182382035058,0.8265625695014395,0.6644853921560016,0.0,0.06994941900001095,0.017574425000077554,0.04352820199999741,0.15298444699999436,0.16054424100002507,1.243678616000011,0.179538;0.147418;0.152984,0.151532;0.160544;0.161258,1.243679,,sequential,2026-10-03T11:07:04+00:00
L4-00037,L4,n2-standard-4,Linux,6.1.0-53-cloud-amd64,x86_64,Intel(R) Xeon(R) CPU @ 2.80GHz,intel,4,2,2800,16.8,3.14.6,CPython,1,forkserver,2.5.3,big_payload,big_reverse,8,135921,0.3,ms,big,1471,135943,4,2,0,0,0,0,6.858606539509615e-05,1.0,0.10370156037750569,0.5378249909222652,0.6903723573979986,1.0,0.06385890100000324,0.001996579000035581,0.04352820199999741,0.14971675300000697,0.18339668300001222,1.5012996499999645,0.100260;0.159844;0.149717,0.186464;0.183148;0.183397,1.501300,multiprocessing,sequential,2026-10-03T11:07:08+00:00
L4-00038,L4,n2-standard-4,Linux,6.1.0-53-cloud-amd64,x86_64,Intel(R) Xeon(R) CPU @ 2.80GHz,intel,4,2,2800,16.8,3.14.6,CPython,1,forkserver,2.5.3,text,text_split_count,15,449,0.0,ms,normal,376,471,4,4,1,1,0,0,0.00038152218085003294,1.0,0.025198331593419734,0.009340348148549891,0.9596641978980286,0.0,0.07372900999996546,0.0004416200000605386,0.0984052360000014,0.14327893699999095,0.14620435199998383,0.0831691089999822,0.143279;0.142508;0.145005,0.146753;0.146204;0.145893,0.078711;0.084270;0.083169,,multiprocessing,2026-10-03T11:07:09+00:00
L4-00039,L4,n2-standard-4,Linux,6.1.0-53-cloud-amd64,x86_64,Intel(R) Xeon(R) CPU @ 2.80GHz,intel,4,2,2800,16.8,3.14.6,CPython,1,forkserver,2.5.3,big_result,result_sorted_pairs,16258,895,0.3,seconds,normal,31,918,4,2,1,4,0,0,0.008744257999997748,0.9999978849057227,0.16774007987509887,0.5810470711156658,1.0185054096173043,0.0,0.13757175099999586,0.03113834800001314,0.04201564799996049,0.3560723909999979,0.3638014969999972,0.33594057999999904,0.364897;0.356072;0.351774,0.363802;0.363801;0.359297,0.336564;0.335941;0.315606,,multiprocessing,2026-10-03T11:07:13+00:00
L4-00040,L4,n2-standard-4,Linux,6.1.0-53-cloud-amd64,x86_64,Intel(R) Xeon(R) CPU @ 2.80GHz,intel,4,2,2800,16.8,3.14.6,CPython,1,forkserver,2.5.3,mixed,mixed_compute_then_sleep,6749,472255,0.0,ms,big,195,472278,4,4,1,3,1,0,0.000501113104167672,0.6309076231242792,0.019607437838049514,0.1818283122926925,1.4768719131028214,0.5,0.04261813099998335,0.002177272999915658,0.0984052360000014,0.0980303189999745,0.07036822800000664,0.0870385590000069,0.098017;0.098030;0.098149,0.071340;0.070368;0.069066,0.087039;0.090248;0.083377,,threading,2026-10-03T11:07:15+00:00
L4-00041,L4,n2-standard-4,Linux,6.1.0-53-cloud-amd64,x86_64,Intel(R) Xeon(R) CPU @ 2.80GHz,intel,4,2,2800,16.8,3.14.6,CPython,1,forkserver,2.5.3,big_payload,big_reverse,5,2534334,0.0,seconds,big,78,2534356,4,2,0,0,0,0,0.0012728519473655883,1.0,0.02263191417745269,0.8133091263340572,0.7481181153318877,0.0,0.07665865300003816,0.02005436700011387,0.04201564799996049,0.16164000599997053,0.15165819899999633,1.8111962649999782,0.162239;0.161640;0.161566,0.185157;0.151067;0.151658,1.811196,multiprocessing,threading,2026-10-03T11:07:19+00:00
L4-00042,L4,n2-standard-4,Linux,6.1.0-53-cloud-amd64,x86_64,Intel(R) Xeon(R) CPU @ 2.80GHz,intel,4,2,2800,16.8,3.14.6,CPython,1,forkserver,2.5.3,algo_iter,algo_kmeans,224,360,0.0,ms,normal,21,382,4,2,3,15,0,0,0.0040172392000158656,1.0,0.016797674192907706,0.002015662897796459,0.9521638777167675,0.0,0.04252391599999328,0.0014449519998720461,0.0423698459999855,0.08342275499995822,0.08584571000000096,0.05100888700002315,0.083188;0.083423;0.084079,0.086463;0.085846;0.084761,0.049327;0.052818;0.051009,,multiprocessing,2026-10-03T11:07:20+00:00
L4-00043,L4,n2-standard-4,Linux,6.1.0-53-cloud-amd64,x86_64,Intel(R) Xeon(R) CPU @ 2.80GHz,intel,4,2,2800,16.8,3.14.6,CPython,1,forkserver,2.5.3,big_payload,big_upper_copy,1,131861,0.8,seconds,big,1516,131883,4,2,0,0,0,0,0.00012004379683569422,1.0,0.0674593597810641,0.3910901790148313,1.0415339804553976,0.0,0.09144937499996786,0.00198308899928179,0.0423698459999855,0.17854427299999998,0.09535779999998795,1.2063055190000114,0.188877;0.178544;0.169191,0.172193;0.095358;0.094864,1.206306,,threading,2026-10-03T11:07:24+00:00
L4-00044,L4,n2-standard-4,Linux,6.1.0-53-cloud-amd64,x86_64,Intel(R) Xeon(R) CPU @ 2.80GHz,intel,4,2,2800,16.8,3.14.6,CPython,1,forkserver,2.5.3,tiny,tiny_dict_lookup,12,179,0.3,ms,normal,32975,198,4,2,0,1,0,0,2.965904997722646e-07,1.0,0.8923915674521774,10.813731410207307,0.6753529701471912,0.0,0.005473945000005642,0.003095441000482424,0.0423698459999855,0.007708539000020664,0.009248321999962172,0.016593064999995022,0.007971;0.007165;0.007709,0.009612;0.008667;0.009248,0.016593;0.015869;0.017022,,sequential,2026-10-03T11:07:24+00:00
L4-00045,L4,n2-standard-4,Linux,6.1.0-53-cloud-amd64,x86_64,Intel(R) Xeon(R) CPU @ 2.80GHz,intel,4,2,2800,16.8,3.14.6,CPython,1,forkserver,2.5.3,tiny,tiny_add,172,421615,0.3,seconds,big,474,421637,4,4,0,1,0,0,3.025084745562924e-07,1.0,0.3271163087184119,292.7187415841313,0.0956106634680551,0.0,0.00268137000000479,0.002172276999999667,0.0984052360000014,0.00013528299996323767,0.0004588349999607999,0.1997038419999626,0.000161;0.000135;0.000069,0.000559;0.000459;0.000454,0.199704,,sequential,2026-10-03T11:07:26+00:00
L4-00046,L4,n2-standard-4,Linux,6.1.0-53-cloud-amd64,x86_64,Intel(R) Xeon(R) CPU @ 2.80GHz,intel,4,2,2800,16.8,3.14.6,CPython,1,forkserver,2.5.3,algo_iter,algo_dijkstra,56,136252,0.0,seconds,big,1467,136274,4,8,2,15,0,0,0.00010419019945312317,0.99951590589147,0.05911800829337508,0.2369623066768983,0.9326117512689197,0.0,0.08166765400000031,0.0024926600001435872,0.07856753000000083,0.15273923400002332,0.15776733900003137,0.21238611799998353,0.152739;0.152866;0.152380,0.157767;0.158010;0.157597,0.206576;0.217988;0.212386,,sequential,2026-10-03T11:07:28+00:00
L4-00047,L4,n2-standard-4,Linux,6.1.0-53-cloud-amd64,x86_64,Intel(R) Xeon(R) CPU @ 2.80GHz,intel,4,2,2800,16.8,3.14.6,CPython,1,forkserver,2.5.3,big_payload,big_upper_copy,3,3152875,0.3,ms,big,45,3152897,4,2,0,0,0,0,0.0024014242727255146,1.0,0.19449099254479904,0.6810355384924757,0.928854283809885,0.0,0.07417924800000719,0.018259990000046855,0.0423698459999855,0.10846101999999291,0.06720109499997307,0.9158579599999825,0.117136;0.107836;0.108461,0.067201;0.067749;0.067004,0.915858,,threading,2026-10-03T11:07:31+00:00
L4-00048,L4,n2-standard-4,Linux,6.1.0-53-cloud-amd64,x86_64,Intel(R) Xeon(R) CPU @ 2.80GHz,intel,4,2,2800,16.8,3.14.6,CPython,1,forkserver,2.5.3,tiny,tiny_add,123,424,0.0,seconds,normal,200000,446,4,2,0,1,0,0,1.9031900018262605e-07,1.0,0.5959383468829446,17.039812076031964,0.5547856799062406,0.0,0.004746653000040624,0.0028864159996828676,0.0423698459999855,0.027891236000016306,0.026191611999990982,0.15046976799999356,0.027336;0.027948;0.027891,0.026382;0.025696;0.026192,0.150470,,threading,2026-10-03T11:07:32+00:00
L4-00049,L4,n2-standard-4,Linux,6.1.0-53-cloud-amd64,x86_64,Intel(R) Xeon(R) CPU @ 2.80GHz,intel,4,2,2800,16.8,3.14.6,CPython,1,forkserver,2.5.3,db,db_mem_group_by,3754,157829,0.0,ms,big,39,157852,4,8,1,2,1,0,0.003954771444436271,1.0,0.026455410250389673,0.008318474815431796,0.4125915830105001,0.0,0.12166033400001197,0.000518288000080247,0.07856753000000083,0.1523141299999793,1.3889998400001105,0.07779996800002209,0.152314,1.389000,0.077800,threading,multiprocessing,2026-10-03T11:07:34+00:00
L4-00050,L4,n2-standard-4,Linux,6.1.0-53-cloud-amd64,x86_64,Intel(R) Xeon(R) CPU @ 2.80GHz,intel,4,2,2800,16.8,3.14.6,CPython,1,forkserver,2.5.3,algo_rec,algo_merge_sort,3857,633,0.0,seconds,normal,1049,656,4,2,1,10,0,0,0.007421441142842663,1.0,0.021423884700400745,0.025317993688781064,0.9757041309783206,0.0,0.10913255799999888,0.0041484490000698315,0.07748937900004194,7.727367886999957,7.826381873999992,4.160554747000049,7.701459;7.732809;7.727368,7.831830;7.824585;7.826382,4.203741;4.160555;4.101907,,multiprocessing,2026-10-03T11:08:34+00:00
L4-00051,L4,n2-standard-4,Linux,6.1.0-53-cloud-amd64,x86_64,Intel(R) Xeon(R) CPU @ 2.80GHz,intel,4,2,2800,16.8,3.14.6,CPython,1,forkserver,2.5.3,big_payload,big_count_byte,206,3153622,0.8,seconds,big,63,3153644.3,4,8,0,1,0,0,0.005077619799993727,0.9997874711065997,0.004126861223574639,0.20521782666723276,0.9739661783382394,0.0,0.11402240899997196,0.011069059000021753,0.06808017799994559,0.32122311500000933,0.3256025690000115,0.2568555960000367,0.318067;0.321223;0.321296,0.325629;0.325603;0.325317,0.276579;0.253406;0.256856,,multiprocessing,2026-10-03T11:08:39+00:00
L4-00052,L4,n2-standard-4,Linux,6.1.0-53-cloud-amd64,x86_64,Intel(R) Xeon(R) CPU @ 2.80GHz,intel,4,2,2800,16.8,3.14.6,CPython,1,forkserver,2.5.3,cpu,cpu_count_primes,7088,26,0.3,seconds,normal,814,46,4,2,2,4,0,0,0.004192317000004664,1.0,0.1599299255085909,0.001084980772855971,0.9144122699943772,0.0,0.10647173000000976,0.0008132029999501356,0.07748937900004194,3.3932955270000207,3.4255427129999703,1.719546088999948,3.395602;3.393296;3.389566,3.425543;3.428307;3.418128,1.720620;1.719546;1.711174,,multiprocessing,2026-10-03T11:09:05+00:00
L4-00053,L4,n2-standard-4,Linux,6.1.0-53-cloud-amd64,x86_64,Intel(R) Xeon(R) CPU @ 2.80GHz,intel,4,2,2800,16.8,3.14.6,CPython,1,forkserver,2.5.3,tiny,tiny_len,459,134098,0.8,seconds,big,1491,134120.75,4,4,0,0,0,0,3.282930112608708e-07,1.0,0.2969911277587449,91.75568462114893,0.25570878296556715,0.0,0.0024217420000240963,0.0016178249998688443,0.06479987400001619,0.0002559090000318065,0.0008896720000279856,0.24526101100002506,0.000448;0.000256;0.000185,0.001092;0.000890;0.000699,0.245261,,sequential,2026-10-03T11:09:06+00:00
L4-00054,L4,n2-standard-4,Linux,6.1.0-53-cloud-amd64,x86_64,Intel(R) Xeon(R) CPU @ 2.80GHz,intel,4,2,2800,16.8,3.14.6,CPython,1,forkserver,2.5.3,mixed,mixed_json_roundtrip,233,702,0.3,seconds,normal,159,724.4285714285714,4,8,1,1,1,0,0.007554453857161596,0.9770438339233195,0.22118326221925227,0.0006624285233323856,0.9473947986809585,0.0,0.10809121800002686,0.0007968319998781226,0.06808017799994559,1.2331267310000271,1.2528963550000185,0.6527137420000031,1.242167;1.233127;1.231856,1.255216;1.252896;1.252000,0.652714;0.645488;0.653701,,multiprocessing,2026-10-03T11:09:16+00:00
L4-00055,L4,n2-standard-4,Linux,6.1.0-53-cloud-amd64,x86_64,Intel(R) Xeon(R) CPU @ 2.80GHz,intel,4,2,2800,16.8,3.14.6,CPython,1,forkserver,2.5.3,db,db_file_lookup,39,603394,0.0,seconds,big,331,603416,4,2,1,5,1,0,0.00042350815853388314,1.0,0.06798908668068133,0.32809320719283236,0.4615194208879491,0.0,0.11383017999997946,0.004124024000248028,0.07748937900004194,0.1401444900000115,0.12524687400002676,0.24543684700000767,0.138941;0.140144;0.141806,0.217075;0.125247;0.120511,0.308267;0.245437;0.240095,,threading,2026-10-03T11:09:19+00:00
L4-00056,L4,n2-standard-4,Linux,6.1.0-53-cloud-amd64,x86_64,Intel(R) Xeon(R) CPU @ 2.80GHz,intel,4,2,2800,16.8,3.14.6,CPython,1,forkserver,2.5.3,algo_rec,algo_flood_fill,7,1168,0.0,seconds,normal,1585,1190,4,4,3,10,0,0,0.0025113067619058497,1.0,0.27406771774452027,0.0014162148821581812,1.050758288071181,0.0,0.10492254799999046,0.0013248309999767116,0.06479987400001619,3.7624539379999646,3.9032187669999985,1.8822816219999936,3.762454;3.757207;3.784604,3.882889;3.903219;3.911902,1.882282;1.874582;1.892317,,multiprocessing,2026-10-03T11:09:49+00:00
L4-00057,L4,n2-standard-4,Linux,6.1.0-53-cloud-amd64,x86_64,Intel(R) Xeon(R) CPU @ 2.80GHz,intel,4,2,2800,16.8,3.14.6,CPython,1,forkserver,2.5.3,big_payload,big_reverse,1,1145416,0.8,seconds,big,174,1145438,4,8,0,0,0,0,0.0010561640000041946,0.9997046201691427,0.1244134266639946,0.47640295446118575,0.9645101845787476,0.0,0.10388242099998024,0.010771630999784065,0.06808017799994559,0.17788941200001318,0.12575902300000052,0.9521692029999826,0.191577;0.177889;0.176273,0.194628;0.125759;0.112271,0.952169,,threading,2026-10-03T11:09:52+00:00
L4-00058,L4,n2-standard-4,Linux,6.1.0-53-cloud-amd64,x86_64,Intel(R) Xeon(R) CPU @ 2.80GHz,intel,4,2,2800,16.8,3.14.6,CPython,1,forkserver,2.5.3,io,io_sleep,2564,17,0.8,ms,normal,33,37,4,2,0,1,1,0,0.002040331999999978,0.009880198901357492,0.5339702489619497,0.003030511704961399,1.3553757820937034,1.0,0.0296442189999766,0.0005736840000167831,0.07748937900004194,0.07392042399999355,0.037806626000019605,0.03842067800002269,0.073920;0.074005;0.073749,0.037798;0.038016;0.037807,0.038421;0.038406;0.038754,,threading,2026-10-03T11:09:53+00:00
L4-00059,L4,n2-standard-4,Linux,6.1.0-53-cloud-amd64,x86_64,Intel(R) Xeon(R) CPU @ 2.80GHz,intel,4,2,2800,16.8,3.14.6,CPython,1,forkserver,2.5.3,recursive,rec_fib,29,154,0.8,seconds,normal,200000,173,4,2,0,4,0,0,2.7786990006575254e-06,1.0,2.5996907954804973,1.1101418343351608,0.9026112850430665,0.0,0.015954785000019456,0.003391271998737011,0.07748937900004194,0.5393539109999779,0.5682406600000149,0.36991757200001985,0.538959;0.539354;0.540278,0.568241;0.564702;0.569395,0.369918;0.355557;0.372977,,multiprocessing,2026-10-03T11:09:58+00:00
L4-00060,L4,n2-standard-4,Linux,6.1.0-53-cloud-amd64,x86_64,Intel(R) Xeon(R) CPU @ 2.80GHz,intel,4,2,2800,16.8,3.14.6,CPython,1,forkserver,2.5.3,numpy,np_linalg_solve,318,1714121,0.8,seconds,big,79,1714143.7142857143,4,2,0,3,0,1,0.007989185714295997,0.9999424442736606,0.2859845038106645,0.04513642548981098,1.2278982171220754,0.0,0.10195696699997825,0.003487121999910414,0.07748937900004194,0.49605169199998045,0.29727305199998,0.38978223200001594,0.497942;0.496052;0.485068,0.300196;0.297273;0.293848,0.426172;0.389782;0.365798,,threading,2026-10-03T11:10:03+00:00
L4-00061,L4,n2-standard-4,Linux,6.1.0-53-cloud-amd64,x86_64,Intel(R) Xeon(R) CPU @ 2.80GHz,intel,4,2,2800,16.8,3.14.6,CPython,1,forkserver,2.5.3,big_result,result_records,938,255617,0.3,seconds,big,782,255640,4,8,1,2,0,0,0.0006338847721525769,0.9999546648178805,3.5595502735406184,0.7082325837945771,1.3092718125138274,0.0,0.09833435699999882,0.009768125999983113,0.06808017799994559,0.5341510810000045,0.5723373659999993,0.7911625119999712,0.582954;0.496872;0.534151,0.593440;0.517640;0.572337,0.791163;0.805630;0.725916,,sequential,2026-10-03T11:10:10+00:00
L4-00062,L4,n2-standard-4,Linux,6.1.0-53-cloud-amd64,x86_64,Intel(R) Xeon(R) CPU @ 2.80GHz,intel,4,2,2800,16.8,3.14.6,CPython,1,forkserver,2.5.3,numpy,np_linalg_solve,57,1647,0.0,seconds,normal,85853,1669,4,8,0,3,0,1,6.90840738172621e-05,0.9999486372657611,0.16190012447739255,0.06319546248599366,0.6655033589299647,0.0,0.1258754890000091,0.0017227939991926178,0.06808017799994559,5.866842769999948,16.501668417499957,3.0396698250000327,5.883638;5.866843;5.856611,16.601662;16.401675,3.574011;3.034983;3.039670,,multiprocessing,2026-10-03T11:11:11+00:00
L4-00063,L4,n2-standard-4,Linux,6.1.0-53-cloud-amd64,x86_64,Intel(R) Xeon(R) CPU @ 2.80GHz,intel,4,2,2800,16.8,3.14.6,CPython,1,forkserver,2.5.3,recursive,rec_tree_sum,977,1585488,0.0,ms,big,126,1585511,4,4,0,4,0,0,0.00022172374194577706,1.0,0.06059761379342458,1.4287646745175921,0.9158217655646579,0.0,0.021660974000042188,0.007265838999728658,0.06479987400001619,0.02760999500003436,0.028922455000042646,0.23698166999997738,0.027610;0.027584;0.027770,0.028923;0.028616;0.028922,0.236982,,sequential,2026-10-03T11:11:12+00:00
L4-00064,L4,n2-standard-4,Linux,6.1.0-53-cloud-amd64,x86_64,Intel(R) Xeon(R) CPU @ 2.80GHz,intel,4,2,2800,16.8,3.14.6,CPython,1,forkserver,2.5.3,cpu,cpu_collatz,1188,85,0.8,ms,normal,25,105,4,2,2,5,0,0,0.005105409166655288,0.9999730401346372,0.7700649326194524,0.0012033315649171697,0.9001085715240001,0.0,0.07106895200001873,0.0007841370000960524,0.07748937900004194,0.1316283610000255,0.13285841799995524,0.07673578899994027,0.131513;0.131628;0.131746,0.133402;0.132302;0.132858,0.078018;0.072448;0.076736,,multiprocessing,2026-10-03T11:11:14+00:00
L4-00065,L4,n2-standard-4,Linux,6.1.0-53-cloud-amd64,x86_64,Intel(R) Xeon(R) CPU @ 2.80GHz,intel,4,2,2800,16.8,3.14.6,CPython,1,forkserver,2.5.3,tiny,tiny_small_loop,1,152,0.3,ms,normal,6139,171,4,8,0,0,0,0,2.9010951867660785e-07,1.0,2.350738727470115,10.427441419364177,0.5961590789800963,0.0,0.004161854000017229,0.0023674859983202623,0.06808017799994559,0.00114945899997565,0.0019257179999385698,0.010479982999981985,0.001293;0.001149;0.000991,0.002315;0.001926;0.001733,0.010480,,sequential,2026-10-03T11:11:15+00:00
L4-00066,L4,n2-standard-4,Linux,6.1.0-53-cloud-amd64,x86_64,Intel(R) Xeon(R) CPU @ 2.80GHz,intel,4,2,2800,16.8,3.14.6,CPython,1,forkserver,2.5.3,algo_rec,algo_flood_fill,3,568,0.3,seconds,normal,1136,590,4,2,3,10,0,0,0.001021091551012655,0.999691653486249,0.4112841483482251,0.003283006301290583,0.9295096583510365,0.0,0.10427424400006657,0.0003599090005081962,0.07748937900004194,1.1818505669999695,1.210032190999982,0.6079388640000616,1.176657;1.181851;1.188169,1.210032;1.206697;1.216756,0.614001;0.601804;0.607939,,multiprocessing,2026-10-03T11:11:24+00:00
L4-00067,L4,n2-standard-4,Linux,6.1.0-53-cloud-amd64,x86_64,Intel(R) Xeon(R) CPU @ 2.80GHz,intel,4,2,2800,16.8,3.14.6,CPython,1,forkserver,2.5.3,big_result,result_long_string,6211,568,0.8,seconds,normal,124,591,4,4,1,1,0,0,0.0013914848064455181,0.9999779930628185,0.45426348126764443,0.04447012265079804,0.8545874051520697,0.0,0.09671127100000376,0.002038760000232287,0.06479987400001619,0.17693233099998906,0.18371681399992212,0.21256316100004824,0.187131;0.176467;0.176932,0.187435;0.183717;0.180907,0.212563;0.179442;0.384514,,sequential,2026-10-03T11:11:27+00:00
L4-00068,L4,n2-standard-4,Linux,6.1.0-53-cloud-amd64,x86_64,Intel(R) Xeon(R) CPU @ 2.80GHz,intel,4,2,2800,16.8,3.14.6,CPython,1,forkserver,2.5.3,text,text_split_count,40,3052,0.3,ms,normal,8,3074,4,2,1,1,0,0,0.0061384566666523215,1.0,0.07691697602527271,0.0013283469157644894,0.9873427249308808,0.0,0.03750125000010485,0.0007909430001973305,0.07748937900004194,0.046739700999978595,0.04798910199997408,0.031137138000076447,0.046279;0.046740;0.046928,0.047956;0.047989;0.048101,0.031137;0.032873;0.027782,,multiprocessing,2026-10-03T11:11:28+00:00
L4-00069,L4,n2-standard-4,Linux,6.1.0-53-cloud-amd64,x86_64,Intel(R) Xeon(R) CPU @ 2.80GHz,intel,4,2,2800,16.8,3.14.6,CPython,1,forkserver,2.5.3,recursive,rec_quicksort,81,144,0.8,seconds,normal,52528,163,4,2,1,8,0,0,6.812839398168679e-05,0.9999772071479689,0.5291434048429661,0.045127293309959196,0.9839391707410079,0.0,0.10285271299994747,0.0020376679992750724,0.07748937900004194,3.5785499510000136,3.605787812000017,1.8280118509999284,3.538305;3.597196;3.578550,3.605788;3.603629;3.635300,1.821837;1.829260;1.828012,,multiprocessing,2026-10-03T11:11:56+00:00
L4-00070,L4,n2-standard-4,Linux,6.1.0-53-cloud-amd64,x86_64,Intel(R) Xeon(R) CPU @ 2.80GHz,intel,4,2,2800,16.8,3.14.6,CPython,1,forkserver,2.5.3,text,text_format_report,13055,135,0.3,ms,normal,8,155,4,8,1,2,0,0,0.013539502666655304,0.9999877171095388,0.14928212636590613,0.0008072920838677617,0.9435246466164497,0.0,0.08746759199993903,0.0007651799999166542,0.06808017799994559,0.11947010100004718,0.12329936899993754,0.06791218199998639,0.119470;0.119019;0.124392,0.122731;0.123299;0.126044,0.067912;0.062904;0.071171,,multiprocessing,2026-10-03T11:11:57+00:00
L4-00071,L4,n2-standard-4,Linux,6.1.0-53-cloud-amd64,x86_64,Intel(R) Xeon(R) CPU @ 2.80GHz,intel,4,2,2800,16.8,3.14.6,CPython,1,forkserver,2.5.3,io,io_sleep,743,41,0.3,seconds,normal,8319,61,4,2,0,1,1,0,0.0008047054603171741,0.014421848544423785,0.15513934129551804,0.004270133812397885,1.9844669642012405,0.0,0.07681429700005538,0.00048169500007588795,0.07748937900004194,6.769434064000052,3.3867838820000316,3.3954338580000467,6.769434;6.765668;6.772525,3.386784;3.384041;3.409179,3.390193;3.396212;3.395434,,threading,2026-10-03T11:12:38+00:00
L4-00072,L4,n2-standard-4,Linux,6.1.0-53-cloud-amd64,x86_64,Intel(R) Xeon(R) CPU @ 2.80GHz,intel,4,2,2800,16.8,3.14.6,CPython,1,forkserver,2.5.3,tiny,tiny_dict_lookup,144,156,0.8,ms,normal,4779,175,4,2,0,1,0,0,2.8717922952158946e-07,1.0,0.23548782727872003,14.629888116654255,0.4174311606495876,0.5,0.003742333999980474,0.002093922999847564,0.07748937900004194,0.0010677370000848896,0.0017213749999882566,0.004055809000078625,0.001258;0.001068;0.000926,0.001758;0.001686;0.001721,0.004056;0.005167;0.003849,,sequential,2026-10-03T11:12:39+00:00
L4-00073,L4,n2-standard-4,Linux,6.1.0-53-cloud-amd64,x86_64,Intel(R) Xeon(R) CPU @ 2.80GHz,intel,4,2,2800,16.8,3.14.6,CPython,1,forkserver,2.5.3,numpy,np_linalg_solve,24,373,0.8,ms,normal,733,395,4,8,0,3,0,1,4.566732240638756e-05,1.0,0.4550985598416881,0.10086315015919518,0.7471343983607163,0.0,0.02018851499997254,0.0007647979995226706,0.06808017799994559,0.03162836299998162,0.06385937499999272,0.022195897000074183,0.031628;0.031850;0.031313,0.063491;0.064043;0.063859,0.022196;0.021394;0.022354,,multiprocessing,2026-10-03T11:12:40+00:00
L4-00074,L4,n2-standard-4,Linux,6.1.0-53-cloud-amd64,x86_64,Intel(R) Xeon(R) CPU @ 2.80GHz,intel,4,2,2800,16.8,3.14.6,CPython,1,forkserver,2.5.3,gil_release,gil_bz2,4,300000,0.8,seconds,big,666,300022,4,8,0,1,0,1,0.0010603344791656848,0.999984664989895,0.33133586609501503,0.04931401462126211,1.6647708776873844,0.0,0.08344536799995694,0.0017418889999589737,0.06808017799994559,0.756445642000017,0.30011495799999466,0.43441537500007144,0.756446;0.753422;0.758857,0.300115;0.297480;0.300931,0.408482;0.441138;0.434415,,threading,2026-10-03T11:12:46+00:00
L4-00075,L4,n2-standard-4,Linux,6.1.0-53-cloud-amd64,x86_64,Intel(R) Xeon(R) CPU @ 2.80GHz,intel,4,2,2800,16.8,3.14.6,CPython,1,forkserver,2.5.3,db,db_mem_group_by,8012,904,0.8,seconds,normal,365,927,4,8,1,2,1,0,0.008208457999964074,0.9999913695153113,0.4906315454102044,0.0006698317426578001,0.4853991366589109,0.0,0.19078262299990456,0.0008122640001602122,0.06808017799994559,3.0399778980000747,7.947269535000373,1.3894539070000747,3.039978,7.947270,1.389454,threading,multiprocessing,2026-10-03T11:12:59+00:00
L4-00076,L4,n2-standard-4,Linux,6.1.0-53-cloud-amd64,x86_64,Intel(R) Xeon(R) CPU @ 2.80GHz,intel,4,2,2800,16.8,3.14.6,CPython,1,forkserver,2.5.3,big_payload,big_upper_copy,3,1848639,0.8,ms,big,29,1848661,4,4,0,0,0,0,0.0014823352857027722,1.0,0.255021833005473,1.4769595696972593,0.8811262399107127,0.0,0.03938773700008369,0.01633976700020412,0.10119912100003603,0.048651159999963056,0.04367956500004766,0.5177049599999464,0.049512;0.048651;0.047141,0.051303;0.043680;0.043271,0.191881;0.517705;0.633450,,threading,2026-10-03T11:13:01+00:00
L4-00077,L4,n2-standard-4,Linux,6.1.0-53-cloud-amd64,x86_64,Intel(R) Xeon(R) CPU @ 2.80GHz,intel,4,2,2800,16.8,3.14.6,CPython,1,forkserver,2.5.3,numpy,np_fft,587745,8553,0.8,seconds,normal,27,8578,4,8,0,0,0,1,0.058443226333338316,0.9999434408866298,0.5240954836956065,0.0002465868879957193,0.9671099085500066,0.0,0.42420555199998944,0.00086638999994193,0.0625041789999159,2.784428735000006,1.4618444209999097,1.5490397700000358,2.859911;2.780263;2.784429,1.516611;1.461844;1.458777,1.768167;1.549040;1.539229,,threading,2026-10-03T11:13:20+00:00
L4-00078,L4,n2-standard-4,Linux,6.1.0-53-cloud-amd64,x86_64,Intel(R) Xeon(R) CPU @ 2.80GHz,intel,4,2,2800,16.8,3.14.6,CPython,1,forkserver,2.5.3,algo_iter,algo_kmeans,586,112641,0.8,seconds,big,78,112664,4,4,3,15,0,0,0.011807311600000503,0.9999871618599439,0.3213661637539588,0.002805990146573071,1.4981257566984956,0.5,0.1005066639999086,0.0015510379998886492,0.10119912100003603,0.7779978589999246,0.8028663190000316,0.4151891630000364,0.777998;0.778849;0.776934,0.802866;0.803244;0.799294,0.415189;0.420940;0.401825,,multiprocessing,2026-10-03T11:13:27+00:00
L4-00079,L4,n2-standard-4,Linux,6.1.0-53-cloud-amd64,x86_64,Intel(R) Xeon(R) CPU @ 2.80GHz,intel,4,2,2800,16.8,3.14.6,CPython,1,forkserver,2.5.3,big_result,result_records,804,981517,0.0,ms,big,203,981540,4,8,1,2,0,0,0.0003950675199962461,0.9994025859925204,0.5052081286982747,1.3983138882433312,0.9910079309122524,0.0,0.051768551999998635,0.011881732000119882,0.0625041789999159,0.10733801699996093,0.08337469299999611,0.23162300900003174,0.117418;0.100656;0.107338,0.083375;0.101075;0.081020,0.252768;0.231623;0.230857,,threading,2026-10-03T11:13:29+00:00
L4-00080,L4,n2-standard-4,Linux,6.1.0-53-cloud-amd64,x86_64,Intel(R) Xeon(R) CPU @ 2.80GHz,intel,4,2,2800,16.8,3.14.6,CPython,1,forkserver,2.5.3,io,io_sleep_chunks,651,27,0.0,seconds,normal,4166,47,4,8,1,1,1,0,0.0009241058518585776,0.04239493549622527,0.02415159912552536,0.003649149054438191,1.9882439033943196,0.5,0.07602698600010172,0.0009392439997100155,0.0625041789999159,3.792090919999964,0.47532907400000113,0.47917016899998544,3.792091,0.476658;0.475329;0.474410,0.483543;0.479170;0.478861,,threading,2026-10-03T11:13:37+00:00
L4-00081,L4,n2-standard-4,Linux,6.1.0-53-cloud-amd64,x86_64,Intel(R) Xeon(R) CPU @ 2.80GHz,intel,4,2,2800,16.8,3.14.6,CPython,1,forkserver,2.5.3,algo_iter,algo_edit_distance,38654,46,0.3,ms,normal,8,66,4,4,2,16,0,0,0.006478003666643417,1.0,0.11183124728933751,0.0012213124719075276,0.9643489684706178,0.0,0.0408368610000025,0.001131934000113688,0.10119912100003603,0.04975144000002274,0.050946550000048774,0.030384036000100423,0.049751;0.049897;0.049688,0.051100;0.050922;0.050947,0.030384;0.035661;0.029566,,multiprocessing,2026-10-03T11:13:38+00:00
L4-00082,L4,n2-standard-4,Linux,6.1.0-53-cloud-amd64,x86_64,Intel(R) Xeon(R) CPU @ 2.80GHz,intel,4,2,2800,16.8,3.14.6,CPython,1,forkserver,2.5.3,recursive,rec_fib,891,82,0.8,ms,normal,2287,101.85,4,4,0,4,0,0,6.330654290795219e-05,1.0,0.449705358262482,0.05264147804351053,0.9857064211592756,0.0,0.075022380000064,0.0019187229996759925,0.10119912100003603,0.14494322600000942,0.14828279899995778,0.08312135399989984,0.144943;0.144357;0.145431,0.148283;0.148393;0.148206,0.085245;0.080018;0.083121,,multiprocessing,2026-10-03T11:13:39+00:00
L4-00083,L4,n2-standard-4,Linux,6.1.0-53-cloud-amd64,x86_64,Intel(R) Xeon(R) CPU @ 2.80GHz,intel,4,2,2800,16.8,3.14.6,CPython,1,forkserver,2.5.3,mixed,mixed_json_roundtrip,264,1040,0.0,seconds,normal,50,1063,4,8,1,1,1,0,0.0086290216666877,0.9779597402839733,0.03420706640976708,0.0006404549927560903,0.9893599117499381,0.0,0.1041461980000804,0.0007748579999997673,0.0625041789999159,0.427153278999981,0.43410004999998364,0.23005762699995103,0.427153;0.430173;0.425411,0.434291;0.433590;0.434100,0.229412;0.233784;0.230058,,multiprocessing,2026-10-03T11:13:43+00:00
L4-00084,L4,n2-standard-4,Linux,6.1.0-53-cloud-amd64,x86_64,Intel(R) Xeon(R) CPU @ 2.80GHz,intel,4,2,2800,16.8,3.14.6,CPython,1,forkserver,2.5.3,algo_rec,algo_merge_sort,206,542,0.8,seconds,normal,1126,564.55,4,4,1,10,0,0,0.0003145820625000795,0.9999815664060739,0.465835097091482,0.045337931505094485,1.0834745582846723,0.0,0.09872278800003187,0.0019081550000237257,0.10119912100003603,0.32989823299999443,0.33879569799989895,0.18153955699995095,0.329898;0.341231;0.329310,0.339554;0.336319;0.338796,0.180272;0.184546;0.181540,,multiprocessing,2026-10-03T11:13:46+00:00
L4-00085,L4,n2-standard-4,Linux,6.1.0-53-cloud-amd64,x86_64,Intel(R) Xeon(R) CPU @ 2.80GHz,intel,4,2,2800,16.8,3.14.6,CPython,1,forkserver,2.5.3,numpy,np_sort,202439,142,0.3,ms,normal,8,164,4,4,0,3,0,1,0.004307301000039843,0.999077620767725,0.11883886858433722,0.0028278342582750927,1.261290261570797,0.0,0.023191528999973343,0.0007885559998612734,0.10119912100003603,0.032280752000019675,0.017726164000009703,0.02027941300002567,0.032281;0.032061;0.032711,0.020965;0.017537;0.017726,0.089402;0.018589;0.020279,,threading,2026-10-03T11:13:47+00:00
L4-00086,L4,n2-standard-4,Linux,6.1.0-53-cloud-amd64,x86_64,Intel(R) Xeon(R) CPU @ 2.80GHz,intel,4,2,2800,16.8,3.14.6,CPython,1,forkserver,2.5.3,db,db_mem_insert_select,13306,171,0.3,seconds,normal,583,191,4,8,1,1,1,0,0.011365961799970136,0.9997443687549187,0.06360445415091419,0.0005440454672861693,0.3468760679074747,0.0,0.22344378200000392,0.0008209080001506663,0.0625041789999159,6.147730088999992,14.46221479999997,2.692442959999994,6.147730,14.462215,2.692443,threading,multiprocessing,2026-10-03T11:14:11+00:00
L4-00087,L4,n2-standard-4,Linux,6.1.0-53-cloud-amd64,x86_64,Intel(R) Xeon(R) CPU @ 2.80GHz,intel,4,2,2800,16.8,3.14.6,CPython,1,forkserver,2.5.3,cpu,cpu_collatz,1036,209,0.3,ms,normal,35,229,4,4,2,5,0,0,0.004561035999984142,1.0,0.18353029734969367,0.0013385939025555831,0.9727477121223974,0.0,0.07604443500008529,0.0012086150002232898,0.10321833499995137,0.15546528199990917,0.1575544689999333,0.08733015400002841,0.155695;0.155000;0.155465,0.157299;0.157554;0.157999,0.087273;0.087402;0.087330,,multiprocessing,2026-10-03T11:14:13+00:00
L4-00088,L4,n2-standard-4,Linux,6.1.0-53-cloud-amd64,x86_64,Intel(R) Xeon(R) CPU @ 2.80GHz,intel,4,2,2800,16.8,3.14.6,CPython,1,forkserver,2.5.3,text,text_format_report,3423,1534,0.0,ms,normal,20,1557,4,2,1,2,0,0,0.004243941200024892,1.0,0.01826293758611917,0.0014087848352796629,0.9560276287929901,0.0,0.0441374030000361,0.0008523369999693386,0.041775854000093204,0.08357742600003348,0.08547125899997354,0.0515896709999879,0.083786;0.083577;0.083214,0.085471;0.085902;0.084803,0.053833;0.047832;0.051590,,multiprocessing,2026-10-03T11:14:15+00:00
L4-00089,L4,n2-standard-4,Linux,6.1.0-53-cloud-amd64,x86_64,Intel(R) Xeon(R) CPU @ 2.80GHz,intel,4,2,2800,16.8,3.14.6,CPython,1,forkserver,2.5.3,text,text_regex_findall,9,547504,0.0,seconds,big,34,547526,4,8,1,1,0,0,0.2986242483333399,0.9998765731374035,0.0020310980164589313,0.0004740617486513683,1.0671903781535264,0.0,1.7352398929999708,0.001036126999906628,0.062443776000009166,9.060539468999991,9.289934185999982,5.298605937000048,9.557694;9.048680;9.060539,9.566336;9.289934;9.287626,5.576200;5.298606;5.283769,,multiprocessing,2026-10-03T11:15:29+00:00
L4-00090,L4,n2-standard-4,Linux,6.1.0-53-cloud-amd64,x86_64,Intel(R) Xeon(R) CPU @ 2.80GHz,intel,4,2,2800,16.8,3.14.6,CPython,1,forkserver,2.5.3,algo_rec,algo_sudoku,1,19,0.3,seconds,normal,11716,38,4,8,3,28,0,0,0.003010254000010402,0.9999504523395009,5.5137093191199575,0.00112520404951669,3.2938257657146974,0.0,0.18358266300003834,0.002104092999502427,0.062443776000009166,17.986486558000024,18.557392606999997,9.366189312000074,17.986487;17.963262;17.988864,18.532728;19.125121;18.557393,9.318992;9.366189;9.379080,,multiprocessing,2026-10-03T11:17:48+00:00
L4-00091,L4,n2-standard-4,Linux,6.1.0-53-cloud-amd64,x86_64,Intel(R) Xeon(R) CPU @ 2.80GHz,intel,4,2,2800,16.8,3.14.6,CPython,1,forkserver,2.5.3,numpy,np_linalg_solve,234,412,0.0,ms,normal,118,434,4,4,0,3,0,1,0.0008939524137876388,1.0,0.08179886682071681,0.004741751288598098,0.8986279681894641,0.0,0.05562873799999579,0.0011528370001769872,0.10321833499995137,0.10032388799993441,0.11634198100000503,0.0864407349999965,0.102690;0.099921;0.100324,0.118306;0.116342;0.113855,0.151749;0.082691;0.086441,,multiprocessing,2026-10-03T11:17:50+00:00
L4-00092,L4,n2-standard-4,Linux,6.1.0-53-cloud-amd64,x86_64,Intel(R) Xeon(R) CPU @ 2.80GHz,intel,4,2,2800,16.8,3.14.6,CPython,1,forkserver,2.5.3,tiny,tiny_dict_lookup,136,212350,0.0,seconds,big,941,212372,4,8,0,1,0,0,4.4599148429582824e-07,1.0,0.3243853357632347,100.473891487613,0.2236860247491109,1.0,0.002487138999981653,0.00177496800120025,0.062443776000009166,0.00022185199998148164,0.0008774259999881906,0.24380505500005256,0.000345;0.000222;0.000189,0.001174;0.000877;0.000703,0.243805,,sequential,2026-10-03T11:17:51+00:00
L4-00093,L4,n2-standard-4,Linux,6.1.0-53-cloud-amd64,x86_64,Intel(R) Xeon(R) CPU @ 2.80GHz,intel,4,2,2800,16.8,3.14.6,CPython,1,forkserver,2.5.3,text,text_regex_findall,49,815,0.3,ms,normal,49,837,4,2,1,1,0,0,0.0021729340000149477,1.0,0.14929918912005535,0.0019206749963189673,0.9803267886636559,1.0,0.05270407199998317,0.0002890539998361419,0.041775854000093204,0.11453526200000397,0.10983455000007325,0.06933221600002071,0.114546;0.114273;0.114535,0.110345;0.109180;0.109835,0.068380;0.069751;0.069332,,multiprocessing,2026-10-03T11:17:53+00:00
L4-00094,L4,n2-standard-4,Linux,6.1.0-53-cloud-amd64,x86_64,Intel(R) Xeon(R) CPU @ 2.80GHz,intel,4,2,2800,16.8,3.14.6,CPython,1,forkserver,2.5.3,recursive,rec_fib,33,1059,0.0,seconds,normal,167045,1081,4,8,0,4,0,0,3.717669998479778e-06,1.0,1.6490660209738917,0.9507971406726541,0.9272407746118698,0.0,0.01990199700003359,0.0035810800030731116,0.062443776000009166,0.6098117489999595,0.6481002579999995,0.43776844799992887,0.609812;0.608558;0.611015,0.650094;0.645843;0.648100,0.439250;0.427392;0.437768,,multiprocessing,2026-10-03T11:17:59+00:00
L4-00095,L4,n2-standard-4,Linux,6.1.0-53-cloud-amd64,x86_64,Intel(R) Xeon(R) CPU @ 2.80GHz,intel,4,2,2800,16.8,3.14.6,CPython,1,forkserver,2.5.3,gil_release,gil_zlib,5,6722,0.8,seconds,normal,2590,6744,4,4,1,1,0,1,0.0004896632232986713,1.0,0.4457334102569689,0.008665037086809995,1.8476205010330755,0.0,0.07880622999994102,0.0008761070001810367,0.10321833499995137,1.2641756349999014,0.5235170300001073,0.5292389859999957,1.266223;1.261508;1.264176,0.527608;0.521061;0.523517,0.533936;0.528327;0.529239,,threading,2026-10-03T11:18:07+00:00
L4-00096,L4,n2-standard-4,Linux,6.1.0-53-cloud-amd64,x86_64,Intel(R) Xeon(R) CPU @ 2.80GHz,intel,4,2,2800,16.8,3.14.6,CPython,1,forkserver,2.5.3,cpu,cpu_sum_squares,503,146,0.3,ms,normal,481,166,4,4,1,2,0,0,1.987394999503067e-05,1.0,0.2269476100217697,0.15455659249841042,0.8604765887202344,0.0,0.006039738000026773,0.0007756420005762266,0.10321833499995137,0.009317712999973082,0.009919264000018302,0.006594719999952758,0.009303;0.009375;0.009318,0.009919;0.010058;0.009882,0.005903;0.012699;0.006595,,multiprocessing,2026-10-03T11:18:07+00:00
L4-00097,L4,n2-standard-4,Linux,6.1.0-53-cloud-amd64,x86_64,Intel(R) Xeon(R) CPU @ 2.80GHz,intel,4,2,2800,16.8,3.14.6,CPython,1,forkserver,2.5.3,numpy,np_sort,4078,570,0.8,ms,normal,296,593,4,4,0,3,0,1,0.00010790335135566607,1.0,0.3719919568770164,0.04007845851065243,1.2987994828006053,0.0,0.015191512999990664,0.0010663199996088224,0.10321833499995137,0.02970362100006696,0.04468198300003223,0.019696963000001233,0.029733;0.029378;0.029704,0.044682;0.044672;0.047395,0.023572;0.017294;0.019697,,multiprocessing,2026-10-03T11:18:08+00:00
L4-00098,L4,n2-standard-4,Linux,6.1.0-53-cloud-amd64,x86_64,Intel(R) Xeon(R) CPU @ 2.80GHz,intel,4,2,2800,16.8,3.14.6,CPython,1,forkserver,2.5.3,text,text_regex_findall,70,1806,0.0,seconds,normal,1373,1828,4,2,1,1,0,0,0.00731893342859686,0.9999943021384855,0.019144236859429467,0.0007578387555228682,1.0145804765767488,0.0,0.10202985500006889,0.00026571599994440476,0.041775854000093204,9.992322360999992,9.579972521000172,4.880412395000008,9.992322;10.012263;9.973305,9.576602;9.622029;9.579973,4.880412;4.867363;4.891888,,multiprocessing,2026-10-03T11:19:22+00:00
L4-00099,L4,n2-standard-4,Linux,6.1.0-53-cloud-amd64,x86_64,Intel(R) Xeon(R) CPU @ 2.80GHz,intel,4,2,2800,16.8,3.14.6,CPython,1,forkserver,2.5.3,algo_iter,algo_dijkstra,130,882902,0.8,seconds,big,226,882924,4,4,2,15,0,0,0.0002840245178715252,1.0,0.422716323894844,0.745710094321107,1.1457186899420775,0.0,0.03563878099998874,0.005680305999248958,0.10321833499995137,0.057164234000083525,0.06008156300003975,0.260052104000124,0.057049;0.057164;0.057366,0.060862;0.060082;0.060059,0.270515;0.257783;0.260052,,sequential,2026-10-03T11:19:24+00:00
L4-00100,L4,n2-standard-4,Linux,6.1.0-53-cloud-amd64,x86_64,Intel(R) Xeon(R) CPU @ 2.80GHz,intel,4,2,2800,16.8,3.14.6,CPython,1,forkserver,2.5.3,text,text_split_count,38,1994,0.3,ms,normal,8,2016,4,2,1,1,0,0,0.003954873000035756,1.0,0.13409051947532205,0.0025257448254849897,1.023539736289977,0.0,0.025022894999892742,0.0007191739998688718,0.041775854000093204,0.032796328000131325,0.033520505999831585,0.020553441000174644,0.032686;0.032796;0.032953,0.033641;0.033521;0.033351,0.020553;0.019954;0.022702,,multiprocessing,2026-10-03T11:19:25+00:00
L4-00101,L4,n2-standard-4,Linux,6.1.0-53-cloud-amd64,x86_64,Intel(R) Xeon(R) CPU @ 2.80GHz,intel,4,2,2800,16.8,3.14.6,CPython,1,forkserver,2.5.3,algo_iter,algo_game_of_life,17,17,0.0,ms,normal,8,36,4,2,5,9,0,0,0.021548879000041172,0.9999414398421829,0.010996030611024778,0.002275524408962508,0.9704122813148238,0.0,0.13292269800012946,0.0013533259998439462,0.041775854000093204,0.17605285900003764,0.1744846299998244,0.0928742210001019,0.175889;0.176083;0.176053,0.174560;0.174485;0.173831,0.092388;0.094056;0.092874,,multiprocessing,2026-10-03T11:19:27+00:00
L4-00102,L4,n2-standard-4,Linux,6.1.0-53-cloud-amd64,x86_64,Intel(R) Xeon(R) CPU @ 2.80GHz,intel,4,2,2800,16.8,3.14.6,CPython,1,forkserver,2.5.3,db,db_mem_insert_select,4133,867,0.8,ms,normal,8,890,4,8,1,1,1,0,0.0038962046666407937,0.9985540838921295,0.16737975790527743,0.002082796123563758,0.5256051412992324,0.5,0.036657291999972585,0.0007450390000940388,0.062443776000009166,0.028005273999951896,0.7818425600000865,0.015116886999976487,0.028005;0.027932;0.028185,0.781843,0.016477;0.015117;0.013210,,multiprocessing,2026-10-03T11:19:29+00:00
L4-00103,L4,n2-standard-4,Linux,6.1.0-53-cloud-amd64,x86_64,Intel(R) Xeon(R) CPU @ 2.80GHz,intel,4,2,2800,16.8,3.14.6,CPython,1,forkserver,2.5.3,mixed,mixed_parse_lines,4,3403,0.3,ms,normal,18,3425,4,2,2,3,1,0,0.0006856662499785671,0.8597932534492698,0.12015052784971673,0.010388071527016193,0.9682033182894755,0.5,0.006307616999947641,0.0007786910000504577,0.041775854000093204,0.012392207999937455,0.012366816999929142,0.013597899000160396,0.012302;0.012393;0.012392,0.012169;0.012528;0.012367,0.012105;0.014776;0.013598,,threading,2026-10-03T11:19:29+00:00
L4-00104,L4,n2-standard-4,Linux,6.1.0-53-cloud-amd64,x86_64,Intel(R) Xeon(R) CPU @ 2.80GHz,intel,4,2,2800,16.8,3.14.6,CPython,1,forkserver,2.5.3,algo_iter,algo_dijkstra,470,914832,0.3,seconds,big,218,914855,4,2,2,15,0,0,0.0011035616521884667,0.9999527606418878,0.1954543069262404,0.17636205427816348,0.9563512415527095,0.0,0.10760485100013284,0.004197668999495363,0.041775854000093204,0.2341308760001084,0.24360737599999993,0.32220784400010416,0.234131;0.234527;0.234046,0.243607;0.254339;0.240391,0.356081;0.316496;0.322208,,sequential,2026-10-03T11:19:33+00:00
L4-00105,L4,n2-standard-4,Linux,6.1.0-53-cloud-amd64,x86_64,Intel(R) Xeon(R) CPU @ 2.80GHz,intel,4,2,2800,16.8,3.14.6,CPython,1,forkserver,2.5.3,numpy,np_elementwise,18744,6749,0.0,ms,normal,15,6772,4,8,0,4,0,0,0.0008164123333547953,1.0,0.045977727046041854,0.014737242676133498,1.0432813536351409,0.0,0.005759850000004008,0.000800053999910233,0.062443776000009166,0.01159556200013867,0.007316706999972666,0.14555631099983657,0.011511;0.011904;0.011596,0.007956;0.007317;0.007148,0.145556,,threading,2026-10-03T11:19:34+00:00
L4-00106,L4,n2-standard-4,Linux,6.1.0-53-cloud-amd64,x86_64,Intel(R) Xeon(R) CPU @ 2.80GHz,intel,4,2,2800,16.8,3.14.6,CPython,1,forkserver,2.5.3,tiny,tiny_small_loop,26,407,0.0,ms,normal,79158,429,4,2,0,0,0,0,4.765574992688926e-07,1.0,1.6063069403766843,6.94249899266411,0.7569508382056628,0.0,0.006184237000070425,0.0031758460013406875,0.041775854000093204,0.032302064000077735,0.03568857499999467,0.06462150499987729,0.033520;0.032103;0.032302,0.036167;0.035578;0.035689,0.064936;0.060300;0.064622,,sequential,2026-10-03T11:19:35+00:00
L4-00107,L4,n2-standard-4,Linux,6.1.0-53-cloud-amd64,x86_64,Intel(R) Xeon(R) CPU @ 2.80GHz,intel,4,2,2800,16.8,3.14.6,CPython,1,forkserver,2.5.3,big_payload,big_upper_copy,3,146483,0.0,ms,big,487,146505,4,4,0,0,0,0,6.88436611450797e-05,1.0,0.08924323574352423,0.6100859442191512,0.5334055389211885,0.0,0.025683259000061298,0.0015992210014701413,0.10321833499995137,0.033238868000125876,0.038590832999943814,0.5999048920000405,0.033445;0.033192;0.033239,0.064251;0.036520;0.038591,0.599905,,sequential,2026-10-03T11:19:36+00:00
L4-00108,L4,n2-standard-4,Linux,6.1.0-53-cloud-amd64,x86_64,Intel(R) Xeon(R) CPU @ 2.80GHz,intel,4,2,2800,16.8,3.14.6,CPython,1,forkserver,2.5.3,big_payload,big_reverse,2,3219084,0.8,ms,big,15,3219106,4,4,0,0,0,0,0.0016600966666828754,1.0,0.035349610178880476,0.994438074861946,0.5871831201751773,0.0,0.01874325200014937,0.005432408000160649,0.10321833499995137,0.024324233000015738,0.02609992699990471,0.7120258190000186,0.024120;0.024423;0.024324,0.025402;0.026100;0.028228,0.712026,,sequential,2026-10-03T11:19:38+00:00
L4-00109,L4,n2-standard-4,Linux,6.1.0-53-cloud-amd64,x86_64,Intel(R) Xeon(R) CPU @ 2.80GHz,intel,4,2,2800,16.8,3.14.6,CPython,1,forkserver,2.5.3,io,io_sleep_chunks,674,65,0.8,seconds,normal,1619,84.95,4,4,1,1,1,0,0.000942654814812832,0.027399041231111837,0.34377221292517074,0.003685389374382083,1.9166359657077414,0.0,0.07832952799981285,0.0007776889999604464,0.10321833499995137,1.4756912269999702,0.38312921800002187,0.38459334799995304,1.467967;1.494306;1.475691,0.387255;0.383030;0.383129,0.382963;0.385746;0.384593,,threading,2026-10-03T11:19:45+00:00
L4-00110,L4,n2-standard-4,Linux,6.1.0-53-cloud-amd64,x86_64,Intel(R) Xeon(R) CPU @ 2.80GHz,intel,4,2,2800,16.8,3.14.6,CPython,1,forkserver,2.5.3,algo_iter,algo_edit_distance,5270,34,0.0,seconds,normal,2019,54,4,8,2,16,0,0,0.0008428575333217244,0.9999528900097245,0.011054368573571689,0.0039480574869277035,0.9718213600312248,0.0,0.10396806099993228,0.0013231350005753484,0.062443776000009166,1.6954874020000261,1.7384840360000453,0.92745383700003,1.695487;1.698003;1.694675,1.738484;1.735664;1.746053,0.905892;0.931399;0.927454,,multiprocessing,2026-10-03T11:19:59+00:00
L4-00111,L4,n2-standard-4,Linux,6.1.0-53-cloud-amd64,x86_64,Intel(R) Xeon(R) CPU @ 2.80GHz,intel,4,2,2800,16.8,3.14.6,CPython,1,forkserver,2.5.3,algo_iter,algo_game_of_life,11,179,0.8,seconds,normal,67,198,4,4,5,9,0,0,0.017642571666707834,0.9999577576988073,0.1243797381460996,0.0030803899239184376,2.8155698160900653,0.0,0.07168515600005776,0.0003617069999108935,0.10321833499995137,0.9395259619998342,0.9562257709999358,0.5275785970000015,0.942867;0.939350;0.939526,0.956810;0.956226;0.954342,0.523935;0.533571;0.527579,,multiprocessing,2026-10-03T11:20:07+00:00
L4-00112,L4,n2-standard-4,Linux,6.1.0-53-cloud-amd64,x86_64,Intel(R) Xeon(R) CPU @ 2.80GHz,intel,4,2,2800,16.8,3.14.6,CPython,1,forkserver,2.5.3,algo_rec,algo_merge_sort,58,443,0.0,ms,normal,259,465,4,8,1,10,0,0,6.961756249168616e-05,1.0,0.08050505717694627,0.08044952772660144,0.9141670568542443,0.0,0.010811771000135195,0.001418606000697764,0.062443776000009166,0.01791172900016136,0.01947373799998786,0.013573393000115175,0.017816;0.017912;0.018258,0.019562;0.019387;0.019474,0.013573;0.013097;0.015120,,multiprocessing,2026-10-03T11:20:08+00:00
L4-00113,L4,n2-standard-4,Linux,6.1.0-53-cloud-amd64,x86_64,Intel(R) Xeon(R) CPU @ 2.80GHz,intel,4,2,2800,16.8,3.14.6,CPython,1,forkserver,2.5.3,algo_iter,algo_dijkstra,132,896524,0.0,seconds,big,223,896546,4,4,2,15,0,0,0.00025467178181563875,1.0,0.05441090087068373,0.6772458211777505,0.9452041936971732,0.0,0.032619972000020425,0.003792513999997027,0.10321833499995137,0.05638997199980622,0.05885521499999413,0.17330338500005382,0.056153;0.056390;0.056673,0.058855;0.058004;0.059002,0.164369;0.173303;0.176214,,sequential,2026-10-03T11:20:10+00:00
L4-00114,L4,n2-standard-4,Linux,6.1.0-53-cloud-amd64,x86_64,Intel(R) Xeon(R) CPU @ 2.80GHz,intel,4,2,2800,16.8,3.14.6,CPython,1,forkserver,2.5.3,big_result,result_long_string,14596,63,0.0,ms,normal,8,83,4,8,1,1,0,0,0.0030924566666120277,1.0,0.023629465936848056,0.040228750181022864,0.8997973318939911,0.0,0.020462609000105658,0.0009876160002022516,0.062443776000009166,0.024319740000009915,0.02552055600017411,0.02379208499996821,0.024139;0.024320;0.024806,0.025521;0.025476;0.025593,0.023792;0.018491;0.067361,,multiprocessing,2026-10-03T11:20:11+00:00
L4-00115,L4,n2-standard-4,Linux,6.1.0-53-cloud-amd64,x86_64,Intel(R) Xeon(R) CPU @ 2.80GHz,intel,4,2,2800,16.8,3.14.6,CPython,1,forkserver,2.5.3,db,db_file_commit,2,140,0.8,seconds,normal,631,159,4,4,1,0,1,0,0.0071431575715256,0.10493640300707203,0.3893216658258587,0.0007451886525791833,1.3575786996702475,0.0,0.08768852499997593,0.0009290969994708576,0.10321833499995137,4.330669439999838,1.6536984619999657,2.486661742000024,4.330669;4.108670;4.474348,1.648612;1.653698;2.578505,1.652672;2.486662;2.651959,,threading,2026-10-03T11:20:37+00:00
L4-00116,L4,n2-standard-4,Linux,6.1.0-53-cloud-amd64,x86_64,Intel(R) Xeon(R) CPU @ 2.80GHz,intel,4,2,2800,16.8,3.14.6,CPython,1,forkserver,2.5.3,tiny,tiny_dict_lookup,3,52,0.0,ms,normal,131481,71,4,4,0,1,0,0,2.053999994586775e-07,1.0,0.9091951127197656,14.76825716829747,0.4331970653072742,0.0,0.004736992000061946,0.002617137001152514,0.10321833499995137,0.020093951000035304,0.02497112300011395,0.049141036000037275,0.019937;0.020094;0.020515,0.025511;0.024525;0.024971,0.049141;0.051411;0.047638,,sequential,2026-10-03T11:20:38+00:00
L4-00117,L4,n2-standard-4,Linux,6.1.0-53-cloud-amd64,x86_64,Intel(R) Xeon(R) CPU @ 2.80GHz,intel,4,2,2800,16.8,3.14.6,CPython,1,forkserver,2.5.3,gil_release,gil_sha256,24,6836,0.3,ms,normal,88,6858,4,8,1,1,0,1,0.0004071164090956617,1.0,0.14548887475230804,0.009436981480108166,1.7510040474114597,0.0,0.014854628999955821,0.0007218329997158435,0.062443776000009166,0.035304701000086425,0.021468632999813053,0.022568468999907054,0.035305;0.035114;0.035320,0.021469;0.021388;0.021713,0.022568;0.024555;0.019193,,threading,2026-10-03T11:20:39+00:00
L4-00118,L4,n2-standard-4,Linux,6.1.0-53-cloud-amd64,x86_64,Intel(R) Xeon(R) CPU @ 2.80GHz,intel,4,2,2800,16.8,3.14.6,CPython,1,forkserver,2.5.3,big_payload,big_checksum_head,18333,411839,0.3,seconds,big,485,411862,4,4,1,1,0,0,0.0004752971698109214,0.9997714882415905,0.1762759651807071,0.16403947879883568,1.0128068181985475,0.5,0.10263553000004322,0.0023557680001431436,0.10321833499995137,0.2266053579999152,0.23031647199991312,0.2192149459999655,0.226846;0.226605;0.225241,0.230991;0.230316;0.230053,0.207543;0.222425;0.219215,,multiprocessing,2026-10-03T11:20:42+00:00
L4-00119,L4,n2-standard-4,Linux,6.1.0-53-cloud-amd64,x86_64,Intel(R) Xeon(R) CPU @ 2.80GHz,intel,4,2,2800,16.8,3.14.6,CPython,1,forkserver,2.5.3,numpy,np_fft,259123,256721,0.0,seconds,big,29,256755,4,8,0,0,0,1,0.04309990433337892,0.9998070178737464,0.13089804407959557,0.0016567090115551986,1.1934244859215555,9.5,0.22868734799999402,0.0009795109999686247,0.062443776000009166,1.1626914759999636,0.8753296190000128,0.9747757430000092,1.162691;1.189658;1.140009,0.893140;0.875330;0.811433,1.048076;0.974776;0.962713,,threading,2026-10-03T11:20:52+00:00
L4-00120,L4,n2-standard-4,Linux,6.1.0-53-cloud-amd64,x86_64,Intel(R) Xeon(R) CPU @ 2.80GHz,intel,4,2,2800,16.8,3.14.6,CPython,1,forkserver,2.5.3,db,db_file_lookup,25,234,0.0,ms,normal,47,253,4,2,1,5,1,0,0.0003419997272596282,1.0,0.16331299368932692,0.010955617458433911,0.08311379042246615,0.0,0.0480419030000121,0.0011975080001320748,0.041775854000093204,0.014909519000184446,0.0720414580000579,0.01028073299994503,0.014798;0.014910;0.015214,0.072041,0.024501;0.009860;0.010281,,multiprocessing,2026-10-03T11:20:53+00:00
L4-00121,L4,n2-standard-4,Linux,6.1.0-53-cloud-amd64,x86_64,Intel(R) Xeon(R) CPU @ 2.80GHz,intel,4,2,2800,16.8,3.14.6,CPython,1,forkserver,2.5.3,recursive,rec_tree_sum,5613,514,0.8,seconds,normal,1107,537,4,2,0,4,0,0,0.002280907727264424,0.9999705232432603,1.0977415040581509,0.0017156327507576517,0.907284542501331,0.0,0.10660355799996069,0.0009448610001072666,0.041775854000093204,2.5362639200000103,2.6697802310000043,1.2426417069998479,2.537854;2.536264;2.522841,2.669780;2.660115;2.673132,1.240952;1.244441;1.242642,,multiprocessing,2026-10-03T11:21:13+00:00
L4-00122,L4,n2-standard-4,Linux,6.1.0-53-cloud-amd64,x86_64,Intel(R) Xeon(R) CPU @ 2.80GHz,intel,4,2,2800,16.8,3.14.6,CPython,1,forkserver,2.5.3,db,db_mem_insert_select,968,1282615,0.3,ms,big,17,1282638,4,8,1,1,1,0,0.0009891364999816687,1.0,0.14229877078677625,0.34511313657310394,0.37751310149676476,0.0,0.01579737999986719,0.0015605270000378368,0.062443776000009166,0.015483301000131178,0.469634281000026,0.022259227999938958,0.015539;0.015483;0.015460,0.469634,0.022259;0.020077;0.026202,,sequential,2026-10-03T11:21:14+00:00
L4-00123,L4,n2-standard-4,Linux,6.1.0-53-cloud-amd64,x86_64,Intel(R) Xeon(R) CPU @ 2.80GHz,intel,4,2,2800,16.8,3.14.6,CPython,1,forkserver,2.5.3,algo_rec,algo_flood_fill,17,354,0.0,seconds,normal,346,376,4,4,3,10,0,0,0.005836668555578702,0.9999461022649381,0.209987843239216,0.000804321087933372,1.034690799426067,0.0,0.10440875299991603,0.0012867239995557611,0.10321833499995137,1.988477236000108,2.05167957499998,0.9973035220000384,1.988477;1.989351;1.976823,2.044508;2.059110;2.051680,0.989696;0.997304;0.998366,,multiprocessing,2026-10-03T11:21:29+00:00
L4-00124,L4,n2-standard-4,Linux,6.1.0-53-cloud-amd64,x86_64,Intel(R) Xeon(R) CPU @ 2.80GHz,intel,4,2,2800,16.8,3.14.6,CPython,1,forkserver,2.5.3,tiny,tiny_small_loop,182,195,0.0,ms,normal,7551,214,4,4,0,0,0,0,1.39189666211031e-06,1.0,0.4732597831856673,2.405279116686814,0.8568215366081608,0.5,0.009983940999973129,0.0035146059985891043,0.10321833499995137,0.01010118399995008,0.011198296999964441,0.011090803999877608,0.010087;0.010341;0.010101,0.011291;0.011198;0.011153,0.009942;0.011091;0.019204,,sequential,2026-10-03T11:21:30+00:00
L4-00125,L4,n2-standard-4,Linux,6.1.0-53-cloud-amd64,x86_64,Intel(R) Xeon(R) CPU @ 2.80GHz,intel,4,2,2800,16.8,3.14.6,CPython,1,forkserver,2.5.3,io,io_file_roundtrip,2,682509,0.8,seconds,big,28,682531,4,2,1,0,1,0,0.01250111824998612,0.19706967188686622,0.2735504511699772,0.013230416403251679,2.6057445794413874,0.5,0.07171043000016653,0.001576215000341108,0.041775854000093204,0.2645678119999957,0.26280352499998116,0.25848521900002197,0.213975;0.264995;0.264568,0.262269;0.262804;0.267413,0.196757;0.263273;0.258485,,multiprocessing,2026-10-03T11:21:33+00:00
L4-00126,L4,n2-standard-4,Linux,6.1.0-53-cloud-amd64,x86_64,Intel(R) Xeon(R) CPU @ 2.80GHz,intel,4,2,2800,16.8,3.14.6,CPython,1,forkserver,2.5.3,numpy,np_fft,158578,4463,0.0,ms,normal,8,4488,4,4,0,0,0,1,0.009071444333358158,1.0,0.014743863741923255,0.0018437343314171024,1.4605702804414429,0.0,0.04600622800012388,0.0002720689999478054,0.10321833499995137,0.07273000600002888,0.03930705399989165,0.042701701999931174,0.071510;0.072730;0.072968,0.039336;0.038285;0.039307,0.042702;0.042875;0.040447,,threading,2026-10-03T11:21:34+00:00
L4-00127,L4,n2-standard-4,Linux,6.1.0-53-cloud-amd64,x86_64,Intel(R) Xeon(R) CPU @ 2.80GHz,intel,4,2,2800,16.8,3.14.6,CPython,1,forkserver,2.5.3,io,io_sleep_chunks,10028,20,0.8,ms,normal,8,40,4,2,1,1,1,0,0.01254141800003102,0.006190313677735819,0.49819548905417854,0.0008461828917937774,2.6650172328716963,0.0,0.049520030000167026,0.00022441600003730855,0.041775854000093204,0.09024981299990031,0.04619146999993973,0.04819387599991387,0.090250;0.090187;0.090437,0.046191;0.045997;0.046221,0.046795;0.048194;0.050149,,threading,2026-10-03T11:21:35+00:00
L4-00128,L4,n2-standard-4,Linux,6.1.0-53-cloud-amd64,x86_64,Intel(R) Xeon(R) CPU @ 2.80GHz,intel,4,2,2800,16.8,3.14.6,CPython,1,forkserver,2.5.3,mixed,mixed_parse_lines,35,535,0.3,ms,normal,9,557,4,4,2,3,1,0,0.0012681936667225575,0.664802485691938,0.12048175896017538,0.006881178202966321,1.4485991601668953,1.5,0.006862090000140597,0.00020080399985999975,0.10321833499995137,0.010490165999954115,0.007952066999905583,0.006187013000044317,0.010438;0.010619;0.010490,0.007952;0.008014;0.007947,0.006187;0.005163;0.009364,,multiprocessing,2026-10-03T11:21:36+00:00
L4-00129,L4,n2-standard-4,Linux,6.1.0-53-cloud-amd64,x86_64,Intel(R) Xeon(R) CPU @ 2.80GHz,intel,4,2,2800,16.8,3.14.6,CPython,1,forkserver,2.5.3,algo_rec,algo_lcs_memo,2,30,0.8,seconds,normal,195,49,4,4,1,10,0,0,0.005607556777805358,0.9999682280096515,0.27611119120085054,0.0008452482942332394,0.8314553682576458,0.5,0.11299628300002951,0.0012327959996127902,0.10321833499995137,0.9793971270000839,1.0266354820000743,0.4911707359999582,0.975225;0.979397;0.984217,1.021879;1.148724;1.026635,0.493115;0.480495;0.491171,,multiprocessing,2026-10-03T11:21:44+00:00
L4-00130,L4,n2-standard-4,Linux,6.1.0-53-cloud-amd64,x86_64,Intel(R) Xeon(R) CPU @ 2.80GHz,intel,4,2,2800,16.8,3.14.6,CPython,1,forkserver,2.5.3,gil_release,gil_bz2,2,300000,0.0,seconds,big,666,300022,4,2,0,1,0,1,0.0007902920156119819,0.9999819446208306,0.03258286098906178,0.06900272167886143,1.9557682656103128,0.0,0.07833313800006181,0.0018228860010367498,0.041775854000093204,0.5208058220000567,0.2653432500001145,0.40437584200003585,0.520400;0.520806;0.521604,0.265576;0.265343;0.265248,0.412465;0.404376;0.391732,,threading,2026-10-03T11:21:49+00:00
L4-00131,L4,n2-standard-4,Linux,6.1.0-53-cloud-amd64,x86_64,Intel(R) Xeon(R) CPU @ 2.80GHz,intel,4,2,2800,16.8,3.14.6,CPython,1,forkserver,2.5.3,mixed,mixed_compute_then_sleep,98860,95,0.3,ms,normal,8,117,4,8,1,3,1,0,0.006706607666728814,0.6947178304453252,0.0201331660022196,0.0014932537001335585,1.14897759940892,0.0,0.03832900900010827,0.0006077679997815721,0.062443776000009166,0.057165368999903876,0.04261358000007931,0.024186403000157952,0.057428;0.057165;0.057046,0.043402;0.042614;0.042452,0.024186;0.024934;0.023801,,multiprocessing,2026-10-03T11:21:50+00:00
L4-00132,L4,n2-standard-4,Linux,6.1.0-53-cloud-amd64,x86_64,Intel(R) Xeon(R) CPU @ 2.80GHz,intel,4,2,2800,16.8,3.14.6,CPython,1,forkserver,2.5.3,db,db_file_commit,3,256372,0.0,seconds,big,111,256394,4,2,1,0,1,0,0.015282046750030531,0.17245961382745162,0.03839485629229182,0.0032901842794167977,1.791411234356922,0.0,0.09519545900002413,0.00041236899983232433,0.041775854000093204,1.6926687789998596,0.9034476769998037,0.9211369490001289,1.700757;1.679343;1.692669,0.891673;0.903448;0.926971,0.918954;0.921137;0.936175,,threading,2026-10-03T11:22:01+00:00
L4-00133,L4,n2-standard-4,Linux,6.1.0-53-cloud-amd64,x86_64,Intel(R) Xeon(R) CPU @ 2.80GHz,intel,4,2,2800,16.8,3.14.6,CPython,1,forkserver,2.5.3,cpu,cpu_matmul_lists,15,43,0.8,seconds,normal,4131,62,4,8,3,5,0,0,0.0002957135588290197,0.999967351005015,0.9664420883375054,0.01091732159342032,1.078430908297844,0.0,0.09858732600014264,0.0013276519991904934,0.062443776000009166,1.1578759950000403,1.1937430360001144,0.6180401270000857,1.165076;1.157876;1.155980,1.195403;1.187971;1.193743,0.621655;0.618040;0.615848,,multiprocessing,2026-10-03T11:22:10+00:00
L4-00134,L4,n2-standard-4,Linux,6.1.0-53-cloud-amd64,x86_64,Intel(R) Xeon(R) CPU @ 2.80GHz,intel,4,2,2800,16.8,3.14.6,CPython,1,forkserver,2.5.3,numpy,np_fft,382095,212,0.8,seconds,normal,8,234,4,4,0,0,0,1,0.03964210466657884,0.9999323752796219,1.3020003800175817,0.0004276429531188677,0.06619881504662084,0.0,0.2618482559998938,0.00027767700021286146,0.10321833499995137,0.45564487799993003,0.27003456399984316,0.3011539829999492,0.455645;0.450779;0.456967,0.294220;0.267014;0.270035,0.309395;0.301154;0.273543,,threading,2026-10-03T11:22:15+00:00
L4-00135,L4,n2-standard-4,Linux,6.1.0-53-cloud-amd64,x86_64,Intel(R) Xeon(R) CPU @ 2.80GHz,intel,4,2,2800,16.8,3.14.6,CPython,1,forkserver,2.5.3,big_result,result_sorted_pairs,1335,1319404,0.8,ms,big,30,1319427,4,2,1,4,0,0,0.0005306374285477691,1.0,0.479915040405127,1.1934032438048272,1.1029945238864391,0.0,0.012504261999993105,0.0050542590001896315,0.041775854000093204,0.015075768000087919,0.01659977099984644,0.041418837000037456,0.018198;0.015076;0.015052,0.016700;0.015829;0.016600,0.041419;0.042630;0.038463,,sequential,2026-10-03T11:22:15+00:00
L4-00136,L4,n2-standard-4,Linux,6.1.0-53-cloud-amd64,x86_64,Intel(R) Xeon(R) CPU @ 2.80GHz,intel,4,2,2800,16.8,3.14.6,CPython,1,forkserver,2.5.3,db,db_mem_group_by,508,1622249,0.3,ms,big,123,1622272,4,2,1,2,1,0,0.0006484101000069131,0.9993864427083872,0.15506340570445107,0.4926232642385459,0.5378824749068402,0.0,0.06251550899992253,0.007248981999737225,0.041775854000093204,0.07574470999998084,0.1345136029999594,0.2268037970000023,0.075734;0.076004;0.075745,0.134514;0.133681;0.141301,0.221199;0.226804;0.228899,,sequential,2026-10-03T11:22:18+00:00
L4-00137,L4,n2-standard-4,Linux,6.1.0-53-cloud-amd64,x86_64,Intel(R) Xeon(R) CPU @ 2.80GHz,intel,4,2,2800,16.8,3.14.6,CPython,1,forkserver,2.5.3,mixed,mixed_json_roundtrip,1,206,0.3,seconds,normal,72856,225,4,2,1,1,1,0,9.269577653689766e-05,0.4465833666703596,0.07918162168362272,0.03324639008419625,1.81713722960861,0.0,0.07905597900003158,0.001669210999580173,0.041775854000093204,6.665595763000056,4.539167441000018,3.4461975390001953,6.665596;6.637546;6.821368,4.539167;4.753489;4.053213,3.415610;3.446198;3.511462,,multiprocessing,2026-10-03T11:23:02+00:00
L4-00138,L4,n2-standard-4,Linux,6.1.0-53-cloud-amd64,x86_64,Intel(R) Xeon(R) CPU @ 2.80GHz,intel,4,2,2800,16.8,3.14.6,CPython,1,forkserver,2.5.3,gil_release,gil_bz2,8,300000,0.0,ms,big,54,300022,4,4,0,1,0,1,0.0017045447692943037,1.0,0.010844082870252793,0.031205579705853706,1.8016556242596107,0.0,0.03544642700012446,0.0009421979991657281,0.10321833499995137,0.09193411400019613,0.03909435300010955,0.055313677999947686,0.092137;0.091934;0.091558,0.041486;0.039094;0.038163,0.055604;0.055314;0.047696,,threading,2026-10-03T11:23:04+00:00
L4-00139,L4,n2-standard-4,Linux,6.1.0-53-cloud-amd64,x86_64,Intel(R) Xeon(R) CPU @ 2.80GHz,intel,4,2,2800,16.8,3.14.6,CPython,1,forkserver,2.5.3,gil_release,gil_numpy_matmul,272,6434,0.3,seconds,normal,3502,6456.55,4,2,0,2,0,1,0.0009739580384488223,1.0,0.44739697167116343,0.00619682754105211,1.7297740061488966,0.0,0.08116079399997034,0.0011486240005069703,0.041775854000093204,3.279792033999911,1.7281821379999656,1.7325790600000346,3.279792;3.299449;3.271174,1.724357;1.728182;1.735861,1.768553;1.732579;1.722467,,threading,2026-10-03T11:23:25+00:00
L4-00140,L4,n2-standard-4,Linux,6.1.0-53-cloud-amd64,x86_64,Intel(R) Xeon(R) CPU @ 2.80GHz,intel,4,2,2800,16.8,3.14.6,CPython,1,forkserver,2.5.3,gil_release,gil_zlib,4,186253,0.8,ms,big,8,186275,4,4,1,1,0,1,0.02457903966668103,0.9999591018211252,0.4446056502307664,0.0018461122668095198,1.670498952326097,0.0,0.1112675039998976,0.00032340399980057555,0.10321833499995137,0.18856336799990459,0.08409147199995459,0.0830006510000203,0.188514;0.188563;0.189135,0.084091;0.080569;0.086354,0.083001;0.080229;0.083983,,multiprocessing,2026-10-03T11:23:26+00:00
L4-00141,L4,n2-standard-4,Linux,6.1.0-53-cloud-amd64,x86_64,Intel(R) Xeon(R) CPU @ 2.80GHz,intel,4,2,2800,16.8,3.14.6,CPython,1,forkserver,2.5.3,numpy,np_sort,4396,3451,0.8,ms,normal,247,3474,4,4,0,3,0,1,0.00012619399998972067,1.0,0.3360427637389896,0.0354180864705862,1.5227352206587406,0.0,0.013287613000102283,0.00046277000069494534,0.10321833499995137,0.026896436000015456,0.03216161900013503,0.019267439000032027,0.027007;0.026790;0.026896,0.032209;0.032162;0.031531,0.018397;0.037802;0.019267,,multiprocessing,2026-10-03T11:23:27+00:00
L4-00142,L4,n2-standard-4,Linux,6.1.0-53-cloud-amd64,x86_64,Intel(R) Xeon(R) CPU @ 2.80GHz,intel,4,2,2800,16.8,3.14.6,CPython,1,forkserver,2.5.3,tiny,tiny_len,6,76,0.0,ms,normal,24661,95,4,8,0,0,0,0,1.1101450343176111e-07,1.0,0.7701953110616659,27.14690335203006,0.3971897135719959,0.0,0.004418874000066353,0.002901385993254735,0.062443776000009166,0.001519531999974788,0.0029019959999914136,0.026651115999811736,0.001624;0.001520;0.001499,0.003091;0.002902;0.002729,0.026651,,sequential,2026-10-03T11:23:28+00:00
L4-00143,L4,n2-standard-4,Linux,6.1.0-53-cloud-amd64,x86_64,Intel(R) Xeon(R) CPU @ 2.80GHz,intel,4,2,2800,16.8,3.14.6,CPython,1,forkserver,2.5.3,numpy,np_linalg_solve,11,479646,0.8,seconds,big,416,479668,4,2,0,3,0,1,0.000641287974350491,0.9997011719553126,0.4888700086700978,0.13675517627862366,1.772182015501854,0.5,0.07899102100009259,0.0021999410007538245,0.041775854000093204,0.24762059700015016,0.14450263700018695,0.2714314209999884,0.247621;0.247565;0.249136,0.152107;0.143297;0.144503,0.301495;0.271431;0.271031,,threading,2026-10-03T11:23:31+00:00
L4-00144,L4,n2-standard-4,Linux,6.1.0-53-cloud-amd64,x86_64,Intel(R) Xeon(R) CPU @ 2.80GHz,intel,4,2,2800,16.8,3.14.6,CPython,1,forkserver,2.5.3,cpu,cpu_sum_squares,3759,122,0.3,ms,normal,1092,142,4,8,1,2,0,0,0.00017565445420666866,0.9999651949909045,0.19846903902116197,0.019212436536552472,0.9845568263917946,0.0,0.09751809999988836,0.0006777010014502594,0.062443776000009166,0.19206990700013193,0.19727165900008004,0.11286373000007188,0.192070;0.191773;0.192436,0.198067;0.195966;0.197272,0.113296;0.108380;0.112864,,multiprocessing,2026-10-03T11:23:33+00:00
L4-00145,L4,n2-standard-4,Linux,6.1.0-53-cloud-amd64,x86_64,Intel(R) Xeon(R) CPU @ 2.80GHz,intel,4,2,2800,16.8,3.14.6,CPython,1,forkserver,2.5.3,big_payload,big_checksum_head,6363,704832,0.8,ms,big,56,704855,4,2,1,1,0,0,0.0002041673571803975,1.0,0.3136986432076948,0.7268791741318855,1.0387070212217606,0.0,0.00808540399998492,0.0023161129995514784,0.041775854000093204,0.01071414700004425,0.011236379999900237,0.036267297999984294,0.010714;0.010761;0.010561,0.011236;0.011373;0.011059,0.034365;0.036267;0.038156,,sequential,2026-10-03T11:23:34+00:00
L4-00146,L4,n2-standard-4,Linux,6.1.0-53-cloud-amd64,x86_64,Intel(R) Xeon(R) CPU @ 2.80GHz,intel,4,2,2800,16.8,3.14.6,CPython,1,forkserver,2.5.3,numpy,np_sort,751714,118,0.0,ms,normal,8,140,4,4,0,3,0,1,0.01490318833331609,1.0,0.039642956906395084,0.0007623648351791616,1.192453525515498,0.0,0.08159883499979514,0.00025590899986127624,0.10321833499995137,0.11402070899998762,0.059501038999997036,0.059467197999993004,0.114543;0.114021;0.113971,0.060755;0.058351;0.059501,0.065778;0.059467;0.056780,,multiprocessing,2026-10-03T11:23:35+00:00
L4-00147,L4,n2-standard-4,Linux,6.1.0-53-cloud-amd64,x86_64,Intel(R) Xeon(R) CPU @ 2.80GHz,intel,4,2,2800,16.8,3.14.6,CPython,1,forkserver,2.5.3,mixed,mixed_parse_lines,11,510,0.3,ms,normal,453,532,4,8,2,3,1,0,0.0004047277256784711,0.6010415919019485,0.15343794167426333,0.008217870466093614,1.601345249238418,0.0,0.07481345499991221,0.00046224399829952745,0.062443776000009166,0.18048409399989396,0.12618068899996615,0.06477748299994346,0.180319;0.180484;0.180547,0.124572;0.135241;0.126181,0.064609;0.064777;0.076263,,multiprocessing,2026-10-03T11:23:37+00:00
L4-00148,L4,n2-standard-4,Linux,6.1.0-53-cloud-amd64,x86_64,Intel(R) Xeon(R) CPU @ 2.80GHz,intel,4,2,2800,16.8,3.14.6,CPython,1,forkserver,2.5.3,db,db_file_lookup,360,47,0.0,ms,normal,24,67,4,4,1,5,1,0,0.002781972166644664,1.0,0.037031736474672894,0.0017029286244257004,1.1904539822024027,0.0,0.03077677200008111,0.0002251470002647693,0.10321833499995137,0.0665373819999786,0.502429839999877,0.040125630000147794,0.066537;0.066330;0.066565,0.502430,0.052983;0.033698;0.040126,,multiprocessing,2026-10-03T11:23:38+00:00
L4-00149,L4,n2-standard-4,Linux,6.1.0-53-cloud-amd64,x86_64,Intel(R) Xeon(R) CPU @ 2.80GHz,intel,4,2,2800,16.8,3.14.6,CPython,1,forkserver,2.5.3,gil_release,gil_zlib,5,23912,0.8,ms,normal,65,23934,4,4,1,1,0,1,0.001923347374983564,1.0,0.5311027147494489,0.003243466352086676,1.9570475173497057,0.0,0.04636245299980146,0.0003443979999246949,0.10321833499995137,0.12164199000017106,0.04864612999995188,0.054262998000012885,0.121642;0.121715;0.121536,0.048646;0.049401;0.048528,0.054263;0.054300;0.053510,,threading,2026-10-03T11:23:39+00:00
L4-00150,L4,n2-standard-4,Linux,6.1.0-53-cloud-amd64,x86_64,Intel(R) Xeon(R) CPU @ 2.80GHz,intel,4,2,2800,16.8,3.14.6,CPython,1,forkserver,2.5.3,db,db_file_commit,4,13237,0.0,ms,normal,8,13259,4,2,1,0,1,0,0.012178481333345795,0.09897065206639301,0.027093036029964445,0.0009532387244517846,1.245022011301807,0.0,0.06560511699990457,0.00021733399989898317,0.041775854000093204,0.0941817150001043,0.059209244999919974,0.06436209799994685,0.094182;0.092908;0.099725,0.059209;0.056611;0.064227,0.066239;0.064362;0.058189,,threading,2026-10-03T11:23:41+00:00
L4-00151,L4,n2-standard-4,Linux,6.1.0-53-cloud-amd64,x86_64,Intel(R) Xeon(R) CPU @ 2.80GHz,intel,4,2,2800,16.8,3.14.6,CPython,1,forkserver,2.5.3,algo_rec,algo_flood_fill,50,27,0.3,seconds,normal,98,46,4,2,3,10,0,0,0.02154611866671985,0.9999532207743894,0.11736795464003796,0.0004277800662109699,1.2112351427061674,0.0,0.11406874599992989,0.00020066399974894011,0.041775854000093204,1.539394576999939,1.569564684999932,0.8111127529998612,1.528951;1.545942;1.539395,1.569565;1.566613;1.576354,0.804694;0.836144;0.811113,,multiprocessing,2026-10-03T11:23:53+00:00
L4-00152,L4,n2-standard-4,Linux,6.1.0-53-cloud-amd64,x86_64,Intel(R) Xeon(R) CPU @ 2.80GHz,intel,4,2,2800,16.8,3.14.6,CPython,1,forkserver,2.5.3,tiny,tiny_small_loop,1,309,0.0,seconds,normal,200000,331,4,8,0,0,0,0,2.746005013705144e-07,1.0,0.5789372713744615,13.202634369778295,0.5724418538963764,0.5,0.005108774999825982,0.0028247459970316413,0.062443776000009166,0.0447615720001977,0.052805535000061354,0.11376481399997829,0.044296;0.044762;0.045055,0.052432;0.052890;0.052806,0.133854;0.113765;0.109711,,sequential,2026-10-03T11:23:55+00:00
L4-00153,L4,n2-standard-4,Linux,6.1.0-53-cloud-amd64,x86_64,Intel(R) Xeon(R) CPU @ 2.80GHz,intel,4,2,2800,16.8,3.14.6,CPython,1,forkserver,2.5.3,recursive,rec_nqueens,2,367338,0.8,seconds,big,544,367360,4,8,1,10,0,0,0.00035308544853344704,0.9996090754561505,0.4031013935646159,0.19209783433523928,0.9720832450693675,0.0,0.100205927999923,0.0026677979994929046,0.062443776000009166,0.1882503760000418,0.19250727600001483,0.19426515400004973,0.188250;0.182797;0.188438,0.195070;0.192507;0.190818,0.206315;0.194265;0.192530,,sequential,2026-10-03T11:23:58+00:00
L4-00154,L4,n2-standard-4,Linux,6.1.0-53-cloud-amd64,x86_64,Intel(R) Xeon(R) CPU @ 2.80GHz,intel,4,2,2800,16.8,3.14.6,CPython,1,forkserver,2.5.3,cpu,cpu_collatz,45,97,0.3,seconds,normal,66530,116,4,4,2,5,0,0,6.648419493029503e-05,0.9999939706063965,0.2902516733678978,0.05240192775412313,0.980480978869294,0.0,0.1023860790000981,0.0014234239972665819,0.10321833499995137,4.345906545999924,4.409543256999996,2.1758804250000594,4.351301;4.345542;4.345907,4.406915;4.434322;4.409543,2.174607;2.175880;2.183521,,multiprocessing,2026-10-03T11:24:31+00:00
L4-00155,L4,n2-standard-4,Linux,6.1.0-53-cloud-amd64,x86_64,Intel(R) Xeon(R) CPU @ 2.80GHz,intel,4,2,2800,16.8,3.14.6,CPython,1,forkserver,2.5.3,big_payload,big_checksum_head,9424,495449,0.8,seconds,big,403,495472,4,4,1,1,0,0,0.0002234349900209054,1.0,0.4852871396226339,0.41875938950337577,0.9279072564464221,0.0,0.048770196999839754,0.0023133939978379203,0.10321833499995137,0.09427180100010446,0.09602978699990672,0.1707692909999423,0.094272;0.094152;0.094420,0.096030;0.095870;0.096305,0.180866;0.168424;0.170769,,sequential,2026-10-03T11:24:33+00:00
L4-00156,L4,n2-standard-4,Linux,6.1.0-53-cloud-amd64,x86_64,Intel(R) Xeon(R) CPU @ 2.80GHz,intel,4,2,2800,16.8,3.14.6,CPython,1,forkserver,2.5.3,algo_iter,algo_dijkstra,486,292,0.3,ms,normal,16,315,4,2,2,15,0,0,0.0009824444999821935,1.0,0.2400109985613434,0.006795803667424748,0.8522396617711793,0.0,0.008991854999976567,0.00019261600004938373,0.041775854000093204,0.016060428000173488,0.01690218199996707,0.017101573000218195,0.015982;0.016060;0.016079,0.016874;0.016902;0.016988,0.021097;0.017102;0.016448,,sequential,2026-10-03T11:24:34+00:00
L4-00157,L4,n2-standard-4,Linux,6.1.0-53-cloud-amd64,x86_64,Intel(R) Xeon(R) CPU @ 2.80GHz,intel,4,2,2800,16.8,3.14.6,CPython,1,forkserver,2.5.3,db,db_file_lookup,168,274,0.3,seconds,normal,3693,296,4,8,1,5,1,0,0.0013404350000105058,0.9999727822305823,0.17784446984827332,0.0022640784514100223,1.1081582150067386,0.0,0.09695133199988959,0.00038810499950159283,0.062443776000009166,4.958561232999955,12.695824629999834,2.3391649259999667,4.958561,12.695825,2.339165,threading,multiprocessing,2026-10-03T11:24:55+00:00
L4-00158,L4,n2-standard-4,Linux,6.1.0-53-cloud-amd64,x86_64,Intel(R) Xeon(R) CPU @ 2.80GHz,intel,4,2,2800,16.8,3.14.6,CPython,1,forkserver,2.5.3,tiny,tiny_dict_lookup,11,24,0.0,ms,normal,22660,43,4,8,0,1,0,0,2.137159954145318e-07,1.0,0.7570691991512267,15.299042073735801,0.31645100465948733,25.0,0.0061066339999342745,0.003522128009080916,0.12668936199997916,0.006908820000035121,0.009166134999986753,0.03369959899987407,0.006667;0.006909;0.007061,0.009166;0.018121;0.005983,0.033700,,sequential,2026-10-03T11:24:55+00:00
L4-00159,L4,n2-standard-4,Linux,6.1.0-53-cloud-amd64,x86_64,Intel(R) Xeon(R) CPU @ 2.80GHz,intel,4,2,2800,16.8,3.14.6,CPython,1,forkserver,2.5.3,algo_rec,algo_flood_fill,1,106,0.0,ms,normal,117,125,4,8,3,10,0,0,0.0003809167585978716,1.0,0.6894812485983756,0.00794858702740662,1.1202744528068858,18.6,0.02293169799986572,0.0016741520005325583,0.12668936199997916,0.04950209599996924,0.0530398769999465,0.03097216799983471,0.041191;0.049502;0.058259,0.053040;0.049998;0.054277,0.025578;0.033147;0.030972,,multiprocessing,2026-10-03T11:24:56+00:00
L4-00160,L4,n2-standard-4,Linux,6.1.0-53-cloud-amd64,x86_64,Intel(R) Xeon(R) CPU @ 2.80GHz,intel,4,2,2800,16.8,3.14.6,CPython,1,forkserver,2.5.3,recursive,rec_tree_sum,2275,24,0.0,seconds,normal,844,44,4,8,0,4,0,0,0.0012555023500112838,0.9999851963990779,1.2046272057610914,0.0028015877291269285,1.251832775722896,26.3,0.0915743250000105,0.0010701639996568701,0.12668936199997916,0.8893593469999814,0.9312533620000067,0.4363266969999131,0.902531;0.878388;0.889359,0.926044;0.935595;0.931253,0.425105;0.436617;0.436327,,multiprocessing,2026-10-03T11:25:04+00:00
L4-00161,L4,n2-standard-4,Linux,6.1.0-53-cloud-amd64,x86_64,Intel(R) Xeon(R) CPU @ 2.80GHz,intel,4,2,2800,16.8,3.14.6,CPython,1,forkserver,2.5.3,big_result,result_long_string,2386,1214,0.3,ms,normal,13,1237,4,8,1,1,0,0,0.0007253766666508454,1.0,0.2135403110939467,0.0542504354160486,0.7792923029774403,0.0,0.0054085669999039965,0.0007447049999882438,0.12668936199997916,0.008440502999974342,0.009526913000172499,0.018188666000014564,0.008382;0.008732;0.008441,0.009562;0.009426;0.009527,0.010384;0.018189;0.049614,,sequential,2026-10-03T11:25:04+00:00
L4-00162,L4,n2-standard-4,Linux,6.1.0-53-cloud-amd64,x86_64,Intel(R) Xeon(R) CPU @ 2.80GHz,intel,4,2,2800,16.8,3.14.6,CPython,1,forkserver,2.5.3,numpy,np_elementwise,31013,807623,0.8,seconds,big,144,807646,4,8,0,4,0,0,0.0052088576000187455,0.9996529079260563,0.11440447277376564,0.039753515248363056,2.584037988608235,0.0,0.0749683770000047,0.0030760389997794846,0.12668936199997916,0.7537673120000363,0.20207194999989042,0.4533805210000992,0.726575;0.753767;0.767927,0.209317;0.202072;0.194743,0.571324;0.444773;0.453381,,threading,2026-10-03T11:25:10+00:00
L4-00163,L4,n2-standard-4,Linux,6.1.0-53-cloud-amd64,x86_64,Intel(R) Xeon(R) CPU @ 2.80GHz,intel,4,2,2800,16.8,3.14.6,CPython,1,forkserver,2.5.3,algo_rec,algo_lcs_memo,6,49,0.3,seconds,normal,53,68,4,8,1,10,0,0,0.01351645950001057,1.0,0.09240703706063315,0.0005489233315667456,0.9043434892085007,0.0,0.1130471399999351,0.0011852640000142856,0.12668936199997916,0.7522880789999817,0.7893527889998495,0.37809537899988754,0.758204;0.752288;0.752253,0.789353;0.852870;0.787513,0.406365;0.378095;0.374172,,multiprocessing,2026-10-03T11:25:16+00:00
L4-00164,L4,n2-standard-4,Linux,6.1.0-53-cloud-amd64,x86_64,Intel(R) Xeon(R) CPU @ 2.80GHz,intel,4,2,2800,16.8,3.14.6,CPython,1,forkserver,2.5.3,recursive,rec_nqueens,8,305,0.8,seconds,normal,606,327,4,2,1,10,0,0,0.0014876137999960649,0.999618429776771,0.3992475005212085,0.0023142767409197683,1.1802319453906869,0.0,0.09762452599989047,0.001248754000016561,0.04337780000014391,0.8059230569999727,0.8133357089998299,0.4290034389998709,0.805989;0.805923;0.803468,0.812305;0.819726;0.813336,0.428820;0.439645;0.429003,,multiprocessing,2026-10-03T11:25:23+00:00
L4-00165,L4,n2-standard-4,Linux,6.1.0-53-cloud-amd64,x86_64,Intel(R) Xeon(R) CPU @ 2.80GHz,intel,4,2,2800,16.8,3.14.6,CPython,1,forkserver,2.5.3,text,text_format_report,1864,282,0.8,ms,normal,9,305,4,8,1,2,0,0,0.0028099723332767703,1.0,0.3581126347671694,0.002994454154455388,1.0316692313056375,0.0,0.01797861699992609,0.0008229029999711202,0.12668936199997916,0.023950276000050508,0.02507381100008388,0.014865183999972942,0.023903;0.023950;0.024091,0.025202;0.024885;0.025074,0.016396;0.014270;0.014865,,multiprocessing,2026-10-03T11:25:24+00:00
L4-00166,L4,n2-standard-4,Linux,6.1.0-53-cloud-amd64,x86_64,Intel(R) Xeon(R) CPU @ 2.80GHz,intel,4,2,2800,16.8,3.14.6,CPython,1,forkserver,2.5.3,recursive,rec_tree_sum,150,913585,0.0,seconds,big,218,913607,4,8,0,4,0,0,5.657818516940299e-05,0.9947341234910605,0.15526224744014774,3.6070359880045957,0.8101859544442567,0.0,0.011300337999955445,0.004402009000841645,0.12668936199997916,0.012171159999979864,0.01346510100006526,0.17502658500006874,0.012171;0.012216;0.012080,0.014017;0.013465;0.012961,0.175027,,sequential,2026-10-03T11:25:25+00:00
L4-00167,L4,n2-standard-4,Linux,6.1.0-53-cloud-amd64,x86_64,Intel(R) Xeon(R) CPU @ 2.80GHz,intel,4,2,2800,16.8,3.14.6,CPython,1,forkserver,2.5.3,text,text_split_count,54,596,0.0,seconds,normal,1887,618,4,2,1,1,0,0,0.001721047133378306,0.999994812040642,0.01357415310620387,0.0018722613170378615,1.002703042702848,0.0,0.10403224200013028,0.0009250819987300929,0.04337780000014391,3.240563247000182,3.2877654720000464,1.6911738859998877,3.240249;3.253478;3.240563,3.285452;3.289507;3.287765,1.691174;1.685565;1.692911,,multiprocessing,2026-10-03T11:25:51+00:00
L4-00168,L4,n2-standard-4,Linux,6.1.0-53-cloud-amd64,x86_64,Intel(R) Xeon(R) CPU @ 2.80GHz,intel,4,2,2800,16.8,3.14.6,CPython,1,forkserver,2.5.3,algo_iter,algo_kmeans,542,1077,0.8,ms,normal,8,1099.6666666666667,4,8,3,15,0,0,0.008771751666699856,1.0,0.4532742802280906,0.0013386151838119468,0.8081493333132682,0.0,0.052307116999827485,0.0014003189996856236,0.12668936199997916,0.07264055399991776,0.07599456699995244,0.04361929200013037,0.072930;0.072641;0.072342,0.076709;0.075995;0.075642,0.040144;0.043619;0.045927,,multiprocessing,2026-10-03T11:25:52+00:00
L4-00169,L4,n2-standard-4,Linux,6.1.0-53-cloud-amd64,x86_64,Intel(R) Xeon(R) CPU @ 2.80GHz,intel,4,2,2800,16.8,3.14.6,CPython,1,forkserver,2.5.3,numpy,np_linalg_solve,19,107,0.8,seconds,normal,39804,126,4,2,0,3,0,1,3.961007716773615e-05,1.0,0.2638700006096096,0.10443049590722919,0.83546381158767,0.5,0.11179600099990239,0.003232604003187589,0.04337780000014391,1.519325020999986,1.9645268940000733,0.8302054650000628,1.519325;1.529224;1.519059,1.964527;2.073416;1.900459,0.867038;0.824031;0.830205,,multiprocessing,2026-10-03T11:26:05+00:00
L4-00170,L4,n2-standard-4,Linux,6.1.0-53-cloud-amd64,x86_64,Intel(R) Xeon(R) CPU @ 2.80GHz,intel,4,2,2800,16.8,3.14.6,CPython,1,forkserver,2.5.3,big_result,result_records,798,370,0.0,seconds,normal,37194,393,4,4,1,2,0,0,0.0034720225713997586,0.9999550694769952,4.044032749859339,0.09751743919734782,11.693763287860893,0.0,0.08703312199986613,0.0075200650003353076,0.06158946999994441,26.742339839000124,27.02845116100002,30.82024374399998,27.121545;24.439574;26.742340,27.028451;27.443093;26.357149,31.883677;30.587185;30.820244,,sequential,2026-10-03T11:30:19+00:00
L4-00171,L4,n2-standard-4,Linux,6.1.0-53-cloud-amd64,x86_64,Intel(R) Xeon(R) CPU @ 2.80GHz,intel,4,2,2800,16.8,3.14.6,CPython,1,forkserver,2.5.3,big_payload,big_checksum_head,4590,2712957,0.3,seconds,big,73,2712980,4,2,1,1,0,0,0.00011480438891137762,1.0,0.15493178353797624,4.830803505788206,0.6683140817200491,0.0,0.015768877000027715,0.010561041999608278,0.04337780000014391,0.008432493000100294,0.008748878000005789,0.263188965000154,0.008466;0.008432;0.008365,0.008810;0.008749;0.008611,0.263189,,sequential,2026-10-03T11:30:20+00:00
L4-00172,L4,n2-standard-4,Linux,6.1.0-53-cloud-amd64,x86_64,Intel(R) Xeon(R) CPU @ 2.80GHz,intel,4,2,2800,16.8,3.14.6,CPython,1,forkserver,2.5.3,numpy,np_elementwise,96521,116235,0.0,seconds,big,309,116269,4,2,0,4,0,0,0.0033628066666703186,1.0,0.030997324997636983,0.006104999579847755,1.7065505396380942,0.0,0.08049649299982775,0.0006381319997217361,0.04337780000014391,1.0360683349999817,0.5217953199999101,0.5527410550000695,1.036068;1.043034;1.034724,0.526520;0.521795;0.519185,0.552182;0.552741;0.562661,,threading,2026-10-03T11:30:27+00:00
L4-00173,L4,n2-standard-4,Linux,6.1.0-53-cloud-amd64,x86_64,Intel(R) Xeon(R) CPU @ 2.80GHz,intel,4,2,2800,16.8,3.14.6,CPython,1,forkserver,2.5.3,algo_iter,algo_dijkstra,91,441,0.0,seconds,normal,1619,463,4,4,2,15,0,0,0.00017202384536510815,0.999997149271541,0.11648217487343857,0.01895958102843852,0.9817588394706774,0.0,0.1028469180000684,0.0018032749987924035,0.06158946999994441,0.27517380799986313,0.2837935400000333,0.1525063340000088,0.274344;0.276243;0.275174,0.283500;0.284768;0.283794,0.156787;0.152457;0.152506,,multiprocessing,2026-10-03T11:30:30+00:00
L4-00174,L4,n2-standard-4,Linux,6.1.0-53-cloud-amd64,x86_64,Intel(R) Xeon(R) CPU @ 2.80GHz,intel,4,2,2800,16.8,3.14.6,CPython,1,forkserver,2.5.3,io,io_file_roundtrip,2,4299,0.0,seconds,normal,345,4321,4,8,1,0,1,0,0.0025092290999850775,0.08680701799541343,0.09980984327789419,0.0016846807502436576,1.5795510270339415,0.0,0.08271380999985922,0.0010157880001315789,0.12668936199997916,0.8321747499999219,0.20025018900014402,0.17407380600002398,0.801026;0.832175;0.834503,0.210129;0.200250;0.195053,0.174074;0.174203;0.168902,,multiprocessing,2026-10-03T11:30:34+00:00
L4-00175,L4,n2-standard-4,Linux,6.1.0-53-cloud-amd64,x86_64,Intel(R) Xeon(R) CPU @ 2.80GHz,intel,4,2,2800,16.8,3.14.6,CPython,1,forkserver,2.5.3,tiny,tiny_add,99,215,0.0,ms,normal,165578,234,4,8,0,1,0,0,1.7390199889177893e-07,1.0,0.4716748459895182,17.177490961233776,0.5475532687252248,0.0,0.004696420000072976,0.0029415660023914825,0.12668936199997916,0.02120785299985073,0.018736870000111594,0.069463960000121,0.021208;0.021174;0.021526,0.019075;0.018737;0.018420,0.072613;0.068488;0.069464,,threading,2026-10-03T11:30:35+00:00
L4-00176,L4,n2-standard-4,Linux,6.1.0-53-cloud-amd64,x86_64,Intel(R) Xeon(R) CPU @ 2.80GHz,intel,4,2,2800,16.8,3.14.6,CPython,1,forkserver,2.5.3,recursive,rec_nqueens,1,486425,0.3,seconds,big,411,486447,4,4,1,10,0,0,0.00016845010784391872,1.0,0.0579636708953172,0.612885033387192,0.9644330597476869,0.0,0.03755718000002162,0.002474588000040967,0.06158946999994441,0.06822775700015882,0.07092464400011522,0.1962030350000532,0.068228;0.068044;0.068421,0.070925;0.070535;0.071241,0.205928;0.194902;0.196203,,sequential,2026-10-03T11:30:37+00:00
L4-00177,L4,n2-standard-4,Linux,6.1.0-53-cloud-amd64,x86_64,Intel(R) Xeon(R) CPU @ 2.80GHz,intel,4,2,2800,16.8,3.14.6,CPython,1,forkserver,2.5.3,algo_rec,algo_sudoku,15,220,0.8,ms,normal,17,239,4,2,3,28,0,0,0.00571556575005161,0.9992289047033373,0.7011228522851486,0.0013494727100586826,0.33004220585694327,0.0,0.06901416099981361,0.0019567669996831683,0.04337780000014391,0.16522150400010105,0.16808264900009817,0.08651677700004257,0.165104;0.165222;0.165838,0.168083;0.168083;0.167668,0.090366;0.086517;0.086175,,multiprocessing,2026-10-03T11:30:39+00:00
L4-00178,L4,n2-standard-4,Linux,6.1.0-53-cloud-amd64,x86_64,Intel(R) Xeon(R) CPU @ 2.80GHz,intel,4,2,2800,16.8,3.14.6,CPython,1,forkserver,2.5.3,algo_iter,algo_kmeans,143,56,0.3,ms,normal,19,75,4,8,3,15,0,0,0.0024167595000790243,1.0,0.13721983839791718,0.0032356343082900786,0.9541448900333747,0.0,0.019669865000196296,0.0001939739997851575,0.12668936199997916,0.04637619100003576,0.04796126199994433,0.026974268000003576,0.046352;0.046376;0.046448,0.047961;0.047992;0.047910,0.026974;0.026013;0.027579,,multiprocessing,2026-10-03T11:30:40+00:00
L4-00179,L4,n2-standard-4,Linux,6.1.0-53-cloud-amd64,x86_64,Intel(R) Xeon(R) CPU @ 2.80GHz,intel,4,2,2800,16.8,3.14.6,CPython,1,forkserver,2.5.3,recursive,rec_nqueens,44,460,0.8,ms,normal,8,482,4,4,1,10,0,0,0.007020711000071363,1.0,0.29714659682699307,0.0012921767980453172,0.8867445209495902,0.0,0.04105265599991981,0.00018549399965195335,0.06158946999994441,0.056868042000132846,0.05897489399990263,0.0341040000000703,0.056804;0.056868;0.057089,0.058975;0.058831;0.059419,0.037480;0.034104;0.033517,,multiprocessing,2026-10-03T11:30:41+00:00
L4-00180,L4,n2-standard-4,Linux,6.1.0-53-cloud-amd64,x86_64,Intel(R) Xeon(R) CPU @ 2.80GHz,intel,4,2,2800,16.8,3.14.6,CPython,1,forkserver,2.5.3,io,io_sleep_chunks,1805,1089,0.3,ms,normal,89,1112,4,8,1,1,1,0,0.0020773127727435085,0.017322911530752383,0.13537931892437816,0.002142744252781054,1.8727912866901697,0.0,0.07075050599996757,0.0007145259996832465,0.12668936199997916,0.18201949800004513,0.0251528280000457,0.02714191700010815,0.182019,0.025038;0.025367;0.025153,0.025711;0.027908;0.027142,,threading,2026-10-03T11:30:42+00:00
L4-00181,L4,n2-standard-4,Linux,6.1.0-53-cloud-amd64,x86_64,Intel(R) Xeon(R) CPU @ 2.80GHz,intel,4,2,2800,16.8,3.14.6,CPython,1,forkserver,2.5.3,algo_iter,algo_dijkstra,1181,260207,0.0,seconds,big,198,260230,4,2,2,15,0,0,0.00286420877776234,0.9999993988608915,0.028051341024906577,0.015054632705034841,0.9450873262777006,0.0,0.10688395300007869,0.0010240240003440704,0.04337780000014391,0.5666599520000091,0.5893591059998471,0.3353120560000207,0.567717;0.564549;0.566660,0.588471;0.589359;0.595228,0.335312;0.339950;0.330060,,multiprocessing,2026-10-03T11:30:47+00:00
L4-00182,L4,n2-standard-4,Linux,6.1.0-53-cloud-amd64,x86_64,Intel(R) Xeon(R) CPU @ 2.80GHz,intel,4,2,2800,16.8,3.14.6,CPython,1,forkserver,2.5.3,mixed,mixed_compute_then_sleep,16326,146,0.0,ms,normal,31,166,4,8,1,3,1,0,0.0011549805714301847,0.6655574084322191,0.013380907277693472,0.004926242407903656,1.3055887139041207,0.0,0.014981431000023804,0.0006478719999449822,0.12668936199997916,0.035539586999902895,0.0251539139999295,0.015803204999883746,0.035606;0.035540;0.035447,0.025154;0.025030;0.025389,0.020237;0.015803;0.014720,,multiprocessing,2026-10-03T11:30:48+00:00
L4-00183,L4,n2-standard-4,Linux,6.1.0-53-cloud-amd64,x86_64,Intel(R) Xeon(R) CPU @ 2.80GHz,intel,4,2,2800,16.8,3.14.6,CPython,1,forkserver,2.5.3,tiny,tiny_len,27,47,0.3,seconds,normal,200000,66,4,8,0,0,0,0,1.197855029886341e-07,1.0,5.275026164926372,24.581438990518194,0.3754884865056616,0.0,0.0044391270000687655,0.0028848909939824807,0.12668936199997916,0.012029806000100507,0.018267269000034503,0.06175000200005343,0.011896;0.012227;0.012030,0.018541;0.018267;0.018095,0.061750,,sequential,2026-10-03T11:30:49+00:00
L4-00184,L4,n2-standard-4,Linux,6.1.0-53-cloud-amd64,x86_64,Intel(R) Xeon(R) CPU @ 2.80GHz,intel,4,2,2800,16.8,3.14.6,CPython,1,forkserver,2.5.3,recursive,rec_fib,10705,266,0.8,ms,normal,22,289,4,2,0,4,0,0,0.0009057064000444371,1.0,0.2770686055073621,0.006917031786610792,0.7895332771940705,0.0,0.010835264999968786,0.0007597249996251776,0.04337780000014391,0.020191411000041626,0.020897054999977627,0.013911509000081423,0.020191;0.020179;0.020279,0.020897;0.020990;0.020849,0.013912;0.012482;0.013913,,multiprocessing,2026-10-03T11:30:49+00:00
L4-00185,L4,n2-standard-4,Linux,6.1.0-53-cloud-amd64,x86_64,Intel(R) Xeon(R) CPU @ 2.80GHz,intel,4,2,2800,16.8,3.14.6,CPython,1,forkserver,2.5.3,big_result,result_matrix_lists,173,62,0.8,ms,normal,8,81,4,8,2,5,0,0,0.0010830666666000373,1.0,0.6832818648592855,0.2496014403182671,0.272892280616526,0.0,0.020635184999946432,0.001379658000132622,0.12668936199997916,0.031685004000109984,0.032576316000131555,0.033616099000028044,0.033456;0.031685;0.031101,0.032440;0.032652;0.032576,0.036913;0.025842;0.033616,,sequential,2026-10-03T11:30:50+00:00
L4-00186,L4,n2-standard-4,Linux,6.1.0-53-cloud-amd64,x86_64,Intel(R) Xeon(R) CPU @ 2.80GHz,intel,4,2,2800,16.8,3.14.6,CPython,1,forkserver,2.5.3,cpu,cpu_sum_squares,161147,395,0.3,ms,normal,8,420,4,4,1,2,0,0,0.008165239333341864,1.0,0.12311742507016357,0.00124078829114613,0.9281475698668489,0.0,0.04994582500012257,0.0005341080000107468,0.06158946999994441,0.06645001499987302,0.06799679000005199,0.04495609500008868,0.069143;0.066450;0.066232,0.068140;0.067551;0.067997,0.039545;0.044956;0.045819,,multiprocessing,2026-10-03T11:30:51+00:00
L4-00187,L4,n2-standard-4,Linux,6.1.0-53-cloud-amd64,x86_64,Intel(R) Xeon(R) CPU @ 2.80GHz,intel,4,2,2800,16.8,3.14.6,CPython,1,forkserver,2.5.3,cpu,cpu_matmul_lists,28,1103,0.3,ms,normal,117,1125,4,2,3,5,0,0,0.001091889793134873,1.0,0.5252651818491867,0.0033039964302554034,1.093387789413866,0.5,0.06129247099988788,0.0010133629989468318,0.04337780000014391,0.12536201900002197,0.1267920929999491,0.06831217299986747,0.125263;0.125362;0.132399,0.126822;0.126258;0.126792,0.069871;0.068312;0.067644,,multiprocessing,2026-10-03T11:30:53+00:00
L4-00188,L4,n2-standard-4,Linux,6.1.0-53-cloud-amd64,x86_64,Intel(R) Xeon(R) CPU @ 2.80GHz,intel,4,2,2800,16.8,3.14.6,CPython,1,forkserver,2.5.3,algo_iter,algo_dijkstra,420,287295,0.3,seconds,big,696,287318,4,4,2,15,0,0,0.0009062750178705821,0.9996498514895804,0.2093136605310512,0.053583072532430345,0.9345040107638312,0.0,0.10600354799998968,0.001311876999125161,0.06158946999994441,0.6521663190001163,0.68301565999991,0.4169153100001495,0.652166;0.651958;0.652530,0.684827;0.683016;0.679511,0.416915;0.429021;0.416609,,multiprocessing,2026-10-03T11:30:59+00:00
L4-00189,L4,n2-standard-4,Linux,6.1.0-53-cloud-amd64,x86_64,Intel(R) Xeon(R) CPU @ 2.80GHz,intel,4,2,2800,16.8,3.14.6,CPython,1,forkserver,2.5.3,text,text_csv_parse,1,1097,0.8,ms,normal,47,1119,4,4,2,3,0,0,0.0013070754545300258,1.0,0.028554154128915453,0.0030014265312208474,0.7956481826777574,0.5,0.03326388699997551,0.0008968180002284498,0.06158946999994441,0.06739989100015009,0.06941570300000421,0.0432256280000729,0.068032;0.067400;0.067227,0.070422;0.069416;0.069333,0.043744;0.041031;0.043226,,multiprocessing,2026-10-03T11:31:00+00:00
L4-00190,L4,n2-standard-4,Linux,6.1.0-53-cloud-amd64,x86_64,Intel(R) Xeon(R) CPU @ 2.80GHz,intel,4,2,2800,16.8,3.14.6,CPython,1,forkserver,2.5.3,tiny,tiny_dict_lookup,17,1486429,0.8,ms,big,134,1486451,4,2,0,1,0,0,5.604545645892909e-07,1.0,0.5280692926625722,580.3936136072255,0.04360314317119662,0.0,0.007300708000002487,0.006817541999225796,0.04337780000014391,4.4961999947190634e-05,0.0004909770000267599,0.1933544940000047,0.000064;0.000045;0.000020,0.000491,0.193354,,sequential,2026-10-03T11:31:02+00:00
L4-00191,L4,n2-standard-4,Linux,6.1.0-53-cloud-amd64,x86_64,Intel(R) Xeon(R) CPU @ 2.80GHz,intel,4,2,2800,16.8,3.14.6,CPython,1,forkserver,2.5.3,gil_release,gil_numpy_matmul,21,8890,0.3,ms,normal,2112,8912,4,8,0,2,0,1,2.0342399622133158e-05,1.0,0.2302635552373505,0.3094546430429813,0.5060779305066645,0.0,0.034067192000065916,0.001990459999660743,0.12668936199997916,0.0418855129998974,0.1364284190001399,0.03702210300002662,0.042051;0.041886;0.041415,0.135664;0.136634;0.136428,0.036672;0.037022;0.042937,,multiprocessing,2026-10-03T11:31:03+00:00
L4-00192,L4,n2-standard-4,Linux,6.1.0-53-cloud-amd64,x86_64,Intel(R) Xeon(R) CPU @ 2.80GHz,intel,4,2,2800,16.8,3.14.6,CPython,1,forkserver,2.5.3,gil_release,gil_bz2,27,300000,0.0,seconds,big,666,300022,4,4,0,1,0,1,0.003604999714281933,0.9993617534061291,0.019869393951435155,0.01621048275110931,1.9531819670202821,0.0,0.07773738999981106,0.0014416619999337854,0.06158946999994441,2.373009744000001,1.103416129000152,1.242813877999879,2.384329;2.373010;2.363689,1.167635;1.103416;0.982993,1.242814;1.290919;1.068045,,threading,2026-10-03T11:31:18+00:00
L4-00193,L4,n2-standard-4,Linux,6.1.0-53-cloud-amd64,x86_64,Intel(R) Xeon(R) CPU @ 2.80GHz,intel,4,2,2800,16.8,3.14.6,CPython,1,forkserver,2.5.3,cpu,cpu_matmul_lists,12,517450,0.8,ms,big,25,517472,4,4,3,5,0,0,0.0001859598334021939,1.0,0.768515943973,0.7187071760637214,0.958274150354263,0.0,0.003319889000067633,0.0009882889996788435,0.06158946999994441,0.003870619999815972,0.004296378999924855,0.017149949999975433,0.003858;0.003891;0.003871,0.004296;0.004284;0.004299,0.017498;0.017150;0.015704,,sequential,2026-10-03T11:31:19+00:00
L4-00194,L4,n2-standard-4,Linux,6.1.0-53-cloud-amd64,x86_64,Intel(R) Xeon(R) CPU @ 2.80GHz,intel,4,2,2800,16.8,3.14.6,CPython,1,forkserver,2.5.3,big_result,result_sorted_pairs,155,61,0.8,seconds,normal,37848,80.2,4,2,1,4,0,0,4.9185846384988785e-05,1.0,0.8260854636028104,0.7248843439118821,0.9972956293273676,0.0,0.10298148900005799,0.0031342679974386556,0.04337780000014391,2.3246293380000225,2.3643889590000526,3.1346437310000965,2.324629;2.323719;2.332421,2.375110;2.364389;2.359296,3.091176;3.134644;3.218806,,sequential,2026-10-03T11:31:43+00:00
L4-00195,L4,n2-standard-4,Linux,6.1.0-53-cloud-amd64,x86_64,Intel(R) Xeon(R) CPU @ 2.80GHz,intel,4,2,2800,16.8,3.14.6,CPython,1,forkserver,2.5.3,db,db_file_commit,1,322289,0.0,ms,big,17,322311,4,4,1,0,1,0,0.0071291815000904535,0.2136096449140881,0.08737432040236691,0.01125672702244236,1.3478730767193585,0.0,0.049932043000126214,0.0011410709998926905,0.06158946999994441,0.11020918100007293,0.04476256999987527,0.052933424999991985,0.117826;0.107581;0.110209,0.044763;0.042575;0.049229,0.052933;0.046212;0.054319,,threading,2026-10-03T11:31:44+00:00
L4-00196,L4,n2-standard-4,Linux,6.1.0-53-cloud-amd64,x86_64,Intel(R) Xeon(R) CPU @ 2.80GHz,intel,4,2,2800,16.8,3.14.6,CPython,1,forkserver,2.5.3,tiny,tiny_dict_lookup,2,358735,0.8,seconds,big,557,358757,4,8,0,1,0,0,4.5758992750340027e-07,1.0,0.41880500284302347,154.35872983720452,0.15774654723018713,0.0,0.002393746999814539,0.0018153789999360015,0.12668936199997916,0.00014646699992226786,0.0010359359998801665,0.1860822480000479,0.000231;0.000146;0.000094,0.001036,0.186082,,sequential,2026-10-03T11:31:45+00:00
L4-00197,L4,n2-standard-4,Linux,6.1.0-53-cloud-amd64,x86_64,Intel(R) Xeon(R) CPU @ 2.80GHz,intel,4,2,2800,16.8,3.14.6,CPython,1,forkserver,2.5.3,gil_release,gil_bz2,24,300000,0.8,seconds,big,296,300022,4,8,0,1,0,1,0.003793851214270814,0.9999888022659429,0.23108825312380407,0.01604758316097417,1.947019311572192,0.0,0.08134385499988639,0.0011118340000848548,0.12668936199997916,0.9598893150000549,0.3942861200000607,0.4586197160001575,0.959889;0.960296;0.959187,0.394286;0.403610;0.393236,0.450035;0.472788;0.458620,,threading,2026-10-03T11:31:52+00:00
L4-00198,L4,n2-standard-4,Linux,6.1.0-53-cloud-amd64,x86_64,Intel(R) Xeon(R) CPU @ 2.80GHz,intel,4,2,2800,16.8,3.14.6,CPython,1,forkserver,2.5.3,tiny,tiny_small_loop,54,244039,0.8,seconds,big,819,244061,4,4,0,0,0,0,8.155637274017756e-07,1.0,0.3195296496523585,55.96944600621062,0.2680159621143343,0.5,0.002647986000056335,0.0017232429997875442,0.06158946999994441,0.0005746710000948951,0.0010294539999904373,0.20570849299997462,0.000640;0.000575;0.000533,0.001282;0.000935;0.001029,0.205708,,sequential,2026-10-03T11:31:53+00:00
L4-00199,L4,n2-standard-4,Linux,6.1.0-53-cloud-amd64,x86_64,Intel(R) Xeon(R) CPU @ 2.80GHz,intel,4,2,2800,16.8,3.14.6,CPython,1,forkserver,2.5.3,algo_iter,algo_kmeans,28,40,0.8,seconds,normal,2665,59,4,4,3,15,0,0,0.0005522908571557699,1.0,0.4008383095957036,0.008589133743782893,0.9976507104726547,0.0,0.1011620369999946,0.00047118299880821723,0.06158946999994441,1.4127235319999727,1.4397129250000944,0.7179929470000843,1.420640;1.411036;1.412724,1.438155;1.439713;1.444591,0.717993;0.714167;0.719034,,multiprocessing,2026-10-03T11:32:04+00:00
L4-00200,L4,n2-standard-4,Linux,6.1.0-53-cloud-amd64,x86_64,Intel(R) Xeon(R) CPU @ 2.80GHz,intel,4,2,2800,16.8,3.14.6,CPython,1,forkserver,2.5.3,cpu,cpu_sum_squares,1901,204,0.0,ms,normal,191,224,4,2,1,2,0,0,8.456214896660697e-05,1.0,0.09636069093897168,0.041282062746361134,0.9436904662309816,0.0,0.008584485000028508,0.0003336789986860822,0.04337780000014391,0.015683413000033397,0.016081845000144313,0.01757713199981481,0.015498;0.015683;0.015715,0.016120;0.016082;0.016052,0.017577;0.018667;0.017226,,sequential,2026-10-03T11:32:05+00:00
L4-00201,L4,n2-standard-4,Linux,6.1.0-53-cloud-amd64,x86_64,Intel(R) Xeon(R) CPU @ 2.80GHz,intel,4,2,2800,16.8,3.14.6,CPython,1,forkserver,2.5.3,text,text_regex_findall,2,134017,0.0,ms,big,16,134039,4,8,1,1,0,0,0.01479835799995044,1.0,0.012915007083970984,0.0023100873796770166,0.9175735053816517,0.0,0.12405507900007251,0.0007598290003443253,0.12668936199997916,0.23442779900005917,0.2556889790000696,0.13253229199995076,0.234426;0.234428;0.235252,0.256780;0.255689;0.250376,0.132532;0.128571;0.140362,,multiprocessing,2026-10-03T11:32:08+00:00
L4-00202,L4,n2-standard-4,Linux,6.1.0-53-cloud-amd64,x86_64,Intel(R) Xeon(R) CPU @ 2.80GHz,intel,4,2,2800,16.8,3.14.6,CPython,1,forkserver,2.5.3,io,io_sleep_chunks,3824,391,0.3,seconds,normal,72,414,4,4,1,1,1,0,0.004279238833286551,0.013643977649024077,0.09534349945787592,0.0010991830149705026,2.0515376916031784,0.5,0.07667550800010758,0.00031344400076704915,0.06158946999994441,0.2998782709998977,0.08262513400018179,0.08309847300006368,0.299761;0.299878;0.301021,0.082679;0.082625;0.082308,0.082969;0.083098;0.083514,,threading,2026-10-03T11:32:10+00:00
L4-00203,L4,n2-standard-4,Linux,6.1.0-53-cloud-amd64,x86_64,Intel(R) Xeon(R) CPU @ 2.80GHz,intel,4,2,2800,16.8,3.14.6,CPython,1,forkserver,2.5.3,algo_iter,algo_edit_distance,11301,642,0.0,seconds,normal,615,665,4,8,2,16,0,0,0.001813129249983701,1.0,0.014257722968656919,0.0019489785397666627,0.9724219921312998,0.0,0.10431745799996861,0.0013587840003310703,0.12668936199997916,1.111963451000065,1.1400151450000067,0.6093361449998156,1.112245;1.110623;1.111963,1.136753;1.140015;1.140487,0.606254;0.615511;0.609336,,multiprocessing,2026-10-03T11:32:19+00:00
L4-00204,L4,n2-standard-4,Linux,6.1.0-53-cloud-amd64,x86_64,Intel(R) Xeon(R) CPU @ 2.80GHz,intel,4,2,2800,16.8,3.14.6,CPython,1,forkserver,2.5.3,tiny,tiny_add,10,64,0.8,ms,normal,35748,83,4,8,0,1,0,0,1.1512349806253042e-07,1.0,0.4081498580447223,27.78494391926217,0.4212354221947581,0.0,0.00417796100009582,0.0026426560038999014,0.12668936199997916,0.002436321000004682,0.004152599000008195,0.02974525799982075,0.002557;0.002436;0.002180,0.004390;0.004153;0.003602,0.029745,,sequential,2026-10-03T11:32:19+00:00
L4-00205,L4,n2-standard-4,Linux,6.1.0-53-cloud-amd64,x86_64,Intel(R) Xeon(R) CPU @ 2.80GHz,intel,4,2,2800,16.8,3.14.6,CPython,1,forkserver,2.5.3,io,io_sleep_chunks,4710,97,0.0,ms,normal,8,117,4,8,1,1,1,0,0.0050661423332864315,0.015936747897751343,0.005629277187458913,0.0024558462526560335,1.4782066635172635,0.0,0.02575269500016475,0.0002466060002461745,0.12668936199997916,0.040145638000012696,0.0054007520000141085,0.005689186999916274,0.040146,0.005426;0.005351;0.005401,0.006083;0.005689;0.005482,,threading,2026-10-03T11:32:20+00:00
L4-00206,L4,n2-standard-4,Linux,6.1.0-53-cloud-amd64,x86_64,Intel(R) Xeon(R) CPU @ 2.80GHz,intel,4,2,2800,16.8,3.14.6,CPython,1,forkserver,2.5.3,db,db_mem_insert_select,453,843386,0.8,ms,big,143,843408.75,4,4,1,1,1,0,0.00046059445712022095,1.0,0.34430543470866465,0.35479606296369653,0.4559032999618653,0.0,0.056039380999891364,0.004146861000890567,0.06158946999994441,0.06578448000004755,0.7328959260000829,0.13289971300014258,0.065663;0.065784;0.066501,0.732896,0.132900;0.134257;0.130969,,sequential,2026-10-03T11:32:22+00:00
L4-00207,L4,n2-standard-4,Linux,6.1.0-53-cloud-amd64,x86_64,Intel(R) Xeon(R) CPU @ 2.80GHz,intel,4,2,2800,16.8,3.14.6,CPython,1,forkserver,2.5.3,big_payload,big_upper_copy,8,1235654,0.8,ms,big,23,1235676,4,4,0,0,0,0,0.0005936417999691912,1.0,0.035476510698491365,0.8536568685982963,0.8602805613363185,0.0,0.009547265000037441,0.0030289690002973657,0.06158946999994441,0.013285655000117913,0.013992563000101654,0.3859141850000469,0.013286;0.013395;0.013255,0.014164;0.013993;0.013749,0.385914,,sequential,2026-10-03T11:32:23+00:00
L4-00208,L4,n2-standard-4,Linux,6.1.0-53-cloud-amd64,x86_64,Intel(R) Xeon(R) CPU @ 2.80GHz,intel,4,2,2800,16.8,3.14.6,CPython,1,forkserver,2.5.3,db,db_file_commit,2,514,0.0,seconds,normal,1003,536,4,4,1,0,1,0,0.007186936874944649,0.09330639199050812,0.08803537380026828,0.0007490673829044823,1.5093189936687832,0.0,0.0961700479999763,0.0002536270003474783,0.06158946999994441,6.319311872999833,3.7966896289999568,4.125999989000093,6.589442;6.319312;6.180439,3.796690;4.174322;2.536859,2.404105;4.168456;4.126000,,threading,2026-10-03T11:33:04+00:00
L4-00209,L4,n2-standard-4,Linux,6.1.0-53-cloud-amd64,x86_64,Intel(R) Xeon(R) CPU @ 2.80GHz,intel,4,2,2800,16.8,3.14.6,CPython,1,forkserver,2.5.3,numpy,np_sort,4203,9692,0.8,ms,normal,60,9715,4,2,0,3,0,1,0.0001393700667298011,0.9960630015517592,0.5049784685898975,0.04487716387971732,0.6982912629983834,0.5,0.005728653000005579,0.0008578579991080915,0.04337780000014391,0.007369177999862586,0.005713710000009087,0.011158622000039031,0.007133;0.007543;0.007369,0.005996;0.005650;0.005714,0.016830;0.007273;0.011159,,threading,2026-10-03T11:33:05+00:00
L4-00210,L4,n2-standard-4,Linux,6.1.0-53-cloud-amd64,x86_64,Intel(R) Xeon(R) CPU @ 2.80GHz,intel,4,2,2800,16.8,3.14.6,CPython,1,forkserver,2.5.3,mixed,mixed_json_roundtrip,1,640,0.0,seconds,normal,4729,662,4,2,1,1,1,0,9.235421111489578e-05,0.4444360657574648,0.05809549407093464,0.035696802165302174,1.8093212066280395,0.0,0.0793162449999727,0.0016344589980690216,0.04337780000014391,0.43225093000000925,0.23701284399999167,0.24722392000012405,0.432251;0.433021;0.430985,0.350676;0.237013;0.236332,0.247224;0.235834;0.266176,,threading,2026-10-03T11:33:08+00:00
L4-00211,L4,n2-standard-4,Linux,6.1.0-53-cloud-amd64,x86_64,Intel(R) Xeon(R) CPU @ 2.80GHz,intel,4,2,2800,16.8,3.14.6,CPython,1,forkserver,2.5.3,mixed,mixed_parse_lines,4,1427,0.3,seconds,normal,15893,1449,4,4,2,3,1,0,0.0003493212797194418,0.7382032775638884,0.1524750703738548,0.010384709384987199,1.299088562023401,0.0,0.0897410550001041,0.0011877740003001236,0.06158946999994441,5.464440960000047,4.486457057999814,2.39399209599992,5.512044;5.464441;5.457926,4.355467;4.612683;4.486457,2.511606;2.393992;2.392403,,multiprocessing,2026-10-03T11:33:46+00:00
L4-00212,L4,n2-standard-4,Linux,6.1.0-53-cloud-amd64,x86_64,Intel(R) Xeon(R) CPU @ 2.80GHz,intel,4,2,2800,16.8,3.14.6,CPython,1,forkserver,2.5.3,recursive,rec_tree_sum,4131,1794,0.8,seconds,normal,1290,1817,4,4,0,4,0,0,0.0012297570975622475,1.0,0.5218493487411956,0.003164324084621032,0.8820076785307952,0.0,0.10687851399984538,0.0003891429998930107,0.06158946999994441,1.740260287999945,1.8320336889998998,0.8726462899999206,1.740260;1.738690;1.741970,1.831693;1.838843;1.832034,0.870446;0.872646;0.885161,,multiprocessing,2026-10-03T11:34:00+00:00
L4-00213,L4,n2-standard-4,Linux,6.1.0-53-cloud-amd64,x86_64,Intel(R) Xeon(R) CPU @ 2.80GHz,intel,4,2,2800,16.8,3.14.6,CPython,1,forkserver,2.5.3,recursive,rec_quicksort,3817,719,0.3,seconds,normal,1161,742,4,2,1,8,0,0,0.004649994636358976,1.0,0.13733270840989897,0.000858984379431274,0.9327998488267797,0.0,0.10707001100013258,0.001013454000258207,0.04337780000014391,5.66677355600018,5.74906514700001,2.873698830999956,5.666774;5.663209;5.710222,5.737031;5.750329;5.749065,2.858562;2.879411;2.873699,,multiprocessing,2026-10-03T11:34:44+00:00
L4-00214,L4,n2-standard-4,Linux,6.1.0-53-cloud-amd64,x86_64,Intel(R) Xeon(R) CPU @ 2.80GHz,intel,4,2,2800,16.8,3.14.6,CPython,1,forkserver,2.5.3,gil_release,gil_sha256,93,74527,0.0,ms,normal,8,74549,4,8,1,1,0,1,0.016231091666668362,1.0,0.0026596289127375724,0.001650782373506563,1.489551127984913,0.0,0.0821375729999545,0.0007470499999726599,0.12668936199997916,0.1303223770000841,0.06202810199988562,0.06952051600001141,0.130326;0.129940;0.130322,0.062028;0.061489;0.062858,0.069766;0.069521;0.067361,,threading,2026-10-03T11:34:45+00:00
L4-00215,L4,n2-standard-4,Linux,6.1.0-53-cloud-amd64,x86_64,Intel(R) Xeon(R) CPU @ 2.80GHz,intel,4,2,2800,16.8,3.14.6,CPython,1,forkserver,2.5.3,big_result,result_matrix_lists,103,160646,0.8,seconds,big,104,160668,4,4,2,5,0,0,0.0018961131923141204,1.0,0.7678874219591785,0.22328537754864347,1.8180235629650825,0.0,0.08555030599995916,0.008771144999855096,0.06158946999994441,0.15597471600017343,0.16138067799988676,0.13387042599993038,0.155914;0.159567;0.155975,0.161381;0.160373;0.164702,0.133870;0.115885;0.151299,,multiprocessing,2026-10-03T11:34:47+00:00
L4-00216,L4,n2-standard-4,Linux,6.1.0-53-cloud-amd64,x86_64,Intel(R) Xeon(R) CPU @ 2.80GHz,intel,4,2,2800,16.8,3.14.6,CPython,1,forkserver,2.5.3,recursive,rec_nqueens,2,1341,0.0,seconds,normal,1541,1363,4,2,1,10,0,0,0.0003310936556302698,1.0,0.022175208951011573,0.010883476403896251,0.9833375071995004,0.0,0.10148614400009137,0.0005556499997965147,0.04337780000014391,0.5094382640002095,0.5180625650000366,0.26841151100006755,0.509749;0.508044;0.509438,0.516936;0.519175;0.518063,0.277060;0.268412;0.265183,,multiprocessing,2026-10-03T11:34:52+00:00
L4-00217,L4,n2-standard-4,Linux,6.1.0-53-cloud-amd64,x86_64,Intel(R) Xeon(R) CPU @ 2.80GHz,intel,4,2,2800,16.8,3.14.6,CPython,1,forkserver,2.5.3,recursive,rec_fib,30385,833461,0.3,seconds,big,239,833484,4,4,0,4,0,0,0.002695259699987673,0.999990411628781,0.4834593419510596,0.061368594649266424,0.9981226305961999,0.5,0.10985936499992022,0.003570708000097511,0.06158946999994441,0.6314824099999896,0.6427274000000125,0.41081243300004644,0.631873;0.631482;0.630756,0.643408;0.642727;0.641373,0.410812;0.410140;0.411925,,multiprocessing,2026-10-03T11:34:58+00:00
L4-00218,L4,n2-standard-4,Linux,6.1.0-53-cloud-amd64,x86_64,Intel(R) Xeon(R) CPU @ 2.80GHz,intel,4,2,2800,16.8,3.14.6,CPython,1,forkserver,2.5.3,tiny,tiny_dict_lookup,10,145,0.0,ms,normal,28485,164,4,4,0,1,0,0,2.7544099884835305e-07,1.0,0.40436189712860265,11.706862756522167,0.6080904928677298,0.0,0.0049991009998393565,0.0027743440020913113,0.06158946999994441,0.006576544000154172,0.007766522000110854,0.014768842999956178,0.006577;0.006154;0.006584,0.007767;0.007616;0.007986,0.016941;0.014769;0.013699,,sequential,2026-10-03T11:34:58+00:00
L4-00219,L4,n2-standard-4,Linux,6.1.0-53-cloud-amd64,x86_64,Intel(R) Xeon(R) CPU @ 2.80GHz,intel,4,2,2800,16.8,3.14.6,CPython,1,forkserver,2.5.3,algo_rec,algo_lcs_memo,6,281,0.3,ms,normal,8,303,4,2,1,10,0,0,0.012615290999974604,1.0,0.17654571798621985,0.0007675341506233843,0.8745319762262106,0.0,0.08170472899996639,0.00019547400006558746,0.04337780000014391,0.10643833199992514,0.1086269990000801,0.060345189999907234,0.105218;0.107566;0.106438,0.108627;0.108164;0.109316,0.060629;0.060345;0.056734,,multiprocessing,2026-10-03T11:35:00+00:00
L4-00220,L4,n2-standard-4,Linux,6.1.0-53-cloud-amd64,x86_64,Intel(R) Xeon(R) CPU @ 2.80GHz,intel,4,2,2800,16.8,3.14.6,CPython,1,forkserver,2.5.3,db,db_file_lookup,14,17,0.3,ms,normal,591,36,4,2,1,5,1,0,0.00023260711564529826,1.0,0.10806415103879806,0.012295410647638219,0.500497592196164,0.0,0.10386767999989388,0.0015867850001995976,0.04337780000014391,0.1361360920000152,0.12982875700004115,0.06916873999989548,0.136136;0.135117;0.137352,0.146107;0.129829;0.120355,0.088606;0.069169;0.068047,,multiprocessing,2026-10-03T11:35:02+00:00
L4-00221,L4,n2-standard-4,Linux,6.1.0-53-cloud-amd64,x86_64,Intel(R) Xeon(R) CPU @ 2.80GHz,intel,4,2,2800,16.8,3.14.6,CPython,1,forkserver,2.5.3,recursive,rec_fib,11707,40,0.3,seconds,normal,1148,60,4,8,0,4,0,0,0.0010077739000007569,0.9999745317899926,0.006781025490305331,0.003304213392033504,0.9750346541322912,0.5,0.10251477900010286,0.0003687790001549729,0.12668936199997916,1.1583741790000204,1.192459939000173,0.6102715260001332,1.157554;1.162928;1.158374,1.192460;1.190860;1.192471,0.609564;0.610272;0.612089,,multiprocessing,2026-10-03T11:35:11+00:00
L4-00222,L4,n2-standard-4,Linux,6.1.0-53-cloud-amd64,x86_64,Intel(R) Xeon(R) CPU @ 2.80GHz,intel,4,2,2800,16.8,3.14.6,CPython,1,forkserver,2.5.3,recursive,rec_quicksort,158,63,0.0,seconds,normal,35399,82,4,8,1,8,0,0,0.00014080887323717422,1.0,0.04669453519290992,0.022491835235751545,0.9663805664230728,0.0,0.10271323699998902,0.0008167050009433297,0.12668936199997916,5.055478484999867,5.149045680999961,2.413121770999851,5.055478;5.054402;5.061242,5.284684;5.147226;5.149046,2.661464;2.408186;2.413122,,multiprocessing,2026-10-03T11:35:50+00:00
L4-00223,L4,n2-standard-4,Linux,6.1.0-53-cloud-amd64,x86_64,Intel(R) Xeon(R) CPU @ 2.80GHz,intel,4,2,2800,16.8,3.14.6,CPython,1,forkserver,2.5.3,io,io_sleep_chunks,2253,1164744,0.8,ms,big,8,1164767,4,2,1,1,1,0,0.0031048226667280687,0.012068274676621566,0.22477802639070657,0.09708359078797564,1.470085201364473,0.0,0.01592498600007275,0.0011107579998679284,0.04337780000014391,0.020914489999995567,0.011485511000046245,0.01814361399988229,0.021044;0.020843;0.020914,0.011554;0.011486;0.011452,0.018144;0.021546;0.017590,,threading,2026-10-03T11:35:51+00:00
L4-00224,L4,n2-standard-4,Linux,6.1.0-53-cloud-amd64,x86_64,Intel(R) Xeon(R) CPU @ 2.80GHz,intel,4,2,2800,16.8,3.14.6,CPython,1,forkserver,2.5.3,algo_iter,algo_dijkstra,4019,1999218,0.0,seconds,big,100,1999241,4,8,2,15,0,0,0.010912820999919859,0.9999603645371623,0.03326486993759634,0.050141425390354204,0.937363830891647,0.5,0.11490006900021399,0.002937465000513839,0.12668936199997916,1.0854035659999681,1.2574827019998338,0.6925636450000638,1.088929;1.085404;1.082909,1.264382;1.257483;1.240369,0.738332;0.692508;0.692564,,multiprocessing,2026-10-03T11:36:01+00:00
L4-00225,L4,n2-standard-4,Linux,6.1.0-53-cloud-amd64,x86_64,Intel(R) Xeon(R) CPU @ 2.80GHz,intel,4,2,2800,16.8,3.14.6,CPython,1,forkserver,2.5.3,db,db_file_lookup,314,415,0.8,ms,normal,51,437.6666666666667,4,4,1,5,1,0,0.0026352869999755058,0.9999667785691185,0.3709873213352738,0.0014931327950239571,1.1677793361682673,0.0,0.05915249400004541,0.0002782950004984741,0.06158946999994441,0.1281449269999939,0.7966593870000906,0.06454819400005363,0.130777;0.128145;0.127524,0.796659,0.095804;0.064548;0.064450,,multiprocessing,2026-10-03T11:36:03+00:00
L4-00226,L4,n2-standard-4,Linux,6.1.0-53-cloud-amd64,x86_64,Intel(R) Xeon(R) CPU @ 2.80GHz,intel,4,2,2800,16.8,3.14.6,CPython,1,forkserver,2.5.3,gil_release,gil_bz2,22,300000,0.0,seconds,big,285,300022,4,2,0,1,0,1,0.0031043920587174346,0.999620949974217,0.011832196366104048,0.016162755354208216,1.833686762079497,0.0,0.08266127299975778,0.001109450001422374,0.04337780000014391,0.8864151279999533,0.4478698829998393,0.5077803479998693,0.883974;0.886415;0.886861,0.446492;0.447870;0.453945,0.499595;0.507780;0.511853,,threading,2026-10-03T11:36:09+00:00
L4-00227,L4,n2-standard-4,Linux,6.1.0-53-cloud-amd64,x86_64,Intel(R) Xeon(R) CPU @ 2.80GHz,intel,4,2,2800,16.8,3.14.6,CPython,1,forkserver,2.5.3,numpy,np_fft,1112970,2467,0.3,seconds,normal,8,2492,4,8,0,0,0,1,0.16875109299993105,0.9998183787113254,0.5694391439730151,8.081725479066366e-05,1.1970071651527574,0.0,1.0874788599999192,0.0008559329999116017,0.12668936199997916,1.989822211000046,1.1162098360000527,1.1192517589997806,1.984540;2.005676;1.989822,1.123987;1.071940;1.116210,1.147145;1.119252;1.078359,,threading,2026-10-03T11:36:24+00:00
L4-00228,L4,n2-standard-4,Linux,6.1.0-53-cloud-amd64,x86_64,Intel(R) Xeon(R) CPU @ 2.80GHz,intel,4,2,2800,16.8,3.14.6,CPython,1,forkserver,2.5.3,recursive,rec_quicksort,85,114,0.3,seconds,normal,25351,133,4,2,1,8,0,0,7.059194042072536e-05,0.999964121115417,0.2314058727708008,0.054320648903801665,0.9778810349574002,0.0,0.10233718199970099,0.0013355820033211785,0.04337780000014391,1.7870222360002117,1.8062703599998713,0.9107850850000432,1.787022;1.787731;1.773308,1.804579;1.808570;1.806270,0.908245;0.916030;0.910785,,multiprocessing,2026-10-03T11:36:38+00:00
L4-00229,L4,n2-standard-4,Linux,6.1.0-53-cloud-amd64,x86_64,Intel(R) Xeon(R) CPU @ 2.80GHz,intel,4,2,2800,16.8,3.14.6,CPython,1,forkserver,2.5.3,numpy,np_linalg_solve,373,3780,0.8,ms,normal,11,3802.3333333333335,4,4,0,3,0,1,0.0020823083333804484,1.0,0.9125948449320791,0.0057549914512728395,0.5318652211163315,0.0,0.020692263999990246,0.0002567719998296525,0.06158946999994441,0.03613164999978835,0.026414714000111417,0.022996248000254127,0.036132;0.036011;0.036473,0.028090;0.026415;0.025862,0.086038;0.022815;0.022996,,multiprocessing,2026-10-03T11:36:39+00:00
L4-00230,L4,n2-standard-4,Linux,6.1.0-53-cloud-amd64,x86_64,Intel(R) Xeon(R) CPU @ 2.80GHz,intel,4,2,2800,16.8,3.14.6,CPython,1,forkserver,2.5.3,io,io_sleep_chunks,2420,472426,0.0,seconds,big,413,472449,4,4,1,1,1,0,0.0026758984737458185,0.011223444943208191,0.004565965495375492,0.034604687905172814,1.8554918452424074,0.0,0.08037997800010999,0.0020683609986917872,0.06158946999994441,1.1102935910002998,0.2827074609999727,0.35846321300005,1.110294;1.109817;1.115483,0.282707;0.282739;0.281185,0.358009;0.358463;0.360478,,threading,2026-10-03T11:36:46+00:00
L4-00231,L4,n2-standard-4,Linux,6.1.0-53-cloud-amd64,x86_64,Intel(R) Xeon(R) CPU @ 2.80GHz,intel,4,2,2800,16.8,3.14.6,CPython,1,forkserver,2.5.3,db,db_file_commit,2,1736,0.0,ms,normal,13,1758,4,4,1,0,1,0,0.006083318000037252,0.11793048470325787,0.17371952251116135,0.0018084976953869068,1.107417400187524,0.0,0.03438609800014092,0.00020088100018256227,0.06158946999994441,0.07368936599959852,0.0322081999997863,0.03334375199983697,0.071567;0.073689;0.083738,0.032174;0.032208;0.034172,0.031978;0.033344;0.038902,,threading,2026-10-03T11:36:47+00:00
L4-00232,L4,n2-standard-4,Linux,6.1.0-53-cloud-amd64,x86_64,Intel(R) Xeon(R) CPU @ 2.80GHz,intel,4,2,2800,16.8,3.14.6,CPython,1,forkserver,2.5.3,cpu,cpu_collatz,386,1908,0.0,seconds,normal,320,1931,4,2,2,5,0,0,0.0013844179459590884,0.9999595118640017,0.011186562836812282,0.002908839735113534,0.9862192826773029,0.0,0.10413108400007332,0.000920075999601977,0.04337780000014391,0.44138082000017675,0.44655643599980976,0.23083355500011749,0.440119;0.443587;0.441381,0.446556;0.445707;0.446982,0.230834;0.227048;0.236420,,multiprocessing,2026-10-03T11:36:51+00:00
L4-00233,L4,n2-standard-4,Linux,6.1.0-53-cloud-amd64,x86_64,Intel(R) Xeon(R) CPU @ 2.80GHz,intel,4,2,2800,16.8,3.14.6,CPython,1,forkserver,2.5.3,big_result,result_matrix_lists,60,469,0.0,ms,normal,205,491,4,4,2,5,0,0,0.0004357415882266508,1.0,0.37697654082162646,0.21807776123085112,0.9823592403554283,0.0,0.04713467200008381,0.002211105000696989,0.06158946999994441,0.09114179200014405,0.09203282499993293,0.07282592799992926,0.091394;0.090372;0.091142,0.092033;0.090985;0.092717,0.072826;0.068804;0.076414,,multiprocessing,2026-10-03T11:36:52+00:00
L4-00234,L4,n2-standard-4,Linux,6.1.0-53-cloud-amd64,x86_64,Intel(R) Xeon(R) CPU @ 2.80GHz,intel,4,2,2800,16.8,3.14.6,CPython,1,forkserver,2.5.3,io,io_file_roundtrip,1,807,0.3,seconds,normal,3151,829,4,4,1,0,1,0,0.001174012651137123,0.09392449159485464,0.13082663733542246,0.0032380826889250773,1.601182505340627,0.0,0.08216077499992025,0.0004377490013212082,0.06158946999994441,3.597099008999976,2.05152525099993,1.358519473999877,3.597099;3.693473;3.518367,1.431938;2.275509;2.051525,1.358519;2.107807;1.333522,,multiprocessing,2026-10-03T11:37:14+00:00
L4-00235,L4,n2-standard-4,Linux,6.1.0-53-cloud-amd64,x86_64,Intel(R) Xeon(R) CPU @ 2.80GHz,intel,4,2,2800,16.8,3.14.6,CPython,1,forkserver,2.5.3,numpy,np_fft,6523,466460,0.3,ms,big,97,466483,4,2,0,0,0,1,0.001140319124999678,0.9994790469001474,0.3378966400611137,0.08764156264164442,1.5475097901434371,0.0,0.04692388000012215,0.0023435190000782313,0.04337780000014391,0.10252352600036829,0.06283125700019809,0.10357245499972123,0.103016;0.102524;0.102303,0.069151;0.062831;0.058714,0.102661;0.103572;0.110466,,threading,2026-10-03T11:37:16+00:00
L4-00236,L4,n2-standard-4,Linux,6.1.0-53-cloud-amd64,x86_64,Intel(R) Xeon(R) CPU @ 2.80GHz,intel,4,2,2800,16.8,3.14.6,CPython,1,forkserver,2.5.3,numpy,np_sort,25645,665,0.8,seconds,normal,1945,688,4,2,0,3,0,1,0.0006176522317451688,0.9995103414760409,0.48141812467427014,0.007001269996821029,1.7915225882347567,0.0,0.07981796699959887,0.0006015199965077045,0.04337780000014391,1.2097725369999353,0.6513950939997812,0.6033564519998436,1.209773;1.208389;1.230598,0.643120;0.651395;0.819268,0.603356;0.602017;0.772581,,multiprocessing,2026-10-03T11:37:24+00:00
L4-00237,L4,n2-standard-4,Linux,6.1.0-53-cloud-amd64,x86_64,Intel(R) Xeon(R) CPU @ 2.80GHz,intel,4,2,2800,16.8,3.14.6,CPython,1,forkserver,2.5.3,cpu,cpu_count_primes,161,1586752,0.8,ms,big,105,1586774.15,4,2,2,4,0,0,2.7926923079436303e-05,1.0,0.7408762244050437,12.231863104668726,0.8298886475532024,9.5,0.009249992000150087,0.007558310000149504,0.04337780000014391,0.0027588879997892946,0.003063450999889028,0.13372765499980233,0.002767;0.002754;0.002759,0.003184;0.002953;0.003063,0.133728,,sequential,2026-10-03T11:37:25+00:00
L4-00238,L4,n2-standard-4,Linux,6.1.0-53-cloud-amd64,x86_64,Intel(R) Xeon(R) CPU @ 2.80GHz,intel,4,2,2800,16.8,3.14.6,CPython,1,forkserver,2.5.3,big_result,result_long_string,154,1559349,0.8,ms,big,8,1559371,4,2,1,1,0,0,0.02199095299996164,0.9995468930214586,0.185543394839072,0.017022227276158375,1.029566417910831,0.0,0.12315965399966444,0.0013317299999471288,0.04337780000014391,0.16397665299973596,0.1670255859999088,0.11656480999999985,0.163977;0.165758;0.163526,0.167816;0.166605;0.167026,0.119385;0.112191;0.116565,,multiprocessing,2026-10-03T11:37:27+00:00
L4-00239,L4,n2-standard-4,Linux,6.1.0-53-cloud-amd64,x86_64,Intel(R) Xeon(R) CPU @ 2.80GHz,intel,4,2,2800,16.8,3.14.6,CPython,1,forkserver,2.5.3,algo_rec,algo_lcs_memo,1,185,0.8,seconds,normal,344,204,4,8,1,10,0,0,0.0035362210666789904,0.9999565952084508,0.3578707838295174,0.0010369261219167125,1.2321503195162231,0.0,0.09684008200019889,0.00028678199987552944,0.12668936199997916,1.0406057760001204,1.08080771799996,0.5154538800002229,1.036885;1.041482;1.040606,1.085418;1.080098;1.080808,0.532380;0.515454;0.515361,,multiprocessing,2026-10-03T11:37:36+00:00
L4-00240,L4,n2-standard-4,Linux,6.1.0-53-cloud-amd64,x86_64,Intel(R) Xeon(R) CPU @ 2.80GHz,intel,4,2,2800,16.8,3.14.6,CPython,1,forkserver,2.5.3,io,io_file_roundtrip,3,525643,0.0,seconds,big,138,525665,4,4,1,0,1,0,0.009796066333365161,0.1910916196174983,0.06479349235991137,0.010563951191979807,1.7365322137288017,0.0,0.09263267400001496,0.0008435429995188315,0.06158946999994441,1.5281201759999021,1.488437008999881,1.4905667580001136,1.433141;1.528120;1.528533,1.488437;1.489389;1.486617,1.490308;1.493139;1.490567,,threading,2026-10-03T11:37:50+00:00
L4-00241,L4,n2-standard-4,Linux,6.1.0-53-cloud-amd64,x86_64,Intel(R) Xeon(R) CPU @ 2.80GHz,intel,4,2,2800,16.8,3.14.6,CPython,1,forkserver,2.5.3,big_payload,big_reverse,3,211928,0.0,ms,big,943,211950,4,4,0,0,0,0,0.0001053464510655334,1.0,0.051562682285754564,0.6025722685903829,0.5068880056927818,0.0,0.07603221200042753,0.0022738480001862627,0.06158946999994441,0.18605556300008175,0.10874806800029546,0.672366828000122,0.188702;0.181806;0.186056,0.114744;0.108498;0.108748,0.672367,,threading,2026-10-03T11:37:53+00:00
L4-00242,L4,n2-standard-4,Linux,6.1.0-53-cloud-amd64,x86_64,Intel(R) Xeon(R) CPU @ 2.80GHz,intel,4,2,2800,16.8,3.14.6,CPython,1,forkserver,2.5.3,db,db_mem_insert_select,48,1977,0.3,ms,normal,64,1999,4,2,1,1,1,0,0.00013671468749976157,1.0,0.2591644771750631,0.027825740796845622,0.7155636958512722,0.0,0.005384955999943486,0.0002720609995776613,0.04337780000014391,0.008161229000052117,0.009969623999950272,0.00807804899977782,0.008085;0.008219;0.008161,0.009970;0.010509;0.009818,0.008078;0.011540;0.006775,,multiprocessing,2026-10-03T11:37:53+00:00
L4-00243,L4,n2-standard-4,Linux,6.1.0-53-cloud-amd64,x86_64,Intel(R) Xeon(R) CPU @ 2.80GHz,intel,4,2,2800,16.8,3.14.6,CPython,1,forkserver,2.5.3,gil_release,gil_zlib,12,115986,0.0,seconds,big,11,116008,4,2,1,1,0,1,0.03350537666650174,0.9997725207488305,0.004454621659259356,0.001145348511285184,1.4774041612072082,0.0,0.16913537599975825,0.0007299270005205472,0.04337780000014391,0.3683113400002185,0.20228294500020638,0.20730036500026472,0.368301;0.368311;0.369083,0.202133;0.202835;0.202283,0.207300;0.210435;0.205179,,threading,2026-10-03T11:37:56+00:00
L4-00244,L4,n2-standard-4,Linux,6.1.0-53-cloud-amd64,x86_64,Intel(R) Xeon(R) CPU @ 2.80GHz,intel,4,2,2800,16.8,3.14.6,CPython,1,forkserver,2.5.3,cpu,cpu_collatz,213,1074,0.0,ms,normal,36,1096,4,8,2,5,0,0,0.0006529858887915907,1.0,0.016771230893066237,0.007675340194921191,0.9358835586075589,0.0,0.012420640000073035,0.0002204760007771256,0.12668936199997916,0.023341555000115477,0.02442817900009686,0.013405622999925981,0.023339;0.023342;0.023398,0.024110;0.024429;0.024428,0.020147;0.013406;0.013257,,multiprocessing,2026-10-03T11:37:57+00:00
L4-00245,L4,n2-standard-4,Linux,6.1.0-53-cloud-amd64,x86_64,Intel(R) Xeon(R) CPU @ 2.80GHz,intel,4,2,2800,16.8,3.14.6,CPython,1,forkserver,2.5.3,db,db_file_commit,1,1056247,0.0,seconds,big,189,1056269,4,2,1,0,1,0,0.012291763800112676,0.309642135532484,0.09899436067998414,0.026291588855209234,1.6634937664290461,0.5,0.0986175819998607,0.001838765999309544,0.04337780000014391,2.785699354999906,2.817569107000054,2.814054078999561,2.680193;2.785699;2.786114,2.802054;2.817569;2.819616,2.807814;2.814914;2.814054,,sequential,2026-10-03T11:38:23+00:00
L4-00246,L4,n2-standard-4,Linux,6.1.0-53-cloud-amd64,x86_64,Intel(R) Xeon(R) CPU @ 2.80GHz,intel,4,2,2800,16.8,3.14.6,CPython,1,forkserver,2.5.3,mixed,mixed_json_roundtrip,44,1344,0.0,ms,normal,8,1366,4,8,1,1,1,0,0.0015473266665442982,0.948192224700914,0.03533326915436527,0.004846207853207083,0.9515206899149877,0.0,0.009635737000280642,0.0001799990004656138,0.12668936199997916,0.012095491000309266,0.012408995999976469,0.008878502000243316,0.012095;0.012013;0.012211,0.012920;0.012409;0.012354,0.009686;0.006775;0.008879,,multiprocessing,2026-10-03T11:38:24+00:00
L4-00247,L4,n2-standard-4,Linux,6.1.0-53-cloud-amd64,x86_64,Intel(R) Xeon(R) CPU @ 2.80GHz,intel,4,2,2800,16.8,3.14.6,CPython,1,forkserver,2.5.3,mixed,mixed_parse_lines,77,6538,0.3,seconds,normal,90,6560,4,8,2,3,1,0,0.02524842466679426,0.9647587646325246,0.14653380043887623,0.00046309159388062377,1.1045955520938096,0.0,0.14412209900001471,0.00023066799940352212,0.12668936199997916,2.13417849499956,2.12299670099992,1.0986510120001185,2.134178;2.127550;2.137573,2.132050;2.122997;2.116818,1.111828;1.097388;1.098651,,multiprocessing,2026-10-03T11:38:43+00:00
L4-00248,L4,n2-standard-4,Linux,6.1.0-53-cloud-amd64,x86_64,Intel(R) Xeon(R) CPU @ 2.80GHz,intel,4,2,2800,16.8,3.14.6,CPython,1,forkserver,2.5.3,db,db_mem_group_by,26,27,0.0,seconds,normal,17599,46,4,8,1,2,1,0,0.00013842329721885308,0.9999594865578759,0.09163101535920222,0.021129030276365587,0.8260114699817888,0.0,0.11177355000017997,0.0015657220010325545,0.12668936199997916,2.3864309099999446,5.931384690000868,0.9862769380001737,2.386431,5.931385,0.986277,threading,multiprocessing,2026-10-03T11:38:52+00:00
L4-00249,L4,n2-standard-4,Linux,6.1.0-53-cloud-amd64,x86_64,Intel(R) Xeon(R) CPU @ 2.80GHz,intel,4,2,2800,16.8,3.14.6,CPython,1,forkserver,2.5.3,big_result,result_records,277,379,0.8,seconds,normal,41045,401.65,4,2,1,2,0,0,0.00013333612834082396,0.9999782581191662,1.0158928497398767,0.9951803884390825,0.648705330138817,0.0,0.13149223999971582,0.0044737930002156645,0.0770807999997487,9.790804033999848,10.157389643999977,12.536724335000144,9.915801;9.607371;9.790804,10.157390;10.396073;9.265362,12.781989;12.536724;12.271442,,sequential,2026-10-03T11:40:30+00:00
L4-00250,L4,n2-standard-4,Linux,6.1.0-53-cloud-amd64,x86_64,Intel(R) Xeon(R) CPU @ 2.80GHz,intel,4,2,2800,16.8,3.14.6,CPython,1,forkserver,2.5.3,recursive,rec_nqueens,2,478,0.8,seconds,normal,8695,500,4,2,1,10,0,0,0.0003425405821865889,0.9999667440898411,0.4344074806308422,0.010206235867808484,1.0206715676052938,0.5,0.10039620599991395,0.001454787000966462,0.0770807999997487,2.936838858000101,2.9782745309998973,1.5045865920001233,2.937068;2.936839;2.932427,2.978275;2.980399;2.970225,1.503150;1.505105;1.504587,,multiprocessing,2026-10-03T11:40:53+00:00
L4-00251,L4,n2-standard-4,Linux,6.1.0-53-cloud-amd64,x86_64,Intel(R) Xeon(R) CPU @ 2.80GHz,intel,4,2,2800,16.8,3.14.6,CPython,1,forkserver,2.5.3,numpy,np_linalg_solve,13,1979310,0.0,seconds,big,101,1979332,4,2,0,3,0,1,0.004848503454509641,0.9996927364514411,0.45513983366140265,0.09034214080898854,1.134104291676861,0.0,0.09940267900037725,0.005719850000787119,0.0770807999997487,0.4098667299999761,0.48134854899990387,0.44398660900014875,0.419910;0.406721;0.409867,0.503778;0.468702;0.481349,0.491642;0.443987;0.435414,,sequential,2026-10-03T11:40:58+00:00
L4-00252,L4,n2-standard-4,Linux,6.1.0-53-cloud-amd64,x86_64,Intel(R) Xeon(R) CPU @ 2.80GHz,intel,4,2,2800,16.8,3.14.6,CPython,1,forkserver,2.5.3,cpu,cpu_collatz,243,1930,0.0,ms,normal,23,1952,4,2,2,5,0,0,0.0007834160000129486,1.0,0.011790839027832312,0.009601540080171637,0.9192146494701922,0.5,0.009044008000273607,0.0008063550003498676,0.0770807999997487,0.017932500999904732,0.01843194200000653,0.011977213000136544,0.017919;0.017933;0.018032,0.018432;0.018305;0.018439,0.013314;0.011811;0.011977,,multiprocessing,2026-10-03T11:40:59+00:00
L4-00253,L4,n2-standard-4,Linux,6.1.0-53-cloud-amd64,x86_64,Intel(R) Xeon(R) CPU @ 2.80GHz,intel,4,2,2800,16.8,3.14.6,CPython,1,forkserver,2.5.3,big_result,result_records,161,101,0.0,ms,normal,1573,120,4,2,1,2,0,0,8.552817811246325e-05,1.0,6.224085338852509,0.8009868969992071,1.454936666928588,0.0,0.05922914199982188,0.00227747200142403,0.0770807999997487,0.16696358099989084,0.1715916550001566,0.2000357219999387,0.172781;0.166964;0.165258,0.171764;0.169988;0.171592,0.233514;0.196966;0.200036,,sequential,2026-10-03T11:41:01+00:00
L4-00254,L4,n2-standard-4,Linux,6.1.0-53-cloud-amd64,x86_64,Intel(R) Xeon(R) CPU @ 2.80GHz,intel,4,2,2800,16.8,3.14.6,CPython,1,forkserver,2.5.3,big_result,result_long_string,5985,161,0.8,ms,normal,8,181,4,2,1,1,0,0,0.0013325143333228577,1.0,0.4016030636518447,0.06387198326807296,0.5343996497972785,0.0,0.011623495000094408,0.000913397000203986,0.0770807999997487,0.012102333999791881,0.012890671999684855,0.04117611400033638,0.011991;0.012102;0.012214,0.013344;0.012891;0.012870,0.015480;0.055389;0.041176,,sequential,2026-10-03T11:41:02+00:00
L4-00255,L4,n2-standard-4,Linux,6.1.0-53-cloud-amd64,x86_64,Intel(R) Xeon(R) CPU @ 2.80GHz,intel,4,2,2800,16.8,3.14.6,CPython,1,forkserver,2.5.3,big_payload,big_reverse,3,1445138,0.8,ms,big,36,1445160,4,8,0,0,0,0,0.0007261786667590463,1.0,0.038531358556032014,0.7614101088789995,0.913199248891534,0.0,0.019271864000074856,0.005511526999271155,0.06839582000020528,0.025974168999709946,0.03628644999980679,0.219116023999959,0.050537;0.025807;0.025974,0.039338;0.035191;0.036286,0.219116,,sequential,2026-10-03T11:41:03+00:00
L4-00256,L4,n2-standard-4,Linux,6.1.0-53-cloud-amd64,x86_64,Intel(R) Xeon(R) CPU @ 2.80GHz,intel,4,2,2800,16.8,3.14.6,CPython,1,forkserver,2.5.3,big_result,result_long_string,843,268,0.3,ms,normal,53,291,4,2,1,1,0,0,0.00019639561546332866,1.0,0.19117150457708604,0.044858826840125675,0.7680922991039595,0.0,0.006192628999997396,0.00031969499877959606,0.0770807999997487,0.009802401000342797,0.010355200999583758,0.01404531699972722,0.009802;0.009937;0.009753,0.010355;0.010226;0.010414,0.018030;0.014045;0.013445,,sequential,2026-10-03T11:41:04+00:00
L4-00257,L4,n2-standard-4,Linux,6.1.0-53-cloud-amd64,x86_64,Intel(R) Xeon(R) CPU @ 2.80GHz,intel,4,2,2800,16.8,3.14.6,CPython,1,forkserver,2.5.3,db,db_mem_insert_select,273,73,0.0,seconds,normal,1659,93,4,2,1,1,1,0,0.0002988924491078278,0.9999719619760842,0.044435093102091185,0.00981105414569287,0.46854536867364244,0.0,0.15753149900001517,0.0012145109990342462,0.0770807999997487,0.4925628159999178,0.9793428319999293,0.23097154200013392,0.495669;0.492563;0.490797,0.979343;0.990974;0.958863,0.226694;0.230972;0.233790,,multiprocessing,2026-10-03T11:41:10+00:00
L4-00258,L4,n2-standard-4,Linux,6.1.0-53-cloud-amd64,x86_64,Intel(R) Xeon(R) CPU @ 2.80GHz,intel,4,2,2800,16.8,3.14.6,CPython,1,forkserver,2.5.3,tiny,tiny_len,599,19,0.8,ms,normal,200000,38.8,4,4,0,0,0,0,1.433289983197028e-07,1.0,3.647627631826569,21.482044569736697,0.5539616543565964,0.0,0.004355542000212154,0.0027233400037403044,0.06324878500026898,0.012900542999886966,0.022395986999981687,0.0702064550000614,0.012794;0.012901;0.013194,0.023641;0.022396;0.021640,0.070206,,sequential,2026-10-03T11:41:11+00:00
L4-00259,L4,n2-standard-4,Linux,6.1.0-53-cloud-amd64,x86_64,Intel(R) Xeon(R) CPU @ 2.80GHz,intel,4,2,2800,16.8,3.14.6,CPython,1,forkserver,2.5.3,io,io_sleep_return_payload,1433,3385,0.8,seconds,normal,2964,3408,4,4,0,1,1,0,0.001518594969638798,0.0071437570619214946,0.39202453709189483,0.0029297476763050587,1.8422973728547596,0.0,0.07834862499976225,0.0007471150015589956,0.06324878500026898,4.521906711000156,1.1466486310000619,1.194712270999844,4.512540;4.521907;4.523157,1.145488;1.148262;1.146649,1.176027;1.194712;1.195277,,threading,2026-10-03T11:41:32+00:00
L4-00260,L4,n2-standard-4,Linux,6.1.0-53-cloud-amd64,x86_64,Intel(R) Xeon(R) CPU @ 2.80GHz,intel,4,2,2800,16.8,3.14.6,CPython,1,forkserver,2.5.3,db,db_file_lookup,23,18,0.3,seconds,normal,1282,37,4,8,1,5,1,0,0.000299734622761256,0.9999500324750331,0.12029864966210566,0.009906763727540723,0.5874273026011291,12.3,0.13665176700033044,0.0015499159994760703,0.06839582000020528,0.3806472650003343,2.02685630499991,0.20537126099998204,0.380647,2.026856,0.205371,threading,multiprocessing,2026-10-03T11:41:35+00:00
L4-00261,L4,n2-standard-4,Linux,6.1.0-53-cloud-amd64,x86_64,Intel(R) Xeon(R) CPU @ 2.80GHz,intel,4,2,2800,16.8,3.14.6,CPython,1,forkserver,2.5.3,algo_rec,algo_sudoku,18,54,0.0,ms,normal,15,73,4,8,3,28,0,0,0.1349323203333673,0.9998482497365412,1.2326972473419169,8.627535106309084e-05,18.66966470111391,0.0,0.43767939899998964,0.0023258799997165625,0.11958249200006321,0.517524801000036,0.5245293240000137,0.45303530699993644,0.540839;0.517525;0.516161,0.523334;0.525259;0.524529,0.454354;0.453035;0.440643,,multiprocessing,2026-10-03T11:41:41+00:00
L4-00262,L4,n2-standard-4,Linux,6.1.0-53-cloud-amd64,x86_64,Intel(R) Xeon(R) CPU @ 2.80GHz,intel,4,2,2800,16.8,3.14.6,CPython,1,forkserver,2.5.3,recursive,rec_nqueens,6,1569,0.0,seconds,normal,494,1591,4,2,1,10,0,0,0.0009870005882315607,0.9999564962838589,0.012436747318263162,0.004742601065911355,0.9684289984004926,0.0,0.10369745000025432,0.0013307630001690995,0.04288403400005336,0.48686073199996827,0.4990227009998307,0.25990995599977396,0.486128;0.486861;0.488108,0.499110;0.495432;0.499023,0.262805;0.259910;0.253808,,multiprocessing,2026-10-03T11:41:45+00:00
L4-00263,L4,n2-standard-4,Linux,6.1.0-53-cloud-amd64,x86_64,Intel(R) Xeon(R) CPU @ 2.80GHz,intel,4,2,2800,16.8,3.14.6,CPython,1,forkserver,2.5.3,text,text_split_count,12,401,0.0,ms,normal,223,423,4,2,1,1,0,0,0.00028265976360754313,1.0,0.08727655826086889,0.010989360294071665,0.9682675739109298,0.0,0.03268006300004345,0.0010326880014872586,0.04288403400005336,0.061184775000128866,0.06207073199993829,0.03451754800016715,0.061185;0.061200;0.060768,0.061637;0.062071;0.062129,0.040580;0.034518;0.032278,,multiprocessing,2026-10-03T11:41:46+00:00
L4-00264,L4,n2-standard-4,Linux,6.1.0-53-cloud-amd64,x86_64,Intel(R) Xeon(R) CPU @ 2.80GHz,intel,4,2,2800,16.8,3.14.6,CPython,1,forkserver,2.5.3,gil_release,gil_sha256,98,16033,0.8,ms,normal,8,16055,4,8,1,1,0,1,0.004367619333303689,1.0,0.5468531121456118,0.0026552222047534287,0.8645841975167342,0.0,0.025219942999683553,0.000626049999937095,0.11958249200006321,0.031611941999926785,0.017276575000323646,0.018990325000231678,0.031805;0.031612;0.031516,0.017311;0.017277;0.016122,0.018990;0.017615;0.019253,,threading,2026-10-03T11:41:47+00:00
L4-00265,L4,n2-standard-4,Linux,6.1.0-53-cloud-amd64,x86_64,Intel(R) Xeon(R) CPU @ 2.80GHz,intel,4,2,2800,16.8,3.14.6,CPython,1,forkserver,2.5.3,algo_rec,algo_sudoku,4,41,0.0,seconds,normal,4543,60,4,2,3,28,0,0,0.005833079444427212,0.9999748307418801,1.8456440419477653,0.0009268212953163804,2.3744866574834393,0.0,0.07727751599986732,0.00032098099973154604,0.04288403400005336,14.558903333999751,14.808481017999839,7.60309681300032,14.558903;14.558751;14.570812,14.770642;14.808481;14.927612,7.603097;7.596019;7.612583,,multiprocessing,2026-10-03T11:43:39+00:00
L4-00266,L4,n2-standard-4,Linux,6.1.0-53-cloud-amd64,x86_64,Intel(R) Xeon(R) CPU @ 2.80GHz,intel,4,2,2800,16.8,3.14.6,CPython,1,forkserver,2.5.3,db,db_mem_group_by,9470,416,0.8,seconds,normal,18,439,4,2,1,2,1,0,0.005875085249954282,1.0,0.7086711824037492,0.001108749850468566,0.22938344231985494,0.0,0.14712891199997102,0.0008246709999184532,0.04288403400005336,0.1543038400000114,0.322394026999973,0.0772582549998333,0.153608;0.154304;0.154577,0.322394;0.322786;0.308603,0.079873;0.077258;0.074710,,multiprocessing,2026-10-03T11:43:41+00:00
L4-00267,L4,n2-standard-4,Linux,6.1.0-53-cloud-amd64,x86_64,Intel(R) Xeon(R) CPU @ 2.80GHz,intel,4,2,2800,16.8,3.14.6,CPython,1,forkserver,2.5.3,algo_iter,algo_edit_distance,1346,42,0.8,ms,normal,309,62,4,4,2,16,0,0,0.00022142764937716376,1.0,0.5148698103660793,0.01408925241975929,0.9211234459916672,0.0,0.037115258000085305,0.0013313829981598246,0.06383201500011637,0.06879789899994648,0.0703320839998014,0.04331624699989334,0.068796;0.068798;0.069154,0.070728;0.070332;0.070222,0.042306;0.046705;0.043316,,multiprocessing,2026-10-03T11:43:42+00:00
L4-00268,L4,n2-standard-4,Linux,6.1.0-53-cloud-amd64,x86_64,Intel(R) Xeon(R) CPU @ 2.80GHz,intel,4,2,2800,16.8,3.14.6,CPython,1,forkserver,2.5.3,gil_release,gil_numpy_matmul,108,3216,0.0,ms,normal,181,3238,4,4,0,2,0,1,8.717186664297414e-05,1.0,0.28797048323515684,0.04937028648499425,1.0077269837442262,0.0,0.008744555999783188,0.0009816820011110394,0.06383201500011637,0.015231837000101223,0.019230511999921873,0.08366231099989818,0.015280;0.015232;0.014977,0.019964;0.019231;0.018818,0.083662,,sequential,2026-10-03T11:43:43+00:00
L4-00269,L4,n2-standard-4,Linux,6.1.0-53-cloud-amd64,x86_64,Intel(R) Xeon(R) CPU @ 2.80GHz,intel,4,2,2800,16.8,3.14.6,CPython,1,forkserver,2.5.3,mixed,mixed_hash_then_write,97586,27821,0.8,seconds,normal,522,27845.2,4,2,1,3,1,0,0.0017661554827319724,0.9999650144130026,0.026603437830419394,0.004474379583784769,0.9738363606866223,0.0,0.10511787599989475,0.0011157200005982304,0.04288403400005336,0.9034817380002096,0.9148928140002681,0.49135028499995315,0.903482;0.910362;0.898412,0.917343;0.913224;0.914893,0.705942;0.491350;0.486402,,multiprocessing,2026-10-03T11:43:51+00:00
L4-00270,L4,n2-standard-4,Linux,6.1.0-53-cloud-amd64,x86_64,Intel(R) Xeon(R) CPU @ 2.80GHz,intel,4,2,2800,16.8,3.14.6,CPython,1,forkserver,2.5.3,big_payload,big_checksum_head,1229,3350215,0.3,ms,big,59,3350238,4,4,1,1,0,0,3.403328573118155e-05,1.0,0.173023899669578,21.684296455862835,0.5625203333389635,1.0,0.012272842999664135,0.01090573399915229,0.06383201500011637,0.0019047710002269014,0.0023141329997997673,0.23376185400002214,0.001933;0.001905;0.001884,0.002479;0.002314;0.002257,0.233762,,sequential,2026-10-03T11:43:52+00:00
L4-00271,L4,n2-standard-4,Linux,6.1.0-53-cloud-amd64,x86_64,Intel(R) Xeon(R) CPU @ 2.80GHz,intel,4,2,2800,16.8,3.14.6,CPython,1,forkserver,2.5.3,text,text_format_report,850,234,0.3,seconds,normal,1343,254,4,8,1,2,0,0,0.0010874759999790107,0.9999675797858363,0.18518065503543263,0.002899558272700305,1.0394226847045684,0.0,0.10156691699967269,0.0009366240005874715,0.11958249200006321,1.3966809720000128,1.4134117859998696,0.7308117550001043,1.442545;1.378916;1.396681,1.416109;1.410667;1.413412,0.732421;0.717451;0.730812,,multiprocessing,2026-10-03T11:44:03+00:00
L4-00272,L4,n2-standard-4,Linux,6.1.0-53-cloud-amd64,x86_64,Intel(R) Xeon(R) CPU @ 2.80GHz,intel,4,2,2800,16.8,3.14.6,CPython,1,forkserver,2.5.3,big_result,result_long_string,501,61,0.0,ms,normal,1690,81,4,8,1,1,0,0,0.00010705368720371302,0.9999833155013299,0.04837224177228994,0.06769407156924928,0.9626892987539766,0.0,0.09379064900031153,0.0014965120003580523,0.11958249200006321,0.17282837399989148,0.18114126699992994,0.2480668829998649,0.183587;0.172828;0.171866,0.191650;0.180690;0.181141,0.240974;0.248067;0.374815,,sequential,2026-10-03T11:44:06+00:00
L4-00273,L4,n2-standard-4,Linux,6.1.0-53-cloud-amd64,x86_64,Intel(R) Xeon(R) CPU @ 2.80GHz,intel,4,2,2800,16.8,3.14.6,CPython,1,forkserver,2.5.3,recursive,rec_fib,3894,306,0.3,ms,normal,29,329,4,4,0,4,0,0,0.00033201528568887236,1.0,0.23404284321305896,0.016112855023761887,0.945258125812943,0.0,0.005592602999968221,0.0006620170001951919,0.06383201500011637,0.008772131000114314,0.009331469000244397,0.005650788999901124,0.008751;0.008790;0.008772,0.009256;0.009376;0.009331,0.005651;0.006704;0.005271,,multiprocessing,2026-10-03T11:44:06+00:00
L4-00274,L4,n2-standard-4,Linux,6.1.0-53-cloud-amd64,x86_64,Intel(R) Xeon(R) CPU @ 2.80GHz,intel,4,2,2800,16.8,3.14.6,CPython,1,forkserver,2.5.3,algo_rec,algo_flood_fill,6,356,0.0,ms,normal,104,378,4,8,3,10,0,0,0.002215347086941778,0.9994725521994792,0.20664414597432626,0.0014822056923457679,1.1813138396158809,0.0,0.09541486899979645,0.0012957950002601137,0.11958249200006321,0.2134669050001321,0.2225625369997033,0.12194742600013342,0.211950;0.213467;0.215517,0.221168;0.223120;0.222563,0.123138;0.121947;0.120453,,multiprocessing,2026-10-03T11:44:09+00:00
L4-00275,L4,n2-standard-4,Linux,6.1.0-53-cloud-amd64,x86_64,Intel(R) Xeon(R) CPU @ 2.80GHz,intel,4,2,2800,16.8,3.14.6,CPython,1,forkserver,2.5.3,recursive,rec_fib,2735,265,0.3,seconds,normal,2091,288,4,2,0,4,0,0,0.00022133091592515275,0.9999588131034323,0.21755905370691767,0.016587154001514223,0.9487938031221234,0.0,0.1035636860001432,0.0006767860008949356,0.04288403400005336,0.4738734669999758,0.48174626600030024,0.2572741710000628,0.473412;0.475219;0.473873,0.481746;0.480784;0.482305,0.257274;0.274805;0.252297,,multiprocessing,2026-10-03T11:44:13+00:00
L4-00276,L4,n2-standard-4,Linux,6.1.0-53-cloud-amd64,x86_64,Intel(R) Xeon(R) CPU @ 2.80GHz,intel,4,2,2800,16.8,3.14.6,CPython,1,forkserver,2.5.3,tiny,tiny_dict_lookup,158,52,0.0,ms,normal,96597,71,4,2,0,1,0,0,2.206829999522597e-07,1.0,0.893348169460679,14.692341604195581,0.44524452855636304,0.5,0.00525940499983335,0.0030612429995926504,0.04288403400005336,0.016085667999959696,0.020215442999869992,0.038689277000230504,0.016829;0.015670;0.016086,0.020617;0.020207;0.020215,0.041567;0.038689;0.038631,,sequential,2026-10-03T11:44:14+00:00
L4-00277,L4,n2-standard-4,Linux,6.1.0-53-cloud-amd64,x86_64,Intel(R) Xeon(R) CPU @ 2.80GHz,intel,4,2,2800,16.8,3.14.6,CPython,1,forkserver,2.5.3,mixed,mixed_json_roundtrip,2,440,0.8,ms,normal,883,462,4,8,1,1,1,0,0.00012475783636215388,0.5866925296404731,0.2402557478954755,0.025230078823936516,1.4414011558871251,0.0,0.047740337000050204,0.0011749430000236316,0.11958249200006321,0.11163456400026917,0.0981949409997469,0.039985803999570635,0.112062;0.111488;0.111635,0.098195;0.096849;0.098572,0.041997;0.039057;0.039986,,multiprocessing,2026-10-03T11:44:15+00:00
L4-00278,L4,n2-standard-4,Linux,6.1.0-53-cloud-amd64,x86_64,Intel(R) Xeon(R) CPU @ 2.80GHz,intel,4,2,2800,16.8,3.14.6,CPython,1,forkserver,2.5.3,algo_iter,algo_edit_distance,122,1604,0.0,ms,normal,413,1626,4,4,2,16,0,0,2.531303880018243e-05,0.9935837420861559,0.19943962080823174,0.12814344457528115,0.859669405157254,0.0,0.0061425059998327924,0.0004162540035395068,0.06383201500011637,0.010412019999876065,0.010990290000336245,0.008484941999995499,0.010412;0.010443;0.010372,0.010990;0.010936;0.011199,0.012357;0.008485;0.007562,,multiprocessing,2026-10-03T11:44:16+00:00
L4-00279,L4,n2-standard-4,Linux,6.1.0-53-cloud-amd64,x86_64,Intel(R) Xeon(R) CPU @ 2.80GHz,intel,4,2,2800,16.8,3.14.6,CPython,1,forkserver,2.5.3,text,text_format_report,275,26,0.8,seconds,normal,2082,45.65,4,8,1,2,0,0,0.00031302941874002956,1.0,0.4868175115222464,0.009934529269349795,0.9648804691716671,0.0,0.10282541700007641,0.0005373950016291928,0.11958249200006321,0.6826756270002079,0.6985901419998299,0.3706922219998887,0.677609;0.683701;0.682676,0.699777;0.698408;0.698590,0.368499;0.375258;0.370692,,multiprocessing,2026-10-03T11:44:22+00:00
L4-00280,L4,n2-standard-4,Linux,6.1.0-53-cloud-amd64,x86_64,Intel(R) Xeon(R) CPU @ 2.80GHz,intel,4,2,2800,16.8,3.14.6,CPython,1,forkserver,2.5.3,big_payload,big_upper_copy,3,1041951,0.0,seconds,big,191,1041973,4,2,0,0,0,0,0.0009206652552881891,0.9999813113912182,0.09475740704496546,0.47349419072819243,1.0384340544817436,0.0,0.09482562900029734,0.009386068001731473,0.04288403400005336,0.17668318699998053,0.15321250699980737,1.3109136569996735,0.187164;0.176683;0.170754,0.188286;0.153213;0.153137,1.310914,,threading,2026-10-03T11:44:25+00:00
L4-00281,L4,n2-standard-4,Linux,6.1.0-53-cloud-amd64,x86_64,Intel(R) Xeon(R) CPU @ 2.80GHz,intel,4,2,2800,16.8,3.14.6,CPython,1,forkserver,2.5.3,big_result,result_matrix_lists,269,1294919,0.3,seconds,big,154,1294941.8,4,8,2,5,0,0,0.011073602400119852,0.9999717580076231,0.32274533668152466,0.21462352667989457,1.0823858425960697,0.0,0.11493286499990063,0.012546883999220881,0.11958249200006321,1.5365904880000016,1.561029635000068,1.1034157990002313,1.561534;1.536590;1.531162,1.609993;1.561030;1.556685,1.214568;1.088568;1.103416,,multiprocessing,2026-10-03T11:44:39+00:00
L4-00282,L4,n2-standard-4,Linux,6.1.0-53-cloud-amd64,x86_64,Intel(R) Xeon(R) CPU @ 2.80GHz,intel,4,2,2800,16.8,3.14.6,CPython,1,forkserver,2.5.3,gil_release,gil_zlib,1,21461,0.8,seconds,normal,2671,21483,4,8,1,1,0,1,0.00042825062710647415,0.9999736058040488,0.3032533848490396,0.015992621198642365,1.8292979503531717,0.0,0.07927943400000004,0.0009944600014932803,0.11958249200006321,1.1766018090002035,0.4569516620003924,0.4902737940001316,1.177178;1.176347;1.176602,0.460692;0.456952;0.456606,0.488510;0.490274;0.492971,,threading,2026-10-03T11:44:46+00:00
L4-00283,L4,n2-standard-4,Linux,6.1.0-53-cloud-amd64,x86_64,Intel(R) Xeon(R) CPU @ 2.80GHz,intel,4,2,2800,16.8,3.14.6,CPython,1,forkserver,2.5.3,db,db_file_lookup,51,803,0.8,seconds,normal,6904,825,4,4,1,5,1,0,0.0005352581808505846,0.9996656251448227,0.33544918561482234,0.005907242665229235,0.642433819105257,0.0,0.13024001599978874,0.0014580619999833289,0.06383201500011637,3.48150445400006,8.872096305000014,1.5744192610000027,3.481504,8.872096,1.574419,threading,multiprocessing,2026-10-03T11:45:01+00:00
L4-00284,L4,n2-standard-4,Linux,6.1.0-53-cloud-amd64,x86_64,Intel(R) Xeon(R) CPU @ 2.80GHz,intel,4,2,2800,16.8,3.14.6,CPython,1,forkserver,2.5.3,big_payload,big_checksum_head,8851,3548969,0.3,seconds,big,56,3548992,4,8,1,1,0,0,0.0002398442141904005,1.0,0.19980432532591277,5.513619408100617,0.8108643292552852,0.0,0.027042991000143957,0.01950804400121342,0.10384829400027229,0.013239546000022528,0.014196197999808646,0.2708937649999825,0.019103;0.013240;0.013204,0.014204;0.013965;0.014196,0.270894,,sequential,2026-10-03T11:45:03+00:00
L4-00285,L4,n2-standard-4,Linux,6.1.0-53-cloud-amd64,x86_64,Intel(R) Xeon(R) CPU @ 2.80GHz,intel,4,2,2800,16.8,3.14.6,CPython,1,forkserver,2.5.3,text,text_format_report,26,807,0.3,seconds,normal,133134,829,4,4,1,2,0,0,3.424162154893686e-05,0.9996677770162435,0.23600451995650218,0.10787602498064956,1.038034529720214,0.0,0.10108819400011271,0.0031235019973792078,0.06266640600006212,4.2335367040000165,4.285274708999623,2.273741849000089,4.214164;4.239973;4.233537,4.285275;4.271493;4.308097,2.332131;2.273742;2.269951,,multiprocessing,2026-10-03T11:45:37+00:00
L4-00286,L4,n2-standard-4,Linux,6.1.0-53-cloud-amd64,x86_64,Intel(R) Xeon(R) CPU @ 2.80GHz,intel,4,2,2800,16.8,3.14.6,CPython,1,forkserver,2.5.3,text,text_regex_findall,2,1184,0.3,seconds,normal,3092,1206,4,8,1,1,0,0,0.00014020127808849752,0.9999910070338998,0.18344940108285587,0.025259042344472807,0.9631981846443212,20.5,0.10319148799999311,0.0012671400004364841,0.10384829400027229,0.45037882599990553,0.46586608600000545,0.2505403729996942,0.436644;0.450379;0.450496,0.477631;0.465866;0.432583,0.265256;0.250540;0.230727,,multiprocessing,2026-10-03T11:45:41+00:00
L4-00287,L4,n2-standard-4,Linux,6.1.0-53-cloud-amd64,x86_64,Intel(R) Xeon(R) CPU @ 2.80GHz,intel,4,2,2800,16.8,3.14.6,CPython,1,forkserver,2.5.3,tiny,tiny_add,115,126,0.0,seconds,normal,200000,145,4,4,0,1,0,0,1.566279979670071e-07,1.0,2.457720915611363,19.7962691020354,0.6030890132406388,0.0,0.004481152000153088,0.0028772950040547585,0.06266640600006212,0.01748627300003136,0.01853209799992328,0.09625838500005557,0.016951;0.017563;0.017486,0.019595;0.018532;0.018440,0.096258,,sequential,2026-10-03T11:45:42+00:00
L4-00288,L4,n2-standard-4,Linux,6.1.0-53-cloud-amd64,x86_64,Intel(R) Xeon(R) CPU @ 2.80GHz,intel,4,2,2800,16.8,3.14.6,CPython,1,forkserver,2.5.3,big_payload,big_reverse,2,3019608,0.0,seconds,big,66,3019630,4,8,0,0,0,0,0.0015182501874733134,0.9992091651610416,0.014344342786284003,0.7519323128712186,0.5579494578182855,0.0,0.08672686799991425,0.018859028000406397,0.10384829400027229,0.15737188699995386,0.1529689750000216,1.795171315000971,0.159034;0.157372;0.157165,0.184731;0.146718;0.152969,1.795171,multiprocessing,threading,2026-10-03T11:45:46+00:00
L4-00289,L4,n2-standard-4,Linux,6.1.0-53-cloud-amd64,x86_64,Intel(R) Xeon(R) CPU @ 2.80GHz,intel,4,2,2800,16.8,3.14.6,CPython,1,forkserver,2.5.3,mixed,mixed_compute_then_sleep,1134,34,0.0,seconds,normal,29531,54,4,2,1,3,1,0,0.0001289773488465342,0.431596391624096,0.02995995862473613,0.027022575232669183,1.9202295729089844,0.5,0.07748572299988155,0.0013446449961520557,0.042484624000280746,3.8203417280001304,2.2433832629999415,2.004767186999743,3.815441;3.820342;3.821326,2.243383;2.509661;1.943458,2.004767;2.084439;1.980694,,multiprocessing,2026-10-03T11:46:10+00:00
L4-00290,L4,n2-standard-4,Linux,6.1.0-53-cloud-amd64,x86_64,Intel(R) Xeon(R) CPU @ 2.80GHz,intel,4,2,2800,16.8,3.14.6,CPython,1,forkserver,2.5.3,text,text_format_report,80,1136658,0.0,ms,big,175,1136680,4,8,1,2,0,0,0.00010459676744620421,1.0,0.08067166791236222,2.2872657137083023,0.9462396520969923,0.0,0.014431287999741471,0.0051246209995952086,0.06273819599982744,0.017396979999830364,0.01825758399991173,0.2765684019996115,0.031870;0.017397;0.017081,0.018318;0.018258;0.018087,0.276568,,sequential,2026-10-03T11:46:12+00:00
L4-00291,L4,n2-standard-4,Linux,6.1.0-53-cloud-amd64,x86_64,Intel(R) Xeon(R) CPU @ 2.80GHz,intel,4,2,2800,16.8,3.14.6,CPython,1,forkserver,2.5.3,tiny,tiny_add,17,380,0.0,seconds,normal,200000,402,4,8,0,1,0,0,1.9764650392062322e-07,1.0,1.3625792460285808,15.831294408818545,0.32176881238933674,0.0,0.00505869199969311,0.002682810991700535,0.06273819599982744,0.02675339300003543,0.02444169399996099,0.11654790000011417,0.026088;0.026753;0.027008,0.025256;0.024273;0.024442,0.116548;0.118468;0.115719,,threading,2026-10-03T11:46:13+00:00
L4-00292,L4,n2-standard-4,Linux,6.1.0-53-cloud-amd64,x86_64,Intel(R) Xeon(R) CPU @ 2.80GHz,intel,4,2,2800,16.8,3.14.6,CPython,1,forkserver,2.5.3,algo_rec,algo_lcs_memo,8,46,0.3,ms,normal,8,65,4,8,1,10,0,0,0.015838478999891475,0.9999844705905244,0.14417132665077498,0.0005332161821012403,0.7364593062720638,0.0,0.1067008530003477,0.0011670560006677988,0.06273819599982744,0.1382749370000056,0.14601978900009271,0.06958464300032574,0.137785;0.138547;0.138275,0.146800;0.144521;0.146020,0.069311;0.070729;0.069585,,multiprocessing,2026-10-03T11:46:15+00:00
L4-00293,L4,n2-standard-4,Linux,6.1.0-53-cloud-amd64,x86_64,Intel(R) Xeon(R) CPU @ 2.80GHz,intel,4,2,2800,16.8,3.14.6,CPython,1,forkserver,2.5.3,numpy,np_sort,6367,1287,0.3,ms,normal,209,1310,4,2,0,3,0,1,0.00015699655766463996,1.0,0.24085824509752515,0.029467524969456465,1.4262313585503696,0.0,0.014970568000080675,0.0010812220016305218,0.042484624000280746,0.03117901099994924,0.0214219099998445,0.022189950000210956,0.031179;0.031131;0.031566,0.021367;0.032376;0.021422,0.070219;0.022190;0.018395,,threading,2026-10-03T11:46:16+00:00
L4-00294,L4,n2-standard-4,Linux,6.1.0-53-cloud-amd64,x86_64,Intel(R) Xeon(R) CPU @ 2.80GHz,intel,4,2,2800,16.8,3.14.6,CPython,1,forkserver,2.5.3,big_payload,big_upper_copy,5,1574913,0.3,ms,big,25,1574935,4,4,0,0,0,0,0.0007518765000137743,0.9977444987782677,0.03561307943916394,0.8506935647048214,0.5878602647125882,0.0,0.01651123000010557,0.004346427000200492,0.06266640600006212,0.01844269200000781,0.025287929000114673,0.3619478900000104,0.018269;0.018489;0.018443,0.035656;0.025288;0.019091,0.361948,,sequential,2026-10-03T11:46:17+00:00
L4-00295,L4,n2-standard-4,Linux,6.1.0-53-cloud-amd64,x86_64,Intel(R) Xeon(R) CPU @ 2.80GHz,intel,4,2,2800,16.8,3.14.6,CPython,1,forkserver,2.5.3,io,io_sleep_return_payload,5811,191727,0.0,ms,big,22,191750,4,2,0,1,1,0,0.005914796800061595,0.005972221063140267,0.0016611926973159295,0.010080954932341108,1.6413204949738458,0.0,0.048623857000166026,0.0009476879999965604,0.042484624000280746,0.12980559399966296,0.07116162800002712,0.09290237499999421,0.129896;0.129806;0.129796,0.071085;0.071162;0.071404,0.092902;0.077702;0.093574,,threading,2026-10-03T11:46:19+00:00
L4-00296,L4,n2-standard-4,Linux,6.1.0-53-cloud-amd64,x86_64,Intel(R) Xeon(R) CPU @ 2.80GHz,intel,4,2,2800,16.8,3.14.6,CPython,1,forkserver,2.5.3,algo_iter,algo_edit_distance,13490,48,0.8,ms,normal,10,68,4,8,2,16,0,0,0.0016412990000086818,1.0,0.1473715798606504,0.00535267086917674,0.5446660019493544,0.0,0.0158607880002819,0.0012040540004818467,0.06273819599982744,0.02338719099998343,0.02415604300040286,0.014970505999826855,0.023078;0.023387;0.023443,0.024173;0.024045;0.024156,0.018158;0.014971;0.014050,,multiprocessing,2026-10-03T11:46:19+00:00
L4-00297,L4,n2-standard-4,Linux,6.1.0-53-cloud-amd64,x86_64,Intel(R) Xeon(R) CPU @ 2.80GHz,intel,4,2,2800,16.8,3.14.6,CPython,1,forkserver,2.5.3,text,text_format_report,118,67,0.8,ms,normal,933,86,4,4,1,2,0,0,0.0001460047725180817,0.999733441339586,0.4534033776117977,0.022258861344859524,0.9936734088488897,0.0,0.06907927099973676,0.0006496570031231386,0.06266640600006212,0.1377535380001973,0.13968354300004648,0.07992564300002414,0.137754;0.137147;0.138673,0.139063;0.139684;0.140307,0.077444;0.081523;0.079926,,multiprocessing,2026-10-03T11:46:21+00:00
L4-00298,L4,n2-standard-4,Linux,6.1.0-53-cloud-amd64,x86_64,Intel(R) Xeon(R) CPU @ 2.80GHz,intel,4,2,2800,16.8,3.14.6,CPython,1,forkserver,2.5.3,big_payload,big_upper_copy,3,816392,0.0,seconds,big,244,816414,4,2,0,0,0,0,0.00038313903281154813,0.9994913759427272,0.036204196510379406,0.7723196404000512,0.6563354295864997,1.0,0.06543412600012743,0.006359652998980891,0.042484624000280746,0.16161020700019435,0.1764717319997544,1.5830441399998563,0.163886;0.161610;0.147954,0.171303;0.176472;0.176598,1.583044,,sequential,2026-10-03T11:46:25+00:00
L4-00299,L4,n2-standard-4,Linux,6.1.0-53-cloud-amd64,x86_64,Intel(R) Xeon(R) CPU @ 2.80GHz,intel,4,2,2800,16.8,3.14.6,CPython,1,forkserver,2.5.3,text,text_csv_parse,10,237,0.0,seconds,normal,770,256,4,4,2,3,0,0,0.0014688460571310965,0.9997980115194274,0.0149397286646256,0.002241930024285799,1.0075229496102982,0.0,0.10346678499990958,0.0010369430005994218,0.06266640600006212,1.1272527560004164,1.1333772670000144,0.5700560639998002,1.123469;1.127253;1.129732,1.135071;1.133377;1.122206,0.570047;0.570056;0.570294,,multiprocessing,2026-10-03T11:46:39+00:00
L4-00300,L4,n2-standard-4,Linux,6.1.0-53-cloud-amd64,x86_64,Intel(R) Xeon(R) CPU @ 2.80GHz,intel,4,2,2800,16.8,3.14.6,CPython,1,forkserver,2.5.3,io,io_sleep,250,25,0.0,ms,normal,246,44,4,8,0,1,1,0,0.0003175971475281928,0.029921975608093246,0.02775543587726693,0.011960592251881428,1.9140650851133776,0.0,0.030379786999674252,0.0007951800002956588,0.06273819599982744,0.07758650999994643,0.010602116999962163,0.012694864999957645,0.077587,0.010712;0.010602;0.010593,0.011170;0.013981;0.012695,,threading,2026-10-03T11:46:39+00:00
L4-00301,L4,n2-standard-4,Linux,6.1.0-53-cloud-amd64,x86_64,Intel(R) Xeon(R) CPU @ 2.80GHz,intel,4,2,2800,16.8,3.14.6,CPython,1,forkserver,2.5.3,text,text_format_report,200,326,0.0,ms,normal,140,348,4,2,1,2,0,0,0.00024595408570218883,1.0,0.04375955262545227,0.013963175395714254,0.9597667801695896,0.0,0.017951493000055052,0.000349731000369502,0.042484624000280746,0.03433261800000764,0.035222117000103026,0.02066346599985991,0.034828;0.034112;0.034333,0.035492;0.035222;0.035117,0.020663;0.022201;0.019908,,multiprocessing,2026-10-03T11:46:40+00:00
L4-00302,L4,n2-standard-4,Linux,6.1.0-53-cloud-amd64,x86_64,Intel(R) Xeon(R) CPU @ 2.80GHz,intel,4,2,2800,16.8,3.14.6,CPython,1,forkserver,2.5.3,cpu,cpu_collatz,1247,55,0.0,seconds,normal,1694,75,4,4,2,5,0,0,0.005686561444437959,0.9999883987983046,0.005547583527858379,0.000982804423279041,0.970319881703161,0.5,0.10480692600003749,0.0008713710003576125,0.06266640600006212,9.619599867000034,9.774015637000048,4.79537908400016,9.619600;9.613252;9.654306,9.780462;9.771782;9.774016,4.795841;4.795379;4.793235,,multiprocessing,2026-10-03T11:47:53+00:00
L4-00303,L4,n2-standard-4,Linux,6.1.0-53-cloud-amd64,x86_64,Intel(R) Xeon(R) CPU @ 2.80GHz,intel,4,2,2800,16.8,3.14.6,CPython,1,forkserver,2.5.3,gil_release,gil_sha256,45,188101,0.0,seconds,big,78,188123,4,2,1,1,0,1,0.019607400333370606,0.9999789231283974,0.002843560469795517,0.002420905673933801,1.478064638088963,0.0,0.09940709200009223,0.0007929869998406502,0.042484624000280746,1.5290068849999443,0.7921173700001418,0.7987369639999997,1.529514;1.529007;1.528300,0.793170;0.787314;0.792117,0.798737;0.794793;0.803015,,threading,2026-10-03T11:48:03+00:00
L4-00304,L4,n2-standard-4,Linux,6.1.0-53-cloud-amd64,x86_64,Intel(R) Xeon(R) CPU @ 2.80GHz,intel,4,2,2800,16.8,3.14.6,CPython,1,forkserver,2.5.3,big_payload,big_upper_copy,6,3030877,0.8,ms,big,16,3030899,4,4,0,0,0,0,0.0014384289999043176,0.9987787893000033,0.029436048494004666,1.0020119173098678,0.8675059569833607,0.0,0.018501953999930265,0.0059729449999395,0.06266640600006212,0.022483381999791163,0.023296581000067818,0.41047183799992126,0.022531;0.022483;0.022145,0.023604;0.023297;0.023221,0.410472,,sequential,2026-10-03T11:48:05+00:00
L4-00305,L4,n2-standard-4,Linux,6.1.0-53-cloud-amd64,x86_64,Intel(R) Xeon(R) CPU @ 2.80GHz,intel,4,2,2800,16.8,3.14.6,CPython,1,forkserver,2.5.3,big_result,result_long_string,1367,164,0.3,ms,normal,159,184,4,2,1,1,0,0,0.0002849315640746798,1.0,0.17675452492034835,0.04214169804197267,0.9400232732225756,0.0,0.02408854400027849,0.0010388130012870533,0.042484624000280746,0.04592979600010949,0.04653116300005422,0.12596387099983986,0.045930;0.045941;0.045694,0.046470;0.046531;0.046658,0.164075;0.125964;0.052994,,sequential,2026-10-03T11:48:06+00:00
L4-00306,L4,n2-standard-4,Linux,6.1.0-53-cloud-amd64,x86_64,Intel(R) Xeon(R) CPU @ 2.80GHz,intel,4,2,2800,16.8,3.14.6,CPython,1,forkserver,2.5.3,algo_iter,algo_edit_distance,1028,37,0.0,ms,normal,464,57,4,4,2,16,0,0,0.000171096034481989,0.9990499608911504,0.03726872453556098,0.01951623255554863,0.9737886722812978,0.0,0.04082643799983998,0.0004957639998792729,0.06266640600006212,0.07906441200020708,0.08020382899985634,0.048853673999929015,0.078758;0.079064;0.079307,0.080117;0.080204;0.080429,0.043282;0.053465;0.048854,,multiprocessing,2026-10-03T11:48:07+00:00
L4-00307,L4,n2-standard-4,Linux,6.1.0-53-cloud-amd64,x86_64,Intel(R) Xeon(R) CPU @ 2.80GHz,intel,4,2,2800,16.8,3.14.6,CPython,1,forkserver,2.5.3,cpu,cpu_collatz,1498,346,0.3,ms,normal,8,369,4,2,2,5,0,0,0.006767620666626802,1.0,0.1354030355376424,0.0014817615453904583,0.8486349636662012,0.0,0.04445114800000738,0.0002088120004373195,0.042484624000280746,0.05653407800036803,0.057557261000056315,0.03547600199999579,0.056534;0.056728;0.056404,0.057557;0.057292;0.057579,0.031882;0.035476;0.035514,,multiprocessing,2026-10-03T11:48:08+00:00
L4-00308,L4,n2-standard-4,Linux,6.1.0-53-cloud-amd64,x86_64,Intel(R) Xeon(R) CPU @ 2.80GHz,intel,4,2,2800,16.8,3.14.6,CPython,1,forkserver,2.5.3,cpu,cpu_matmul_lists,10,80,0.0,ms,normal,1866,99,4,8,3,5,0,0,6.0993723176650064e-05,1.0,0.04163117336851452,0.05242178752425293,0.979800829540462,0.0,0.059326416999738285,0.001634337999348645,0.06273819599982744,0.1184005730001445,0.1162041469997348,0.07262726299995848,0.118401;0.118218;0.118744,0.116010;0.116554;0.116204,0.066334;0.072627;0.078056,,multiprocessing,2026-10-03T11:48:09+00:00
L4-00309,L4,n2-standard-4,Linux,6.1.0-53-cloud-amd64,x86_64,Intel(R) Xeon(R) CPU @ 2.80GHz,intel,4,2,2800,16.8,3.14.6,CPython,1,forkserver,2.5.3,big_payload,big_upper_copy,7,2774518,0.3,seconds,big,72,2774540,4,4,0,0,0,0,0.0013005067222214468,1.0,0.022065058220324216,0.8600478847114755,0.5533449285863529,0.0,0.086228778000077,0.020478974000070593,0.06266640600006212,0.139178425999944,0.14629361400011476,1.1418016480001825,0.139178;0.139405;0.138558,0.146294;0.150432;0.142555,1.141802,,sequential,2026-10-03T11:48:13+00:00
L4-00310,L4,n2-standard-4,Linux,6.1.0-53-cloud-amd64,x86_64,Intel(R) Xeon(R) CPU @ 2.80GHz,intel,4,2,2800,16.8,3.14.6,CPython,1,forkserver,2.5.3,recursive,rec_quicksort,2379,135567,0.3,seconds,big,615,135590,4,2,1,8,0,0,0.0027961586315541354,0.999987185566733,0.18616442875113332,0.008527526139078477,0.9386841121406458,0.0,0.11208208399966679,0.001499180000337219,0.042484624000280746,1.7964445339998747,1.8081119219996253,0.9664768540001205,1.785691;1.796445;1.807197,1.804148;1.815267;1.808112,0.966477;0.963672;0.971459,,multiprocessing,2026-10-03T11:48:27+00:00
L4-00311,L4,n2-standard-4,Linux,6.1.0-53-cloud-amd64,x86_64,Intel(R) Xeon(R) CPU @ 2.80GHz,intel,4,2,2800,16.8,3.14.6,CPython,1,forkserver,2.5.3,tiny,tiny_add,808,119,0.8,seconds,normal,200000,138.9,4,4,0,1,0,0,1.5879350507930213e-07,1.0,0.42861034868313563,20.67307477043401,0.48113145922351735,0.0,0.004587063999679231,0.0028237769897714315,0.06266640600006212,0.022486635999939608,0.025604189000205224,0.11462955800016061,0.022993;0.020935;0.022487,0.025604;0.025878;0.025127,0.114630,,sequential,2026-10-03T11:48:28+00:00
L4-00312,L4,n2-standard-4,Linux,6.1.0-53-cloud-amd64,x86_64,Intel(R) Xeon(R) CPU @ 2.80GHz,intel,4,2,2800,16.8,3.14.6,CPython,1,forkserver,2.5.3,tiny,tiny_add,899,34,0.3,seconds,normal,200000,54,4,8,0,1,0,0,1.2683599516094546e-07,1.0,0.40352863889358415,24.568340733889382,0.4820830143552203,0.0,0.004122402000120928,0.002588827009731176,0.06273819599982744,0.015142324999942502,0.022135494999929506,0.07432437999977992,0.015749;0.014629;0.015142,0.022135;0.021369;0.022290,0.074324,,sequential,2026-10-03T11:48:29+00:00
L4-00313,L4,n2-standard-4,Linux,6.1.0-53-cloud-amd64,x86_64,Intel(R) Xeon(R) CPU @ 2.80GHz,intel,4,2,2800,16.8,3.14.6,CPython,1,forkserver,2.5.3,big_result,result_sorted_pairs,38436,1447,0.3,ms,normal,8,1470,4,4,1,4,0,0,0.019344351666707855,0.9997938391319386,0.07761073974638384,0.6476031978714767,0.7477809690636883,0.0,0.1720526530002644,0.03831628500029183,0.06266640600006212,0.22265234899987263,0.22811056800037477,0.1780440689999523,0.228676;0.221701;0.222652,0.232000;0.228111;0.223680,0.177126;0.178044;0.184700,,multiprocessing,2026-10-03T11:48:32+00:00
L4-00314,L4,n2-standard-4,Linux,6.1.0-53-cloud-amd64,x86_64,Intel(R) Xeon(R) CPU @ 2.80GHz,intel,4,2,2800,16.8,3.14.6,CPython,1,forkserver,2.5.3,db,db_file_commit,2,133851,0.0,ms,big,8,133873,4,4,1,0,1,0,0.008352031000110097,0.16557727920998563,0.04320504966578421,0.004223324026941863,1.2324905313440926,0.5,0.04582440400008636,0.0009656899997025903,0.06266640600006212,0.06337779099976615,0.0245843910001895,0.029082679000111966,0.066198;0.062150;0.063378,0.041673;0.024584;0.023308,0.029322;0.029083;0.022956,,threading,2026-10-03T11:48:33+00:00
L4-00315,L4,n2-standard-4,Linux,6.1.0-53-cloud-amd64,x86_64,Intel(R) Xeon(R) CPU @ 2.80GHz,intel,4,2,2800,16.8,3.14.6,CPython,1,forkserver,2.5.3,recursive,rec_fib,4543,369,0.0,ms,normal,54,392,4,8,0,4,0,0,0.0003884163077320689,1.0,0.027062378971155734,0.01097533716322574,0.9238507862386676,0.0,0.011261991999617749,0.000709427999026957,0.06273819599982744,0.021195391000219388,0.022326160999909916,0.013722728999709943,0.020949;0.021206;0.021195,0.022326;0.021938;0.022759,0.013723;0.012024;0.014150,,multiprocessing,2026-10-03T11:48:33+00:00
L4-00316,L4,n2-standard-4,Linux,6.1.0-53-cloud-amd64,x86_64,Intel(R) Xeon(R) CPU @ 2.80GHz,intel,4,2,2800,16.8,3.14.6,CPython,1,forkserver,2.5.3,recursive,rec_nqueens,9,43,0.3,seconds,normal,232,62,4,4,1,10,0,0,0.0014769472940556357,0.9997248346523099,0.174252241431265,0.0025515467382282065,0.9541985615280333,0.0,0.10422406499992576,0.001228178001838387,0.06266640600006212,0.3424568619998354,0.35178129400037506,0.17282467099994392,0.342718;0.342457;0.342309,0.352241;0.350382;0.351781,0.172698;0.175419;0.172825,,multiprocessing,2026-10-03T11:48:37+00:00
L4-00317,L4,n2-standard-4,Linux,6.1.0-53-cloud-amd64,x86_64,Intel(R) Xeon(R) CPU @ 2.80GHz,intel,4,2,2800,16.8,3.14.6,CPython,1,forkserver,2.5.3,io,io_sleep,6996,174,0.0,ms,normal,8,194,4,4,0,1,1,0,0.007088294333243539,0.004513712311880727,0.00040082015865869385,0.0017527488912161791,1.4777536782401066,0.0,0.03596466299995882,0.00023808800051483558,0.06266640600006212,0.05663482699992528,0.014637345999744866,0.015495510000164359,0.056716;0.056620;0.056635,0.014637;0.014486;0.014691,0.014956;0.015496;0.016968,,threading,2026-10-03T11:48:37+00:00
L4-00318,L4,n2-standard-4,Linux,6.1.0-53-cloud-amd64,x86_64,Intel(R) Xeon(R) CPU @ 2.80GHz,intel,4,2,2800,16.8,3.14.6,CPython,1,forkserver,2.5.3,text,text_regex_findall,2,851200,0.8,seconds,big,27,851222,4,4,1,1,0,0,0.13346887966660384,0.9998536382036766,0.1760110370026719,0.0018294926427571937,1.106205866850185,0.0,0.7405096820002655,0.000950319000367017,0.06266640600006212,2.888522974999887,2.9978105270001834,1.4981752730000153,2.896573;2.887299;2.888523,2.996363;2.997811;3.003637,1.540138;1.486328;1.498175,,multiprocessing,2026-10-03T11:49:01+00:00
L4-00319,L4,n2-standard-4,Linux,6.1.0-53-cloud-amd64,x86_64,Intel(R) Xeon(R) CPU @ 2.80GHz,intel,4,2,2800,16.8,3.14.6,CPython,1,forkserver,2.5.3,tiny,tiny_add,2,151,0.8,ms,normal,200000,170,4,4,0,1,0,0,1.794245017663343e-07,1.0,0.33757514150191764,18.292930628726904,0.5886500139093865,0.0,0.0045632820001628716,0.002816813996560086,0.06266640600006212,0.02409962199999427,0.02176929100005509,0.10448158799999874,0.023868;0.024100;0.024254,0.021823;0.021653;0.021769,0.096795;0.104482;0.112934,,threading,2026-10-03T11:49:02+00:00
L4-00320,L4,n2-standard-4,Linux,6.1.0-53-cloud-amd64,x86_64,Intel(R) Xeon(R) CPU @ 2.80GHz,intel,4,2,2800,16.8,3.14.6,CPython,1,forkserver,2.5.3,big_result,result_sorted_pairs,12264,37,0.8,ms,normal,8,57,4,8,1,4,0,0,0.007741198666735727,1.0,0.3867983510485545,0.6047534584879881,1.33051675639076,0.0,0.056305161000182125,0.014266355000017938,0.06273819599982744,0.05661808100012422,0.06139321699993161,0.05281405200003064,0.057998;0.056403;0.056618,0.061393;0.061527;0.060995,0.045161;0.052814;0.061521,,multiprocessing,2026-10-03T11:49:04+00:00
L4-00321,L4,n2-standard-4,Linux,6.1.0-53-cloud-amd64,x86_64,Intel(R) Xeon(R) CPU @ 2.80GHz,intel,4,2,2800,16.8,3.14.6,CPython,1,forkserver,2.5.3,cpu,cpu_count_primes,905,148,0.3,seconds,normal,1483,168,4,8,2,4,0,0,0.00025368903552912644,0.9999839453830237,0.22784713743966414,0.01355064459084669,0.9518692094371252,0.0,0.10385096899972268,0.001135289000103512,0.06273819599982744,0.4079165429998284,0.3953905499997745,0.21893405799983157,0.410799;0.400696;0.407917,0.395391;0.394201;0.399045,0.219849;0.213539;0.218934,,multiprocessing,2026-10-03T11:49:07+00:00
L4-00322,L4,n2-standard-4,Linux,6.1.0-53-cloud-amd64,x86_64,Intel(R) Xeon(R) CPU @ 2.80GHz,intel,4,2,2800,16.8,3.14.6,CPython,1,forkserver,2.5.3,algo_iter,algo_edit_distance,177,285669,0.3,seconds,big,700,285691,4,2,2,16,0,0,0.0003345344933313754,0.999997833528638,0.027428604199472524,0.1391494776371547,0.9759252948049005,0.0,0.10334084400028587,0.001521446000879223,0.042484624000280746,0.23389244200006942,0.23737551899967002,0.26231663199996547,0.233892;0.234337;0.233692,0.236802;0.237376;0.238165,0.262317;0.258110;0.271256,,sequential,2026-10-03T11:49:11+00:00
L4-00323,L4,n2-standard-4,Linux,6.1.0-53-cloud-amd64,x86_64,Intel(R) Xeon(R) CPU @ 2.80GHz,intel,4,2,2800,16.8,3.14.6,CPython,1,forkserver,2.5.3,db,db_mem_group_by,91,1710,0.8,ms,normal,46,1732,4,2,1,2,1,0,0.00022407354547546922,1.0,0.30400944757968046,0.018035880295460247,0.700440853761669,0.0,0.006628099999943515,0.000825335999707022,0.042484624000280746,0.009792799000024388,0.01447997499963094,0.008741522000036639,0.009793;0.010209;0.009728,0.013676;0.014705;0.014480,0.008742;0.008490;0.008974,,multiprocessing,2026-10-03T11:49:11+00:00
L4-00324,L4,n2-standard-4,Linux,6.1.0-53-cloud-amd64,x86_64,Intel(R) Xeon(R) CPU @ 2.80GHz,intel,4,2,2800,16.8,3.14.6,CPython,1,forkserver,2.5.3,recursive,rec_quicksort,2162,1187368,0.0,ms,big,11,1187391,4,2,1,8,0,0,0.0026997330000995134,1.0,0.01921219661238286,0.12640126511662922,0.9571106924993402,1.0,0.01793620299986287,0.001227428999300173,0.042484624000280746,0.02928507600017838,0.02998755600037839,0.032226154999989376,0.028949;0.029285;0.029389,0.030033;0.029988;0.029878,0.035377;0.032226;0.024266,,sequential,2026-10-03T11:49:12+00:00
L4-00325,L4,n2-standard-4,Linux,6.1.0-53-cloud-amd64,x86_64,Intel(R) Xeon(R) CPU @ 2.80GHz,intel,4,2,2800,16.8,3.14.6,CPython,1,forkserver,2.5.3,db,db_file_commit,2,303507,0.0,ms,big,8,303529,4,2,1,0,1,0,0.010947060333061623,0.19955227377292964,0.06443881854878128,0.006065250802821841,1.2285789802484752,0.0,0.05908560799980478,0.0003910400005224801,0.042484624000280746,0.0838900079997984,0.0484425879999435,0.05416414100000111,0.083890;0.080776;0.084920,0.056007;0.048443;0.047821,0.054164;0.064756;0.051535,,threading,2026-10-03T11:49:13+00:00
L4-00326,L4,n2-standard-4,Linux,6.1.0-53-cloud-amd64,x86_64,Intel(R) Xeon(R) CPU @ 2.80GHz,intel,4,2,2800,16.8,3.14.6,CPython,1,forkserver,2.5.3,mixed,mixed_compute_then_sleep,2969,315,0.0,ms,normal,177,338,4,8,1,3,1,0,0.00025350713638710494,0.5600488796463965,0.042204314079690906,0.014222085022431512,1.6586076825015041,0.0,0.018334020000111195,0.0003869399988616351,0.06273819599982744,0.044511010000405804,0.03151692399978856,0.01609993099964413,0.044513;0.044363;0.044511,0.031517;0.030564;0.034058,0.016100;0.015594;0.021625,,multiprocessing,2026-10-03T11:49:14+00:00
L4-00327,L4,n2-standard-4,Linux,6.1.0-53-cloud-amd64,x86_64,Intel(R) Xeon(R) CPU @ 2.80GHz,intel,4,2,2800,16.8,3.14.6,CPython,1,forkserver,2.5.3,numpy,np_fft,111949,1330,0.3,seconds,normal,85,1355,4,2,0,0,0,1,0.012856468399877485,0.9998081674989564,0.4139012096678088,0.0007501126871161993,1.5025207220433758,0.0,0.10434888200006753,0.0008517060005033272,0.042484624000280746,1.0896583960002317,0.6181605490000948,0.6101803080000536,1.068369;1.093362;1.089658,0.618161;0.617448;0.623413,0.610180;0.610080;0.617790,,multiprocessing,2026-10-03T11:49:22+00:00
L4-00328,L4,n2-standard-4,Linux,6.1.0-53-cloud-amd64,x86_64,Intel(R) Xeon(R) CPU @ 2.80GHz,intel,4,2,2800,16.8,3.14.6,CPython,1,forkserver,2.5.3,gil_release,gil_zlib,19,10196,0.0,ms,normal,103,10218,4,8,1,1,0,1,0.002632663947320237,0.9999868109399669,0.010042222176787062,0.001974665854000292,1.8607795092311545,0.0,0.07776158400019995,0.0008003060011105845,0.06273819599982744,0.26862924600027327,0.11840421099986997,0.12682388800021727,0.268156;0.268809;0.268629,0.118404;0.119800;0.116046,0.126824;0.129263;0.124190,,threading,2026-10-03T11:49:24+00:00
L4-00329,L4,n2-standard-4,Linux,6.1.0-53-cloud-amd64,x86_64,Intel(R) Xeon(R) CPU @ 2.80GHz,intel,4,2,2800,16.8,3.14.6,CPython,1,forkserver,2.5.3,recursive,rec_fib,106,44,0.0,ms,normal,14680,63,4,2,0,4,0,0,9.030839505157929e-06,1.0,1.8993359797504514,0.3844382305448916,0.9917102727364037,0.0,0.04022087900011684,0.003127880989723053,0.042484624000280746,0.1276484910004001,0.13216846700015594,0.07961354799999754,0.127360;0.127648;0.127783,0.131536;0.132563;0.132168,0.073237;0.079614;0.080939,,multiprocessing,2026-10-03T11:49:25+00:00
L4-00330,L4,n2-standard-4,Linux,6.1.0-53-cloud-amd64,x86_64,Intel(R) Xeon(R) CPU @ 2.80GHz,intel,4,2,2800,16.8,3.14.6,CPython,1,forkserver,2.5.3,text,text_split_count,1,361,0.8,seconds,normal,35873,383,4,2,1,1,0,0,4.668598496766919e-05,0.9999845139390019,0.1723663565416173,0.08095363059176747,0.994515193859218,0.0,0.10245248299997911,0.0023785719945408346,0.042484624000280746,1.6660999129999254,1.7117988079999122,0.8715632179996646,1.663367;1.666100;1.671885,1.716451;1.710144;1.711799,0.894076;0.863671;0.871563,,multiprocessing,2026-10-03T11:49:39+00:00
L4-00331,L4,n2-standard-4,Linux,6.1.0-53-cloud-amd64,x86_64,Intel(R) Xeon(R) CPU @ 2.80GHz,intel,4,2,2800,16.8,3.14.6,CPython,1,forkserver,2.5.3,numpy,np_fft,35408,376951,0.8,seconds,big,39,376974,4,4,0,0,0,1,0.0033537594445078867,1.0,0.7717696477150482,0.02205892657279596,0.9793595142507256,0.0,0.055984266999985266,0.0009492069993939367,0.06266640600006212,0.14993519399968136,0.0808902050002871,0.0921732729998439,0.153462;0.149935;0.144162,0.080349;0.080890;0.082005,0.154204;0.091771;0.092173,,threading,2026-10-03T11:49:40+00:00
L4-00332,L4,n2-standard-4,Linux,6.1.0-53-cloud-amd64,x86_64,Intel(R) Xeon(R) CPU @ 2.80GHz,intel,4,2,2800,16.8,3.14.6,CPython,1,forkserver,2.5.3,gil_release,gil_bz2,30,300000,0.8,ms,big,16,300022,4,4,0,1,0,1,0.004630133999967256,1.0,0.08839600425334815,0.01712736608010462,2.858250924248715,0.0,0.026293470000382513,0.0008980420006992063,0.06266640600006212,0.06369992899999488,0.028718953999941732,0.034796137000284943,0.063757;0.063662;0.063700,0.028892;0.028166;0.028719,0.034796;0.034680;0.039303,,threading,2026-10-03T11:49:41+00:00
L4-00333,L4,n2-standard-4,Linux,6.1.0-53-cloud-amd64,x86_64,Intel(R) Xeon(R) CPU @ 2.80GHz,intel,4,2,2800,16.8,3.14.6,CPython,1,forkserver,2.5.3,text,text_csv_parse,13,257,0.8,ms,normal,11,279,4,4,2,3,0,0,0.0015866013335047076,1.0,0.643514801774562,0.00494768265533025,0.7302894033757963,0.5,0.012936688000081631,0.00017743399939718074,0.06266640600006212,0.020131358000071486,0.02099565899970912,0.014480171999821323,0.020690;0.020061;0.020131,0.020996;0.020676;0.021433,0.014480;0.012920;0.015525,,multiprocessing,2026-10-03T11:49:42+00:00
L4-00334,L4,n2-standard-4,Linux,6.1.0-53-cloud-amd64,x86_64,Intel(R) Xeon(R) CPU @ 2.80GHz,intel,4,2,2800,16.8,3.14.6,CPython,1,forkserver,2.5.3,big_payload,big_count_byte,4,681894,0.8,ms,big,11,681916,4,8,0,1,0,0,0.001130563999898489,1.0,0.02589311225558973,0.16376840818504565,0.90443216983819,0.0,0.00817672399989533,0.0010416090003673162,0.06273819599982744,0.012230305999764823,0.013056841999969038,0.009758879999935743,0.012044;0.012230;0.012260,0.013152;0.012840;0.013057,0.008827;0.010237;0.009759,,multiprocessing,2026-10-03T11:49:43+00:00
L4-00335,L4,n2-standard-4,Linux,6.1.0-53-cloud-amd64,x86_64,Intel(R) Xeon(R) CPU @ 2.80GHz,intel,4,2,2800,16.8,3.14.6,CPython,1,forkserver,2.5.3,numpy,np_linalg_solve,14,1720492,0.0,seconds,big,116,1720514,4,4,0,3,0,1,0.0038638841538158886,0.999847180769242,0.07712777377797972,0.09958528378964773,1.2934443812503773,0.0,0.09441324699992037,0.005936023000231216,0.06266640600006212,0.42961676000004445,0.22735855299970353,0.4040067900000395,0.446776;0.426880;0.429617,0.227359;0.234948;0.209299,0.418653;0.390109;0.404007,,threading,2026-10-03T11:49:47+00:00
L4-00336,L4,n2-standard-4,Linux,6.1.0-53-cloud-amd64,x86_64,Intel(R) Xeon(R) CPU @ 2.80GHz,intel,4,2,2800,16.8,3.14.6,CPython,1,forkserver,2.5.3,numpy,np_elementwise,3324,1759,0.3,seconds,normal,11499,1782,4,8,0,4,0,0,0.00014479722966994856,0.9999953439577468,0.16465747138933706,0.031268554060269155,0.9953040570465925,25.5,0.10174860400002217,0.001752709993525059,0.06273819599982744,1.6395544479996715,2.4897342330000356,0.6957200450001437,1.659268;1.633063;1.639554,2.489734;2.481051;2.492127,0.831114;0.695720;0.685383,,multiprocessing,2026-10-03T11:50:02+00:00
L4-00337,L4,n2-standard-4,Linux,6.1.0-53-cloud-amd64,x86_64,Intel(R) Xeon(R) CPU @ 2.80GHz,intel,4,2,2800,16.8,3.14.6,CPython,1,forkserver,2.5.3,text,text_csv_parse,14,54,0.3,ms,normal,194,73,4,2,2,3,0,0,0.00043441608335115234,1.0,0.16694815455338693,0.007594332166163022,0.9609597685185,0.0,0.0428862140001911,0.0003632259995356435,0.042484624000280746,0.08358676199986803,0.08493918900012432,0.05101237500002753,0.083587;0.083767;0.082839,0.084680;0.084939;0.085036,0.053301;0.051012;0.050784,,multiprocessing,2026-10-03T11:50:04+00:00
L4-00338,L4,n2-standard-4,Linux,6.1.0-53-cloud-amd64,x86_64,Intel(R) Xeon(R) CPU @ 2.80GHz,intel,4,2,2800,16.8,3.14.6,CPython,1,forkserver,2.5.3,recursive,rec_fib,21419,656,0.3,seconds,normal,4736,679,4,2,0,4,0,0,0.0015579860908639437,0.999962722759093,0.12909585241787386,0.0022876648285912013,0.9603177983159091,0.0,0.10533166100003655,0.00037830400151506183,0.042484624000280746,7.4140128429999095,7.4975938109996605,3.7454788319996624,7.414013;7.413090;7.431133,7.497594;7.494292;7.510636,3.753594;3.740808;3.745479,,multiprocessing,2026-10-03T11:51:00+00:00
L4-00339,L4,n2-standard-4,Linux,6.1.0-53-cloud-amd64,x86_64,Intel(R) Xeon(R) CPU @ 2.80GHz,intel,4,2,2800,16.8,3.14.6,CPython,1,forkserver,2.5.3,big_payload,big_upper_copy,1,2453972,0.0,ms,big,81,2453994,4,2,0,0,0,0,0.001141541650099498,1.0,0.015861627367957334,0.8476901827651487,0.5500654004196296,0.0,0.0840374120002707,0.019682606998230767,0.042484624000280746,0.14318584500006182,0.17821928200010007,1.708099565001703,0.141620;0.143186;0.146318,0.164199;0.178287;0.178219,1.708100,multiprocessing,sequential,2026-10-03T11:51:04+00:00
L4-00340,L4,n2-standard-4,Linux,6.1.0-53-cloud-amd64,x86_64,Intel(R) Xeon(R) CPU @ 2.80GHz,intel,4,2,2800,16.8,3.14.6,CPython,1,forkserver,2.5.3,recursive,rec_fib,2548,235,0.8,seconds,normal,1487,255,4,4,0,4,0,0,0.00020313908536872912,0.9997327211340621,0.5376777801263226,0.020534206957218734,0.9206420671767275,0.0,0.1049905760000911,0.0007654679993720492,0.06266640600006212,0.3008157630001733,0.30759623499989175,0.16343147899988253,0.301425;0.300816;0.300765,0.307477;0.307596;0.307845,0.174801;0.161170;0.163431,,multiprocessing,2026-10-03T11:51:07+00:00
L4-00341,L4,n2-standard-4,Linux,6.1.0-53-cloud-amd64,x86_64,Intel(R) Xeon(R) CPU @ 2.80GHz,intel,4,2,2800,16.8,3.14.6,CPython,1,forkserver,2.5.3,db,db_file_lookup,125,18,0.8,ms,normal,60,37,4,8,1,5,1,0,0.0010856680667226707,1.0,0.37047277251346983,0.0032446995915505444,0.3187835636835111,0.0,0.06716102099971977,0.0012863439987995662,0.06273819599982744,0.06308742700002767,1.3154371350001384,0.0653608110001187,0.063087,1.315437,0.065361,threading,sequential,2026-10-03T11:51:09+00:00
L4-00342,L4,n2-standard-4,Linux,6.1.0-53-cloud-amd64,x86_64,Intel(R) Xeon(R) CPU @ 2.80GHz,intel,4,2,2800,16.8,3.14.6,CPython,1,forkserver,2.5.3,recursive,rec_quicksort,14705,347328,0.8,seconds,big,51,347351,4,2,1,8,0,0,0.017907441250031297,0.9999925751322596,0.737494150389731,0.012546446307213315,0.8758098248238508,0.0,0.174075656000241,0.0022801700001764402,0.07952499600014562,1.1627296679998835,1.1913993739999569,0.6548362920002546,1.169786;1.159364;1.162730,1.191212;1.191399;1.199551,0.661912;0.648982;0.654836,,multiprocessing,2026-10-03T11:51:19+00:00
L4-00343,L4,n2-standard-4,Linux,6.1.0-53-cloud-amd64,x86_64,Intel(R) Xeon(R) CPU @ 2.80GHz,intel,4,2,2800,16.8,3.14.6,CPython,1,forkserver,2.5.3,db,db_file_commit,2,1799,0.3,seconds,normal,53,1821,4,8,1,0,1,0,0.006377109749905685,0.10039540276100149,0.13805561639933892,0.000798304434505003,1.2797789924077267,0.0,0.09116820600002029,0.0010056760006591503,0.061233049999827927,0.35888710199969864,0.10353642300015053,0.09801664299993718,0.350801;0.358887;0.391458,0.103606;0.089010;0.103536,0.100607;0.098017;0.096233,,multiprocessing,2026-10-03T11:51:22+00:00
L4-00344,L4,n2-standard-4,Linux,6.1.0-53-cloud-amd64,x86_64,Intel(R) Xeon(R) CPU @ 2.80GHz,intel,4,2,2800,16.8,3.14.6,CPython,1,forkserver,2.5.3,mixed,mixed_json_roundtrip,1,739608,0.3,ms,big,270,739630,4,8,1,1,1,0,9.385494030226906e-05,0.4510940352715781,0.09376579375976529,1.6940552029568925,1.3650367359512723,0.0,0.015056971000376507,0.004105268000330398,0.061233049999827927,0.025241149000066798,0.021181853000143747,0.24600221199989392,0.025261;0.025241;0.024796,0.021751;0.021182;0.021028,0.246002,,threading,2026-10-03T11:51:23+00:00
L4-00345,L4,n2-standard-4,Linux,6.1.0-53-cloud-amd64,x86_64,Intel(R) Xeon(R) CPU @ 2.80GHz,intel,4,2,2800,16.8,3.14.6,CPython,1,forkserver,2.5.3,gil_release,gil_numpy_matmul,482,1135,0.8,seconds,normal,302,1157.6,4,8,0,2,0,1,0.005909087899999577,0.9997330910901696,0.9785699936725967,0.0010701143946170101,1.8305262459023615,0.5,0.09560949000024266,0.0009267170003113279,0.061233049999827927,1.8123093529998187,1.0339003859999139,1.0217655450001075,1.837621;1.812309;1.781763,1.074758;1.033900;1.026113,1.170733;1.021766;0.997420,,multiprocessing,2026-10-03T11:51:36+00:00
L4-00346,L4,n2-standard-4,Linux,6.1.0-53-cloud-amd64,x86_64,Intel(R) Xeon(R) CPU @ 2.80GHz,intel,4,2,2800,16.8,3.14.6,CPython,1,forkserver,2.5.3,db,db_file_commit,1,481,0.3,ms,normal,20,503,4,4,1,0,1,0,0.0036699792000035813,0.1431762132111534,0.09464738753802346,0.0018261683808168366,1.1161426139797805,0.0,0.03476416900002732,0.00023103900002752198,0.05931371199994828,0.06882474499980162,0.030573852000088664,0.04017533700016429,0.074468;0.068825;0.065829,0.030875;0.030574;0.028073,0.041962;0.029598;0.040175,,threading,2026-10-03T11:51:37+00:00
L4-00347,L4,n2-standard-4,Linux,6.1.0-53-cloud-amd64,x86_64,Intel(R) Xeon(R) CPU @ 2.80GHz,intel,4,2,2800,16.8,3.14.6,CPython,1,forkserver,2.5.3,numpy,np_fft,1113844,2023,0.8,seconds,normal,16,2048,4,4,0,0,0,1,0.25731166633340763,0.9998561922577508,0.6888474502654336,5.4210523462890734e-05,1.6864966110117101,0.5,1.3894476380000924,0.0007891899999776797,0.05931371199994828,3.701011011999981,1.8492016190002687,1.8763406610000857,3.673985;3.750553;3.701011,1.847039;1.855204;1.849202,1.872163;1.915090;1.876341,,threading,2026-10-03T11:52:02+00:00
L4-00348,L4,n2-standard-4,Linux,6.1.0-53-cloud-amd64,x86_64,Intel(R) Xeon(R) CPU @ 2.80GHz,intel,4,2,2800,16.8,3.14.6,CPython,1,forkserver,2.5.3,algo_iter,algo_edit_distance,1400,35,0.3,seconds,normal,5480,55,4,8,2,16,0,0,0.00023997348078042845,0.9999863511663679,0.1646619355301142,0.013485448320762343,1.0232223733403132,0.0,0.10035448600001473,0.0015808019975338539,0.061233049999827927,1.2720407450001403,1.2812496709998413,0.6780695739998919,1.272041;1.273358;1.269395,1.283365;1.280257;1.281250,0.678070;0.673943;0.686731,,multiprocessing,2026-10-03T11:52:12+00:00
L4-00349,L4,n2-standard-4,Linux,6.1.0-53-cloud-amd64,x86_64,Intel(R) Xeon(R) CPU @ 2.80GHz,intel,4,2,2800,16.8,3.14.6,CPython,1,forkserver,2.5.3,big_result,result_matrix_lists,23,30,0.3,seconds,normal,6068,49,4,4,2,5,0,0,6.757481953192573e-05,0.999986593830437,1.5177827605978833,0.33695909497908433,1.0324428131256431,0.0,0.10059021699998993,0.0021688120050384896,0.05931371199994828,0.4290403170002719,0.4347564519998741,0.39679648899982567,0.429040;0.421587;0.447765,0.434756;0.474716;0.431483,0.398022;0.396796;0.365479,,multiprocessing,2026-10-03T11:52:17+00:00
L4-00350,L4,n2-standard-4,Linux,6.1.0-53-cloud-amd64,x86_64,Intel(R) Xeon(R) CPU @ 2.80GHz,intel,4,2,2800,16.8,3.14.6,CPython,1,forkserver,2.5.3,gil_release,gil_zlib,20,8661,0.3,ms,normal,19,8683,4,2,1,1,0,1,0.002485451749976164,1.0,0.12955559391125218,0.0035692706465547137,2.067445802720597,0.0,0.01519625500031907,0.0006150570006866474,0.07952499600014562,0.043438729000172316,0.024039874000209238,0.026660087999971438,0.043288;0.043439;0.043493,0.030337;0.023522;0.024040,0.024918;0.029563;0.026660,,threading,2026-10-03T11:52:18+00:00
L4-00351,L4,n2-standard-4,Linux,6.1.0-53-cloud-amd64,x86_64,Intel(R) Xeon(R) CPU @ 2.80GHz,intel,4,2,2800,16.8,3.14.6,CPython,1,forkserver,2.5.3,db,db_file_commit,4,574,0.3,ms,normal,8,596,4,4,1,0,1,0,0.01584164866684053,0.0823930293069856,0.3476681743685072,0.000696602581008349,1.2738058836246433,0.0,0.08000501000014992,0.00022797899964643875,0.05931371199994828,0.09924512499992488,0.04441097900007662,0.03672431499990125,0.096957;0.106568;0.099245,0.048067;0.044411;0.039762,0.036724;0.049253;0.034969,,multiprocessing,2026-10-03T11:52:19+00:00
L4-00352,L4,n2-standard-4,Linux,6.1.0-53-cloud-amd64,x86_64,Intel(R) Xeon(R) CPU @ 2.80GHz,intel,4,2,2800,16.8,3.14.6,CPython,1,forkserver,2.5.3,gil_release,gil_numpy_matmul,50,34057,0.8,seconds,normal,5872,34079,4,4,0,2,0,1,5.532021961765694e-05,0.9996175491088067,0.3338593285118725,0.16547747124999432,1.2113151871761725,0.0,0.09260356000004322,0.00196530900302605,0.05931371199994828,0.31664111899999625,0.5632547380000688,0.26413311299984343,0.316784;0.316641;0.316234,0.563255;0.564598;0.558976,0.264133;0.253797;0.274160,,multiprocessing,2026-10-03T11:52:23+00:00
L4-00353,L4,n2-standard-4,Linux,6.1.0-53-cloud-amd64,x86_64,Intel(R) Xeon(R) CPU @ 2.80GHz,intel,4,2,2800,16.8,3.14.6,CPython,1,forkserver,2.5.3,text,text_regex_findall,9,806,0.8,ms,normal,56,828,4,8,1,1,0,0,0.0005044010713715709,1.0,0.3434686918471186,0.00725627213753898,1.115781153257346,0.0,0.013932767999904172,0.0006986420007706329,0.061233049999827927,0.02599868199968114,0.025755988999662804,0.015467496999917785,0.026001;0.025999;0.025980,0.026317;0.025756;0.025700,0.015467;0.019059;0.013829,,multiprocessing,2026-10-03T11:52:24+00:00
L4-00354,L4,n2-standard-4,Linux,6.1.0-53-cloud-amd64,x86_64,Intel(R) Xeon(R) CPU @ 2.80GHz,intel,4,2,2800,16.8,3.14.6,CPython,1,forkserver,2.5.3,recursive,rec_nqueens,40,167136,0.3,ms,big,12,167158,4,2,1,10,0,0,0.006302352000147948,1.0,0.18662922605025364,0.013479253441373046,0.8819503651610894,0.0,0.0399665630002346,0.0012762449996444047,0.07952499600014562,0.08162157200013098,0.08345838000013828,0.04716299300025639,0.081493;0.081778;0.081622,0.083458;0.083204;0.083566,0.049131;0.047009;0.047163,,multiprocessing,2026-10-03T11:52:25+00:00
L4-00355,L4,n2-standard-4,Linux,6.1.0-53-cloud-amd64,x86_64,Intel(R) Xeon(R) CPU @ 2.80GHz,intel,4,2,2800,16.8,3.14.6,CPython,1,forkserver,2.5.3,big_result,result_long_string,414,1228,0.3,ms,normal,221,1251,4,4,1,1,0,0,0.0001124524908928751,1.0,0.172598912770109,0.05437540715116049,0.8739239635819107,0.0,0.014241991999824677,0.0009234030003426597,0.05931371199994828,0.025012890999732917,0.026275851000264083,0.03584159799993358,0.025160;0.024997;0.025013,0.026276;0.026225;0.026431,0.032455;0.035842;0.049241,,sequential,2026-10-03T11:52:26+00:00
L4-00356,L4,n2-standard-4,Linux,6.1.0-53-cloud-amd64,x86_64,Intel(R) Xeon(R) CPU @ 2.80GHz,intel,4,2,2800,16.8,3.14.6,CPython,1,forkserver,2.5.3,big_result,result_sorted_pairs,1031,122,0.8,seconds,normal,2001,142,4,2,1,4,0,0,0.0004744794716899841,0.9996114749035444,1.591020472260039,0.5705384871994261,0.9334147328070994,0.0,0.11028619599983358,0.0063453280008616275,0.07952499600014562,1.0399885030001315,1.0420880540000326,1.1968862759999865,1.022600;1.039989;1.061385,1.042088;1.037426;1.043068,1.196886;1.203099;1.186011,,sequential,2026-10-03T11:52:37+00:00
L4-00357,L4,n2-standard-4,Linux,6.1.0-53-cloud-amd64,x86_64,Intel(R) Xeon(R) CPU @ 2.80GHz,intel,4,2,2800,16.8,3.14.6,CPython,1,forkserver,2.5.3,algo_rec,algo_merge_sort,257,105684,0.8,seconds,big,1130,105706.55,4,2,1,10,0,0,0.000366013434784137,0.9999948381951342,0.5087766732191223,0.10517018317508728,0.9115347832327908,0.0,0.10839788900011627,0.0023374719999083027,0.07952499600014562,0.43051834500010955,0.44145010200008983,0.3408158059996822,0.432336;0.430518;0.430383,0.441450;0.439412;0.442897,0.372432;0.319950;0.340816,,multiprocessing,2026-10-03T11:52:41+00:00
L4-00358,L4,n2-standard-4,Linux,6.1.0-53-cloud-amd64,x86_64,Intel(R) Xeon(R) CPU @ 2.80GHz,intel,4,2,2800,16.8,3.14.6,CPython,1,forkserver,2.5.3,tiny,tiny_dict_lookup,9,21,0.3,seconds,normal,200000,40,4,8,0,1,0,0,2.430565009490238e-07,1.0,0.29759439883218725,12.407197584850806,0.6635046091758465,0.5,0.0051492279999365564,0.003159279997817066,0.061233049999827927,0.031048674000430765,0.0424367059999895,0.08084379199999603,0.030871;0.031540;0.031049,0.043494;0.042437;0.042361,0.080993;0.080844;0.075129,,sequential,2026-10-03T11:52:42+00:00
L4-00359,L4,n2-standard-4,Linux,6.1.0-53-cloud-amd64,x86_64,Intel(R) Xeon(R) CPU @ 2.80GHz,intel,4,2,2800,16.8,3.14.6,CPython,1,forkserver,2.5.3,big_payload,big_reverse,1,2720502,0.8,ms,big,8,2720524,4,2,0,0,0,0,0.001386322333322217,1.0,0.024548695660072964,0.9578212571104637,0.7015758915026098,0.0,0.014641265000136627,0.004469150000204536,0.07952499600014562,0.010962479000227177,0.012077813999894715,0.2594412429998556,0.010962;0.011001;0.010884,0.014912;0.012078;0.011405,0.259441,,sequential,2026-10-03T11:52:43+00:00
L4-00360,L4,n2-standard-4,Linux,6.1.0-53-cloud-amd64,x86_64,Intel(R) Xeon(R) CPU @ 2.80GHz,intel,4,2,2800,16.8,3.14.6,CPython,1,forkserver,2.5.3,gil_release,gil_zlib,7,39465,0.3,seconds,normal,192,39487,4,2,1,1,0,1,0.006010288555545331,0.9999797625478807,0.16867463364810173,0.0017859930268845033,1.705351855352441,0.0,0.08645983899987186,0.0003657539996311243,0.07952499600014562,1.079398356999718,0.5509922810001626,0.557963299000221,1.078261;1.080350;1.079398,0.550992;0.548442;0.552286,0.557963;0.559260;0.557771,,threading,2026-10-03T11:52:50+00:00
L4-00361,L4,n2-standard-4,Linux,6.1.0-53-cloud-amd64,x86_64,Intel(R) Xeon(R) CPU @ 2.80GHz,intel,4,2,2800,16.8,3.14.6,CPython,1,forkserver,2.5.3,gil_release,gil_numpy_matmul,63,3104,0.8,ms,normal,242,3126,4,2,0,2,0,1,3.7893000012445555e-05,1.0,0.757459786849539,0.11899559207511325,0.4932447863303245,0.0,0.007298423000065668,0.0005163909995644644,0.07952499600014562,0.008699547000105667,0.010547677999966254,0.057225411999752396,0.008428;0.008700;0.008838,0.010003;0.011092;0.010548,0.057225,,sequential,2026-10-03T11:52:51+00:00
L4-00362,L4,n2-standard-4,Linux,6.1.0-53-cloud-amd64,x86_64,Intel(R) Xeon(R) CPU @ 2.80GHz,intel,4,2,2800,16.8,3.14.6,CPython,1,forkserver,2.5.3,text,text_format_report,53,19,0.3,ms,normal,777,38,4,4,1,2,0,0,6.704519072271294e-05,1.0,0.20694478924711118,0.0654029002439944,0.9900347909968643,0.0,0.027433748000021296,0.0011758269997699244,0.05931371199994828,0.05100792600023851,0.05127866700013328,0.031117332999656355,0.052762;0.050134;0.051008,0.054365;0.051279;0.050975,0.031117;0.028414;0.035109,,multiprocessing,2026-10-03T11:52:52+00:00
L4-00363,L4,n2-standard-4,Linux,6.1.0-53-cloud-amd64,x86_64,Intel(R) Xeon(R) CPU @ 2.80GHz,intel,4,2,2800,16.8,3.14.6,CPython,1,forkserver,2.5.3,algo_rec,algo_lcs_memo,6,23,0.8,seconds,normal,134,42,4,4,1,10,0,0,0.012465537000025506,0.9999750245069163,0.2257741761142974,0.0006046590660872033,1.528663816682033,0.5,0.10679254900014712,0.0011831669999082806,0.05931371199994828,1.3823721490002754,1.4456777539999166,0.6811083709999366,1.379772;1.451451;1.382372,1.445678;1.433670;1.517266,0.681108;0.685028;0.666940,,multiprocessing,2026-10-03T11:53:03+00:00
L4-00364,L4,n2-standard-4,Linux,6.1.0-53-cloud-amd64,x86_64,Intel(R) Xeon(R) CPU @ 2.80GHz,intel,4,2,2800,16.8,3.14.6,CPython,1,forkserver,2.5.3,text,text_split_count,1,158,0.0,seconds,normal,45384,177,4,2,1,1,0,0,1.862092749593103e-05,1.0,0.10429330123939147,0.17216113426659732,0.9630110393210309,0.0,0.08036010900013935,0.003637156008153397,0.07952499600014562,0.8400386240000444,0.8601186300002155,0.4594104709999556,0.840039;0.841593;0.838100,0.860119;0.861525;0.857937,0.476837;0.459410;0.453673,,multiprocessing,2026-10-03T11:53:10+00:00
L4-00365,L4,n2-standard-4,Linux,6.1.0-53-cloud-amd64,x86_64,Intel(R) Xeon(R) CPU @ 2.80GHz,intel,4,2,2800,16.8,3.14.6,CPython,1,forkserver,2.5.3,big_result,result_sorted_pairs,3989,386,0.0,seconds,normal,675,409,4,8,1,4,0,0,0.0018115763928270617,0.9999821306797688,0.10254897265125429,0.5636658238772256,0.9553508773668548,0.0,0.12439824099965335,0.02071512100064865,0.061233049999827927,1.6164899929999592,1.656874377999884,1.4654590629997983,1.622036;1.601623;1.616490,1.652540;1.656874;1.749782,1.470593;1.465459;1.401040,,multiprocessing,2026-10-03T11:53:25+00:00
L4-00366,L4,n2-standard-4,Linux,6.1.0-53-cloud-amd64,x86_64,Intel(R) Xeon(R) CPU @ 2.80GHz,intel,4,2,2800,16.8,3.14.6,CPython,1,forkserver,2.5.3,recursive,rec_fib,27129,175403,0.0,seconds,big,1140,175426,4,2,0,4,0,0,0.0016421723548333948,1.0,0.009513969462988972,0.02169004972272714,0.9828850580465682,0.0,0.10428288299999622,0.0015071920001901162,0.07952499600014562,1.868635051000183,1.8848485600001368,1.1231950380001763,1.869564;1.864356;1.868635,1.887596;1.884849;1.884784,1.140152;1.121955;1.123195,,multiprocessing,2026-10-03T11:53:41+00:00
L4-00367,L4,n2-standard-4,Linux,6.1.0-53-cloud-amd64,x86_64,Intel(R) Xeon(R) CPU @ 2.80GHz,intel,4,2,2800,16.8,3.14.6,CPython,1,forkserver,2.5.3,mixed,mixed_json_roundtrip,472,2517,0.8,seconds,normal,19,2540,4,4,1,1,1,0,0.012893714500023634,0.9799303752803511,0.2736717970992791,0.0005651784839872264,0.5989286328531446,0.0,0.14372228799993536,0.00022076599998399615,0.05931371199994828,0.29752919100019426,0.299240608999753,0.16471752300003573,0.297640;0.297529;0.296255,0.299241;0.300217;0.299020,0.159393;0.167121;0.164718,,multiprocessing,2026-10-03T11:53:44+00:00
L4-00368,L4,n2-standard-4,Linux,6.1.0-53-cloud-amd64,x86_64,Intel(R) Xeon(R) CPU @ 2.80GHz,intel,4,2,2800,16.8,3.14.6,CPython,1,forkserver,2.5.3,db,db_mem_insert_select,105,1953045,0.3,ms,big,102,1953067,4,8,1,1,1,0,0.00017791988002500148,1.0,0.18291688236071754,2.48372975462828,0.7256573425151043,0.0,0.020160997999937535,0.009712381999179343,0.061233049999827927,0.01760633699996106,0.3295660859998861,0.21480643499990038,0.017606;0.017702;0.017406,0.329566,0.214806,,sequential,2026-10-03T11:53:46+00:00
L4-00369,L4,n2-standard-4,Linux,6.1.0-53-cloud-amd64,x86_64,Intel(R) Xeon(R) CPU @ 2.80GHz,intel,4,2,2800,16.8,3.14.6,CPython,1,forkserver,2.5.3,numpy,np_elementwise,349428,729,0.8,ms,normal,8,754,4,8,0,4,0,0,0.007293150000047414,1.0,0.5688494724287149,0.0016104609694384824,1.015238092043641,0.0,0.047590893999768014,0.0008786869993855362,0.061233049999827927,0.06517169699964143,0.058332917999905476,0.04086837600016224,0.065172;0.066543;0.064953,0.061220;0.058333;0.055103,0.040868;0.043265;0.035469,,multiprocessing,2026-10-03T11:53:47+00:00
L4-00370,L4,n2-standard-4,Linux,6.1.0-53-cloud-amd64,x86_64,Intel(R) Xeon(R) CPU @ 2.80GHz,intel,4,2,2800,16.8,3.14.6,CPython,1,forkserver,2.5.3,big_result,result_matrix_lists,103,88,0.8,ms,normal,10,107,4,2,2,5,0,0,0.001512435666578919,1.0,0.8290640371990904,0.25180927804255376,3.431129727285805,0.0,0.007816379999894707,0.0013211440004852193,0.07952499600014562,0.010662329999831854,0.0112050409998119,0.015471515000172076,0.010662;0.010681;0.010463,0.011289;0.011205;0.011184,0.015472;0.018625;0.013585,,sequential,2026-10-03T11:53:48+00:00
L4-00371,L4,n2-standard-4,Linux,6.1.0-53-cloud-amd64,x86_64,Intel(R) Xeon(R) CPU @ 2.80GHz,intel,4,2,2800,16.8,3.14.6,CPython,1,forkserver,2.5.3,big_payload,big_checksum_head,772,297190,0.0,seconds,big,672,297213,4,4,1,1,0,0,2.071056546594177e-05,0.9963326869065724,0.19860042303884284,2.871437775398263,0.8903354930978373,0.0,0.009551534999900468,0.002033185001437232,0.05931371199994828,0.0136872860002768,0.014255730000058975,0.15962157400008437,0.013504;0.013687;0.013745,0.014356;0.014256;0.014216,0.159622,,sequential,2026-10-03T11:53:49+00:00
L4-00372,L4,n2-standard-4,Linux,6.1.0-53-cloud-amd64,x86_64,Intel(R) Xeon(R) CPU @ 2.80GHz,intel,4,2,2800,16.8,3.14.6,CPython,1,forkserver,2.5.3,io,io_sleep_chunks,815,935061,0.0,seconds,big,213,935084,4,2,1,1,1,0,0.0010787879574754118,0.030429832777235204,0.020927501196965195,0.1772610629166224,1.9411324301367152,0.0,0.08153331299990896,0.004641304998585838,0.07952499600014562,0.22887822399979996,0.11770899200018903,0.2747144780000781,0.228102;0.229644;0.228878,0.118156;0.117528;0.117709,0.270790;0.274714;0.281787,,threading,2026-10-03T11:53:52+00:00
L4-00373,L4,n2-standard-4,Linux,6.1.0-53-cloud-amd64,x86_64,Intel(R) Xeon(R) CPU @ 2.80GHz,intel,4,2,2800,16.8,3.14.6,CPython,1,forkserver,2.5.3,io,io_sleep_chunks,13314,182,0.0,ms,normal,8,202,4,2,1,1,1,0,0.01362700900017444,0.004753163825985958,0.0010135392292128043,0.00075656123636839,1.48772244267512,27.5,0.0686238799999046,0.00021809999907418387,0.07952499600014562,0.10906332200011093,0.055033132000062324,0.05581886599975405,0.109146;0.108937;0.109063,0.054833;0.055033;0.055236,0.055480;0.055819;0.057039,,threading,2026-10-03T11:53:54+00:00
L4-00374,L4,n2-standard-4,Linux,6.1.0-53-cloud-amd64,x86_64,Intel(R) Xeon(R) CPU @ 2.80GHz,intel,4,2,2800,16.8,3.14.6,CPython,1,forkserver,2.5.3,algo_rec,algo_flood_fill,5,1021,0.8,ms,normal,16,1043,4,2,3,10,0,0,0.001635977750197526,1.0,0.5331596543570482,0.004850157642283201,1.2207306956929225,25.4,0.012754329000017606,0.0012970959992344433,0.07952499600014562,0.02491003399973124,0.026036397000098077,0.026028978999875108,0.024628;0.025141;0.024910,0.025744;0.029469;0.026036,0.017807;0.026029;0.026189,,sequential,2026-10-03T11:53:54+00:00
L4-00375,L4,n2-standard-4,Linux,6.1.0-53-cloud-amd64,x86_64,Intel(R) Xeon(R) CPU @ 2.80GHz,intel,4,2,2800,16.8,3.14.6,CPython,1,forkserver,2.5.3,gil_release,gil_sha256,115,14755,0.3,seconds,normal,185,14777,4,2,1,1,0,1,0.0074089935713865475,1.0,0.1417040871968436,0.0015565638116994277,1.9853992221674637,26.8,0.07879386100012198,0.0009717570005705056,0.07952499600014562,0.7474023090003357,0.39434201899985055,0.3916067390000535,0.761094;0.747402;0.745840,0.394342;0.400599;0.393722,0.415210;0.391607;0.391153,,multiprocessing,2026-10-03T11:53:59+00:00
L4-00376,L4,n2-standard-4,Linux,6.1.0-53-cloud-amd64,x86_64,Intel(R) Xeon(R) CPU @ 2.80GHz,intel,4,2,2800,16.8,3.14.6,CPython,1,forkserver,2.5.3,cpu,cpu_collatz,1156,24,0.0,seconds,normal,465,44,4,4,2,5,0,0,0.0051599003998944685,0.9999863793096962,0.006282244379591131,0.0009391847952484497,0.9737682698792733,0.0,0.10542583699998431,0.0008575550009481958,0.05931371199994828,2.3935588039998947,2.431357790999755,1.2118145769995863,2.395675;2.393559;2.387230,2.430931;2.431358;2.432639,1.209687;1.218411;1.211815,,multiprocessing,2026-10-03T11:54:18+00:00
L4-00377,L4,n2-standard-4,Linux,6.1.0-53-cloud-amd64,x86_64,Intel(R) Xeon(R) CPU @ 2.80GHz,intel,4,2,2800,16.8,3.14.6,CPython,1,forkserver,2.5.3,cpu,cpu_collatz,1633,657,0.3,ms,normal,8,680,4,2,2,5,0,0,0.009389991999948203,1.0,0.03965483264274328,0.0011223296545535757,1.0537590264218177,0.0,0.05587942500005738,0.00021289400046953233,0.07952499600014562,0.06771519999983866,0.06893866300015361,0.04229184800033181,0.067689;0.067715;0.068046,0.069186;0.068857;0.068939,0.046486;0.042292;0.040573,,multiprocessing,2026-10-03T11:54:19+00:00
L4-00378,L4,n2-standard-4,Linux,6.1.0-53-cloud-amd64,x86_64,Intel(R) Xeon(R) CPU @ 2.80GHz,intel,4,2,2800,16.8,3.14.6,CPython,1,forkserver,2.5.3,tiny,tiny_small_loop,43,93,0.8,seconds,normal,200000,112,4,2,0,0,0,0,4.948945008891314e-07,1.0,0.5347759173699104,7.863494077378064,0.6459489176225797,0.5,0.0066738700002133555,0.0033354719985254633,0.07952499600014562,0.09033109999973021,0.10037507399965762,0.14243095100027858,0.092823;0.089733;0.090331,0.100375;0.099771;0.100660,0.135114;0.144010;0.142431,,sequential,2026-10-03T11:54:21+00:00
L4-00379,L4,n2-standard-4,Linux,6.1.0-53-cloud-amd64,x86_64,Intel(R) Xeon(R) CPU @ 2.80GHz,intel,4,2,2800,16.8,3.14.6,CPython,1,forkserver,2.5.3,big_payload,big_checksum_head,505,466385,0.8,seconds,big,428,466407.85,4,2,1,1,0,0,1.3291467299308709e-05,1.0,0.4880593864434412,6.810459519206937,0.7825756324749265,0.0,0.00555896700006997,0.0022036439991097723,0.07952499600014562,0.0057180230000994925,0.006017290999807301,0.2348134169997138,0.005783;0.005718;0.005617,0.006100;0.005985;0.006017,0.234813,,sequential,2026-10-03T11:54:22+00:00
L4-00380,L4,n2-standard-4,Linux,6.1.0-53-cloud-amd64,x86_64,Intel(R) Xeon(R) CPU @ 2.80GHz,intel,4,2,2800,16.8,3.14.6,CPython,1,forkserver,2.5.3,big_result,result_matrix_lists,74,737610,0.3,seconds,big,271,737632,4,4,2,5,0,0,0.0006956975522615409,0.9997881449313346,0.4162508591457444,0.4715373784200254,0.9704948896257694,0.0,0.10126135699965744,0.006927194998297637,0.05931371199994828,0.18989292600008412,0.1880733500001952,0.22561868899992987,0.206910;0.182871;0.189893,0.195494;0.185735;0.188073,0.225619;0.249488;0.214986,,threading,2026-10-03T11:54:26+00:00
L4-00381,L4,n2-standard-4,Linux,6.1.0-53-cloud-amd64,x86_64,Intel(R) Xeon(R) CPU @ 2.80GHz,intel,4,2,2800,16.8,3.14.6,CPython,1,forkserver,2.5.3,db,db_file_lookup,104,74,0.3,seconds,normal,316,93,4,8,1,5,1,0,0.000907460714285792,0.9999735573497108,0.15089161363278802,0.003435410452520063,0.6153882994228563,0.0,0.13472596300016448,0.0013456420001602964,0.061233049999827927,0.28362853599992377,1.8711049249995995,0.1742209849999199,0.283629,1.871105,0.174221,threading,multiprocessing,2026-10-03T11:54:29+00:00
L4-00382,L4,n2-standard-4,Linux,6.1.0-53-cloud-amd64,x86_64,Intel(R) Xeon(R) CPU @ 2.80GHz,intel,4,2,2800,16.8,3.14.6,CPython,1,forkserver,2.5.3,big_result,result_sorted_pairs,792,785,0.8,ms,normal,51,807.9166666666666,4,4,1,4,0,0,0.0006494175833419528,1.0,1.2940717896031408,0.29799303500767377,1.834793860785722,0.0,0.01564048799991724,0.0033626009994804917,0.07928304999995817,0.02750772199988205,0.019960332999744423,0.021379129999786528,0.034839;0.027508;0.018609,0.019960;0.019921;0.020043,0.021379;0.020680;0.025214,,threading,2026-10-03T11:54:30+00:00
L4-00383,L4,n2-standard-4,Linux,6.1.0-53-cloud-amd64,x86_64,Intel(R) Xeon(R) CPU @ 2.80GHz,intel,4,2,2800,16.8,3.14.6,CPython,1,forkserver,2.5.3,algo_rec,algo_sudoku,2,499,0.0,ms,normal,60,521,4,2,3,28,0,0,0.0010414630666067146,1.0,1.1562775214687826,0.004049495464382347,0.8386300017514959,0.0,0.03667045199972563,0.0020020360007038107,0.042203140999845346,0.0765447559997483,0.0774326599998858,0.05218790699973397,0.075752;0.076545;0.076773,0.077311;0.077780;0.077433,0.052188;0.051284;0.058729,,multiprocessing,2026-10-03T11:54:31+00:00
L4-00384,L4,n2-standard-4,Linux,6.1.0-53-cloud-amd64,x86_64,Intel(R) Xeon(R) CPU @ 2.80GHz,intel,4,2,2800,16.8,3.14.6,CPython,1,forkserver,2.5.3,io,io_sleep_chunks,3111,325468,0.0,ms,big,8,325491,4,4,1,1,1,0,0.0034238233333780954,0.017623256625276133,0.005100043727410463,0.054481588323486665,1.469569503763239,0.0,0.018509907999941788,0.0011566449998099415,0.07928304999995817,0.02697529699980805,0.007166242000039347,0.011652105999928608,0.027127;0.026975;0.026960,0.007166;0.007117;0.007209,0.015227;0.011082;0.011652,,threading,2026-10-03T11:54:32+00:00
L4-00385,L4,n2-standard-4,Linux,6.1.0-53-cloud-amd64,x86_64,Intel(R) Xeon(R) CPU @ 2.80GHz,intel,4,2,2800,16.8,3.14.6,CPython,1,forkserver,2.5.3,io,io_sleep,7838,465,0.0,seconds,normal,51,488,4,8,0,1,1,0,0.007924601857082183,0.0031436039073392376,0.0011236764313776152,0.0008672990938643927,1.7315246287488935,0.0,0.0882047799996144,0.0006259339997995994,0.06006596500037631,0.4051893129999371,0.06398976000036782,0.06461393600011434,0.405189,0.064049;0.063990;0.063986,0.064688;0.064614;0.064267,,threading,2026-10-03T11:54:33+00:00
L4-00386,L4,n2-standard-4,Linux,6.1.0-53-cloud-amd64,x86_64,Intel(R) Xeon(R) CPU @ 2.80GHz,intel,4,2,2800,16.8,3.14.6,CPython,1,forkserver,2.5.3,cpu,cpu_collatz,825,45,0.3,ms,normal,16,65,4,4,2,5,0,0,0.003338542249935017,1.0,0.16828549867610224,0.0023481057004249256,1.0085151090248836,0.0,0.02793317500027115,0.000778253000589757,0.07928304999995817,0.05376677000003838,0.054902157000014995,0.0312609889997475,0.053401;0.053767;0.053892,0.054902;0.054712;0.055068,0.030892;0.031261;0.031462,,multiprocessing,2026-10-03T11:54:34+00:00
L4-00387,L4,n2-standard-4,Linux,6.1.0-53-cloud-amd64,x86_64,Intel(R) Xeon(R) CPU @ 2.80GHz,intel,4,2,2800,16.8,3.14.6,CPython,1,forkserver,2.5.3,algo_iter,algo_dijkstra,2166,66,0.0,seconds,normal,748,86,4,2,2,15,0,0,0.005262868499994511,1.0,0.05656281700756344,0.001007207366347948,0.8296139001370941,0.0,0.1166999179999948,0.0013952260001133254,0.042203140999845346,4.018822411000201,4.292517504999978,1.9655369370002518,4.005590;4.021940;4.018822,4.292518;4.294410;4.262695,1.953332;1.975315;1.965537,,multiprocessing,2026-10-03T11:55:05+00:00
L4-00388,L4,n2-standard-4,Linux,6.1.0-53-cloud-amd64,x86_64,Intel(R) Xeon(R) CPU @ 2.80GHz,intel,4,2,2800,16.8,3.14.6,CPython,1,forkserver,2.5.3,text,text_regex_findall,2,208,0.0,ms,normal,9877,227,4,2,1,1,0,0,2.556674754419893e-05,0.9999949628201259,0.07659798201488695,0.1345439030150157,1.0160097627995726,0.0,0.10221564999983457,0.0033421629968870548,0.042203140999845346,0.25130611399981717,0.2597028190002675,0.13142666999965513,0.251306;0.251734;0.250304,0.258428;0.259703;0.260504,0.145266;0.129999;0.131427,,multiprocessing,2026-10-03T11:55:08+00:00
L4-00389,L4,n2-standard-4,Linux,6.1.0-53-cloud-amd64,x86_64,Intel(R) Xeon(R) CPU @ 2.80GHz,intel,4,2,2800,16.8,3.14.6,CPython,1,forkserver,2.5.3,io,io_sleep,1066,256327,0.3,seconds,big,780,256350,4,8,0,1,1,0,0.0011397122666595451,0.013622779783642359,0.16356860722949637,0.09574499911322522,1.888911224434387,0.0,0.08121477899976526,0.0025892200001180754,0.06006596500037631,0.8859175200000209,0.11475043100017501,0.2680486869999186,0.885918,0.114622;0.114750;0.114835,0.284203;0.268049;0.263057,,threading,2026-10-03T11:55:11+00:00
L4-00390,L4,n2-standard-4,Linux,6.1.0-53-cloud-amd64,x86_64,Intel(R) Xeon(R) CPU @ 2.80GHz,intel,4,2,2800,16.8,3.14.6,CPython,1,forkserver,2.5.3,recursive,rec_tree_sum,7703,48,0.8,seconds,normal,81,68,4,2,0,4,0,0,0.002300982750011826,0.9997594239358003,0.6536742173157446,0.001598121495038372,0.8564925484345715,0.0,0.10075368600018919,0.000928302999909647,0.042203140999845346,0.2183908449997034,0.23673066799983644,0.1243726229999993,0.217869;0.218910;0.218391,0.234035;0.238971;0.236731,0.132538;0.124373;0.119333,,multiprocessing,2026-10-03T11:55:14+00:00
L4-00391,L4,n2-standard-4,Linux,6.1.0-53-cloud-amd64,x86_64,Intel(R) Xeon(R) CPU @ 2.80GHz,intel,4,2,2800,16.8,3.14.6,CPython,1,forkserver,2.5.3,recursive,rec_nqueens,3,49,0.8,ms,normal,88,68,4,8,1,10,0,0,0.0004482062727220182,1.0,0.5839812225651336,0.007447575397914825,0.9260279457324287,0.0,0.021781580000151735,0.001110959000470757,0.06006596500037631,0.042970478999905026,0.04465624600015872,0.02418777700040664,0.042789;0.042970;0.043321,0.044741;0.044552;0.044656,0.024149;0.024188;0.027324,,multiprocessing,2026-10-03T11:55:14+00:00
L4-00392,L4,n2-standard-4,Linux,6.1.0-53-cloud-amd64,x86_64,Intel(R) Xeon(R) CPU @ 2.80GHz,intel,4,2,2800,16.8,3.14.6,CPython,1,forkserver,2.5.3,big_payload,big_reverse,2,127994,0.0,seconds,big,1562,128016,4,8,0,0,0,0,0.00012109086411701588,0.9997827313288602,0.06553605523079158,0.35527287965758825,0.9599165098819927,0.0,0.0990224259999195,0.0021566989939856285,0.06006596500037631,0.1054538789999242,0.17487390399992364,1.2470061590001933,0.197001;0.105454;0.100606,0.204450;0.174874;0.173801,1.247006,,sequential,2026-10-03T11:55:18+00:00
L4-00393,L4,n2-standard-4,Linux,6.1.0-53-cloud-amd64,x86_64,Intel(R) Xeon(R) CPU @ 2.80GHz,intel,4,2,2800,16.8,3.14.6,CPython,1,forkserver,2.5.3,gil_release,gil_bz2,8,300000,0.3,seconds,big,666,300022,4,2,0,1,0,1,0.0017771557586299955,0.999997304928578,0.12295659522651628,0.027970986661584898,1.834194323373165,0.0,0.0812027910001234,0.0016864649996932712,0.042203140999845346,1.1373446839997996,0.5784148779998759,0.7780095730004177,1.137345;1.137952;1.136228,0.577589;0.578415;0.582260,0.807888;0.775709;0.778010,,threading,2026-10-03T11:55:27+00:00
L4-00394,L4,n2-standard-4,Linux,6.1.0-53-cloud-amd64,x86_64,Intel(R) Xeon(R) CPU @ 2.80GHz,intel,4,2,2800,16.8,3.14.6,CPython,1,forkserver,2.5.3,big_result,result_matrix_lists,21,1859,0.3,seconds,normal,29629,1881,4,2,2,5,0,0,5.5336788413629345e-05,0.999981932684916,0.573085108942897,0.3880854058487108,0.9481139152325704,0.0,0.10870944399994187,0.00616977600429891,0.042203140999845346,2.0057542679996914,2.1105175729999246,1.5970838510002068,2.009401;1.999008;2.005754,2.096780;2.110518;2.117052,1.597084;1.771960;1.577859,,multiprocessing,2026-10-03T11:55:45+00:00
L4-00395,L4,n2-standard-4,Linux,6.1.0-53-cloud-amd64,x86_64,Intel(R) Xeon(R) CPU @ 2.80GHz,intel,4,2,2800,16.8,3.14.6,CPython,1,forkserver,2.5.3,big_payload,big_checksum_head,6927,1433768,0.8,ms,big,73,1433791,4,2,1,1,0,0,0.00019659266672533704,1.0,0.44928971422734276,1.4686096576836958,0.9999908122444743,0.0,0.013025823999669228,0.005787686998701247,0.042203140999845346,0.012970949000191467,0.013421007000033569,0.09824116300023888,0.012919;0.013046;0.012971,0.013421;0.013432;0.013395,0.098241,,sequential,2026-10-03T11:55:46+00:00
L4-00396,L4,n2-standard-4,Linux,6.1.0-53-cloud-amd64,x86_64,Intel(R) Xeon(R) CPU @ 2.80GHz,intel,4,2,2800,16.8,3.14.6,CPython,1,forkserver,2.5.3,cpu,cpu_sum_squares,6105,248,0.8,seconds,normal,863,268,4,4,1,2,0,0,0.0003053597134212174,1.0,0.4797663589130148,0.012148950324106036,1.0181515844132947,0.0,0.10051305600018168,0.0009277199992538954,0.07928304999995817,0.2586625769999955,0.2626877949996924,0.1460742469998877,0.257632;0.258663;0.259672,0.261989;0.262688;0.263209,0.146074;0.149991;0.142861,,multiprocessing,2026-10-03T11:55:48+00:00
L4-00397,L4,n2-standard-4,Linux,6.1.0-53-cloud-amd64,x86_64,Intel(R) Xeon(R) CPU @ 2.80GHz,intel,4,2,2800,16.8,3.14.6,CPython,1,forkserver,2.5.3,big_payload,big_reverse,6,141528,0.8,ms,big,1413,141550,4,8,0,0,0,0,7.215749008114845e-05,1.0,0.1006562819379716,0.5522302663282206,0.5193373526988533,0.0,0.0764508880001813,0.0017232290015272156,0.06006596500037631,0.18344843800014132,0.11229343299964967,1.499661499998183,0.099932;0.191957;0.183448,0.170399;0.112293;0.107530,1.499661,multiprocessing,threading,2026-10-03T11:55:52+00:00
L4-00398,L4,n2-standard-4,Linux,6.1.0-53-cloud-amd64,x86_64,Intel(R) Xeon(R) CPU @ 2.80GHz,intel,4,2,2800,16.8,3.14.6,CPython,1,forkserver,2.5.3,big_payload,big_checksum_head,200,967126,0.3,seconds,big,206,967148,4,8,1,1,0,0,5.7963921237530364e-06,1.0,0.18717659877410373,32.73333582418124,0.4440058432902223,0.5,0.005137714999818854,0.004100174001450796,0.1045363019998149,0.0011582219999581866,0.0016527540001334273,0.2697695360002399,0.002192;0.001089;0.001158,0.001975;0.001653;0.001627,0.269770,,sequential,2026-10-03T11:55:54+00:00
L4-00399,L4,n2-standard-4,Linux,6.1.0-53-cloud-amd64,x86_64,Intel(R) Xeon(R) CPU @ 2.80GHz,intel,4,2,2800,16.8,3.14.6,CPython,1,forkserver,2.5.3,cpu,cpu_sum_squares,119489,159061,0.8,ms,big,11,159087.66666666666,4,8,1,2,0,0,0.004904242999903848,1.0,0.6411312877018238,0.010028255119408047,0.7473496085884137,0.0,0.03892001700023684,0.00033652000047368347,0.1045363019998149,0.07197808899991287,0.07368812799995794,0.048665374999927735,0.072987;0.071978;0.071565,0.073525;0.073838;0.073688,0.048665;0.046994;0.051588,,multiprocessing,2026-10-03T11:55:55+00:00
L4-00400,L4,n2-standard-4,Linux,6.1.0-53-cloud-amd64,x86_64,Intel(R) Xeon(R) CPU @ 2.80GHz,intel,4,2,2800,16.8,3.14.6,CPython,1,forkserver,2.5.3,io,io_sleep_return_payload,943,13007,0.3,seconds,normal,3408,13030,4,4,0,1,1,0,0.0009648211153821998,0.010537746711084489,0.1500938820085742,0.0071057732050720706,1.8648657469440657,0.0,0.07797769200033144,0.000870317000135401,0.07928304999995817,3.4376043769998432,0.8633991239998977,1.1340823470000032,3.440399;3.433646;3.437604,0.862572;0.863890;0.863399,1.181741;1.134082;1.121328,,threading,2026-10-03T11:56:12+00:00
L4-00401,L4,n2-standard-4,Linux,6.1.0-53-cloud-amd64,x86_64,Intel(R) Xeon(R) CPU @ 2.80GHz,intel,4,2,2800,16.8,3.14.6,CPython,1,forkserver,2.5.3,text,text_csv_parse,19,408,0.0,seconds,normal,249,430,4,2,2,3,0,0,0.0050174696999874865,0.9999936636240027,0.01616413972955453,0.0008432138623068802,1.1149607287143974,0.0,0.09605170699978771,0.0009297130000049947,0.042203140999845346,1.1197869780003202,1.091714445999969,0.5674815970000964,1.273808;1.119787;1.090874,1.091714;1.089590;1.097526,0.568699;0.567482;0.565512,,multiprocessing,2026-10-03T11:56:21+00:00
L4-00402,L4,n2-standard-4,Linux,6.1.0-53-cloud-amd64,x86_64,Intel(R) Xeon(R) CPU @ 2.80GHz,intel,4,2,2800,16.8,3.14.6,CPython,1,forkserver,2.5.3,db,db_file_commit,4,141,0.8,ms,normal,8,160,4,2,1,0,1,0,0.019540097999803645,0.08042157895505,0.2647285014243927,0.0005463636889669257,1.1490072814518881,0.0,0.10450905700008661,0.0008794160007710161,0.042203140999845346,0.1364733810000871,0.0897413869997763,0.09738252200031638,0.144574;0.136473;0.120432,0.101315;0.088266;0.089741,0.097775;0.095095;0.097383,,threading,2026-10-03T11:56:23+00:00
L4-00403,L4,n2-standard-4,Linux,6.1.0-53-cloud-amd64,x86_64,Intel(R) Xeon(R) CPU @ 2.80GHz,intel,4,2,2800,16.8,3.14.6,CPython,1,forkserver,2.5.3,tiny,tiny_add,776,113,0.3,ms,normal,200000,133,4,2,0,1,0,0,1.6663549831719138e-07,0.9854737475410378,1.4732202534866197,19.426532598373644,0.47862917951794604,0.0,0.004916650000268419,0.0031144950035013608,0.042203140999845346,0.02168498199989699,0.025442500000281143,0.09866375299998253,0.022806;0.021685;0.021335,0.025443;0.025639;0.025218,0.096313;0.098664;0.101440,,sequential,2026-10-03T11:56:24+00:00
L4-00404,L4,n2-standard-4,Linux,6.1.0-53-cloud-amd64,x86_64,Intel(R) Xeon(R) CPU @ 2.80GHz,intel,4,2,2800,16.8,3.14.6,CPython,1,forkserver,2.5.3,gil_release,gil_numpy_matmul,35,23143,0.8,ms,normal,279,23165,4,4,0,2,0,1,4.3077130428265676e-05,1.0,0.36809134702995805,0.18005029381574494,0.7394402370943839,0.0,0.008212146000005305,0.0012449830001060036,0.07928304999995817,0.010478947999672528,0.023519371000020328,0.08413326400022925,0.010479;0.010367;0.010641,0.023519;0.023332;0.024019,0.084133,,sequential,2026-10-03T11:56:25+00:00
L4-00405,L4,n2-standard-4,Linux,6.1.0-53-cloud-amd64,x86_64,Intel(R) Xeon(R) CPU @ 2.80GHz,intel,4,2,2800,16.8,3.14.6,CPython,1,forkserver,2.5.3,numpy,np_elementwise,1101,336,0.8,ms,normal,448,358.9,4,8,0,4,0,0,5.2720285724814986e-05,1.0,0.3414987040830676,0.07463351007151714,1.0177722487914778,0.0,0.012991247000172734,0.0012416329986990604,0.1045363019998149,0.023748782999973628,0.06174050600020564,0.1573921520002841,0.024032;0.023583;0.023749,0.061425;0.061741;0.062070,0.157392,,sequential,2026-10-03T11:56:25+00:00
L4-00406,L4,n2-standard-4,Linux,6.1.0-53-cloud-amd64,x86_64,Intel(R) Xeon(R) CPU @ 2.80GHz,intel,4,2,2800,16.8,3.14.6,CPython,1,forkserver,2.5.3,algo_iter,algo_edit_distance,53918,363,0.8,ms,normal,8,386.6666666666667,4,4,2,16,0,0,0.010434042999956242,1.0,0.35007880630884913,0.0009513730091443488,2.633453531135859,0.5,0.0417792529997314,0.0011492239996186981,0.07928304999995817,0.055958201000066765,0.05760934799991446,0.03697135500033255,0.056292;0.055827;0.055958,0.057609;0.057612;0.057280,0.036971;0.038898;0.033311,,multiprocessing,2026-10-03T11:56:27+00:00
L4-00407,L4,n2-standard-4,Linux,6.1.0-53-cloud-amd64,x86_64,Intel(R) Xeon(R) CPU @ 2.80GHz,intel,4,2,2800,16.8,3.14.6,CPython,1,forkserver,2.5.3,mixed,mixed_hash_then_write,117,39057,0.0,seconds,normal,5120,39079,4,2,1,3,1,0,0.0003735025746501283,0.2356323197370643,0.1795555781567063,0.026154036489346836,2.03312418360177,0.0,0.07633067300002949,0.0014361189969349653,0.042203140999845346,1.7828956369999105,1.2354721130000144,1.6766199789999519,1.782896;1.930411;1.747257,0.953155;1.235472;1.411215,1.114177;1.676620;1.682074,,threading,2026-10-03T11:56:41+00:00
L4-00408,L4,n2-standard-4,Linux,6.1.0-53-cloud-amd64,x86_64,Intel(R) Xeon(R) CPU @ 2.80GHz,intel,4,2,2800,16.8,3.14.6,CPython,1,forkserver,2.5.3,algo_iter,algo_kmeans,993,1371,0.3,ms,normal,8,1394,4,4,3,15,0,0,0.018500537666720145,0.9999828487776266,0.09807348111040008,0.0007056551769748338,1.0252429979168178,0.0,0.11457992200030276,0.0013951770001767727,0.07928304999995817,0.14283628900011536,0.1484514720000334,0.0817046020001726,0.142274;0.142905;0.142836,0.148451;0.148376;0.149048,0.085988;0.081705;0.080157,,multiprocessing,2026-10-03T11:56:43+00:00
L4-00409,L4,n2-standard-4,Linux,6.1.0-53-cloud-amd64,x86_64,Intel(R) Xeon(R) CPU @ 2.80GHz,intel,4,2,2800,16.8,3.14.6,CPython,1,forkserver,2.5.3,big_result,result_sorted_pairs,4584,286,0.3,seconds,normal,1945,309,4,8,1,4,0,0,0.0019680586153929024,0.9999798100475445,0.22070699805989358,0.6449712117726151,0.8554193590834631,0.0,0.13704076500016527,0.025719563999700767,0.1045363019998149,5.444857872999819,5.638732111000081,4.750390616000004,5.476479;5.431413;5.444858,5.616008;5.638732;5.645470,4.750391;4.758730;4.582195,,multiprocessing,2026-10-03T11:57:31+00:00
L4-00410,L4,n2-standard-4,Linux,6.1.0-53-cloud-amd64,x86_64,Intel(R) Xeon(R) CPU @ 2.80GHz,intel,4,2,2800,16.8,3.14.6,CPython,1,forkserver,2.5.3,mixed,mixed_parse_lines,22,12456,0.0,seconds,normal,324,12478,4,4,2,3,1,0,0.012394408599993767,0.9774832684686315,0.0064390068260004735,0.0007749784858318667,0.9943647736765765,0.0,0.12509516399995846,0.000892690999990009,0.07928304999995817,4.04277643200021,4.012543496000035,2.054987251000057,3.994140;4.042776;4.092354,4.004881;4.016160;4.012543,2.057427;2.054987;2.048635,,multiprocessing,2026-10-03T11:58:02+00:00
L4-00411,L4,n2-standard-4,Linux,6.1.0-53-cloud-amd64,x86_64,Intel(R) Xeon(R) CPU @ 2.80GHz,intel,4,2,2800,16.8,3.14.6,CPython,1,forkserver,2.5.3,text,text_format_report,1796,826,0.8,ms,normal,29,849,4,4,1,2,0,0,0.003716011285762631,1.0,0.6494166806456594,0.0013555240835995534,1.1611215992444832,5.5,0.04689977899988662,0.0007837499993001984,0.07928304999995817,0.06437659199991685,0.06607440700008738,0.03834166400019967,0.064278;0.064399;0.064377,0.066722;0.065861;0.066074,0.048957;0.038342;0.037590,,multiprocessing,2026-10-03T11:58:03+00:00
L4-00412,L4,n2-standard-4,Linux,6.1.0-53-cloud-amd64,x86_64,Intel(R) Xeon(R) CPU @ 2.80GHz,intel,4,2,2800,16.8,3.14.6,CPython,1,forkserver,2.5.3,algo_iter,algo_game_of_life,4,52,0.3,ms,normal,26,71,4,2,5,9,0,0,0.005940295166662206,0.999997250814137,0.09647622875004204,0.008129899036651952,1.0700519049202384,0.0,0.07084441699998933,0.0014729270001225814,0.042203140999845346,0.14422782600013306,0.14576138899974467,0.08511932600004002,0.144874;0.143948;0.144228,0.146478;0.145644;0.145761,0.086165;0.078647;0.085119,,multiprocessing,2026-10-03T11:58:05+00:00
L4-00413,L4,n2-standard-4,Linux,6.1.0-53-cloud-amd64,x86_64,Intel(R) Xeon(R) CPU @ 2.80GHz,intel,4,2,2800,16.8,3.14.6,CPython,1,forkserver,2.5.3,recursive,rec_fib,106262,970,0.0,seconds,normal,260,995,4,4,0,4,0,0,0.0069287683749621465,0.9999954908907424,0.0031789699636569912,0.0008688412824523099,0.9820510757386665,0.0,0.11259748799966474,0.0007012709997979982,0.07928304999995817,1.8010496510000849,1.8280735429998458,0.9315451249999569,1.800905;1.801770;1.801050,1.828074;1.828393;1.825330,0.931545;0.930734;0.931957,,multiprocessing,2026-10-03T11:58:19+00:00
L4-00414,L4,n2-standard-4,Linux,6.1.0-53-cloud-amd64,x86_64,Intel(R) Xeon(R) CPU @ 2.80GHz,intel,4,2,2800,16.8,3.14.6,CPython,1,forkserver,2.5.3,mixed,mixed_hash_then_write,322,1175,0.0,seconds,normal,6981,1198,4,4,1,3,1,0,0.0003629439202811319,0.2564580164943023,0.21286064645153174,0.009499814751388825,1.9048721075105544,0.0,0.07726036599979125,0.000661613000829675,0.07928304999995817,2.4535232880002695,2.281142974999966,2.1233953109999675,2.453523;2.439878;2.668039,2.178921;2.281143;2.287922,0.634470;2.123395;2.282236,,multiprocessing,2026-10-03T11:58:39+00:00
L4-00415,L4,n2-standard-4,Linux,6.1.0-53-cloud-amd64,x86_64,Intel(R) Xeon(R) CPU @ 2.80GHz,intel,4,2,2800,16.8,3.14.6,CPython,1,forkserver,2.5.3,mixed,mixed_json_roundtrip,8,273180,0.0,ms,big,35,273202,4,4,1,1,1,0,0.00034650987504392106,0.8357991525772086,0.06476369249613753,0.1690377510301084,0.880658426387,0.0,0.007175275000008696,0.0012510209994616162,0.07928304999995817,0.011409413999899698,0.01207664699995803,0.015081187000305363,0.011434;0.011409;0.011394,0.012078;0.012077;0.011832,0.015081;0.015869;0.010859,,sequential,2026-10-03T11:58:40+00:00
L4-00416,L4,n2-standard-4,Linux,6.1.0-53-cloud-amd64,x86_64,Intel(R) Xeon(R) CPU @ 2.80GHz,intel,4,2,2800,16.8,3.14.6,CPython,1,forkserver,2.5.3,algo_iter,algo_dijkstra,88,155,0.8,ms,normal,36,174,4,8,2,15,0,0,0.0001804176667469114,1.0,0.42503661256123954,0.022133210706438682,0.7940645581542437,0.5,0.0038051690003158,0.0002572889993643912,0.1045363019998149,0.005793872000140254,0.006777951999993093,0.006224942000244482,0.005794;0.005829;0.005725,0.006913;0.006778;0.006639,0.004752;0.010760;0.006225,,sequential,2026-10-03T11:58:40+00:00
L4-00417,L4,n2-standard-4,Linux,6.1.0-53-cloud-amd64,x86_64,Intel(R) Xeon(R) CPU @ 2.80GHz,intel,4,2,2800,16.8,3.14.6,CPython,1,forkserver,2.5.3,numpy,np_fft,104070,910,0.0,ms,normal,8,935,4,4,0,0,0,1,0.014210028999968927,1.0,0.01620571198146316,0.0007707232678573624,1.247644419627521,0.0,0.0777964469998551,0.0007953959998303617,0.07928304999995817,0.1134846920003838,0.0777448550002191,0.1010269309999785,0.110700;0.115488;0.113485,0.072615;0.077942;0.077745,0.101835;0.101027;0.088641,,threading,2026-10-03T11:58:42+00:00
L4-00418,L4,n2-standard-4,Linux,6.1.0-53-cloud-amd64,x86_64,Intel(R) Xeon(R) CPU @ 2.80GHz,intel,4,2,2800,16.8,3.14.6,CPython,1,forkserver,2.5.3,algo_rec,algo_sudoku,3,22,0.0,seconds,normal,2527,41,4,8,3,28,0,0,0.09988554083330807,0.9998811595279881,2.135175890604011,5.813821019745742e-05,48.97518592198343,0.0,0.6143027049997727,0.00024787799975456437,0.1045363019998149,20.500908625999728,21.024997256000006,10.737607056999877,20.446439;20.512086;20.500909,21.007558;21.402101;21.024997,10.763275;10.737607;10.716116,,multiprocessing,2026-10-03T12:01:20+00:00
L4-00419,L4,n2-standard-4,Linux,6.1.0-53-cloud-amd64,x86_64,Intel(R) Xeon(R) CPU @ 2.80GHz,intel,4,2,2800,16.8,3.14.6,CPython,1,forkserver,2.5.3,gil_release,gil_sha256,818,165335,0.3,ms,big,8,165358,4,2,1,1,0,1,0.3827019886668192,0.9998889532425816,0.06483863582984842,0.00011798039900942346,2.0106849352548792,0.0,1.7460726880003676,0.0007684440001867188,0.042203140999845346,2.843334626000342,1.4577908189999107,1.4669620649997341,2.843184;2.848997;2.843335,1.463582;1.457791;1.456646,1.466865;1.466962;1.470630,,threading,2026-10-03T12:01:40+00:00
L4-00420,L4,n2-standard-4,Linux,6.1.0-53-cloud-amd64,x86_64,Intel(R) Xeon(R) CPU @ 2.80GHz,intel,4,2,2800,16.8,3.14.6,CPython,1,forkserver,2.5.3,numpy,np_elementwise,1020,718192,0.8,ms,big,34,718215,4,8,0,4,0,0,0.0012478547500904824,1.0,0.2532994838071675,0.14949766784846774,0.8781890099023084,0.0,0.022154603999752,0.0017485369990026811,0.1045363019998149,0.037308749000203534,0.03193129900000713,0.047943459000180155,0.037309;0.036893;0.037940,0.031991;0.031282;0.031931,0.047943;0.047420;0.048450,,threading,2026-10-03T12:01:41+00:00
L4-00421,L4,n2-standard-4,Linux,6.1.0-53-cloud-amd64,x86_64,Intel(R) Xeon(R) CPU @ 2.80GHz,intel,4,2,2800,16.8,3.14.6,CPython,1,forkserver,2.5.3,io,io_sleep_chunks,6294,860290,0.3,ms,big,8,860313,4,2,1,1,1,0,0.007281558666818455,0.00861459333986094,0.11620962722582263,0.036150913820699716,1.2979496160136408,0.0,0.03862889300035022,0.0010003429997595958,0.042203140999845346,0.05903332300022157,0.03216102399983356,0.036096956999699614,0.059072;0.059033;0.058777,0.032161;0.032158;0.032265,0.036097;0.035933;0.036203,,threading,2026-10-03T12:01:42+00:00
L4-00422,L4,n2-standard-4,Linux,6.1.0-53-cloud-amd64,x86_64,Intel(R) Xeon(R) CPU @ 2.80GHz,intel,4,2,2800,16.8,3.14.6,CPython,1,forkserver,2.5.3,numpy,np_linalg_solve,43,157,0.0,ms,normal,1683,176,4,4,0,3,0,1,5.5889002381566874e-05,1.0,0.1868522736856602,0.07122152479251345,0.6818506230528496,0.0,0.05975154999987353,0.0018971909998981573,0.07928304999995817,0.09358598700009679,0.20576003499991202,0.056789348000165774,0.093753;0.093178;0.093586,0.204184;0.206695;0.205760,0.058353;0.055431;0.056789,,multiprocessing,2026-10-03T12:01:44+00:00
L4-00423,L4,n2-standard-4,Linux,6.1.0-53-cloud-amd64,x86_64,Intel(R) Xeon(R) CPU @ 2.80GHz,intel,4,2,2800,16.8,3.14.6,CPython,1,forkserver,2.5.3,algo_rec,algo_lcs_memo,3,306,0.8,ms,normal,17,328,4,4,1,10,0,0,0.005670841999858567,1.0,0.33141833741527305,0.001307213293662172,1.1323170527501374,0.0,0.04455824599972402,0.0011364360007064533,0.07928304999995817,0.10658563499964657,0.11100528199995097,0.06456808699977046,0.106995;0.106552;0.106586,0.109881;0.111005;0.113675,0.063044;0.073943;0.064568,,multiprocessing,2026-10-03T12:01:45+00:00
L4-00424,L4,n2-standard-4,Linux,6.1.0-53-cloud-amd64,x86_64,Intel(R) Xeon(R) CPU @ 2.80GHz,intel,4,2,2800,16.8,3.14.6,CPython,1,forkserver,2.5.3,algo_rec,algo_merge_sort,160,301,0.8,seconds,normal,12609,323.05,4,8,1,10,0,0,0.0002162193534331891,0.9999917254932478,0.495944627591318,0.05120055074018634,0.9503719541472799,0.0,0.10497378099989874,0.0018744820031315612,0.1045363019998149,2.8899565040001107,2.972278390000156,1.5199889669997901,2.873366;2.900940;2.889957,3.004265;2.972278;2.963453,1.519989;1.518087;1.551613,,multiprocessing,2026-10-03T12:02:08+00:00
L4-00425,L4,n2-standard-4,Linux,6.1.0-53-cloud-amd64,x86_64,Intel(R) Xeon(R) CPU @ 2.80GHz,intel,4,2,2800,16.8,3.14.6,CPython,1,forkserver,2.5.3,db,db_file_lookup,95,199,0.0,ms,normal,39,218,4,4,1,5,1,0,0.0014088017778703943,0.9995465848482232,0.055437307754680705,0.005987436358247378,0.34304551039766057,26.8,0.051264417999846046,0.0021327569988898176,0.07928304999995817,0.03321648500013907,0.35599953100017956,0.02507363200038526,0.050408;0.033216;0.032882,0.356000,0.050290;0.025074;0.018334,,multiprocessing,2026-10-03T12:02:09+00:00
L4-00426,L4,n2-standard-4,Linux,6.1.0-53-cloud-amd64,x86_64,Intel(R) Xeon(R) CPU @ 2.80GHz,intel,4,2,2800,16.8,3.14.6,CPython,1,forkserver,2.5.3,text,text_split_count,61,297,0.0,seconds,normal,4944,319,4,2,1,1,0,0,0.0009968567058992858,0.999990509578856,0.02252114038074499,0.0034522013156376478,0.8449690248232077,27.4,0.11192222499994386,0.0009632659989620151,0.042203140999845346,4.874881599999753,4.966708323000148,2.4405859399998917,4.893470;4.872570;4.874882,4.966708;4.962357;4.986122,2.443213;2.438553;2.440586,,multiprocessing,2026-10-03T12:02:47+00:00
L4-00427,L4,n2-standard-4,Linux,6.1.0-53-cloud-amd64,x86_64,Intel(R) Xeon(R) CPU @ 2.80GHz,intel,4,2,2800,16.8,3.14.6,CPython,1,forkserver,2.5.3,big_payload,big_checksum_head,251,433399,0.0,ms,big,461,433421,4,2,1,1,0,0,7.39726090851827e-06,1.0,0.3471274297283815,10.597733544555432,0.7089217602959897,0.0,0.00410049899983278,0.0019583779953791236,0.042203140999845346,0.003116902999863669,0.0035811679999824264,0.24290010400000028,0.003210;0.003117;0.003100,0.003685;0.003581;0.003390,0.242900,,sequential,2026-10-03T12:02:48+00:00
L4-00428,L4,n2-standard-4,Linux,6.1.0-53-cloud-amd64,x86_64,Intel(R) Xeon(R) CPU @ 2.80GHz,intel,4,2,2800,16.8,3.14.6,CPython,1,forkserver,2.5.3,db,db_mem_insert_select,10039,875,0.3,seconds,normal,66,898,4,8,1,1,1,0,0.00813081685724423,0.9999948356039813,0.1769089127864673,0.0006762103840666024,0.36930237468287636,0.0,0.21440305299984175,0.0008232999994106649,0.1045363019998149,0.5426435869999295,2.2655250550005803,0.25310501100011606,0.542644,2.265525,0.253105,threading,multiprocessing,2026-10-03T12:02:52+00:00
L4-00429,L4,n2-standard-4,Linux,6.1.0-53-cloud-amd64,x86_64,Intel(R) Xeon(R) CPU @ 2.80GHz,intel,4,2,2800,16.8,3.14.6,CPython,1,forkserver,2.5.3,gil_release,gil_bz2,224,300000,0.0,ms,big,8,300022,4,4,0,1,0,1,0.024062997333354968,0.9999741738207337,0.004764742276748649,0.004467578657039194,1.4435859280998866,0.0,0.12346347699985927,0.0012820879996979784,0.10158825700000307,0.19014224200009266,0.0861887639998713,0.09035626300010335,0.189860;0.190693;0.190142,0.086189;0.085772;0.086604,0.090115;0.094031;0.090356,,threading,2026-10-03T12:02:54+00:00
L4-00430,L4,n2-standard-4,Linux,6.1.0-53-cloud-amd64,x86_64,Intel(R) Xeon(R) CPU @ 2.80GHz,intel,4,2,2800,16.8,3.14.6,CPython,1,forkserver,2.5.3,big_payload,big_upper_copy,8,1232561,0.3,ms,big,156,1232583,4,8,0,0,0,0,0.0010698133077289057,1.0,0.15297716277754772,0.5116120224199939,0.9449287994209282,0.0,0.09819350899988422,0.011696292998749414,0.06425328399973296,0.18226132600011624,0.1450734189998002,1.2989969080003902,0.210952;0.182261;0.181552,0.182835;0.139718;0.145073,1.298997,,threading,2026-10-03T12:02:58+00:00
L4-00431,L4,n2-standard-4,Linux,6.1.0-53-cloud-amd64,x86_64,Intel(R) Xeon(R) CPU @ 2.80GHz,intel,4,2,2800,16.8,3.14.6,CPython,1,forkserver,2.5.3,db,db_mem_insert_select,16,283,0.8,seconds,normal,13950,305,4,8,1,1,1,0,9.819075146993994e-05,1.0,0.1001841618701077,0.031922557749606235,0.6926828409172746,0.0,0.12359395500016035,0.0018643180051185482,0.06425328399973296,1.368102540000109,3.8525849900006506,0.5705169980001301,1.368103,3.852585,0.570517,threading,multiprocessing,2026-10-03T12:03:04+00:00
L4-00432,L4,n2-standard-4,Linux,6.1.0-53-cloud-amd64,x86_64,Intel(R) Xeon(R) CPU @ 2.80GHz,intel,4,2,2800,16.8,3.14.6,CPython,1,forkserver,2.5.3,mixed,mixed_hash_then_write,480,13023,0.3,seconds,normal,15357,13046,4,4,1,3,1,0,0.0004995994299633822,0.21169934760616188,1.2345613932954644,0.012720891172782736,1.612106507694139,0.0,0.08294800900011978,0.0016775930039329978,0.09809156400024222,5.571498867000173,5.012838953000028,4.474617413000033,5.461332;5.571499;5.589024,5.012060;5.022628;5.012839,3.304867;5.020401;4.474617,,multiprocessing,2026-10-03T12:03:50+00:00
L4-00433,L4,n2-standard-4,Linux,6.1.0-53-cloud-amd64,x86_64,Intel(R) Xeon(R) CPU @ 2.80GHz,intel,4,2,2800,16.8,3.14.6,CPython,1,forkserver,2.5.3,tiny,tiny_add,4,85,0.0,seconds,normal,200000,104,4,2,0,1,0,0,1.1038950492547884e-07,1.0,0.30142528099099947,30.278241188946833,0.18984443400150536,0.0,0.005067088000032527,0.002875548990232346,0.041413681999983964,0.011335377000250446,0.017081744999813964,0.09031304199970691,0.011290;0.011456;0.011335,0.018788;0.017019;0.017082,0.090313,,sequential,2026-10-03T12:03:51+00:00
L4-00434,L4,n2-standard-4,Linux,6.1.0-53-cloud-amd64,x86_64,Intel(R) Xeon(R) CPU @ 2.80GHz,intel,4,2,2800,16.8,3.14.6,CPython,1,forkserver,2.5.3,text,text_csv_parse,5,75,0.8,seconds,normal,1059,94,4,2,2,3,0,0,0.00026572480855298016,0.9999847901308982,0.36046367347165054,0.01183555289774136,1.0556942772899163,0.0,0.09872718599990549,0.0012711099916487,0.041413681999983964,0.26603055300029155,0.2680012179998812,0.1476005750000695,0.271788;0.266031;0.264074,0.267343;0.268408;0.268001,0.147601;0.152285;0.145866,,multiprocessing,2026-10-03T12:03:54+00:00
L4-00435,L4,n2-standard-4,Linux,6.1.0-53-cloud-amd64,x86_64,Intel(R) Xeon(R) CPU @ 2.80GHz,intel,4,2,2800,16.8,3.14.6,CPython,1,forkserver,2.5.3,recursive,rec_quicksort,4568,1056,0.8,ms,normal,8,1079,4,2,1,8,0,0,0.006156876999739325,1.0,0.5900381451719791,0.0014722832053778471,1.5106263517384644,0.0,0.03577141100004155,0.0009728650006763928,0.041413681999983964,0.04806537600006777,0.04917502600028456,0.030286094000075536,0.047848;0.048251;0.048065,0.049561;0.048857;0.049175,0.030286;0.032611;0.028670,,multiprocessing,2026-10-03T12:03:55+00:00
L4-00436,L4,n2-standard-4,Linux,6.1.0-53-cloud-amd64,x86_64,Intel(R) Xeon(R) CPU @ 2.80GHz,intel,4,2,2800,16.8,3.14.6,CPython,1,forkserver,2.5.3,mixed,mixed_json_roundtrip,3,1279134,0.3,ms,big,156,1279156,4,8,1,1,1,0,0.00016234215387064466,0.6726446098619907,0.11523823986543762,1.7784361182837745,0.8652554522002008,0.5,0.02033689800009597,0.006645660998856329,0.11072542400006569,0.025224912999874505,0.024388623000049847,0.25700786400011566,0.034834;0.025225;0.025182,0.024801;0.024389;0.024270,0.257008,,threading,2026-10-03T12:03:57+00:00
L4-00437,L4,n2-standard-4,Linux,6.1.0-53-cloud-amd64,x86_64,Intel(R) Xeon(R) CPU @ 2.80GHz,intel,4,2,2800,16.8,3.14.6,CPython,1,forkserver,2.5.3,big_payload,big_count_byte,7,3785179,0.8,ms,big,23,3785201,4,4,0,1,0,0,0.006172746799893503,1.0,0.007790252568615097,0.1532482751548578,0.9799590477086171,0.0,0.06764403399984076,0.005303557000388537,0.09809156400024222,0.14100920500004577,0.14250401800018153,0.10019164900040778,0.140004;0.141453;0.141009,0.142630;0.142504;0.142106,0.100192;0.099260;0.103390,,multiprocessing,2026-10-03T12:03:59+00:00
L4-00438,L4,n2-standard-4,Linux,6.1.0-53-cloud-amd64,x86_64,Intel(R) Xeon(R) CPU @ 2.80GHz,intel,4,2,2800,16.8,3.14.6,CPython,1,forkserver,2.5.3,algo_rec,algo_merge_sort,529,514,0.0,ms,normal,13,537,4,2,1,10,0,0,0.000835900666819119,1.0,0.03842332785227604,0.03805196946467746,0.8271624664881161,0.5,0.0068274780001047475,0.0013136729999132513,0.041413681999983964,0.010781660999782616,0.01127381800006333,0.011829656999907456,0.010721;0.010782;0.010895,0.011091;0.011274;0.011389,0.010549;0.015485;0.011830,,sequential,2026-10-03T12:03:59+00:00
L4-00439,L4,n2-standard-4,Linux,6.1.0-53-cloud-amd64,x86_64,Intel(R) Xeon(R) CPU @ 2.80GHz,intel,4,2,2800,16.8,3.14.6,CPython,1,forkserver,2.5.3,cpu,cpu_collatz,1155,1466864,0.8,seconds,big,136,1466887,4,8,2,5,0,0,0.006404999124981714,0.9999831413276735,0.460657890783957,0.06225970794531242,1.0318861224034996,0.0,0.1079511539996929,0.004000100999746792,0.11072542400006569,0.750694410000051,0.7668038650003837,0.4679531789997782,0.750745;0.748540;0.750694,0.766804;0.765721;0.767865,0.470711;0.462376;0.467953,,multiprocessing,2026-10-03T12:04:06+00:00
L4-00440,L4,n2-standard-4,Linux,6.1.0-53-cloud-amd64,x86_64,Intel(R) Xeon(R) CPU @ 2.80GHz,intel,4,2,2800,16.8,3.14.6,CPython,1,forkserver,2.5.3,db,db_file_lookup,56,350,0.8,seconds,normal,403,372,4,4,1,5,1,0,0.0005560537692172846,0.9999714269742757,0.35214463070476015,0.005766168976825972,0.6376930748984091,0.0,0.13109868099991218,0.0014257850011745177,0.09809156400024222,0.2211184510001658,1.017152546000034,0.10677704399995491,0.222883;0.221118;0.219332,1.017153,0.127238;0.105267;0.106777,,multiprocessing,2026-10-03T12:04:09+00:00
L4-00441,L4,n2-standard-4,Linux,6.1.0-53-cloud-amd64,x86_64,Intel(R) Xeon(R) CPU @ 2.80GHz,intel,4,2,2800,16.8,3.14.6,CPython,1,forkserver,2.5.3,tiny,tiny_len,1,76,0.8,ms,normal,110508,95,4,8,0,0,0,0,1.3379050278672368e-07,1.0,5.007873191642191,23.842499419637626,0.4827175025636906,0.0,0.004594628000177181,0.002990966994275368,0.11072542400006569,0.006190526999944268,0.011003824999988865,0.06563919700010956,0.006191;0.006203;0.006160,0.011670;0.011004;0.010586,0.065639,,sequential,2026-10-03T12:04:10+00:00
L4-00442,L4,n2-standard-4,Linux,6.1.0-53-cloud-amd64,x86_64,Intel(R) Xeon(R) CPU @ 2.80GHz,intel,4,2,2800,16.8,3.14.6,CPython,1,forkserver,2.5.3,tiny,tiny_add,1,258205,0.8,ms,big,774,258227,4,8,0,1,0,0,4.4498444362778766e-07,1.0,2.882566443064091,104.73073985244142,0.17179228741975575,0.0,0.002128968000306486,0.001401051002630993,0.11072542400006569,9.799700001167366e-05,0.0007934310001473932,0.1850222460002442,0.000195;0.000098;0.000046,0.000872;0.000715,0.185022,,sequential,2026-10-03T12:04:11+00:00
L4-00443,L4,n2-standard-4,Linux,6.1.0-53-cloud-amd64,x86_64,Intel(R) Xeon(R) CPU @ 2.80GHz,intel,4,2,2800,16.8,3.14.6,CPython,1,forkserver,2.5.3,gil_release,gil_sha256,628,26438,0.0,ms,normal,8,26461,4,8,1,1,0,1,0.03954172233322121,0.9998672416928995,0.01689266205740925,0.00042532290603236985,1.3254340971163026,25.4,0.2095414030000029,0.0006664890001957247,0.11072542400006569,0.3137177469998278,0.1937223830000221,0.17123522500014587,0.313718;0.319559;0.312751,0.193722;0.195627;0.170049,0.181341;0.171235;0.169177,,multiprocessing,2026-10-03T12:04:14+00:00
L4-00444,L4,n2-standard-4,Linux,6.1.0-53-cloud-amd64,x86_64,Intel(R) Xeon(R) CPU @ 2.80GHz,intel,4,2,2800,16.8,3.14.6,CPython,1,forkserver,2.5.3,algo_rec,algo_lcs_memo,2,79,0.3,seconds,normal,42,98,4,4,1,10,0,0,0.008293534999990828,0.9999989323758667,0.19772872145412956,0.0009653991137538739,1.457234208867537,26.8,0.09924204400022063,0.0019614670000009937,0.09809156400024222,0.22414664400002948,0.23568317400031447,0.13222882199988817,0.224671;0.224147;0.217503,0.235683;0.250674;0.234184,0.138861;0.114920;0.132229,,multiprocessing,2026-10-03T12:04:16+00:00
L4-00445,L4,n2-standard-4,Linux,6.1.0-53-cloud-amd64,x86_64,Intel(R) Xeon(R) CPU @ 2.80GHz,intel,4,2,2800,16.8,3.14.6,CPython,1,forkserver,2.5.3,mixed,mixed_parse_lines,2,19706,0.0,seconds,normal,4411,19728,4,8,2,3,1,0,0.0018273344643700642,0.9609507508087588,0.019460422875680422,0.003698282993081296,1.0335159217848353,0.0,0.10174439100001109,0.0010975019977195188,0.11072542400006569,7.93577006500027,7.848418466000112,4.0826004620003005,7.973155;7.935770;7.905132,7.842640;7.857804;7.848418,4.065279;4.082600;4.085343,,multiprocessing,2026-10-03T12:05:17+00:00
L4-00446,L4,n2-standard-4,Linux,6.1.0-53-cloud-amd64,x86_64,Intel(R) Xeon(R) CPU @ 2.80GHz,intel,4,2,2800,16.8,3.14.6,CPython,1,forkserver,2.5.3,mixed,mixed_json_roundtrip,45,142820,0.8,seconds,big,333,142842,4,8,1,1,1,0,0.0016335678749896942,0.9531767547453328,0.48251517432941265,0.013564113419264685,1.1462954626543926,0.0,0.09948516299982657,0.0007385919998341706,0.11072542400006569,0.5109291910002867,0.5072796189997462,0.2863234530000227,0.510929;0.513861;0.509169,0.502882;0.508255;0.507280,0.283124;0.288173;0.286323,,multiprocessing,2026-10-03T12:05:21+00:00
L4-00447,L4,n2-standard-4,Linux,6.1.0-53-cloud-amd64,x86_64,Intel(R) Xeon(R) CPU @ 2.80GHz,intel,4,2,2800,16.8,3.14.6,CPython,1,forkserver,2.5.3,numpy,np_linalg_solve,26,830,0.3,ms,normal,247,852,4,8,0,3,0,1,5.1924245915452945e-05,1.0,0.570162599566834,0.08115284008583705,0.5371507419807826,0.0,0.009980629999972734,0.0011692559992297902,0.11072542400006569,0.010947397999643727,0.031100837000394677,0.15573839799981215,0.010947;0.011814;0.010935,0.031756;0.031056;0.031101,0.155738,,sequential,2026-10-03T12:05:22+00:00
L4-00448,L4,n2-standard-4,Linux,6.1.0-53-cloud-amd64,x86_64,Intel(R) Xeon(R) CPU @ 2.80GHz,intel,4,2,2800,16.8,3.14.6,CPython,1,forkserver,2.5.3,big_payload,big_reverse,4,105455,0.0,seconds,big,1896,105477,4,4,0,0,0,0,0.00010105744725686097,1.0,0.09342135343334297,0.3635090829480101,1.156099718813055,0.0,0.09177487399983875,0.0021264830002110102,0.09809156400024222,0.19217030399977375,0.17187865999994756,1.6921241159998317,0.197651;0.191456;0.192170,0.201113;0.171879;0.169359,1.692124,,threading,2026-10-03T12:05:26+00:00
L4-00449,L4,n2-standard-4,Linux,6.1.0-53-cloud-amd64,x86_64,Intel(R) Xeon(R) CPU @ 2.80GHz,intel,4,2,2800,16.8,3.14.6,CPython,1,forkserver,2.5.3,algo_rec,algo_flood_fill,37,1891,0.3,ms,normal,8,1913,4,8,3,10,0,0,0.012396002333237751,0.9999973114088399,0.1886501261151577,0.0008103419078944895,0.8291450640496127,0.0,0.0773753299999953,0.0012556050005514408,0.11072542400006569,0.09888448999981847,0.10305751599980795,0.05607941100015523,0.098611;0.099442;0.098884,0.103058;0.102825;0.103328,0.056847;0.056079;0.055492,,multiprocessing,2026-10-03T12:05:28+00:00
L4-00450,L4,n2-standard-4,Linux,6.1.0-53-cloud-amd64,x86_64,Intel(R) Xeon(R) CPU @ 2.80GHz,intel,4,2,2800,16.8,3.14.6,CPython,1,forkserver,2.5.3,tiny,tiny_dict_lookup,104,139,0.8,ms,normal,49751,158,4,8,0,1,0,0,2.7854700488205707e-07,1.0,0.3130784102951739,11.641661686302465,0.5823003538121387,0.0,0.005557745999794861,0.0032375249902543146,0.11072542400006569,0.011149264999858133,0.014466374999756226,0.028200368999932834,0.011149;0.011103;0.011298,0.014512;0.014466;0.014463,0.027920;0.033904;0.028200,,sequential,2026-10-03T12:05:28+00:00
L4-00451,L4,n2-standard-4,Linux,6.1.0-53-cloud-amd64,x86_64,Intel(R) Xeon(R) CPU @ 2.80GHz,intel,4,2,2800,16.8,3.14.6,CPython,1,forkserver,2.5.3,algo_iter,algo_dijkstra,2957,16,0.0,seconds,normal,96,36,4,2,2,15,0,0,0.029081233999780427,0.9999618906796265,1.0441692260507869,0.0003005259923478712,5.271985258703977,0.0,0.1111974549999104,0.0013233820004643349,0.041413681999983964,0.729260831999909,0.7707680079997772,0.35609430800013797,0.727119;0.729261;0.738156,0.768178;0.771799;0.770768,0.356094;0.362481;0.355735,,multiprocessing,2026-10-03T12:05:35+00:00
L4-00452,L4,n2-standard-4,Linux,6.1.0-53-cloud-amd64,x86_64,Intel(R) Xeon(R) CPU @ 2.80GHz,intel,4,2,2800,16.8,3.14.6,CPython,1,forkserver,2.5.3,mixed,mixed_hash_then_write,362,1976,0.0,seconds,normal,862,1999,4,2,1,3,1,0,0.00034933653146858285,0.2703847267846639,0.2270707991780493,0.010148809891117595,1.9565748421515141,0.0,0.07630320499993104,0.0006090329998187372,0.041413681999983964,0.32112390399970536,0.17416599000034694,0.17068345999996382,0.289607;0.363291;0.321124,0.174166;0.184499;0.166038,0.170683;0.186112;0.159570,,multiprocessing,2026-10-03T12:05:37+00:00
L4-00453,L4,n2-standard-4,Linux,6.1.0-53-cloud-amd64,x86_64,Intel(R) Xeon(R) CPU @ 2.80GHz,intel,4,2,2800,16.8,3.14.6,CPython,1,forkserver,2.5.3,gil_release,gil_numpy_matmul,101,2609,0.8,ms,normal,69,2631,4,2,0,2,0,1,0.00012084129409285036,0.9936426685783056,0.896933530380303,0.041123943887245606,0.6302903019206433,0.0,0.006411168999875372,0.0010235040003863105,0.041413681999983964,0.007754333999855589,0.009565700999701221,0.05133369600025617,0.007773;0.007754;0.007389,0.009760;0.008859;0.009566,0.051334,,sequential,2026-10-03T12:05:38+00:00
L4-00454,L4,n2-standard-4,Linux,6.1.0-53-cloud-amd64,x86_64,Intel(R) Xeon(R) CPU @ 2.80GHz,intel,4,2,2800,16.8,3.14.6,CPython,1,forkserver,2.5.3,mixed,mixed_hash_then_write,20087,21443,0.8,ms,normal,156,21466,4,8,1,3,1,0,0.0010477892051429267,0.996464257315507,0.3738505058431802,0.00628871723097322,0.946359585432853,0.5,0.08523254300007466,0.00048365499924329924,0.11072542400006569,0.1687324509998689,0.1809962990000713,0.09922556299989083,0.172308;0.168732;0.166162,0.180996;0.181017;0.180397,0.099226;0.099954;0.095101,,multiprocessing,2026-10-03T12:05:40+00:00
L4-00455,L4,n2-standard-4,Linux,6.1.0-53-cloud-amd64,x86_64,Intel(R) Xeon(R) CPU @ 2.80GHz,intel,4,2,2800,16.8,3.14.6,CPython,1,forkserver,2.5.3,big_result,result_long_string,166,65,0.0,ms,normal,434,84,4,4,1,1,0,0,3.4735851866369354e-05,1.0,0.11975729581599139,0.12067071296085059,0.8328985455976863,0.0,0.009283845000027213,0.0009303159986302489,0.09809156400024222,0.014842319000308635,0.016340232999937143,0.031622190000234696,0.014813;0.014842;0.014962,0.016340;0.016380;0.015644,0.019703;0.031622;0.099533,,sequential,2026-10-03T12:05:41+00:00
L4-00456,L4,n2-standard-4,Linux,6.1.0-53-cloud-amd64,x86_64,Intel(R) Xeon(R) CPU @ 2.80GHz,intel,4,2,2800,16.8,3.14.6,CPython,1,forkserver,2.5.3,text,text_regex_findall,1,1220,0.3,ms,normal,491,1242,4,2,1,1,0,0,7.338862294881303e-05,1.0,0.06392407946653217,0.04436586782933487,1.011134144394372,0.0,0.018808108000030188,0.0009062170006473025,0.041413681999983964,0.03615924999985509,0.03693764599984206,0.024262826000267523,0.036159;0.039210;0.036090,0.036938;0.036716;0.037201,0.024263;0.026884;0.021675,,multiprocessing,2026-10-03T12:05:41+00:00
L4-00457,L4,n2-standard-4,Linux,6.1.0-53-cloud-amd64,x86_64,Intel(R) Xeon(R) CPU @ 2.80GHz,intel,4,2,2800,16.8,3.14.6,CPython,1,forkserver,2.5.3,big_payload,big_count_byte,204,1866019,0.0,ms,big,13,1866041,4,8,0,1,0,0,0.0030277636666748244,1.0,0.007203846843266876,0.21010556636007646,0.9386397162726292,0.5,0.020891495999876497,0.0021081459999550134,0.11072542400006569,0.03930906999994477,0.04041242000039347,0.024340610999843193,0.039228;0.039309;0.040173,0.040152;0.040880;0.040412,0.024341;0.023546;0.029378,,multiprocessing,2026-10-03T12:05:42+00:00
L4-00458,L4,n2-standard-4,Linux,6.1.0-53-cloud-amd64,x86_64,Intel(R) Xeon(R) CPU @ 2.80GHz,intel,4,2,2800,16.8,3.14.6,CPython,1,forkserver,2.5.3,gil_release,gil_numpy_matmul,471,86339,0.3,ms,normal,8,86362,4,2,0,2,0,1,0.004480690666847901,1.0,0.30945244531394855,0.007177092916376779,1.102171199924195,0.0,0.024361878000036086,0.0003217249995941529,0.041413681999983964,0.037809441999797855,0.021520030999909068,0.03945696700020562,0.038713;0.037809;0.037759,0.023888;0.021146;0.021520,0.029607;0.048233;0.039457,,threading,2026-10-03T12:05:43+00:00
L4-00459,L4,n2-standard-4,Linux,6.1.0-53-cloud-amd64,x86_64,Intel(R) Xeon(R) CPU @ 2.80GHz,intel,4,2,2800,16.8,3.14.6,CPython,1,forkserver,2.5.3,db,db_file_lookup,372,1627752,0.8,ms,big,52,1627774.8461538462,4,4,1,5,1,0,0.0032028589999894253,1.0,0.40875666167571206,0.11297211936395435,1.264754673930878,0.0,0.08037013000011939,0.004948371000409679,0.09809156400024222,0.1560417079999752,0.6463858259999142,0.12449643399986599,0.156042;0.156364;0.155210,0.646386,0.124374;0.137544;0.124496,,multiprocessing,2026-10-03T12:05:45+00:00
L4-00460,L4,n2-standard-4,Linux,6.1.0-53-cloud-amd64,x86_64,Intel(R) Xeon(R) CPU @ 2.80GHz,intel,4,2,2800,16.8,3.14.6,CPython,1,forkserver,2.5.3,big_payload,big_checksum_head,2726,784503,0.8,seconds,big,254,784526,4,2,1,1,0,0,7.257473014991746e-05,1.0,0.4370660669138328,2.20818802575458,0.9571248307160957,0.0,0.013364414000079705,0.003917370000635856,0.041413681999983964,0.017713959000047907,0.018315096000151243,0.2681880810000621,0.017714;0.017678;0.017826,0.018726;0.018315;0.018251,0.268188,,sequential,2026-10-03T12:05:47+00:00
L4-00461,L4,n2-standard-4,Linux,6.1.0-53-cloud-amd64,x86_64,Intel(R) Xeon(R) CPU @ 2.80GHz,intel,4,2,2800,16.8,3.14.6,CPython,1,forkserver,2.5.3,algo_rec,algo_merge_sort,161,115,0.8,ms,normal,634,134.2,4,4,1,10,0,0,0.00022135276581254022,0.9999993720633106,0.4866721637193259,0.05154735670765164,0.979911831314018,0.0,0.07151169999997364,0.0006987270016907132,0.09809156400024222,0.14332717000024786,0.14736344999982975,0.08231397500003368,0.143327;0.141693;0.144325,0.147401;0.147363;0.146837,0.081261;0.082789;0.082314,,multiprocessing,2026-10-03T12:05:49+00:00
L4-00462,L4,n2-standard-4,Linux,6.1.0-53-cloud-amd64,x86_64,Intel(R) Xeon(R) CPU @ 2.80GHz,intel,4,2,2800,16.8,3.14.6,CPython,1,forkserver,2.5.3,tiny,tiny_dict_lookup,796,486,0.8,ms,normal,82864,508.95,4,4,0,1,0,0,3.139494908737106e-07,1.0,0.5183108606652221,16.003848442035114,0.6006828009505727,0.0,0.005356775000109337,0.002898734018799587,0.09809156400024222,0.02181005100010225,0.026457026000116457,0.07118772900003023,0.021810;0.021963;0.021369,0.027109;0.026457;0.026398,0.071188;0.069860;0.074820,,sequential,2026-10-03T12:05:50+00:00
L4-00463,L4,n2-standard-4,Linux,6.1.0-53-cloud-amd64,x86_64,Intel(R) Xeon(R) CPU @ 2.80GHz,intel,4,2,2800,16.8,3.14.6,CPython,1,forkserver,2.5.3,mixed,mixed_parse_lines,1,563701,0.3,seconds,big,13,563723,4,4,2,3,1,0,0.025698858666904318,0.9972369160898706,0.0027688647006478316,0.0062563738167852375,0.9748090231619475,0.0,0.1569553430003907,0.0006757219998689834,0.09809156400024222,0.33336996000025465,0.3527110159998301,0.20299629900000582,0.333354;0.336371;0.333370,0.352711;0.353653;0.351017,0.202093;0.202996;0.206358,,multiprocessing,2026-10-03T12:05:53+00:00
L4-00464,L4,n2-standard-4,Linux,6.1.0-53-cloud-amd64,x86_64,Intel(R) Xeon(R) CPU @ 2.80GHz,intel,4,2,2800,16.8,3.14.6,CPython,1,forkserver,2.5.3,big_result,result_records,2666,96,0.0,ms,normal,19,116,4,8,1,2,0,0,0.001131736749925949,1.0,0.27650028122980363,1.0828253567398194,1.1749363428128436,0.5,0.014059934999750112,0.005533644000024651,0.11072542400006569,0.020549119999941468,0.034246233999965625,0.03624873699982345,0.023743;0.020549;0.020210,0.038250;0.022457;0.034246,0.047328;0.036249;0.033178,,sequential,2026-10-03T12:05:54+00:00
L4-00465,L4,n2-standard-4,Linux,6.1.0-53-cloud-amd64,x86_64,Intel(R) Xeon(R) CPU @ 2.80GHz,intel,4,2,2800,16.8,3.14.6,CPython,1,forkserver,2.5.3,mixed,mixed_compute_then_sleep,65718,100,0.3,seconds,normal,292,121.45454545454545,4,8,1,3,1,0,0.004844263999943491,0.691765077677046,0.13986215830117166,0.0009750613626000911,1.4729960115240928,0.0,0.0897293609996268,0.0007325870001295698,0.11072542400006569,1.3133385240003008,0.9251102210000681,0.48968654300006165,1.313339;1.313093;1.315925,0.923444;0.925793;0.925110,0.489687;0.484814;0.490798,,multiprocessing,2026-10-03T12:06:03+00:00
L4-00466,L4,n2-standard-4,Linux,6.1.0-53-cloud-amd64,x86_64,Intel(R) Xeon(R) CPU @ 2.80GHz,intel,4,2,2800,16.8,3.14.6,CPython,1,forkserver,2.5.3,recursive,rec_quicksort,2770,134526,0.8,seconds,big,225,134549,4,8,1,8,0,0,0.003952347461458535,0.9999921001670734,0.4351939621387312,0.006019227117716716,1.2810952132693536,0.0,0.09058814900026846,0.0005528560013772221,0.11072542400006569,0.7367329619996781,0.7496633780001503,0.37978495199968165,0.733832;0.737358;0.736733,0.746162;0.749708;0.749663,0.382672;0.379785;0.370667,,multiprocessing,2026-10-03T12:06:09+00:00
L4-00467,L4,n2-standard-4,Linux,6.1.0-53-cloud-amd64,x86_64,Intel(R) Xeon(R) CPU @ 2.80GHz,intel,4,2,2800,16.8,3.14.6,CPython,1,forkserver,2.5.3,numpy,np_elementwise,1729,1309466,0.3,ms,big,8,1309489,4,2,0,4,0,0,0.003046202666610043,1.0,0.0609015517839489,0.14528996103633054,0.5563856116010788,0.0,0.02713322599993262,0.0021429319999697327,0.041413681999983964,0.02348540499997398,0.017488925000179734,0.02240871200001493,0.023558;0.022481;0.023485,0.017489;0.021197;0.014326,0.022409;0.022197;0.024976,,threading,2026-10-03T12:06:10+00:00
L4-00468,L4,n2-standard-4,Linux,6.1.0-53-cloud-amd64,x86_64,Intel(R) Xeon(R) CPU @ 2.80GHz,intel,4,2,2800,16.8,3.14.6,CPython,1,forkserver,2.5.3,algo_rec,algo_merge_sort,118,21,0.0,ms,normal,781,40,4,8,1,10,0,0,0.00015150860511615368,1.0,0.05018087406666881,0.06786083185499599,0.9643078890343596,0.0,0.06099236799991559,0.0007402960022773186,0.11072542400006569,0.12058257900025637,0.1245318699998279,0.06948144899979525,0.119487;0.121449;0.120583,0.124403;0.124532;0.125053,0.069481;0.069096;0.076593,,multiprocessing,2026-10-03T12:06:11+00:00
L4-00469,L4,n2-standard-4,Linux,6.1.0-53-cloud-amd64,x86_64,Intel(R) Xeon(R) CPU @ 2.80GHz,intel,4,2,2800,16.8,3.14.6,CPython,1,forkserver,2.5.3,gil_release,gil_numpy_matmul,337,8273,0.0,ms,normal,9,8296,4,8,0,2,0,1,0.0017162596664093144,1.0,0.12840694402642813,0.00808890811047458,1.1454758457555263,0.5,0.009601951000149711,0.0002847750006367278,0.11072542400006569,0.014421223000226746,0.011686794000070222,0.010498866000034468,0.014398;0.014421;0.014700,0.014058;0.011687;0.011040,0.012186;0.010499;0.010259,,multiprocessing,2026-10-03T12:06:12+00:00
L4-00470,L4,n2-standard-4,Linux,6.1.0-53-cloud-amd64,x86_64,Intel(R) Xeon(R) CPU @ 2.80GHz,intel,4,2,2800,16.8,3.14.6,CPython,1,forkserver,2.5.3,numpy,np_sort,683539,1100,0.0,seconds,normal,440,1125,4,8,0,3,0,1,0.012810242499995184,0.9999998244121219,0.040651110826767006,0.0007852115150736302,1.5250368117017636,0.0,0.08508455799983494,0.0008388890000787796,0.11072542400006569,5.400018919000104,2.6151622809998116,3.425205054000344,5.525937;5.396168;5.400019,2.615162;2.604647;2.678347,3.743192;3.423588;3.425205,,threading,2026-10-03T12:06:47+00:00
L4-00471,L4,n2-standard-4,Linux,6.1.0-53-cloud-amd64,x86_64,Intel(R) Xeon(R) CPU @ 2.80GHz,intel,4,2,2800,16.8,3.14.6,CPython,1,forkserver,2.5.3,db,db_file_lookup,96,1551,0.0,ms,normal,253,1573,4,8,1,5,1,0,0.0008423594333180518,0.9999733179184368,0.0353919944990343,0.004072192818920646,1.2274522376294192,0.0,0.09211601499964672,0.0004359650006335869,0.11072542400006569,0.21469964600009916,1.698621629999252,0.1397243259998504,0.214700,1.698622,0.139724,threading,multiprocessing,2026-10-03T12:06:50+00:00
L4-00472,L4,n2-standard-4,Linux,6.1.0-53-cloud-amd64,x86_64,Intel(R) Xeon(R) CPU @ 2.80GHz,intel,4,2,2800,16.8,3.14.6,CPython,1,forkserver,2.5.3,algo_rec,algo_flood_fill,9,30,0.0,seconds,normal,71,49,4,2,3,10,0,0,0.003421923933395495,0.9996386571627525,0.37542766097546965,0.0011875580330408522,1.1443234429486895,0.0,0.09844479000003048,0.0017608849993848708,0.08076816699986011,0.20624040200027594,0.21109497099996588,0.11185763000003135,0.204081;0.206701;0.206240,0.211520;0.211095;0.210597,0.111858;0.105414;0.148052,,multiprocessing,2026-10-03T12:06:53+00:00
L4-00473,L4,n2-standard-4,Linux,6.1.0-53-cloud-amd64,x86_64,Intel(R) Xeon(R) CPU @ 2.80GHz,intel,4,2,2800,16.8,3.14.6,CPython,1,forkserver,2.5.3,gil_release,gil_zlib,3,95145,0.0,ms,normal,39,95167,4,2,1,1,0,1,0.006728269375059881,1.0,0.02336875291637781,0.004357472677958138,1.9066453924578148,0.0,0.08289855800012447,0.000947494999763876,0.08076816699986011,0.2588228330000675,0.13348614500000622,0.14306187700003647,0.259640;0.258823;0.258558,0.133486;0.133295;0.133847,0.144936;0.143062;0.139286,,threading,2026-10-03T12:06:55+00:00
L4-00474,L4,n2-standard-4,Linux,6.1.0-53-cloud-amd64,x86_64,Intel(R) Xeon(R) CPU @ 2.80GHz,intel,4,2,2800,16.8,3.14.6,CPython,1,forkserver,2.5.3,mixed,mixed_parse_lines,9,10894,0.0,seconds,normal,762,10916,4,2,2,3,1,0,0.004382288166690766,0.9678399518303329,0.007041220378185892,0.0012470464044848219,1.0025165493722068,0.0,0.1059804639999129,0.0009371799997097696,0.08076816699986011,3.3092576579997512,3.2712077720002526,1.700604913999996,3.313496;3.309258;3.307649,3.271208;3.268601;3.271718,1.698672;1.700605;1.703625,,multiprocessing,2026-10-03T12:07:20+00:00
L4-00475,L4,n2-standard-4,Linux,6.1.0-53-cloud-amd64,x86_64,Intel(R) Xeon(R) CPU @ 2.80GHz,intel,4,2,2800,16.8,3.14.6,CPython,1,forkserver,2.5.3,io,io_sleep_chunks,11472,118079,0.0,seconds,big,35,118102,4,2,1,1,1,0,0.011786206599936122,0.005936815731445996,0.0016327132953725104,0.0026878537938157627,1.6524421997871173,0.0,0.09544202300003235,0.0007588150001538452,0.08076816699986011,0.4122979009998744,0.23654441300004692,0.23934061699992526,0.411970;0.412578;0.412298,0.236544;0.236196;0.236599,0.238861;0.239341;0.239742,,threading,2026-10-03T12:07:24+00:00
L4-00476,L4,n2-standard-4,Linux,6.1.0-53-cloud-amd64,x86_64,Intel(R) Xeon(R) CPU @ 2.80GHz,intel,4,2,2800,16.8,3.14.6,CPython,1,forkserver,2.5.3,big_result,result_matrix_lists,140,185,0.8,ms,normal,35,204,4,4,2,5,0,0,0.002768483500005914,1.0,0.5903941866650342,0.2388756335470781,0.7798299899600422,0.0,0.0550568660000863,0.00592424900014521,0.06424653500016575,0.0832637359999353,0.08520559299995512,0.07143876400004956,0.083264;0.088156;0.081117,0.087443;0.085206;0.084027,0.065608;0.080300;0.071439,,multiprocessing,2026-10-03T12:07:25+00:00
L4-00477,L4,n2-standard-4,Linux,6.1.0-53-cloud-amd64,x86_64,Intel(R) Xeon(R) CPU @ 2.80GHz,intel,4,2,2800,16.8,3.14.6,CPython,1,forkserver,2.5.3,cpu,cpu_sum_squares,1418,58,0.3,ms,normal,317,78,4,4,1,2,0,0,5.9746405066660004e-05,1.0,0.20976004382057653,0.05182822244049824,0.8852590204446295,0.0,0.010923177000222495,0.0007639189998371876,0.06424653500016575,0.018768759000067803,0.01972220500010735,0.013696745000288502,0.018769;0.018600;0.018814,0.019658;0.019722;0.019789,0.014799;0.013697;0.010789,,multiprocessing,2026-10-03T12:07:26+00:00
L4-00478,L4,n2-standard-4,Linux,6.1.0-53-cloud-amd64,x86_64,Intel(R) Xeon(R) CPU @ 2.80GHz,intel,4,2,2800,16.8,3.14.6,CPython,1,forkserver,2.5.3,db,db_mem_insert_select,61,1220,0.3,ms,normal,337,1242,4,4,1,1,1,0,0.00014736942858105197,1.0,0.1932301699455305,0.022863290252312832,0.9296795645642498,0.0,0.026678471000195714,0.001002976999643579,0.06424653500016575,0.045906416999969224,0.23572974300032,0.022722166999756155,0.045906;0.045921;0.045692,0.235730,0.031835;0.022722;0.021248,,multiprocessing,2026-10-03T12:07:27+00:00
L4-00479,L4,n2-standard-4,Linux,6.1.0-53-cloud-amd64,x86_64,Intel(R) Xeon(R) CPU @ 2.80GHz,intel,4,2,2800,16.8,3.14.6,CPython,1,forkserver,2.5.3,numpy,np_elementwise,2915,737270,0.8,ms,big,21,737293,4,4,0,4,0,0,0.004143594200104417,1.0,0.15842436698614026,0.05279252486306602,1.37357279646845,0.0,0.03661766799996258,0.001911174999349896,0.06424653500016575,0.08270328899970991,0.03512945900001796,0.06041057299989916,0.082703;0.083880;0.079620,0.039496;0.033943;0.035129,0.125478;0.060411;0.059092,,threading,2026-10-03T12:07:28+00:00
L4-00480,L4,n2-standard-4,Linux,6.1.0-53-cloud-amd64,x86_64,Intel(R) Xeon(R) CPU @ 2.80GHz,intel,4,2,2800,16.8,3.14.6,CPython,1,forkserver,2.5.3,tiny,tiny_small_loop,22,100,0.0,seconds,normal,200000,119,4,4,0,0,0,0,3.914740013897244e-07,1.0,0.6501268188942712,11.83003220918158,0.6576528256014447,0.0,0.005940575999829889,0.0032003849969441944,0.06424653500016575,0.06135325200011721,0.06954536200009898,0.1059183839997786,0.061432;0.061353;0.060824,0.070245;0.069155;0.069545,0.107412;0.105918;0.105744,,sequential,2026-10-03T12:07:29+00:00
L4-00481,L4,n2-standard-4,Linux,6.1.0-53-cloud-amd64,x86_64,Intel(R) Xeon(R) CPU @ 2.80GHz,intel,4,2,2800,16.8,3.14.6,CPython,1,forkserver,2.5.3,gil_release,gil_sha256,831,35877,0.0,ms,normal,8,35900,4,2,1,1,0,1,0.06958037000019128,0.9998692400130618,0.005209603947673842,0.00026001107262070463,1.479918898294656,0.0,0.34999197600018306,0.0006562639996445796,0.08076816699986011,0.5555922580001607,0.2834689999999682,0.2878099929998825,0.555592;0.557795;0.555477,0.289957;0.283101;0.283469,0.292590;0.284133;0.287810,,threading,2026-10-03T12:07:34+00:00
L4-00482,L4,n2-standard-4,Linux,6.1.0-53-cloud-amd64,x86_64,Intel(R) Xeon(R) CPU @ 2.80GHz,intel,4,2,2800,16.8,3.14.6,CPython,1,forkserver,2.5.3,recursive,rec_tree_sum,8135,623519,0.8,ms,big,40,623542,4,8,0,4,0,0,0.004536758299991561,0.9999896655933496,0.5562641779161122,0.03558194847205644,1.8653930135030226,0.5,0.07218618700017032,0.0024646410006425867,0.0699780740001188,0.12410204899970267,0.1396223239999017,0.08875572800025111,0.155859;0.124102;0.122834,0.133046;0.144030;0.139622,0.089357;0.080006;0.088756,,multiprocessing,2026-10-03T12:07:35+00:00
L4-00483,L4,n2-standard-4,Linux,6.1.0-53-cloud-amd64,x86_64,Intel(R) Xeon(R) CPU @ 2.80GHz,intel,4,2,2800,16.8,3.14.6,CPython,1,forkserver,2.5.3,big_result,result_records,23931,1768,0.8,ms,normal,8,1791,4,8,1,2,0,0,0.009270104333306032,1.0,0.4848505243982292,1.3529106270947684,0.3004642140637284,0.0,0.1299662320002426,0.03832422100049371,0.0699780740001188,0.1357737950002047,0.13596496500031208,0.2041876980001689,0.152971;0.135774;0.099786,0.111087;0.135965;0.142453,0.204188;0.161034;0.237070,,sequential,2026-10-03T12:07:37+00:00
L4-00484,L4,n2-standard-4,Linux,6.1.0-53-cloud-amd64,x86_64,Intel(R) Xeon(R) CPU @ 2.80GHz,intel,4,2,2800,16.8,3.14.6,CPython,1,forkserver,2.5.3,tiny,tiny_dict_lookup,112,270,0.8,seconds,normal,200000,292,4,4,0,1,0,0,2.881380016788171e-07,1.0,0.662304613079407,10.93399673541882,0.6543142983358947,0.0,0.005293180000080611,0.00303197999664917,0.06424653500016575,0.04692725299992162,0.05701688999988619,0.1327674570002273,0.047450;0.046927;0.045938,0.057297;0.057017;0.056816,0.135553;0.129677;0.132767,,sequential,2026-10-03T12:07:39+00:00
L4-00485,L4,n2-standard-4,Linux,6.1.0-53-cloud-amd64,x86_64,Intel(R) Xeon(R) CPU @ 2.80GHz,intel,4,2,2800,16.8,3.14.6,CPython,1,forkserver,2.5.3,big_result,result_records,261,513276,0.0,ms,big,389,513299,4,2,1,2,0,0,8.935129895202333e-05,1.0,0.3427410270949827,2.4795498512660803,0.6972154944002346,0.0,0.025985766999838233,0.004814298001292627,0.08076816699986011,0.059167675000026065,0.04589486600025339,0.26057469399984257,0.062966;0.044022;0.059168,0.045752;0.066053;0.045895,0.260575,,threading,2026-10-03T12:07:41+00:00
L4-00486,L4,n2-standard-4,Linux,6.1.0-53-cloud-amd64,x86_64,Intel(R) Xeon(R) CPU @ 2.80GHz,intel,4,2,2800,16.8,3.14.6,CPython,1,forkserver,2.5.3,cpu,cpu_count_primes,8918,44,0.0,ms,normal,25,64,4,4,2,4,0,0,0.005522200666594775,1.0,0.007102567998419005,0.0011411513316826984,0.9696039271341103,0.0,0.06797457899983783,0.0007124570006453723,0.06424653500016575,0.13818652100007967,0.13990217099990332,0.08230232300002172,0.138183;0.138791;0.138187,0.141320;0.139902;0.139837,0.079043;0.082302;0.083112,,multiprocessing,2026-10-03T12:07:42+00:00
L4-00487,L4,n2-standard-4,Linux,6.1.0-53-cloud-amd64,x86_64,Intel(R) Xeon(R) CPU @ 2.80GHz,intel,4,2,2800,16.8,3.14.6,CPython,1,forkserver,2.5.3,numpy,np_fft,2690,507,0.0,seconds,normal,16860,530,4,8,0,0,0,1,0.00019013606845289736,1.0,0.05314860354288825,0.022440508241290333,1.8293927151921783,0.0,0.07892386399998941,0.0014325329966595746,0.0699780740001188,3.1231833960000586,2.5182247049997386,1.5258614049998869,3.131355;3.123183;3.046957,2.553804;2.474661;2.518225,1.668419;1.525861;1.518559,,multiprocessing,2026-10-03T12:08:05+00:00
L4-00488,L4,n2-standard-4,Linux,6.1.0-53-cloud-amd64,x86_64,Intel(R) Xeon(R) CPU @ 2.80GHz,intel,4,2,2800,16.8,3.14.6,CPython,1,forkserver,2.5.3,recursive,rec_tree_sum,38891,300,0.0,ms,normal,8,323,4,4,0,4,0,0,0.022638307333484892,0.9999910486753629,0.2498619515183723,0.0004671727380769167,0.7845335607768984,0.0,0.13947899999993751,0.00022809299935033778,0.06424653500016575,0.16982326800007286,0.20065359500040358,0.08346391700024469,0.171312;0.169408;0.169823,0.184127;0.200654;0.200771,0.080309;0.094871;0.083464,,multiprocessing,2026-10-03T12:08:07+00:00
L4-00489,L4,n2-standard-4,Linux,6.1.0-53-cloud-amd64,x86_64,Intel(R) Xeon(R) CPU @ 2.80GHz,intel,4,2,2800,16.8,3.14.6,CPython,1,forkserver,2.5.3,algo_iter,algo_dijkstra,5149,571,0.0,ms,normal,20,594,4,2,2,15,0,0,0.01622885100005078,0.9999938388936497,0.21113103966919575,0.00045174177086273207,1.092236929554853,0.0,0.1268376090001766,0.0013086779999866849,0.08076816699986011,0.29808535699976346,0.31990096999970774,0.16142534400023578,0.298085;0.294156;0.298475,0.319901;0.321762;0.316331,0.161425;0.159244;0.165024,,multiprocessing,2026-10-03T12:08:10+00:00
L4-00490,L4,n2-standard-4,Linux,6.1.0-53-cloud-amd64,x86_64,Intel(R) Xeon(R) CPU @ 2.80GHz,intel,4,2,2800,16.8,3.14.6,CPython,1,forkserver,2.5.3,mixed,mixed_parse_lines,3,9347,0.3,ms,normal,9,9369,4,8,2,3,1,0,0.0011883303333585598,0.9285276671993175,0.17517553644740805,0.007541113108616392,0.7022308163488398,0.0,0.008545034000235319,0.00020663300028900267,0.0699780740001188,0.011855818999720213,0.012175174999811134,0.010831179999968299,0.011856;0.011720;0.012020,0.012175;0.012443;0.012082,0.014433;0.010831;0.007709,,multiprocessing,2026-10-03T12:08:10+00:00
L4-00491,L4,n2-standard-4,Linux,6.1.0-53-cloud-amd64,x86_64,Intel(R) Xeon(R) CPU @ 2.80GHz,intel,4,2,2800,16.8,3.14.6,CPython,1,forkserver,2.5.3,io,io_sleep_chunks,9788,57,0.0,seconds,normal,917,77,4,4,1,1,1,0,0.010100464199877025,0.00646019077487805,0.001856962547425067,0.0009651635565935153,1.6584887910555028,0.0,0.08130151900013516,0.0002722470007938682,0.06424653500016575,9.265273148999768,2.342102191000322,2.3457714409996697,9.259673;9.265273;9.276819,2.344921;2.342102;2.341925,2.345771;2.343581;2.350095,,threading,2026-10-03T12:08:53+00:00
L4-00492,L4,n2-standard-4,Linux,6.1.0-53-cloud-amd64,x86_64,Intel(R) Xeon(R) CPU @ 2.80GHz,intel,4,2,2800,16.8,3.14.6,CPython,1,forkserver,2.5.3,gil_release,gil_zlib,2,142414,0.8,seconds,big,279,142436,4,4,1,1,0,1,0.006497253499958333,1.0,0.4890787395396719,0.004208297390463972,1.9521970505053208,0.0,0.0808556949996273,0.0004509489999691141,0.06424653500016575,1.9698467860002893,0.7221984039997551,0.747841390999838,1.969847;1.964442;1.971867,0.719544;0.722198;0.724987,0.755909;0.745117;0.747841,,threading,2026-10-03T12:09:04+00:00
L4-00493,L4,n2-standard-4,Linux,6.1.0-53-cloud-amd64,x86_64,Intel(R) Xeon(R) CPU @ 2.80GHz,intel,4,2,2800,16.8,3.14.6,CPython,1,forkserver,2.5.3,big_result,result_records,1263,59,0.8,ms,normal,17,79,4,8,1,2,0,0,0.0004114230000595853,1.0,0.37000271600371665,1.552461821305346,0.9573463805053443,0.0,0.006491938000181108,0.002727449999838427,0.0699780740001188,0.007570837000002939,0.008642741999665304,0.014773132000300393,0.007571;0.007421;0.008027,0.009226;0.008643;0.008055,0.014773;0.016597;0.012840,,sequential,2026-10-03T12:09:04+00:00
L4-00494,L4,n2-standard-4,Linux,6.1.0-53-cloud-amd64,x86_64,Intel(R) Xeon(R) CPU @ 2.80GHz,intel,4,2,2800,16.8,3.14.6,CPython,1,forkserver,2.5.3,big_payload,big_upper_copy,1,593843,0.3,ms,big,188,593865,4,8,0,0,0,0,0.0005372798511048809,1.0,0.11074563221338596,0.47244271216221445,1.2721973186000504,0.0,0.05116301199996087,0.005737938998208847,0.0699780740001188,0.10279772100011542,0.0663874889996805,1.2176019060002545,0.105657;0.102047;0.102798,0.103246;0.060693;0.066387,1.217602,,threading,2026-10-03T12:09:07+00:00
L4-00495,L4,n2-standard-4,Linux,6.1.0-53-cloud-amd64,x86_64,Intel(R) Xeon(R) CPU @ 2.80GHz,intel,4,2,2800,16.8,3.14.6,CPython,1,forkserver,2.5.3,algo_rec,algo_sudoku,2,24,0.0,ms,normal,106,43,4,2,3,28,0,0,0.0016088735769524366,0.9995511741699106,1.521332537801776,0.002207538247512454,0.325134258179581,0.0,0.17083339300006628,0.0019363569995221042,0.08076816699986011,0.2602339499999289,0.26060081600007834,0.13568596000004618,0.261536;0.260234;0.259066,0.260002;0.260601;0.262136,0.134864;0.138288;0.135686,,multiprocessing,2026-10-03T12:09:10+00:00
L4-00496,L4,n2-standard-4,Linux,6.1.0-53-cloud-amd64,x86_64,Intel(R) Xeon(R) CPU @ 2.80GHz,intel,4,2,2800,16.8,3.14.6,CPython,1,forkserver,2.5.3,recursive,rec_quicksort,195,155,0.3,ms,normal,177,174,4,8,1,8,0,0,0.00017741788637563744,1.0,0.21990261250214746,0.017115523562316867,0.921499962670655,0.0,0.017406236000169883,0.0010784849996525736,0.0699780740001188,0.03175495699997555,0.0330867450002188,0.018137927000225318,0.031585;0.031755;0.032316,0.033087;0.033173;0.032733,0.017541;0.021827;0.018138,,multiprocessing,2026-10-03T12:09:11+00:00
L4-00497,L4,n2-standard-4,Linux,6.1.0-53-cloud-amd64,x86_64,Intel(R) Xeon(R) CPU @ 2.80GHz,intel,4,2,2800,16.8,3.14.6,CPython,1,forkserver,2.5.3,algo_rec,algo_lcs_memo,5,550,0.8,seconds,normal,17,572,4,2,1,10,0,0,0.016808003666634857,1.0,0.10131000037904948,0.0005414285675450515,1.7780255023690095,0.5,0.07830885400016996,0.0011136820003230241,0.08076816699986011,0.1854054420000466,0.19074652200015407,0.11053884800003289,0.183819;0.185405;0.188031,0.189694;0.190747;0.193102,0.113345;0.110539;0.106478,,multiprocessing,2026-10-03T12:09:13+00:00
L4-00498,L4,n2-standard-4,Linux,6.1.0-53-cloud-amd64,x86_64,Intel(R) Xeon(R) CPU @ 2.80GHz,intel,4,2,2800,16.8,3.14.6,CPython,1,forkserver,2.5.3,gil_release,gil_numpy_matmul,609,38471,0.8,ms,normal,8,38493.666666666664,4,4,0,2,0,1,0.005939467666697358,1.0,0.6099413175185655,0.003398901700714365,0.7947395361186476,0.0,0.036497060999863606,0.000869773999966128,0.06424653500016575,0.05047384999988935,0.03329066500009503,0.0355786140003147,0.050474;0.050036;0.050482,0.037225;0.033291;0.031927,0.038191;0.035579;0.034181,,threading,2026-10-03T12:09:14+00:00
L4-00499,L4,n2-standard-4,Linux,6.1.0-53-cloud-amd64,x86_64,Intel(R) Xeon(R) CPU @ 2.80GHz,intel,4,2,2800,16.8,3.14.6,CPython,1,forkserver,2.5.3,big_result,result_long_string,399,312,0.8,ms,normal,95,334.8,4,8,1,1,0,0,9.709604354730286e-05,1.0,0.49213588345739695,0.06222138231389352,0.7206773648656175,0.0,0.006131460999768024,0.00082001599821524,0.0699780740001188,0.009039094999934605,0.00985616600019057,0.0069484900000134076,0.008916;0.009039;0.009171,0.009856;0.009808;0.009904,0.014880;0.006948;0.006923,,multiprocessing,2026-10-03T12:09:14+00:00
L4-00500,L4,n2-standard-4,Linux,6.1.0-53-cloud-amd64,x86_64,Intel(R) Xeon(R) CPU @ 2.80GHz,intel,4,2,2800,16.8,3.14.6,CPython,1,forkserver,2.5.3,io,io_sleep,407,96,0.8,ms,normal,36,115.77777777777777,4,4,0,1,1,0,0.0004065411111595394,0.02198895832346892,0.3946153282036901,0.01184245400719619,1.2822549937676082,0.0,0.0071666829999230686,0.0005404529993029428,0.06424653500016575,0.017116747999807558,0.004943271000229288,0.006385442000009789,0.017164;0.017034;0.017117,0.004941;0.004943;0.004958,0.005474;0.006547;0.006385,,threading,2026-10-03T12:09:15+00:00
L4-00501,L4,n2-standard-4,Linux,6.1.0-53-cloud-amd64,x86_64,Intel(R) Xeon(R) CPU @ 2.80GHz,intel,4,2,2800,16.8,3.14.6,CPython,1,forkserver,2.5.3,cpu,cpu_collatz,89,104,0.3,ms,normal,143,123,4,8,2,5,0,0,0.0002005139429197048,1.0,0.2590019142936121,0.015276244221035773,0.9585785499901872,0.0,0.015171762000136368,0.000853291998282657,0.0699780740001188,0.027845108999827062,0.029148372000236122,0.016360363999865513,0.027756;0.027977;0.027845,0.029148;0.028700;0.029206,0.016290;0.017838;0.016360,,multiprocessing,2026-10-03T12:09:16+00:00
L4-00502,L4,n2-standard-4,Linux,6.1.0-53-cloud-amd64,x86_64,Intel(R) Xeon(R) CPU @ 2.80GHz,intel,4,2,2800,16.8,3.14.6,CPython,1,forkserver,2.5.3,gil_release,gil_sha256,17,235686,0.0,seconds,big,848,235708,4,4,1,1,0,1,0.009325214500070919,0.9998174274548354,0.006020712793951586,0.006982591834327289,1.965662483458522,0.0,0.08506393500010745,0.0006392759996742825,0.06424653500016575,7.8679140849999385,3.6576921500000026,3.7716853199999605,7.867914;7.863573;7.871496,3.662939;3.656285;3.657692,3.776176;3.771223;3.771685,,threading,2026-10-03T12:10:03+00:00
L4-00503,L4,n2-standard-4,Linux,6.1.0-53-cloud-amd64,x86_64,Intel(R) Xeon(R) CPU @ 2.80GHz,intel,4,2,2800,16.8,3.14.6,CPython,1,forkserver,2.5.3,algo_rec,algo_lcs_memo,1,724,0.3,seconds,normal,509,746,4,8,1,10,0,0,0.003067927705909396,0.9997039405619949,0.6265248685068138,0.0011755012982803178,0.9814512850501267,0.0,0.09744256599969958,0.00030578799942304613,0.0699780740001188,1.3043359749999581,1.5044709080002576,0.6473644070001683,1.312665;1.280080;1.304336,1.504471;1.351664;1.541834,0.669295;0.634953;0.647364,,multiprocessing,2026-10-03T12:10:14+00:00
L4-00504,L4,n2-standard-4,Linux,6.1.0-53-cloud-amd64,x86_64,Intel(R) Xeon(R) CPU @ 2.80GHz,intel,4,2,2800,16.8,3.14.6,CPython,1,forkserver,2.5.3,db,db_mem_insert_select,37,1792,0.8,seconds,normal,6050,1814,4,8,1,1,1,0,0.00011796118244773256,0.999926639455035,0.16356657796184954,0.029340585157254323,0.7876734184179617,0.0,0.11404419900009088,0.0010614760076350649,0.0699780740001188,0.6916071810001085,2.535665985002197,0.3071331970004394,0.691607,2.535666,0.307133,threading,multiprocessing,2026-10-03T12:10:18+00:00
L4-00505,L4,n2-standard-4,Linux,6.1.0-53-cloud-amd64,x86_64,Intel(R) Xeon(R) CPU @ 2.80GHz,intel,4,2,2800,16.8,3.14.6,CPython,1,forkserver,2.5.3,gil_release,gil_zlib,2,5897,0.3,seconds,normal,19829,5919,4,8,1,1,0,1,0.00018952922434053058,0.999365717400229,0.18296566976005335,0.025710546547560345,1.9003206566956985,0.0,0.07784410099975503,0.0016422129983766354,0.10154792800040013,3.7096255759997803,1.5619658880004863,1.5597018790003858,3.712946;3.709626;3.680493,1.621672;1.561966;1.544461,1.548711;1.739715;1.559702,,multiprocessing,2026-10-03T12:10:40+00:00
L4-00506,L4,n2-standard-4,Linux,6.1.0-53-cloud-amd64,x86_64,Intel(R) Xeon(R) CPU @ 2.80GHz,intel,4,2,2800,16.8,3.14.6,CPython,1,forkserver,2.5.3,big_payload,big_count_byte,7,1783533,0.3,seconds,big,112,1783555,4,4,0,1,0,0,0.002903500888957448,0.9996809225794278,0.013163029502159597,0.1322801386205921,0.9710200661461716,0.0,0.11369740400004957,0.007597111998620676,0.06025504500030365,0.32195274500008964,0.3265400469999804,0.268929107999611,0.320851;0.323804;0.321953,0.326540;0.325963;0.326856,0.273740;0.268929;0.266143,,multiprocessing,2026-10-03T12:10:44+00:00
L4-00507,L4,n2-standard-4,Linux,6.1.0-53-cloud-amd64,x86_64,Intel(R) Xeon(R) CPU @ 2.80GHz,intel,4,2,2800,16.8,3.14.6,CPython,1,forkserver,2.5.3,text,text_regex_findall,3,853,0.8,ms,normal,538,875,4,4,1,1,0,0,0.00015608656711726748,1.0,0.4512034766418428,0.022505780837855486,1.0399438011102704,0.0,0.04214806399977533,0.0009534650062050787,0.06025504500030365,0.08303581699965434,0.08100886200008972,0.04586379600004875,0.083036;0.083581;0.082643,0.081799;0.081009;0.080457,0.044317;0.045864;0.057088,,multiprocessing,2026-10-03T12:10:45+00:00
L4-00508,L4,n2-standard-4,Linux,6.1.0-53-cloud-amd64,x86_64,Intel(R) Xeon(R) CPU @ 2.80GHz,intel,4,2,2800,16.8,3.14.6,CPython,1,forkserver,2.5.3,db,db_mem_group_by,19,177415,0.3,ms,big,200,177437,4,8,1,2,1,0,0.0001369541200074309,0.9973554920373388,0.18078944403540878,0.2337300994040393,0.8336631990613301,0.0,0.01655050800036406,0.0015691769995100913,0.10154792800040013,0.026172021000093082,0.2177849210002023,0.03442724000069575,0.026361;0.025881;0.026172,0.217785,0.033199;0.039232;0.034427,,sequential,2026-10-03T12:10:46+00:00
L4-00509,L4,n2-standard-4,Linux,6.1.0-53-cloud-amd64,x86_64,Intel(R) Xeon(R) CPU @ 2.80GHz,intel,4,2,2800,16.8,3.14.6,CPython,1,forkserver,2.5.3,gil_release,gil_sha256,6,28935,0.8,seconds,normal,3940,28957,4,4,1,1,0,1,0.0004353926695962993,0.9995588690500388,0.41918927124336364,0.018624452359777263,1.912178692485769,0.0,0.07749039699956484,0.001036837995343376,0.06025504500030365,1.600258598000437,0.758771372999945,0.805431236000004,1.600259;1.598633;1.604285,0.754318;0.759167;0.758771,0.805431;0.809780;0.802357,,threading,2026-10-03T12:10:57+00:00
L4-00510,L4,n2-standard-4,Linux,6.1.0-53-cloud-amd64,x86_64,Intel(R) Xeon(R) CPU @ 2.80GHz,intel,4,2,2800,16.8,3.14.6,CPython,1,forkserver,2.5.3,numpy,np_sort,22677,5422,0.0,ms,normal,37,5445,4,4,0,3,0,1,0.0005666196667435644,1.0,0.11690455626893144,0.012685953837465097,1.2382143166927826,0.0,0.010147582000172406,0.0009975239991035778,0.06025504500030365,0.019278906999716128,0.011325299000418454,0.09185452200017608,0.019279;0.019444;0.019171,0.010379;0.011427;0.011325,0.091855,,threading,2026-10-03T12:10:57+00:00
L4-00511,L4,n2-standard-4,Linux,6.1.0-53-cloud-amd64,x86_64,Intel(R) Xeon(R) CPU @ 2.80GHz,intel,4,2,2800,16.8,3.14.6,CPython,1,forkserver,2.5.3,tiny,tiny_len,102,38,0.0,ms,normal,113759,57,4,4,0,0,0,0,1.4456400413109805e-07,1.0,1.7136520744025436,24.018425414410782,0.4828373430365774,0.0,0.004728638999949908,0.0030262159916674136,0.06025504500030365,0.00644430500051385,0.010554792000220914,0.04768814100043528,0.006442;0.006444;0.006517,0.011277;0.010485;0.010555,0.047688,,sequential,2026-10-03T12:10:58+00:00
L4-00512,L4,n2-standard-4,Linux,6.1.0-53-cloud-amd64,x86_64,Intel(R) Xeon(R) CPU @ 2.80GHz,intel,4,2,2800,16.8,3.14.6,CPython,1,forkserver,2.5.3,algo_iter,algo_kmeans,190,173,0.0,seconds,normal,1935,192,4,8,3,15,0,0,0.003327885375142614,0.9999233463164728,0.010584121740595007,0.0015281288281698453,0.9629405295906529,0.0,0.1099653950004722,0.0014794999979130807,0.10154792800040013,6.466775142000188,6.7031955749998815,3.2409701500000665,6.460850;6.472681;6.466775,6.692851;6.703196;6.721386,3.240970;3.236921;3.246142,,multiprocessing,2026-10-03T12:11:48+00:00
L4-00513,L4,n2-standard-4,Linux,6.1.0-53-cloud-amd64,x86_64,Intel(R) Xeon(R) CPU @ 2.80GHz,intel,4,2,2800,16.8,3.14.6,CPython,1,forkserver,2.5.3,cpu,cpu_sum_squares,1552,19,0.8,seconds,normal,31718,39,4,2,1,2,0,0,6.570266710549583e-05,0.9996614443715052,0.5140504597562287,0.055356960030963825,0.9500268462368415,0.0,0.10423053300019092,0.0017977040015466628,0.04158537199964485,2.097900354000558,2.1319622359997084,1.089166321000448,2.093015;2.097900;2.099108,2.131962;2.134187;2.127936,1.099448;1.089166;1.068043,,multiprocessing,2026-10-03T12:12:04+00:00
L4-00514,L4,n2-standard-4,Linux,6.1.0-53-cloud-amd64,x86_64,Intel(R) Xeon(R) CPU @ 2.80GHz,intel,4,2,2800,16.8,3.14.6,CPython,1,forkserver,2.5.3,tiny,tiny_len,308,55,0.0,seconds,normal,200000,75,4,2,0,0,0,0,1.4178299534250982e-07,1.0,2.902283200682178,23.265483412842627,0.24656497493224838,0.0,0.0048498500000278,0.0026570530089884414,0.04158537199964485,0.011421545000303013,0.017947456000001694,0.08697862999997596,0.011603;0.011367;0.011422,0.019098;0.017947;0.017848,0.086979,,sequential,2026-10-03T12:12:05+00:00
L4-00515,L4,n2-standard-4,Linux,6.1.0-53-cloud-amd64,x86_64,Intel(R) Xeon(R) CPU @ 2.80GHz,intel,4,2,2800,16.8,3.14.6,CPython,1,forkserver,2.5.3,recursive,rec_nqueens,7,40,0.8,ms,normal,135,59,4,2,1,10,0,0,0.001089712818060379,0.9999583381660084,0.48556472732935646,0.003324591441323952,0.8918068648911011,0.0,0.0781925549999869,0.001191082003970223,0.04158537199964485,0.14907934199982265,0.15084241200020188,0.08483141100077773,0.149273;0.149079;0.148730,0.152788;0.150650;0.150842,0.084831;0.084645;0.086552,,multiprocessing,2026-10-03T12:12:07+00:00
L4-00516,L4,n2-standard-4,Linux,6.1.0-53-cloud-amd64,x86_64,Intel(R) Xeon(R) CPU @ 2.80GHz,intel,4,2,2800,16.8,3.14.6,CPython,1,forkserver,2.5.3,big_payload,big_count_byte,4,595393,0.3,ms,big,11,595415,4,2,0,1,0,0,0.0009925216663759784,1.0,0.024014054507617347,0.1676890344517408,0.9043634898806324,0.0,0.007043286000225635,0.000706849001289811,0.04158537199964485,0.01063911600067513,0.011227928000153042,0.01111348300037207,0.010620;0.010639;0.010664,0.011262;0.011028;0.011228,0.011208;0.010542;0.011113,,sequential,2026-10-03T12:12:08+00:00
L4-00517,L4,n2-standard-4,Linux,6.1.0-53-cloud-amd64,x86_64,Intel(R) Xeon(R) CPU @ 2.80GHz,intel,4,2,2800,16.8,3.14.6,CPython,1,forkserver,2.5.3,big_result,result_sorted_pairs,353,20,0.3,ms,normal,283,40,4,4,1,4,0,0,0.00011729358566299197,1.0,0.3976059276317777,0.5882938914531042,0.9120224188287912,0.0,0.019422274000135076,0.0021416150038930937,0.06025504500030365,0.038762590999795066,0.04118477799966058,0.04060094700071204,0.040820;0.038763;0.038628,0.039933;0.041722;0.041185,0.039189;0.040601;0.043163,,sequential,2026-10-03T12:12:09+00:00
L4-00518,L4,n2-standard-4,Linux,6.1.0-53-cloud-amd64,x86_64,Intel(R) Xeon(R) CPU @ 2.80GHz,intel,4,2,2800,16.8,3.14.6,CPython,1,forkserver,2.5.3,cpu,cpu_count_primes,165,33,0.0,ms,normal,717,52,4,2,2,4,0,0,2.662023463886096e-05,1.0,0.09115891299179786,0.12073521843317192,0.9344888398932402,0.0,0.01105883500076743,0.00106354800027475,0.04158537199964485,0.019310071000290918,0.01969692600050621,0.012116172999412811,0.019205;0.019463;0.019310,0.019697;0.019866;0.019619,0.022889;0.011642;0.012116,,multiprocessing,2026-10-03T12:12:09+00:00
L4-00519,L4,n2-standard-4,Linux,6.1.0-53-cloud-amd64,x86_64,Intel(R) Xeon(R) CPU @ 2.80GHz,intel,4,2,2800,16.8,3.14.6,CPython,1,forkserver,2.5.3,algo_iter,algo_kmeans,181,428697,0.8,ms,big,8,428719,4,8,3,15,0,0,0.0019874886666002567,1.0,0.4287222121858841,0.06441848044484565,0.6065192486002187,0.0,0.019393452999793226,0.0005694860001312918,0.10154792800040013,0.024247803000434942,0.0257619900003192,0.015947961999700055,0.024248;0.024510;0.024231,0.025994;0.025762;0.025579,0.020376;0.015948;0.015810,,multiprocessing,2026-10-03T12:12:10+00:00
L4-00520,L4,n2-standard-4,Linux,6.1.0-53-cloud-amd64,x86_64,Intel(R) Xeon(R) CPU @ 2.80GHz,intel,4,2,2800,16.8,3.14.6,CPython,1,forkserver,2.5.3,text,text_split_count,3,1034,0.3,ms,normal,242,1056,4,4,1,1,0,0,0.00023318198324583743,1.0,0.15275634881709937,0.014248099340638474,0.993212647102952,0.0,0.029084261000207334,0.000991791005617415,0.06025504500030365,0.05482834300073591,0.05657163399973797,0.034894899999926565,0.054828;0.055928;0.054709,0.056430;0.056572;0.056774,0.034895;0.035079;0.031273,,multiprocessing,2026-10-03T12:12:11+00:00
L4-00521,L4,n2-standard-4,Linux,6.1.0-53-cloud-amd64,x86_64,Intel(R) Xeon(R) CPU @ 2.80GHz,intel,4,2,2800,16.8,3.14.6,CPython,1,forkserver,2.5.3,big_payload,big_upper_copy,1,383650,0.3,seconds,big,521,383672,4,2,0,0,0,0,0.0003453502307540755,0.9999474434582915,0.05994432454224701,0.442853331257061,0.9706041971395539,0.0,0.09536224600014975,0.00391380800283514,0.04158537199964485,0.1764251009999498,0.12761989499995252,0.6610739649995594,0.188180;0.164834;0.176425,0.186622;0.127546;0.127620,0.661074,,threading,2026-10-03T12:12:14+00:00
L4-00522,L4,n2-standard-4,Linux,6.1.0-53-cloud-amd64,x86_64,Intel(R) Xeon(R) CPU @ 2.80GHz,intel,4,2,2800,16.8,3.14.6,CPython,1,forkserver,2.5.3,db,db_file_lookup,354,137,0.0,seconds,normal,284,157,4,4,1,5,1,0,0.0027805248890015516,0.9999217980300078,0.020294325362023278,0.0011871259732225943,0.5458777801291617,0.0,0.14272631499989075,0.0012900369974886416,0.06025504500030365,0.7755608449997453,2.9403938799996467,0.38807877599992935,0.775561,2.940394,0.388079,threading,multiprocessing,2026-10-03T12:12:19+00:00
L4-00523,L4,n2-standard-4,Linux,6.1.0-53-cloud-amd64,x86_64,Intel(R) Xeon(R) CPU @ 2.80GHz,intel,4,2,2800,16.8,3.14.6,CPython,1,forkserver,2.5.3,text,text_split_count,4,1089,0.8,seconds,normal,1328,1111,4,2,1,1,0,0,0.00027817553882919635,0.9999614301381637,0.364577253269481,0.014295110055489084,0.8788045359465448,0.0,0.10868091100019228,0.0015912890103209065,0.07701642100073514,0.38539746800051944,0.39656004599964945,0.20183288099997299,0.379884;0.385397;0.388505,0.392413;0.396560;0.401945,0.221160;0.201833;0.199524,,multiprocessing,2026-10-03T12:12:22+00:00
L4-00524,L4,n2-standard-4,Linux,6.1.0-53-cloud-amd64,x86_64,Intel(R) Xeon(R) CPU @ 2.80GHz,intel,4,2,2800,16.8,3.14.6,CPython,1,forkserver,2.5.3,algo_iter,algo_kmeans,31,1126,0.3,ms,normal,307,1148,4,4,3,15,0,0,0.0005816518421277962,0.9999524528770201,0.17913718177165952,0.009336598953571687,0.9457281784157948,0.0,0.09639870999944833,0.005326927996975428,0.06474727899967547,0.1776921709997623,0.18400239299990062,0.09834995299934235,0.178491;0.177692;0.176859,0.185289;0.183472;0.184002,0.097901;0.104251;0.098350,,multiprocessing,2026-10-03T12:12:25+00:00
L4-00525,L4,n2-standard-4,Linux,6.1.0-53-cloud-amd64,x86_64,Intel(R) Xeon(R) CPU @ 2.80GHz,intel,4,2,2800,16.8,3.14.6,CPython,1,forkserver,2.5.3,cpu,cpu_collatz,312,1065393,0.3,ms,big,24,1065416,4,8,2,5,0,0,0.0011885283330836198,1.0,0.14393921671629126,0.40820075811984935,0.9462668948559385,0.0,0.01828050299991446,0.0037337220019253436,0.10412320799969166,0.02808970199930627,0.029048325000076147,0.047761443999661424,0.043965;0.027969;0.028090,0.029048;0.029106;0.028844,0.047761;0.049199;0.036694,,sequential,2026-10-03T12:12:26+00:00
L4-00526,L4,n2-standard-4,Linux,6.1.0-53-cloud-amd64,x86_64,Intel(R) Xeon(R) CPU @ 2.80GHz,intel,4,2,2800,16.8,3.14.6,CPython,1,forkserver,2.5.3,algo_rec,algo_merge_sort,85,703,0.8,ms,normal,802,725,4,8,1,10,0,0,0.00011486741498629272,0.9999985241197864,0.5485106534145324,0.06583895155133146,0.9899495775104006,0.0,0.048074155999529466,0.0016995870028040372,0.10412320799969166,0.09156556900052237,0.09608458499951666,0.05632666600013181,0.091800;0.091566;0.090805,0.096397;0.096085;0.095633,0.057342;0.055719;0.056327,,multiprocessing,2026-10-03T12:12:27+00:00
L4-00527,L4,n2-standard-4,Linux,6.1.0-53-cloud-amd64,x86_64,Intel(R) Xeon(R) CPU @ 2.80GHz,intel,4,2,2800,16.8,3.14.6,CPython,1,forkserver,2.5.3,recursive,rec_tree_sum,563,79,0.8,ms,normal,113,98.9,4,2,0,4,0,0,0.00014440453573375374,1.0,0.44811441275369035,0.02318867661433251,0.7778088831872372,0.0,0.010357290999309043,0.0009426139986317139,0.07701642100073514,0.018028376000074786,0.01858714200079703,0.018417123000290303,0.017897;0.018028;0.018529,0.019083;0.018539;0.018587,0.019987;0.018417;0.011998,,sequential,2026-10-03T12:12:28+00:00
L4-00528,L4,n2-standard-4,Linux,6.1.0-53-cloud-amd64,x86_64,Intel(R) Xeon(R) CPU @ 2.80GHz,intel,4,2,2800,16.8,3.14.6,CPython,1,forkserver,2.5.3,algo_rec,algo_merge_sort,521,1666234,0.0,ms,big,28,1666257,4,8,1,10,0,0,0.0008171258571435049,1.0,0.035135078925828706,0.9484008494921482,0.9269440662595629,0.0,0.017521106999993208,0.005645381999784149,0.10412320799969166,0.023003878999588778,0.024297062999721675,0.06753212100011297,0.022990;0.023067;0.023004,0.024793;0.024222;0.024297,0.077250;0.067532;0.060948,,sequential,2026-10-03T12:12:29+00:00
L4-00529,L4,n2-standard-4,Linux,6.1.0-53-cloud-amd64,x86_64,Intel(R) Xeon(R) CPU @ 2.80GHz,intel,4,2,2800,16.8,3.14.6,CPython,1,forkserver,2.5.3,gil_release,gil_bz2,5,300000,0.8,seconds,big,407,300022,4,2,0,1,0,1,0.0012691692500993667,0.9997291715720233,0.24578717085846952,0.04039760659707448,1.8708754760205324,0.0,0.07978373199966882,0.0017470099965066765,0.07701642100073514,0.5111327559998244,0.3200953040004606,0.40705715700005385,0.510648;0.526647;0.511133,0.320095;0.393676;0.276330,0.397693;0.407057;0.440109,,threading,2026-10-03T12:12:33+00:00
L4-00530,L4,n2-standard-4,Linux,6.1.0-53-cloud-amd64,x86_64,Intel(R) Xeon(R) CPU @ 2.80GHz,intel,4,2,2800,16.8,3.14.6,CPython,1,forkserver,2.5.3,io,io_sleep_chunks,2084,272,0.3,ms,normal,8,295,4,8,1,1,1,0,0.0026775243331940146,0.026007602860486704,0.012833980346898073,0.005094258113335788,1.578163554999916,26.6,0.013828484000441676,0.0006105000011302764,0.10412320799969166,0.020083907000298495,0.003135271999781253,0.0034378330001345603,0.020084,0.003135;0.003099;0.003251,0.003302;0.003438;0.003474,,threading,2026-10-03T12:12:34+00:00
L4-00531,L4,n2-standard-4,Linux,6.1.0-53-cloud-amd64,x86_64,Intel(R) Xeon(R) CPU @ 2.80GHz,intel,4,2,2800,16.8,3.14.6,CPython,1,forkserver,2.5.3,tiny,tiny_dict_lookup,245,30,0.8,seconds,normal,200000,49.35,4,2,0,1,0,0,4.618689977178292e-07,1.0,0.654993999606558,13.478064519751655,1.1275724874549693,6.5,0.02583423899977788,0.02329083600488957,0.07701642100073514,0.0355264879999595,0.048501170000236016,0.08793519600021682,0.037309;0.034970;0.035526,0.049149;0.048501;0.047652,0.098074;0.085785;0.087935,,sequential,2026-10-03T12:12:35+00:00
L4-00532,L4,n2-standard-4,Linux,6.1.0-53-cloud-amd64,x86_64,Intel(R) Xeon(R) CPU @ 2.80GHz,intel,4,2,2800,16.8,3.14.6,CPython,1,forkserver,2.5.3,tiny,tiny_small_loop,13,21,0.0,ms,normal,15591,40,4,8,0,0,0,0,3.203580049557786e-07,1.0,1.6984779863593198,11.801952241285802,0.6847329771038392,0.0,0.005195024999920861,0.002847828989615664,0.10412320799969166,0.0036151200001768302,0.005115694999403786,0.0150591510000595,0.003615;0.003589;0.003625,0.005420;0.005116;0.004896,0.015355;0.015059;0.011535,,sequential,2026-10-03T12:12:36+00:00
L4-00533,L4,n2-standard-4,Linux,6.1.0-53-cloud-amd64,x86_64,Intel(R) Xeon(R) CPU @ 2.80GHz,intel,4,2,2800,16.8,3.14.6,CPython,1,forkserver,2.5.3,text,text_regex_findall,97,125610,0.0,seconds,big,13,125632,4,8,1,1,0,0,0.6547895719998754,0.9998457807162767,0.0030628988882856127,4.713880780178639e-05,0.9802845790631419,0.0,3.9649233340005594,0.0007112760013114894,0.10412320799969166,8.514050263999707,9.244084654999824,4.403915939000399,8.514050;8.498521;8.524052,9.244085;9.209290;9.273856,4.403916;4.394834;4.413265,,multiprocessing,2026-10-03T12:13:48+00:00
L4-00534,L4,n2-standard-4,Linux,6.1.0-53-cloud-amd64,x86_64,Intel(R) Xeon(R) CPU @ 2.80GHz,intel,4,2,2800,16.8,3.14.6,CPython,1,forkserver,2.5.3,big_payload,big_count_byte,176,3448419,0.3,seconds,big,57,3448441,4,8,0,1,0,0,0.00556321022213524,0.9999371537021816,0.005735410097577605,0.1534473541001435,0.975217332372691,0.0,0.1097593060003419,0.00827732700145134,0.10412320799969166,0.3181968959997903,0.32331156700001884,0.2507512530000895,0.317990;0.318197;0.318812,0.323424;0.323312;0.322525,0.256853;0.250751;0.248765,,multiprocessing,2026-10-03T12:13:52+00:00
L4-00535,L4,n2-standard-4,Linux,6.1.0-53-cloud-amd64,x86_64,Intel(R) Xeon(R) CPU @ 2.80GHz,intel,4,2,2800,16.8,3.14.6,CPython,1,forkserver,2.5.3,cpu,cpu_collatz,163,139006,0.8,seconds,big,354,139028.1,4,2,2,5,0,0,0.00046309217044505533,0.9999636223577413,0.6081655055238983,0.05333787035570865,0.9963260732741961,0.0,0.08272534600018844,0.0008838030007609632,0.07701642100073514,0.165719583000282,0.1676088800004436,0.12821315500059427,0.166747;0.164169;0.165720,0.167609;0.167852;0.167389,0.125848;0.133154;0.128213,,multiprocessing,2026-10-03T12:13:54+00:00
L4-00536,L4,n2-standard-4,Linux,6.1.0-53-cloud-amd64,x86_64,Intel(R) Xeon(R) CPU @ 2.80GHz,intel,4,2,2800,16.8,3.14.6,CPython,1,forkserver,2.5.3,tiny,tiny_small_loop,113,21,0.0,ms,normal,10036,40,4,2,0,0,0,0,9.3311348973657e-07,1.0,0.6683177523622141,3.7377019253245916,0.7998081957989611,0.0,0.00773639799990633,0.0027712730206985725,0.07701642100073514,0.00863996899988706,0.009581422999872302,0.009609742000066035,0.008881;0.008640;0.008618,0.009744;0.009450;0.009581,0.008652;0.009610;0.010537,,sequential,2026-10-03T12:13:55+00:00
L4-00537,L4,n2-standard-4,Linux,6.1.0-53-cloud-amd64,x86_64,Intel(R) Xeon(R) CPU @ 2.80GHz,intel,4,2,2800,16.8,3.14.6,CPython,1,forkserver,2.5.3,text,text_csv_parse,2,135391,0.3,seconds,big,18,135413,4,2,2,3,0,0,0.21420857466667562,0.9998697957737556,0.17011906323719062,0.0002013847172406318,0.8375070795878523,0.0,1.3659332249999352,0.000989164000202436,0.07701642100073514,3.9770569940001224,4.003195131000211,2.0252143190000425,3.977057;3.990224;3.969840,3.988881;4.003195;4.008423,2.037087;2.025214;2.023698,,multiprocessing,2026-10-03T12:14:27+00:00
L4-00538,L4,n2-standard-4,Linux,6.1.0-53-cloud-amd64,x86_64,Intel(R) Xeon(R) CPU @ 2.80GHz,intel,4,2,2800,16.8,3.14.6,CPython,1,forkserver,2.5.3,db,db_mem_group_by,1247,23,0.8,ms,normal,8,43,4,2,1,2,1,0,0.0010220420002345538,1.0,0.4714278595372437,0.008949730173414262,0.3352423859449553,0.0,0.010203678999459953,0.0007614689993715729,0.07701642100073514,0.008418503000029887,0.016703460999451636,0.006937936000213085,0.008419;0.008569;0.008418,0.016667;0.022519;0.016703,0.007367;0.006657;0.006938,,multiprocessing,2026-10-03T12:14:28+00:00
L4-00539,L4,n2-standard-4,Linux,6.1.0-53-cloud-amd64,x86_64,Intel(R) Xeon(R) CPU @ 2.80GHz,intel,4,2,2800,16.8,3.14.6,CPython,1,forkserver,2.5.3,mixed,mixed_json_roundtrip,8,889,0.0,seconds,normal,11238,911,4,8,1,1,1,0,0.00032032721791881323,0.8280182613575704,0.04533670306798693,0.010654417947382986,1.0873808524793718,0.0,0.09703198299939686,0.0011085730047852849,0.10412320799969166,3.5675257200000488,3.745440441000028,1.5741923650002718,3.584025;3.563538;3.567526,3.856589;3.745440;3.443485,1.574192;1.561546;1.579518,,multiprocessing,2026-10-03T12:14:55+00:00
L4-00540,L4,n2-standard-4,Linux,6.1.0-53-cloud-amd64,x86_64,Intel(R) Xeon(R) CPU @ 2.80GHz,intel,4,2,2800,16.8,3.14.6,CPython,1,forkserver,2.5.3,mixed,mixed_parse_lines,5,1135,0.0,ms,normal,243,1157,4,8,2,3,1,0,0.00035188480001124844,0.7133224164829703,0.03603754092241177,0.010421308103761677,1.3006182976951939,0.0,0.038384200999644236,0.0009764839987838059,0.10412320799969166,0.08570317399971827,0.07187598100063042,0.037407738999718276,0.085703;0.085381;0.085803,0.071876;0.072262;0.071341,0.038725;0.036578;0.037408,,multiprocessing,2026-10-03T12:14:56+00:00
L4-00541,L4,n2-standard-4,Linux,6.1.0-53-cloud-amd64,x86_64,Intel(R) Xeon(R) CPU @ 2.80GHz,intel,4,2,2800,16.8,3.14.6,CPython,1,forkserver,2.5.3,recursive,rec_fib,207,1274,0.0,ms,normal,5580,1296,4,8,0,4,0,0,1.3866959846880843e-05,1.0,0.41433153421317753,0.26431892952244246,0.9584057745647364,0.5,0.04275387400048203,0.0026483710144020733,0.10412320799969166,0.07787466999980097,0.08068846000060148,0.04980515599982027,0.077633;0.077875;0.078127,0.080688;0.080022;0.081328,0.049667;0.049805;0.051229,,multiprocessing,2026-10-03T12:14:57+00:00
L4-00542,L4,n2-standard-4,Linux,6.1.0-53-cloud-amd64,x86_64,Intel(R) Xeon(R) CPU @ 2.80GHz,intel,4,2,2800,16.8,3.14.6,CPython,1,forkserver,2.5.3,db,db_mem_group_by,106,1931,0.3,seconds,normal,22183,1953,4,8,1,2,1,0,0.0002216446843926355,0.99995927108608,0.08976760624618839,0.015981434112686082,0.7751633029787431,0.5,0.11495566899975529,0.0007396220116788754,0.10412320799969166,4.942572593000477,10.943252749999374,1.9886505499998748,4.942573,10.943253,1.988651,threading,multiprocessing,2026-10-03T12:15:16+00:00
L4-00543,L4,n2-standard-4,Linux,6.1.0-53-cloud-amd64,x86_64,Intel(R) Xeon(R) CPU @ 2.80GHz,intel,4,2,2800,16.8,3.14.6,CPython,1,forkserver,2.5.3,algo_iter,algo_edit_distance,23867,48,0.8,ms,normal,8,68,4,8,2,16,0,0,0.003655607666890622,1.0,0.6022081621143727,0.0030193794059995296,1.440966261105659,0.0,0.022038905999579583,0.0015960269993229304,0.09885302099974069,0.025704286999825854,0.026295358999959717,0.018885190000219154,0.046982;0.025458;0.025704,0.033127;0.026212;0.026295,0.035876;0.017133;0.018885,,multiprocessing,2026-10-03T12:15:17+00:00
L4-00544,L4,n2-standard-4,Linux,6.1.0-53-cloud-amd64,x86_64,Intel(R) Xeon(R) CPU @ 2.80GHz,intel,4,2,2800,16.8,3.14.6,CPython,1,forkserver,2.5.3,mixed,mixed_parse_lines,47,6508,0.3,ms,normal,8,6530,4,8,2,3,1,0,0.012414185333000205,0.9611842146533346,0.011881052474325249,0.0009433563041155626,0.9616921740696746,0.0,0.07683202499993058,0.001017175000924908,0.09885302099974069,0.09516170700044313,0.09603509000044141,0.05387566499939567,0.095162;0.094966;0.095543,0.095739;0.096035;0.096110,0.053876;0.057224;0.052118,,multiprocessing,2026-10-03T12:15:24+00:00
L4-00545,L4,n2-standard-4,Linux,6.1.0-53-cloud-amd64,x86_64,Intel(R) Xeon(R) CPU @ 2.80GHz,intel,4,2,2800,16.8,3.14.6,CPython,1,forkserver,2.5.3,tiny,tiny_dict_lookup,427,416146,0.8,ms,big,480,416168.8,4,8,0,1,0,0,5.393083559586861e-07,1.0,0.34322634302691385,218.42689546483325,0.16806812653301373,0.0,0.0036871180000161985,0.0031391129978146637,0.09885302099974069,0.00015571899984934134,0.001007284000479558,0.22435989899986453,0.000190;0.000156;0.000083,0.001007,0.224360,,sequential,2026-10-03T12:15:26+00:00
L4-00546,L4,n2-standard-4,Linux,6.1.0-53-cloud-amd64,x86_64,Intel(R) Xeon(R) CPU @ 2.80GHz,intel,4,2,2800,16.8,3.14.6,CPython,1,forkserver,2.5.3,tiny,tiny_len,2,134626,0.3,ms,big,1485,134648,4,4,0,0,0,0,4.118328654465223e-07,1.0,2.608451712225687,53.92490938208442,0.30570158706225087,0.5,0.002297230000294803,0.0014442080073422403,0.05971547399985866,0.0002563540001574438,0.0007095809996826574,0.25276433899944095,0.000708;0.000256;0.000247,0.001121;0.000710;0.000663,0.252764,,sequential,2026-10-03T12:15:27+00:00
L4-00547,L4,n2-standard-4,Linux,6.1.0-53-cloud-amd64,x86_64,Intel(R) Xeon(R) CPU @ 2.80GHz,intel,4,2,2800,16.8,3.14.6,CPython,1,forkserver,2.5.3,cpu,cpu_collatz,1028,40,0.8,seconds,normal,892,60,4,4,2,5,0,0,0.00429162149991195,0.9997728562223235,0.6027727455951396,0.0010437197486849723,0.6267461519089258,0.0,0.13174458799949207,0.0009160250010609161,0.05971547399985866,4.177871828999741,4.252506152999558,2.1057810789998257,4.177872;4.174483;4.178033,4.252998;4.237920;4.252506,2.098834;2.105781;2.108385,,multiprocessing,2026-10-03T12:15:59+00:00
L4-00548,L4,n2-standard-4,Linux,6.1.0-53-cloud-amd64,x86_64,Intel(R) Xeon(R) CPU @ 2.80GHz,intel,4,2,2800,16.8,3.14.6,CPython,1,forkserver,2.5.3,algo_iter,algo_dijkstra,732,1128,0.3,seconds,normal,448,1151,4,4,2,15,0,0,0.0017478443102437926,0.9999586627887397,0.19152359975085137,0.0019752331142942224,0.9547203258110121,0.0,0.1048212980003882,0.0015274900033546146,0.05971547399985866,0.7801029740003287,0.828972762000376,0.3867426019996856,0.784518;0.780103;0.773532,0.826917;0.828973;0.841947,0.386568;0.386743;0.391661,,multiprocessing,2026-10-03T12:16:06+00:00
L4-00549,L4,n2-standard-4,Linux,6.1.0-53-cloud-amd64,x86_64,Intel(R) Xeon(R) CPU @ 2.80GHz,intel,4,2,2800,16.8,3.14.6,CPython,1,forkserver,2.5.3,numpy,np_elementwise,16980,385,0.8,seconds,normal,2595,408,4,4,0,4,0,0,0.0004942057920752542,0.9999772322864446,0.40551778305541253,0.009084171010677251,1.1538662992564466,0.0,0.09458414299933793,0.001345960999969975,0.05971547399985866,1.2252570649998233,0.6342447910001283,0.552261124999859,1.225257;1.221612;1.229966,0.634245;0.637961;0.633874,0.607756;0.552261;0.547163,,multiprocessing,2026-10-03T12:16:14+00:00
L4-00550,L4,n2-standard-4,Linux,6.1.0-53-cloud-amd64,x86_64,Intel(R) Xeon(R) CPU @ 2.80GHz,intel,4,2,2800,16.8,3.14.6,CPython,1,forkserver,2.5.3,numpy,np_sort,63968,536,0.8,ms,normal,8,560.3333333333334,4,2,0,3,0,1,0.0015793700000964843,1.0,0.43445316844042325,0.007605142327127449,0.9629456857139677,0.0,0.010158023000258254,0.0009171439996862318,0.04199261000030674,0.011682131999805279,0.010762623000118765,0.055612416000258236,0.011724;0.011682;0.011451,0.010786;0.010690;0.010763,0.055612,,threading,2026-10-03T12:16:15+00:00
L4-00551,L4,n2-standard-4,Linux,6.1.0-53-cloud-amd64,x86_64,Intel(R) Xeon(R) CPU @ 2.80GHz,intel,4,2,2800,16.8,3.14.6,CPython,1,forkserver,2.5.3,algo_iter,algo_kmeans,348,20,0.0,seconds,normal,365,40,4,2,3,15,0,0,0.006175174333394453,0.99993937471953,0.01104766220420147,0.0010764788279477512,0.9824307730041622,0.0,0.11353463199975522,0.0014589639995392645,0.04199261000030674,2.2430812189995777,2.2981564780002373,1.1345241960007115,2.232452;2.243081;2.245054,2.298156;2.307514;2.295194,1.131945;1.137627;1.134524,,multiprocessing,2026-10-03T12:16:32+00:00
L4-00552,L4,n2-standard-4,Linux,6.1.0-53-cloud-amd64,x86_64,Intel(R) Xeon(R) CPU @ 2.80GHz,intel,4,2,2800,16.8,3.14.6,CPython,1,forkserver,2.5.3,tiny,tiny_dict_lookup,26,20,0.3,seconds,normal,200000,39,4,2,0,1,0,0,2.3859149860072646e-07,1.0,0.4265502760470911,13.645708589031575,0.6953733521893083,0.0,0.004794593000042369,0.0028443300025173812,0.04199261000030674,0.02879596599996148,0.03980050599966489,0.07514678400002595,0.028658;0.028804;0.028796,0.040501;0.039801;0.039548,0.085619;0.075147;0.071496,,sequential,2026-10-03T12:16:33+00:00
L4-00553,L4,n2-standard-4,Linux,6.1.0-53-cloud-amd64,x86_64,Intel(R) Xeon(R) CPU @ 2.80GHz,intel,4,2,2800,16.8,3.14.6,CPython,1,forkserver,2.5.3,big_payload,big_reverse,1,266635,0.3,ms,big,592,266657,4,4,0,0,0,0,0.00025312955406391394,0.9995863924258395,0.12619147682146328,0.4185957281802829,0.9900926587222927,0.0,0.07857297899954574,0.003030058997865126,0.05971547399985866,0.15379825399941183,0.13171237499955168,0.9011165370002345,0.156664;0.150918;0.153798,0.158018;0.131683;0.131712,0.901117,,threading,2026-10-03T12:16:36+00:00
L4-00554,L4,n2-standard-4,Linux,6.1.0-53-cloud-amd64,x86_64,Intel(R) Xeon(R) CPU @ 2.80GHz,intel,4,2,2800,16.8,3.14.6,CPython,1,forkserver,2.5.3,gil_release,gil_sha256,129,63519,0.0,seconds,normal,67,63541,4,4,1,1,0,1,0.01909284266639588,0.999935239045488,0.001169186121474533,0.0011913713748968936,1.4772435047215038,0.0,0.09681366099994193,0.0007216760004666867,0.05971547399985866,1.2798536649997914,0.7847494269999515,0.6560284759998467,1.278188;1.293520;1.279854,0.670058;0.784749;0.830702,0.642457;0.679135;0.656028,,multiprocessing,2026-10-03T12:16:45+00:00
L4-00555,L4,n2-standard-4,Linux,6.1.0-53-cloud-amd64,x86_64,Intel(R) Xeon(R) CPU @ 2.80GHz,intel,4,2,2800,16.8,3.14.6,CPython,1,forkserver,2.5.3,cpu,cpu_count_primes,1207,63,0.0,ms,normal,104,83,4,8,2,4,0,0,0.0003790370384684558,1.0,0.027214245067123662,0.00956938143573107,0.9630629700391853,0.0,0.021005771999625722,0.000833015998978226,0.09885302099974069,0.039160788000117464,0.04038147300070705,0.02295159099958255,0.039161;0.039316;0.039160,0.040381;0.040280;0.041011,0.024397;0.022952;0.022787,,multiprocessing,2026-10-03T12:16:46+00:00
L4-00556,L4,n2-standard-4,Linux,6.1.0-53-cloud-amd64,x86_64,Intel(R) Xeon(R) CPU @ 2.80GHz,intel,4,2,2800,16.8,3.14.6,CPython,1,forkserver,2.5.3,gil_release,gil_zlib,11,26361,0.8,seconds,normal,224,26383,4,4,1,1,0,1,0.0056350072223318014,0.9999512528247073,0.44570642768452456,0.0017410014132801094,1.3793745359202736,0.0,0.0851266140007283,0.0007481609991373261,0.05971547399985866,1.1662826800002222,0.46086000299965235,0.47492077400056587,1.167005;1.163466;1.166283,0.460860;0.463089;0.456395,0.474921;0.470762;0.477300,,threading,2026-10-03T12:16:53+00:00
L4-00557,L4,n2-standard-4,Linux,6.1.0-53-cloud-amd64,x86_64,Intel(R) Xeon(R) CPU @ 2.80GHz,intel,4,2,2800,16.8,3.14.6,CPython,1,forkserver,2.5.3,mixed,mixed_parse_lines,37,4834,0.3,ms,normal,8,4856,4,8,2,3,1,0,0.007494539333492867,0.9468323673931996,0.05973404281004298,0.0016825138936840329,0.9909470677972272,0.0,0.0464125940006852,0.000229141000090749,0.09885302099974069,0.06334661500022776,0.06231346599997778,0.0364394700000048,0.063348;0.063347;0.063143,0.062313;0.062264;0.062669,0.037464;0.036439;0.035193,,multiprocessing,2026-10-03T12:16:54+00:00
L4-00558,L4,n2-standard-4,Linux,6.1.0-53-cloud-amd64,x86_64,Intel(R) Xeon(R) CPU @ 2.80GHz,intel,4,2,2800,16.8,3.14.6,CPython,1,forkserver,2.5.3,big_result,result_matrix_lists,13,1836,0.0,seconds,normal,102504,1858,4,4,2,5,0,0,2.212462250054159e-05,0.9997344040767856,1.0120846834461068,0.4963338989417345,0.8946353983465966,0.0,0.0985347929999989,0.003980532998866693,0.05971547399985866,2.9185007529995346,3.06134052500056,2.234435343999394,3.091777;2.918501;2.899854,3.048951;3.061341;3.112512,2.278117;2.147036;2.234435,,multiprocessing,2026-10-03T12:17:20+00:00
L4-00559,L4,n2-standard-4,Linux,6.1.0-53-cloud-amd64,x86_64,Intel(R) Xeon(R) CPU @ 2.80GHz,intel,4,2,2800,16.8,3.14.6,CPython,1,forkserver,2.5.3,recursive,rec_nqueens,2,27,0.3,seconds,normal,667,46,4,2,1,10,0,0,0.0003361434832027502,0.9999674223491264,0.21881420273966634,0.010311073148730176,0.9932338220028399,0.0,0.10204919800071366,0.0014282600041042315,0.04199261000030674,0.22157769599925814,0.22846888399999443,0.11654972199994518,0.222520;0.220035;0.221578,0.228528;0.227940;0.228469,0.115186;0.116550;0.119096,,multiprocessing,2026-10-03T12:17:22+00:00
L4-00560,L4,n2-standard-4,Linux,6.1.0-53-cloud-amd64,x86_64,Intel(R) Xeon(R) CPU @ 2.80GHz,intel,4,2,2800,16.8,3.14.6,CPython,1,forkserver,2.5.3,io,io_sleep,628,520,0.8,ms,normal,226,542.9,4,8,0,1,1,0,0.0006808314286185382,0.015315820565112768,0.42587384395534467,0.005949563935172149,1.909106541767566,0.0,0.05872655799976201,0.0007786179976392305,0.09885302099974069,0.15199222699993697,0.021221728999989864,0.02335062200018001,0.151992,0.021222;0.021234;0.020948,0.024020;0.023351;0.021598,,threading,2026-10-03T12:17:23+00:00
L4-00561,L4,n2-standard-4,Linux,6.1.0-53-cloud-amd64,x86_64,Intel(R) Xeon(R) CPU @ 2.80GHz,intel,4,2,2800,16.8,3.14.6,CPython,1,forkserver,2.5.3,mixed,mixed_json_roundtrip,438,145173,0.0,seconds,big,84,145196,4,4,1,1,1,0,0.014282661999914126,0.9801061364776376,0.006957450816639525,0.002736657222667724,0.990157828608085,0.0,0.11563208799998392,0.0009161690004475531,0.05971547399985866,1.196164508000038,1.1975437369992505,0.6289120029996411,1.196165;1.199377;1.193875,1.198479;1.197544;1.195052,0.628226;0.628912;0.636845,,multiprocessing,2026-10-03T12:17:33+00:00
L4-00562,L4,n2-standard-4,Linux,6.1.0-53-cloud-amd64,x86_64,Intel(R) Xeon(R) CPU @ 2.80GHz,intel,4,2,2800,16.8,3.14.6,CPython,1,forkserver,2.5.3,db,db_file_commit,2,997,0.8,ms,normal,8,1019,4,2,1,0,1,0,0.008810161999766327,0.09910290323722913,0.4804385165247287,0.001079094795201561,0.7759952865706495,0.0,0.05535066100037511,0.000900368001566676,0.04199261000030674,0.060333972000080394,0.04037053299998661,0.04293516800044017,0.063298;0.056020;0.060334,0.044456;0.039340;0.040371,0.042935;0.044573;0.037602,,threading,2026-10-03T12:17:34+00:00
L4-00563,L4,n2-standard-4,Linux,6.1.0-53-cloud-amd64,x86_64,Intel(R) Xeon(R) CPU @ 2.80GHz,intel,4,2,2800,16.8,3.14.6,CPython,1,forkserver,2.5.3,big_payload,big_reverse,6,1174357,0.3,seconds,big,170,1174379,4,2,0,0,0,0,0.001086046261900178,0.9999580291830071,0.10177413159951677,0.4585573998518604,0.9711244878185002,0.0,0.10352060599961987,0.01031948200034094,0.04199261000030674,0.1936236370002007,0.18757917399943835,1.2594188500006567,0.194746;0.193624;0.175382,0.188062;0.187579;0.187328,1.259419,,threading,2026-10-03T12:17:38+00:00
L4-00564,L4,n2-standard-4,Linux,6.1.0-53-cloud-amd64,x86_64,Intel(R) Xeon(R) CPU @ 2.80GHz,intel,4,2,2800,16.8,3.14.6,CPython,1,forkserver,2.5.3,big_result,result_records,26311,832,0.8,seconds,normal,35,855,4,4,1,2,0,0,0.010727746599877718,0.9997592491946501,0.6085858638186734,1.4184957351848086,0.8111942759369182,0.0,0.20346356099980767,0.07694346100015537,0.05971547399985866,0.7038567390000026,0.7003286199997092,0.8128271200002928,0.703857;0.739337;0.672303,0.680832;0.700329;0.745714,0.812827;0.852264;0.767601,,threading,2026-10-03T12:17:45+00:00
L4-00565,L4,n2-standard-4,Linux,6.1.0-53-cloud-amd64,x86_64,Intel(R) Xeon(R) CPU @ 2.80GHz,intel,4,2,2800,16.8,3.14.6,CPython,1,forkserver,2.5.3,numpy,np_linalg_solve,33,809,0.3,ms,normal,218,831,4,2,0,3,0,1,5.492433340097907e-05,1.0,0.46214475114504794,0.08216758843008902,0.3727742808732795,0.0,0.011637887000688352,0.0010614609973345068,0.04199261000030674,0.010950779000268085,0.019201328000235662,0.01407043299968791,0.010951;0.011460;0.010713,0.019201;0.018685;0.019488,0.014070;0.011480;0.014149,,sequential,2026-10-03T12:17:46+00:00
L4-00566,L4,n2-standard-4,Linux,6.1.0-53-cloud-amd64,x86_64,Intel(R) Xeon(R) CPU @ 2.80GHz,intel,4,2,2800,16.8,3.14.6,CPython,1,forkserver,2.5.3,io,io_file_roundtrip,4,1774,0.8,seconds,normal,1072,1796,4,4,1,0,1,0,0.005584282700056065,0.09234821841655157,0.3822614273951523,0.0008058331572510951,1.7853664010719599,0.0,0.08769065800061071,0.0010742739996203454,0.05971547399985866,5.0606390330003705,2.3949719279999044,2.194431117000022,5.072738;5.060639;4.950042,2.394972;3.121278;2.357069,1.936473;2.194431;3.031609,,multiprocessing,2026-10-03T12:18:16+00:00
L4-00567,L4,n2-standard-4,Linux,6.1.0-53-cloud-amd64,x86_64,Intel(R) Xeon(R) CPU @ 2.80GHz,intel,4,2,2800,16.8,3.14.6,CPython,1,forkserver,2.5.3,algo_rec,algo_merge_sort,1414,19,0.0,ms,normal,8,39,4,4,1,10,0,0,0.0024319590002050973,0.9985136491237131,0.0274172831572836,0.028951146083224636,0.9369315842057575,0.0,0.016425337999862677,0.0014330299991343054,0.05971547399985866,0.019366153000191844,0.020464338000238058,0.011697521999849414,0.019196;0.019584;0.019366,0.020510;0.020127;0.020464,0.010930;0.011698;0.014221,,multiprocessing,2026-10-03T12:18:17+00:00
L4-00568,L4,n2-standard-4,Linux,6.1.0-53-cloud-amd64,x86_64,Intel(R) Xeon(R) CPU @ 2.80GHz,intel,4,2,2800,16.8,3.14.6,CPython,1,forkserver,2.5.3,numpy,np_sort,40058,118,0.8,ms,normal,105,138.2,4,8,0,3,0,1,0.001002289461526883,1.0,0.38534900894752244,0.0043804711691459945,1.5120233355164423,0.0,0.043546298000364914,0.00041381700066267513,0.09885302099974069,0.09988401800001157,0.060919526999896334,0.051530631999412435,0.099703;0.099884;0.100182,0.061250;0.060920;0.057414,0.193126;0.050227;0.051531,,multiprocessing,2026-10-03T12:18:18+00:00
L4-00569,L4,n2-standard-4,Linux,6.1.0-53-cloud-amd64,x86_64,Intel(R) Xeon(R) CPU @ 2.80GHz,intel,4,2,2800,16.8,3.14.6,CPython,1,forkserver,2.5.3,algo_rec,algo_sudoku,1,149,0.8,seconds,normal,1579,168,4,4,3,28,0,0,0.000748516850789975,0.9996038854959816,2.0134997867148727,0.004666628479515432,1.0032703329412034,0.0,0.10319135500049015,0.002570076997471915,0.05971547399985866,1.575281580000592,1.6141785199997685,0.8482464940007048,1.585054;1.573733;1.575282,1.616914;1.614179;1.612366,0.844268;0.848246;0.849315,,multiprocessing,2026-10-03T12:18:31+00:00
L4-00570,L4,n2-standard-4,Linux,6.1.0-53-cloud-amd64,x86_64,Intel(R) Xeon(R) CPU @ 2.80GHz,intel,4,2,2800,16.8,3.14.6,CPython,1,forkserver,2.5.3,gil_release,gil_bz2,11,300000,0.3,seconds,big,251,300022,4,8,0,1,0,1,0.0021427349584352364,0.9998248275670598,0.10525874009668934,0.021271949571584674,1.9636375274268687,1.0,0.07923926799958281,0.0016221619971474865,0.09885302099974069,0.5242859170002703,0.21195637699929648,0.2703701540003749,0.525089;0.524286;0.524165,0.211956;0.210899;0.217157,0.270695;0.250059;0.270370,,threading,2026-10-03T12:18:35+00:00
L4-00571,L4,n2-standard-4,Linux,6.1.0-53-cloud-amd64,x86_64,Intel(R) Xeon(R) CPU @ 2.80GHz,intel,4,2,2800,16.8,3.14.6,CPython,1,forkserver,2.5.3,mixed,mixed_hash_then_write,227,30490,0.3,seconds,normal,4959,30512.25,4,4,1,3,1,0,0.00040568334960828985,0.2276222850825594,0.22396072362430863,0.018886405140026173,2.02112750376018,0.0,0.0761798399998952,0.001355956997940666,0.05971547399985866,1.8143273770001542,1.2814451260001078,1.4271095819995026,1.796147;1.814327;1.957939,0.925314;1.620786;1.281445,0.580048;1.622486;1.427110,,threading,2026-10-03T12:18:49+00:00
L4-00572,L4,n2-standard-4,Linux,6.1.0-53-cloud-amd64,x86_64,Intel(R) Xeon(R) CPU @ 2.80GHz,intel,4,2,2800,16.8,3.14.6,CPython,1,forkserver,2.5.3,gil_release,gil_bz2,246,300000,0.3,ms,big,8,300022.3333333333,4,4,0,1,0,1,0.022217378000277677,0.999932718609233,0.23695318798356357,0.004026052642500112,1.0579873659175647,0.0,0.11972485899968888,0.000470045999463764,0.05971547399985866,0.18713276499966014,0.08689503200002946,0.0955412700004672,0.189886;0.187133;0.186652,0.087263;0.086895;0.086773,0.095690;0.091555;0.095541,,threading,2026-10-03T12:18:51+00:00
L4-00573,L4,n2-standard-4,Linux,6.1.0-53-cloud-amd64,x86_64,Intel(R) Xeon(R) CPU @ 2.80GHz,intel,4,2,2800,16.8,3.14.6,CPython,1,forkserver,2.5.3,big_payload,big_upper_copy,7,587956,0.8,seconds,big,340,587978,4,4,0,0,0,0,0.00033848552934881914,1.0,0.33113527961583633,0.733321156889588,0.7052292134930795,1.0,0.07546341400029632,0.005734215005759324,0.05971547399985866,0.1697094000001016,0.12667167800009338,0.9975046770005065,0.188050;0.169709;0.169709,0.167585;0.122348;0.126672,0.997505,,threading,2026-10-03T12:18:54+00:00
L4-00574,L4,n2-standard-4,Linux,6.1.0-53-cloud-amd64,x86_64,Intel(R) Xeon(R) CPU @ 2.80GHz,intel,4,2,2800,16.8,3.14.6,CPython,1,forkserver,2.5.3,tiny,tiny_add,4,107,0.3,ms,normal,156963,126,4,4,0,1,0,0,1.4023098674442736e-07,1.0,3.9296059686564178,22.207646426749168,0.4819816244190829,0.0,0.004524426999523712,0.0029175050267440383,0.05971547399985866,0.011860048000016832,0.014690188000713533,0.05842671100072039,0.011678;0.012363;0.011860,0.015151;0.014664;0.014690,0.058427,,sequential,2026-10-03T12:18:55+00:00
L4-00575,L4,n2-standard-4,Linux,6.1.0-53-cloud-amd64,x86_64,Intel(R) Xeon(R) CPU @ 2.80GHz,intel,4,2,2800,16.8,3.14.6,CPython,1,forkserver,2.5.3,db,db_file_lookup,10,237,0.8,seconds,normal,5975,256,4,4,1,5,1,0,0.0002000812770917497,0.9999445111203771,0.19554957874067136,0.015875548705862743,0.5849191492711748,0.0,0.13665276300071127,0.0016983060049824417,0.05971547399985866,1.1618714529995486,2.7202660960001595,0.5321308510001472,1.160549;1.182142;1.161871,2.720266,0.550684;0.526318;0.532131,,multiprocessing,2026-10-03T12:19:03+00:00
L4-00576,L4,n2-standard-4,Linux,6.1.0-53-cloud-amd64,x86_64,Intel(R) Xeon(R) CPU @ 2.80GHz,intel,4,2,2800,16.8,3.14.6,CPython,1,forkserver,2.5.3,big_payload,big_count_byte,108,132604,0.0,seconds,big,1508,132626,4,8,0,1,0,0,0.00021510726297288658,0.9999686808099268,0.02625418566486742,0.11925492205512203,0.9789286991861965,0.0,0.10249956200004817,0.0014566559902959852,0.09885302099974069,0.3238624229998095,0.33081474200025696,0.2644514009998602,0.323631;0.324563;0.323862,0.330815;0.331019;0.329924,0.273282;0.257414;0.264451,,multiprocessing,2026-10-03T12:19:07+00:00
L4-00577,L4,n2-standard-4,Linux,6.1.0-53-cloud-amd64,x86_64,Intel(R) Xeon(R) CPU @ 2.80GHz,intel,4,2,2800,16.8,3.14.6,CPython,1,forkserver,2.5.3,text,text_csv_parse,3,960,0.8,seconds,normal,1088,982,4,4,2,3,0,0,0.0018621384813539204,0.9999452826934045,0.3460827944238081,0.001746755124492288,0.8836046255022177,0.0,0.10837293999975373,0.0009827820031205192,0.05971547399985866,2.279429780999635,2.340363236000485,1.21746547299972,2.279080;2.279430;2.287431,2.346147;2.340174;2.340363,1.219755;1.217465;1.216302,,multiprocessing,2026-10-03T12:19:25+00:00
L4-00578,L4,n2-standard-4,Linux,6.1.0-53-cloud-amd64,x86_64,Intel(R) Xeon(R) CPU @ 2.80GHz,intel,4,2,2800,16.8,3.14.6,CPython,1,forkserver,2.5.3,numpy,np_fft,1067,677994,0.3,ms,big,222,678017,4,4,0,0,0,1,0.0010078576800515292,0.9999730669603,0.18831226180043337,0.14107825221706052,1.4479897264100907,0.0,0.08846017700034281,0.003983414997492218,0.05971547399985866,0.21883320699998876,0.14948781600014627,0.24866222200034827,0.218833;0.219083;0.217665,0.150649;0.148433;0.149488,0.251742;0.248662;0.235324,,threading,2026-10-03T12:19:28+00:00
L4-00579,L4,n2-standard-4,Linux,6.1.0-53-cloud-amd64,x86_64,Intel(R) Xeon(R) CPU @ 2.80GHz,intel,4,2,2800,16.8,3.14.6,CPython,1,forkserver,2.5.3,text,text_csv_parse,12,58,0.0,ms,normal,29,77,4,8,2,3,0,0,0.00042326157147596987,1.0,0.043792020184312656,0.01094460008083527,0.8657245776945435,0.0,0.0066302489994995994,0.00020714899892482208,0.09885302099974069,0.012214497000059055,0.012997483999242831,0.014115185000264319,0.012268;0.011944;0.012214,0.012997;0.012816;0.013152,0.021788;0.014115;0.009054,,sequential,2026-10-03T12:19:29+00:00
L4-00580,L4,n2-standard-4,Linux,6.1.0-53-cloud-amd64,x86_64,Intel(R) Xeon(R) CPU @ 2.80GHz,intel,4,2,2800,16.8,3.14.6,CPython,1,forkserver,2.5.3,cpu,cpu_sum_squares,217756,137,0.0,ms,normal,8,159,4,8,1,2,0,0,0.012159674000031373,0.9999873915532073,0.0012838990730081091,0.0008546830127916904,0.985432900340367,0.0,0.07411074500032555,0.0005696460002582171,0.09885302099974069,0.09598285800075246,0.09866084799978125,0.06229074699967896,0.095983;0.096113;0.095577,0.099042;0.098582;0.098661,0.061337;0.064757;0.062291,,multiprocessing,2026-10-03T12:19:30+00:00
L4-00581,L4,n2-standard-4,Linux,6.1.0-53-cloud-amd64,x86_64,Intel(R) Xeon(R) CPU @ 2.80GHz,intel,4,2,2800,16.8,3.14.6,CPython,1,forkserver,2.5.3,big_result,result_records,377,116273,0.8,seconds,big,1720,116295.75,4,8,1,2,0,0,0.00016537177815138758,0.99995601211582,1.191317235771074,1.134292091154311,0.8628801360754533,0.5,0.11264386699986062,0.004495681997468637,0.09885302099974069,0.5156854729993938,0.5556264779997946,0.716364894000435,0.539125;0.476051;0.515685,0.563898;0.555626;0.481760,0.765355;0.716365;0.695553,,sequential,2026-10-03T12:19:37+00:00
L4-00582,L4,n2-standard-4,Linux,6.1.0-53-cloud-amd64,x86_64,Intel(R) Xeon(R) CPU @ 2.80GHz,intel,4,2,2800,16.8,3.14.6,CPython,1,forkserver,2.5.3,big_payload,big_checksum_head,3219,543129,0.8,ms,big,368,543152,4,4,1,1,0,0,7.652557608549694e-05,1.0,0.5060137656766532,1.4427058990117718,0.86666428825051,0.0,0.018311403000552673,0.0029894770004830207,0.05971547399985866,0.029686017999665637,0.030627126999206666,0.2144354479996764,0.029323;0.029686;0.029748,0.030627;0.030570;0.030659,0.214435,,sequential,2026-10-03T12:19:38+00:00
L4-00583,L4,n2-standard-4,Linux,6.1.0-53-cloud-amd64,x86_64,Intel(R) Xeon(R) CPU @ 2.80GHz,intel,4,2,2800,16.8,3.14.6,CPython,1,forkserver,2.5.3,io,io_file_roundtrip,2,41968,0.3,seconds,normal,1200,41990,4,8,1,0,1,0,0.0027830117777638305,0.11317302351200997,0.21804217383171828,0.0033154528602114736,1.8335947655010816,0.0,0.07729318000019703,0.0004620510007953271,0.09885302099974069,3.3420804770003087,0.8747346379996088,0.7428723429993624,3.344675;3.342080;3.197617,0.874735;0.739978;0.875572,0.738255;0.871499;0.742872,,multiprocessing,2026-10-03T12:19:54+00:00
L4-00584,L4,n2-standard-4,Linux,6.1.0-53-cloud-amd64,x86_64,Intel(R) Xeon(R) CPU @ 2.80GHz,intel,4,2,2800,16.8,3.14.6,CPython,1,forkserver,2.5.3,tiny,tiny_dict_lookup,381,43,0.3,seconds,normal,200000,63,4,8,0,1,0,0,2.445140012241609e-07,1.0,2.107306572613741,12.596620025805667,0.5583639399494631,0.0,0.004733296000267728,0.00261032999787858,0.09885302099974069,0.032272436000312155,0.04217856600007508,0.08531105000020034,0.032260;0.032272;0.033209,0.043580;0.042179;0.042168,0.085311;0.083785;0.092750,,sequential,2026-10-03T12:19:55+00:00
L4-00585,L4,n2-standard-4,Linux,6.1.0-53-cloud-amd64,x86_64,Intel(R) Xeon(R) CPU @ 2.80GHz,intel,4,2,2800,16.8,3.14.6,CPython,1,forkserver,2.5.3,text,text_format_report,2697,68,0.8,ms,normal,8,88,4,2,1,2,0,0,0.0029043590002402198,1.0,0.6723856042128856,0.00273921590159519,1.069633594365929,0.0,0.020379809000587557,0.0007887040001151036,0.04199261000030674,0.02263910900001065,0.023434202000316873,0.019842257000163954,0.022675;0.022634;0.022639,0.023434;0.023179;0.023465,0.016590;0.019842;0.022746,,multiprocessing,2026-10-03T12:19:56+00:00
L4-00586,L4,n2-standard-4,Linux,6.1.0-53-cloud-amd64,x86_64,Intel(R) Xeon(R) CPU @ 2.80GHz,intel,4,2,2800,16.8,3.14.6,CPython,1,forkserver,2.5.3,algo_rec,algo_lcs_memo,1,1047,0.0,seconds,normal,946,1069,4,2,1,10,0,0,0.002526894399943558,0.9999729041005807,0.11336447892139835,0.0013854357125133907,0.9819973092000002,0.0,0.10331708200010326,0.0012704410019068746,0.04199261000030674,2.4253693729997394,2.528042111999639,1.2404836080004316,2.413528;2.425369;2.429210,2.528042;2.526227;2.538549,1.246701;1.240484;1.239908,,multiprocessing,2026-10-03T12:20:15+00:00
L4-00587,L4,n2-standard-4,Linux,6.1.0-53-cloud-amd64,x86_64,Intel(R) Xeon(R) CPU @ 2.80GHz,intel,4,2,2800,16.8,3.14.6,CPython,1,forkserver,2.5.3,algo_rec,algo_flood_fill,1,354,0.8,seconds,normal,7445,376,4,8,3,10,0,0,0.0003762138571083166,0.999966194658132,0.6734453522949336,0.00900790836278392,0.8758100642105481,0.0,0.10875770900020143,0.0016029070047807181,0.09885302099974069,3.0907989049992466,3.225702448999982,1.5337314089993015,3.073352;3.090799;3.094171,3.225702;3.224645;3.230350,1.528246;1.539865;1.533731,,multiprocessing,2026-10-03T12:20:39+00:00
L4-00588,L4,n2-standard-4,Linux,6.1.0-53-cloud-amd64,x86_64,Intel(R) Xeon(R) CPU @ 2.80GHz,intel,4,2,2800,16.8,3.14.6,CPython,1,forkserver,2.5.3,db,db_file_commit,4,133,0.0,seconds,normal,300,152,4,4,1,0,1,0,0.012096908400417305,0.09306434100599548,0.06487967500986144,0.0006535884871122936,1.3587698634059475,0.0,0.1055181370002174,0.00024413599840045208,0.05971547399985866,3.7906149120008195,1.5042916779993902,2.323951762999968,3.709304;3.878910;3.790615,1.488127;2.507632;1.504292,1.474689;2.323952;2.479427,,threading,2026-10-03T12:21:03+00:00
L4-00589,L4,n2-standard-4,Linux,6.1.0-53-cloud-amd64,x86_64,Intel(R) Xeon(R) CPU @ 2.80GHz,intel,4,2,2800,16.8,3.14.6,CPython,1,forkserver,2.5.3,big_result,result_matrix_lists,228,164,0.0,ms,normal,8,183,4,2,2,5,0,0,0.006763224000072417,0.9995207097058539,0.24898090498531664,0.1833638808749401,1.2992117576213478,0.0,0.04116862700084312,0.00391265800135443,0.04199261000030674,0.04493846900004428,0.04614216600020882,0.032728457000303024,0.048446;0.044938;0.044913,0.047560;0.046142;0.046092,0.039369;0.032728;0.031604,,multiprocessing,2026-10-03T12:21:04+00:00
L4-00590,L4,n2-standard-4,Linux,6.1.0-53-cloud-amd64,x86_64,Intel(R) Xeon(R) CPU @ 2.80GHz,intel,4,2,2800,16.8,3.14.6,CPython,1,forkserver,2.5.3,io,io_sleep,7489,49,0.0,seconds,normal,975,69,4,8,0,1,1,0,0.007586197285620854,0.004444806937249483,0.0015843803258612443,0.0008518290272471202,1.7355262170788346,0.0,0.0840472679992672,0.00027719199988496257,0.09885302099974069,7.398499531999732,0.9431424869999319,0.944732330000079,7.398500,0.943318;0.943073;0.943142,0.944732;0.946521;0.943106,,threading,2026-10-03T12:21:17+00:00
L4-00591,L4,n2-standard-4,Linux,6.1.0-53-cloud-amd64,x86_64,Intel(R) Xeon(R) CPU @ 2.80GHz,intel,4,2,2800,16.8,3.14.6,CPython,1,forkserver,2.5.3,big_result,result_long_string,1811,273,0.3,ms,normal,30,296,4,2,1,1,0,0,0.00042720142885497935,1.0,0.1405707013487814,0.04310010993830196,0.8659298230291657,0.0,0.007262715999786451,0.0008398599975407706,0.04199261000030674,0.011795909000284155,0.012116667000555026,0.01342709999971703,0.011527;0.012007;0.011796,0.012598;0.012117;0.011955,0.012147;0.013427;0.014500,,sequential,2026-10-03T12:21:18+00:00
L4-00592,L4,n2-standard-4,Linux,6.1.0-53-cloud-amd64,x86_64,Intel(R) Xeon(R) CPU @ 2.80GHz,intel,4,2,2800,16.8,3.14.6,CPython,1,forkserver,2.5.3,tiny,tiny_dict_lookup,300,492,0.0,ms,normal,52037,515,4,2,0,1,0,0,3.0092298675299387e-07,1.0,0.805277523849297,10.884180199988503,0.633183198434658,0.5,0.005194206999476592,0.0027796760259661824,0.04199261000030674,0.013664751000760589,0.01588828999956604,0.03870579200065549,0.013700;0.013325;0.013665,0.015529;0.016371;0.015888,0.038706;0.038852;0.037647,,sequential,2026-10-03T12:21:19+00:00
L4-00593,L4,n2-standard-4,Linux,6.1.0-53-cloud-amd64,x86_64,Intel(R) Xeon(R) CPU @ 2.80GHz,intel,4,2,2800,16.8,3.14.6,CPython,1,forkserver,2.5.3,io,io_sleep_return_payload,16027,159362,0.0,seconds,big,45,159385,4,8,0,1,1,0,0.01612785149973206,0.0023850229424474995,0.0010500820224984531,0.004033193745448289,1.979845763980341,0.0,0.09800952500063431,0.0008325840017278097,0.09885302099974069,0.7260023580001871,0.09748548500010656,0.14039764500012097,0.726002,0.097721;0.097485;0.097432,0.140398;0.124039;0.179838,,threading,2026-10-03T12:21:21+00:00
L4-00594,L4,n2-standard-4,Linux,6.1.0-53-cloud-amd64,x86_64,Intel(R) Xeon(R) CPU @ 2.80GHz,intel,4,2,2800,16.8,3.14.6,CPython,1,forkserver,2.5.3,text,text_format_report,2237,722,0.0,seconds,normal,2688,745,4,4,1,2,0,0,0.0028419140000753235,0.9999726050440605,0.009584087605497124,0.0011571818047075462,1.0052095091623496,0.0,0.10236568500022258,0.00032610199923510663,0.05971547399985866,7.691048517000127,7.6030182309996235,3.7803673320004236,7.702933;7.493456;7.691049,7.584865;7.603018;7.839996,3.786592;3.780367;3.773646,,multiprocessing,2026-10-03T12:22:19+00:00
L4-00595,L4,n2-standard-4,Linux,6.1.0-53-cloud-amd64,x86_64,Intel(R) Xeon(R) CPU @ 2.80GHz,intel,4,2,2800,16.8,3.14.6,CPython,1,forkserver,2.5.3,algo_iter,algo_game_of_life,5,92,0.0,ms,normal,8,111,4,4,5,9,0,0,0.006856089666143816,1.0,0.004186140029448891,0.008497506577381497,0.9644018648551905,0.0,0.043383309000091685,0.0014003530022819177,0.05971547399985866,0.05470575400067901,0.05583791800017934,0.0326066699999501,0.054668;0.054856;0.054706,0.055838;0.055409;0.056154,0.033627;0.029323;0.032607,,multiprocessing,2026-10-03T12:22:20+00:00
L4-00596,L4,n2-standard-4,Linux,6.1.0-53-cloud-amd64,x86_64,Intel(R) Xeon(R) CPU @ 2.80GHz,intel,4,2,2800,16.8,3.14.6,CPython,1,forkserver,2.5.3,big_payload,big_upper_copy,4,2997709,0.3,ms,big,39,2997731,4,4,0,0,0,0,0.0022078484444136848,1.0,0.21857115304901667,0.6753225715273912,0.9307743995816998,0.5,0.05594865199964261,0.013688537999769324,0.05971547399985866,0.09661882399996102,0.05984925699976884,1.0012518789999376,0.096619;0.097003;0.095726,0.065981;0.055809;0.059849,1.001252,,threading,2026-10-03T12:22:22+00:00
L4-00597,L4,n2-standard-4,Linux,6.1.0-53-cloud-amd64,x86_64,Intel(R) Xeon(R) CPU @ 2.80GHz,intel,4,2,2800,16.8,3.14.6,CPython,1,forkserver,2.5.3,algo_rec,algo_merge_sort,2486,945,0.8,ms,normal,8,968,4,8,1,10,0,0,0.003348956000081671,1.0,0.3682425520022876,0.025866369428197238,0.5498372933959167,0.5,0.025721940000039467,0.00042986599964933703,0.09885302099974069,0.03776993199971912,0.03934545300035097,0.02484810500027379,0.037728;0.037770;0.038664,0.039167;0.039355;0.039345,0.024848;0.023918;0.026560,,multiprocessing,2026-10-03T12:22:23+00:00
L4-00598,L4,n2-standard-4,Linux,6.1.0-53-cloud-amd64,x86_64,Intel(R) Xeon(R) CPU @ 2.80GHz,intel,4,2,2800,16.8,3.14.6,CPython,1,forkserver,2.5.3,numpy,np_fft,567757,636,0.8,ms,normal,8,661,4,2,0,0,0,1,0.10310290799983098,0.9995474806547892,0.4178170831579661,0.00012921717732568077,1.4337179604837533,0.0,0.46652679900034855,0.0002998280006067944,0.04199261000030674,0.711836621000657,0.4443146280000292,0.46507380200000625,0.704779;0.711837;0.712215,0.450254;0.444315;0.441770,0.482778;0.455929;0.465074,,threading,2026-10-03T12:22:30+00:00
L4-00599,L4,n2-standard-4,Linux,6.1.0-53-cloud-amd64,x86_64,Intel(R) Xeon(R) CPU @ 2.80GHz,intel,4,2,2800,16.8,3.14.6,CPython,1,forkserver,2.5.3,numpy,np_fft,113941,179,0.0,seconds,normal,41,201,4,4,0,0,0,1,0.01455723674962428,0.9995059946351509,0.024484676074481553,0.0006913228292888925,1.512669204913682,0.0,0.096556567999869,0.00029340300079638837,0.05971547399985866,0.5868510000000242,0.3506126599995696,0.3675105809998058,0.585501;0.593908;0.586851,0.352262;0.350613;0.349409,0.378845;0.358689;0.367511,,threading,2026-10-03T12:22:35+00:00
L4-00600,L4,n2-standard-4,Linux,6.1.0-53-cloud-amd64,x86_64,Intel(R) Xeon(R) CPU @ 2.80GHz,intel,4,2,2800,16.8,3.14.6,CPython,1,forkserver,2.5.3,recursive,rec_quicksort,109,58,0.0,ms,normal,182,77,4,4,1,8,0,0,9.542522212642426e-05,1.0,0.13927378421837805,0.03251603639998444,0.9149416482731114,0.0,0.010140341999431257,0.0011231280032006907,0.05971547399985866,0.017250572000193642,0.017684379999991506,0.01652750900029787,0.017084;0.017328;0.017251,0.017684;0.017523;0.017764,0.016528;0.018377;0.009854,,multiprocessing,2026-10-03T12:22:35+00:00
L4-00601,L4,n2-standard-4,Linux,6.1.0-53-cloud-amd64,x86_64,Intel(R) Xeon(R) CPU @ 2.80GHz,intel,4,2,2800,16.8,3.14.6,CPython,1,forkserver,2.5.3,io,io_sleep_return_payload,2055,1412,0.8,ms,normal,20,1435,4,2,0,1,1,0,0.001782317400102329,0.009510933826283607,0.3883385469286016,0.004522090266007319,0.9271289063801711,1.0,0.01727770999968925,0.0002562949994171504,0.04199261000030674,0.03873037399989698,0.020079771999917284,0.020739405000313127,0.038736;0.038730;0.038654,0.020164;0.020018;0.020080,0.020739;0.020964;0.020668,,threading,2026-10-03T12:22:36+00:00
L4-00602,L4,n2-standard-4,Linux,6.1.0-53-cloud-amd64,x86_64,Intel(R) Xeon(R) CPU @ 2.80GHz,intel,4,2,2800,16.8,3.14.6,CPython,1,forkserver,2.5.3,tiny,tiny_len,21,43,0.0,ms,normal,200000,62,4,8,0,0,0,0,1.1097049764430266e-07,1.0,0.3084951101124781,27.725838038914638,0.35750847691026827,0.0,0.004263179999725253,0.002677011005289387,0.09885302099974069,0.0111902190001274,0.018640586999936204,0.06701945199984038,0.011161;0.011190;0.011263,0.019306;0.018641;0.018445,0.067019,,sequential,2026-10-03T12:22:37+00:00
L4-00603,L4,n2-standard-4,Linux,6.1.0-53-cloud-amd64,x86_64,Intel(R) Xeon(R) CPU @ 2.80GHz,intel,4,2,2800,16.8,3.14.6,CPython,1,forkserver,2.5.3,gil_release,gil_zlib,17,40168,0.8,ms,normal,8,40190,4,2,1,1,0,1,0.01527337533358756,0.9999752559141333,0.5916064928014136,0.0011198354163921762,2.222424272332092,0.0,0.07540010499997152,0.0003419459990254836,0.04199261000030674,0.10816772499947547,0.05712163499993039,0.06113270999958331,0.108198;0.107790;0.108168,0.057004;0.057122;0.060650,0.061133;0.061965;0.061080,,threading,2026-10-03T12:22:38+00:00
L4-00604,L4,n2-standard-4,Linux,6.1.0-53-cloud-amd64,x86_64,Intel(R) Xeon(R) CPU @ 2.80GHz,intel,4,2,2800,16.8,3.14.6,CPython,1,forkserver,2.5.3,big_result,result_sorted_pairs,922,548,0.0,ms,normal,31,571,4,4,1,4,0,0,0.00041123600008826803,1.0,0.1041475961572559,0.4814024060936141,0.9292326249998561,0.0,0.008011978000467934,0.0020447999995667487,0.05971547399985866,0.012209723000523809,0.01306597100028739,0.011320202000206336,0.013090;0.012210;0.012153,0.013296;0.013066;0.012704,0.011320;0.012318;0.010927,,multiprocessing,2026-10-03T12:22:39+00:00
L4-00605,L4,n2-standard-4,Linux,6.1.0-53-cloud-amd64,x86_64,Intel(R) Xeon(R) CPU @ 2.80GHz,intel,4,2,2800,16.8,3.14.6,CPython,1,forkserver,2.5.3,mixed,mixed_json_roundtrip,9,1415,0.8,seconds,normal,1031,1437,4,2,1,1,1,0,0.00035424538296181915,0.8432921142138626,0.3883484795340057,0.009876911024575557,1.106120258215629,0.0,0.09556348600017373,0.0005306910024955869,0.04199261000030674,0.3562537710004108,0.3250307950002025,0.21135410700026114,0.356439;0.355843;0.356254,0.319335;0.325031;0.354567,0.214776;0.211354;0.198775,,multiprocessing,2026-10-03T12:22:42+00:00
L4-00606,L4,n2-standard-4,Linux,6.1.0-53-cloud-amd64,x86_64,Intel(R) Xeon(R) CPU @ 2.80GHz,intel,4,2,2800,16.8,3.14.6,CPython,1,forkserver,2.5.3,gil_release,gil_numpy_matmul,251,2240,0.3,seconds,normal,3849,2262.45,4,2,0,2,0,1,0.0007221141857501477,0.999977887513167,0.4145862114480305,0.00670551842034218,1.7678279784296447,0.5,0.08044565100044565,0.0012406539981384412,0.04199261000030674,2.9797007429997393,1.5313937820001229,1.5089675210001587,2.936727;3.025195;2.979701,1.531394;1.510702;1.542613,1.513782;1.508968;1.507113,,multiprocessing,2026-10-03T12:23:01+00:00
L4-00607,L4,n2-standard-4,Linux,6.1.0-53-cloud-amd64,x86_64,Intel(R) Xeon(R) CPU @ 2.80GHz,intel,4,2,2800,16.8,3.14.6,CPython,1,forkserver,2.5.3,gil_release,gil_zlib,1,104882,0.0,seconds,big,121,104904,4,8,1,1,0,1,0.0025109934999363757,0.9997443504945347,0.01177799760554518,0.007945938548324377,1.9139471032800885,0.0,0.07716645399978006,0.0006866930016258266,0.09885302099974069,0.30298663700068573,0.11427054700016015,0.12224086200058082,0.302987;0.302728;0.304633,0.114271;0.113737;0.117192,0.120180;0.126267;0.122241,,threading,2026-10-03T12:23:03+00:00
L4-00608,L4,n2-standard-4,Linux,6.1.0-53-cloud-amd64,x86_64,Intel(R) Xeon(R) CPU @ 2.80GHz,intel,4,2,2800,16.8,3.14.6,CPython,1,forkserver,2.5.3,big_result,result_matrix_lists,34,1103732,0.3,seconds,big,181,1103754,4,4,2,5,0,0,0.00013697926664867232,1.0,0.28804481751270755,1.9096134503399618,0.8599243776735037,0.0,0.019002066999746603,0.005549585000153456,0.05971547399985866,0.026668335999602277,0.027664525000545837,0.19169720800073264,0.027250;0.026668;0.026007,0.027604;0.027868;0.027665,0.191697,,sequential,2026-10-03T12:23:05+00:00
L4-00609,L4,n2-standard-4,Linux,6.1.0-53-cloud-amd64,x86_64,Intel(R) Xeon(R) CPU @ 2.80GHz,intel,4,2,2800,16.8,3.14.6,CPython,1,forkserver,2.5.3,algo_rec,algo_lcs_memo,2,240,0.3,seconds,normal,1162,259,4,2,1,10,0,0,0.005209688500053744,0.9999709870725035,0.2439967589732908,0.0008131772771569982,1.0466782680068993,0.0,0.10170159400058765,0.0002629890004754998,0.04199261000030674,5.96162398099932,6.278726408999319,3.10348227600025,5.921665;5.961624;5.975148,6.260704;6.291504;6.278726,3.117145;2.972720;3.103482,,multiprocessing,2026-10-03T12:23:51+00:00
L4-00610,L4,n2-standard-4,Linux,6.1.0-53-cloud-amd64,x86_64,Intel(R) Xeon(R) CPU @ 2.80GHz,intel,4,2,2800,16.8,3.14.6,CPython,1,forkserver,2.5.3,io,io_sleep,5306,350,0.0,ms,normal,17,373,4,4,0,1,1,0,0.00539485125000283,0.004942222415007542,0.0010370638277194207,0.0018625629451633652,1.9485600049657008,0.0,0.03295809399969585,0.00024230399958469206,0.05971547399985866,0.09169963199929043,0.0273239089992785,0.028013629999804834,0.091590;0.091700;0.091844,0.027368;0.027324;0.027291,0.029898;0.028014;0.027769,,threading,2026-10-03T12:23:52+00:00
L4-00611,L4,n2-standard-4,Linux,6.1.0-53-cloud-amd64,x86_64,Intel(R) Xeon(R) CPU @ 2.80GHz,intel,4,2,2800,16.8,3.14.6,CPython,1,forkserver,2.5.3,big_payload,big_count_byte,210,110477,0.3,ms,big,55,110499.15384615384,4,4,0,1,0,0,0.00018240476954535831,1.0,0.053700346426384146,0.13655513440047498,0.8728878796952021,0.5,0.005711505999897781,0.000555264995455218,0.05971547399985866,0.009832458999881055,0.010464680000040971,0.010323495000193361,0.009807;0.009859;0.009832,0.010465;0.010500;0.010329,0.010323;0.006238;0.017553,,sequential,2026-10-03T12:23:53+00:00
L4-00612,L4,n2-standard-4,Linux,6.1.0-53-cloud-amd64,x86_64,Intel(R) Xeon(R) CPU @ 2.80GHz,intel,4,2,2800,16.8,3.14.6,CPython,1,forkserver,2.5.3,recursive,rec_fib,3946,89,0.8,seconds,normal,3028,109,4,4,0,4,0,0,0.00028856299427835737,0.9999618777721598,0.39439965158406276,0.011811458590385598,1.0190969803883254,0.0,0.10006315299960988,0.0011120439894511946,0.05971547399985866,0.8449574149999535,0.8646081699998831,0.44077082900003006,0.844781;0.846333;0.844957,0.865389;0.864608;0.860329,0.448124;0.438877;0.440771,,multiprocessing,2026-10-03T12:24:00+00:00
L4-00613,L4,n2-standard-4,Linux,6.1.0-53-cloud-amd64,x86_64,Intel(R) Xeon(R) CPU @ 2.80GHz,intel,4,2,2800,16.8,3.14.6,CPython,1,forkserver,2.5.3,tiny,tiny_dict_lookup,33,304689,0.0,ms,big,656,304711,4,4,0,1,0,0,4.2695123516839484e-07,1.0,0.412844776333268,136.3307919941141,0.15832184300554158,0.0,0.002243556999928842,0.0016141019978022086,0.05971547399985866,0.00019824199989670888,0.0006299860006038216,0.1893782810002449,0.000285;0.000198;0.000136,0.000778;0.000630;0.000480,0.189378,,sequential,2026-10-03T12:24:01+00:00
L4-00614,L4,n2-standard-4,Linux,6.1.0-53-cloud-amd64,x86_64,Intel(R) Xeon(R) CPU @ 2.80GHz,intel,4,2,2800,16.8,3.14.6,CPython,1,forkserver,2.5.3,big_payload,big_upper_copy,2,1935666,0.0,ms,big,30,1935688,4,2,0,0,0,0,0.0009186225713295114,1.0,0.0489733922959291,0.9242927064422661,0.9517687963163398,0.5,0.01944324299984146,0.0062006560001464095,0.04199261000030674,0.027113084999655257,0.028928955999617756,0.4474607639995156,0.027113;0.026977;0.027127,0.029234;0.028719;0.028929,0.447461,,sequential,2026-10-03T12:24:03+00:00
L4-00615,L4,n2-standard-4,Linux,6.1.0-53-cloud-amd64,x86_64,Intel(R) Xeon(R) CPU @ 2.80GHz,intel,4,2,2800,16.8,3.14.6,CPython,1,forkserver,2.5.3,big_payload,big_reverse,3,260614,0.0,seconds,big,767,260636,4,4,0,0,0,0,0.00013140884812184395,1.0,0.05114339396641093,0.7134740267144437,0.8639654444390152,0.0,0.05685449500015238,0.0025413820085304906,0.05971547399985866,0.1630622909997328,0.10239433900005679,1.1061550340000394,0.182315;0.163062;0.163010,0.116607;0.102394;0.102321,1.106155,,threading,2026-10-03T12:24:06+00:00
L4-00616,L4,n2-standard-4,Linux,6.1.0-53-cloud-amd64,x86_64,Intel(R) Xeon(R) CPU @ 2.80GHz,intel,4,2,2800,16.8,3.14.6,CPython,1,forkserver,2.5.3,io,io_sleep,4387,1552,0.8,seconds,normal,815,1575,4,4,0,1,1,0,0.0040545017693427955,0.002812896712527202,0.4286290186990409,0.0011526788309557303,1.8038675344280555,0.0,0.08305973899950914,0.00029767999785690336,0.05971547399985866,3.6350990959999763,0.9419135820007796,0.9432397700002184,3.630008;3.635099;3.638425,0.940599;0.942407;0.941914,0.942315;0.943651;0.943240,,threading,2026-10-03T12:24:23+00:00
L4-00617,L4,n2-standard-4,Linux,6.1.0-53-cloud-amd64,x86_64,Intel(R) Xeon(R) CPU @ 2.80GHz,intel,4,2,2800,16.8,3.14.6,CPython,1,forkserver,2.5.3,big_result,result_records,232,1499290,0.0,seconds,big,133,1499312,4,4,1,2,0,0,0.0001023937575155287,0.9922288507913212,0.8112151587649928,4.453935582638418,0.8652308273898762,0.0,0.01668993400016916,0.009412713002348028,0.05971547399985866,2.13010082800065,0.013399047999882896,0.23652178500014998,2.130101,0.015156;0.013399;0.013234,0.236522,,threading,2026-10-03T12:24:26+00:00
L4-00618,L4,n2-standard-4,Linux,6.1.0-53-cloud-amd64,x86_64,Intel(R) Xeon(R) CPU @ 2.80GHz,intel,4,2,2800,16.8,3.14.6,CPython,1,forkserver,2.5.3,db,db_file_lookup,30,134,0.8,seconds,normal,3498,153,4,4,1,5,1,0,0.0003494312447394811,0.9999500368384623,0.2944184429615523,0.009505303283825955,1.1186495022162617,0.0,0.0952193150005769,0.0005710340028599603,0.05971547399985866,1.2135544530001425,3.697182517999863,0.5409256039993124,1.213554;1.221398;1.205993,3.697183,0.540926;0.546590;0.539843,,multiprocessing,2026-10-03T12:24:36+00:00
L4-00619,L4,n2-standard-4,Linux,6.1.0-53-cloud-amd64,x86_64,Intel(R) Xeon(R) CPU @ 2.80GHz,intel,4,2,2800,16.8,3.14.6,CPython,1,forkserver,2.5.3,recursive,rec_nqueens,25,1344,0.0,seconds,normal,786,1366,4,2,1,10,0,0,0.004126780307860127,0.9999680985042708,0.008707511239973072,0.0010578930758146237,0.9616797519111693,0.0,0.10967800199978228,0.0002873459980037296,0.04199261000030674,3.231885694000084,3.33005415200023,1.6579513610004142,3.227213;3.231886;3.257056,3.330054;3.319531;3.547931,1.655288;1.671197;1.657951,,multiprocessing,2026-10-03T12:25:02+00:00
L4-00620,L4,n2-standard-4,Linux,6.1.0-53-cloud-amd64,x86_64,Intel(R) Xeon(R) CPU @ 2.80GHz,intel,4,2,2800,16.8,3.14.6,CPython,1,forkserver,2.5.3,tiny,tiny_small_loop,6,36,0.0,seconds,normal,200000,55,4,2,0,0,0,0,2.7539400662135447e-07,1.0,3.7331608137985075,11.426356427221316,0.591361910305432,0.5,0.005116596999869216,0.002888501986490155,0.04199261000030674,0.03917262300001312,0.046773138000389736,0.0806969189998199,0.039013;0.039173;0.039354,0.047604;0.046773;0.046674,0.080448;0.082072;0.080697,,sequential,2026-10-03T12:25:03+00:00
L4-00621,L4,n2-standard-4,Linux,6.1.0-53-cloud-amd64,x86_64,Intel(R) Xeon(R) CPU @ 2.80GHz,intel,4,2,2800,16.8,3.14.6,CPython,1,forkserver,2.5.3,cpu,cpu_sum_squares,16364,32,0.3,ms,normal,22,52,4,4,1,2,0,0,0.0008125080003082985,1.0,0.25573903882711213,0.009683596860065216,0.7885116938751154,0.0,0.009148481999545766,0.0002244259985673125,0.05971547399985866,0.018186281000453164,0.01909543100009614,0.012585112000124354,0.018085;0.018360;0.018186,0.019103;0.019058;0.019095,0.012705;0.012585;0.010700,,multiprocessing,2026-10-03T12:25:03+00:00
L4-00622,L4,n2-standard-4,Linux,6.1.0-53-cloud-amd64,x86_64,Intel(R) Xeon(R) CPU @ 2.80GHz,intel,4,2,2800,16.8,3.14.6,CPython,1,forkserver,2.5.3,big_result,result_sorted_pairs,34864,209,0.3,ms,normal,8,229,4,8,1,4,0,0,0.022791432000303757,0.9997695404387533,0.1269517269289089,0.6703924234769364,1.126198451295205,0.0,0.1702414659994247,0.04604699399897072,0.09885302099974069,0.2027744070001063,0.2155478029999358,0.20014779800021643,0.202774;0.201617;0.213962,0.215548;0.225891;0.213110,0.203136;0.200148;0.179662,,multiprocessing,2026-10-03T12:25:06+00:00
L4-00623,L4,n2-standard-4,Linux,6.1.0-53-cloud-amd64,x86_64,Intel(R) Xeon(R) CPU @ 2.80GHz,intel,4,2,2800,16.8,3.14.6,CPython,1,forkserver,2.5.3,numpy,np_fft,1088,1212,0.0,ms,normal,3674,1235,4,4,0,0,0,1,3.2523685187147146e-05,1.0,0.21204832940156776,0.14078355595547667,0.6927088233546868,0.0,0.0753263260003223,0.0021005979979236145,0.05971547399985866,0.11643180299961386,0.3202458249998017,0.07187275299929752,0.116035;0.116432;0.118223,0.320246;0.318264;0.320859,0.073057;0.071873;0.070382,,multiprocessing,2026-10-03T12:25:08+00:00
L4-00624,L4,n2-standard-4,Linux,6.1.0-53-cloud-amd64,x86_64,Intel(R) Xeon(R) CPU @ 2.80GHz,intel,4,2,2800,16.8,3.14.6,CPython,1,forkserver,2.5.3,numpy,np_elementwise,348466,180,0.8,ms,normal,12,202,4,4,0,4,0,0,0.009336914000414254,1.0,0.4167843289388484,0.0016974202625533897,1.0213825356235393,0.0,0.06203926799935289,0.00028207299874338787,0.05971547399985866,0.1162682499998482,0.058220867999807524,0.06093793400032155,0.116794;0.115121;0.116268,0.061085;0.057813;0.058221,0.059843;0.061778;0.060938,,threading,2026-10-03T12:25:09+00:00
L4-00625,L4,n2-standard-4,Linux,6.1.0-53-cloud-amd64,x86_64,Intel(R) Xeon(R) CPU @ 2.80GHz,intel,4,2,2800,16.8,3.14.6,CPython,1,forkserver,2.5.3,gil_release,gil_bz2,206,300000,0.8,ms,big,8,300022,4,4,0,1,0,1,0.00979366866674051,1.0,0.4864064285260475,0.010728155427272276,0.7685550929640151,0.5,0.074611750999793,0.0005337669999789796,0.05971547399985866,0.13870889100053319,0.07027800699961517,0.07417057300062879,0.139315;0.138332;0.138709,0.065561;0.070278;0.071157,0.074171;0.075263;0.071057,,threading,2026-10-03T12:25:11+00:00
L4-00626,L4,n2-standard-4,Linux,6.1.0-53-cloud-amd64,x86_64,Intel(R) Xeon(R) CPU @ 2.80GHz,intel,4,2,2800,16.8,3.14.6,CPython,1,forkserver,2.5.3,numpy,np_sort,77774,3750,0.0,ms,normal,19,3775,4,2,0,3,0,1,0.001794651500404143,1.0,0.05670068538366912,0.0054730681247260275,1.6284905696215104,0.0,0.0117926240000088,0.00026626899762050016,0.04199261000030674,0.03258628399998997,0.023858712000219384,0.01996344799954386,0.032658;0.032378;0.032586,0.018112;0.023859;0.024242,0.023566;0.019087;0.019963,,multiprocessing,2026-10-03T12:25:12+00:00
L4-00627,L4,n2-standard-4,Linux,6.1.0-53-cloud-amd64,x86_64,Intel(R) Xeon(R) CPU @ 2.80GHz,intel,4,2,2800,16.8,3.14.6,CPython,1,forkserver,2.5.3,cpu,cpu_count_primes,7581,43,0.8,ms,normal,8,63,4,4,2,4,0,0,0.005565151999689988,1.0,0.4454227739907698,0.0017679062329471916,1.3079084063075643,1.0,0.03342945300028077,0.00020583700097631663,0.05971547399985866,0.04833302600036404,0.04920816699996067,0.03084389600007853,0.048277;0.048518;0.048333,0.049208;0.049174;0.049497,0.030844;0.028326;0.031487,,multiprocessing,2026-10-03T12:25:13+00:00
L4-00628,L4,n2-standard-4,Linux,6.1.0-53-cloud-amd64,x86_64,Intel(R) Xeon(R) CPU @ 2.80GHz,intel,4,2,2800,16.8,3.14.6,CPython,1,forkserver,2.5.3,mixed,mixed_compute_then_sleep,2066,190101,0.0,seconds,big,1052,190124,4,8,1,3,1,0,0.00019128476243826425,0.5219177729994645,0.04101252805677851,0.16023126787157652,1.8567741532757376,0.0,0.07870099800038588,0.001715643003990408,0.09885302099974069,0.20112562399935996,0.14406004499960545,0.21409047399993142,0.201657;0.200578;0.201126,0.143320;0.146427;0.144060,0.214090;0.206307;0.214403,,threading,2026-10-03T12:25:15+00:00
L4-00629,L4,n2-standard-4,Linux,6.1.0-53-cloud-amd64,x86_64,Intel(R) Xeon(R) CPU @ 2.80GHz,intel,4,2,2800,16.8,3.14.6,CPython,1,forkserver,2.5.3,big_payload,big_checksum_head,11318,341038,0.0,seconds,big,586,341061,4,2,1,1,0,0,0.0002878021643345451,0.9997398729815757,0.03656600573116843,0.212769594688953,0.9846164105539762,0.0,0.08657560800020292,0.0017378630072926171,0.04199261000030674,0.16751366199969198,0.17074033199969563,0.23420159199940827,0.167468;0.167514;0.168092,0.171066;0.170740;0.170614,0.241395;0.229335;0.234202,,sequential,2026-10-03T12:25:18+00:00
L4-00630,L4,n2-standard-4,Linux,6.1.0-53-cloud-amd64,x86_64,Intel(R) Xeon(R) CPU @ 2.80GHz,intel,4,2,2800,16.8,3.14.6,CPython,1,forkserver,2.5.3,tiny,tiny_dict_lookup,34,101301,0.8,ms,big,1974,101323,4,8,0,1,0,0,4.398275828699753e-07,1.0,2.0994208515501955,41.98020040379409,0.35799869861142025,0.0,0.002310132000275189,0.0012417760017342516,0.09885302099974069,0.0005451080005514086,0.0009735020003063255,0.19331594799950835,0.000576;0.000470;0.000545,0.001468;0.000974;0.000935,0.193316,,sequential,2026-10-03T12:25:20+00:00
L4-00631,L4,n2-standard-4,Linux,6.1.0-53-cloud-amd64,x86_64,Intel(R) Xeon(R) CPU @ 2.80GHz,intel,4,2,2800,16.8,3.14.6,CPython,1,forkserver,2.5.3,big_payload,big_reverse,8,945153,0.0,ms,big,127,945175,4,4,0,0,0,0,0.00048083551618835756,1.0,0.056113116706945035,0.7308077048002584,0.9414354691674042,0.0,0.03814261200022884,0.007359894998444361,0.05971547399985866,0.06030469899997115,0.06251967699972738,0.8191945090002264,0.060258;0.060313;0.060305,0.062520;0.062040;0.062541,0.819195,,sequential,2026-10-03T12:25:22+00:00
L4-00632,L4,n2-standard-4,Linux,6.1.0-53-cloud-amd64,x86_64,Intel(R) Xeon(R) CPU @ 2.80GHz,intel,4,2,2800,16.8,3.14.6,CPython,1,forkserver,2.5.3,cpu,cpu_sum_squares,1054,262,0.0,ms,normal,1777,285,4,2,1,2,0,0,4.2818707222502304e-05,1.0,0.07980776748945019,0.08393877964047415,0.9589259010922673,0.0,0.040015739999944344,0.0009377939932164736,0.04199261000030674,0.07543992699993396,0.07707318600023427,0.0452659800002948,0.075222;0.075875;0.075440,0.076778;0.077482;0.077073,0.053527;0.045266;0.040046,,multiprocessing,2026-10-03T12:25:23+00:00
L4-00633,L4,n2-standard-4,Linux,6.1.0-53-cloud-amd64,x86_64,Intel(R) Xeon(R) CPU @ 2.80GHz,intel,4,2,2800,16.8,3.14.6,CPython,1,forkserver,2.5.3,mixed,mixed_parse_lines,5,12443,0.8,ms,normal,20,12465,4,8,2,3,1,0,0.0018359721998422174,0.9526879618219228,0.5607868873318291,0.005269360985519049,0.6459392822652318,0.0,0.024914098999943235,0.0002344860004086513,0.09885302099974069,0.052820226999756414,0.05353516800005309,0.031690136999714014,0.052820;0.052777;0.053133,0.053593;0.053316;0.053535,0.034082;0.031330;0.031690,,multiprocessing,2026-10-03T12:25:24+00:00
L4-00634,L4,n2-standard-4,Linux,6.1.0-53-cloud-amd64,x86_64,Intel(R) Xeon(R) CPU @ 2.80GHz,intel,4,2,2800,16.8,3.14.6,CPython,1,forkserver,2.5.3,algo_rec,algo_merge_sort,691,548,0.3,ms,normal,173,571,4,8,1,10,0,0,0.0011158682557432383,0.9997956900837903,0.1940731674294676,0.030957507531330516,0.9782190562823966,0.0,0.09819112199966185,0.0009971670024242485,0.09885302099974069,0.19182003300011274,0.19896282900026563,0.11352367899962701,0.191820;0.193917;0.191805,0.198698;0.198963;0.200442,0.113862;0.113524;0.112917,,multiprocessing,2026-10-03T12:25:26+00:00
L4-00635,L4,n2-standard-4,Linux,6.1.0-53-cloud-amd64,x86_64,Intel(R) Xeon(R) CPU @ 2.80GHz,intel,4,2,2800,16.8,3.14.6,CPython,1,forkserver,2.5.3,io,io_file_roundtrip,1,1242,0.8,ms,normal,60,1264,4,2,1,0,1,0,0.0015720669999912693,0.1111004989149102,0.3399236463777418,0.0025891178120298563,1.6161740501591804,0.0,0.03828484899986506,0.0003102649998254492,0.04199261000030674,0.08376114700058679,0.05684321799981262,0.05718482100019173,0.086630;0.082320;0.083761,0.056843;0.058389;0.051461,0.057185;0.058748;0.054724,,threading,2026-10-03T12:25:27+00:00
L4-00636,L4,n2-standard-4,Linux,6.1.0-53-cloud-amd64,x86_64,Intel(R) Xeon(R) CPU @ 2.80GHz,intel,4,2,2800,16.8,3.14.6,CPython,1,forkserver,2.5.3,gil_release,gil_sha256,7,6042,0.3,ms,normal,193,6064,4,2,1,1,0,1,0.00010142408334938106,1.0,0.19639028695620944,0.038818688562057384,1.519912381209513,0.0,0.008511682000062137,0.0003697719994306681,0.04199261000030674,0.019862387999637576,0.011476935000246158,0.020341894000011962,0.019862;0.019797;0.019918,0.018405;0.011248;0.011477,0.013759;0.020342;0.023731,,threading,2026-10-03T12:25:28+00:00
L4-00637,L4,n2-standard-4,Linux,6.1.0-53-cloud-amd64,x86_64,Intel(R) Xeon(R) CPU @ 2.80GHz,intel,4,2,2800,16.8,3.14.6,CPython,1,forkserver,2.5.3,big_result,result_matrix_lists,87,296,0.8,ms,normal,18,318,4,8,2,5,0,0,0.0010448112498124829,1.0,0.8704023735994897,0.23530494121949763,1.1614902522570376,0.0,0.009756989999914367,0.0011681580008371384,0.09885302099974069,0.019467828000415466,0.020204653999826405,0.019941049000408384,0.019991;0.019468;0.018853,0.020824;0.020137;0.020205,0.019941;0.021318;0.017455,,sequential,2026-10-03T12:25:29+00:00
L4-00638,L4,n2-standard-4,Linux,6.1.0-53-cloud-amd64,x86_64,Intel(R) Xeon(R) CPU @ 2.80GHz,intel,4,2,2800,16.8,3.14.6,CPython,1,forkserver,2.5.3,gil_release,gil_sha256,2,286691,0.0,seconds,big,527,286713,4,2,1,1,0,1,0.0013485766578110326,0.9999789240571623,0.032631626035514415,0.03551270116196295,1.9823234451689913,0.0,0.07844586800001707,0.0012977950027561747,0.04199261000030674,0.6989448529993751,0.35232168800030195,0.45557689699944603,0.699357;0.698945;0.698829,0.352378;0.352138;0.352322,0.455577;0.449849;0.458082,,threading,2026-10-03T12:25:34+00:00
L4-00639,L4,n2-standard-4,Linux,6.1.0-53-cloud-amd64,x86_64,Intel(R) Xeon(R) CPU @ 2.80GHz,intel,4,2,2800,16.8,3.14.6,CPython,1,forkserver,2.5.3,big_result,result_long_string,545,650,0.0,seconds,normal,7380,673,4,8,1,1,0,0,0.00012662683755867326,0.9999632245063086,0.03269259878979053,0.060523900008929515,0.9605400614803984,0.0,0.1031178050006929,0.0010989820020768093,0.09885302099974069,0.9575744980002128,0.984213508000721,0.6980033330000879,0.957574;0.961435;0.951233,0.994113;0.984214;0.977516,1.384038;0.607082;0.698003,,multiprocessing,2026-10-03T12:25:43+00:00
L4-00640,L4,n2-standard-4,Linux,6.1.0-53-cloud-amd64,x86_64,Intel(R) Xeon(R) CPU @ 2.80GHz,intel,4,2,2800,16.8,3.14.6,CPython,1,forkserver,2.5.3,gil_release,gil_bz2,91,300000,0.3,seconds,big,72,300022,4,2,0,1,0,1,0.00903214233358085,0.9999688803562422,0.10517762291092565,0.00709719034590125,1.7281989304762357,0.0,0.0857710849995783,0.0006247719984457945,0.04199261000030674,0.6876776499993866,0.3485619069997483,0.3730824069998562,0.687678;0.687226;0.689129,0.353508;0.347997;0.348562,0.367586;0.373082;0.373375,,threading,2026-10-03T12:25:48+00:00
L4-00641,L4,n2-standard-4,Linux,6.1.0-53-cloud-amd64,x86_64,Intel(R) Xeon(R) CPU @ 2.80GHz,intel,4,2,2800,16.8,3.14.6,CPython,1,forkserver,2.5.3,cpu,cpu_collatz,1876,39,0.0,seconds,normal,36,59,4,2,2,5,0,0,0.009285517833329019,0.9997224667136503,0.01228139722955353,0.0008180480770485909,0.97973965264079,0.0,0.11264835100064374,0.00025025600098160794,0.04199261000030674,0.3326041220007028,0.3363234120006382,0.18829064300007303,0.331998;0.332725;0.332604,0.335357;0.336323;0.337678,0.187651;0.191173;0.188291,,multiprocessing,2026-10-03T12:25:52+00:00
L4-00642,L4,n2-standard-4,Linux,6.1.0-53-cloud-amd64,x86_64,Intel(R) Xeon(R) CPU @ 2.80GHz,intel,4,2,2800,16.8,3.14.6,CPython,1,forkserver,2.5.3,algo_rec,algo_sudoku,6,842,0.3,seconds,normal,169,864,4,8,3,28,0,0,0.005027583700120885,0.9999692365729673,0.8403759164857619,0.000942520324137338,1.3612785840719328,0.0,0.07786980499986385,0.00025549599831720116,0.09885302099974069,0.643500744999983,0.6598957770002016,0.34626877600021544,0.641624;0.646614;0.643501,0.658492;0.659896;0.661644,0.346269;0.356499;0.344929,,multiprocessing,2026-10-03T12:25:57+00:00
L4-00643,L4,n2-standard-4,Linux,6.1.0-53-cloud-amd64,x86_64,Intel(R) Xeon(R) CPU @ 2.80GHz,intel,4,2,2800,16.8,3.14.6,CPython,1,forkserver,2.5.3,gil_release,gil_zlib,4,111414,0.3,seconds,big,37,111436,4,2,1,1,0,1,0.010104036200209521,0.9997704189238995,0.11044768061571904,0.00264035080189031,1.5387979853528508,0.0,0.08316533499964862,0.0003444679987296695,0.04199261000030674,0.38772386699929484,0.21549719999984518,0.21439048799948068,0.391186;0.387724;0.387546,0.215497;0.212053;0.216824,0.216036;0.214390;0.213124,,multiprocessing,2026-10-03T12:26:00+00:00
L4-00644,L4,n2-standard-4,Linux,6.1.0-53-cloud-amd64,x86_64,Intel(R) Xeon(R) CPU @ 2.80GHz,intel,4,2,2800,16.8,3.14.6,CPython,1,forkserver,2.5.3,numpy,np_fft,98651,2871,0.8,ms,normal,8,2895.3333333333335,4,4,0,0,0,1,0.011823118999927829,1.0,0.757338871382395,0.0010150452061224852,0.9115217799162385,0.5,0.07820943599926977,0.00023413299913954688,0.05971547399985866,0.09975753200069448,0.058193150000079186,0.0598913639996681,0.096871;0.100338;0.099758,0.058193;0.058582;0.057551,0.061360;0.059891;0.054285,,threading,2026-10-03T12:26:02+00:00
L4-00645,L4,n2-standard-4,Linux,6.1.0-53-cloud-amd64,x86_64,Intel(R) Xeon(R) CPU @ 2.80GHz,intel,4,2,2800,16.8,3.14.6,CPython,1,forkserver,2.5.3,db,db_mem_group_by,288,31,0.3,seconds,normal,13176,50.9,4,2,1,2,1,0,0.00040200758405262605,0.9999729949321778,0.12434357476004573,0.007446999068566854,0.594775238733888,0.0,0.13590615799967054,0.0012469829935071175,0.04199261000030674,5.2266535749995455,8.738590719000058,2.3986925279996285,5.224149;5.229060;5.226654,8.749648;8.738591;8.724717,2.398693;2.411576;2.393560,,multiprocessing,2026-10-03T12:26:51+00:00
L4-00646,L4,n2-standard-4,Linux,6.1.0-53-cloud-amd64,x86_64,Intel(R) Xeon(R) CPU @ 2.80GHz,intel,4,2,2800,16.8,3.14.6,CPython,1,forkserver,2.5.3,recursive,rec_tree_sum,35094,85,0.0,ms,normal,8,105,4,4,0,4,0,0,0.019188199000078992,0.9999757879394856,0.038161511473969185,0.0006140753407444412,0.7957641003052113,0.0,0.1289332429996648,0.000877568999385403,0.05971547399985866,0.1691676489999736,0.20823620800001663,0.08595980700010841,0.169168;0.171234;0.159110,0.202000;0.208236;0.213735,0.085960;0.078362;0.088533,,multiprocessing,2026-10-03T12:26:53+00:00
L4-00647,L4,n2-standard-4,Linux,6.1.0-53-cloud-amd64,x86_64,Intel(R) Xeon(R) CPU @ 2.80GHz,intel,4,2,2800,16.8,3.14.6,CPython,1,forkserver,2.5.3,recursive,rec_nqueens,30,1323601,0.8,seconds,big,119,1323623,4,4,1,10,0,0,0.004553962636485018,0.9999691856755271,0.5288640850524905,0.06139520170054797,0.9090007436247282,0.0,0.11001394699997036,0.0033484259984106757,0.05971547399985866,0.5698997199997393,0.590714281000146,0.35113340899988543,0.569590;0.572626;0.569900,0.590714;0.591851;0.590169,0.357663;0.342612;0.351133,,multiprocessing,2026-10-03T12:26:59+00:00
L4-00648,L4,n2-standard-4,Linux,6.1.0-53-cloud-amd64,x86_64,Intel(R) Xeon(R) CPU @ 2.80GHz,intel,4,2,2800,16.8,3.14.6,CPython,1,forkserver,2.5.3,big_payload,big_upper_copy,7,121655,0.0,ms,big,577,121677,4,2,0,0,0,0,5.781503476024833e-05,1.0,0.12137702527644138,0.5780935722327466,0.5425843196048641,0.0,0.02497451299950626,0.0011880489946634043,0.04199261000030674,0.03280095500031166,0.034847957999772916,0.9186784410003384,0.032613;0.033218;0.032801,0.039277;0.033847;0.034848,0.918678,,sequential,2026-10-03T12:27:01+00:00
L4-00649,L4,n2-standard-4,Linux,6.1.0-53-cloud-amd64,x86_64,Intel(R) Xeon(R) CPU @ 2.80GHz,intel,4,2,2800,16.8,3.14.6,CPython,1,forkserver,2.5.3,gil_release,gil_numpy_matmul,96,4232,0.3,seconds,normal,27482,4254,4,2,0,2,0,1,6.812994919713034e-05,0.9990494884894048,0.4697786533883816,0.07551451432981926,0.846959946826634,27.2,0.1103390220005167,0.0017730559848132543,0.04199261000030674,1.8219882980001785,1.3049734589994841,1.0269623100002718,1.852866;1.821988;1.790465,1.304973;1.307738;1.298795,1.065829;1.026962;1.006923,,multiprocessing,2026-10-03T12:27:14+00:00
L4-00650,L4,n2-standard-4,Linux,6.1.0-53-cloud-amd64,x86_64,Intel(R) Xeon(R) CPU @ 2.80GHz,intel,4,2,2800,16.8,3.14.6,CPython,1,forkserver,2.5.3,big_result,result_long_string,25272,49,0.0,ms,normal,33,69,4,4,1,1,0,0,0.005363798499843142,0.9995801154183163,0.03973945769779447,0.03324689117089087,0.9528858771566279,0.0,0.08899984799973026,0.0016572650010857615,0.05971547399985866,0.17423230799977318,0.17984697299925756,0.23812789200019324,0.173605;0.174340;0.174232,0.182581;0.179847;0.179503,0.238128;0.216735;0.522639,,sequential,2026-10-03T12:27:17+00:00
L4-00651,L4,n2-standard-4,Linux,6.1.0-53-cloud-amd64,x86_64,Intel(R) Xeon(R) CPU @ 2.80GHz,intel,4,2,2800,16.8,3.14.6,CPython,1,forkserver,2.5.3,big_result,result_long_string,2232,156,0.8,ms,normal,13,176,4,2,1,1,0,0,0.0006913063337682009,1.0,0.28387411654096567,0.055609693921692446,1.2349811518945988,0.0,0.0038593209992541233,0.00027416699776949827,0.04199261000030674,0.006999485000051209,0.0074087789998884546,0.008041156000217597,0.006983;0.007094;0.006999,0.007409;0.007546;0.007391,0.009957;0.007709;0.008041,,sequential,2026-10-03T12:27:18+00:00
L4-00652,L4,n2-standard-4,Linux,6.1.0-53-cloud-amd64,x86_64,Intel(R) Xeon(R) CPU @ 2.80GHz,intel,4,2,2800,16.8,3.14.6,CPython,1,forkserver,2.5.3,db,db_mem_insert_select,1435,1586687,0.0,seconds,big,126,1586710,4,4,1,1,1,0,0.0012589986772875436,0.9995406975325933,0.032928434065620266,0.24826082479762202,0.3779425903256011,0.0,0.14901471699977265,0.007198581003649451,0.05971547399985866,0.15863656800047465,1.7931828400023733,0.2035592419997556,0.158637,1.793183,0.203559,threading,sequential,2026-10-03T12:27:21+00:00
L4-00653,L4,n2-standard-4,Linux,6.1.0-53-cloud-amd64,x86_64,Intel(R) Xeon(R) CPU @ 2.80GHz,intel,4,2,2800,16.8,3.14.6,CPython,1,forkserver,2.5.3,cpu,cpu_collatz,30,18,0.3,seconds,normal,19386,37,4,8,2,5,0,0,3.1206422458445165e-05,0.9999798693053465,0.38294409841491006,0.1274128695359121,0.9692188154974002,0.5,0.10483956200005196,0.0035439769808363053,0.10908656299943686,0.6093398739994882,0.6237969530002374,0.3257296880001377,0.634554;0.609340;0.609004,0.625379;0.623797;0.623359,0.322717;0.325730;0.331686,,multiprocessing,2026-10-03T12:27:27+00:00
L4-00654,L4,n2-standard-4,Linux,6.1.0-53-cloud-amd64,x86_64,Intel(R) Xeon(R) CPU @ 2.80GHz,intel,4,2,2800,16.8,3.14.6,CPython,1,forkserver,2.5.3,db,db_mem_group_by,52,915,0.0,seconds,normal,17822,937,4,4,1,2,1,0,0.00016938503727726776,0.9999924672659736,0.06638880253073394,0.018469163934490856,0.767873801628935,0.0,0.11652554299962503,0.0014747460027138004,0.06044235399986064,2.9828927860007752,7.047523914999147,1.2095047829998293,2.982893,7.047524,1.209505,threading,multiprocessing,2026-10-03T12:27:39+00:00
L4-00655,L4,n2-standard-4,Linux,6.1.0-53-cloud-amd64,x86_64,Intel(R) Xeon(R) CPU @ 2.80GHz,intel,4,2,2800,16.8,3.14.6,CPython,1,forkserver,2.5.3,gil_release,gil_sha256,3,279557,0.0,seconds,big,618,279579,4,2,1,1,0,1,0.0019453936538411654,1.0,0.01035643616248338,0.060008985775254965,1.8801365669638863,0.0,0.08105625600001076,0.0034897819996331236,0.07637124000029871,1.2007164700007706,0.6096378050006024,0.7768542290004916,1.199545;1.203929;1.200716,0.610485;0.609638;0.607327,0.790014;0.776854;0.761703,,threading,2026-10-03T12:27:48+00:00
L4-00656,L4,n2-standard-4,Linux,6.1.0-53-cloud-amd64,x86_64,Intel(R) Xeon(R) CPU @ 2.80GHz,intel,4,2,2800,16.8,3.14.6,CPython,1,forkserver,2.5.3,recursive,rec_quicksort,911,1380676,0.3,ms,big,109,1380699,4,8,1,8,0,0,0.0010404008889963734,0.9994127488694147,0.19468283270413594,0.27581065427462254,0.9314906919761283,0.0,0.06494258400016406,0.006886242997097725,0.07095381300041481,0.11171997600013128,0.11477794700022059,0.18294901799981744,0.139583;0.111720;0.110942,0.119356;0.114623;0.114778,0.202359;0.177945;0.182949,,sequential,2026-10-03T12:27:50+00:00
L4-00657,L4,n2-standard-4,Linux,6.1.0-53-cloud-amd64,x86_64,Intel(R) Xeon(R) CPU @ 2.80GHz,intel,4,2,2800,16.8,3.14.6,CPython,1,forkserver,2.5.3,numpy,np_linalg_solve,13,9220,0.8,seconds,normal,4265,9242,4,4,0,3,0,1,4.450193810777595e-05,0.9999882676595448,0.2552321503500435,0.1352806203374101,0.5607720748728435,0.0,0.1351409489998332,0.0029574849768323475,0.05889932999980374,0.18110405999959767,0.4093270299999858,0.1280388330005735,0.181104;0.181321;0.181081,0.412829;0.407032;0.409327,0.196253;0.126892;0.128039,,multiprocessing,2026-10-03T12:27:53+00:00
L4-00658,L4,n2-standard-4,Linux,6.1.0-53-cloud-amd64,x86_64,Intel(R) Xeon(R) CPU @ 2.80GHz,intel,4,2,2800,16.8,3.14.6,CPython,1,forkserver,2.5.3,algo_rec,algo_sudoku,1,20,0.0,seconds,normal,1383,39,4,4,3,28,0,0,0.000970204423065997,0.999982075978556,2.3113317721601554,0.003640521488207467,0.49630344400881904,0.0,0.1563365910005814,0.002569087001575099,0.05889932999980374,1.3854571869997017,1.4155811239998002,0.7592117049998706,1.380957;1.387326;1.385457,1.415594;1.410363;1.415581,0.763964;0.756358;0.759212,,multiprocessing,2026-10-03T12:28:05+00:00
L4-00659,L4,n2-standard-4,Linux,6.1.0-53-cloud-amd64,x86_64,Intel(R) Xeon(R) CPU @ 2.80GHz,intel,4,2,2800,16.8,3.14.6,CPython,1,forkserver,2.5.3,mixed,mixed_hash_then_write,4057,2632,0.8,seconds,normal,21446,2655,4,4,1,3,1,0,0.0004212960336396364,0.5133043438934394,0.21767932000487103,0.008846629340865577,1.7354822928873375,0.0,0.08038412000041717,0.0011902609976459644,0.05889932999980374,7.70113659100025,6.317371717000242,7.00945346700064,7.572704;7.712499;7.701137,7.007235;6.309726;6.317372,5.273248;7.009453;7.012567,,threading,2026-10-03T12:29:07+00:00
L4-00660,L4,n2-standard-4,Linux,6.1.0-53-cloud-amd64,x86_64,Intel(R) Xeon(R) CPU @ 2.80GHz,intel,4,2,2800,16.8,3.14.6,CPython,1,forkserver,2.5.3,big_payload,big_checksum_head,5363,517617,0.0,ms,big,386,517640,4,2,1,1,0,0,0.00013700384375662603,1.0,0.041414641266725484,0.7724896394951827,0.9519840795905694,5.0,0.02997474399944622,0.0028958919983779197,0.07637124000029871,0.05286466699999437,0.054123955000250135,0.2453922300001068,0.052495;0.052865;0.054384,0.054124;0.054399;0.053832,0.233835;0.247741;0.245392,,sequential,2026-10-03T12:29:10+00:00
L4-00661,L4,n2-standard-4,Linux,6.1.0-53-cloud-amd64,x86_64,Intel(R) Xeon(R) CPU @ 2.80GHz,intel,4,2,2800,16.8,3.14.6,CPython,1,forkserver,2.5.3,algo_iter,algo_dijkstra,82,1056,0.3,seconds,normal,1665,1078,4,2,2,15,0,0,0.00015307404281403203,0.999980765304487,0.18934090917548588,0.025269469682912684,0.9669406356258764,0.0,0.10396938499980024,0.0019494620000841678,0.07637124000029871,0.25746071899993694,0.26330087699989235,0.14445746799992776,0.255445;0.258093;0.257461,0.264925;0.263052;0.263301,0.147674;0.144457;0.136312,,multiprocessing,2026-10-03T12:29:12+00:00
L4-00662,L4,n2-standard-4,Linux,6.1.0-53-cloud-amd64,x86_64,Intel(R) Xeon(R) CPU @ 2.80GHz,intel,4,2,2800,16.8,3.14.6,CPython,1,forkserver,2.5.3,numpy,np_linalg_solve,27,4536,0.3,seconds,normal,44091,4558,4,8,0,3,0,1,4.7466640378738355e-05,0.9997221472959609,0.18745137904143028,0.12122408097447314,0.4143266418381688,0.0,0.17087549899952137,0.0023955010055942694,0.07095381300041481,2.0448587090004366,5.6917778489996635,1.1938589900000807,2.046400;2.044859;2.043008,5.691778;5.693679;5.672675,1.339539;1.173652;1.193859,,multiprocessing,2026-10-03T12:29:41+00:00
L4-00663,L4,n2-standard-4,Linux,6.1.0-53-cloud-amd64,x86_64,Intel(R) Xeon(R) CPU @ 2.80GHz,intel,4,2,2800,16.8,3.14.6,CPython,1,forkserver,2.5.3,big_result,result_long_string,31051,241,0.8,seconds,normal,102,261,4,4,1,1,0,0,0.0072319777498250915,0.9999670466685185,0.34698676546494744,0.04087106395410227,1.054863942062677,0.0,0.11281168300047284,0.003111959002126241,0.05889932999980374,0.6542030579994389,0.689995134000128,1.096379832999446,0.650202;0.655226;0.654203,0.730449;0.689995;0.684562,0.718509;1.096380;1.451108,,sequential,2026-10-03T12:29:49+00:00
L4-00664,L4,n2-standard-4,Linux,6.1.0-53-cloud-amd64,x86_64,Intel(R) Xeon(R) CPU @ 2.80GHz,intel,4,2,2800,16.8,3.14.6,CPython,1,forkserver,2.5.3,io,io_sleep_chunks,3021,1403,0.3,seconds,normal,78,1426,4,2,1,1,1,0,0.0031292963124656126,0.014611508139764444,0.1343796253530875,0.0014257798353567886,1.6606573155954623,0.0,0.08147661100065307,0.0007575390009151306,0.07637124000029871,0.2592977360000077,0.1309528029996727,0.13209715799985133,0.260066;0.258947;0.259298,0.130953;0.130603;0.131079,0.132097;0.132044;0.132564,,threading,2026-10-03T12:29:51+00:00
L4-00665,L4,n2-standard-4,Linux,6.1.0-53-cloud-amd64,x86_64,Intel(R) Xeon(R) CPU @ 2.80GHz,intel,4,2,2800,16.8,3.14.6,CPython,1,forkserver,2.5.3,cpu,cpu_collatz,2439,171,0.3,ms,normal,8,191,4,2,2,5,0,0,0.01269201366691656,1.0,0.1311339876497657,0.000787791992170141,0.8335463679568448,0.0,0.08312944399949629,0.0007843959983802051,0.07637124000029871,0.11271647499961546,0.11448708700027055,0.06596770499982085,0.112586;0.112716;0.112827,0.114456;0.114915;0.114487,0.065968;0.070569;0.063669,,multiprocessing,2026-10-03T12:29:52+00:00
L4-00666,L4,n2-standard-4,Linux,6.1.0-53-cloud-amd64,x86_64,Intel(R) Xeon(R) CPU @ 2.80GHz,intel,4,2,2800,16.8,3.14.6,CPython,1,forkserver,2.5.3,numpy,np_fft,295127,978581,0.0,seconds,big,110,978615,4,2,0,0,0,1,0.022584285000145126,0.999976020631322,0.05101224923728757,0.00940419409403553,1.3175705079467388,0.0,0.11916605300029914,0.0013813530003972119,0.07637124000029871,2.462750173999666,1.2608352989991545,1.3497484030003761,2.467943;2.462750;2.444820,1.280073;1.257085;1.260835,1.425883;1.349748;1.340238,,threading,2026-10-03T12:30:08+00:00
L4-00667,L4,n2-standard-4,Linux,6.1.0-53-cloud-amd64,x86_64,Intel(R) Xeon(R) CPU @ 2.80GHz,intel,4,2,2800,16.8,3.14.6,CPython,1,forkserver,2.5.3,numpy,np_elementwise,5891,139,0.3,ms,normal,981,159,4,8,0,4,0,0,0.00016924170199950935,1.0,0.15988289771499647,0.025180850367962,1.6112703527043888,0.0,0.06883023299997149,0.0015717270098321023,0.07095381300041481,0.16391588600072282,0.22138917600022978,0.08517224400020496,0.164521;0.163916;0.163086,0.221023;0.222732;0.221389,0.087450;0.085172;0.082727,,multiprocessing,2026-10-03T12:30:10+00:00
L4-00668,L4,n2-standard-4,Linux,6.1.0-53-cloud-amd64,x86_64,Intel(R) Xeon(R) CPU @ 2.80GHz,intel,4,2,2800,16.8,3.14.6,CPython,1,forkserver,2.5.3,numpy,np_fft,412670,107,0.0,ms,normal,8,129,4,8,0,0,0,1,0.07285156900040117,0.9999305798357456,0.009312998082273418,0.0001763311366184547,1.1320072073382494,0.0,0.41165054100019915,0.0002747999988059746,0.07095381300041481,0.5930242560007173,0.40897772400057875,0.4320121740001923,0.592824;0.601635;0.593024,0.424716;0.408978;0.402132,0.432012;0.425076;0.432232,,threading,2026-10-03T12:30:16+00:00
L4-00669,L4,n2-standard-4,Linux,6.1.0-53-cloud-amd64,x86_64,Intel(R) Xeon(R) CPU @ 2.80GHz,intel,4,2,2800,16.8,3.14.6,CPython,1,forkserver,2.5.3,algo_iter,algo_game_of_life,6,374480,0.0,seconds,big,534,374502,4,4,5,9,0,0,0.008171323000039723,0.9999769816191004,0.004218398189565996,0.015623890665976602,0.982317035277564,0.0,0.11760872000013478,0.002142206999451446,0.05889932999980374,4.3645357149998745,4.431914732000223,2.3184202920001553,4.349781;4.382630;4.364536,4.426429;4.433745;4.431915,2.306668;2.326615;2.318420,,multiprocessing,2026-10-03T12:30:51+00:00
L4-00670,L4,n2-standard-4,Linux,6.1.0-53-cloud-amd64,x86_64,Intel(R) Xeon(R) CPU @ 2.80GHz,intel,4,2,2800,16.8,3.14.6,CPython,1,forkserver,2.5.3,big_payload,big_reverse,2,2048493,0.8,seconds,big,97,2048515,4,4,0,0,0,0,0.0010201234167652729,0.9993415986075044,0.01674480568675965,0.7612736235775757,0.6710174366233799,0.0,0.0771907040007136,0.016175424998436938,0.05889932999980374,0.12155313299990667,0.14270797800054424,1.3661743020002177,0.127145;0.116287;0.121553,0.146327;0.142708;0.119115,1.366174,,sequential,2026-10-03T12:30:54+00:00
L4-00671,L4,n2-standard-4,Linux,6.1.0-53-cloud-amd64,x86_64,Intel(R) Xeon(R) CPU @ 2.80GHz,intel,4,2,2800,16.8,3.14.6,CPython,1,forkserver,2.5.3,algo_rec,algo_merge_sort,3886,89,0.8,ms,normal,8,109,4,2,1,10,0,0,0.00913238833345531,1.0,0.49664273463648534,0.026574209421572022,0.829440790231292,0.0,0.05719098400004441,0.0019547579995560227,0.07637124000029871,0.0721796979996725,0.07456846599961864,0.04597428199940623,0.071946;0.072237;0.072180,0.074812;0.074471;0.074568,0.045974;0.045682;0.048867,,multiprocessing,2026-10-03T12:30:55+00:00
L4-00672,L4,n2-standard-4,Linux,6.1.0-53-cloud-amd64,x86_64,Intel(R) Xeon(R) CPU @ 2.80GHz,intel,4,2,2800,16.8,3.14.6,CPython,1,forkserver,2.5.3,big_result,result_matrix_lists,113,1796,0.3,ms,normal,8,1818,4,2,2,5,0,0,0.0015909953335722093,1.0,0.2721236260385852,0.2263293879762379,1.3504834192592672,0.0,0.010635347999595979,0.0016914629986786167,0.07637124000029871,0.010882428000513755,0.011347860000569199,0.012315185000261408,0.010855;0.010882;0.010990,0.011552;0.011275;0.011348,0.012315;0.012024;0.012519,,sequential,2026-10-03T12:30:56+00:00
L4-00673,L4,n2-standard-4,Linux,6.1.0-53-cloud-amd64,x86_64,Intel(R) Xeon(R) CPU @ 2.80GHz,intel,4,2,2800,16.8,3.14.6,CPython,1,forkserver,2.5.3,io,io_file_roundtrip,3,24009,0.0,ms,normal,15,24031,4,2,1,0,1,0,0.005267818333474376,0.08928746955099418,0.16064140130514354,0.003562195730021985,1.3525072852236664,0.0,0.027294417999655707,0.0009670119989095838,0.07637124000029871,0.0626266110002689,0.04055559700009326,0.041622860000643414,0.066593;0.059237;0.062627,0.041081;0.040556;0.039571,0.042101;0.036136;0.041623,,threading,2026-10-03T12:30:57+00:00
L4-00674,L4,n2-standard-4,Linux,6.1.0-53-cloud-amd64,x86_64,Intel(R) Xeon(R) CPU @ 2.80GHz,intel,4,2,2800,16.8,3.14.6,CPython,1,forkserver,2.5.3,algo_rec,algo_lcs_memo,3,338691,0.3,ms,big,16,338713,4,2,1,10,0,0,0.01167393250011628,0.9999959317393227,0.15601667125317337,0.005267997721057441,0.7565819996572415,0.0,0.10606555899994419,0.0013769249990218668,0.07637124000029871,0.16109736599992175,0.17005216699999437,0.10316954300014913,0.161113;0.161097;0.157186,0.167524;0.170052;0.170415,0.103609;0.096405;0.103170,,multiprocessing,2026-10-03T12:30:59+00:00
L4-00675,L4,n2-standard-4,Linux,6.1.0-53-cloud-amd64,x86_64,Intel(R) Xeon(R) CPU @ 2.80GHz,intel,4,2,2800,16.8,3.14.6,CPython,1,forkserver,2.5.3,algo_iter,algo_kmeans,307,215933,0.0,seconds,big,337,215956,4,8,3,15,0,0,0.005393112199908501,0.9999820548069096,0.013137977337648113,0.006607149783825051,0.9676818700500643,0.0,0.11135011500027758,0.0018323550011700718,0.07095381300041481,1.8330914119997033,1.9123767929995665,0.9596660570005042,1.833091;1.819387;1.837045,1.868788;2.006923;1.912377,0.959666;0.947013;1.035464,,multiprocessing,2026-10-03T12:31:14+00:00
L4-00676,L4,n2-standard-4,Linux,6.1.0-53-cloud-amd64,x86_64,Intel(R) Xeon(R) CPU @ 2.80GHz,intel,4,2,2800,16.8,3.14.6,CPython,1,forkserver,2.5.3,tiny,tiny_small_loop,126,52,0.3,seconds,normal,174408,71,4,4,0,0,0,0,1.008922003165935e-06,1.0,0.8351188598045955,3.174626050734866,0.7915547757043233,0.0,0.008505406000040239,0.003135377994112787,0.05889932999980374,0.16562372800035519,0.17461714599994593,0.12957704400014336,0.165624;0.165832;0.164317,0.173937;0.175501;0.174617,0.135938;0.129201;0.129577,,multiprocessing,2026-10-03T12:31:16+00:00
L4-00677,L4,n2-standard-4,Linux,6.1.0-53-cloud-amd64,x86_64,Intel(R) Xeon(R) CPU @ 2.80GHz,intel,4,2,2800,16.8,3.14.6,CPython,1,forkserver,2.5.3,db,db_mem_group_by,35,321665,0.3,ms,big,621,321687,4,4,1,2,1,0,0.00015348596775325977,0.9992746896172005,0.11610070329166282,0.33365851374528477,0.8413594057483188,0.0,0.05415137699947081,0.0021208319976722123,0.05889932999980374,0.09324293100053183,0.4021298070001649,0.1857017080001242,0.093243;0.094394;0.093236,0.402662;0.402130;0.393481,0.193636;0.184279;0.185702,,sequential,2026-10-03T12:31:19+00:00
L4-00678,L4,n2-standard-4,Linux,6.1.0-53-cloud-amd64,x86_64,Intel(R) Xeon(R) CPU @ 2.80GHz,intel,4,2,2800,16.8,3.14.6,CPython,1,forkserver,2.5.3,big_payload,big_reverse,4,178178,0.3,ms,big,394,178200,4,4,0,0,0,0,9.056179583332815e-05,1.0,0.08202122590516282,0.5611472207709169,0.651464175014061,0.0,0.024103382999783207,0.0014722670084665879,0.05889932999980374,0.03553060200010805,0.037101208999956725,0.84833793100006,0.035599;0.035531;0.035409,0.041474;0.037101;0.036817,0.848338,,sequential,2026-10-03T12:31:21+00:00
L4-00679,L4,n2-standard-4,Linux,6.1.0-53-cloud-amd64,x86_64,Intel(R) Xeon(R) CPU @ 2.80GHz,intel,4,2,2800,16.8,3.14.6,CPython,1,forkserver,2.5.3,mixed,mixed_json_roundtrip,18,571049,0.8,ms,big,79,571071,4,4,1,1,1,0,0.0006724941054256449,0.9081698094215008,0.3769011910137702,0.18361851407806806,0.9134118287942562,0.0,0.02990034399954311,0.0031597319966749637,0.05889932999980374,0.0516728239999793,0.05234354000003805,0.05417757400027767,0.051673;0.052369;0.051524,0.051784;0.052344;0.052398,0.054178;0.052709;0.057159,,sequential,2026-10-03T12:31:22+00:00
L4-00680,L4,n2-standard-4,Linux,6.1.0-53-cloud-amd64,x86_64,Intel(R) Xeon(R) CPU @ 2.80GHz,intel,4,2,2800,16.8,3.14.6,CPython,1,forkserver,2.5.3,algo_rec,algo_flood_fill,10,465,0.8,ms,normal,8,487,4,8,3,10,0,0,0.005581223333441206,1.0,0.21094495077506423,0.0016915645877749064,2.174504264108175,0.0,0.025221383999451064,0.0012036719990646816,0.07095381300041481,0.02917123199949856,0.03055530500023451,0.016295522000291385,0.028764;0.029417;0.029171,0.030403;0.030693;0.030555,0.017385;0.016205;0.016296,,multiprocessing,2026-10-03T12:31:23+00:00
L4-00681,L4,n2-standard-4,Linux,6.1.0-53-cloud-amd64,x86_64,Intel(R) Xeon(R) CPU @ 2.80GHz,intel,4,2,2800,16.8,3.14.6,CPython,1,forkserver,2.5.3,io,io_sleep,15503,1527,0.0,seconds,normal,147,1550,4,4,0,1,1,0,0.01560440249977546,0.002316685501017622,0.000605860305279476,0.0006012886441761388,1.978879432240719,0.0,0.09461558000020887,0.0005756030013799318,0.05889932999980374,2.2960354910001115,0.6254325349991632,0.6260138589996131,2.296186;2.295993;2.296035,0.625535;0.625396;0.625433,0.626301;0.625995;0.626014,,threading,2026-10-03T12:31:34+00:00
L4-00682,L4,n2-standard-4,Linux,6.1.0-53-cloud-amd64,x86_64,Intel(R) Xeon(R) CPU @ 2.80GHz,intel,4,2,2800,16.8,3.14.6,CPython,1,forkserver,2.5.3,text,text_csv_parse,18,570,0.0,ms,normal,19,592,4,2,2,3,0,0,0.005817821500158971,1.0,0.005734273959233602,0.0013345201810759568,0.952032232207327,0.0,0.04858050800066849,0.0008749050002734293,0.07637124000029871,0.11006984600044234,0.112723955000547,0.060240957999667444,0.110057;0.110070;0.110469,0.112721;0.112724;0.112967,0.062371;0.059497;0.060241,,multiprocessing,2026-10-03T12:32:00+00:00
L4-00683,L4,n2-standard-4,Linux,6.1.0-53-cloud-amd64,x86_64,Intel(R) Xeon(R) CPU @ 2.80GHz,intel,4,2,2800,16.8,3.14.6,CPython,1,forkserver,2.5.3,algo_rec,algo_lcs_memo,4,292,0.0,ms,normal,8,314,4,8,1,10,0,0,0.009931397666756917,1.0,0.02703558915889454,0.000979419048954246,0.9473628553182762,0.0,0.06121726200035482,0.00022328799968818203,0.07095381300041481,0.08069840799998929,0.08525484199981292,0.04533795499992266,0.080698;0.080627;0.081124,0.086218;0.085166;0.085255,0.051941;0.045338;0.042123,,multiprocessing,2026-10-03T12:32:02+00:00
L4-00684,L4,n2-standard-4,Linux,6.1.0-53-cloud-amd64,x86_64,Intel(R) Xeon(R) CPU @ 2.80GHz,intel,4,2,2800,16.8,3.14.6,CPython,1,forkserver,2.5.3,recursive,rec_nqueens,14,1253,0.8,ms,normal,8,1275,4,4,1,10,0,0,0.002560608333624259,1.0,0.28794415424903247,0.0037862095746295935,0.7284903214172335,0.0,0.019358438000381284,0.001052394999533135,0.05889932999980374,0.021296664000146848,0.022157307999805198,0.013599821999378037,0.021148;0.021556;0.021297,0.021979;0.022157;0.022386,0.019562;0.013600;0.010867,,multiprocessing,2026-10-03T12:32:02+00:00
L4-00685,L4,n2-standard-4,Linux,6.1.0-53-cloud-amd64,x86_64,Intel(R) Xeon(R) CPU @ 2.80GHz,intel,4,2,2800,16.8,3.14.6,CPython,1,forkserver,2.5.3,algo_rec,algo_sudoku,14,31,0.8,ms,normal,8,50,4,2,3,28,0,0,0.003463877333463946,1.0,0.5789366619728256,0.0029073392636975804,0.8473339779031532,0.0,0.027043030999266193,0.00020365599903016118,0.07637124000029871,0.03486216300007072,0.03599109500009945,0.022882620000018505,0.034862;0.035096;0.034629,0.036280;0.035991;0.035727,0.022883;0.024483;0.022046,,multiprocessing,2026-10-03T12:32:03+00:00
L4-00686,L4,n2-standard-4,Linux,6.1.0-53-cloud-amd64,x86_64,Intel(R) Xeon(R) CPU @ 2.80GHz,intel,4,2,2800,16.8,3.14.6,CPython,1,forkserver,2.5.3,algo_rec,algo_lcs_memo,4,1465,0.0,ms,normal,8,1487,4,2,1,10,0,0,0.010225397999723404,1.0,0.007336055652354597,0.0009835640025117717,0.9838697865492813,0.0,0.06228442900010123,0.00021575800110440468,0.07637124000029871,0.07996438600002875,0.08319828900039283,0.043017864999455924,0.079964;0.080130;0.079713,0.083198;0.082539;0.083460,0.043018;0.042922;0.044302,,multiprocessing,2026-10-03T12:32:04+00:00
L4-00687,L4,n2-standard-4,Linux,6.1.0-53-cloud-amd64,x86_64,Intel(R) Xeon(R) CPU @ 2.80GHz,intel,4,2,2800,16.8,3.14.6,CPython,1,forkserver,2.5.3,db,db_mem_insert_select,14,98,0.8,ms,normal,137,117,4,4,1,1,1,0,0.00010636455876652583,1.0,0.2553973054360404,0.032124421146745685,0.6744979201994192,0.0,0.009767078999175283,0.0008958910011642729,0.05889932999980374,0.013292833000377868,0.03583293199972104,0.007994603999577521,0.013293;0.013580;0.013293,0.033193;0.039669;0.035833,0.008011;0.007783;0.007995,,multiprocessing,2026-10-03T12:32:05+00:00
L4-00688,L4,n2-standard-4,Linux,6.1.0-53-cloud-amd64,x86_64,Intel(R) Xeon(R) CPU @ 2.80GHz,intel,4,2,2800,16.8,3.14.6,CPython,1,forkserver,2.5.3,db,db_file_commit,3,255,0.3,ms,normal,8,274,4,2,1,0,1,0,0.013654377000117771,0.08425272346645105,0.12175443503767207,0.0007946169827551723,1.2798018429103961,0.0,0.07440598900029727,0.0009521420006421977,0.07637124000029871,0.09914676199969108,0.05740337799943518,0.06618835199969908,0.103182;0.092875;0.099147,0.057502;0.057117;0.057403,0.066188;0.054356;0.067041,,threading,2026-10-03T12:32:06+00:00
L4-00689,L4,n2-standard-4,Linux,6.1.0-53-cloud-amd64,x86_64,Intel(R) Xeon(R) CPU @ 2.80GHz,intel,4,2,2800,16.8,3.14.6,CPython,1,forkserver,2.5.3,algo_rec,algo_merge_sort,5381,1407,0.8,seconds,normal,21,1430,4,8,1,10,0,0,0.01443007449961442,0.9997405988251359,0.17664759726489737,0.029651232906398317,1.2740804190790864,0.0,0.10885601399968436,0.0019163990009474219,0.07095381300041481,0.2376378349999868,0.24793467600011354,0.1321159710005304,0.237638;0.239704;0.236701,0.247296;0.247935;0.248348,0.132789;0.132116;0.132040,,multiprocessing,2026-10-03T12:32:09+00:00
L4-00690,L4,n2-standard-4,Linux,6.1.0-53-cloud-amd64,x86_64,Intel(R) Xeon(R) CPU @ 2.80GHz,intel,4,2,2800,16.8,3.14.6,CPython,1,forkserver,2.5.3,big_payload,big_checksum_head,16824,704594,0.3,ms,big,24,704617,4,8,1,1,0,0,0.00041440533353428083,1.0,0.17734075303587993,0.42052949814000723,0.7284797671938052,0.5,0.007020359000307508,0.0012731849992633215,0.07095381300041481,0.010106712000379048,0.010678167999685684,0.02497330799997144,0.010050;0.010216;0.010107,0.011031;0.010660;0.010678,0.024973;0.025536;0.022343,,sequential,2026-10-03T12:32:09+00:00
L4-00691,L4,n2-standard-4,Linux,6.1.0-53-cloud-amd64,x86_64,Intel(R) Xeon(R) CPU @ 2.80GHz,intel,4,2,2800,16.8,3.14.6,CPython,1,forkserver,2.5.3,tiny,tiny_small_loop,2,267,0.8,seconds,normal,200000,289,4,8,0,0,0,0,2.910000066549401e-07,1.0,0.25305224912285385,11.392440075809851,0.6261705518872842,0.0,0.005027492000408529,0.0027738659864553483,0.07095381300041481,0.046904269000151544,0.055457768000451324,0.12487628100006987,0.046904;0.046766;0.047734,0.056249;0.055234;0.055458,0.124876;0.117633;0.125913,,sequential,2026-10-03T12:32:11+00:00
L4-00692,L4,n2-standard-4,Linux,6.1.0-53-cloud-amd64,x86_64,Intel(R) Xeon(R) CPU @ 2.80GHz,intel,4,2,2800,16.8,3.14.6,CPython,1,forkserver,2.5.3,big_payload,big_reverse,8,1556590,0.8,seconds,big,128,1556612,4,4,0,0,0,0,0.0014098640939153029,0.9999849042809473,0.1417524640766873,0.4847553413076698,1.241218094004948,1.0,0.09609159899991937,0.014033573994311155,0.05889932999980374,0.18216007699993497,0.1437285370002428,1.237977843000408,0.191756;0.182160;0.178122,0.132946;0.143729;0.147855,1.237978,,threading,2026-10-03T12:32:14+00:00
L4-00693,L4,n2-standard-4,Linux,6.1.0-53-cloud-amd64,x86_64,Intel(R) Xeon(R) CPU @ 2.80GHz,intel,4,2,2800,16.8,3.14.6,CPython,1,forkserver,2.5.3,gil_release,gil_sha256,56,210409,0.0,ms,big,8,210431,4,4,1,1,0,1,0.02736660366645083,0.9999563514160681,0.006803211939866384,0.0022714546763306894,1.486121072481968,0.0,0.13754694899944298,0.00039188100072351517,0.05889932999980374,0.218290806999903,0.10230688299998292,0.10759344300004159,0.218291;0.218098;0.219341,0.102307;0.102458;0.102157,0.108476;0.104505;0.107593,,threading,2026-10-03T12:32:16+00:00
L4-00694,L4,n2-standard-4,Linux,6.1.0-53-cloud-amd64,x86_64,Intel(R) Xeon(R) CPU @ 2.80GHz,intel,4,2,2800,16.8,3.14.6,CPython,1,forkserver,2.5.3,tiny,tiny_small_loop,38,90,0.0,ms,normal,94886,109,4,2,0,0,0,0,4.567039909488813e-07,1.0,0.20489241303235023,7.526209700102,0.6534414699084531,0.0,0.005905164999603585,0.0028293930172367254,0.07637124000029871,0.03868277799938369,0.04313117599940597,0.060710060999554116,0.040135;0.038683;0.038143,0.043131;0.042602;0.043636,0.060615;0.060710;0.062558,,sequential,2026-10-03T12:32:17+00:00
L4-00695,L4,n2-standard-4,Linux,6.1.0-53-cloud-amd64,x86_64,Intel(R) Xeon(R) CPU @ 2.80GHz,intel,4,2,2800,16.8,3.14.6,CPython,1,forkserver,2.5.3,big_payload,big_count_byte,2,998071,0.8,seconds,big,200,998093,4,4,0,1,0,0,0.0016158773871152775,0.9997109075643958,0.011551426626167361,0.13125355401023112,0.9793389221074645,0.0,0.10619905300063692,0.004887906000476505,0.05889932999980374,0.32352287499998056,0.3274251100001493,0.20590509999965434,0.323739;0.323523;0.323079,0.328482;0.327411;0.327425,0.202607;0.205905;0.207094,,multiprocessing,2026-10-03T12:32:21+00:00
L4-00696,L4,n2-standard-4,Linux,6.1.0-53-cloud-amd64,x86_64,Intel(R) Xeon(R) CPU @ 2.80GHz,intel,4,2,2800,16.8,3.14.6,CPython,1,forkserver,2.5.3,mixed,mixed_json_roundtrip,22,2216,0.3,seconds,normal,318,2238,4,2,1,1,1,0,0.0008127058710318036,0.9216373037970839,0.15575950130596433,0.004507903663119193,1.052390276846233,0.0,0.09868805200039787,0.0003975689969593077,0.07637124000029871,0.24987318799958302,0.24349891600013507,0.13531330499972682,0.249871;0.250329;0.249873,0.247808;0.243499;0.240847,0.138050;0.130601;0.135313,,multiprocessing,2026-10-03T12:32:24+00:00
L4-00697,L4,n2-standard-4,Linux,6.1.0-53-cloud-amd64,x86_64,Intel(R) Xeon(R) CPU @ 2.80GHz,intel,4,2,2800,16.8,3.14.6,CPython,1,forkserver,2.5.3,numpy,np_elementwise,22206,1805,0.8,ms,normal,17,1828,4,2,0,4,0,0,0.0006619112498356117,1.0,0.5521838046248221,0.013636647143649505,0.5725188313722595,0.0,0.006664796999757527,0.0002576550004960154,0.07637124000029871,0.013436655999612412,0.008084650999990117,0.014102353999987827,0.013500;0.013437;0.013349,0.008287;0.008085;0.008001,0.014102;0.014872;0.012502,,threading,2026-10-03T12:32:24+00:00
L4-00698,L4,n2-standard-4,Linux,6.1.0-53-cloud-amd64,x86_64,Intel(R) Xeon(R) CPU @ 2.80GHz,intel,4,2,2800,16.8,3.14.6,CPython,1,forkserver,2.5.3,recursive,rec_nqueens,2,1278198,0.3,seconds,big,156,1278220,4,2,1,10,0,0,0.00033117343602311733,1.0,0.19892214559237437,0.8191158177182719,0.932670586780932,0.0,0.03264816699993389,0.005818139994516969,0.07637124000029871,0.0506765029995222,0.05234539600041899,0.23036055200009287,0.050677;0.050892;0.050655,0.052345;0.052883;0.052273,0.223223;0.230361;0.232808,,sequential,2026-10-03T12:32:27+00:00
L4-00699,L4,n2-standard-4,Linux,6.1.0-53-cloud-amd64,x86_64,Intel(R) Xeon(R) CPU @ 2.80GHz,intel,4,2,2800,16.8,3.14.6,CPython,1,forkserver,2.5.3,gil_release,gil_zlib,4,21399,0.3,seconds,normal,755,21421,4,4,1,1,0,1,0.0014785552353340095,0.9999703959363806,0.20249243292365915,0.004357564591067856,1.9362077673045495,0.0,0.07713421500011464,0.000832397998237866,0.05889932999980374,1.1049789749995398,0.42393123200054106,0.44051768200006336,1.100144;1.104979;1.106085,0.422763;0.425041;0.423931,0.440518;0.441718;0.438741,,threading,2026-10-03T12:32:33+00:00
L4-00700,L4,n2-standard-4,Linux,6.1.0-53-cloud-amd64,x86_64,Intel(R) Xeon(R) CPU @ 2.80GHz,intel,4,2,2800,16.8,3.14.6,CPython,1,forkserver,2.5.3,algo_rec,algo_flood_fill,4,64,0.8,ms,normal,8,83,4,4,3,10,0,0,0.001692535000074713,1.0,0.6280559211591488,0.004991526479814994,0.9034877852028673,0.0,0.008455500999843935,0.0001977499996428378,0.05889932999980374,0.011203560000467405,0.011847568999655778,0.008892199999536388,0.011204;0.011067;0.011216,0.011631;0.011848;0.011973,0.006828;0.008892;0.008922,,multiprocessing,2026-10-03T12:32:34+00:00
L4-00701,L4,n2-standard-4,Linux,6.1.0-53-cloud-amd64,x86_64,Intel(R) Xeon(R) CPU @ 2.80GHz,intel,4,2,2800,16.8,3.14.6,CPython,1,forkserver,2.5.3,big_payload,big_reverse,4,696876,0.8,ms,big,286,696898,4,8,0,0,0,0,0.0006468689295398293,0.9996106702285403,0.07643955875467871,0.46108196923224476,1.1350554590221584,0.0,0.09320278900031553,0.00643629900241649,0.07095381300041481,0.18808719600019685,0.10977674500009016,1.0530926629999158,0.193607;0.187934;0.188087,0.139903;0.109777;0.103841,1.053093,,threading,2026-10-03T12:32:37+00:00
L4-00702,L4,n2-standard-4,Linux,6.1.0-53-cloud-amd64,x86_64,Intel(R) Xeon(R) CPU @ 2.80GHz,intel,4,2,2800,16.8,3.14.6,CPython,1,forkserver,2.5.3,gil_release,gil_sha256,116,20717,0.0,ms,normal,38,20739,4,2,1,1,0,1,0.005690934444424379,0.9999788601676823,0.007469230378013899,0.0014321217985342983,1.7022016945288985,0.0,0.08162209599959169,0.00030273899938038085,0.07637124000029871,0.21607749099985085,0.11595274100000097,0.11714115900031175,0.216077;0.217095;0.215864,0.116047;0.115559;0.115953,0.117141;0.116610;0.127894,,threading,2026-10-03T12:32:39+00:00
L4-00703,L4,n2-standard-4,Linux,6.1.0-53-cloud-amd64,x86_64,Intel(R) Xeon(R) CPU @ 2.80GHz,intel,4,2,2800,16.8,3.14.6,CPython,1,forkserver,2.5.3,text,text_regex_findall,13,186770,0.3,seconds,big,9,186792,4,2,1,1,0,0,0.1345888640001552,0.9998438416022554,0.1702061419442326,0.0003137852493107741,0.8469905691504441,0.0,0.8288106790005259,0.0007681560000492027,0.07637124000029871,1.2537406139999803,1.275320656999611,0.6419087760004913,1.253741;1.253690;1.255040,1.275321;1.274688;1.276371,0.641909;0.643383;0.641676,,multiprocessing,2026-10-03T12:32:50+00:00
L4-00704,L4,n2-standard-4,Linux,6.1.0-53-cloud-amd64,x86_64,Intel(R) Xeon(R) CPU @ 2.80GHz,intel,4,2,2800,16.8,3.14.6,CPython,1,forkserver,2.5.3,big_result,result_records,106,46,0.3,ms,normal,2049,65,4,2,1,2,0,0,0.0007151325392388732,0.9999549139979994,9.463345844627003,0.06155320524339292,17.831844701398825,0.0,0.07885025599989604,0.0016762299974288908,0.07637124000029871,0.12426748400048382,0.12443994899967947,0.18791009399956238,0.110975;0.124267;0.126337,0.119218;0.124440;0.131623,0.187784;0.197320;0.187910,,sequential,2026-10-03T12:32:52+00:00
L4-00705,L4,n2-standard-4,Linux,6.1.0-53-cloud-amd64,x86_64,Intel(R) Xeon(R) CPU @ 2.80GHz,intel,4,2,2800,16.8,3.14.6,CPython,1,forkserver,2.5.3,text,text_regex_findall,7,2404,0.3,ms,normal,19,2426,4,4,1,1,0,0,0.0009622817499348457,1.0,0.2137076460682236,0.007421423054443184,0.80388743884829,0.0,0.008552123000299616,0.00020793200019397773,0.05889932999980374,0.018892508000135422,0.018514467000386503,0.01008316899969941,0.018642;0.018893;0.019109,0.018203;0.018514;0.018873,0.012805;0.010015;0.010083,,multiprocessing,2026-10-03T12:32:53+00:00
L4-00706,L4,n2-standard-4,Linux,6.1.0-53-cloud-amd64,x86_64,Intel(R) Xeon(R) CPU @ 2.80GHz,intel,4,2,2800,16.8,3.14.6,CPython,1,forkserver,2.5.3,text,text_regex_findall,8,495,0.3,ms,normal,141,517,4,4,1,1,0,0,0.00024066899994587792,1.0,0.1682694806184008,0.013538511074564948,0.9839197404612795,0.0,0.017385008000019297,0.0003163860019412823,0.05889932999980374,0.03419374499935657,0.03396669100038707,0.020151027999418147,0.033589;0.034194;0.034213,0.034229;0.033967;0.033623,0.022966;0.019664;0.020151,,multiprocessing,2026-10-03T12:32:55+00:00
L4-00707,L4,n2-standard-4,Linux,6.1.0-53-cloud-amd64,x86_64,Intel(R) Xeon(R) CPU @ 2.80GHz,intel,4,2,2800,16.8,3.14.6,CPython,1,forkserver,2.5.3,algo_rec,algo_lcs_memo,3,448,0.0,seconds,normal,119,470,4,4,1,10,0,0,0.007617618714253435,1.0,0.02879984684355001,0.0007566294158848695,0.9663606508080413,0.0,0.10903524700006528,0.0002554749999035266,0.05889932999980374,0.8841129689999434,0.9272798140000305,0.44098320200009766,0.883162;0.896172;0.884113,0.927280;1.060960;0.920966,0.449599;0.440983;0.440396,,multiprocessing,2026-10-03T12:33:02+00:00
L4-00708,L4,n2-standard-4,Linux,6.1.0-53-cloud-amd64,x86_64,Intel(R) Xeon(R) CPU @ 2.80GHz,intel,4,2,2800,16.8,3.14.6,CPython,1,forkserver,2.5.3,recursive,rec_nqueens,9,122,0.0,seconds,normal,1259,141,4,2,1,10,0,0,0.0014902379999137553,0.9999894472475601,0.016392758598441717,0.0024846366492804633,0.966636410828778,0.0,0.10342694799965102,0.00036127200291957706,0.07637124000029871,1.8623892770001476,1.9191579039998032,0.9575676120002754,1.861657;1.862389;1.868042,1.914522;1.919158;1.976093,0.957568;0.957055;1.233175,,multiprocessing,2026-10-03T12:33:17+00:00
L4-00709,L4,n2-standard-4,Linux,6.1.0-53-cloud-amd64,x86_64,Intel(R) Xeon(R) CPU @ 2.80GHz,intel,4,2,2800,16.8,3.14.6,CPython,1,forkserver,2.5.3,text,text_split_count,3,3183,0.0,ms,normal,129,3205,4,2,1,1,0,0,0.0006749338125757731,1.0,0.039998483806503775,0.0052182154085184925,0.952974856553307,0.0,0.045217038999908254,0.0010248369972032378,0.07637124000029871,0.08753800999966188,0.09074160500040307,0.05117253400021582,0.086946;0.087538;0.087701,0.090470;0.090742;0.090783,0.060806;0.051173;0.048258,,multiprocessing,2026-10-03T12:33:18+00:00
L4-00710,L4,n2-standard-4,Linux,6.1.0-53-cloud-amd64,x86_64,Intel(R) Xeon(R) CPU @ 2.80GHz,intel,4,2,2800,16.8,3.14.6,CPython,1,forkserver,2.5.3,numpy,np_elementwise,3912,1614961,0.0,seconds,big,123,1614984,4,8,0,4,0,0,0.0039229330769348265,1.0,0.4487445729022523,0.0797450808412991,1.4022256474284858,0.0,0.08710200400037138,0.004347517000496737,0.07095381300041481,0.4119861770004718,0.23059335700054362,0.43051844199999323,0.414884;0.411986;0.411899,0.224151;0.230593;0.236020,0.416908;0.439739;0.430518,,threading,2026-10-03T12:33:23+00:00
L4-00711,L4,n2-standard-4,Linux,6.1.0-53-cloud-amd64,x86_64,Intel(R) Xeon(R) CPU @ 2.80GHz,intel,4,2,2800,16.8,3.14.6,CPython,1,forkserver,2.5.3,big_payload,big_upper_copy,3,178302,0.8,seconds,big,1121,178324,4,8,0,0,0,0,8.248426786069882e-05,1.0,0.06770997982274306,0.5791110398434975,0.5703876054925678,0.0,0.06579865599996992,0.0020243429989932338,0.07095381300041481,0.1153506099999504,0.0985603799999808,1.0816866269997263,0.117113;0.115351;0.114773,0.098560;0.099087;0.096077,1.081687,,threading,2026-10-03T12:33:26+00:00
L4-00712,L4,n2-standard-4,Linux,6.1.0-53-cloud-amd64,x86_64,Intel(R) Xeon(R) CPU @ 2.80GHz,intel,4,2,2800,16.8,3.14.6,CPython,1,forkserver,2.5.3,recursive,rec_quicksort,6602,185830,0.8,ms,big,8,185853,4,8,1,8,0,0,0.009172002000317056,1.0,0.2617771346386509,0.006333222930784077,1.1068286036798907,0.0,0.0529400400000668,0.0003590909991544322,0.07095381300041481,0.0651700759999585,0.06792312000015954,0.03461705300014728,0.065081;0.065170;0.065830,0.067923;0.068268;0.067774,0.038555;0.033043;0.034617,,multiprocessing,2026-10-03T12:33:27+00:00
L4-00713,L4,n2-standard-4,Linux,6.1.0-53-cloud-amd64,x86_64,Intel(R) Xeon(R) CPU @ 2.80GHz,intel,4,2,2800,16.8,3.14.6,CPython,1,forkserver,2.5.3,text,text_format_report,55,58,0.0,seconds,normal,13351,77,4,4,1,2,0,0,7.119164661715342e-05,0.99998199000136,0.10974179932293619,0.0471375512419427,1.039663735395128,0.0,0.09996014599983027,0.0019927100138374954,0.05889932999980374,0.8925762729995768,0.9117639669993878,0.4669381510002495,0.890140;0.901055;0.892576,0.911764;0.912676;0.905849,0.458806;0.466938;0.467327,,multiprocessing,2026-10-03T12:33:34+00:00
L4-00714,L4,n2-standard-4,Linux,6.1.0-53-cloud-amd64,x86_64,Intel(R) Xeon(R) CPU @ 2.80GHz,intel,4,2,2800,16.8,3.14.6,CPython,1,forkserver,2.5.3,mixed,mixed_parse_lines,6,14945,0.8,seconds,normal,64,14967,4,2,2,3,1,0,0.003985186923063548,0.9710055240166655,0.5427326546487391,0.001603341444880726,0.9191133024529963,0.0,0.10613038300016342,0.0009868429997368366,0.07637124000029871,0.2577354009999908,0.2551408890003586,0.1489028080004573,0.257735;0.258207;0.256699,0.255441;0.255141;0.254038,0.148903;0.146928;0.153886,,multiprocessing,2026-10-03T12:33:37+00:00
L4-00715,L4,n2-standard-4,Linux,6.1.0-53-cloud-amd64,x86_64,Intel(R) Xeon(R) CPU @ 2.80GHz,intel,4,2,2800,16.8,3.14.6,CPython,1,forkserver,2.5.3,recursive,rec_fib,7840,1191,0.3,seconds,normal,8034,1214,4,8,0,4,0,0,0.000711844450743741,0.9999678885514843,0.43946703937533516,0.005406026458265576,1.0577232126830092,0.0,0.09900854599982267,0.0009050619974004803,0.07095381300041481,5.199186583000483,5.340349200000674,2.6693099630001598,5.196502;5.201551;5.199187,5.340349;5.348223;5.334866,2.654925;2.669310;2.673738,,multiprocessing,2026-10-03T12:34:17+00:00
L4-00716,L4,n2-standard-4,Linux,6.1.0-53-cloud-amd64,x86_64,Intel(R) Xeon(R) CPU @ 2.80GHz,intel,4,2,2800,16.8,3.14.6,CPython,1,forkserver,2.5.3,io,io_file_roundtrip,2,8228,0.8,seconds,normal,463,8250,4,8,1,0,1,0,0.0023136468636370078,0.09067115412401063,0.4416161230566381,0.0019898672139546532,1.1740202805709286,0.0,0.09486227800061897,0.0003887070006385329,0.07095381300041481,1.1957805170004576,0.2964174640001147,0.25627433900081087,1.223516;1.195781;1.176671,0.299288;0.287909;0.296417,0.254941;0.256274;0.264773,,multiprocessing,2026-10-03T12:34:23+00:00
L4-00717,L4,n2-standard-4,Linux,6.1.0-53-cloud-amd64,x86_64,Intel(R) Xeon(R) CPU @ 2.80GHz,intel,4,2,2800,16.8,3.14.6,CPython,1,forkserver,2.5.3,mixed,mixed_json_roundtrip,1,3023,0.0,ms,normal,89,3045,4,2,1,1,1,0,9.824168186737965e-05,0.4660100893854842,0.1474539832312543,0.035070653548342504,1.1823944392171015,0.0,0.004306269999688084,0.00030122999942250317,0.07637124000029871,0.008347764000063762,0.00530627199987066,0.008201892999750271,0.008348;0.008440;0.008328,0.005358;0.005291;0.005306,0.008202;0.009697;0.006117,,threading,2026-10-03T12:34:24+00:00
L4-00718,L4,n2-standard-4,Linux,6.1.0-53-cloud-amd64,x86_64,Intel(R) Xeon(R) CPU @ 2.80GHz,intel,4,2,2800,16.8,3.14.6,CPython,1,forkserver,2.5.3,tiny,tiny_small_loop,18,222242,0.3,seconds,big,899,222264,4,8,0,0,0,0,5.411964260864417e-07,1.0,3.138627724873768,78.18362806747118,0.278327324541805,0.0,0.0020695269995485432,0.0013765160001639742,0.07095381300041481,0.00031799999942450086,0.0008631119999336079,0.176408547000392,0.000356;0.000318;0.000288,0.001168;0.000863;0.000792,0.176409,,sequential,2026-10-03T12:34:25+00:00
L4-00719,L4,n2-standard-4,Linux,6.1.0-53-cloud-amd64,x86_64,Intel(R) Xeon(R) CPU @ 2.80GHz,intel,4,2,2800,16.8,3.14.6,CPython,1,forkserver,2.5.3,cpu,cpu_matmul_lists,32,19,0.8,seconds,normal,102,38,4,4,3,5,0,0,0.0026063252379615385,0.9996428970779628,0.9566998352165393,0.001312326677494567,1.2010202113996955,0.0,0.10291108999990684,0.0010588040022412315,0.05889932999980374,0.25351792499986914,0.25887479999983043,0.14422630300032324,0.253725;0.253518;0.253054,0.257855;0.258875;0.259591,0.147805;0.142346;0.144226,,multiprocessing,2026-10-03T12:34:28+00:00
L4-00720,L4,n2-standard-4,Linux,6.1.0-53-cloud-amd64,x86_64,Intel(R) Xeon(R) CPU @ 2.80GHz,intel,4,2,2800,16.8,3.14.6,CPython,1,forkserver,2.5.3,recursive,rec_tree_sum,271,375925,0.8,ms,big,153,375947.6,4,8,0,4,0,0,8.467636847566801e-05,1.0,0.41105591047071444,0.9271347076556188,0.9746753731467948,0.0,0.009041956000146456,0.002491353998266277,0.07095381300041481,0.012603420999766968,0.013300847000209615,0.06903677599984803,0.012513;0.012603;0.012798,0.013786;0.013156;0.013301,0.069037,,sequential,2026-10-03T12:34:28+00:00
L4-00721,L4,n2-standard-4,Linux,6.1.0-53-cloud-amd64,x86_64,Intel(R) Xeon(R) CPU @ 2.80GHz,intel,4,2,2800,16.8,3.14.6,CPython,1,forkserver,2.5.3,cpu,cpu_matmul_lists,5,796,0.3,ms,normal,1505,818,4,2,3,5,0,0,1.2097388292281818e-05,0.9941265928058228,0.4546807715901234,0.2743774104057342,0.9388989845484119,0.0,0.010385217000475677,0.0007885960030762362,0.07637124000029871,0.01739567100048589,0.018101647000548837,0.019909972000277776,0.017396;0.017594;0.017226,0.017921;0.018103;0.018102,0.016623;0.026166;0.019910,,sequential,2026-10-03T12:34:29+00:00
L4-00722,L4,n2-standard-4,Linux,6.1.0-53-cloud-amd64,x86_64,Intel(R) Xeon(R) CPU @ 2.80GHz,intel,4,2,2800,16.8,3.14.6,CPython,1,forkserver,2.5.3,tiny,tiny_small_loop,1,119,0.3,seconds,normal,200000,138,4,2,0,0,0,0,2.452109952173487e-07,1.0,0.7759563838780285,12.678468625214876,0.5383392445744063,0.0,0.004770233000272128,0.0025987460094256676,0.07637124000029871,0.03600971100058814,0.043407714000750275,0.08638038500066614,0.035651;0.036769;0.036010,0.043660;0.043408;0.043261,0.086073;0.086380;0.094707,,sequential,2026-10-03T12:34:30+00:00
L4-00723,L4,n2-standard-4,Linux,6.1.0-53-cloud-amd64,x86_64,Intel(R) Xeon(R) CPU @ 2.80GHz,intel,4,2,2800,16.8,3.14.6,CPython,1,forkserver,2.5.3,algo_iter,algo_game_of_life,4,230250,0.3,seconds,big,414,230272,4,2,5,9,0,0,0.005391496299944265,0.9999910990785853,0.1737001790342888,0.017277708229721616,0.9069384317817405,0.0,0.1127485130000423,0.0011811970007329364,0.07637124000029871,2.3143582050006444,2.338453852999919,1.2513534740000978,2.401530;2.312419;2.314358,2.326844;2.340050;2.338454,1.258659;1.251353;1.250173,,multiprocessing,2026-10-03T12:34:49+00:00
L4-00724,L4,n2-standard-4,Linux,6.1.0-53-cloud-amd64,x86_64,Intel(R) Xeon(R) CPU @ 2.80GHz,intel,4,2,2800,16.8,3.14.6,CPython,1,forkserver,2.5.3,big_result,result_records,400,97,0.8,ms,normal,517,116.8,4,8,1,2,0,0,0.00015229665122339873,1.0,1.2754633073716486,1.1469749897878334,0.8960778305085816,0.0,0.04553514199960773,0.0039612309919903055,0.07095381300041481,0.13452766999944288,0.13559682000050088,0.1622382790001211,0.138213;0.130866;0.134528,0.131769;0.135597;0.137273,0.162238;0.182690;0.150632,,sequential,2026-10-03T12:34:51+00:00
L4-00725,L4,n2-standard-4,Linux,6.1.0-53-cloud-amd64,x86_64,Intel(R) Xeon(R) CPU @ 2.80GHz,intel,4,2,2800,16.8,3.14.6,CPython,1,forkserver,2.5.3,numpy,np_elementwise,1975,9484,0.3,ms,normal,837,9507,4,8,0,4,0,0,0.00010277144973809356,1.0,0.1568509444574001,0.054919922147976086,1.4053296569506146,0.0,0.03769623900006991,0.0008587930042267544,0.07095381300041481,0.08564445799947862,0.1596413390007001,0.05998264200025005,0.085644;0.086251;0.085572,0.159641;0.159147;0.159826,0.059983;0.049158;0.062478,,multiprocessing,2026-10-03T12:34:52+00:00
L4-00726,L4,n2-standard-4,Linux,6.1.0-53-cloud-amd64,x86_64,Intel(R) Xeon(R) CPU @ 2.80GHz,intel,4,2,2800,16.8,3.14.6,CPython,1,forkserver,2.5.3,db,db_file_commit,3,370,0.3,ms,normal,8,392,4,4,1,0,1,0,0.01327227466633,0.09127894243410799,0.15180295216901582,0.0009419384995521497,1.7083810334358944,0.0,0.061001201999715704,0.000238072000684042,0.05889932999980374,0.08241972700034239,0.027805785999589716,0.028323169000032067,0.086525;0.082420;0.076325,0.037797;0.025142;0.027806,0.038414;0.026250;0.028323,,threading,2026-10-03T12:34:53+00:00
L4-00727,L4,n2-standard-4,Linux,6.1.0-53-cloud-amd64,x86_64,Intel(R) Xeon(R) CPU @ 2.80GHz,intel,4,2,2800,16.8,3.14.6,CPython,1,forkserver,2.5.3,gil_release,gil_numpy_matmul,85,9847,0.0,ms,normal,520,9869,4,4,0,2,0,1,5.032588463179239e-05,1.0,0.24097062615760673,0.11301838254142413,1.1043159782807699,0.0,0.013809613999910653,0.00131041199711035,0.05889932999980374,0.026814575000571494,0.04427096899962635,0.022431225999753224,0.026430;0.026973;0.026815,0.043973;0.044271;0.047199,0.022431;0.024317;0.021672,,multiprocessing,2026-10-03T12:34:54+00:00
L4-00728,L4,n2-standard-4,Linux,6.1.0-53-cloud-amd64,x86_64,Intel(R) Xeon(R) CPU @ 2.80GHz,intel,4,2,2800,16.8,3.14.6,CPython,1,forkserver,2.5.3,big_payload,big_checksum_head,8382,1741007,0.3,ms,big,114,1741030,4,4,1,1,0,0,0.0002008113214547588,1.0,0.18523290027312236,1.6590869860059176,0.8843645138906606,0.0,0.019041409000237763,0.006960732999687025,0.05889932999980374,0.02381855900057417,0.02472381699953985,0.1940088579995063,0.023819;0.023956;0.023654,0.024896;0.024724;0.024484,0.194009,,sequential,2026-10-03T12:34:56+00:00
L4-00729,L4,n2-standard-4,Linux,6.1.0-53-cloud-amd64,x86_64,Intel(R) Xeon(R) CPU @ 2.80GHz,intel,4,2,2800,16.8,3.14.6,CPython,1,forkserver,2.5.3,gil_release,gil_zlib,18,40411,0.0,ms,normal,8,40433,4,2,1,1,0,1,0.014836100667101467,1.0,0.006810555900241875,0.0009213337257298317,1.445517200444954,0.0,0.07549345300049026,0.00023632999909750652,0.07637124000029871,0.11849740600064251,0.060168271000293316,0.06661315900055342,0.118686;0.118497;0.118363,0.060330;0.060089;0.060168,0.066613;0.066671;0.062805,,threading,2026-10-03T12:34:57+00:00
L4-00730,L4,n2-standard-4,Linux,6.1.0-53-cloud-amd64,x86_64,Intel(R) Xeon(R) CPU @ 2.80GHz,intel,4,2,2800,16.8,3.14.6,CPython,1,forkserver,2.5.3,text,text_split_count,53,2323,0.3,ms,normal,8,2345,4,2,1,1,0,0,0.00610683333313015,1.0,0.11852907856041438,0.0014416637044987765,0.8783973803744247,0.0,0.03893061199960357,0.000198513999748684,0.07637124000029871,0.046104050999929314,0.047453119000238075,0.027922700999624794,0.046058;0.046124;0.046104,0.047138;0.047453;0.048343,0.030099;0.027923;0.027375,,multiprocessing,2026-10-03T12:34:58+00:00
L4-00731,L4,n2-standard-4,Linux,6.1.0-53-cloud-amd64,x86_64,Intel(R) Xeon(R) CPU @ 2.80GHz,intel,4,2,2800,16.8,3.14.6,CPython,1,forkserver,2.5.3,tiny,tiny_len,44,447,0.3,ms,normal,117702,469,4,4,0,0,0,0,1.6182749095605688e-07,1.0,1.5629608171925997,19.478149667819935,0.46819571663753257,0.0,0.004896039999948698,0.0031178990175249055,0.05889932999980374,0.013072899999315268,0.023550599999907718,0.08489922199987632,0.015031;0.012757;0.013073,0.024319;0.023551;0.022802,0.084899,,sequential,2026-10-03T12:34:59+00:00
L4-00732,L4,n2-standard-4,Linux,6.1.0-53-cloud-amd64,x86_64,Intel(R) Xeon(R) CPU @ 2.80GHz,intel,4,2,2800,16.8,3.14.6,CPython,1,forkserver,2.5.3,big_result,result_sorted_pairs,7990,857,0.8,ms,normal,22,880,4,2,1,4,0,0,0.005895637200228521,1.0,0.7893932827560179,0.36740931074230715,1.6155074764201436,0.0,0.06111951799994131,0.011461549998784903,0.07637124000029871,0.08825597099985316,0.09178989300016838,0.08200955999927828,0.085688;0.089441;0.088256,0.089575;0.091790;0.092010,0.081335;0.082010;0.087333,,multiprocessing,2026-10-03T12:35:00+00:00
L4-00733,L4,n2-standard-4,Linux,6.1.0-53-cloud-amd64,x86_64,Intel(R) Xeon(R) CPU @ 2.80GHz,intel,4,2,2800,16.8,3.14.6,CPython,1,forkserver,2.5.3,algo_rec,algo_lcs_memo,3,1086,0.3,seconds,normal,64,1108,4,2,1,10,0,0,0.007213788625108464,0.9999645225230136,0.14160301638661255,0.0007703996340631871,0.8421199990928986,0.0,0.1259011840002131,0.0002486989997123601,0.07637124000029871,0.4677910240006895,0.4805128810003225,0.24162612700001773,0.467157;0.467791;0.470477,0.477337;0.480513;0.492461,0.236847;0.241626;0.243115,,multiprocessing,2026-10-03T12:35:05+00:00
L4-00734,L4,n2-standard-4,Linux,6.1.0-53-cloud-amd64,x86_64,Intel(R) Xeon(R) CPU @ 2.80GHz,intel,4,2,2800,16.8,3.14.6,CPython,1,forkserver,2.5.3,big_payload,big_upper_copy,3,156159,0.0,ms,big,1280,156181,4,2,0,0,0,0,0.00014184521877780298,0.9995612989975726,0.06935214318613285,0.3627817032523274,1.8719545684120498,0.0,0.07178939299956255,0.0019094379913440207,0.07637124000029871,0.18171841000003042,0.15356556400001864,1.1680611749998207,0.187897;0.181718;0.168785,0.190881;0.152531;0.153566,1.168061,,threading,2026-10-03T12:35:08+00:00
L4-00735,L4,n2-standard-4,Linux,6.1.0-53-cloud-amd64,x86_64,Intel(R) Xeon(R) CPU @ 2.80GHz,intel,4,2,2800,16.8,3.14.6,CPython,1,forkserver,2.5.3,io,io_sleep_return_payload,943,2409,0.8,seconds,normal,356,2431.85,4,8,0,1,1,0,0.0009292273090977688,0.017531456775202826,0.4110551600453584,0.006375996554620549,1.6966727845963177,0.5,0.08207669100011117,0.0008557940000173403,0.07095381300041481,0.3612000069997521,0.049248306999288616,0.05316372099969158,0.361200,0.049248;0.049356;0.049046,0.053164;0.053106;0.057976,,threading,2026-10-03T12:35:09+00:00
L4-00736,L4,n2-standard-4,Linux,6.1.0-53-cloud-amd64,x86_64,Intel(R) Xeon(R) CPU @ 2.80GHz,intel,4,2,2800,16.8,3.14.6,CPython,1,forkserver,2.5.3,gil_release,gil_zlib,3,32455,0.8,ms,normal,68,32477,4,8,1,1,0,1,0.0019384658824171364,0.9996285063125089,0.5011692741847255,0.0037685046126289964,1.9463740703339765,0.0,0.04962028299996746,0.00038686999869241845,0.07095381300041481,0.12407851400075742,0.04931409700020595,0.0588766470000337,0.124381;0.124079;0.123725,0.049373;0.049314;0.048950,0.058877;0.058568;0.058959,,threading,2026-10-03T12:35:10+00:00
L4-00737,L4,n2-standard-4,Linux,6.1.0-53-cloud-amd64,x86_64,Intel(R) Xeon(R) CPU @ 2.80GHz,intel,4,2,2800,16.8,3.14.6,CPython,1,forkserver,2.5.3,big_payload,big_count_byte,12,149650,0.8,ms,big,149,149672,4,4,0,1,0,0,0.000243619405434426,1.0,0.026957695561391194,0.10076270361544022,0.9529942830651774,0.0,0.019293322999146767,0.0007555229976787814,0.05889932999980374,0.03647681799975544,0.03750032399966585,0.024962369000604667,0.036270;0.036477;0.036677,0.037448;0.037590;0.037500,0.024962;0.023290;0.026697,,multiprocessing,2026-10-03T12:35:11+00:00
L4-00738,L4,n2-standard-4,Linux,6.1.0-53-cloud-amd64,x86_64,Intel(R) Xeon(R) CPU @ 2.80GHz,intel,4,2,2800,16.8,3.14.6,CPython,1,forkserver,2.5.3,algo_iter,algo_kmeans,34,305280,0.8,seconds,big,655,305302,4,4,3,15,0,0,0.0006330496329541393,1.0,0.4173078394304889,0.07969311946971877,0.9702575915434752,0.0,0.10275066399935895,0.0013923589958722005,0.05889932999980374,0.41330459700020583,0.4238940980003463,0.3007964259995788,0.412735;0.413305;0.413960,0.423894;0.424983;0.422161,0.300796;0.298740;0.306222,,multiprocessing,2026-10-03T12:35:16+00:00
L4-00739,L4,n2-standard-4,Linux,6.1.0-53-cloud-amd64,x86_64,Intel(R) Xeon(R) CPU @ 2.80GHz,intel,4,2,2800,16.8,3.14.6,CPython,1,forkserver,2.5.3,mixed,mixed_parse_lines,43,527,0.3,ms,normal,21,549,4,4,2,3,1,0,0.0014389418001883314,0.664905544833006,0.08536293234481615,0.0069844382973810485,1.162890222164105,12.4,0.013914350000050035,0.00023174199850473087,0.05889932999980374,0.03185501900043164,0.02337922900005651,0.015217522000057215,0.031855;0.031910;0.031578,0.023379;0.022986;0.029245,0.015218;0.014828;0.021620,,multiprocessing,2026-10-03T12:35:18+00:00
L4-00740,L4,n2-standard-4,Linux,6.1.0-53-cloud-amd64,x86_64,Intel(R) Xeon(R) CPU @ 2.80GHz,intel,4,2,2800,16.8,3.14.6,CPython,1,forkserver,2.5.3,cpu,cpu_matmul_lists,6,100,0.0,seconds,normal,37897,119,4,2,3,5,0,0,1.6849670002102356e-05,1.0,0.11546578875875466,0.20855897867070905,0.7584731314651906,25.4,0.08205783200082806,0.0030945699973017327,0.07637124000029871,0.6322495519998483,0.6412040630002593,0.4188406600005692,0.657145;0.632250;0.629224,0.676414;0.641204;0.638591,0.450665;0.418841;0.338507,,multiprocessing,2026-10-03T12:35:24+00:00
L4-00741,L4,n2-standard-4,Linux,6.1.0-53-cloud-amd64,x86_64,Intel(R) Xeon(R) CPU @ 2.80GHz,intel,4,2,2800,16.8,3.14.6,CPython,1,forkserver,2.5.3,big_payload,big_upper_copy,5,642751,0.0,ms,big,311,642773,4,4,0,0,0,0,0.000581085194863153,0.9997434364544433,0.08074840297650665,0.452368864946841,1.488224924042338,0.0,0.08085808999931032,0.005736222995437856,0.05889932999980374,0.16794622500037804,0.11645626200061088,1.2294792720003898,0.186065;0.165156;0.167946,0.139242;0.116456;0.115933,1.229479,,threading,2026-10-03T12:35:27+00:00
L4-00742,L4,n2-standard-4,Linux,6.1.0-53-cloud-amd64,x86_64,Intel(R) Xeon(R) CPU @ 2.80GHz,intel,4,2,2800,16.8,3.14.6,CPython,1,forkserver,2.5.3,db,db_file_commit,4,105,0.0,seconds,normal,295,124,4,8,1,0,1,0,0.012509966600191547,0.08057025710922872,0.0787408446032481,0.0006768843039693419,1.3496246186654253,0.0,0.10832186600055138,0.0002463139999235864,0.07095381300041481,3.981213951999962,1.1015788649992828,1.0285152970000127,3.518591;3.981214;4.110775,1.101579;0.995603;1.970302,0.989747;1.971505;1.028515,,multiprocessing,2026-10-03T12:35:47+00:00
L4-00743,L4,n2-standard-4,Linux,6.1.0-53-cloud-amd64,x86_64,Intel(R) Xeon(R) CPU @ 2.80GHz,intel,4,2,2800,16.8,3.14.6,CPython,1,forkserver,2.5.3,text,text_csv_parse,5,51,0.3,seconds,normal,7592,70,4,8,2,3,0,0,0.00016686203677840312,0.9999699886154465,0.13571368519115845,0.018514397328498293,0.9596766672646798,0.0,0.10271215500051767,0.0007134560037229676,0.07095381300041481,1.2840493779995086,1.322716100999969,0.6870975369993175,1.280315;1.285472;1.284049,1.322716;1.321035;1.324647,0.687616;0.687098;0.681271,,multiprocessing,2026-10-03T12:35:58+00:00
L4-00744,L4,n2-standard-4,Linux,6.1.0-53-cloud-amd64,x86_64,Intel(R) Xeon(R) CPU @ 2.80GHz,intel,4,2,2800,16.8,3.14.6,CPython,1,forkserver,2.5.3,text,text_csv_parse,14,483,0.0,ms,normal,67,505,4,8,2,3,0,0,0.003958078077140761,1.0,0.017784934496797758,0.0009955297822064296,0.9903560727070684,0.0,0.1036570969999957,0.0002945749974969658,0.07095381300041481,0.260218251999504,0.2673499789998459,0.14290397100012342,0.266119;0.259762;0.260218,0.267468;0.267299;0.267350,0.142904;0.148549;0.142519,,multiprocessing,2026-10-03T12:36:31+00:00
L4-00745,L4,n2-standard-4,Linux,6.1.0-53-cloud-amd64,x86_64,Intel(R) Xeon(R) CPU @ 2.80GHz,intel,4,2,2800,16.8,3.14.6,CPython,1,forkserver,2.5.3,cpu,cpu_collatz,953,1344,0.3,seconds,normal,76,1367,4,8,2,5,0,0,0.0038417086427346347,0.9999859112592772,0.155512491533203,0.0012432339887469338,0.9976351943700256,0.0,0.10798189299930527,0.0003265920013291179,0.07095381300041481,0.3187205989997892,0.3239757389992519,0.17655653099973279,0.318721;0.317019;0.318772,0.325019;0.323976;0.323676,0.180682;0.174384;0.176557,,multiprocessing,2026-10-03T12:36:34+00:00
L4-00746,L4,n2-standard-4,Linux,6.1.0-53-cloud-amd64,x86_64,Intel(R) Xeon(R) CPU @ 2.80GHz,intel,4,2,2800,16.8,3.14.6,CPython,1,forkserver,2.5.3,numpy,np_elementwise,6552,214,0.0,ms,normal,70,234,4,8,0,4,0,0,0.00019733623530020637,1.0,0.13615906058289978,0.022239736666116085,1.2817085286868477,0.0,0.006323074000647466,0.0003495640012260992,0.07095381300041481,0.013270333999571449,0.017031768999913766,0.010242004999781784,0.013172;0.013270;0.013476,0.017101;0.016434;0.017032,0.010242;0.012338;0.007853,,multiprocessing,2026-10-03T12:36:35+00:00
L4-00747,L4,n2-standard-4,Linux,6.1.0-53-cloud-amd64,x86_64,Intel(R) Xeon(R) CPU @ 2.80GHz,intel,4,2,2800,16.8,3.14.6,CPython,1,forkserver,2.5.3,io,io_sleep_chunks,2117,29,0.3,ms,normal,8,49,4,8,1,1,1,0,0.002274980333216566,0.012106656675774609,0.07259081450855041,0.004456595213321879,1.4272900981809609,0.0,0.011878905999765266,0.00020293000034143915,0.07095381300041481,0.019971319999967818,0.0033756470002117567,0.006444302000090829,0.019971,0.003387;0.003376;0.003215,0.004844;0.008851;0.006444,,threading,2026-10-03T12:36:36+00:00
L4-00748,L4,n2-standard-4,Linux,6.1.0-53-cloud-amd64,x86_64,Intel(R) Xeon(R) CPU @ 2.80GHz,intel,4,2,2800,16.8,3.14.6,CPython,1,forkserver,2.5.3,text,text_csv_parse,1,977,0.3,ms,normal,15,999,4,2,2,3,0,0,0.0011714680003933609,1.0,0.04232825208527054,0.006208449772538387,0.8744066447038851,0.0,0.007655954000256315,0.0001858099994933582,0.07637124000029871,0.017203159000018786,0.017944917000022542,0.012762635999933991,0.017416;0.017203;0.017047,0.018054;0.017945;0.017744,0.013042;0.012763;0.012619,,multiprocessing,2026-10-03T12:36:36+00:00
L4-00749,L4,n2-standard-4,Linux,6.1.0-53-cloud-amd64,x86_64,Intel(R) Xeon(R) CPU @ 2.80GHz,intel,4,2,2800,16.8,3.14.6,CPython,1,forkserver,2.5.3,io,io_file_roundtrip,1,156772,0.0,seconds,big,1214,156794,4,8,1,0,1,0,0.0020302601999355827,0.12442250835240247,0.2582824292712324,0.013994339250379611,1.6997587159830279,0.0,0.08104034799998772,0.0008762140014368924,0.07095381300041481,2.3807795860002443,1.3785989189991597,1.24756490999971,2.380780;2.485933;2.294828,1.378599;1.378803;1.240142,1.247565;1.374267;1.244192,,multiprocessing,2026-10-03T12:36:52+00:00
L4-00750,L4,n2-standard-4,Linux,6.1.0-53-cloud-amd64,x86_64,Intel(R) Xeon(R) CPU @ 2.80GHz,intel,4,2,2800,16.8,3.14.6,CPython,1,forkserver,2.5.3,mixed,mixed_parse_lines,2,5623,0.8,seconds,normal,1457,5645,4,8,2,3,1,0,0.000580514724087957,0.8768577855569696,0.4071429801446143,0.007190859829737491,1.0158456232603656,0.0,0.10098559800007934,0.00045715200485574314,0.07095381300041481,0.8563251010000386,0.792123688999709,0.40376747400023305,0.853924;0.857258;0.856325,0.799951;0.792124;0.791829,0.403767;0.404975;0.403585,,multiprocessing,2026-10-03T12:36:59+00:00
L4-00751,L4,n2-standard-4,Linux,6.1.0-53-cloud-amd64,x86_64,Intel(R) Xeon(R) CPU @ 2.80GHz,intel,4,2,2800,16.8,3.14.6,CPython,1,forkserver,2.5.3,tiny,tiny_small_loop,138,31,0.8,ms,normal,16423,50,4,8,0,0,0,0,1.1039864957638202e-06,1.0,0.9170608339967632,2.998677866043515,0.8931352175841892,0.0,0.008304011000291212,0.002827171008902951,0.07095381300041481,0.016616912000245065,0.01860034099991026,0.018018072000813845,0.016617;0.016577;0.016704,0.018712;0.018600;0.018327,0.018018;0.013148;0.029595,,sequential,2026-10-03T12:37:00+00:00
L4-00752,L4,n2-standard-4,Linux,6.1.0-53-cloud-amd64,x86_64,Intel(R) Xeon(R) CPU @ 2.80GHz,intel,4,2,2800,16.8,3.14.6,CPython,1,forkserver,2.5.3,big_result,result_sorted_pairs,131,26,0.3,seconds,normal,51423,45,4,8,1,4,0,0,0.00022880212477937784,0.9999309882154331,20.154317677474836,0.12620337341556565,5.221853889891201,0.0,0.17045463799968275,0.0018554200114522246,0.07095381300041481,2.9636351159997503,3.116271105999658,3.0774682019991815,2.963635;2.940523;3.052287,3.116271;3.125654;3.094025,3.077468;2.959569;3.287339,,sequential,2026-10-03T12:37:28+00:00
L4-00753,L4,n2-standard-4,Linux,6.1.0-53-cloud-amd64,x86_64,Intel(R) Xeon(R) CPU @ 2.80GHz,intel,4,2,2800,16.8,3.14.6,CPython,1,forkserver,2.5.3,io,io_sleep_chunks,5174,1465,0.0,seconds,normal,164,1488,4,2,1,1,1,0,0.005460235500049748,0.008817773256271054,0.002956266054229994,0.0010984141386856975,1.9725963201934535,0.0,0.08268382000005658,0.00031289399976230925,0.07637124000029871,0.8970489170005749,0.4592316300004313,0.46011839200036775,0.896318;0.897917;0.897049,0.459232;0.459197;0.460480,0.459847;0.460118;0.460266,,threading,2026-10-03T12:37:34+00:00
L4-00754,L4,n2-standard-4,Linux,6.1.0-53-cloud-amd64,x86_64,Intel(R) Xeon(R) CPU @ 2.80GHz,intel,4,2,2800,16.8,3.14.6,CPython,1,forkserver,2.5.3,big_result,result_sorted_pairs,4209,136,0.8,seconds,normal,1501,156,4,2,1,4,0,0,0.002209563565212074,1.0,0.45905761888997754,0.650620929232111,1.085813246979185,0.0,0.12673030800033303,0.029072469000311685,0.07637124000029871,3.7615189979997012,3.854939481000656,3.978333469000063,3.780914;3.747723;3.761519,3.854939;3.870504;3.849614,3.981760;3.967152;3.978333,,sequential,2026-10-03T12:38:10+00:00
L4-00755,L4,n2-standard-4,Linux,6.1.0-53-cloud-amd64,x86_64,Intel(R) Xeon(R) CPU @ 2.80GHz,intel,4,2,2800,16.8,3.14.6,CPython,1,forkserver,2.5.3,text,text_regex_findall,41,361,0.0,ms,normal,116,383,4,2,1,1,0,0,0.0007934252413367082,1.0,0.03670188404143483,0.004352079641234977,0.9113318423751201,0.0,0.04864522600018972,0.0003257610014770762,0.07637124000029871,0.0929474989998198,0.10096472099940001,0.05351808799969149,0.092947;0.093899;0.092911,0.100965;0.101730;0.100924,0.051930;0.053518;0.058146,,multiprocessing,2026-10-03T12:38:11+00:00
L4-00756,L4,n2-standard-4,Linux,6.1.0-53-cloud-amd64,x86_64,Intel(R) Xeon(R) CPU @ 2.80GHz,intel,4,2,2800,16.8,3.14.6,CPython,1,forkserver,2.5.3,mixed,mixed_parse_lines,3,8421,0.3,ms,normal,31,8443,4,4,2,3,1,0,0.001283900285540897,0.9313981570023829,0.17643131978561805,0.005329185615543966,1.015715055744038,0.0,0.018612597999890568,0.00024961400140455225,0.05889932999980374,0.03817800399974658,0.037822859999323555,0.023058156999468338,0.037815;0.038444;0.038178,0.037711;0.037896;0.037823,0.023505;0.023058;0.022433,,multiprocessing,2026-10-03T12:38:12+00:00
L4-00757,L4,n2-standard-4,Linux,6.1.0-53-cloud-amd64,x86_64,Intel(R) Xeon(R) CPU @ 2.80GHz,intel,4,2,2800,16.8,3.14.6,CPython,1,forkserver,2.5.3,algo_rec,algo_lcs_memo,3,156,0.0,seconds,normal,54,175,4,4,1,10,0,0,0.0075459600002432126,0.9999872999677744,0.020140893712812042,0.000699503896632098,0.9896305662540225,0.0,0.1065921019999223,0.00023785799839970423,0.05889932999980374,0.4007194929999969,0.4122521110002708,0.20087551600045117,0.400719;0.397342;0.473722,0.412453;0.410023;0.412252,0.200273;0.200876;0.207456,,multiprocessing,2026-10-03T12:38:16+00:00
L4-00758,L4,n2-standard-4,Linux,6.1.0-53-cloud-amd64,x86_64,Intel(R) Xeon(R) CPU @ 2.80GHz,intel,4,2,2800,16.8,3.14.6,CPython,1,forkserver,2.5.3,big_result,result_matrix_lists,11,730444,0.8,ms,big,273,730466,4,2,2,5,0,0,1.8787808852828355e-05,0.9878542821546417,0.735925394182284,8.984530939230384,0.8781675606522951,0.0,0.006561922999935632,0.003719411998645228,0.07637124000029871,0.004816653000489168,0.005437128000266966,0.169213604000106,0.005139;0.004814;0.004817,0.005437;0.005361;0.005609,0.169214,,sequential,2026-10-03T12:38:17+00:00
L4-00759,L4,n2-standard-4,Linux,6.1.0-53-cloud-amd64,x86_64,Intel(R) Xeon(R) CPU @ 2.80GHz,intel,4,2,2800,16.8,3.14.6,CPython,1,forkserver,2.5.3,numpy,np_linalg_solve,53,1792293,0.8,seconds,big,111,1792315,4,4,0,3,0,1,0.004106442461726636,1.0,0.059273877670537475,0.09858756276548052,1.6388111378431276,0.0,0.09118062500056112,0.005635056998471555,0.05889932999980374,0.42907828300030815,0.2056622720001542,0.6440427199995611,0.449639;0.429078;0.421581,0.211959;0.205055;0.205662,0.655349;0.635718;0.644043,,threading,2026-10-03T12:38:22+00:00
L4-00760,L4,n2-standard-4,Linux,6.1.0-53-cloud-amd64,x86_64,Intel(R) Xeon(R) CPU @ 2.80GHz,intel,4,2,2800,16.8,3.14.6,CPython,1,forkserver,2.5.3,text,text_split_count,44,1867,0.3,ms,normal,43,1889,4,8,1,1,0,0,0.004156206300103804,1.0,0.15083086744701818,0.0010655871662293406,1.1119079174411532,0.0,0.07834036699932767,0.0002398209981038235,0.07095381300041481,0.1784514629998739,0.1859004220004863,0.10526375599965831,0.177447;0.178451;0.180251,0.184811;0.186161;0.185900,0.099690;0.105264;0.110022,,multiprocessing,2026-10-03T12:38:24+00:00
L4-00761,L4,n2-standard-4,Linux,6.1.0-53-cloud-amd64,x86_64,Intel(R) Xeon(R) CPU @ 2.80GHz,intel,4,2,2800,16.8,3.14.6,CPython,1,forkserver,2.5.3,recursive,rec_tree_sum,6549,184,0.3,ms,normal,22,204,4,2,0,4,0,0,0.00827531099985208,0.9999990334883785,1.4936131640436718,0.0009806278130233379,4.54733214615279,0.0,0.052419472000110545,0.00023357100144494325,0.07637124000029871,0.04450629599978129,0.05610568299925944,0.027243797000664927,0.043948;0.044506;0.045054,0.055434;0.056224;0.056106,0.067697;0.026858;0.027244,,multiprocessing,2026-10-03T12:38:25+00:00
L4-00762,L4,n2-standard-4,Linux,6.1.0-53-cloud-amd64,x86_64,Intel(R) Xeon(R) CPU @ 2.80GHz,intel,4,2,2800,16.8,3.14.6,CPython,1,forkserver,2.5.3,db,db_mem_group_by,14109,1494652,0.8,ms,big,8,1494675,4,8,1,2,1,0,0.013287323333315726,0.999746202355308,0.6197424724842395,0.03073774325324226,0.38845745954766403,0.0,0.17594860099961807,0.0014236019997042604,0.07095381300041481,0.13098181300028955,1.3626118700003644,0.07252237400007289,0.130982,1.362612,0.072522,threading,multiprocessing,2026-10-03T12:38:28+00:00
L4-00763,L4,n2-standard-4,Linux,6.1.0-53-cloud-amd64,x86_64,Intel(R) Xeon(R) CPU @ 2.80GHz,intel,4,2,2800,16.8,3.14.6,CPython,1,forkserver,2.5.3,mixed,mixed_compute_then_sleep,5657,729883,0.3,ms,big,52,729906,4,2,1,3,1,0,0.00042258999998851394,0.6192135619594297,0.15666146082213564,0.6842564260128988,1.0897276137474112,1.0,0.015438927999639418,0.004780805999871518,0.076364139999896,0.022724237999682373,0.015625986999111774,0.04878712599929713,0.022849;0.022643;0.022724,0.015626;0.015480;0.018435,0.053478;0.048787;0.048000,,threading,2026-10-03T12:38:29+00:00
L4-00764,L4,n2-standard-4,Linux,6.1.0-53-cloud-amd64,x86_64,Intel(R) Xeon(R) CPU @ 2.80GHz,intel,4,2,2800,16.8,3.14.6,CPython,1,forkserver,2.5.3,io,io_sleep,769,573,0.3,ms,normal,19,596,4,4,0,1,1,0,0.0008841432497774804,0.027143275823531376,0.13482623033289393,0.0095790471826378,1.5184298460268069,0.0,0.00653329200031294,0.0006064880008125328,0.06643165399964346,0.01640455500000826,0.004949524000039673,0.005525223000404367,0.016399;0.016472;0.016405,0.004973;0.004950;0.004844,0.005352;0.005525;0.006639,,threading,2026-10-03T12:38:29+00:00
L4-00765,L4,n2-standard-4,Linux,6.1.0-53-cloud-amd64,x86_64,Intel(R) Xeon(R) CPU @ 2.80GHz,intel,4,2,2800,16.8,3.14.6,CPython,1,forkserver,2.5.3,tiny,tiny_dict_lookup,2,181,0.0,ms,normal,69316,200,4,8,0,1,0,0,2.8756400979546013e-07,1.0,0.23820399087932023,10.762647213526469,0.5874982798776628,0.5,0.005355450000024575,0.0030201889803720405,0.10822929000005388,0.01522909699997399,0.018985865999638918,0.034744995000437484,0.027902;0.015229;0.014763,0.018986;0.018112;0.019053,0.043196;0.032455;0.034745,,sequential,2026-10-03T12:38:30+00:00
L4-00766,L4,n2-standard-4,Linux,6.1.0-53-cloud-amd64,x86_64,Intel(R) Xeon(R) CPU @ 2.80GHz,intel,4,2,2800,16.8,3.14.6,CPython,1,forkserver,2.5.3,algo_iter,algo_edit_distance,54247,190778,0.0,ms,big,24,190801,4,2,2,16,0,0,0.008691473333025593,0.9999790059979585,0.0038735513415265785,0.0037376670329085414,0.9573930625345248,0.5,0.10808458599967707,0.0014316390015665093,0.076364139999896,0.20922713900017698,0.21163621699997748,0.11306623700056662,0.209196;0.209708;0.209227,0.211371;0.211935;0.211636,0.109805;0.133565;0.113066,,multiprocessing,2026-10-03T12:38:33+00:00
L4-00767,L4,n2-standard-4,Linux,6.1.0-53-cloud-amd64,x86_64,Intel(R) Xeon(R) CPU @ 2.80GHz,intel,4,2,2800,16.8,3.14.6,CPython,1,forkserver,2.5.3,mixed,mixed_parse_lines,40,7952,0.3,seconds,normal,327,7974,4,8,2,3,1,0,0.015790446250093737,0.9685426131215017,0.16291428929851698,0.0006037195032366129,1.2331562097881787,0.0,0.11945373600065068,0.0008605940001871204,0.10822929000005388,4.666822979999779,4.677008740999554,2.4366603500002384,4.674404;4.666823;4.664358,4.683786;4.677009;4.674064,2.436660;2.442642;2.432627,,multiprocessing,2026-10-03T12:39:09+00:00
L4-00768,L4,n2-standard-4,Linux,6.1.0-53-cloud-amd64,x86_64,Intel(R) Xeon(R) CPU @ 2.80GHz,intel,4,2,2800,16.8,3.14.6,CPython,1,forkserver,2.5.3,big_payload,big_checksum_head,4132,2352811,0.0,seconds,big,85,2352834,4,2,1,1,0,0,0.00010774057149579416,0.9961601226340101,0.06713243220513909,4.359214857303536,0.8494083734071303,0.0,0.014978277000409435,0.009982008999031677,0.076364139999896,0.008973374000561307,0.009458122000069125,0.2558711810006571,0.008973;0.009082;0.008967,0.009458;0.009473;0.009363,0.255871,,sequential,2026-10-03T12:39:10+00:00
L4-00769,L4,n2-standard-4,Linux,6.1.0-53-cloud-amd64,x86_64,Intel(R) Xeon(R) CPU @ 2.80GHz,intel,4,2,2800,16.8,3.14.6,CPython,1,forkserver,2.5.3,recursive,rec_nqueens,3,176,0.3,seconds,normal,3857,195,4,4,1,10,0,0,0.0004824982787742836,0.9993450130538686,0.2151796498237324,0.00712997361780031,0.9156428728426154,0.0,0.10630788599974039,0.0012951940079801716,0.06643165399964346,1.9148345579997113,1.962855345999742,0.8864470629996504,1.910341;1.920854;1.914835,1.961819;1.962855;1.965822,0.891759;0.880019;0.886447,,multiprocessing,2026-10-03T12:39:25+00:00
L4-00770,L4,n2-standard-4,Linux,6.1.0-53-cloud-amd64,x86_64,Intel(R) Xeon(R) CPU @ 2.80GHz,intel,4,2,2800,16.8,3.14.6,CPython,1,forkserver,2.5.3,big_payload,big_reverse,1,2216503,0.0,ms,big,10,2216525,4,2,0,0,0,0,0.0011335849997825183,1.0,0.013755830983215039,1.1979375172321847,0.5016460969010517,0.0,0.014828502999989723,0.004582792001201597,0.076364139999896,0.01139897800021572,0.015822114999537007,0.2472319830003471,0.018207;0.011267;0.011399,0.021703;0.015822;0.011576,0.247232,,sequential,2026-10-03T12:39:26+00:00
L4-00771,L4,n2-standard-4,Linux,6.1.0-53-cloud-amd64,x86_64,Intel(R) Xeon(R) CPU @ 2.80GHz,intel,4,2,2800,16.8,3.14.6,CPython,1,forkserver,2.5.3,big_payload,big_reverse,6,1790233,0.3,seconds,big,111,1790255,4,8,0,0,0,0,0.001847495370350737,0.9999802213562856,0.2863163647687464,0.48890533880601106,1.064836390987734,24.1,0.11591808100001799,0.01857016400026623,0.10822929000005388,0.1855903000005128,0.11900976000015362,1.8020330039998953,0.217299;0.185590;0.183843,0.204810;0.119010;0.112322,1.802033,,threading,2026-10-03T12:39:30+00:00
L4-00772,L4,n2-standard-4,Linux,6.1.0-53-cloud-amd64,x86_64,Intel(R) Xeon(R) CPU @ 2.80GHz,intel,4,2,2800,16.8,3.14.6,CPython,1,forkserver,2.5.3,mixed,mixed_json_roundtrip,5,2956,0.8,ms,normal,123,2978,4,8,1,1,1,0,0.00023822769999242154,0.7703939510137141,0.3173761371364547,0.013927641857611452,1.0564626007868787,0.5,0.014716802000293683,0.0008464160000585252,0.10822929000005388,0.028860773999440426,0.028704186000140908,0.01381265899999562,0.028851;0.029080;0.028861,0.028225;0.029000;0.028704,0.017589;0.013603;0.013813,,multiprocessing,2026-10-03T12:39:31+00:00
L4-00773,L4,n2-standard-4,Linux,6.1.0-53-cloud-amd64,x86_64,Intel(R) Xeon(R) CPU @ 2.80GHz,intel,4,2,2800,16.8,3.14.6,CPython,1,forkserver,2.5.3,recursive,rec_nqueens,13,144144,0.8,ms,big,8,144166,4,8,1,10,0,0,0.0026130010000997572,1.0,0.5386864976397914,0.017940546742541152,0.9946513689646226,0.0,0.014158032000523235,0.0003196820007360657,0.10822929000005388,0.01830614299979061,0.019023456000468286,0.010404988999653142,0.018117;0.018323;0.018306,0.018791;0.019481;0.019023,0.016387;0.010128;0.010405,,multiprocessing,2026-10-03T12:39:32+00:00
L4-00774,L4,n2-standard-4,Linux,6.1.0-53-cloud-amd64,x86_64,Intel(R) Xeon(R) CPU @ 2.80GHz,intel,4,2,2800,16.8,3.14.6,CPython,1,forkserver,2.5.3,gil_release,gil_numpy_matmul,694,38474,0.0,seconds,normal,103,38497,4,2,0,2,0,1,0.011661518599976262,0.9999889248889707,0.03366598534605323,0.0015564353491463662,1.4353948974197694,1.5,0.09927647099993919,0.0009106200004680431,0.076364139999896,1.1924456320002719,0.6214801079995596,0.6306899090004663,1.194190;1.185384;1.192446,0.621480;0.627334;0.617542,0.674945;0.622560;0.630690,,threading,2026-10-03T12:39:40+00:00
L4-00775,L4,n2-standard-4,Linux,6.1.0-53-cloud-amd64,x86_64,Intel(R) Xeon(R) CPU @ 2.80GHz,intel,4,2,2800,16.8,3.14.6,CPython,1,forkserver,2.5.3,db,db_mem_group_by,479,490085,0.8,ms,big,28,490107.85714285716,4,2,1,2,1,0,0.0006520734288122705,1.0,0.28621045257217,0.1706155355580732,0.5846813069068493,0.0,0.013516457000150695,0.001547742997900059,0.076364139999896,0.01604356400002871,0.026397798999823863,0.019182796000677627,0.016044;0.016006;0.016161,0.026398;0.026410;0.026189,0.019183;0.018139;0.019185,,sequential,2026-10-03T12:39:40+00:00
L4-00776,L4,n2-standard-4,Linux,6.1.0-53-cloud-amd64,x86_64,Intel(R) Xeon(R) CPU @ 2.80GHz,intel,4,2,2800,16.8,3.14.6,CPython,1,forkserver,2.5.3,big_payload,big_upper_copy,3,844251,0.3,ms,big,73,844273,4,2,0,0,0,0,0.00039269255573041545,1.0,0.034354089340911144,0.9321245934793091,0.4790009430174544,0.0,0.02907690200026991,0.007156873997701041,0.076364139999896,0.05734284399932221,0.030509944999721483,0.5217609379997157,0.057647;0.057343;0.057269,0.043888;0.029493;0.030510,0.521761,,threading,2026-10-03T12:39:42+00:00
L4-00777,L4,n2-standard-4,Linux,6.1.0-53-cloud-amd64,x86_64,Intel(R) Xeon(R) CPU @ 2.80GHz,intel,4,2,2800,16.8,3.14.6,CPython,1,forkserver,2.5.3,recursive,rec_tree_sum,587,1185,0.3,seconds,normal,17278,1208,4,8,0,4,0,0,0.00018261917212729822,0.9999729684898736,0.2854641832071659,0.019755318748461998,0.9752719239003487,0.0,0.10283124800025689,0.0016162670099220122,0.10822929000005388,3.2426200619993324,3.3461253670002407,1.6129753950008308,3.231035;3.242620;3.244150,3.346125;3.351979;3.345710,1.623267;1.612975;1.601274,,multiprocessing,2026-10-03T12:40:07+00:00
L4-00778,L4,n2-standard-4,Linux,6.1.0-53-cloud-amd64,x86_64,Intel(R) Xeon(R) CPU @ 2.80GHz,intel,4,2,2800,16.8,3.14.6,CPython,1,forkserver,2.5.3,cpu,cpu_matmul_lists,6,1367,0.8,ms,normal,3615,1389,4,2,3,5,0,0,2.473715948178514e-05,1.0,0.86670550955519,0.16102899162947942,1.0005673055667317,0.0,0.04732005799996841,0.0022423049886128865,0.076364139999896,0.08688404999975319,0.0887302319997616,0.058998943000005966,0.087528;0.086884;0.086428,0.088730;0.088992;0.088121,0.049594;0.058999;0.063577,,multiprocessing,2026-10-03T12:40:08+00:00
L4-00779,L4,n2-standard-4,Linux,6.1.0-53-cloud-amd64,x86_64,Intel(R) Xeon(R) CPU @ 2.80GHz,intel,4,2,2800,16.8,3.14.6,CPython,1,forkserver,2.5.3,tiny,tiny_len,613,1541459,0.0,seconds,big,129,1541482,4,2,0,0,0,0,4.1459389876763453e-07,1.0,0.4260818249890919,766.3617359462313,0.03847405550317151,0.0,0.007378115999927104,0.006963962995541806,0.076364139999896,3.1679000130679924e-05,0.00038297799983411096,0.2158279790000961,0.000042;0.000032;0.000012,0.000383,0.215828,,sequential,2026-10-03T12:40:10+00:00
L4-00780,L4,n2-standard-4,Linux,6.1.0-53-cloud-amd64,x86_64,Intel(R) Xeon(R) CPU @ 2.80GHz,intel,4,2,2800,16.8,3.14.6,CPython,1,forkserver,2.5.3,cpu,cpu_count_primes,6667,76,0.8,ms,normal,8,96,4,4,2,4,0,0,0.004962298000161051,1.0,0.2638352724722583,0.0020729643235675513,1.133766212339387,0.0,0.030767437000577047,0.000703476000126102,0.06643165399964346,0.03779976199984958,0.038643693000267376,0.025306444000307238,0.037800;0.038004;0.037629,0.038643;0.038644;0.038796,0.024865;0.026511;0.025306,,multiprocessing,2026-10-03T12:40:11+00:00
L4-00781,L4,n2-standard-4,Linux,6.1.0-53-cloud-amd64,x86_64,Intel(R) Xeon(R) CPU @ 2.80GHz,intel,4,2,2800,16.8,3.14.6,CPython,1,forkserver,2.5.3,db,db_mem_insert_select,959,464,0.3,ms,normal,9,487,4,4,1,1,1,0,0.0009809869998207432,1.0,0.10009536175568784,0.007420078123824124,0.41262844076100824,0.0,0.010719302999859792,0.0007714290004514623,0.06643165399964346,0.008022873000300024,0.0942666700002519,0.0052920220005034935,0.008199;0.008023;0.007938,0.094267,0.005292;0.015228;0.004539,,multiprocessing,2026-10-03T12:40:11+00:00
L4-00782,L4,n2-standard-4,Linux,6.1.0-53-cloud-amd64,x86_64,Intel(R) Xeon(R) CPU @ 2.80GHz,intel,4,2,2800,16.8,3.14.6,CPython,1,forkserver,2.5.3,recursive,rec_tree_sum,23147,718484,0.0,ms,big,28,718507,4,2,0,4,0,0,0.011025802399854002,0.9999875230336074,0.30413793406092215,0.016395541425880893,1.1881765262131319,0.0,0.10350927299987234,0.0011241080010222504,0.076364139999896,0.27395523299946944,0.29551305800032424,0.18740649499977735,0.273955;0.275093;0.272700,0.301640;0.295513;0.294027,0.187406;0.184997;0.189476,,multiprocessing,2026-10-03T12:40:14+00:00
L4-00783,L4,n2-standard-4,Linux,6.1.0-53-cloud-amd64,x86_64,Intel(R) Xeon(R) CPU @ 2.80GHz,intel,4,2,2800,16.8,3.14.6,CPython,1,forkserver,2.5.3,io,io_sleep_chunks,2032,1571392,0.0,seconds,big,127,1571415,4,2,1,1,1,0,0.002316903545430581,0.019235206016855078,0.011703385521063639,0.1411385254219442,1.9535554648613291,0.0,0.08442669800024305,0.0073024150005949195,0.076364139999896,0.2914439410005798,0.14723940800013224,0.2947720330002994,0.291444;0.291434;0.292010,0.147385;0.147239;0.146777,0.304008;0.294772;0.291995,,threading,2026-10-03T12:40:18+00:00
L4-00784,L4,n2-standard-4,Linux,6.1.0-53-cloud-amd64,x86_64,Intel(R) Xeon(R) CPU @ 2.80GHz,intel,4,2,2800,16.8,3.14.6,CPython,1,forkserver,2.5.3,mixed,mixed_hash_then_write,1586,13770,0.8,seconds,normal,11936,13793,4,4,1,3,1,0,0.0003674372426570806,0.43087272918829644,0.1954595731953131,0.015028552833876885,1.673231191522424,0.0,0.08139273199958552,0.0013337249984033406,0.06643165399964346,4.235575896000228,3.9000322179999785,3.571639234999566,4.283280;4.235576;4.164991,3.900032;3.900743;3.637367,2.185751;3.571639;3.902427,,multiprocessing,2026-10-03T12:40:53+00:00
L4-00785,L4,n2-standard-4,Linux,6.1.0-53-cloud-amd64,x86_64,Intel(R) Xeon(R) CPU @ 2.80GHz,intel,4,2,2800,16.8,3.14.6,CPython,1,forkserver,2.5.3,gil_release,gil_sha256,2,78732,0.3,ms,normal,177,78754,4,4,1,1,0,1,0.0003755176363194385,1.0,0.2340028657011301,0.038073311669211976,1.804814824837551,0.0,0.026773721999234112,0.0010102310006914195,0.06643165399964346,0.0666226720004488,0.03320665000046574,0.04376685700026428,0.067070;0.066623;0.066552,0.033259;0.032969;0.033207,0.046968;0.040680;0.043767,,threading,2026-10-03T12:40:54+00:00
L4-00786,L4,n2-standard-4,Linux,6.1.0-53-cloud-amd64,x86_64,Intel(R) Xeon(R) CPU @ 2.80GHz,intel,4,2,2800,16.8,3.14.6,CPython,1,forkserver,2.5.3,mixed,mixed_json_roundtrip,3,301479,0.3,seconds,big,663,301501,4,8,1,1,1,0,0.00016336103030467215,0.677214000480284,0.15996767461753247,0.3241975757888051,1.3388732773444754,0.0,0.0487774619996344,0.0015685749995100196,0.10822929000005388,0.10580851999930019,0.0983801290003612,0.17998807099957048,0.106007;0.105705;0.105809,0.093809;0.103006;0.098380,0.178938;0.179988;0.193269,,threading,2026-10-03T12:40:56+00:00
L4-00787,L4,n2-standard-4,Linux,6.1.0-53-cloud-amd64,x86_64,Intel(R) Xeon(R) CPU @ 2.80GHz,intel,4,2,2800,16.8,3.14.6,CPython,1,forkserver,2.5.3,io,io_file_roundtrip,1,131,0.0,seconds,normal,670,150,4,2,1,0,1,0,0.0012767109749347583,0.10618826990025092,0.12003193632170957,0.002510591667808721,1.4945777365663555,0.0,0.08597721100068156,0.0011412660032874555,0.076364139999896,0.8047082449993468,0.5250183849993846,0.5271270439998261,0.802766;0.804708;1.157775,0.525018;0.504721;0.534034,0.527127;0.492642;0.604854,,threading,2026-10-03T12:41:03+00:00
L4-00788,L4,n2-standard-4,Linux,6.1.0-53-cloud-amd64,x86_64,Intel(R) Xeon(R) CPU @ 2.80GHz,intel,4,2,2800,16.8,3.14.6,CPython,1,forkserver,2.5.3,db,db_mem_insert_select,138,196714,0.0,seconds,big,1016,196736,4,4,1,1,1,0,0.00020010488399566383,0.9997709999718613,0.13726681906221164,0.1930230246599368,0.7545703664726463,0.0,0.11780598800032749,0.0014891690016156645,0.06643165399964346,0.19940494499951456,1.6207270219993006,0.31150023999998666,0.201256;0.199308;0.199405,1.620727,0.321075;0.309266;0.311500,,sequential,2026-10-03T12:41:07+00:00
L4-00789,L4,n2-standard-4,Linux,6.1.0-53-cloud-amd64,x86_64,Intel(R) Xeon(R) CPU @ 2.80GHz,intel,4,2,2800,16.8,3.14.6,CPython,1,forkserver,2.5.3,text,text_split_count,2,531,0.8,ms,normal,120,553,4,2,1,1,0,0,9.271060013513003e-05,1.0,0.3277653788571035,0.032772952169292956,0.8890145211243639,0.0,0.006764433999705943,0.000860626995745406,0.076364139999896,0.010729499999797554,0.01134023100075865,0.008578253999985463,0.010717;0.010729;0.010744,0.011400;0.011317;0.011340,0.008578;0.009166;0.007760,,multiprocessing,2026-10-03T12:41:08+00:00
L4-00790,L4,n2-standard-4,Linux,6.1.0-53-cloud-amd64,x86_64,Intel(R) Xeon(R) CPU @ 2.80GHz,intel,4,2,2800,16.8,3.14.6,CPython,1,forkserver,2.5.3,cpu,cpu_count_primes,5047,211,0.8,seconds,normal,266,231,4,4,2,4,0,0,0.0033243795625139683,0.9995914301142614,0.45306359671215274,0.0012101506497907203,0.9743249931720819,0.0,0.10832743300034053,0.0003086460001213709,0.06643165399964346,0.7561958450005477,0.7651292900000044,0.40816681500018603,0.754220;0.756196;0.756279,0.763707;0.765218;0.765129,0.408167;0.398378;0.420944,,multiprocessing,2026-10-03T12:41:14+00:00
L4-00791,L4,n2-standard-4,Linux,6.1.0-53-cloud-amd64,x86_64,Intel(R) Xeon(R) CPU @ 2.80GHz,intel,4,2,2800,16.8,3.14.6,CPython,1,forkserver,2.5.3,tiny,tiny_len,26,203270,0.3,ms,big,983,203292,4,4,0,0,0,0,3.5524081999474036e-07,1.0,0.33619686887339867,104.81073077032238,0.1891728386114233,0.0,0.0020382390002851025,0.001338799998848117,0.06643165399964346,0.00017412900069757598,0.0007932439998512564,0.2883187059996999,0.000267;0.000174;0.000068,0.000853;0.000733,0.288319,,sequential,2026-10-03T12:41:15+00:00
L4-00792,L4,n2-standard-4,Linux,6.1.0-53-cloud-amd64,x86_64,Intel(R) Xeon(R) CPU @ 2.80GHz,intel,4,2,2800,16.8,3.14.6,CPython,1,forkserver,2.5.3,big_result,result_matrix_lists,193,113,0.8,seconds,normal,152,132.42857142857142,4,2,2,5,0,0,0.008441358142850472,0.9999691045568813,0.35846508649476033,0.27991462172650317,1.457242445904612,0.0,0.11709286399945995,0.01721006000025227,0.076364139999896,0.9022517920002429,0.911749401000634,0.8186532989993793,0.902252;0.905900;0.892881,0.928272;0.911749;0.903691,0.838209;0.784153;0.818653,,multiprocessing,2026-10-03T12:41:24+00:00
L4-00793,L4,n2-standard-4,Linux,6.1.0-53-cloud-amd64,x86_64,Intel(R) Xeon(R) CPU @ 2.80GHz,intel,4,2,2800,16.8,3.14.6,CPython,1,forkserver,2.5.3,db,db_file_lookup,29,135066,0.0,ms,big,99,135088,4,2,1,5,1,0,0.0003591560416680295,1.0,0.12527479353679766,0.06409985466967369,0.1751985106885565,0.5,0.058316485000432294,0.0016795410001577693,0.076364139999896,0.03442523300054745,0.04591010900003312,0.03098167600001034,0.034677;0.034188;0.034425,0.066465;0.029982;0.045910,0.045398;0.030982;0.030709,,multiprocessing,2026-10-03T12:41:25+00:00
L4-00794,L4,n2-standard-4,Linux,6.1.0-53-cloud-amd64,x86_64,Intel(R) Xeon(R) CPU @ 2.80GHz,intel,4,2,2800,16.8,3.14.6,CPython,1,forkserver,2.5.3,big_payload,big_reverse,1,408455,0.8,seconds,big,489,408477,4,2,0,0,0,0,0.00034045319677313614,1.0,0.23423985063600378,0.4941356157766292,1.1218564535610789,0.0,0.08273120100056985,0.003919802994460042,0.076364139999896,0.1849509309995483,0.13924193499951798,1.6371548580000308,0.197742;0.172020;0.184951,0.169473;0.139242;0.138826,1.637155,,threading,2026-10-03T12:41:29+00:00
L4-00795,L4,n2-standard-4,Linux,6.1.0-53-cloud-amd64,x86_64,Intel(R) Xeon(R) CPU @ 2.80GHz,intel,4,2,2800,16.8,3.14.6,CPython,1,forkserver,2.5.3,db,db_file_commit,2,968572,0.3,seconds,big,66,968594,4,8,1,0,1,0,0.02301264733341668,0.33085926273339544,0.29549172532408,0.012135761519767804,1.2779043993675223,2.0,0.11413020100007998,0.0017551649998495122,0.10822929000005388,1.2094794229997206,1.1358541420004258,1.0815059500000643,1.154045;1.282934;1.209479,1.221842;1.135854;1.074533,1.081506;1.002555;1.105406,,multiprocessing,2026-10-03T12:41:40+00:00
L4-00796,L4,n2-standard-4,Linux,6.1.0-53-cloud-amd64,x86_64,Intel(R) Xeon(R) CPU @ 2.80GHz,intel,4,2,2800,16.8,3.14.6,CPython,1,forkserver,2.5.3,text,text_format_report,11,245336,0.0,ms,big,815,245358,4,2,1,2,0,0,1.4830694619618962e-05,1.0,0.23154972306140223,2.7001230187517837,0.930441972345286,0.0,0.008348397000190744,0.001953665992914466,0.076364139999896,0.011875137000060931,0.012309514999287785,0.16445325299991964,0.011287;0.011981;0.011875,0.012109;0.012351;0.012310,0.164453,,sequential,2026-10-03T12:41:41+00:00
L4-00797,L4,n2-standard-4,Linux,6.1.0-53-cloud-amd64,x86_64,Intel(R) Xeon(R) CPU @ 2.80GHz,intel,4,2,2800,16.8,3.14.6,CPython,1,forkserver,2.5.3,io,io_sleep_chunks,522,146050,0.8,seconds,big,457,146072.75,4,4,1,1,1,0,0.0007659840152331471,0.03700906603925202,0.3342836245338587,0.03347628608923214,1.9651985211647196,0.0,0.07729027599998517,0.0009388159942318453,0.06643165399964346,0.341631371999938,0.09004000799995993,0.1192388409999694,0.345006;0.341248;0.341631,0.090040;0.089630;0.090368,0.117716;0.119239;0.119868,,threading,2026-10-03T12:41:44+00:00
L4-00798,L4,n2-standard-4,Linux,6.1.0-53-cloud-amd64,x86_64,Intel(R) Xeon(R) CPU @ 2.80GHz,intel,4,2,2800,16.8,3.14.6,CPython,1,forkserver,2.5.3,text,text_split_count,1,1530,0.0,ms,normal,65,1552,4,2,1,1,0,0,0.0001803833124540688,1.0,0.09928954059679093,0.019309228114227844,0.880256619726102,0.0,0.006420125000659027,0.0002640330012582126,0.076364139999896,0.011589523000111512,0.01208132800002204,0.013062893000096665,0.011559;0.011837;0.011590,0.012162;0.011888;0.012081,0.013875;0.013063;0.008607,,sequential,2026-10-03T12:41:44+00:00
L4-00799,L4,n2-standard-4,Linux,6.1.0-53-cloud-amd64,x86_64,Intel(R) Xeon(R) CPU @ 2.80GHz,intel,4,2,2800,16.8,3.14.6,CPython,1,forkserver,2.5.3,text,text_csv_parse,1,1272,0.8,ms,normal,8,1294,4,4,2,3,0,0,0.0020318540000516805,1.0,0.18013442818861375,0.004239149659932931,0.9038624099863548,0.0,0.013236227000561485,0.0008615340002506855,0.06643165399964346,0.015561234000415425,0.016339719999450608,0.009532422999654955,0.015561;0.015806;0.015352,0.016340;0.015974;0.016396,0.009532;0.015870;0.009158,,multiprocessing,2026-10-03T12:41:45+00:00
L4-00800,L4,n2-standard-4,Linux,6.1.0-53-cloud-amd64,x86_64,Intel(R) Xeon(R) CPU @ 2.80GHz,intel,4,2,2800,16.8,3.14.6,CPython,1,forkserver,2.5.3,recursive,rec_fib,133466,37,0.3,seconds,normal,32,59,4,2,0,4,0,0,0.0098518891668391,0.9999799065196125,0.20554017374780065,0.0007421757661686173,1.2203727348251485,0.0,0.1112007440005982,0.0007675549995838082,0.076364139999896,0.2991568280003776,0.3029286829996636,0.15725345099963306,0.299150;0.299157;0.300048,0.303278;0.302899;0.302929,0.157253;0.159735;0.155690,,multiprocessing,2026-10-03T12:41:48+00:00
L4-00801,L4,n2-standard-4,Linux,6.1.0-53-cloud-amd64,x86_64,Intel(R) Xeon(R) CPU @ 2.80GHz,intel,4,2,2800,16.8,3.14.6,CPython,1,forkserver,2.5.3,cpu,cpu_count_primes,520,1808894,0.3,seconds,big,110,1808917,4,2,2,4,0,0,0.00012817874068315614,1.0,0.2556764400937194,3.156829656969387,0.9067999285295003,0.0,0.015741119999802322,0.00839176900080929,0.076364139999896,0.013859413000318455,0.01425197600019601,0.16870912699960172,0.013706;0.013911;0.013859,0.014260;0.014252;0.014173,0.168709,,sequential,2026-10-03T12:41:49+00:00
L4-00802,L4,n2-standard-4,Linux,6.1.0-53-cloud-amd64,x86_64,Intel(R) Xeon(R) CPU @ 2.80GHz,intel,4,2,2800,16.8,3.14.6,CPython,1,forkserver,2.5.3,tiny,tiny_len,89,486324,0.8,ms,big,411,486346,4,2,0,0,0,0,4.2002945038428365e-07,1.0,0.35502738744066814,234.35475744145998,0.10574191948393644,0.0,0.002874738000173238,0.0023385049962598714,0.076364139999896,7.93330000306014e-05,0.0005501300001924392,0.20010305200048606,0.000147;0.000079;0.000029,0.000606;0.000495,0.200103,,sequential,2026-10-03T12:41:51+00:00
L4-00803,L4,n2-standard-4,Linux,6.1.0-53-cloud-amd64,x86_64,Intel(R) Xeon(R) CPU @ 2.80GHz,intel,4,2,2800,16.8,3.14.6,CPython,1,forkserver,2.5.3,big_payload,big_checksum_head,518,1105107,0.0,ms,big,180,1105130,4,2,1,1,0,0,1.4699022156289882e-05,1.0,0.26033866095057046,15.202072457285142,0.6249479745709395,1.0,0.006613920999370748,0.0047763130023668054,0.076364139999896,0.002460725000673847,0.0028932879995409166,0.1692181589996835,0.002468;0.002461;0.002381,0.002982;0.002787;0.002893,0.169218,,sequential,2026-10-03T12:41:52+00:00
L4-00804,L4,n2-standard-4,Linux,6.1.0-53-cloud-amd64,x86_64,Intel(R) Xeon(R) CPU @ 2.80GHz,intel,4,2,2800,16.8,3.14.6,CPython,1,forkserver,2.5.3,recursive,rec_tree_sum,33146,1035,0.3,ms,normal,8,1058,4,4,0,4,0,0,0.01682617899981172,0.9996507888448422,0.2817065265153152,0.0007182854656583616,0.9409884753473948,0.0,0.11511033100032364,0.00023358500038739294,0.06643165399964346,0.13264215900017007,0.1629837860000407,0.07385566900029517,0.132642;0.144942;0.129552,0.162984;0.160393;0.172254,0.073856;0.072767;0.080173,,multiprocessing,2026-10-03T12:41:54+00:00
L4-00805,L4,n2-standard-4,Linux,6.1.0-53-cloud-amd64,x86_64,Intel(R) Xeon(R) CPU @ 2.80GHz,intel,4,2,2800,16.8,3.14.6,CPython,1,forkserver,2.5.3,numpy,np_sort,5630,744,0.0,ms,normal,1148,767,4,2,0,3,0,1,0.00013798346688303868,1.0,0.13783430221616583,0.036508358406361796,1.6023556872553233,0.0,0.06606308000027639,0.0016384790051233722,0.076364139999896,0.15406834299938055,0.1077554000003147,0.08794085900080972,0.154068;0.153780;0.154252,0.107755;0.104255;0.110286,0.093242;0.087941;0.087474,,multiprocessing,2026-10-03T12:41:56+00:00
L4-00806,L4,n2-standard-4,Linux,6.1.0-53-cloud-amd64,x86_64,Intel(R) Xeon(R) CPU @ 2.80GHz,intel,4,2,2800,16.8,3.14.6,CPython,1,forkserver,2.5.3,gil_release,gil_sha256,43,19655,0.3,ms,normal,9,19677,4,2,1,1,0,1,0.0016920170000958024,1.0,0.11139695340229794,0.008315716413412402,0.9409284072585676,0.0,0.010372963000008895,0.00024028499956330052,0.076364139999896,0.018612722999932885,0.011077078000198526,0.01280041500012885,0.018507;0.018634;0.018613,0.011077;0.011105;0.011034,0.013696;0.012800;0.012656,,threading,2026-10-03T12:41:56+00:00
L4-00807,L4,n2-standard-4,Linux,6.1.0-53-cloud-amd64,x86_64,Intel(R) Xeon(R) CPU @ 2.80GHz,intel,4,2,2800,16.8,3.14.6,CPython,1,forkserver,2.5.3,big_payload,big_reverse,3,684541,0.8,seconds,big,292,684563,4,2,0,0,0,0,0.0006403287944609375,0.9999928682466646,0.080107165721554,0.44635701618374557,0.9606859832192327,0.0,0.10200459600036993,0.006167388004541863,0.076364139999896,0.18733018500006438,0.13263681100033864,1.5339337579998755,0.194688;0.187330;0.184151,0.127732;0.137631;0.132637,1.533934,,threading,2026-10-03T12:42:00+00:00
L4-00808,L4,n2-standard-4,Linux,6.1.0-53-cloud-amd64,x86_64,Intel(R) Xeon(R) CPU @ 2.80GHz,intel,4,2,2800,16.8,3.14.6,CPython,1,forkserver,2.5.3,algo_iter,algo_game_of_life,6,86,0.3,ms,normal,8,105,4,8,5,9,0,0,0.00830642499992488,0.9994392147855419,0.1373201580502756,0.006781938895095337,0.9508613356448772,0.0,0.05049501200028317,0.0015025930006231647,0.10822929000005388,0.06019515499974659,0.06184173500059842,0.03404776900060824,0.060116;0.060195;0.060281,0.061863;0.061842;0.061610,0.038105;0.034048;0.033445,,multiprocessing,2026-10-03T12:42:01+00:00
L4-00809,L4,n2-standard-4,Linux,6.1.0-53-cloud-amd64,x86_64,Intel(R) Xeon(R) CPU @ 2.80GHz,intel,4,2,2800,16.8,3.14.6,CPython,1,forkserver,2.5.3,algo_rec,algo_flood_fill,5,917,0.3,seconds,normal,179,939,4,4,3,10,0,0,0.0017941451786295407,0.9999697177594823,0.3059897699792828,0.001970910730456608,1.1038383057361014,0.0,0.09850706900033401,0.0013583079980890034,0.06643165399964346,0.3134946439995474,0.3204561370002921,0.1710764500003279,0.313343;0.320897;0.313495,0.318716;0.320598;0.320456,0.172940;0.171076;0.170751,,multiprocessing,2026-10-03T12:42:04+00:00
L4-00810,L4,n2-standard-4,Linux,6.1.0-53-cloud-amd64,x86_64,Intel(R) Xeon(R) CPU @ 2.80GHz,intel,4,2,2800,16.8,3.14.6,CPython,1,forkserver,2.5.3,text,text_format_report,8379,45,0.8,ms,normal,8,65,4,8,1,2,0,0,0.01262990700009444,0.9999997361224319,0.3122113456395908,0.0007608923987907707,1.5964860472386835,0.0,0.06625015200006601,0.00022080999951867852,0.10822929000005388,0.08758363800006919,0.09099143000003096,0.049904004000381974,0.087584;0.088003;0.087204,0.091018;0.090991;0.088958,0.050186;0.044826;0.049904,,multiprocessing,2026-10-03T12:42:05+00:00
L4-00811,L4,n2-standard-4,Linux,6.1.0-53-cloud-amd64,x86_64,Intel(R) Xeon(R) CPU @ 2.80GHz,intel,4,2,2800,16.8,3.14.6,CPython,1,forkserver,2.5.3,algo_iter,algo_dijkstra,3873,630989,0.8,seconds,big,39,631012,4,4,2,15,0,0,0.00845414500008701,0.9999827144130945,0.6268690970229578,0.01773406220891351,0.6471574060848063,0.0,0.13511622100031673,0.0022770349996790173,0.06643165399964346,0.4072694340002272,0.46661823599970376,0.2229745679996995,0.415509;0.406953;0.407269,0.459806;0.467679;0.466618,0.238056;0.217126;0.222975,,multiprocessing,2026-10-03T12:42:09+00:00
L4-00812,L4,n2-standard-4,Linux,6.1.0-53-cloud-amd64,x86_64,Intel(R) Xeon(R) CPU @ 2.80GHz,intel,4,2,2800,16.8,3.14.6,CPython,1,forkserver,2.5.3,mixed,mixed_parse_lines,29,158148,0.3,seconds,big,24,158170,4,4,2,3,1,0,0.21735006966658452,0.9982008120122132,0.06880756593416401,0.0002010627361802966,1.107577199218026,0.0,1.2228168550000191,0.00033220899968000595,0.06643165399964346,4.873569561000295,5.057577186000344,2.6144161120000717,4.863769;4.889346;4.873570,5.057577;5.067518;5.020505,2.614416;2.619870;2.584471,,multiprocessing,2026-10-03T12:42:49+00:00
L4-00813,L4,n2-standard-4,Linux,6.1.0-53-cloud-amd64,x86_64,Intel(R) Xeon(R) CPU @ 2.80GHz,intel,4,2,2800,16.8,3.14.6,CPython,1,forkserver,2.5.3,algo_rec,algo_merge_sort,313,1711594,0.0,ms,big,116,1711617,4,2,1,10,0,0,0.00046279955175374074,1.0,0.033577301398387674,0.7915599715175139,0.9564866083782498,0.0,0.03614912400007597,0.008668933998706052,0.076364139999896,0.052976936000050046,0.05513718800011702,0.17643344499992963,0.052838;0.052977;0.053330,0.054496;0.055137;0.055751,0.181336;0.176433;0.166610,,sequential,2026-10-03T12:42:51+00:00
L4-00814,L4,n2-standard-4,Linux,6.1.0-53-cloud-amd64,x86_64,Intel(R) Xeon(R) CPU @ 2.80GHz,intel,4,2,2800,16.8,3.14.6,CPython,1,forkserver,2.5.3,big_payload,big_count_byte,63,3680409,0.8,ms,big,49,3680431,4,4,0,1,0,0,0.005940358333342981,0.9999729661094799,0.004597166408961004,0.13232866146885136,0.9739854921443817,0.0,0.11602081399996678,0.007657772999664303,0.06643165399964346,0.29167855699961365,0.29537420900032885,0.21480438500020682,0.291679;0.292995;0.291646,0.295374;0.295371;0.296556,0.237095;0.213434;0.214804,,multiprocessing,2026-10-03T12:42:55+00:00
L4-00815,L4,n2-standard-4,Linux,6.1.0-53-cloud-amd64,x86_64,Intel(R) Xeon(R) CPU @ 2.80GHz,intel,4,2,2800,16.8,3.14.6,CPython,1,forkserver,2.5.3,big_payload,big_count_byte,4,194209,0.3,seconds,big,1029,194231,4,2,0,1,0,0,0.0003157846835326577,0.9999786799139676,0.04614751477860407,0.09927270580068016,0.9828764013320063,0.5,0.10201938699992752,0.0012209250016894657,0.076364139999896,0.32287212400024146,0.3289947809998921,0.2846598769992852,0.322872;0.322521;0.323301,0.328995;0.329128;0.328485,0.287937;0.284660;0.281965,,multiprocessing,2026-10-03T12:42:59+00:00
L4-00816,L4,n2-standard-4,Linux,6.1.0-53-cloud-amd64,x86_64,Intel(R) Xeon(R) CPU @ 2.80GHz,intel,4,2,2800,16.8,3.14.6,CPython,1,forkserver,2.5.3,mixed,mixed_parse_lines,2,920,0.3,ms,normal,439,942,4,2,2,3,1,0,0.0001645134678656511,0.5628978186613848,0.13537984285355611,0.021675125463813442,1.6539339272519737,0.0,0.02938147199984087,0.0005064110027888091,0.076364139999896,0.07024848800028849,0.042471404999560036,0.04994041999998444,0.070147;0.070248;0.070409,0.042471;0.042319;0.042570,0.052315;0.049940;0.037949,,threading,2026-10-03T12:43:00+00:00
L4-00817,L4,n2-standard-4,Linux,6.1.0-53-cloud-amd64,x86_64,Intel(R) Xeon(R) CPU @ 2.80GHz,intel,4,2,2800,16.8,3.14.6,CPython,1,forkserver,2.5.3,numpy,np_linalg_solve,35,149527,0.3,ms,big,538,149549,4,4,0,3,0,1,0.00026036842537131865,1.0,0.1649463491872062,0.11339239721737678,1.7684380101056325,0.0,0.056470286999683594,0.0019379089999347343,0.06643165399964346,0.13326628600043477,0.12246967500050232,0.12093580399960047,0.132874;0.135311;0.133266,0.123009;0.122470;0.121194,0.182165;0.113147;0.120936,,multiprocessing,2026-10-03T12:43:02+00:00
L4-00818,L4,n2-standard-4,Linux,6.1.0-53-cloud-amd64,x86_64,Intel(R) Xeon(R) CPU @ 2.80GHz,intel,4,2,2800,16.8,3.14.6,CPython,1,forkserver,2.5.3,algo_iter,algo_game_of_life,2,465,0.0,ms,normal,8,487,4,4,5,9,0,0,0.0029169129999597012,0.9984986374412669,0.005112919559536703,0.020359766172391543,0.9385042247205336,0.0,0.0185049589999835,0.00035147800008417107,0.06643165399964346,0.0232128500001636,0.024011602999962633,0.015950341999996454,0.023109;0.023213;0.023304,0.024012;0.024035;0.023988,0.012743;0.015950;0.016854,,multiprocessing,2026-10-03T12:43:03+00:00
L4-00819,L4,n2-standard-4,Linux,6.1.0-53-cloud-amd64,x86_64,Intel(R) Xeon(R) CPU @ 2.80GHz,intel,4,2,2800,16.8,3.14.6,CPython,1,forkserver,2.5.3,mixed,mixed_parse_lines,20,11926,0.8,seconds,normal,31,11948,4,8,2,3,1,0,0.009693795333229597,0.9751515573365298,0.3812943368339016,0.0009392605786754315,0.9146154161921654,0.0,0.12762576499972056,0.0002898519996961113,0.10822929000005388,0.32214718900013395,0.32783810700038885,0.1794965859999138,0.322368;0.322147;0.321818,0.327856;0.326945;0.327838,0.177884;0.179497;0.183181,,multiprocessing,2026-10-03T12:43:06+00:00
L4-00820,L4,n2-standard-4,Linux,6.1.0-53-cloud-amd64,x86_64,Intel(R) Xeon(R) CPU @ 2.80GHz,intel,4,2,2800,16.8,3.14.6,CPython,1,forkserver,2.5.3,big_result,result_records,4702,1056607,0.3,seconds,big,189,1056630,4,4,1,2,0,0,0.0021590740417044194,0.9999659972966817,0.37685279294129964,1.6206534757285278,0.9071673806622589,0.0,0.1807324809997226,0.07078165599887143,0.06643165399964346,0.6917799520006156,0.6996193650002169,0.9476339129996632,0.691780;0.673506;0.745373,0.753174;0.699619;0.649026,0.957724;0.868607;0.947634,,sequential,2026-10-03T12:43:14+00:00
L4-00821,L4,n2-standard-4,Linux,6.1.0-53-cloud-amd64,x86_64,Intel(R) Xeon(R) CPU @ 2.80GHz,intel,4,2,2800,16.8,3.14.6,CPython,1,forkserver,2.5.3,algo_iter,algo_dijkstra,7112,26,0.8,seconds,normal,149,46,4,2,2,15,0,0,0.031032811666591442,0.9999534619219259,0.6508826610700069,0.0003099192806356733,1.687871781727936,0.0,0.16026311099994928,0.0002238810002381797,0.076364139999896,3.107440179999685,3.374841727000785,1.5695146699999896,3.069057;3.107440;3.196428,3.382533;3.365733;3.374842,1.569515;1.566232;1.572598,,multiprocessing,2026-10-03T12:43:39+00:00
L4-00822,L4,n2-standard-4,Linux,6.1.0-53-cloud-amd64,x86_64,Intel(R) Xeon(R) CPU @ 2.80GHz,intel,4,2,2800,16.8,3.14.6,CPython,1,forkserver,2.5.3,big_payload,big_upper_copy,2,377026,0.0,ms,big,223,377048,4,8,0,0,0,0,0.00017675794548598458,1.0,0.05199965320233356,0.7617668879785562,0.7841332915428968,0.0,0.02528816900030506,0.0030736859980606823,0.10822929000005388,0.03907134499968379,0.0413023119999707,0.6711055959995065,0.039071;0.039147;0.038795,0.041089;0.041302;0.042017,0.671106,,sequential,2026-10-03T12:43:41+00:00
L4-00823,L4,n2-standard-4,Linux,6.1.0-53-cloud-amd64,x86_64,Intel(R) Xeon(R) CPU @ 2.80GHz,intel,4,2,2800,16.8,3.14.6,CPython,1,forkserver,2.5.3,cpu,cpu_count_primes,207,337,0.0,seconds,normal,51544,359,4,8,2,4,0,0,3.570704977843336e-05,1.0,0.04904926179309674,0.092714185250058,0.9776977436006425,0.0,0.10320525299994188,0.0024631010064695147,0.10822929000005388,1.8421093739998469,1.875520859000062,0.9883170289995178,1.842854;1.842109;1.838398,1.878724;1.875521;1.875017,0.997009;0.985303;0.988317,,multiprocessing,2026-10-03T12:43:56+00:00
L4-00824,L4,n2-standard-4,Linux,6.1.0-53-cloud-amd64,x86_64,Intel(R) Xeon(R) CPU @ 2.80GHz,intel,4,2,2800,16.8,3.14.6,CPython,1,forkserver,2.5.3,algo_rec,algo_sudoku,14,1087102,0.3,ms,big,34,1087124,4,4,3,28,0,0,0.0159843271662794,0.9999024130345834,0.9998799413766329,0.0159778699100287,2.346221001098159,1.0,0.14464853899971786,0.0034043870018649613,0.06643165399964346,0.41135930200016446,0.41749520800021855,0.2519823400007226,0.409555;0.411359;0.411737,0.417495;0.419180;0.416329,0.251982;0.261635;0.243643,,multiprocessing,2026-10-03T12:44:00+00:00
L4-00825,L4,n2-standard-4,Linux,6.1.0-53-cloud-amd64,x86_64,Intel(R) Xeon(R) CPU @ 2.80GHz,intel,4,2,2800,16.8,3.14.6,CPython,1,forkserver,2.5.3,big_payload,big_checksum_head,366,796725,0.8,ms,big,251,796747.65,4,8,1,1,0,0,9.812935507896679e-06,1.0,0.47787490653033515,16.90168553554266,0.6168913671881077,0.0,0.005329538999831129,0.0036566639982993365,0.10822929000005388,0.002398626999820408,0.002887523000026704,0.16837053499966714,0.002399;0.002367;0.002402,0.002951;0.002888;0.002781,0.168371,,sequential,2026-10-03T12:44:01+00:00
L4-00826,L4,n2-standard-4,Linux,6.1.0-53-cloud-amd64,x86_64,Intel(R) Xeon(R) CPU @ 2.80GHz,intel,4,2,2800,16.8,3.14.6,CPython,1,forkserver,2.5.3,algo_rec,algo_flood_fill,57,380,0.0,seconds,normal,27,402,4,4,3,10,0,0,0.018489949666521472,0.9997411016359413,0.15177322753885145,0.0005644147320767588,1.0007008429060344,0.0,0.1052803729999141,0.00021847900097782258,0.06643165399964346,0.5225763600001301,0.5346004530001665,0.27695901000060985,0.522576;0.524456;0.521565,0.533076;0.534600;0.534959,0.276959;0.276893;0.280451,,multiprocessing,2026-10-03T12:44:06+00:00
L4-00827,L4,n2-standard-4,Linux,6.1.0-53-cloud-amd64,x86_64,Intel(R) Xeon(R) CPU @ 2.80GHz,intel,4,2,2800,16.8,3.14.6,CPython,1,forkserver,2.5.3,algo_rec,algo_flood_fill,7,83,0.3,ms,normal,27,102,4,4,3,10,0,0,0.0023195241669782263,1.0,0.2376084611140515,0.002643573853255969,1.3748023562430796,0.0,0.024250733999906515,0.0002350429986108793,0.06643165399964346,0.062289344999953755,0.06311258200003067,0.03468575700026122,0.062289;0.062099;0.063116,0.063271;0.063093;0.063113,0.033992;0.034686;0.034898,,multiprocessing,2026-10-03T12:44:07+00:00
L4-00828,L4,n2-standard-4,Linux,6.1.0-53-cloud-amd64,x86_64,Intel(R) Xeon(R) CPU @ 2.80GHz,intel,4,2,2800,16.8,3.14.6,CPython,1,forkserver,2.5.3,text,text_csv_parse,14,265,0.0,ms,normal,12,287,4,2,2,3,0,0,0.00220130166690069,1.0,0.022921275706956977,0.0034282747370114066,0.9221833027159653,0.0,0.013926177000030293,0.00021112599915795727,0.076364139999896,0.026428054999996675,0.026501371999984258,0.01434177000010095,0.026428;0.026476;0.025712,0.026501;0.027399;0.026448,0.014342;0.019151;0.014298,,multiprocessing,2026-10-03T12:44:08+00:00
L4-00829,L4,n2-standard-4,Linux,6.1.0-53-cloud-amd64,x86_64,Intel(R) Xeon(R) CPU @ 2.80GHz,intel,4,2,2800,16.8,3.14.6,CPython,1,forkserver,2.5.3,numpy,np_fft,270798,1337494,0.8,seconds,big,23,1337528,4,8,0,0,0,1,0.057686285666932235,0.9999043348896428,0.26528917106479594,0.0063295229099230264,1.8586079005531508,0.0,0.25671920600052545,0.0018451590003678575,0.10822929000005388,0.9245867079998789,0.6131314909998764,0.6427669819995572,0.926758;0.924587;0.916326,0.570138;0.613131;0.616821,0.789332;0.636753;0.642767,,threading,2026-10-03T12:44:15+00:00
L4-00830,L4,n2-standard-4,Linux,6.1.0-53-cloud-amd64,x86_64,Intel(R) Xeon(R) CPU @ 2.80GHz,intel,4,2,2800,16.8,3.14.6,CPython,1,forkserver,2.5.3,io,io_sleep_chunks,9266,181,0.0,ms,normal,14,201,4,4,1,1,1,0,0.009579016666672638,0.00704979324765134,0.0032455528877750554,0.0012398976294863448,1.485163229276881,0.0,0.04840707799939992,0.00022590699882130139,0.06643165399964346,0.13407121399995958,0.03890151999985392,0.03944327199951658,0.134235;0.134071;0.133819,0.038793;0.038902;0.039037,0.041241;0.039443;0.039011,,threading,2026-10-03T12:44:16+00:00
L4-00831,L4,n2-standard-4,Linux,6.1.0-53-cloud-amd64,x86_64,Intel(R) Xeon(R) CPU @ 2.80GHz,intel,4,2,2800,16.8,3.14.6,CPython,1,forkserver,2.5.3,algo_rec,algo_lcs_memo,4,1476,0.8,seconds,normal,40,1498,4,4,1,10,0,0,0.007440687571423561,0.9999593822294228,0.6233733784609984,0.0007720484388903643,0.5912210120087125,0.0,0.122093255999971,0.0015437290003319504,0.06643165399964346,0.4304513350007255,0.4473014750001312,0.23142568500043126,0.425249;0.431777;0.430451,0.447301;0.447029;0.447651,0.234587;0.228289;0.231426,,multiprocessing,2026-10-03T12:44:20+00:00
L4-00832,L4,n2-standard-4,Linux,6.1.0-53-cloud-amd64,x86_64,Intel(R) Xeon(R) CPU @ 2.80GHz,intel,4,2,2800,16.8,3.14.6,CPython,1,forkserver,2.5.3,io,io_sleep,7565,32,0.0,seconds,normal,39,52,4,2,0,1,1,0,0.007642873142945713,0.002443753047458372,0.0008545520888263281,0.000814016997844979,1.733606576855086,0.0,0.08471173599991744,0.00027146399861521786,0.076364139999896,0.2984369740006514,0.15345942200019635,0.15411484200012637,0.298404;0.298462;0.298437,0.153490;0.153352;0.153459,0.154115;0.154649;0.154059,,threading,2026-10-03T12:44:23+00:00
L4-00833,L4,n2-standard-4,Linux,6.1.0-53-cloud-amd64,x86_64,Intel(R) Xeon(R) CPU @ 2.80GHz,intel,4,2,2800,16.8,3.14.6,CPython,1,forkserver,2.5.3,mixed,mixed_parse_lines,76,502,0.8,seconds,normal,331,524,4,4,2,3,1,0,0.002519869750040016,0.6650924001491226,0.4033703433720142,0.00154250034474965,1.3589250828583415,0.0,0.08666216200072085,0.0003485289998934604,0.06643165399964346,0.8243493270001636,0.5572302079999645,0.3203957129999253,0.825254;0.824349;0.815129,0.558999;0.557137;0.557230,0.318287;0.320396;0.324480,,multiprocessing,2026-10-03T12:44:29+00:00
L4-00834,L4,n2-standard-4,Linux,6.1.0-53-cloud-amd64,x86_64,Intel(R) Xeon(R) CPU @ 2.80GHz,intel,4,2,2800,16.8,3.14.6,CPython,1,forkserver,2.5.3,io,io_sleep_return_payload,440,5236,0.0,seconds,normal,8816,5259,4,2,0,1,1,0,0.0005024292299640365,0.01580834511093061,0.01862728490796181,0.010065397707852992,1.9333894705738945,0.0,0.07728145099918038,0.0009483540025030379,0.076364139999896,4.469775269999445,2.2603484880000906,2.668906416000027,4.459615;4.469775;4.491718,2.260348;2.264044;2.256992,2.668906;2.675371;2.484754,,threading,2026-10-03T12:44:57+00:00
L4-00835,L4,n2-standard-4,Linux,6.1.0-53-cloud-amd64,x86_64,Intel(R) Xeon(R) CPU @ 2.80GHz,intel,4,2,2800,16.8,3.14.6,CPython,1,forkserver,2.5.3,cpu,cpu_matmul_lists,6,1435,0.3,seconds,normal,90204,1457,4,2,3,5,0,0,1.8278831017141782e-05,0.9999729058056076,0.45243215020425537,0.21327950921362043,0.9893117726480811,1.0,0.0772864179998578,0.0029249199651530944,0.076364139999896,1.6346443259999432,1.6450430750001033,0.9525280589996328,1.621309;1.634644;1.640114,1.648192;1.645043;1.637089,0.954931;0.952528;0.941499,,multiprocessing,2026-10-03T12:45:11+00:00
L4-00836,L4,n2-standard-4,Linux,6.1.0-53-cloud-amd64,x86_64,Intel(R) Xeon(R) CPU @ 2.80GHz,intel,4,2,2800,16.8,3.14.6,CPython,1,forkserver,2.5.3,big_result,result_sorted_pairs,1618,872,0.3,seconds,normal,5439,895,4,2,1,4,0,0,0.0007305642318475504,0.9999578254336601,0.23144261577983505,0.5157255634546515,0.9838254072403803,0.0,0.11003789699952904,0.00840100600180449,0.076364139999896,4.652069714999925,4.826742924000428,5.337838208999528,4.747705;4.652070;4.628652,4.826743;4.861207;4.797254,5.337838;5.168357;5.422257,,sequential,2026-10-03T12:45:56+00:00
L4-00837,L4,n2-standard-4,Linux,6.1.0-53-cloud-amd64,x86_64,Intel(R) Xeon(R) CPU @ 2.80GHz,intel,4,2,2800,16.8,3.14.6,CPython,1,forkserver,2.5.3,big_payload,big_checksum_head,3458,2509896,0.0,ms,big,79,2509919,4,2,1,1,0,0,9.147789464087079e-05,1.0,0.10889729740998193,5.867639009060855,0.8187482807001615,0.0,0.014444266000282369,0.010512410001865646,0.076364139999896,0.007022909000625077,0.007617278999532573,0.174167787999977,0.007020;0.007023;0.007080,0.007673;0.007617;0.007430,0.174168,,sequential,2026-10-03T12:45:57+00:00
L4-00838,L4,n2-standard-4,Linux,6.1.0-53-cloud-amd64,x86_64,Intel(R) Xeon(R) CPU @ 2.80GHz,intel,4,2,2800,16.8,3.14.6,CPython,1,forkserver,2.5.3,text,text_regex_findall,40,113,0.0,ms,normal,295,132,4,2,1,1,0,0,0.0002725879589203555,1.0,0.07333765017313253,0.012292362361965172,0.9506393881439266,0.0,0.041788663000261295,0.0008656159989186563,0.076364139999896,0.07979928300028405,0.07964193799944042,0.042760268000165524,0.080282;0.079799;0.079776,0.079331;0.079642;0.079701,0.042760;0.047356;0.041463,,multiprocessing,2026-10-03T12:45:59+00:00
L4-00839,L4,n2-standard-4,Linux,6.1.0-53-cloud-amd64,x86_64,Intel(R) Xeon(R) CPU @ 2.80GHz,intel,4,2,2800,16.8,3.14.6,CPython,1,forkserver,2.5.3,tiny,tiny_dict_lookup,53,55,0.3,ms,normal,30873,74,4,8,0,1,0,0,2.2920900482858996e-07,1.0,2.270794410339191,13.853295086113029,0.4780283575915752,0.0,0.0048690590001569944,0.0026615619908625376,0.10822929000005388,0.005226126999332337,0.007060306999846944,0.01953020800010563,0.005226;0.004808;0.005403,0.007060;0.006628;0.007224,0.019530;0.021644;0.019421,,sequential,2026-10-03T12:45:59+00:00
L4-00840,L4,n2-standard-4,Linux,6.1.0-53-cloud-amd64,x86_64,Intel(R) Xeon(R) CPU @ 2.80GHz,intel,4,2,2800,16.8,3.14.6,CPython,1,forkserver,2.5.3,big_result,result_matrix_lists,117,107,0.8,ms,normal,37,126,4,2,2,5,0,0,0.0016870492224067373,1.0,0.5414262051547604,0.23931824952077427,0.8367882065895629,0.5,0.03840887200021825,0.003857678998429037,0.076364139999896,0.06389578899961634,0.06585529699987092,0.05472671200004697,0.063896;0.064120;0.063605,0.065855;0.080560;0.065078,0.054727;0.052646;0.058140,,multiprocessing,2026-10-03T12:46:00+00:00
L4-00841,L4,n2-standard-4,Linux,6.1.0-53-cloud-amd64,x86_64,Intel(R) Xeon(R) CPU @ 2.80GHz,intel,4,2,2800,16.8,3.14.6,CPython,1,forkserver,2.5.3,algo_rec,algo_merge_sort,690,17,0.0,ms,normal,193,37,4,8,1,10,0,0,0.0010735007020791292,0.9999602425465468,0.014783592145614168,0.033098441325882674,0.9643569643107952,0.0,0.10382994800056622,0.0010288340026818332,0.10822929000005388,0.20903757199994288,0.21795046599982015,0.11825716699968325,0.208971;0.209853;0.209038,0.217827;0.220127;0.217950,0.118257;0.118449;0.116449,,multiprocessing,2026-10-03T12:46:03+00:00
L4-00842,L4,n2-standard-4,Linux,6.1.0-53-cloud-amd64,x86_64,Intel(R) Xeon(R) CPU @ 2.80GHz,intel,4,2,2800,16.8,3.14.6,CPython,1,forkserver,2.5.3,algo_iter,algo_game_of_life,6,167020,0.3,ms,big,12,167042,4,8,5,9,0,0,0.006080362333098795,1.0,0.10446036559999232,0.01687119847409242,0.7039854646470426,0.0,0.04279088800012687,0.0004891520011369721,0.10822929000005388,0.08780202500020096,0.08980507199976273,0.053190872999948624,0.087603;0.087802;0.087984,0.089805;0.090916;0.089378,0.059283;0.053191;0.052064,,multiprocessing,2026-10-03T12:46:04+00:00
L4-00843,L4,n2-standard-4,Linux,6.1.0-53-cloud-amd64,x86_64,Intel(R) Xeon(R) CPU @ 2.80GHz,intel,4,2,2800,16.8,3.14.6,CPython,1,forkserver,2.5.3,cpu,cpu_collatz,40,157,0.3,ms,normal,481,176,4,4,2,5,0,0,5.3619716671467664e-05,1.0,0.30066361388313595,0.06584145111245755,0.9418026452659161,0.0,0.014380286000232445,0.0010082559992952156,0.06643165399964346,0.025710322999657365,0.02674778700020397,0.019288441999378847,0.025699;0.025870;0.025710,0.026807;0.026748;0.026481,0.019288;0.013772;0.019508,,multiprocessing,2026-10-03T12:46:05+00:00
L4-00844,L4,n2-standard-4,Linux,6.1.0-53-cloud-amd64,x86_64,Intel(R) Xeon(R) CPU @ 2.80GHz,intel,4,2,2800,16.8,3.14.6,CPython,1,forkserver,2.5.3,gil_release,gil_sha256,11,37146,0.8,ms,normal,34,37168,4,2,1,1,0,1,0.000998616125002627,1.0,0.4844469215137701,0.012011372149138262,2.123232177078336,0.0,0.011728378000043449,0.00031761100035510026,0.076364139999896,0.02683509599955869,0.015084077999745205,0.024430039999970177,0.026941;0.026803;0.026835,0.014966;0.015092;0.015084,0.024430;0.029767;0.020070,,threading,2026-10-03T12:46:05+00:00
L4-00845,L4,n2-standard-4,Linux,6.1.0-53-cloud-amd64,x86_64,Intel(R) Xeon(R) CPU @ 2.80GHz,intel,4,2,2800,16.8,3.14.6,CPython,1,forkserver,2.5.3,tiny,tiny_add,4,362,0.3,seconds,normal,200000,384,4,4,0,1,0,0,2.1003248593842727e-07,1.0,2.018669888264173,16.833586573635447,0.7031389235683716,0.0,0.004816977000700717,0.003052287028367573,0.06643165399964346,0.02697466799963877,0.02490397200017469,0.1560367359998054,0.027412;0.026932;0.026975,0.025408;0.024880;0.024904,0.156037,,threading,2026-10-03T12:46:07+00:00
L4-00846,L4,n2-standard-4,Linux,6.1.0-53-cloud-amd64,x86_64,Intel(R) Xeon(R) CPU @ 2.80GHz,intel,4,2,2800,16.8,3.14.6,CPython,1,forkserver,2.5.3,cpu,cpu_collatz,595,109,0.8,seconds,normal,821,128.95,4,2,2,5,0,0,0.0024295792857932006,0.9997574331835116,0.47101754629463083,0.0015389289350740234,1.1366729147922647,0.0,0.09693813300054899,0.00033450299906689906,0.076364139999896,1.9789890870006275,2.0015209780003715,1.0142118459998528,1.976548;1.979130;1.978989,2.001242;2.001521;2.002847,1.015180;1.014212;1.012724,,multiprocessing,2026-10-03T12:46:22+00:00
L4-00847,L4,n2-standard-4,Linux,6.1.0-53-cloud-amd64,x86_64,Intel(R) Xeon(R) CPU @ 2.80GHz,intel,4,2,2800,16.8,3.14.6,CPython,1,forkserver,2.5.3,db,db_mem_insert_select,11,1075471,0.8,seconds,big,185,1075493,4,8,1,1,1,0,9.88388478024559e-05,0.9982556283921389,0.22090703399635517,2.178295830007558,0.6078894033447023,0.0,0.016531434999706107,0.004632466000657587,0.10822929000005388,0.017182155000227795,0.08878355500019097,0.1689722310002253,0.017182;0.017260;0.016884,0.088784,0.168972,,sequential,2026-10-03T12:46:24+00:00
L4-00848,L4,n2-standard-4,Linux,6.1.0-53-cloud-amd64,x86_64,Intel(R) Xeon(R) CPU @ 2.80GHz,intel,4,2,2800,16.8,3.14.6,CPython,1,forkserver,2.5.3,recursive,rec_nqueens,4,1082,0.8,ms,normal,53,1104,4,2,1,10,0,0,0.0006917942307084629,1.0,0.42970897741228525,0.005995669063053159,1.1624794862270316,0.0,0.0171675999999934,0.0002566480006862548,0.076364139999896,0.03312928100058343,0.03400805900037085,0.02118877100019745,0.032823;0.033530;0.033129,0.034109;0.033839;0.034008,0.021468;0.021189;0.019332,,multiprocessing,2026-10-03T12:46:24+00:00
L4-00849,L4,n2-standard-4,Linux,6.1.0-53-cloud-amd64,x86_64,Intel(R) Xeon(R) CPU @ 2.80GHz,intel,4,2,2800,16.8,3.14.6,CPython,1,forkserver,2.5.3,text,text_csv_parse,1,107007,0.3,seconds,big,18,107029,4,8,2,3,0,0,0.13190107900027215,0.9998865516416937,0.004471825190086767,0.00028992939472031337,1.0031803214143966,0.0,0.7895131739996941,0.00031218499862006865,0.10822929000005388,2.3637428370002453,2.4092091570000775,1.2385367229999247,2.362950;2.367033;2.363743,2.423262;2.404308;2.409209,1.213702;1.242602;1.238537,,multiprocessing,2026-10-03T12:46:44+00:00
L4-00850,L4,n2-standard-4,Linux,6.1.0-53-cloud-amd64,x86_64,Intel(R) Xeon(R) CPU @ 2.80GHz,intel,4,2,2800,16.8,3.14.6,CPython,1,forkserver,2.5.3,gil_release,gil_numpy_matmul,25,11024,0.8,ms,normal,2826,11046,4,4,0,2,0,1,2.1480369689206447e-05,1.0,0.24663286633141596,0.2926090188959634,0.5178378829683525,0.0,0.04622313199979544,0.0015875539984335774,0.06643165399964346,0.05888499799948477,0.17901810700004717,0.05393397500029096,0.058885;0.058083;0.060016,0.179018;0.180009;0.175652,0.056762;0.053744;0.053934,,multiprocessing,2026-10-03T12:46:45+00:00
L4-00851,L4,n2-standard-4,Linux,6.1.0-53-cloud-amd64,x86_64,Intel(R) Xeon(R) CPU @ 2.80GHz,intel,4,2,2800,16.8,3.14.6,CPython,1,forkserver,2.5.3,big_payload,big_reverse,1,395238,0.3,ms,big,506,395260,4,2,0,0,0,0,0.00024031501585514413,1.0,0.3075098300203778,0.6700423999181888,1.1722198013435612,0.0,0.060036496999600786,0.0037649700016118004,0.076364139999896,0.18433232699953805,0.14050948699969013,0.9747755770004005,0.194751;0.178712;0.184332,0.140525;0.140451;0.140509,0.974776,,threading,2026-10-03T12:46:49+00:00
L4-00852,L4,n2-standard-4,Linux,6.1.0-53-cloud-amd64,x86_64,Intel(R) Xeon(R) CPU @ 2.80GHz,intel,4,2,2800,16.8,3.14.6,CPython,1,forkserver,2.5.3,db,db_mem_insert_select,13,60,0.3,seconds,normal,15182,79,4,4,1,1,1,0,9.638993022715232e-05,0.9999703431645184,0.14977033040958437,0.03209723202001342,0.6496756776513087,0.0,0.12757423499988363,0.0012809030031348811,0.06643165399964346,1.4041169769998305,3.869132836999597,0.5927672170000733,1.404117;1.398388;1.406041,3.869133,0.593388;0.592766;0.592767,,multiprocessing,2026-10-03T12:46:59+00:00
L4-00853,L4,n2-standard-4,Linux,6.1.0-53-cloud-amd64,x86_64,Intel(R) Xeon(R) CPU @ 2.80GHz,intel,4,2,2800,16.8,3.14.6,CPython,1,forkserver,2.5.3,tiny,tiny_dict_lookup,505,41,0.0,ms,normal,200000,61,4,4,0,1,0,0,2.508885017959983e-07,1.0,0.9099360048583641,12.55478058069131,0.5966219972757774,0.0,0.004964230000041425,0.0027698529966073693,0.06643165399964346,0.03426052200029517,0.04174954300015088,0.0828165650000301,0.036351;0.034261;0.033626,0.043430;0.041750;0.041616,0.082817;0.088102;0.078155,,sequential,2026-10-03T12:47:00+00:00
L4-00854,L4,n2-standard-4,Linux,6.1.0-53-cloud-amd64,x86_64,Intel(R) Xeon(R) CPU @ 2.80GHz,intel,4,2,2800,16.8,3.14.6,CPython,1,forkserver,2.5.3,big_result,result_records,102,129,0.8,ms,normal,622,148,4,2,1,2,0,0,3.74205999774389e-05,1.0,0.729766646033164,1.286364998907436,0.3286765906711953,0.0,0.02485439900010533,0.0014605460037273588,0.076364139999896,0.029978330999256286,0.028388429000187898,0.05979079600001569,0.029978;0.043150;0.026047,0.028388;0.028867;0.027617,0.059791;0.074527;0.048358,,threading,2026-10-03T12:47:01+00:00
L4-00855,L4,n2-standard-4,Linux,6.1.0-53-cloud-amd64,x86_64,Intel(R) Xeon(R) CPU @ 2.80GHz,intel,4,2,2800,16.8,3.14.6,CPython,1,forkserver,2.5.3,mixed,mixed_compute_then_sleep,122904,1011,0.3,seconds,normal,169,1036,4,2,1,3,1,0,0.009507565166586573,0.6941421690360844,0.1203677085035613,0.0007756630073816274,1.370743443936386,0.5,0.09824367900000652,0.0002928809999502846,0.076364139999896,1.3938557599994965,1.006729472999723,0.7130435119997856,1.391896;1.395532;1.393856,1.007935;1.006729;1.001620,0.713044;0.711069;0.749389,,multiprocessing,2026-10-03T12:47:11+00:00
L4-00856,L4,n2-standard-4,Linux,6.1.0-53-cloud-amd64,x86_64,Intel(R) Xeon(R) CPU @ 2.80GHz,intel,4,2,2800,16.8,3.14.6,CPython,1,forkserver,2.5.3,algo_rec,algo_sudoku,2,277,0.3,seconds,normal,1137,299,4,4,3,28,0,0,0.0012507075499343045,0.9999410248937666,1.2586071578893783,0.00263842649391199,1.3664427044734802,0.0,0.08552987200073403,0.0003588390027289279,0.06643165399964346,1.6010278379999363,1.6313394329999937,0.8435082400001193,1.601028;1.590796;1.608495,1.631339;1.629327;1.632174,0.843508;0.842971;0.853711,,multiprocessing,2026-10-03T12:47:24+00:00
L4-00857,L4,n2-standard-4,Linux,6.1.0-53-cloud-amd64,x86_64,Intel(R) Xeon(R) CPU @ 2.80GHz,intel,4,2,2800,16.8,3.14.6,CPython,1,forkserver,2.5.3,gil_release,gil_numpy_matmul,59,14009,0.3,ms,normal,5135,14031,4,4,0,2,0,1,3.384017382060368e-05,0.9999900870053474,0.19628155382480755,0.19696116454624957,0.48389328423819217,0.0,0.13603080099983345,0.002475337987561943,0.06643165399964346,0.1708909790004327,0.4255961920007394,0.12648770999931003,0.170995;0.169618;0.170891,0.432917;0.421807;0.425596,0.126488;0.131058;0.126296,,multiprocessing,2026-10-03T12:47:27+00:00
L4-00858,L4,n2-standard-4,Linux,6.1.0-53-cloud-amd64,x86_64,Intel(R) Xeon(R) CPU @ 2.80GHz,intel,4,2,2800,16.8,3.14.6,CPython,1,forkserver,2.5.3,big_result,result_long_string,41081,1429,0.8,ms,normal,8,1453.3333333333333,4,8,1,1,0,0,0.014118954000271819,0.9996009497831626,0.5557380356734962,0.04298210289953875,0.7017944026056768,0.0,0.09318825699938316,0.0025073109982258757,0.10822929000005388,0.10882552899965958,0.11407805399994686,0.07953428699966025,0.109569;0.108067;0.108826,0.114078;0.112735;0.116159,0.074529;0.087799;0.079534,,multiprocessing,2026-10-03T12:47:29+00:00
L4-00859,L4,n2-standard-4,Linux,6.1.0-53-cloud-amd64,x86_64,Intel(R) Xeon(R) CPU @ 2.80GHz,intel,4,2,2800,16.8,3.14.6,CPython,1,forkserver,2.5.3,db,db_mem_group_by,284,393380,0.0,ms,big,154,393403,4,2,1,2,1,0,0.00040732149993441693,1.0,0.06646031795722362,0.1742282201592062,0.5345225293039919,0.0,0.04597600900069665,0.0017284890036535216,0.076364139999896,0.062007480999454856,0.09897460400043201,0.08173507100036659,0.061960;0.062007;0.062590,0.098975;0.114006;0.094344,0.083591;0.081735;0.075681,,sequential,2026-10-03T12:47:30+00:00
L4-00860,L4,n2-standard-4,Linux,6.1.0-53-cloud-amd64,x86_64,Intel(R) Xeon(R) CPU @ 2.80GHz,intel,4,2,2800,16.8,3.14.6,CPython,1,forkserver,2.5.3,text,text_csv_parse,16,784,0.8,seconds,normal,169,806,4,8,2,3,0,0,0.009592668666603762,0.9999683502288041,0.24729780404967114,0.0006116302714473493,1.63532515067874,0.5,0.0937824639995597,0.0002465170000505168,0.10822929000005388,1.2642547879995618,1.2888531700000385,0.6424152339995999,1.264255;1.260855;1.273853,1.288853;1.289346;1.284436,0.637014;0.642415;0.645389,,multiprocessing,2026-10-03T12:47:41+00:00
L4-00861,L4,n2-standard-4,Linux,6.1.0-53-cloud-amd64,x86_64,Intel(R) Xeon(R) CPU @ 2.80GHz,intel,4,2,2800,16.8,3.14.6,CPython,1,forkserver,2.5.3,gil_release,gil_numpy_matmul,115,2493,0.0,ms,normal,844,2515,4,4,0,2,0,1,9.705863979722867e-05,1.0,0.13567606858001743,0.048210547360909885,1.549982358731356,0.0,0.034620880000147736,0.0008691360035300022,0.06643165399964346,0.08557846799976687,0.09299823800029117,0.060268771000664856,0.086409;0.084695;0.085578,0.092944;0.092998;0.113142,0.052298;0.060269;0.071531,,multiprocessing,2026-10-03T12:47:42+00:00
L4-00862,L4,n2-standard-4,Linux,6.1.0-53-cloud-amd64,x86_64,Intel(R) Xeon(R) CPU @ 2.80GHz,intel,4,2,2800,16.8,3.14.6,CPython,1,forkserver,2.5.3,big_result,result_sorted_pairs,132,712,0.8,seconds,normal,54030,734,4,8,1,4,0,0,4.810851504296085e-05,0.9993562616659486,0.9479158326570045,0.5766266124087871,1.0763983871872755,24.3,0.09880367000005208,0.002663775991095463,0.10822929000005388,3.2784027229999992,3.4520466510002734,3.2256659900003797,3.278403;3.350835;3.230273,3.457747;3.330193;3.452047,3.232346;3.073811;3.225666,,multiprocessing,2026-10-03T12:48:12+00:00
L4-00863,L4,n2-standard-4,Linux,6.1.0-53-cloud-amd64,x86_64,Intel(R) Xeon(R) CPU @ 2.80GHz,intel,4,2,2800,16.8,3.14.6,CPython,1,forkserver,2.5.3,recursive,rec_quicksort,63,295,0.8,ms,normal,150,317,4,2,1,8,0,0,5.282151358040062e-05,1.0,0.46988656627381725,0.06301504862672418,0.809847819571888,0.0,0.005658604999553063,0.0011879139974553254,0.076364139999896,0.007503657000597741,0.008053407999796036,0.007126938000510563,0.007504;0.007476;0.007868,0.008250;0.008021;0.008053,0.005285;0.007127;0.007567,,multiprocessing,2026-10-03T12:48:13+00:00
L4-00864,L4,n2-standard-4,Linux,6.1.0-53-cloud-amd64,x86_64,Intel(R) Xeon(R) CPU @ 2.80GHz,intel,4,2,2800,16.8,3.14.6,CPython,1,forkserver,2.5.3,recursive,rec_nqueens,27,24,0.8,ms,normal,8,43,4,2,1,10,0,0,0.003998274666931441,1.0,0.44494807983939505,0.0023445945964830207,1.132475695623277,0.0,0.025144719000309124,0.00019134899957862217,0.076364139999896,0.03246695500001806,0.033069031999730214,0.02271087300050567,0.032144;0.032467;0.032496,0.033066;0.033069;0.033170,0.023553;0.022711;0.021965,,multiprocessing,2026-10-03T12:48:14+00:00
L4-00865,L4,n2-standard-4,Linux,6.1.0-53-cloud-amd64,x86_64,Intel(R) Xeon(R) CPU @ 2.80GHz,intel,4,2,2800,16.8,3.14.6,CPython,1,forkserver,2.5.3,big_payload,big_checksum_head,2029,2168884,0.3,ms,big,92,2168907,4,2,1,1,0,0,5.1468695821076046e-05,1.0,0.18314223106667382,9.992699286418517,0.7708156232339902,0.0,0.013386368999817932,0.010589947995867988,0.076364139999896,0.004721815999801038,0.005162022000149591,0.18086400300035166,0.004724;0.004717;0.004722,0.005162;0.005244;0.004968,0.180864,,sequential,2026-10-03T12:48:15+00:00
L4-00866,L4,n2-standard-4,Linux,6.1.0-53-cloud-amd64,x86_64,Intel(R) Xeon(R) CPU @ 2.80GHz,intel,4,2,2800,16.8,3.14.6,CPython,1,forkserver,2.5.3,text,text_regex_findall,21,242,0.8,seconds,normal,19729,261,4,2,1,1,0,0,0.0002928258011797348,0.9999429852113412,0.4420828442744355,0.012829128820706194,0.9229042001983953,0.0,0.10492142599923682,0.0006350529974952224,0.076364139999896,5.585061995000615,5.869894981000471,2.6942468020006345,5.585062;5.590624;5.582732,5.888238;5.869699;5.869895,2.694247;2.699513;2.681868,,multiprocessing,2026-10-03T12:48:58+00:00
L4-00867,L4,n2-standard-4,Linux,6.1.0-53-cloud-amd64,x86_64,Intel(R) Xeon(R) CPU @ 2.80GHz,intel,4,2,2800,16.8,3.14.6,CPython,1,forkserver,2.5.3,tiny,tiny_add,75,49,0.8,ms,normal,200000,68,4,4,0,1,0,0,1.4322601373351064e-07,1.0,2.8993785626967172,23.522613626382125,0.4934378766991148,0.0,0.0043646929998431006,0.0027215729724048288,0.06643165399964346,0.014721649000421166,0.020254345000466856,0.06894994499998575,0.014791;0.014622;0.014722,0.020471;0.020254;0.020129,0.068950;0.078991;0.066104,,sequential,2026-10-03T12:48:59+00:00
L4-00868,L4,n2-standard-4,Linux,6.1.0-53-cloud-amd64,x86_64,Intel(R) Xeon(R) CPU @ 2.80GHz,intel,4,2,2800,16.8,3.14.6,CPython,1,forkserver,2.5.3,io,io_sleep_return_payload,6697,13458,0.3,seconds,normal,213,13481,4,4,0,1,1,0,0.0067425063749624314,0.005348399915088669,0.17256690238335165,0.0016315520132779372,1.8012917702209774,0.0,0.08323108700005832,0.0003501600003801286,0.06643165399964346,1.460164002000056,0.3886534670000401,0.395440846999918,1.460055;1.460164;1.460531,0.388689;0.388569;0.388653,0.404092;0.395441;0.394797,,threading,2026-10-03T12:49:06+00:00
L4-00869,L4,n2-standard-4,Linux,6.1.0-53-cloud-amd64,x86_64,Intel(R) Xeon(R) CPU @ 2.80GHz,intel,4,2,2800,16.8,3.14.6,CPython,1,forkserver,2.5.3,numpy,np_fft,851560,5203,0.3,ms,normal,8,5228,4,4,0,0,0,1,0.1732480636665059,0.9998947416997901,0.23445774058051716,9.205682608191585e-05,1.4260739805338745,0.0,0.9171430100004727,0.00030802900164417224,0.06643165399964346,1.2988916350004729,0.7894469859993478,0.7917276960006348,1.298892;1.301909;1.286999,0.775007;0.789447;0.795806,0.791728;0.778372;0.797786,,threading,2026-10-03T12:49:17+00:00
L4-00870,L4,n2-standard-4,Linux,6.1.0-53-cloud-amd64,x86_64,Intel(R) Xeon(R) CPU @ 2.80GHz,intel,4,2,2800,16.8,3.14.6,CPython,1,forkserver,2.5.3,gil_release,gil_zlib,1,5008,0.0,ms,normal,316,5030,4,2,1,1,0,1,8.800103797177973e-05,1.0,0.06946002441120404,0.04899658208884165,1.7519720741770162,0.0,0.011836523000056332,0.0008333200003107777,0.076364139999896,0.027679074999468867,0.014661422999779461,0.018650472999979684,0.027711;0.027632;0.027679,0.020180;0.014650;0.014661,0.017398;0.018650;0.019837,,threading,2026-10-03T12:49:17+00:00
L4-00871,L4,n2-standard-4,Linux,6.1.0-53-cloud-amd64,x86_64,Intel(R) Xeon(R) CPU @ 2.80GHz,intel,4,2,2800,16.8,3.14.6,CPython,1,forkserver,2.5.3,algo_iter,algo_dijkstra,3661,289,0.3,seconds,normal,155,312,4,4,2,15,0,0,0.010487653999916802,1.0,0.15748230787293865,0.0007726036886807684,0.8741796709850884,0.0,0.1099391600000672,0.000247032000515901,0.06643165399964346,1.5833720810005616,1.7648426169998856,0.7633130220001476,1.583372;1.585227;1.581745,1.764843;1.769879;1.761535,0.763313;0.756999;0.774652,,multiprocessing,2026-10-03T12:49:30+00:00
L4-00872,L4,n2-standard-4,Linux,6.1.0-53-cloud-amd64,x86_64,Intel(R) Xeon(R) CPU @ 2.80GHz,intel,4,2,2800,16.8,3.14.6,CPython,1,forkserver,2.5.3,algo_rec,algo_sudoku,2,78,0.3,ms,normal,8,97,4,4,3,28,0,0,0.00042735866645671194,1.0,0.32582062002377,0.021560343323375104,0.5223918519108013,0.0,0.0035231219999332097,0.00020292600038374076,0.06643165399964346,0.0033897429993885453,0.003811036000115564,0.004240492999997514,0.003355;0.003390;0.003414,0.003842;0.003782;0.003811,0.004240;0.005292;0.003020,,sequential,2026-10-03T12:49:31+00:00
L4-00873,L4,n2-standard-4,Linux,6.1.0-53-cloud-amd64,x86_64,Intel(R) Xeon(R) CPU @ 2.80GHz,intel,4,2,2800,16.8,3.14.6,CPython,1,forkserver,2.5.3,algo_iter,algo_edit_distance,910,891937,0.8,seconds,big,224,891959.9,4,4,2,16,0,0,0.0010998050218048497,0.999996367111578,0.055158545521172504,0.17204854149127394,0.9772026079463192,1.0,0.10659832199962693,0.0041422049962420715,0.06643165399964346,0.2467265650002446,0.25119037100012065,0.2434185680003793,0.247355;0.246215;0.246727,0.251190;0.251535;0.250081,0.242259;0.243656;0.243419,,multiprocessing,2026-10-03T12:49:34+00:00
L4-00874,L4,n2-standard-4,Linux,6.1.0-53-cloud-amd64,x86_64,Intel(R) Xeon(R) CPU @ 2.80GHz,intel,4,2,2800,16.8,3.14.6,CPython,1,forkserver,2.5.3,big_result,result_records,6785,35,0.8,ms,normal,12,55,4,4,1,2,0,0,0.006033332000091225,1.0,0.8795489440504475,0.5840351566530967,3.044459852082419,0.0,0.03590415200051211,0.010766400000647991,0.06643165399964346,0.02695763499923487,0.02800133800064941,0.04679155800022272,0.027095;0.026851;0.026958,0.028001;0.043565;0.027148,0.046792;0.041482;0.049733,,sequential,2026-10-03T12:49:35+00:00
L4-00875,L4,n2-standard-4,Linux,6.1.0-53-cloud-amd64,x86_64,Intel(R) Xeon(R) CPU @ 2.80GHz,intel,4,2,2800,16.8,3.14.6,CPython,1,forkserver,2.5.3,big_result,result_sorted_pairs,5634,32,0.0,ms,normal,50,52,4,4,1,4,0,0,0.003979692833430211,0.9994498506873144,1.1934133478386777,0.4533661035966406,1.5799066728043003,0.0,0.10060971700022492,0.021917559998655634,0.06643165399964346,0.16339465900000505,0.16925691799951892,0.16684361300031014,0.167178;0.163395;0.160004,0.164314;0.169257;0.170480,0.158359;0.166945;0.166844,,sequential,2026-10-03T12:49:37+00:00
L4-00876,L4,n2-standard-4,Linux,6.1.0-53-cloud-amd64,x86_64,Intel(R) Xeon(R) CPU @ 2.80GHz,intel,4,2,2800,16.8,3.14.6,CPython,1,forkserver,2.5.3,gil_release,gil_numpy_matmul,221,74347,0.0,ms,normal,33,74369,4,4,0,2,0,1,0.0006702086249106287,1.0,0.1511951426630421,0.02971854485511138,1.3375315342307283,0.0,0.009673415999714052,0.0004361440005595796,0.06643165399964346,0.020078753999769106,0.011099512999862782,0.016787987000498106,0.020092;0.019816;0.020079,0.011295;0.011100;0.010938,0.016788;0.020585;0.013637,,threading,2026-10-03T12:49:38+00:00
L4-00877,L4,n2-standard-4,Linux,6.1.0-53-cloud-amd64,x86_64,Intel(R) Xeon(R) CPU @ 2.80GHz,intel,4,2,2800,16.8,3.14.6,CPython,1,forkserver,2.5.3,mixed,mixed_compute_then_sleep,116347,168870,0.8,ms,big,14,168904,4,8,1,3,1,0,0.010956635000184178,0.6949694953646856,0.13387414881277088,0.005424719045577612,1.388055344128015,0.0,0.057686893999743916,0.0004057809992445982,0.10822929000005388,0.1107417240000359,0.08295758199983538,0.05093694399965898,0.110742;0.110725;0.110960,0.083119;0.082511;0.082958,0.050937;0.051264;0.048767,,multiprocessing,2026-10-03T12:49:39+00:00
L4-00878,L4,n2-standard-4,Linux,6.1.0-53-cloud-amd64,x86_64,Intel(R) Xeon(R) CPU @ 2.80GHz,intel,4,2,2800,16.8,3.14.6,CPython,1,forkserver,2.5.3,big_payload,big_reverse,7,2377673,0.3,ms,big,84,2377695,4,4,0,0,0,0,0.002062935047606949,0.9999704172543817,0.15523441183177317,0.5295483255254466,1.0256572611371835,0.0,0.1087310160000925,0.022210275999896112,0.06643165399964346,0.1827431539995814,0.10833021399957943,1.2575356810002631,0.182743;0.183222;0.181814,0.110035;0.101935;0.108330,1.257536,,threading,2026-10-03T12:49:43+00:00
L4-00879,L4,n2-standard-4,Linux,6.1.0-53-cloud-amd64,x86_64,Intel(R) Xeon(R) CPU @ 2.80GHz,intel,4,2,2800,16.8,3.14.6,CPython,1,forkserver,2.5.3,big_payload,big_count_byte,1,2408386,0.8,seconds,big,83,2408408,4,4,0,1,0,0,0.003913271384590189,0.9999838539594615,0.010460866410749383,0.1367144758408231,0.9856858775409294,0.0,0.10975152999981219,0.007272679000379867,0.06643165399964346,0.3231147989999954,0.3264352989999679,0.2318040079999264,0.323106;0.323430;0.323115,0.326435;0.327639;0.324274,0.221779;0.231804;0.253456,,multiprocessing,2026-10-03T12:49:47+00:00
L4-00880,L4,n2-standard-4,Linux,6.1.0-53-cloud-amd64,x86_64,Intel(R) Xeon(R) CPU @ 2.80GHz,intel,4,2,2800,16.8,3.14.6,CPython,1,forkserver,2.5.3,algo_rec,algo_merge_sort,226,590,0.3,ms,normal,46,612.1818181818181,4,2,1,10,0,0,0.0005390240908540859,1.0,0.226394032069219,0.051298263906926746,1.406032442533713,19.2,0.010937289000139572,0.0006415540001398767,0.076364139999896,0.020201270000143268,0.019529099999999744,0.017057027000191738,0.026462;0.014451;0.020201,0.021102;0.015135;0.019529,0.017057;0.012527;0.019120,,multiprocessing,2026-10-03T12:49:47+00:00
L4-00881,L4,n2-standard-4,Linux,6.1.0-53-cloud-amd64,x86_64,Intel(R) Xeon(R) CPU @ 2.80GHz,intel,4,2,2800,16.8,3.14.6,CPython,1,forkserver,2.5.3,db,db_mem_insert_select,10,709580,0.3,ms,big,147,709602,4,8,1,1,1,0,0.00010216666664241024,1.0,0.32050202272033407,1.4196342577787797,0.5309446357976003,18.0,0.013557809999838355,0.0032246800010398147,0.10822929000005388,0.013904583999647002,0.04542505599965807,0.1035154129995135,0.013905;0.020402;0.013633,0.045425;0.041238;0.047045,0.103515,,sequential,2026-10-03T12:49:49+00:00
L4-00882,L4,n2-standard-4,Linux,6.1.0-53-cloud-amd64,x86_64,Intel(R) Xeon(R) CPU @ 2.80GHz,intel,4,2,2800,16.8,3.14.6,CPython,1,forkserver,2.5.3,gil_release,gil_bz2,226,300000,0.0,seconds,big,231,300022,4,2,0,1,0,1,0.023382498333679298,0.9998010216840238,0.011178931128445034,0.004599180628164444,1.4593166938868538,15.8,0.11885819899998751,0.0009351069984404603,0.076364139999896,5.350085085000501,2.6736077760006083,2.727688599999965,5.336152;5.356372;5.350085,2.681995;2.671303;2.673608,2.727689;2.735382;2.717217,,threading,2026-10-03T12:50:22+00:00
L4-00883,L4,n2-standard-4,Linux,6.1.0-53-cloud-amd64,x86_64,Intel(R) Xeon(R) CPU @ 2.80GHz,intel,4,2,2800,16.8,3.14.6,CPython,1,forkserver,2.5.3,text,text_csv_parse,13,832,0.8,ms,normal,8,854,4,2,2,3,0,0,0.006672273666784652,0.999183870073024,0.304162348825451,0.001423302918534244,0.7840677177023455,0.0,0.04370970000036323,0.00023118199987948174,0.076364139999896,0.05959960899963335,0.05951820299924293,0.03619144300046173,0.059125;0.059767;0.059600,0.060078;0.059474;0.059518,0.040719;0.036191;0.034823,,multiprocessing,2026-10-03T12:50:31+00:00
L4-00884,L4,n2-standard-4,Linux,6.1.0-53-cloud-amd64,x86_64,Intel(R) Xeon(R) CPU @ 2.80GHz,intel,4,2,2800,16.8,3.14.6,CPython,1,forkserver,2.5.3,big_payload,big_checksum_head,217,700230,0.8,seconds,big,285,700252.45,4,2,1,1,0,0,6.5798451006986385e-06,1.0,0.41765727268442554,24.131890288523827,0.5377753495144724,0.0,0.0049660590002531535,0.0035343489980732556,0.076364139999896,0.001713289999315748,0.002064956000140228,0.162234580000586,0.001831;0.001687;0.001713,0.002196;0.001961;0.002065,0.162235,,sequential,2026-10-03T12:50:32+00:00
L4-00885,L4,n2-standard-4,Linux,6.1.0-53-cloud-amd64,x86_64,Intel(R) Xeon(R) CPU @ 2.80GHz,intel,4,2,2800,16.8,3.14.6,CPython,1,forkserver,2.5.3,big_payload,big_count_byte,5,1262102,0.3,seconds,big,158,1262124,4,8,0,1,0,0,0.0020542285600095057,0.9999674741737951,0.01332240333973823,0.1325809626360513,0.9824427960941643,0.0,0.10952233700027136,0.005825159999403695,0.10822929000005388,0.32146506600020075,0.32837410699994507,0.19365549800022563,0.320663;0.321465;0.323088,0.328056;0.328374;0.328520,0.191847;0.193877;0.193655,,multiprocessing,2026-10-03T12:50:36+00:00
L4-00886,L4,n2-standard-4,Linux,6.1.0-53-cloud-amd64,x86_64,Intel(R) Xeon(R) CPU @ 2.80GHz,intel,4,2,2800,16.8,3.14.6,CPython,1,forkserver,2.5.3,io,io_sleep_return_payload,337,1969,0.0,ms,normal,34,1992,4,4,0,1,1,0,0.00041761050010791223,0.049094417749442724,0.030443198284995063,0.016319932499070166,1.7290726341231524,0.0,0.0056387089998679585,0.00029381199965428095,0.06643165399964346,0.013989156000207004,0.004025076999823796,0.00448845800019626,0.014047;0.013787;0.013989,0.004029;0.004025;0.003955,0.004488;0.004318;0.004665,,threading,2026-10-03T12:50:36+00:00
L4-00887,L4,n2-standard-4,Linux,6.1.0-53-cloud-amd64,x86_64,Intel(R) Xeon(R) CPU @ 2.80GHz,intel,4,2,2800,16.8,3.14.6,CPython,1,forkserver,2.5.3,algo_rec,algo_flood_fill,2,645,0.8,seconds,normal,529,667,4,2,3,10,0,0,0.0006460607692133635,0.9999437011675933,0.6873346438402776,0.005501262890579125,0.9139640290132723,0.5,0.10614807799993287,0.0004534720010269666,0.076364139999896,0.359757264000109,0.36445300199920894,0.18961027399927843,0.356614;0.360489;0.359757,0.363783;0.369358;0.364453,0.189610;0.185191;0.195129,,multiprocessing,2026-10-03T12:50:40+00:00
L4-00888,L4,n2-standard-4,Linux,6.1.0-53-cloud-amd64,x86_64,Intel(R) Xeon(R) CPU @ 2.80GHz,intel,4,2,2800,16.8,3.14.6,CPython,1,forkserver,2.5.3,tiny,tiny_dict_lookup,167,1422055,0.3,seconds,big,140,1422077,4,2,0,1,0,0,6.738285394801226e-07,1.0,0.5061676942683551,482.36158146728604,0.05975076357503477,0.0,0.007291830999747617,0.006827483000961365,0.076364139999896,4.204200013191439e-05,0.0005053170007158769,0.17720216199995775,0.000070;0.000042;0.000023,0.000505,0.177202,,sequential,2026-10-03T12:50:41+00:00
L4-00889,L4,n2-standard-4,Linux,6.1.0-53-cloud-amd64,x86_64,Intel(R) Xeon(R) CPU @ 2.80GHz,intel,4,2,2800,16.8,3.14.6,CPython,1,forkserver,2.5.3,big_result,result_long_string,419,1512,0.8,ms,normal,51,1534.8333333333333,4,4,1,1,0,0,0.000139167833291746,1.0,0.4248908067027202,0.07204670330945809,0.8376334731880283,0.0,0.0039668290000918205,0.00034864300050685415,0.06643165399964346,0.006577860999641416,0.007176284000706801,0.008214858999963326,0.006607;0.006578;0.006527,0.007176;0.007166;0.007296,0.008215;0.004701;0.026590,,sequential,2026-10-03T12:50:42+00:00
L4-00890,L4,n2-standard-4,Linux,6.1.0-53-cloud-amd64,x86_64,Intel(R) Xeon(R) CPU @ 2.80GHz,intel,4,2,2800,16.8,3.14.6,CPython,1,forkserver,2.5.3,numpy,np_sort,547007,122965,0.3,ms,big,9,122999,4,2,0,3,0,1,0.01336704233350853,1.0,0.02359966147254859,0.0037319649357150887,1.8156085722340112,0.0,0.06266085700008261,0.00038900100025784923,0.076364139999896,0.1054988850000882,0.05866559300011431,0.0600791320002827,0.104456;0.106474;0.105499,0.070154;0.058666;0.055034,0.064622;0.060079;0.056086,,threading,2026-10-03T12:50:43+00:00
L4-00891,L4,n2-standard-4,Linux,6.1.0-53-cloud-amd64,x86_64,Intel(R) Xeon(R) CPU @ 2.80GHz,intel,4,2,2800,16.8,3.14.6,CPython,1,forkserver,2.5.3,tiny,tiny_add,10,177797,0.3,ms,big,1124,177819,4,4,0,1,0,0,3.328683383560249e-07,1.0,0.30955282097902376,99.8899448973762,0.19504217556417447,0.0,0.0024152740006684326,0.001671819997682178,0.06643165399964346,0.00013987300008011516,0.0008390399998461362,0.20511305699983495,0.000329;0.000140;0.000067,0.001078;0.000600,0.205113,,sequential,2026-10-03T12:50:44+00:00
L4-00892,L4,n2-standard-4,Linux,6.1.0-53-cloud-amd64,x86_64,Intel(R) Xeon(R) CPU @ 2.80GHz,intel,4,2,2800,16.8,3.14.6,CPython,1,forkserver,2.5.3,big_result,result_sorted_pairs,45594,995346,0.3,seconds,big,72,995369,4,4,1,4,0,0,0.0291295883331865,0.9999286167278851,0.07432711922337824,0.6512208863689721,1.1392280415311529,0.0,0.21786046099987288,0.05712033199961297,0.06643165399964346,2.6272588840001845,2.7109977680001975,2.1207287389997873,2.645642;2.627259;2.618590,2.710998;2.737674;2.706578,2.119217;2.120729;2.140562,,multiprocessing,2026-10-03T12:51:08+00:00
L4-00893,L4,n2-standard-4,Linux,6.1.0-53-cloud-amd64,x86_64,Intel(R) Xeon(R) CPU @ 2.80GHz,intel,4,2,2800,16.8,3.14.6,CPython,1,forkserver,2.5.3,mixed,mixed_compute_then_sleep,6618,904,0.0,seconds,normal,5976,927,4,2,1,3,1,0,0.0004966302177749775,0.6299678561480182,0.023016944578128872,0.008189191510921925,1.5511698489670829,0.0,0.08321221599999262,0.0006183280047480366,0.076364139999896,2.9515175030001046,1.9023643740001717,1.4955372609992992,2.951518;2.955155;2.949666,2.080576;1.881966;1.902364,1.497360;1.495537;1.492879,,multiprocessing,2026-10-03T12:51:28+00:00
L4-00894,L4,n2-standard-4,Linux,6.1.0-53-cloud-amd64,x86_64,Intel(R) Xeon(R) CPU @ 2.80GHz,intel,4,2,2800,16.8,3.14.6,CPython,1,forkserver,2.5.3,algo_iter,algo_dijkstra,144,1070575,0.8,seconds,big,186,1070597,4,2,2,15,0,0,0.00028564284791529013,0.9990026895881806,0.4600062287962677,0.8411281842413889,0.8799836574732628,0.0,0.033525277999615355,0.005138090995387756,0.076364139999896,0.0545541300007244,0.05649560300025769,0.18352357299954747,0.054582;0.054524;0.054554,0.056496;0.056296;0.058691,0.178873;0.184243;0.183524,,sequential,2026-10-03T12:51:30+00:00
L4-00895,L4,n2-standard-4,Linux,6.1.0-53-cloud-amd64,x86_64,Intel(R) Xeon(R) CPU @ 2.80GHz,intel,4,2,2800,16.8,3.14.6,CPython,1,forkserver,2.5.3,algo_rec,algo_sudoku,9,664733,0.8,ms,big,8,664755,4,8,3,28,0,0,0.009109453999978237,1.0,0.728930684483448,0.022489163477981453,0.9215602842507454,0.0,0.06285215100069763,0.0007980340014910325,0.10822929000005388,0.10181800400005159,0.10317026899974735,0.07023066599958838,0.101818;0.101968;0.101800,0.103937;0.102567;0.103170,0.074741;0.066455;0.070231,,multiprocessing,2026-10-03T12:51:31+00:00
L4-00896,L4,n2-standard-4,Linux,6.1.0-53-cloud-amd64,x86_64,Intel(R) Xeon(R) CPU @ 2.80GHz,intel,4,2,2800,16.8,3.14.6,CPython,1,forkserver,2.5.3,cpu,cpu_collatz,21,527549,0.0,ms,big,379,527571,4,8,2,5,0,0,1.5166042537222234e-05,1.0,0.16462533555267175,7.536873893150887,0.7527080927296146,0.0,0.006117449000157649,0.0026937330012515304,0.10822929000005388,0.0057566240002415725,0.006352686999889556,0.16600690500035853,0.005639;0.005757;0.005762,0.006440;0.006310;0.006353,0.166007,,sequential,2026-10-03T12:51:32+00:00
L4-00897,L4,n2-standard-4,Linux,6.1.0-53-cloud-amd64,x86_64,Intel(R) Xeon(R) CPU @ 2.80GHz,intel,4,2,2800,16.8,3.14.6,CPython,1,forkserver,2.5.3,algo_rec,algo_flood_fill,5,198,0.0,ms,normal,67,217,4,2,3,10,0,0,0.001697069812735208,0.999999705549627,0.41739288479461073,0.002323453389647924,1.1211738441138062,0.0,0.051649565999468905,0.00028064599609933794,0.076364139999896,0.10931457100014086,0.11173512099958316,0.05870654899990768,0.109315;0.108729;0.109846,0.111647;0.112398;0.111735,0.076030;0.056398;0.058707,,multiprocessing,2026-10-03T12:51:34+00:00
L4-00898,L4,n2-standard-4,Linux,6.1.0-53-cloud-amd64,x86_64,Intel(R) Xeon(R) CPU @ 2.80GHz,intel,4,2,2800,16.8,3.14.6,CPython,1,forkserver,2.5.3,algo_rec,algo_flood_fill,2,1977652,0.3,seconds,big,101,1977674,4,2,3,10,0,0,0.0006964435200279695,1.0,0.5617247096001221,0.6052833259290212,0.9964026644956412,0.0,0.04427546200076904,0.008706515000085346,0.076364139999896,0.07076344699999026,0.07262441800048691,0.18344106699987606,0.070774;0.070763;0.070539,0.072535;0.072710;0.072624,0.183441;0.181907;0.190077,,sequential,2026-10-03T12:51:36+00:00
L4-00899,L4,n2-standard-4,Linux,6.1.0-53-cloud-amd64,x86_64,Intel(R) Xeon(R) CPU @ 2.80GHz,intel,4,2,2800,16.8,3.14.6,CPython,1,forkserver,2.5.3,algo_rec,algo_sudoku,8,20,0.0,ms,normal,83,39,4,8,3,28,0,0,0.004109298357174599,0.9999504734040048,0.8463538390320686,0.00107183748888937,0.7308984443286756,0.0,0.13977093100038473,0.00030785699982516235,0.10822929000005388,3.6089924130001236,3.6275325590004286,3.3910734230003072,3.626119;3.608992;3.608841,3.626657;3.676343;3.627533,3.391073;3.453455;3.370718,,multiprocessing,2026-10-03T12:52:09+00:00
L4-00900,L4,n2-standard-4,Linux,6.1.0-53-cloud-amd64,x86_64,Intel(R) Xeon(R) CPU @ 2.80GHz,intel,4,2,2800,16.8,3.14.6,CPython,1,forkserver,2.5.3,big_payload,big_count_byte,11,149896,0.0,seconds,big,1334,149918,4,8,0,1,0,0,0.00024728216833026827,0.999641008095773,0.08611661288488884,0.10548940967698693,0.9964846336642966,0.0,0.10149789499973849,0.0012543909970190725,0.10822929000005388,0.3239511900001162,0.3298686309999539,0.2125355549997039,0.324796;0.322835;0.323951,0.329438;0.329869;0.330634,0.204281;0.212536;0.213281,,multiprocessing,2026-10-03T12:52:12+00:00
L4-00901,L4,n2-standard-4,Linux,6.1.0-53-cloud-amd64,x86_64,Intel(R) Xeon(R) CPU @ 2.80GHz,intel,4,2,2800,16.8,3.14.6,CPython,1,forkserver,2.5.3,cpu,cpu_count_primes,1886,1275,0.3,ms,normal,34,1298,4,4,2,4,0,0,0.0007287156252004934,1.0,0.2501884850601275,0.008250475047824462,0.8771693666776527,0.0,0.012856827000177873,0.00024982299873954616,0.06643165399964346,0.025100574000134657,0.025871015999655356,0.017402208000021346,0.025086;0.025101;0.025460,0.025871;0.025859;0.026125,0.017507;0.017402;0.015945,,multiprocessing,2026-10-03T12:52:13+00:00
L4-00902,L4,n2-standard-4,Linux,6.1.0-53-cloud-amd64,x86_64,Intel(R) Xeon(R) CPU @ 2.80GHz,intel,4,2,2800,16.8,3.14.6,CPython,1,forkserver,2.5.3,tiny,tiny_small_loop,136,355794,0.3,ms,big,562,355816,4,8,0,0,0,0,1.423514296610457e-06,1.0,0.25185230049279816,46.28271051507018,0.401425717259614,0.0,0.0030117030000837985,0.0021958489987810026,0.10822929000005388,0.0006598649997613393,0.0013127839993103407,0.17419261600025493,0.000723;0.000660;0.000548,0.001313;0.001344;0.001237,0.174193,,sequential,2026-10-03T12:52:14+00:00
L4-00903,L4,n2-standard-4,Linux,6.1.0-53-cloud-amd64,x86_64,Intel(R) Xeon(R) CPU @ 2.80GHz,intel,4,2,2800,16.8,3.14.6,CPython,1,forkserver,2.5.3,cpu,cpu_sum_squares,279535,126,0.8,ms,normal,8,148,4,4,1,2,0,0,0.014928120666506098,0.9999615982758252,0.5518223317526709,0.0008184329916373323,1.5542437753634466,0.0,0.07710153500011074,0.0006017010000505252,0.06643165399964346,0.10052073600036238,0.10413178199996764,0.0685716340003637,0.101399;0.100521;0.099631,0.104953;0.104132;0.103846,0.068572;0.069484;0.067330,,multiprocessing,2026-10-03T12:52:16+00:00
L4-00904,L4,n2-standard-4,Linux,6.1.0-53-cloud-amd64,x86_64,Intel(R) Xeon(R) CPU @ 2.80GHz,intel,4,2,2800,16.8,3.14.6,CPython,1,forkserver,2.5.3,big_result,result_sorted_pairs,276,83,0.3,ms,normal,207,102.5,4,2,1,4,0,0,0.00010988905885860018,1.0,0.7059426562442517,0.527605301380234,0.9846565268360062,0.0,0.012843417000112822,0.0014584699983970495,0.076364139999896,0.020618339000066044,0.021983908000038355,0.027923515000111365,0.021162;0.020618;0.020543,0.021378;0.022019;0.021984,0.029365;0.027924;0.026202,,sequential,2026-10-03T12:52:17+00:00
L4-00905,L4,n2-standard-4,Linux,6.1.0-53-cloud-amd64,x86_64,Intel(R) Xeon(R) CPU @ 2.80GHz,intel,4,2,2800,16.8,3.14.6,CPython,1,forkserver,2.5.3,tiny,tiny_small_loop,5,265563,0.3,ms,big,753,265585,4,8,0,0,0,0,4.6665957384864163e-07,1.0,0.4207824753881592,104.58962516506699,0.1956543436077953,0.0,0.0021351450004658545,0.0014753550012756023,0.10822929000005388,0.000273839000328735,0.0007641639995199512,0.1767807719998018,0.000329;0.000274;0.000242,0.001294;0.000736;0.000764,0.176781,,sequential,2026-10-03T12:52:18+00:00
L4-00906,L4,n2-standard-4,Linux,6.1.0-53-cloud-amd64,x86_64,Intel(R) Xeon(R) CPU @ 2.80GHz,intel,4,2,2800,16.8,3.14.6,CPython,1,forkserver,2.5.3,algo_rec,algo_merge_sort,505,213,0.0,seconds,normal,501,233,4,8,1,10,0,0,0.0007654784394617309,0.9999772753050871,0.03119203518870606,0.03720104763671185,0.9694984114660757,0.0,0.1036067129998628,0.0009211449951180839,0.10822929000005388,0.38958258599996043,0.4006387600002199,0.21719923799992102,0.391879;0.389583;0.387150,0.400639;0.404154;0.399788,0.218304;0.206942;0.217199,,multiprocessing,2026-10-03T12:52:22+00:00
L4-00907,L4,n2-standard-4,Linux,6.1.0-53-cloud-amd64,x86_64,Intel(R) Xeon(R) CPU @ 2.80GHz,intel,4,2,2800,16.8,3.14.6,CPython,1,forkserver,2.5.3,cpu,cpu_sum_squares,23063,1025,0.0,seconds,normal,3752,1048,4,8,1,2,0,0,0.0011675937674353494,0.9999560079904054,0.02058627778756446,0.0036190668327298263,0.985740870800848,0.0,0.10161361399968882,0.00041576300009182887,0.10822929000005388,4.335611593000067,4.436986299999262,2.312088847999803,4.337474;4.334742;4.335612,4.436986;4.435483;4.460724,2.314821;2.312089;2.307079,,multiprocessing,2026-10-03T12:52:55+00:00
L4-00908,L4,n2-standard-4,Linux,6.1.0-53-cloud-amd64,x86_64,Intel(R) Xeon(R) CPU @ 2.80GHz,intel,4,2,2800,16.8,3.14.6,CPython,1,forkserver,2.5.3,mixed,mixed_hash_then_write,1046,3362,0.3,ms,normal,59,3385,4,8,1,3,1,0,0.00044868842847530947,0.3842513310393258,0.3275092241890141,0.010310527491500169,1.5554604883009717,0.0,0.01084428600006504,0.0002929380016212235,0.10822929000005388,0.02239719299996068,0.01186494000012317,0.006953258000066853,0.021106;0.023490;0.022397,0.011865;0.011969;0.011735,0.006953;0.007913;0.006053,,multiprocessing,2026-10-03T12:52:56+00:00
L4-00909,L4,n2-standard-4,Linux,6.1.0-53-cloud-amd64,x86_64,Intel(R) Xeon(R) CPU @ 2.80GHz,intel,4,2,2800,16.8,3.14.6,CPython,1,forkserver,2.5.3,algo_iter,algo_kmeans,846,560355,0.0,ms,big,11,560378,4,2,3,15,0,0,0.01483238766680491,0.9997517186638787,0.013804336692814606,0.011765446689392039,0.9560579073330605,0.0,0.09259934999954567,0.0019240089995946619,0.076364139999896,0.16324470799918345,0.16856223300055717,0.0961944009995932,0.161887;0.163358;0.163245,0.169915;0.168562;0.167964,0.109288;0.096194;0.095574,,multiprocessing,2026-10-03T12:52:58+00:00
L4-00910,L4,n2-standard-4,Linux,6.1.0-53-cloud-amd64,x86_64,Intel(R) Xeon(R) CPU @ 2.80GHz,intel,4,2,2800,16.8,3.14.6,CPython,1,forkserver,2.5.3,recursive,rec_fib,67,338,0.0,ms,normal,3023,360,4,2,0,4,0,0,9.1162834333646e-06,1.0,1.0261547610367374,0.374209513062938,0.9352284882505403,0.5,0.015925314000014623,0.0013439690083032474,0.076364139999896,0.02702521099945443,0.02808443100002478,0.0222117570001501,0.026871;0.027025;0.027208,0.030921;0.028084;0.027981,0.024707;0.017668;0.022212,,multiprocessing,2026-10-03T12:52:59+00:00
L4-00911,L4,n2-standard-4,Linux,6.1.0-53-cloud-amd64,x86_64,Intel(R) Xeon(R) CPU @ 2.80GHz,intel,4,2,2800,16.8,3.14.6,CPython,1,forkserver,2.5.3,cpu,cpu_count_primes,451,804,0.3,ms,normal,303,827,4,4,2,4,0,0,9.772587996849324e-05,1.0,0.2403214564872373,0.03533608518603896,0.9236320898457837,0.5,0.015795543999956863,0.00040953200186777394,0.06643165399964346,0.030592690000048606,0.03146019999985583,0.018522821000260592,0.030455;0.030593;0.030762,0.031559;0.031460;0.031270,0.020154;0.018523;0.017514,,multiprocessing,2026-10-03T12:53:00+00:00
L4-00912,L4,n2-standard-4,Linux,6.1.0-53-cloud-amd64,x86_64,Intel(R) Xeon(R) CPU @ 2.80GHz,intel,4,2,2800,16.8,3.14.6,CPython,1,forkserver,2.5.3,io,io_file_roundtrip,2,4247,0.3,seconds,normal,406,4269,4,2,1,0,1,0,0.002428833428547521,0.10052706411192636,0.1805526617635927,0.001825567700355936,1.434387030169911,0.0,0.08745011700011673,0.00039339200066024205,0.076364139999896,1.0370541669999511,0.7031488120001086,0.676353552999899,1.037054;1.059669;1.033839,0.707891;0.703149;0.666628,0.676354;0.676217;0.678712,,multiprocessing,2026-10-03T12:53:07+00:00
L4-00913,L4,n2-standard-4,Linux,6.1.0-53-cloud-amd64,x86_64,Intel(R) Xeon(R) CPU @ 2.80GHz,intel,4,2,2800,16.8,3.14.6,CPython,1,forkserver,2.5.3,big_payload,big_checksum_head,168,125334,0.8,ms,big,1595,125356.1,4,4,1,1,0,0,5.000954763145548e-06,1.0,0.5365297617625335,4.730256751522813,0.7969520434936449,0.0,0.006009278999954404,0.001300131004427385,0.06643165399964346,0.007591134999529459,0.008361314000467246,0.20838808700045774,0.007693;0.007591;0.007319,0.008646;0.008361;0.007997,0.208388,,sequential,2026-10-03T12:53:09+00:00
L4-00914,L4,n2-standard-4,Linux,6.1.0-53-cloud-amd64,x86_64,Intel(R) Xeon(R) CPU @ 2.80GHz,intel,4,2,2800,16.8,3.14.6,CPython,1,forkserver,2.5.3,text,text_regex_findall,2,383,0.0,ms,normal,1549,405,4,2,1,1,0,0,4.344458141670161e-05,1.0,0.07129161604494154,0.07889015781286743,0.8836560185432496,0.0,0.036889826000333414,0.0008418189918302232,0.076364139999896,0.06701201400028367,0.07185783000022639,0.050140550999458355,0.066768;0.067012;0.067312,0.071858;0.071004;0.071926,0.059657;0.046145;0.050141,,multiprocessing,2026-10-03T12:53:10+00:00
L4-00915,L4,n2-standard-4,Linux,6.1.0-53-cloud-amd64,x86_64,Intel(R) Xeon(R) CPU @ 2.80GHz,intel,4,2,2800,16.8,3.14.6,CPython,1,forkserver,2.5.3,mixed,mixed_json_roundtrip,294,403,0.0,ms,normal,23,426,4,4,1,1,1,0,0.00963388539985317,0.9793257213877726,0.009672248033283768,0.0008536742866442125,0.9917557007532262,0.0,0.09686854500068875,0.00023915300153021235,0.06643165399964346,0.22011872399980348,0.22073773600004643,0.12717259800047032,0.221611;0.218784;0.220119,0.222322;0.220546;0.220738,0.123913;0.127256;0.127173,,multiprocessing,2026-10-03T12:53:12+00:00
L4-00916,L4,n2-standard-4,Linux,6.1.0-53-cloud-amd64,x86_64,Intel(R) Xeon(R) CPU @ 2.80GHz,intel,4,2,2800,16.8,3.14.6,CPython,1,forkserver,2.5.3,big_result,result_sorted_pairs,993,229,0.0,ms,normal,38,249,4,4,1,4,0,0,0.0004709159999644423,0.9979505445343416,0.2760429419928557,0.4573962706240399,1.0869735899632458,0.0,0.010290307000104804,0.0021524110006794217,0.06643165399964346,0.015938590000587283,0.016881683000065095,0.019904506999409932,0.016650;0.015939;0.015607,0.016698;0.016882;0.017161,0.017987;0.019905;0.020347,,sequential,2026-10-03T12:53:13+00:00
L4-00917,L4,n2-standard-4,Linux,6.1.0-53-cloud-amd64,x86_64,Intel(R) Xeon(R) CPU @ 2.80GHz,intel,4,2,2800,16.8,3.14.6,CPython,1,forkserver,2.5.3,algo_rec,algo_merge_sort,8600,215670,0.3,seconds,big,362,215693,4,2,1,10,0,0,0.01954505699965618,0.9996721704195465,0.11750016277943048,0.033167363006285734,1.1872389245430597,0.0,0.11431067000012263,0.0021454520010593114,0.076364139999896,6.553821409999728,6.676702707999539,3.6254523469997366,6.500997;6.559933;6.553821,6.666799;6.676703;6.723310,3.625452;3.555673;4.450504,,multiprocessing,2026-10-03T12:54:05+00:00
L4-00918,L4,n2-standard-4,Linux,6.1.0-53-cloud-amd64,x86_64,Intel(R) Xeon(R) CPU @ 2.80GHz,intel,4,2,2800,16.8,3.14.6,CPython,1,forkserver,2.5.3,text,text_csv_parse,2,1625,0.8,seconds,normal,1341,1647,4,4,2,3,0,0,0.0030374595881927664,0.9996256592563789,0.257266312349472,0.001212545785233358,1.030241019480238,0.0,0.10211381299995992,0.0003484250009933021,0.06643165399964346,3.879400601999805,3.9923100209998665,1.9569415469995874,3.904272;3.877974;3.879401,3.992310;3.991173;4.010934,1.954310;1.964251;1.956942,,multiprocessing,2026-10-03T12:54:35+00:00
L4-00919,L4,n2-standard-4,Linux,6.1.0-53-cloud-amd64,x86_64,Intel(R) Xeon(R) CPU @ 2.80GHz,intel,4,2,2800,16.8,3.14.6,CPython,1,forkserver,2.5.3,recursive,rec_fib,46798,18,0.8,ms,normal,8,38.666666666666664,4,2,0,4,0,0,0.005157100332932411,1.0,0.2442215906032297,0.0020956220227948534,1.2444970402035946,0.5,0.026030355999864696,0.0002091330006805947,0.076364139999896,0.02834665800037328,0.029242929999782064,0.016597933000412013,0.028347;0.028797;0.028280,0.029631;0.029169;0.029243,0.025403;0.016598;0.016104,,multiprocessing,2026-10-03T12:54:36+00:00
L4-00920,L4,n2-standard-4,Linux,6.1.0-53-cloud-amd64,x86_64,Intel(R) Xeon(R) CPU @ 2.80GHz,intel,4,2,2800,16.8,3.14.6,CPython,1,forkserver,2.5.3,gil_release,gil_sha256,13,15239,0.0,ms,normal,61,15261,4,4,1,1,0,1,0.00047001226654780717,1.0,0.0221165122478688,0.012166348766100307,1.685136912452898,0.0,0.011767678000069282,0.00046997200206533307,0.06643165399964346,0.028587954000613536,0.014766001999305445,0.022033305000149994,0.028588;0.028683;0.028528,0.014766;0.014601;0.016596,0.022033;0.020448;0.022378,,threading,2026-10-03T12:54:37+00:00
L4-00921,L4,n2-standard-4,Linux,6.1.0-53-cloud-amd64,x86_64,Intel(R) Xeon(R) CPU @ 2.80GHz,intel,4,2,2800,16.8,3.14.6,CPython,1,forkserver,2.5.3,big_payload,big_count_byte,1,3455424,0.8,ms,big,8,3455446,4,8,0,1,0,0,0.00558102233359629,1.0,0.0022789773170949308,0.1823598388343205,0.95998873650442,0.0,0.03748677900057373,0.003261452000515419,0.10822929000005388,0.044523784999910276,0.04595781300031376,0.031487610999647586,0.044366;0.044524;0.044894,0.045958;0.045810;0.046029,0.035534;0.031488;0.031062,,multiprocessing,2026-10-03T12:54:38+00:00
L4-00922,L4,n2-standard-4,Linux,6.1.0-53-cloud-amd64,x86_64,Intel(R) Xeon(R) CPU @ 2.80GHz,intel,4,2,2800,16.8,3.14.6,CPython,1,forkserver,2.5.3,mixed,mixed_parse_lines,55,5468,0.8,seconds,normal,95,5490,4,8,2,3,1,0,0.021656513333255134,0.9582558863897522,0.1353763431809619,0.0008049772300194133,1.5835699265848164,0.0,0.11017734699998982,0.0002521500000511878,0.10822929000005388,1.3721668489997683,1.3461070960001962,0.7086789869999848,1.378783;1.360502;1.372167,1.351064;1.344278;1.346107,0.705752;0.708679;0.711517,,multiprocessing,2026-10-03T12:54:49+00:00
L4-00923,L4,n2-standard-4,Linux,6.1.0-53-cloud-amd64,x86_64,Intel(R) Xeon(R) CPU @ 2.80GHz,intel,4,2,2800,16.8,3.14.6,CPython,1,forkserver,2.5.3,db,db_file_lookup,77,70,0.8,ms,normal,27,89,4,4,1,5,1,0,0.0006543934997959392,1.0,0.4276442629479561,0.008020403704520737,0.6939239964254023,0.0,0.009073051000086707,0.0002186740020988509,0.06643165399964346,0.021457031999489118,0.32189130799997656,0.015419540000038978,0.021224;0.021457;0.022659,0.321891,0.034730;0.015420;0.011647,,multiprocessing,2026-10-03T12:54:50+00:00
L4-00924,L4,n2-standard-4,Linux,6.1.0-53-cloud-amd64,x86_64,Intel(R) Xeon(R) CPU @ 2.80GHz,intel,4,2,2800,16.8,3.14.6,CPython,1,forkserver,2.5.3,gil_release,gil_zlib,6,65975,0.8,seconds,normal,55,65997,4,4,1,1,0,1,0.010820110000167915,0.9999603594397274,0.34180996197745905,0.0016821455825104675,2.3601393947328284,0.0,0.07908965899969189,0.0002978509992317413,0.06643165399964346,0.5307417120002356,0.2002543219996369,0.21357164100027148,0.529445;0.530742;0.531726,0.202308;0.198866;0.200254,0.212129;0.213856;0.213572,,threading,2026-10-03T12:54:53+00:00
L4-00925,L4,n2-standard-4,Linux,6.1.0-53-cloud-amd64,x86_64,Intel(R) Xeon(R) CPU @ 2.80GHz,intel,4,2,2800,16.8,3.14.6,CPython,1,forkserver,2.5.3,cpu,cpu_collatz,2524,343,0.3,ms,normal,8,366,4,4,2,5,0,0,0.010870436333182928,1.0,0.20303497802687218,0.001156469941425712,0.9196124533096764,0.0,0.06346723600017867,0.00022683600036543794,0.06643165399964346,0.09103513700028998,0.09315628300009848,0.0534932939999635,0.091035;0.091069;0.090990,0.093156;0.092881;0.093799,0.053493;0.053656;0.052301,,multiprocessing,2026-10-03T12:54:55+00:00
L4-00926,L4,n2-standard-4,Linux,6.1.0-53-cloud-amd64,x86_64,Intel(R) Xeon(R) CPU @ 2.80GHz,intel,4,2,2800,16.8,3.14.6,CPython,1,forkserver,2.5.3,algo_iter,algo_kmeans,169,96,0.0,seconds,normal,493,115,4,4,3,15,0,0,0.0029897619412141093,0.9999676455079604,0.015251705597761024,0.0017396820578592198,0.966980150571984,0.0,0.10369659800016962,0.00033502699989185203,0.06643165399964346,1.4624524230002862,1.5073391140003878,0.7356925130006857,1.462452;1.455208;1.473205,1.507510;1.507339;1.505943,0.735693;0.735790;0.733212,,multiprocessing,2026-10-03T12:55:06+00:00
L4-00927,L4,n2-standard-4,Linux,6.1.0-53-cloud-amd64,x86_64,Intel(R) Xeon(R) CPU @ 2.80GHz,intel,4,2,2800,16.8,3.14.6,CPython,1,forkserver,2.5.3,text,text_format_report,96,1107667,0.8,seconds,big,180,1107689,4,8,1,2,0,0,0.0001393126444478791,1.0,0.42408168406066077,1.60294530950644,1.1831947678852683,0.0,0.016530408999642532,0.004801512000085495,0.10822929000005388,0.023045463000016753,0.024342140999578987,0.15611506200002623,0.023256;0.023045;0.023042,0.024385;0.024342;0.024191,0.156115,,sequential,2026-10-03T12:55:08+00:00
L4-00928,L4,n2-standard-4,Linux,6.1.0-53-cloud-amd64,x86_64,Intel(R) Xeon(R) CPU @ 2.80GHz,intel,4,2,2800,16.8,3.14.6,CPython,1,forkserver,2.5.3,text,text_format_report,19,41,0.3,ms,normal,907,60,4,4,1,2,0,0,2.5674951322911416e-05,1.0,0.23063319251600928,0.13224172792894548,1.0420542107113067,0.0,0.01211227699968731,0.0006101630006014602,0.06643165399964346,0.022271314000136044,0.023138870000366296,0.014969890999964264,0.022271;0.022059;0.022594,0.023288;0.023139;0.023021,0.012673;0.017195;0.014970,,multiprocessing,2026-10-03T12:55:08+00:00
L4-00929,L4,n2-standard-4,Linux,6.1.0-53-cloud-amd64,x86_64,Intel(R) Xeon(R) CPU @ 2.80GHz,intel,4,2,2800,16.8,3.14.6,CPython,1,forkserver,2.5.3,cpu,cpu_collatz,418,151472,0.3,ms,big,75,151495,4,8,2,5,0,0,0.0016270731666736538,1.0,0.18117540490379472,0.017625752412984377,1.0186927261156642,0.0,0.05857891199957521,0.0007938389999253559,0.10822929000005388,0.11544547699941177,0.11868185399998765,0.07453613599955133,0.115116;0.115445;0.116132,0.119066;0.117810;0.118682,0.074536;0.077617;0.067879,,multiprocessing,2026-10-03T12:55:10+00:00
L4-00930,L4,n2-standard-4,Linux,6.1.0-53-cloud-amd64,x86_64,Intel(R) Xeon(R) CPU @ 2.80GHz,intel,4,2,2800,16.8,3.14.6,CPython,1,forkserver,2.5.3,db,db_file_lookup,26,137,0.8,seconds,normal,1980,156,4,2,1,5,1,0,0.0003231651096235334,0.9999530050982088,0.2847411170409845,0.009659768474047842,1.1266111448696934,0.0,0.09501908400034154,0.0006426660083889146,0.076364139999896,0.6317271810003149,0.5768752890007818,0.3090951849999328,0.639333;0.631727;0.628393,0.594768;0.576875;0.568451,0.309095;0.310494;0.308346,,multiprocessing,2026-10-03T12:55:15+00:00
L4-00931,L4,n2-standard-4,Linux,6.1.0-53-cloud-amd64,x86_64,Intel(R) Xeon(R) CPU @ 2.80GHz,intel,4,2,2800,16.8,3.14.6,CPython,1,forkserver,2.5.3,gil_release,gil_zlib,11,208453,0.3,seconds,big,9,208475,4,4,1,1,0,1,0.0531856909998775,0.9999158665557931,0.1999882903610876,0.0008495768828401879,1.2690917330442077,0.0,0.26939803599998413,0.00033358700056851376,0.06643165399964346,0.4939533999995547,0.2095895759994164,0.21370583200041438,0.493676;0.493953;0.496323,0.213580;0.209590;0.202639,0.217661;0.213706;0.210848,,threading,2026-10-03T12:55:19+00:00
L4-00932,L4,n2-standard-4,Linux,6.1.0-53-cloud-amd64,x86_64,Intel(R) Xeon(R) CPU @ 2.80GHz,intel,4,2,2800,16.8,3.14.6,CPython,1,forkserver,2.5.3,big_payload,big_upper_copy,5,237780,0.8,ms,big,448,237802,4,8,0,0,0,0,0.00011203388390867985,1.0,0.08297546955589577,0.6640678480511483,0.8344957647156643,0.0,0.02972293000038917,0.002013533003264456,0.10822929000005388,0.04977765100011311,0.05337520199918799,1.246514585001023,0.049303;0.049845;0.049778,0.064491;0.053375;0.051993,1.246515,multiprocessing,sequential,2026-10-03T12:55:21+00:00
L4-00933,L4,n2-standard-4,Linux,6.1.0-53-cloud-amd64,x86_64,Intel(R) Xeon(R) CPU @ 2.80GHz,intel,4,2,2800,16.8,3.14.6,CPython,1,forkserver,2.5.3,cpu,cpu_matmul_lists,7,440,0.0,seconds,normal,173187,462,4,8,3,5,0,0,2.4405523503446604e-05,0.9999805963175186,0.1100372604111109,0.14534619695016396,0.9835111773712881,0.0,0.10254610900028638,0.003290070992989058,0.06897686000047543,4.200881405000473,4.316711648999444,2.2309823400000823,4.232118;4.200202;4.200881,4.303018;4.322276;4.316712,2.236954;2.230103;2.230982,,multiprocessing,2026-10-03T12:55:54+00:00
L4-00934,L4,n2-standard-4,Linux,6.1.0-53-cloud-amd64,x86_64,Intel(R) Xeon(R) CPU @ 2.80GHz,intel,4,2,2800,16.8,3.14.6,CPython,1,forkserver,2.5.3,big_payload,big_upper_copy,1,2216379,0.8,seconds,big,90,2216401,4,8,0,0,0,0,0.001208775363589997,1.0,0.29444480702263776,0.8209505090045749,0.8800938496299388,0.0,0.07717585499995039,0.020232013001077576,0.06897686000047543,0.1761703909996868,0.1029652420002094,1.2265773600001921,0.179642;0.176170;0.175512,0.124518;0.100131;0.102965,1.226577,,threading,2026-10-03T12:55:58+00:00
L4-00935,L4,n2-standard-4,Linux,6.1.0-53-cloud-amd64,x86_64,Intel(R) Xeon(R) CPU @ 2.80GHz,intel,4,2,2800,16.8,3.14.6,CPython,1,forkserver,2.5.3,big_result,result_long_string,6172,21,0.8,seconds,normal,2999,41,4,8,1,1,0,0,0.0012219355365720352,0.9999675003224049,0.438377704355656,0.023460730252745424,0.9496457338810097,0.5,0.10388267300004372,0.0009217980004905257,0.06897686000047543,3.6594018989999313,3.775945100000172,2.338167384999906,3.796323;3.649191;3.659402,3.798894;3.775708;3.775945,2.338167;6.873485;2.202873,,multiprocessing,2026-10-03T12:56:32+00:00
L4-00936,L4,n2-standard-4,Linux,6.1.0-53-cloud-amd64,x86_64,Intel(R) Xeon(R) CPU @ 2.80GHz,intel,4,2,2800,16.8,3.14.6,CPython,1,forkserver,2.5.3,db,db_file_commit,4,102,0.8,seconds,normal,68,121,4,4,1,0,1,0,0.014561956500301676,0.09430336676476637,0.5946962378852444,0.0006532604332056363,1.2992307551899513,0.0,0.09449159599989798,0.0002628129986987915,0.06643165399964346,0.8128893960001733,0.34973487999923236,0.3355262409995703,0.812889;0.810175;0.936396,0.349735;0.338425;0.354685,0.335135;0.335526;0.343888,,multiprocessing,2026-10-03T12:56:38+00:00
L4-00937,L4,n2-standard-4,Linux,6.1.0-53-cloud-amd64,x86_64,Intel(R) Xeon(R) CPU @ 2.80GHz,intel,4,2,2800,16.8,3.14.6,CPython,1,forkserver,2.5.3,text,text_format_report,24,20,0.3,seconds,normal,19050,39,4,2,1,2,0,0,3.0601787261322566e-05,0.9999818319277033,0.20065476951025046,0.10652318842839015,1.0134657571144912,0.0,0.10160036599972955,0.002590885997960868,0.076364139999896,0.5860474679993786,0.5876854880007158,0.29082444599953305,0.586679;0.586047;0.585575,0.572305;0.587685;0.590034,0.293660;0.290824;0.290531,,multiprocessing,2026-10-03T12:56:43+00:00
L4-00938,L4,n2-standard-4,Linux,6.1.0-53-cloud-amd64,x86_64,Intel(R) Xeon(R) CPU @ 2.80GHz,intel,4,2,2800,16.8,3.14.6,CPython,1,forkserver,2.5.3,tiny,tiny_len,84,59,0.0,seconds,normal,200000,78,4,2,0,0,0,0,1.2001299364783336e-07,1.0,0.29813997714944446,26.026765941007376,0.36094661927675353,0.5,0.004348774000391131,0.0026307370126232854,0.076364139999896,0.011417142000027525,0.01869117099977302,0.0794529019995025,0.011388;0.011417;0.011589,0.018691;0.018491;0.018857,0.079453,,sequential,2026-10-03T12:56:43+00:00
L4-00939,L4,n2-standard-4,Linux,6.1.0-53-cloud-amd64,x86_64,Intel(R) Xeon(R) CPU @ 2.80GHz,intel,4,2,2800,16.8,3.14.6,CPython,1,forkserver,2.5.3,tiny,tiny_small_loop,1,121,0.0,ms,normal,200000,140,4,8,0,0,0,0,2.729844968598627e-07,1.0,1.7692758486048905,11.277013791139842,0.6353359979798409,0.0,0.004927111000142759,0.0026923950063064694,0.06897686000047543,0.03707337100058794,0.046784754000327666,0.09221013400019729,0.036911;0.037073;0.038057,0.046576;0.046785;0.047267,0.092347;0.091080;0.092210,,sequential,2026-10-03T12:56:45+00:00
L4-00940,L4,n2-standard-4,Linux,6.1.0-53-cloud-amd64,x86_64,Intel(R) Xeon(R) CPU @ 2.80GHz,intel,4,2,2800,16.8,3.14.6,CPython,1,forkserver,2.5.3,cpu,cpu_matmul_lists,44,457317,0.3,seconds,big,437,457339,4,4,3,5,0,0,0.005406872799994744,0.9997351007452152,0.3250856245360668,0.01890292296553562,1.0191501824275049,0.0,0.10742338199997903,0.001265056000192999,0.06643165399964346,1.978828680999868,2.0237683640007162,1.209214546000112,1.971101;1.983291;1.978829,2.020778;2.028231;2.023768,1.212984;1.203461;1.209215,,multiprocessing,2026-10-03T12:57:01+00:00
L4-00941,L4,n2-standard-4,Linux,6.1.0-53-cloud-amd64,x86_64,Intel(R) Xeon(R) CPU @ 2.80GHz,intel,4,2,2800,16.8,3.14.6,CPython,1,forkserver,2.5.3,gil_release,gil_numpy_matmul,106,4627,0.3,seconds,normal,2737,4649,4,8,0,2,0,1,8.733839190099132e-05,0.9999869492244533,0.42735952480350525,0.061700242858064296,1.4291051850837972,1.0,0.08612788400023419,0.0014417810089071281,0.06897686000047543,0.23632623699995747,0.36612531999981,0.14650377299949469,0.236326;0.233907;0.236549,0.366125;0.367261;0.364524,0.286447;0.143461;0.146504,,multiprocessing,2026-10-03T12:57:04+00:00
L4-00942,L4,n2-standard-4,Linux,6.1.0-53-cloud-amd64,x86_64,Intel(R) Xeon(R) CPU @ 2.80GHz,intel,4,2,2800,16.8,3.14.6,CPython,1,forkserver,2.5.3,big_payload,big_checksum_head,690,3328308,0.0,ms,big,60,3328331,4,4,1,1,0,0,1.8596466725284698e-05,1.0,0.08325256898345369,42.893900855782256,0.4289211775404486,0.0,0.01319773500017618,0.012211944998853141,0.06643165399964346,0.0011085240003012586,0.0014465909998762072,0.31999218099917925,0.001117;0.001101;0.001109,0.001762;0.001444;0.001447,0.319992,,sequential,2026-10-03T12:57:06+00:00
L4-00943,L4,n2-standard-4,Linux,6.1.0-53-cloud-amd64,x86_64,Intel(R) Xeon(R) CPU @ 2.80GHz,intel,4,2,2800,16.8,3.14.6,CPython,1,forkserver,2.5.3,text,text_regex_findall,33,356,0.3,ms,normal,37,378,4,8,1,1,0,0,0.0006598668888828899,1.0,0.1930914207499644,0.007017240242402744,0.9367915012016569,0.5,0.012518604999968375,0.0002356609993512393,0.06897686000047543,0.025282373000663938,0.026886939999712922,0.015006214999630174,0.025115;0.025345;0.025282,0.026887;0.026576;0.027097,0.015006;0.016030;0.014409,,multiprocessing,2026-10-03T12:57:16+00:00
L4-00944,L4,n2-standard-4,Linux,6.1.0-53-cloud-amd64,x86_64,Intel(R) Xeon(R) CPU @ 2.80GHz,intel,4,2,2800,16.8,3.14.6,CPython,1,forkserver,2.5.3,text,text_csv_parse,14,181,0.8,seconds,normal,158,200,4,4,2,3,0,0,0.0015979659063418694,0.9993652583636442,0.4156144048353543,0.0021179737181084477,1.1721791616514923,0.0,0.09602405300029204,0.0003623189968493534,0.06643165399964346,0.24642909100020916,0.2469789850001689,0.13413882000077137,0.245867;0.246429;0.247967,0.247366;0.246979;0.245454,0.134139;0.134677;0.134053,,multiprocessing,2026-10-03T12:57:19+00:00
L4-00945,L4,n2-standard-4,Linux,6.1.0-53-cloud-amd64,x86_64,Intel(R) Xeon(R) CPU @ 2.80GHz,intel,4,2,2800,16.8,3.14.6,CPython,1,forkserver,2.5.3,db,db_file_commit,2,788,0.8,ms,normal,8,810,4,8,1,0,1,0,0.0076725386667628,0.10492376801293746,0.3989394265732246,0.0017959722603417372,1.2382841574398977,0.0,0.04188268300003983,0.0002361819997531711,0.06897686000047543,0.05321783300041716,0.019300500999634096,0.018624280000040017,0.053218;0.057184;0.052416,0.024286;0.019301;0.017123,0.025834;0.015448;0.018624,,multiprocessing,2026-10-03T12:57:20+00:00
L4-00946,L4,n2-standard-4,Linux,6.1.0-53-cloud-amd64,x86_64,Intel(R) Xeon(R) CPU @ 2.80GHz,intel,4,2,2800,16.8,3.14.6,CPython,1,forkserver,2.5.3,big_result,result_long_string,2764,155,0.3,ms,normal,269,175,4,4,1,1,0,0,0.0005570457164167102,1.0,0.1870664257231451,0.038085383830911916,0.9049240595998814,0.0,0.07942765200004942,0.0007967479996295879,0.06643165399964346,0.1575597619994369,0.1603052939999543,0.2043087279998872,0.156761;0.157996;0.157560,0.161766;0.160305;0.160102,0.148636;0.204309;0.210672,,sequential,2026-10-03T12:57:22+00:00
L4-00947,L4,n2-standard-4,Linux,6.1.0-53-cloud-amd64,x86_64,Intel(R) Xeon(R) CPU @ 2.80GHz,intel,4,2,2800,16.8,3.14.6,CPython,1,forkserver,2.5.3,big_result,result_matrix_lists,31,103928,0.8,ms,big,587,103950,4,8,2,5,0,0,0.00014354533557283728,1.0,0.7960275065796911,0.3549255005593925,0.9901815504636027,0.0,0.043923873000494495,0.0015223610071188887,0.06897686000047543,0.08792107299996132,0.08717598800012638,0.10964386700015893,0.101126;0.084352;0.087921,0.087176;0.089010;0.086754,0.109644;0.113543;0.103680,,threading,2026-10-03T12:57:23+00:00
L4-00948,L4,n2-standard-4,Linux,6.1.0-53-cloud-amd64,x86_64,Intel(R) Xeon(R) CPU @ 2.80GHz,intel,4,2,2800,16.8,3.14.6,CPython,1,forkserver,2.5.3,cpu,cpu_matmul_lists,11,42,0.3,seconds,normal,58499,61,4,4,3,5,0,0,8.201103624035026e-05,0.9999762377189014,0.4614133020536061,0.04050003646289002,0.9509061434388965,0.0,0.10366854199946829,0.0012412210016918834,0.06643165399964346,4.8991717309991145,4.993089446999875,2.5326815089993033,4.914650;4.887338;4.899172,4.993089;4.998447;4.992743,2.525902;2.532682;2.534111,,multiprocessing,2026-10-03T12:58:01+00:00
L4-00949,L4,n2-standard-4,Linux,6.1.0-53-cloud-amd64,x86_64,Intel(R) Xeon(R) CPU @ 2.80GHz,intel,4,2,2800,16.8,3.14.6,CPython,1,forkserver,2.5.3,cpu,cpu_sum_squares,22946,1276,0.3,ms,normal,46,1299,4,2,1,2,0,0,0.00109706172737457,0.9979833028053653,0.15077336729439422,0.0046473726430232174,0.9770759893893115,0.0,0.024643630000355188,0.0002759809985946049,0.076364139999896,0.04894213099942135,0.04995759899975383,0.030253253999944718,0.049737;0.048780;0.048942,0.050188;0.049958;0.049632,0.030496;0.030253;0.029314,,multiprocessing,2026-10-03T12:58:02+00:00
L4-00950,L4,n2-standard-4,Linux,6.1.0-53-cloud-amd64,x86_64,Intel(R) Xeon(R) CPU @ 2.80GHz,intel,4,2,2800,16.8,3.14.6,CPython,1,forkserver,2.5.3,mixed,mixed_parse_lines,4,9088,0.0,ms,normal,56,9110,4,2,2,3,1,0,0.0017083472857848392,0.945084396783995,0.04015950561528513,0.003114329980470028,1.0250514414683634,0.0,0.04760958800034132,0.00031404899982589995,0.076364139999896,0.0934832719995029,0.10228971099968476,0.09559127099964826,0.093614;0.093387;0.093483,0.092470;0.102809;0.102290,0.054150;0.095591;0.096008,,sequential,2026-10-03T12:58:04+00:00
L4-00951,L4,n2-standard-4,Linux,6.1.0-53-cloud-amd64,x86_64,Intel(R) Xeon(R) CPU @ 2.80GHz,intel,4,2,2800,16.8,3.14.6,CPython,1,forkserver,2.5.3,recursive,rec_tree_sum,45,1402702,0.8,ms,big,142,1402724,4,4,0,4,0,0,2.8915714184612237e-05,1.0,0.57772052029996,10.940514838742885,1.0646493713279033,25.4,0.008788709000327799,0.00675789900469681,0.06643165399964346,0.0037643489995389245,0.004009654000583396,0.3910832510000546,0.003764;0.002088;0.004093,0.004721;0.004010;0.002867,0.391083,,sequential,2026-10-03T12:58:05+00:00
L4-00952,L4,n2-standard-4,Linux,6.1.0-53-cloud-amd64,x86_64,Intel(R) Xeon(R) CPU @ 2.80GHz,intel,4,2,2800,16.8,3.14.6,CPython,1,forkserver,2.5.3,tiny,tiny_small_loop,75,17,0.0,seconds,normal,200000,36,4,8,0,0,0,0,7.077535005919344e-07,1.0,0.2263348166998595,4.701495719188959,0.8046643669019647,19.3,0.0067736259998127935,0.0028213169980517705,0.06897686000047543,0.13551504199949704,0.14460549599971273,0.15526907200001006,0.135515;0.135528;0.133146,0.164237;0.144605;0.139919,0.167200;0.155269;0.126761,,sequential,2026-10-03T12:58:07+00:00
L4-00953,L4,n2-standard-4,Linux,6.1.0-53-cloud-amd64,x86_64,Intel(R) Xeon(R) CPU @ 2.80GHz,intel,4,2,2800,16.8,3.14.6,CPython,1,forkserver,2.5.3,cpu,cpu_collatz,2543,50,0.0,ms,normal,8,70,4,2,2,5,0,0,0.01312026299971573,0.9999700754493694,0.0047877685285031045,0.0009596098360802997,0.9735520791325555,0.0,0.07996034099960525,0.00023659799990127794,0.076364139999896,0.10502444099984132,0.10698132000015903,0.06217711599947506,0.104916;0.105024;0.105065,0.107039;0.106981;0.106686,0.057502;0.062177;0.063380,,multiprocessing,2026-10-03T12:58:08+00:00
L4-00954,L4,n2-standard-4,Linux,6.1.0-53-cloud-amd64,x86_64,Intel(R) Xeon(R) CPU @ 2.80GHz,intel,4,2,2800,16.8,3.14.6,CPython,1,forkserver,2.5.3,db,db_mem_group_by,8117,1699,0.3,ms,normal,8,1722,4,8,1,2,1,0,0.008040823666306096,1.0,0.2152657302085703,0.0012058881176362786,0.4550266320896749,0.0,0.06954598199990869,0.00021352400108298752,0.06897686000047543,0.06656784400001925,1.1679359450008633,0.03358718900017266,0.066568,1.167936,0.033587,threading,multiprocessing,2026-10-03T12:58:10+00:00
L4-00955,L4,n2-standard-4,Linux,6.1.0-53-cloud-amd64,x86_64,Intel(R) Xeon(R) CPU @ 2.80GHz,intel,4,2,2800,16.8,3.14.6,CPython,1,forkserver,2.5.3,big_payload,big_upper_copy,3,549192,0.3,seconds,big,364,549214,4,2,0,0,0,0,0.0004938355714130212,0.999651021120628,0.07394944005610976,1.3638082977191779,0.9314719364062783,0.0,0.10829702899991389,0.014715541001351085,0.07828898900061176,0.16224088400031178,0.15218693099996017,1.8774402090002695,0.187352;0.162241;0.162128,0.190067;0.152187;0.151694,1.877440,,threading,2026-10-03T12:58:15+00:00
L4-00956,L4,n2-standard-4,Linux,6.1.0-53-cloud-amd64,x86_64,Intel(R) Xeon(R) CPU @ 2.80GHz,intel,4,2,2800,16.8,3.14.6,CPython,1,forkserver,2.5.3,tiny,tiny_len,2,136,0.0,ms,normal,22746,155,4,4,0,0,0,0,1.269555186809157e-07,1.0,0.344365008863852,26.985829742871918,0.22077817136304467,0.0,0.00520766400040884,0.0030434919626713963,0.06312339099986275,0.0014520690001518233,0.0028199009993841173,0.01172484299968346,0.001544;0.001452;0.001346,0.002938;0.002820;0.002321,0.011725,,sequential,2026-10-03T12:58:15+00:00
L4-00957,L4,n2-standard-4,Linux,6.1.0-53-cloud-amd64,x86_64,Intel(R) Xeon(R) CPU @ 2.80GHz,intel,4,2,2800,16.8,3.14.6,CPython,1,forkserver,2.5.3,cpu,cpu_sum_squares,1761,41,0.0,seconds,normal,6274,61,4,8,1,2,0,0,7.430442834148964e-05,0.9999707208934552,0.04651421804404265,0.04786053758204809,0.9727373233953368,0.0,0.1030380319998585,0.001733241010697384,0.06381446400064306,0.4669250560000364,0.47807506199933414,0.26577482399989094,0.498386;0.466925;0.465356,0.478075;0.476716;0.480617,0.270336;0.265775;0.265412,,multiprocessing,2026-10-03T12:58:20+00:00
L4-00958,L4,n2-standard-4,Linux,6.1.0-53-cloud-amd64,x86_64,Intel(R) Xeon(R) CPU @ 2.80GHz,intel,4,2,2800,16.8,3.14.6,CPython,1,forkserver,2.5.3,recursive,rec_nqueens,20,172,0.0,ms,normal,31,191,4,8,1,10,0,0,0.0033308437140086816,1.0,0.014237316255137022,0.0018022031984546553,0.9481476140648566,0.0,0.049009612999725505,0.0011596410013225977,0.06381446400064306,0.10277711999970052,0.10684120699988853,0.05626547100018797,0.101821;0.103322;0.102777,0.106652;0.107564;0.106841,0.058908;0.056265;0.053773,,multiprocessing,2026-10-03T12:58:21+00:00
L4-00959,L4,n2-standard-4,Linux,6.1.0-53-cloud-amd64,x86_64,Intel(R) Xeon(R) CPU @ 2.80GHz,intel,4,2,2800,16.8,3.14.6,CPython,1,forkserver,2.5.3,big_payload,big_count_byte,66,115210,0.3,ms,big,64,115232,4,8,0,1,0,0,0.00018654399997330984,1.0,0.029527976297306132,0.11677942029873899,0.8626302520898831,0.0,0.007402660000479955,0.0008849080013533239,0.06381446400064306,0.012110652000046684,0.012790849000339222,0.015005726999334001,0.011995;0.012159;0.012111,0.012962;0.012791;0.012641,0.014207;0.015006;0.017314,,sequential,2026-10-03T12:58:22+00:00
L4-00960,L4,n2-standard-4,Linux,6.1.0-53-cloud-amd64,x86_64,Intel(R) Xeon(R) CPU @ 2.80GHz,intel,4,2,2800,16.8,3.14.6,CPython,1,forkserver,2.5.3,recursive,rec_quicksort,1750,32,0.3,seconds,normal,475,52,4,2,1,8,0,0,0.0020169027692155885,0.9999719567811989,0.21132708521679341,0.0015930117835855234,0.9875189780985127,0.0,0.10732469400045375,0.0010673630004021106,0.07828898900061176,0.9569381519995659,0.9757566529997348,0.49186081900006684,0.956733;0.961429;0.956938,0.972343;0.975757;0.979078,0.486389;0.500127;0.491861,,multiprocessing,2026-10-03T12:58:30+00:00
L4-00961,L4,n2-standard-4,Linux,6.1.0-53-cloud-amd64,x86_64,Intel(R) Xeon(R) CPU @ 2.80GHz,intel,4,2,2800,16.8,3.14.6,CPython,1,forkserver,2.5.3,algo_rec,algo_sudoku,4,1127,0.0,ms,normal,60,1149,4,4,3,28,0,0,0.002361756466780207,1.0,1.522121919385175,0.0019368071701385489,0.7042592885921888,0.0,0.08948339200014743,0.0023315559983529965,0.06312339099986275,0.17539272700014408,0.17970881099972758,0.11093325300043944,0.174944;0.175393;0.175458,0.180181;0.179709;0.178875,0.109211;0.110933;0.111744,,multiprocessing,2026-10-03T12:58:32+00:00
L4-00962,L4,n2-standard-4,Linux,6.1.0-53-cloud-amd64,x86_64,Intel(R) Xeon(R) CPU @ 2.80GHz,intel,4,2,2800,16.8,3.14.6,CPython,1,forkserver,2.5.3,gil_release,gil_bz2,47,300000,0.0,ms,big,8,300022,4,2,0,1,0,1,0.0054984789997737,1.0,0.019134726261343313,0.012396094743335173,1.4016648793761255,0.0,0.028934951999872283,0.0007630460004293127,0.07828898900061176,0.043054746000052546,0.022629097999924852,0.027713022999705572,0.043279;0.043055;0.042986,0.022702;0.022629;0.022472,0.038300;0.027308;0.027713,,threading,2026-10-03T12:58:33+00:00
L4-00963,L4,n2-standard-4,Linux,6.1.0-53-cloud-amd64,x86_64,Intel(R) Xeon(R) CPU @ 2.80GHz,intel,4,2,2800,16.8,3.14.6,CPython,1,forkserver,2.5.3,algo_rec,algo_merge_sort,5333,1987958,0.3,seconds,big,100,1987981,4,4,1,10,0,0,0.010879057999773067,0.9997465190615237,0.13174549511444608,0.07270407052688097,0.9172842166120327,0.0,0.1156860749997577,0.005454337000628584,0.06312339099986275,1.0547357659997942,1.091846882000027,0.6779314690002138,1.055766;1.054736;1.054528,1.091847;1.097411;1.087568,0.689475;0.666801;0.677931,,multiprocessing,2026-10-03T12:58:42+00:00
L4-00964,L4,n2-standard-4,Linux,6.1.0-53-cloud-amd64,x86_64,Intel(R) Xeon(R) CPU @ 2.80GHz,intel,4,2,2800,16.8,3.14.6,CPython,1,forkserver,2.5.3,text,text_format_report,15,25,0.3,seconds,normal,200000,44,4,2,1,2,0,0,1.861691549538591e-05,0.9996094619826364,0.23411410487172127,0.18191252157143403,0.9834623631761906,0.5,0.0796541999998226,0.003711718009071774,0.07828898900061176,3.647901078999894,3.6781629759998395,1.927761265999834,3.671264;3.647901;3.634444,3.804778;3.678163;3.660449,1.921725;1.950634;1.927761,,multiprocessing,2026-10-03T12:59:11+00:00
L4-00965,L4,n2-standard-4,Linux,6.1.0-53-cloud-amd64,x86_64,Intel(R) Xeon(R) CPU @ 2.80GHz,intel,4,2,2800,16.8,3.14.6,CPython,1,forkserver,2.5.3,cpu,cpu_matmul_lists,6,221,0.8,seconds,normal,5215,240,4,8,3,5,0,0,2.3664046812049875e-05,1.0,0.8978693970269259,0.13835757057248668,0.9567187926318066,0.0,0.06627197199941293,0.002622546004204196,0.06381446400064306,0.12408684300044115,0.12829330099975778,0.07358883500000957,0.123759;0.124515;0.124087,0.128105;0.128353;0.128293,0.074034;0.073261;0.073589,,multiprocessing,2026-10-03T12:59:12+00:00
L4-00966,L4,n2-standard-4,Linux,6.1.0-53-cloud-amd64,x86_64,Intel(R) Xeon(R) CPU @ 2.80GHz,intel,4,2,2800,16.8,3.14.6,CPython,1,forkserver,2.5.3,numpy,np_elementwise,9507,179,0.0,ms,normal,68,199,4,4,0,4,0,0,0.0002684981764105032,1.0,0.094062802110424,0.019955662349221595,1.3525263202559814,0.0,0.008886153999810631,0.0009354060002806364,0.06312339099986275,0.017849066000053426,0.013429464999717311,0.07562388600035774,0.017892;0.017849;0.017710,0.013780;0.013282;0.013429,0.075624,,threading,2026-10-03T12:59:13+00:00
L4-00967,L4,n2-standard-4,Linux,6.1.0-53-cloud-amd64,x86_64,Intel(R) Xeon(R) CPU @ 2.80GHz,intel,4,2,2800,16.8,3.14.6,CPython,1,forkserver,2.5.3,db,db_file_lookup,64,378877,0.8,ms,big,12,378899,4,4,1,5,1,0,0.0005159103335851493,1.0,0.49839094544699286,0.20645835699625395,0.024160821890177677,0.5,0.04545919700012746,0.0014384879987119348,0.06312339099986275,0.007508203000725189,0.2769877399996403,0.018513857000471035,0.007508;0.007365;0.007646,0.276988,0.026579;0.007418;0.018514,,sequential,2026-10-03T12:59:14+00:00
L4-00968,L4,n2-standard-4,Linux,6.1.0-53-cloud-amd64,x86_64,Intel(R) Xeon(R) CPU @ 2.80GHz,intel,4,2,2800,16.8,3.14.6,CPython,1,forkserver,2.5.3,big_result,result_matrix_lists,366,251,0.8,ms,normal,8,270.6666666666667,4,2,2,5,0,0,0.007647228000071967,1.0,0.39816445355229896,0.2173502171632001,1.5439098842150814,0.0,0.047448373999941396,0.005620761000500352,0.07828898900061176,0.07762576599998283,0.07951909099938348,0.07915709699955187,0.077069;0.077626;0.077937,0.079323;0.079580;0.079519,0.074576;0.088386;0.079157,,sequential,2026-10-03T12:59:15+00:00
L4-00969,L4,n2-standard-4,Linux,6.1.0-53-cloud-amd64,x86_64,Intel(R) Xeon(R) CPU @ 2.80GHz,intel,4,2,2800,16.8,3.14.6,CPython,1,forkserver,2.5.3,gil_release,gil_bz2,62,300000,0.8,seconds,big,488,300022,4,2,0,1,0,1,0.0073921841429702385,0.9999766037973093,0.4044686850137314,0.008407760562938894,1.8204571557826632,0.0,0.0782768720000604,0.0006742919986209017,0.07828898900061176,3.308957463999832,1.6711915219993898,1.7716935970001941,3.308957;3.314539;3.308444,1.671192;1.674581;1.666272,1.754213;1.771694;1.781433,,threading,2026-10-03T12:59:37+00:00
L4-00970,L4,n2-standard-4,Linux,6.1.0-53-cloud-amd64,x86_64,Intel(R) Xeon(R) CPU @ 2.80GHz,intel,4,2,2800,16.8,3.14.6,CPython,1,forkserver,2.5.3,db,db_file_lookup,200,28,0.8,seconds,normal,2989,47.55,4,2,1,5,1,0,0.0018094530356458044,0.9999611495683521,0.40202713588173317,0.001697032160871796,1.152459904996054,0.5,0.09416213300028176,0.0003433760020925547,0.07828898900061176,4.835240217000319,4.431089024999892,2.412746244000118,4.849155;4.814577;4.835240,4.301125;4.431089;4.864371,2.412746;2.397142;2.792447,,multiprocessing,2026-10-03T13:00:13+00:00
L4-00971,L4,n2-standard-4,Linux,6.1.0-53-cloud-amd64,x86_64,Intel(R) Xeon(R) CPU @ 2.80GHz,intel,4,2,2800,16.8,3.14.6,CPython,1,forkserver,2.5.3,mixed,mixed_parse_lines,48,2780,0.3,seconds,normal,38,2802,4,2,2,3,1,0,0.005668798000139456,0.9130161896702483,0.16398764665868895,0.0009742414055497287,0.868463567029608,0.0,0.10897557199950825,0.0008895689979908639,0.07828898900061176,0.23048931499943137,0.21566843999971752,0.13416804499956925,0.230489;0.229017;0.231928,0.215668;0.216184;0.214824,0.129286;0.134168;0.136903,,multiprocessing,2026-10-03T13:00:15+00:00
L4-00972,L4,n2-standard-4,Linux,6.1.0-53-cloud-amd64,x86_64,Intel(R) Xeon(R) CPU @ 2.80GHz,intel,4,2,2800,16.8,3.14.6,CPython,1,forkserver,2.5.3,io,io_file_roundtrip,2,493675,0.3,ms,big,14,493697,4,2,1,0,1,0,0.00677388933339292,0.18104031568528073,0.13277377870774237,0.017010562320705403,1.0993647138365334,0.0,0.03871280499970453,0.00128200399922207,0.07828898900061176,0.09565376400041714,0.08143867299986596,0.061655669000174385,0.092686;0.095654;0.095991,0.057832;0.081439;0.097604,0.055578;0.061656;0.097396,,multiprocessing,2026-10-03T13:00:17+00:00
L4-00973,L4,n2-standard-4,Linux,6.1.0-53-cloud-amd64,x86_64,Intel(R) Xeon(R) CPU @ 2.80GHz,intel,4,2,2800,16.8,3.14.6,CPython,1,forkserver,2.5.3,numpy,np_fft,75230,127101,0.8,seconds,big,248,127132.8,4,4,0,0,0,1,0.010725595999974757,0.9999960667574541,0.1190531319456244,0.0032710350212359763,1.9543576988384337,0.0,0.0831328409994967,0.0009047409994309419,0.06312339099986275,1.9867093729999397,1.0693980259993623,1.0859924329997739,1.986709;1.986284;2.024853,1.081278;1.067420;1.069398,1.099886;1.084783;1.085992,,threading,2026-10-03T13:00:30+00:00
L4-00974,L4,n2-standard-4,Linux,6.1.0-53-cloud-amd64,x86_64,Intel(R) Xeon(R) CPU @ 2.80GHz,intel,4,2,2800,16.8,3.14.6,CPython,1,forkserver,2.5.3,tiny,tiny_add,672,126,0.3,seconds,normal,200000,146,4,4,0,1,0,0,1.612049918549019e-07,1.0,0.4138898572721377,22.248380355470864,0.4966671331205409,0.0,0.004819980000320356,0.0030885950163792586,0.06312339099986275,0.021954599000309827,0.02613777700025821,0.09909735600012937,0.023295;0.021955;0.020935,0.026533;0.026138;0.025538,0.100443;0.089775;0.099097,,sequential,2026-10-03T13:00:31+00:00
L4-00975,L4,n2-standard-4,Linux,6.1.0-53-cloud-amd64,x86_64,Intel(R) Xeon(R) CPU @ 2.80GHz,intel,4,2,2800,16.8,3.14.6,CPython,1,forkserver,2.5.3,mixed,mixed_json_roundtrip,91,769588,0.3,ms,big,8,769610,4,4,1,1,1,0,0.0027341930002269996,0.9638098304100581,0.06863721039001726,0.08487440344914085,0.8121379966603374,0.0,0.019441729000391206,0.0014197149994288338,0.06312339099986275,0.022636319999946863,0.02321337100056553,0.016679882999596884,0.022781;0.022636;0.022409,0.023213;0.022891;0.023609,0.016449;0.021543;0.016680,,multiprocessing,2026-10-03T13:00:32+00:00
L4-00976,L4,n2-standard-4,Linux,6.1.0-53-cloud-amd64,x86_64,Intel(R) Xeon(R) CPU @ 2.80GHz,intel,4,2,2800,16.8,3.14.6,CPython,1,forkserver,2.5.3,text,text_split_count,47,2840,0.3,ms,normal,8,2862,4,2,1,1,0,0,0.006533576999875852,1.0,0.042846022583148326,0.0017478940237387168,1.0121197177034504,0.5,0.039623258000574424,0.000784538000516477,0.07828898900061176,0.04941844899985881,0.051185031000386516,0.029376692999903753,0.048981;0.049817;0.049418,0.051212;0.051006;0.051185,0.029377;0.033652;0.028021,,multiprocessing,2026-10-03T13:00:52+00:00
L4-00977,L4,n2-standard-4,Linux,6.1.0-53-cloud-amd64,x86_64,Intel(R) Xeon(R) CPU @ 2.80GHz,intel,4,2,2800,16.8,3.14.6,CPython,1,forkserver,2.5.3,algo_rec,algo_merge_sort,1927,92,0.3,seconds,normal,83,112,4,4,1,10,0,0,0.0035285391334279365,0.9999697773671942,0.16241863183790384,0.02558446895996252,1.1047796984215668,0.0,0.10257436800020514,0.0015948609989209217,0.06312339099986275,0.2792141760000959,0.2865974410005947,0.15773793400057912,0.277610;0.279214;0.280295,0.286597;0.286171;0.288331,0.148426;0.157738;0.161050,,multiprocessing,2026-10-03T13:00:55+00:00
L4-00978,L4,n2-standard-4,Linux,6.1.0-53-cloud-amd64,x86_64,Intel(R) Xeon(R) CPU @ 2.80GHz,intel,4,2,2800,16.8,3.14.6,CPython,1,forkserver,2.5.3,big_payload,big_reverse,3,1450238,0.8,seconds,big,137,1450260,4,2,0,0,0,0,0.0007182921177338678,1.0,0.024378720995120288,0.7531716366918625,0.5358592927829214,0.0,0.08158292900043307,0.011464118996627803,0.07828898900061176,0.15053378500033432,0.18454473400015559,1.4625944550007262,0.164537;0.150444;0.150534,0.181421;0.185104;0.184545,1.462594,,sequential,2026-10-03T13:00:59+00:00
L4-00979,L4,n2-standard-4,Linux,6.1.0-53-cloud-amd64,x86_64,Intel(R) Xeon(R) CPU @ 2.80GHz,intel,4,2,2800,16.8,3.14.6,CPython,1,forkserver,2.5.3,tiny,tiny_small_loop,68,22,0.3,seconds,normal,200000,41,4,4,0,0,0,0,6.737244971191103e-07,1.0,0.9378561104398776,4.878923019936371,0.8373223956013025,0.5,0.006876920999275171,0.0031235560054483358,0.06312339099986275,0.11830074799945578,0.13134254199940187,0.11331686799985619,0.119676;0.118301;0.117889,0.131343;0.131525;0.130820,0.113317;0.111983;0.114147,,multiprocessing,2026-10-03T13:01:01+00:00
L4-00980,L4,n2-standard-4,Linux,6.1.0-53-cloud-amd64,x86_64,Intel(R) Xeon(R) CPU @ 2.80GHz,intel,4,2,2800,16.8,3.14.6,CPython,1,forkserver,2.5.3,gil_release,gil_bz2,80,300000,0.0,seconds,big,199,300022,4,4,0,1,0,1,0.008531957833383785,0.9999813311934463,0.013694816511311181,0.006676330063296431,1.9164395106836247,0.0,0.07840307099922939,0.0005770189982285956,0.06312339099986275,1.682853549000356,0.752446138999403,0.7606723720000446,1.687140;1.682443;1.682854,0.752800;0.752446;0.734047,0.760672;0.762808;0.757485,,threading,2026-10-03T13:01:11+00:00
L4-00981,L4,n2-standard-4,Linux,6.1.0-53-cloud-amd64,x86_64,Intel(R) Xeon(R) CPU @ 2.80GHz,intel,4,2,2800,16.8,3.14.6,CPython,1,forkserver,2.5.3,io,io_sleep_return_payload,2399,1372,0.0,ms,normal,8,1395,4,8,0,1,1,0,0.0024805223332199,0.008537314602815945,0.002063382502096697,0.00534363249068588,1.4255311105977657,0.0,0.013280809000207228,0.0005611720007436816,0.06381446400064306,0.019804907999969146,0.0028679179995378945,0.010333774999708112,0.019805,0.002868;0.002828;0.002934,0.010334;0.013780;0.003817,,threading,2026-10-03T13:01:12+00:00
L4-00982,L4,n2-standard-4,Linux,6.1.0-53-cloud-amd64,x86_64,Intel(R) Xeon(R) CPU @ 2.80GHz,intel,4,2,2800,16.8,3.14.6,CPython,1,forkserver,2.5.3,big_payload,big_reverse,2,2866072,0.3,seconds,big,69,2866094,4,2,0,0,0,0,0.0013995127645851906,1.0,0.009206994915548253,0.8067118905941694,0.5471921467353985,0.0,0.08680382199963788,0.019496562002132123,0.07828898900061176,0.14218007399995258,0.17806856999959564,1.634145114999228,0.142180;0.156425;0.140887,0.178069;0.178282;0.177966,1.634145,,sequential,2026-10-03T13:01:15+00:00
L4-00983,L4,n2-standard-4,Linux,6.1.0-53-cloud-amd64,x86_64,Intel(R) Xeon(R) CPU @ 2.80GHz,intel,4,2,2800,16.8,3.14.6,CPython,1,forkserver,2.5.3,big_payload,big_reverse,1,212849,0.0,seconds,big,939,212871,4,4,0,0,0,0,0.00010483744442050617,1.0,0.05193211627264272,0.5674566014352955,0.6537243986256909,0.0,0.06408393099991372,0.001856332005445438,0.06312339099986275,0.09977808499934326,0.13241506400026992,1.5028782299996237,0.100576;0.099778;0.099584,0.166441;0.129872;0.132415,1.502878,multiprocessing,sequential,2026-10-03T13:01:19+00:00
L4-00984,L4,n2-standard-4,Linux,6.1.0-53-cloud-amd64,x86_64,Intel(R) Xeon(R) CPU @ 2.80GHz,intel,4,2,2800,16.8,3.14.6,CPython,1,forkserver,2.5.3,numpy,np_sort,3315,208,0.0,ms,normal,126,228,4,2,0,3,0,1,9.214887106809915e-05,1.0,0.27693560976440107,0.04383341850284414,0.8205536762887891,0.0,0.0071700420003253384,0.0008977329971457948,0.07828898900061176,0.010764433000076679,0.008367532000193023,0.08005980199959595,0.010764;0.010789;0.010709,0.008658;0.008083;0.008368,0.080060,,threading,2026-10-03T13:01:19+00:00
L4-00985,L4,n2-standard-4,Linux,6.1.0-53-cloud-amd64,x86_64,Intel(R) Xeon(R) CPU @ 2.80GHz,intel,4,2,2800,16.8,3.14.6,CPython,1,forkserver,2.5.3,big_payload,big_checksum_head,2481,1320741,0.8,ms,big,151,1320764,4,4,1,1,0,0,6.215648647559794e-05,1.0,0.4558181965195532,4.0962748146147465,0.8474988910020008,0.0,0.010787991999677615,0.00573899499977415,0.06404494100024749,0.009162680999907025,0.009584796000126516,0.26121775499996147,0.009163;0.009079;0.009240,0.009808;0.009562;0.009585,0.261218,,sequential,2026-10-03T13:01:21+00:00
L4-00986,L4,n2-standard-4,Linux,6.1.0-53-cloud-amd64,x86_64,Intel(R) Xeon(R) CPU @ 2.80GHz,intel,4,2,2800,16.8,3.14.6,CPython,1,forkserver,2.5.3,db,db_mem_group_by,66,17,0.3,ms,normal,334,36,4,8,1,2,1,0,0.00018155018074961495,1.0,0.11036427289023244,0.016439807223191202,0.7328890066865834,1.0,0.036544112999763456,0.0010038959972007433,0.06381446400064306,0.0588148419992649,0.7952004930002659,0.028210473999934038,0.058769;0.059602;0.058815,0.795200,0.028210;0.029942;0.027950,,multiprocessing,2026-10-03T13:01:23+00:00
L4-00987,L4,n2-standard-4,Linux,6.1.0-53-cloud-amd64,x86_64,Intel(R) Xeon(R) CPU @ 2.80GHz,intel,4,2,2800,16.8,3.14.6,CPython,1,forkserver,2.5.3,big_payload,big_upper_copy,2,378013,0.8,ms,big,529,378035,4,8,0,0,0,0,0.00017265009095160966,0.9994670049045276,0.03747719232604719,0.712791979209169,0.9553065212638365,1.0,0.04976690700004838,0.002989323994370352,0.06381446400064306,0.1448048349993769,0.10204802500084043,1.5036437469998418,0.144805;0.167569;0.144706,0.162484;0.101728;0.102048,1.503644,,threading,2026-10-03T13:01:26+00:00
L4-00988,L4,n2-standard-4,Linux,6.1.0-53-cloud-amd64,x86_64,Intel(R) Xeon(R) CPU @ 2.80GHz,intel,4,2,2800,16.8,3.14.6,CPython,1,forkserver,2.5.3,algo_iter,algo_dijkstra,606,34,0.0,ms,normal,18,54,4,4,2,15,0,0,0.0013659204998930363,1.0,0.021194826074154294,0.004714586074819123,0.9444243121657679,0.0,0.01258416299970122,0.0013471319998643594,0.06404494100024749,0.02342987600059132,0.025115487999755715,0.014864191000015126,0.023430;0.023521;0.023337,0.025263;0.025115;0.025057,0.017102;0.014864;0.013819,,multiprocessing,2026-10-03T13:01:27+00:00
L4-00989,L4,n2-standard-4,Linux,6.1.0-53-cloud-amd64,x86_64,Intel(R) Xeon(R) CPU @ 2.80GHz,intel,4,2,2800,16.8,3.14.6,CPython,1,forkserver,2.5.3,gil_release,gil_sha256,18,72179,0.3,ms,normal,32,72201,4,2,1,1,0,1,0.0029782081248868053,1.0,0.1674773563390112,0.005124935602577185,1.7947021432673849,0.0,0.038259697999819764,0.0007356330006587086,0.07828898900061176,0.09898833699935494,0.05047479899985774,0.06826517099943885,0.098970;0.099149;0.098988,0.050456;0.050475;0.050555,0.068265;0.070391;0.054699,,threading,2026-10-03T13:01:28+00:00
L4-00990,L4,n2-standard-4,Linux,6.1.0-53-cloud-amd64,x86_64,Intel(R) Xeon(R) CPU @ 2.80GHz,intel,4,2,2800,16.8,3.14.6,CPython,1,forkserver,2.5.3,db,db_file_lookup,88,112,0.3,ms,normal,150,131,4,4,1,5,1,0,0.0008012673784784007,1.0,0.13587853377325346,0.004009273468399171,1.2350313962084931,0.0,0.054024987000047986,0.00034590999621286755,0.06404494100024749,0.11810312699981296,0.42394586899990827,0.06662285600032192,0.119143;0.118103;0.117519,0.428926;0.418965,0.087617;0.063731;0.066623,,multiprocessing,2026-10-03T13:01:30+00:00
L4-00991,L4,n2-standard-4,Linux,6.1.0-53-cloud-amd64,x86_64,Intel(R) Xeon(R) CPU @ 2.80GHz,intel,4,2,2800,16.8,3.14.6,CPython,1,forkserver,2.5.3,text,text_csv_parse,1,320,0.3,seconds,normal,3586,342,4,4,2,3,0,0,0.0003722735259240532,0.9999763117476246,0.0356891388189079,0.008562252782418085,0.9729926506061207,0.0,0.10300735800046823,0.0011100980000264826,0.06404494100024749,1.3320281309997881,1.3661266130002332,0.6967371450000428,1.340314;1.332028;1.329543,1.369821;1.366127;1.363197,0.696737;0.690560;0.697426,,multiprocessing,2026-10-03T13:01:41+00:00
L4-00992,L4,n2-standard-4,Linux,6.1.0-53-cloud-amd64,x86_64,Intel(R) Xeon(R) CPU @ 2.80GHz,intel,4,2,2800,16.8,3.14.6,CPython,1,forkserver,2.5.3,text,text_split_count,19,431,0.3,ms,normal,255,453,4,8,1,1,0,0,0.00044066960316062223,1.0,0.16503987335001571,0.0072545278562842295,0.9483581980215778,0.0,0.05754132499987463,0.0003752810007426888,0.06381446400064306,0.11578407599972707,0.11786831099925621,0.0665467640001225,0.114458;0.117070;0.115784,0.118298;0.117606;0.117868,0.066537;0.066547;0.070362,,multiprocessing,2026-10-03T13:01:42+00:00
L4-00993,L4,n2-standard-4,Linux,6.1.0-53-cloud-amd64,x86_64,Intel(R) Xeon(R) CPU @ 2.80GHz,intel,4,2,2800,16.8,3.14.6,CPython,1,forkserver,2.5.3,io,io_sleep_return_payload,718,17156,0.8,seconds,normal,1453,17179,4,4,0,1,1,0,0.0007794461845640818,0.013377450686402467,0.4023324357830189,0.012469430362484784,1.846909010388056,0.0,0.07889594900007069,0.0005828410030517261,0.06404494100024749,1.1303216390006128,0.2885124109998287,0.39406730199971207,1.131895;1.128629;1.130322,0.288512;0.288398;0.288751,0.369067;0.428494;0.394067,,threading,2026-10-03T13:01:48+00:00
L4-00994,L4,n2-standard-4,Linux,6.1.0-53-cloud-amd64,x86_64,Intel(R) Xeon(R) CPU @ 2.80GHz,intel,4,2,2800,16.8,3.14.6,CPython,1,forkserver,2.5.3,big_result,result_matrix_lists,394,29,0.3,ms,normal,8,49,4,2,2,5,0,0,0.012425442666426534,0.9997379154515503,0.24359595684133228,0.2121295853095439,0.7171754320311049,0.0,0.0975665289997778,0.008113126999887754,0.07828898900061176,0.13256561900016095,0.1354404980002073,0.11944845099969825,0.131455;0.132913;0.132566,0.135440;0.139289;0.134347,0.107352;0.119448;0.129108,,multiprocessing,2026-10-03T13:01:50+00:00
L4-00995,L4,n2-standard-4,Linux,6.1.0-53-cloud-amd64,x86_64,Intel(R) Xeon(R) CPU @ 2.80GHz,intel,4,2,2800,16.8,3.14.6,CPython,1,forkserver,2.5.3,algo_rec,algo_lcs_memo,2,111415,0.0,seconds,big,77,111437,4,4,1,10,0,0,0.0063610539999672255,0.9997836784754711,0.25463557368019774,0.0030764555793000655,0.9919171934566128,0.0,0.10471062299984624,0.0017880969999168883,0.06404494100024749,0.42668220499945164,0.4467060790002506,0.2175803600002837,0.446777;0.426682;0.426168,0.476117;0.446706;0.446366,0.217580;0.227087;0.211520,,multiprocessing,2026-10-03T13:01:54+00:00
L4-00996,L4,n2-standard-4,Linux,6.1.0-53-cloud-amd64,x86_64,Intel(R) Xeon(R) CPU @ 2.80GHz,intel,4,2,2800,16.8,3.14.6,CPython,1,forkserver,2.5.3,big_payload,big_upper_copy,2,247361,0.0,ms,big,808,247383,4,2,0,0,0,0,0.00011315816335458168,1.0,0.04615978598045568,0.6479271816292518,0.9585331472233543,0.0,0.04896977099997457,0.002094620002026204,0.07828898900061176,0.17118982499960111,0.1806047509999189,1.7728711400022803,0.154574;0.171834;0.171190,0.182322;0.180605;0.179882,1.772871,multiprocessing,sequential,2026-10-03T13:01:58+00:00
L4-00997,L4,n2-standard-4,Linux,6.1.0-53-cloud-amd64,x86_64,Intel(R) Xeon(R) CPU @ 2.80GHz,intel,4,2,2800,16.8,3.14.6,CPython,1,forkserver,2.5.3,cpu,cpu_count_primes,10560,331559,0.0,seconds,big,356,331582,4,4,2,4,0,0,0.006964321874988855,0.9999760800712764,0.00406596702764024,0.010557919558504445,0.9826567243513765,0.0,0.11374626700035151,0.0013232710007287096,0.06404494100024749,2.4778132869996625,2.5076096570001027,1.4431047699999908,2.479890;2.477813;2.474271,2.506046;2.507610;2.745383,1.333259;1.443105;1.478314,,multiprocessing,2026-10-03T13:02:19+00:00
L4-00998,L4,n2-standard-4,Linux,6.1.0-53-cloud-amd64,x86_64,Intel(R) Xeon(R) CPU @ 2.80GHz,intel,4,2,2800,16.8,3.14.6,CPython,1,forkserver,2.5.3,text,text_split_count,25,1312,0.3,ms,normal,17,1334,4,4,1,1,0,0,0.001927454250107985,1.0,0.17053796333929305,0.0034090303175682646,0.9021289721413975,0.0,0.016714561000299,0.00020694999966508476,0.06404494100024749,0.03120649799984676,0.03288850600074511,0.022671818000162602,0.031206;0.031310;0.031037,0.033440;0.032889;0.032149,0.022672;0.020665;0.024416,,multiprocessing,2026-10-03T13:02:19+00:00
L4-00999,L4,n2-standard-4,Linux,6.1.0-53-cloud-amd64,x86_64,Intel(R) Xeon(R) CPU @ 2.80GHz,intel,4,2,2800,16.8,3.14.6,CPython,1,forkserver,2.5.3,recursive,rec_fib,13229,182334,0.3,seconds,big,1096,182357,4,4,0,4,0,0,0.0010611481875078728,0.9999674308519143,0.16492056792559873,0.027521980641597193,0.9940673191288834,0.0,0.10368864100018982,0.0013917380001657875,0.06404494100024749,1.1675506389992734,1.1882411500000671,0.6773027639992506,1.167156;1.167551;1.167868,1.188459;1.186668;1.188241,0.677303;0.681697;0.673830,,multiprocessing,2026-10-03T13:02:30+00:00
L4-01000,L4,n2-standard-4,Linux,6.1.0-53-cloud-amd64,x86_64,Intel(R) Xeon(R) CPU @ 2.80GHz,intel,4,2,2800,16.8,3.14.6,CPython,1,forkserver,2.5.3,mixed,mixed_json_roundtrip,148,1134,0.8,ms,normal,8,1156,4,4,1,1,1,0,0.004205788000338846,0.9711240864101249,0.23592776470044757,0.002075869444907796,0.6861890218842639,0.0,0.03171711899994989,0.00020297999890317442,0.06404494100024749,0.04207156899974507,0.04271573200003331,0.02678584299974318,0.042127;0.041954;0.042072,0.042716;0.042760;0.042693,0.029142;0.026786;0.026448,,multiprocessing,2026-10-03T13:02:31+00:00
L4-01001,L4,n2-standard-4,Linux,6.1.0-53-cloud-amd64,x86_64,Intel(R) Xeon(R) CPU @ 2.80GHz,intel,4,2,2800,16.8,3.14.6,CPython,1,forkserver,2.5.3,big_payload,big_upper_copy,9,1374260,0.0,ms,big,145,1374282,4,2,0,0,0,0,0.0006290847221761295,1.0,0.01956315926206628,0.8049770280209284,0.7678051058136326,0.5,0.06268357299995841,0.010464271002092573,0.04189491199940676,0.16063390499948582,0.17890194699975837,1.5654913580001448,0.159973;0.160634;0.171389,0.178069;0.179829;0.178902,1.565491,,sequential,2026-10-03T13:02:34+00:00
L4-01002,L4,n2-standard-4,Linux,6.1.0-53-cloud-amd64,x86_64,Intel(R) Xeon(R) CPU @ 2.80GHz,intel,4,2,2800,16.8,3.14.6,CPython,1,forkserver,2.5.3,text,text_regex_findall,47,948,0.0,ms,normal,30,970,4,8,1,1,0,0,0.0024297422856501987,1.0,0.012611850074326891,0.002211992358416681,0.8875665980434362,0.0,0.036851829000625,0.0006687630011583678,0.06381446400064306,0.07658468499994342,0.08089027400001214,0.04392108499996539,0.076585;0.076267;0.076586,0.080890;0.081234;0.080588,0.043921;0.040899;0.049430,,multiprocessing,2026-10-03T13:02:35+00:00
L4-01003,L4,n2-standard-4,Linux,6.1.0-53-cloud-amd64,x86_64,Intel(R) Xeon(R) CPU @ 2.80GHz,intel,4,2,2800,16.8,3.14.6,CPython,1,forkserver,2.5.3,big_payload,big_reverse,1,151087,0.3,ms,big,1323,151109,4,2,0,0,0,0,7.50497242348281e-05,1.0,0.059892779704673764,0.5374550056478995,0.8649590624886936,0.0,0.05565286900036881,0.0020517450029728934,0.04189491199940676,0.17710112600070715,0.18653101000018069,1.9040507600002456,0.180810;0.166870;0.177101,0.189442;0.186531;0.185794,1.904051,multiprocessing,sequential,2026-10-03T13:02:40+00:00
L4-01004,L4,n2-standard-4,Linux,6.1.0-53-cloud-amd64,x86_64,Intel(R) Xeon(R) CPU @ 2.80GHz,intel,4,2,2800,16.8,3.14.6,CPython,1,forkserver,2.5.3,big_result,result_sorted_pairs,313,154321,0.8,seconds,big,1295,154343.4,4,8,1,4,0,0,0.00013842734364623218,0.9999794671060952,2.8675935011820637,0.7564943257394073,1.142375957043441,1.0,0.08745526900020195,0.003362902002663759,0.06381446400064306,0.16398131999994803,0.16597685099986847,0.3032206669995503,0.178325;0.163224;0.163981,0.165729;0.165977;0.167396,0.390825;0.297125;0.303221,,sequential,2026-10-03T13:02:43+00:00
L4-01005,L4,n2-standard-4,Linux,6.1.0-53-cloud-amd64,x86_64,Intel(R) Xeon(R) CPU @ 2.80GHz,intel,4,2,2800,16.8,3.14.6,CPython,1,forkserver,2.5.3,algo_iter,algo_dijkstra,505,19,0.3,seconds,normal,429,39,4,2,2,15,0,0,0.0010888630212069442,0.999990254684718,0.18506918355638965,0.0028470982502905714,0.9825666864278122,0.0,0.1039762399996107,0.00036917600300512277,0.04278745000010531,0.45529029899989837,0.4733161280000786,0.2398804590002328,0.455290;0.454562;0.457997,0.473316;0.471023;0.476977,0.239880;0.240358;0.231800,,multiprocessing,2026-10-03T13:02:47+00:00
L4-01006,L4,n2-standard-4,Linux,6.1.0-53-cloud-amd64,x86_64,Intel(R) Xeon(R) CPU @ 2.80GHz,intel,4,2,2800,16.8,3.14.6,CPython,1,forkserver,2.5.3,db,db_mem_insert_select,142,181,0.3,seconds,normal,1239,200,4,2,1,1,1,0,0.00020053787148027188,0.9999888865346903,0.10917846474722467,0.014975225949778027,0.5003332188858101,0.0,0.1509791309999855,0.0013326170010259375,0.04278745000010531,0.24537746399983007,0.3965433829998801,0.11266711600001145,0.244581;0.247319;0.245377,0.396543;0.402288;0.389475,0.112667;0.113781;0.110998,,multiprocessing,2026-10-03T13:02:50+00:00
L4-01007,L4,n2-standard-4,Linux,6.1.0-53-cloud-amd64,x86_64,Intel(R) Xeon(R) CPU @ 2.80GHz,intel,4,2,2800,16.8,3.14.6,CPython,1,forkserver,2.5.3,gil_release,gil_numpy_matmul,67,1084,0.0,ms,normal,1854,1106,4,4,0,2,0,1,2.5951846637680108e-05,1.0,0.23720232799619476,0.16805740274458011,0.6684436787565816,0.0,0.03186775399990438,0.0018035440070889308,0.06404494100024749,0.04879419799999596,0.1874128159997781,0.035426803999143885,0.048794;0.048350;0.049001,0.186533;0.188292,0.101369;0.031489;0.035427,,multiprocessing,2026-10-03T13:02:51+00:00
L4-01008,L4,n2-standard-4,Linux,6.1.0-53-cloud-amd64,x86_64,Intel(R) Xeon(R) CPU @ 2.80GHz,intel,4,2,2800,16.8,3.14.6,CPython,1,forkserver,2.5.3,big_result,result_long_string,1422,23,0.3,ms,normal,100,43,4,8,1,1,0,0,0.0002822148400809965,1.0,0.21182190723327055,0.041785187570076356,0.9689921632995111,1.0,0.015209546000733098,0.0009413259986104094,0.06381446400064306,0.027014883999981976,0.028878850000182865,0.028071713999452186,0.027136;0.027015;0.026881,0.029167;0.028879;0.028424,0.028072;0.043170;0.025488,,sequential,2026-10-03T13:02:52+00:00
L4-01009,L4,n2-standard-4,Linux,6.1.0-53-cloud-amd64,x86_64,Intel(R) Xeon(R) CPU @ 2.80GHz,intel,4,2,2800,16.8,3.14.6,CPython,1,forkserver,2.5.3,algo_iter,algo_kmeans,868,37,0.3,seconds,normal,285,57,4,2,3,15,0,0,0.014547829250204813,0.9998031546211186,0.17621002603486238,0.0006824386037727348,1.029801667651187,0.0,0.11378251399946748,0.0013697969980057678,0.04278745000010531,4.282910608999373,4.414639212999646,2.199177903000418,4.287360;4.282911;4.277985,4.414639;4.403637;4.417912,2.199178;2.215872;2.194871,,multiprocessing,2026-10-03T13:03:25+00:00
L4-01010,L4,n2-standard-4,Linux,6.1.0-53-cloud-amd64,x86_64,Intel(R) Xeon(R) CPU @ 2.80GHz,intel,4,2,2800,16.8,3.14.6,CPython,1,forkserver,2.5.3,tiny,tiny_len,14,611914,0.8,ms,big,326,611936,4,8,0,0,0,0,2.8041977427086366e-07,1.0,0.5076033616008182,424.1699798480911,0.05838594939663235,0.0,0.0032681420007065753,0.0027692069988916046,0.06381446400064306,8.339699979842408e-05,0.0007569079998575035,0.2051420389998384,0.000083;0.000088;0.000024,0.000757,0.205142,,sequential,2026-10-03T13:03:27+00:00
L4-01011,L4,n2-standard-4,Linux,6.1.0-53-cloud-amd64,x86_64,Intel(R) Xeon(R) CPU @ 2.80GHz,intel,4,2,2800,16.8,3.14.6,CPython,1,forkserver,2.5.3,algo_rec,algo_merge_sort,474,1678,0.3,ms,normal,84,1701,4,2,1,10,0,0,0.0007570296667316663,1.0,0.2026544222242779,0.033095532549884045,0.9831022199667796,0.0,0.03267319699989457,0.000743714998861833,0.04278745000010531,0.060882986999786226,0.06227672600016376,0.04921110099985526,0.060883;0.060858;0.060899,0.062611;0.062277;0.062235,0.049211;0.059009;0.036856,,multiprocessing,2026-10-03T13:03:28+00:00
L4-01012,L4,n2-standard-4,Linux,6.1.0-53-cloud-amd64,x86_64,Intel(R) Xeon(R) CPU @ 2.80GHz,intel,4,2,2800,16.8,3.14.6,CPython,1,forkserver,2.5.3,recursive,rec_tree_sum,2299,108,0.8,seconds,normal,4191,128,4,4,0,4,0,0,0.000726486463779862,0.9999834039502519,0.4958204190775291,0.0047201155715490255,1.0029515931177206,0.0,0.1014941319999707,0.0010890309986280045,0.06404494100024749,3.1671306810003443,3.291717150000295,1.515199907999886,3.170812;3.167131;3.156048,3.275685;3.291717;3.302734,1.515200;1.517337;1.501181,,multiprocessing,2026-10-03T13:03:52+00:00
L4-01013,L4,n2-standard-4,Linux,6.1.0-53-cloud-amd64,x86_64,Intel(R) Xeon(R) CPU @ 2.80GHz,intel,4,2,2800,16.8,3.14.6,CPython,1,forkserver,2.5.3,cpu,cpu_count_primes,136,1766293,0.8,ms,big,113,1766315,4,2,2,4,0,0,2.3290750147810157e-05,1.0,0.5776339914964833,15.414306013886595,0.6995054702662833,0.0,0.0091065950000484,0.007460994996108639,0.04278745000010531,0.0021987499994793325,0.0024947689998953138,0.2292076370003997,0.002196;0.002225;0.002199,0.002589;0.002495;0.002427,0.229208,,sequential,2026-10-03T13:03:54+00:00
L4-01014,L4,n2-standard-4,Linux,6.1.0-53-cloud-amd64,x86_64,Intel(R) Xeon(R) CPU @ 2.80GHz,intel,4,2,2800,16.8,3.14.6,CPython,1,forkserver,2.5.3,gil_release,gil_bz2,90,300000,0.3,ms,big,8,300022,4,4,0,1,0,1,0.00945408033324687,1.0,0.08532295708283548,0.008173860413605304,1.2584056442053626,0.5,0.05117050500030018,0.0004402800004754681,0.06404494100024749,0.07739286900050502,0.03444424999997864,0.0420414879999953,0.077393;0.077274;0.077781,0.034373;0.036180;0.034444,0.037307;0.044236;0.042041,,threading,2026-10-03T13:03:55+00:00
L4-01015,L4,n2-standard-4,Linux,6.1.0-53-cloud-amd64,x86_64,Intel(R) Xeon(R) CPU @ 2.80GHz,intel,4,2,2800,16.8,3.14.6,CPython,1,forkserver,2.5.3,big_payload,big_reverse,4,424183,0.3,ms,big,471,424205,4,8,0,0,0,0,0.00021000361537004117,1.0,0.041123785409698826,0.6739331602598192,0.5543478926375414,0.0,0.07236938799997006,0.0033542340015628724,0.06381446400064306,0.16854146600053355,0.10519494199979817,1.8427073300026677,0.168541;0.173791;0.151292,0.105383;0.105195;0.102654,1.842707,multiprocessing,threading,2026-10-03T13:03:59+00:00
L4-01016,L4,n2-standard-4,Linux,6.1.0-53-cloud-amd64,x86_64,Intel(R) Xeon(R) CPU @ 2.80GHz,intel,4,2,2800,16.8,3.14.6,CPython,1,forkserver,2.5.3,cpu,cpu_count_primes,3234,1579183,0.3,seconds,big,126,1579206,4,8,2,4,0,0,0.0014695420323116723,0.9995875943861271,0.20251360402845003,0.20852904732905084,0.9927957929993032,0.0,0.09822249799981364,0.006438575997890439,0.06850902299993322,0.18725269799961097,0.1887542439999379,0.25510060800024803,0.212334;0.187253;0.185277,0.188754;0.188380;0.189088,0.255101;0.256580;0.230827,,sequential,2026-10-03T13:04:02+00:00
L4-01017,L4,n2-standard-4,Linux,6.1.0-53-cloud-amd64,x86_64,Intel(R) Xeon(R) CPU @ 2.80GHz,intel,4,2,2800,16.8,3.14.6,CPython,1,forkserver,2.5.3,big_result,result_records,539,25,0.3,ms,normal,799,45,4,8,1,2,0,0,0.0002251792211289504,0.9999761197804289,1.0315797990535573,1.0544021282616756,0.5724889009060058,0.0,0.12892081499921915,0.005772287994659564,0.06850902299993322,0.2805031139996572,0.32167742000001454,0.33541009799955646,0.280503;0.320786;0.264313,0.289823;0.321677;0.328001,0.417304;0.335410;0.324822,,sequential,2026-10-03T13:04:05+00:00
L4-01018,L4,n2-standard-4,Linux,6.1.0-53-cloud-amd64,x86_64,Intel(R) Xeon(R) CPU @ 2.80GHz,intel,4,2,2800,16.8,3.14.6,CPython,1,forkserver,2.5.3,tiny,tiny_add,4,103,0.3,seconds,normal,200000,122,4,4,0,1,0,0,1.442014854546869e-07,1.0,2.095097355217878,22.43596911054794,0.47990837403589376,0.0,0.004583838000144169,0.0029151370290492196,0.06404494100024749,0.015669163999518787,0.018823147999682988,0.08484537599997566,0.015669;0.015433;0.015706,0.019045;0.018809;0.018823,0.084845,,sequential,2026-10-03T13:04:06+00:00
L4-01019,L4,n2-standard-4,Linux,6.1.0-53-cloud-amd64,x86_64,Intel(R) Xeon(R) CPU @ 2.80GHz,intel,4,2,2800,16.8,3.14.6,CPython,1,forkserver,2.5.3,tiny,tiny_add,25,348,0.8,ms,normal,200000,370,4,4,0,1,0,0,1.8016150715993717e-07,1.0,0.28969937215036506,17.064410354518635,0.5142858832651538,0.0,0.004383831000268401,0.0025720859866851242,0.06404494100024749,0.026637978000508156,0.025012963999870408,0.1500698129993907,0.026638;0.026965;0.026622,0.025013;0.025507;0.024895,0.150070,,threading,2026-10-03T13:04:07+00:00
L4-01020,L4,n2-standard-4,Linux,6.1.0-53-cloud-amd64,x86_64,Intel(R) Xeon(R) CPU @ 2.80GHz,intel,4,2,2800,16.8,3.14.6,CPython,1,forkserver,2.5.3,db,db_file_commit,1,833096,0.8,seconds,big,35,833118,4,2,1,0,1,0,0.01307534024999768,0.27846207775717846,0.29004436015227886,0.01674004240485526,1.197363145778575,0.5,0.09719004999988101,0.0017597470005057403,0.04278745000010531,0.33589983500041853,0.32474543699936476,0.3434487390004506,0.344952;0.335900;0.325179,0.361887;0.324745;0.319456,0.238649;0.353921;0.343449,,threading,2026-10-03T13:04:11+00:00
L4-01021,L4,n2-standard-4,Linux,6.1.0-53-cloud-amd64,x86_64,Intel(R) Xeon(R) CPU @ 2.80GHz,intel,4,2,2800,16.8,3.14.6,CPython,1,forkserver,2.5.3,io,io_file_roundtrip,2,10571,0.0,seconds,normal,236,10593,4,2,1,0,1,0,0.002573471749883538,0.09507344085302646,0.11482083325710507,0.001971694445179661,1.5186619227111606,0.0,0.08499303400003555,0.0003929150025214767,0.04278745000010531,0.6232996360004108,0.3996389330004604,0.3993122609999773,0.614390;0.627994;0.623300,0.403587;0.399639;0.398080,0.401391;0.399312;0.395525,,multiprocessing,2026-10-03T13:04:16+00:00
L4-01022,L4,n2-standard-4,Linux,6.1.0-53-cloud-amd64,x86_64,Intel(R) Xeon(R) CPU @ 2.80GHz,intel,4,2,2800,16.8,3.14.6,CPython,1,forkserver,2.5.3,mixed,mixed_parse_lines,4,19570,0.3,seconds,normal,1644,19592,4,2,2,3,1,0,0.0038303062857656706,0.9744186051800409,0.15877315719444673,0.0019681193938764175,0.9205239544027126,27.0,0.11158272499960731,0.00035985399881610647,0.04278745000010531,5.652101978000246,5.59219080100047,2.9201366610004698,5.687823;5.638890;5.652102,5.594866;5.592191;5.588643,2.920137;2.938745;2.904951,,multiprocessing,2026-10-03T13:04:59+00:00
L4-01023,L4,n2-standard-4,Linux,6.1.0-53-cloud-amd64,x86_64,Intel(R) Xeon(R) CPU @ 2.80GHz,intel,4,2,2800,16.8,3.14.6,CPython,1,forkserver,2.5.3,gil_release,gil_zlib,1,34240,0.8,seconds,normal,1179,34262,4,8,1,1,0,1,0.0008353650833214487,0.9993548821899163,0.3286967660135971,0.010216730655077753,1.9706164456942965,0.0,0.07664466400001402,0.000934331001190003,0.06850902299993322,0.9768274179996297,0.36798135800017917,0.4040143599995645,0.976827;0.977568;0.973084,0.367981;0.370018;0.367036,0.404014;0.404617;0.401754,,threading,2026-10-03T13:05:05+00:00
L4-01024,L4,n2-standard-4,Linux,6.1.0-53-cloud-amd64,x86_64,Intel(R) Xeon(R) CPU @ 2.80GHz,intel,4,2,2800,16.8,3.14.6,CPython,1,forkserver,2.5.3,mixed,mixed_hash_then_write,75088,1045,0.3,seconds,normal,2473,1069.5,4,8,1,3,1,0,0.0003536223238639445,0.3715062846067305,0.24915012255333252,0.010983327987277596,1.859756391791939,0.0,0.0786533820000841,0.0012508220115705626,0.06850902299993322,0.8907192100004977,0.681632325999999,0.1850204649999796,0.890719,0.446530;0.681632;0.809388,0.185020;0.164740;0.807234,,multiprocessing,2026-10-03T13:05:10+00:00
L4-01025,L4,n2-standard-4,Linux,6.1.0-53-cloud-amd64,x86_64,Intel(R) Xeon(R) CPU @ 2.80GHz,intel,4,2,2800,16.8,3.14.6,CPython,1,forkserver,2.5.3,text,text_split_count,54,320,0.8,seconds,normal,550,342,4,8,1,1,0,0,0.0010239491633242603,0.9999857958998397,0.44152545168199986,0.003163877734538925,1.0289704798271493,0.0,0.09911314399960247,0.0003578039968488156,0.06850902299993322,0.4989471079998111,0.5109662099994239,0.26114597200012213,0.498947;0.494303;0.510493,0.510110;0.510966;0.512148,0.260528;0.272084;0.261146,,multiprocessing,2026-10-03T13:05:14+00:00
L4-01026,L4,n2-standard-4,Linux,6.1.0-53-cloud-amd64,x86_64,Intel(R) Xeon(R) CPU @ 2.80GHz,intel,4,2,2800,16.8,3.14.6,CPython,1,forkserver,2.5.3,big_payload,big_count_byte,2,360785,0.3,seconds,big,554,360807,4,2,0,1,0,0,0.0005845181744493751,0.9999721481992717,0.02000164499385374,0.10221495716702822,0.9733019453086411,0.0,0.1036215779995473,0.0016419149969806313,0.04278745000010531,0.3245833479995781,0.3271998460004397,0.2795242429992868,0.322012;0.325149;0.324583,0.326815;0.327278;0.327200,0.297160;0.279524;0.272758,,multiprocessing,2026-10-03T13:05:18+00:00
L4-01027,L4,n2-standard-4,Linux,6.1.0-53-cloud-amd64,x86_64,Intel(R) Xeon(R) CPU @ 2.80GHz,intel,4,2,2800,16.8,3.14.6,CPython,1,forkserver,2.5.3,algo_iter,algo_dijkstra,53,467724,0.8,ms,big,121,467746,4,8,2,15,0,0,0.0001260342000629559,0.9967840770418738,0.6908047056600978,0.7237642632654532,1.1126122712223503,0.0,0.009499568000137515,0.002217639997979859,0.06850902299993322,0.01183885999944323,0.013327285999366723,0.05086633599967172,0.011765;0.011839;0.012039,0.013327;0.012998;0.013395,0.050866;0.048374;0.054440,,sequential,2026-10-03T13:05:19+00:00
L4-01028,L4,n2-standard-4,Linux,6.1.0-53-cloud-amd64,x86_64,Intel(R) Xeon(R) CPU @ 2.80GHz,intel,4,2,2800,16.8,3.14.6,CPython,1,forkserver,2.5.3,gil_release,gil_numpy_matmul,38,82062,0.0,ms,normal,752,82084,4,8,0,2,0,1,0.00010653755316525348,1.0,0.22572323074493522,0.16085032442811228,1.5782520866955423,0.0,0.03382885599967267,0.0010532400046940893,0.06850902299993322,0.0775513629996567,0.08778643999994529,0.09300479600005929,0.077551;0.077223;0.077744,0.088595;0.087548;0.087786,0.209608;0.090264;0.093005,,sequential,2026-10-03T13:05:21+00:00
L4-01029,L4,n2-standard-4,Linux,6.1.0-53-cloud-amd64,x86_64,Intel(R) Xeon(R) CPU @ 2.80GHz,intel,4,2,2800,16.8,3.14.6,CPython,1,forkserver,2.5.3,big_result,result_sorted_pairs,118,50,0.8,seconds,normal,113838,69,4,4,1,4,0,0,3.586431548630674e-05,0.9999832149568144,0.9148717149607927,0.6712033854467947,0.9247608058234668,0.0,0.10679253000034805,0.0030061469979045796,0.06404494100024749,6.12104782500046,6.340816046999862,6.177120323000054,6.121048;6.074499;6.247894,6.444746;6.340816;6.188444,6.227746;5.900655;6.177120,,sequential,2026-10-03T13:06:17+00:00
L4-01030,L4,n2-standard-4,Linux,6.1.0-53-cloud-amd64,x86_64,Intel(R) Xeon(R) CPU @ 2.80GHz,intel,4,2,2800,16.8,3.14.6,CPython,1,forkserver,2.5.3,tiny,tiny_small_loop,17,446420,0.8,seconds,big,448,446442,4,4,0,0,0,0,4.448660563736796e-07,1.0,0.58338053087705,202.41227375599786,0.10943578621342527,0.0,0.0028288260000408627,0.0022321380020002834,0.06404494100024749,0.00017478900008427445,0.0008329709999088664,0.17491022899957898,0.000175;0.000165;0.000184,0.000833,0.174910,,sequential,2026-10-03T13:06:18+00:00
L4-01031,L4,n2-standard-4,Linux,6.1.0-53-cloud-amd64,x86_64,Intel(R) Xeon(R) CPU @ 2.80GHz,intel,4,2,2800,16.8,3.14.6,CPython,1,forkserver,2.5.3,gil_release,gil_numpy_matmul,47,9674,0.0,seconds,normal,20673,9696,4,4,0,2,0,1,2.4779668683504175e-05,0.9997463832221253,0.1376154302766735,0.23625417051653388,0.38934382347552254,0.0,0.17957717300032527,0.0033738029951564386,0.06404494100024749,0.5087195579999388,1.5953694019999602,0.40460182199967676,0.504331;0.508720;0.510512,1.595369;1.648318;1.499921,0.420942;0.404602;0.374772,,multiprocessing,2026-10-03T13:06:27+00:00
L4-01032,L4,n2-standard-4,Linux,6.1.0-53-cloud-amd64,x86_64,Intel(R) Xeon(R) CPU @ 2.80GHz,intel,4,2,2800,16.8,3.14.6,CPython,1,forkserver,2.5.3,db,db_mem_group_by,971,317,0.0,ms,normal,262,340,4,2,1,2,1,0,0.0010960881522014856,0.9994540686276474,0.030025603783870525,0.0029041460508852338,0.51402037602036,0.5,0.1486809580001136,0.00038478099941130495,0.04278745000010531,0.2847696700000597,0.5886139149997689,0.13572658700013562,0.285079;0.284770;0.284607,0.607672;0.550244;0.588614,0.129104;0.135727;0.138239,,multiprocessing,2026-10-03T13:06:31+00:00
L4-01033,L4,n2-standard-4,Linux,6.1.0-53-cloud-amd64,x86_64,Intel(R) Xeon(R) CPU @ 2.80GHz,intel,4,2,2800,16.8,3.14.6,CPython,1,forkserver,2.5.3,text,text_split_count,54,1946,0.0,ms,normal,8,1968,4,2,1,1,0,0,0.005480332333415087,1.0,0.011472680763705901,0.001632504398498017,0.9430839094569484,0.0,0.033990832999734266,0.00019290099953650497,0.04278745000010531,0.04367465999985143,0.0440374919999158,0.025396762000127637,0.043675;0.043413;0.044209,0.044163;0.043856;0.044037,0.029391;0.022891;0.025397,,multiprocessing,2026-10-03T13:06:32+00:00
L4-01034,L4,n2-standard-4,Linux,6.1.0-53-cloud-amd64,x86_64,Intel(R) Xeon(R) CPU @ 2.80GHz,intel,4,2,2800,16.8,3.14.6,CPython,1,forkserver,2.5.3,big_payload,big_reverse,7,178377,0.3,ms,big,1121,178399,4,8,0,0,0,0,8.823014993920099e-05,0.9993155277165788,0.06527470852424815,0.5388928854083804,0.9753905665574457,0.0,0.05208747799952107,0.0018513890172471292,0.06850902299993322,0.15318570300041756,0.10547356999995827,1.1153396549998433,0.176396;0.152567;0.153186,0.125789;0.105474;0.102531,1.115340,,threading,2026-10-03T13:06:35+00:00
L4-01035,L4,n2-standard-4,Linux,6.1.0-53-cloud-amd64,x86_64,Intel(R) Xeon(R) CPU @ 2.80GHz,intel,4,2,2800,16.8,3.14.6,CPython,1,forkserver,2.5.3,io,io_sleep_chunks,490,155,0.3,ms,normal,36,175,4,8,1,1,1,0,0.0007769446665406576,0.02963322874146081,0.08037101925747113,0.0062843026258478036,1.9047683060456435,0.0,0.011367858999619784,0.0006036170007064356,0.06850902299993322,0.02566897999986395,0.004541310000604426,0.0049357249999957276,0.025669,0.004541;0.004755;0.004459,0.005218;0.004845;0.004936,,threading,2026-10-03T13:06:36+00:00
L4-01036,L4,n2-standard-4,Linux,6.1.0-53-cloud-amd64,x86_64,Intel(R) Xeon(R) CPU @ 2.80GHz,intel,4,2,2800,16.8,3.14.6,CPython,1,forkserver,2.5.3,algo_rec,algo_sudoku,8,58,0.3,seconds,normal,126,77,4,8,3,28,0,0,0.004855723090920285,0.9999757033299973,0.7045336251514436,0.0009176800249153548,0.9299276070919037,0.0,0.11435521800012793,0.000254268999924534,0.06850902299993322,0.8414014359996145,0.865047059999597,0.4586554020006588,0.843813;0.840007;0.841401,0.863346;0.865047;0.866241,0.458655;0.457966;0.469130,,multiprocessing,2026-10-03T13:06:43+00:00
L4-01037,L4,n2-standard-4,Linux,6.1.0-53-cloud-amd64,x86_64,Intel(R) Xeon(R) CPU @ 2.80GHz,intel,4,2,2800,16.8,3.14.6,CPython,1,forkserver,2.5.3,big_payload,big_upper_copy,10,117624,0.8,ms,big,1700,117646,4,4,0,0,0,0,5.412663528498824e-05,1.0,0.07027475699121108,0.5848977994433454,0.9660352813853204,0.5,0.04867240800012951,0.0015945210034260526,0.06404494100024749,0.14684780399966257,0.10878488999969704,1.1736748879993684,0.146848;0.146988;0.146300,0.114171;0.108785;0.102101,1.173675,,threading,2026-10-03T13:06:46+00:00
L4-01038,L4,n2-standard-4,Linux,6.1.0-53-cloud-amd64,x86_64,Intel(R) Xeon(R) CPU @ 2.80GHz,intel,4,2,2800,16.8,3.14.6,CPython,1,forkserver,2.5.3,tiny,tiny_add,16,57,0.0,ms,normal,58417,76,4,4,0,1,0,0,1.1690550491039175e-07,1.0,1.017429277791751,30.28001113001053,0.3768581692409446,0.0,0.0043508919998203055,0.0027368499904696364,0.06404494100024749,0.003525701999933517,0.005498295000506914,0.027206901999306865,0.003688;0.003526;0.003343,0.006008;0.005498;0.005342,0.027207,,sequential,2026-10-03T13:06:46+00:00
L4-01039,L4,n2-standard-4,Linux,6.1.0-53-cloud-amd64,x86_64,Intel(R) Xeon(R) CPU @ 2.80GHz,intel,4,2,2800,16.8,3.14.6,CPython,1,forkserver,2.5.3,io,io_sleep,2085,202,0.3,ms,normal,68,222,4,4,0,1,1,0,0.002289661235301858,0.007102038510917565,0.16455203192626458,0.0018594582324147275,1.897050781328643,0.0,0.060112860999652185,0.0007306529996640165,0.06404494100024749,0.14975684600085515,0.04185139699984575,0.0425437720004993,0.149757;0.149710;0.150007,0.041851;0.041867;0.041721,0.042699;0.042451;0.042544,,threading,2026-10-03T13:06:48+00:00
L4-01040,L4,n2-standard-4,Linux,6.1.0-53-cloud-amd64,x86_64,Intel(R) Xeon(R) CPU @ 2.80GHz,intel,4,2,2800,16.8,3.14.6,CPython,1,forkserver,2.5.3,big_payload,big_checksum_head,895,3056199,0.3,seconds,big,65,3056222,4,4,1,1,0,0,2.343768750279196e-05,1.0,0.2147809691461238,27.169057310147185,0.46901857056416196,0.0,0.01165640599992912,0.010441930999149918,0.06404494100024749,0.0014899850002620951,0.0019492419996822719,0.17900777499926335,0.001518;0.001480;0.001490,0.002175;0.001794;0.001949,0.179008,,sequential,2026-10-03T13:06:49+00:00
L4-01041,L4,n2-standard-4,Linux,6.1.0-53-cloud-amd64,x86_64,Intel(R) Xeon(R) CPU @ 2.80GHz,intel,4,2,2800,16.8,3.14.6,CPython,1,forkserver,2.5.3,big_result,result_records,3302,30,0.3,seconds,normal,377,50,4,2,1,2,0,0,0.0013122576665409724,0.9999742258883081,0.46495087814425523,2.0626832817171334,0.7845353814026269,0.0,0.17120749399964552,0.054474653004035645,0.04278745000010531,1.0657868409998628,1.0384843199999523,1.2285958720003691,1.106508;1.065787;1.015127,0.999025;1.038484;1.063984,1.228596;1.110640;1.236832,,threading,2026-10-03T13:06:59+00:00
L4-01042,L4,n2-standard-4,Linux,6.1.0-53-cloud-amd64,x86_64,Intel(R) Xeon(R) CPU @ 2.80GHz,intel,4,2,2800,16.8,3.14.6,CPython,1,forkserver,2.5.3,mixed,mixed_hash_then_write,297,8873,0.0,ms,normal,455,8896,4,2,1,3,1,0,0.00032188560182266803,0.2578803470251512,0.18881763281265465,0.0178241897874466,1.8510116954049125,0.0,0.05678495099982683,0.000569424993955181,0.04278745000010531,0.15605174699976487,0.08351530500021909,0.08764100299958955,0.156052;0.155796;0.165615,0.080148;0.085928;0.083515,0.082444;0.087641;0.087916,,threading,2026-10-03T13:07:01+00:00
L4-01043,L4,n2-standard-4,Linux,6.1.0-53-cloud-amd64,x86_64,Intel(R) Xeon(R) CPU @ 2.80GHz,intel,4,2,2800,16.8,3.14.6,CPython,1,forkserver,2.5.3,mixed,mixed_hash_then_write,11159,2405,0.8,seconds,normal,18878,2428,4,2,1,3,1,0,0.00034569188958592914,0.5892715088055417,0.18818280594238604,0.010603517636520477,1.3174510320008008,0.0,0.08893224999974336,0.0006071130101190647,0.04278745000010531,6.541949114999625,6.167047082999488,6.046940591000748,6.541949;6.293819;7.426089,6.167047;6.177213;4.890686,4.434389;6.046941;6.191412,,multiprocessing,2026-10-03T13:07:56+00:00
L4-01044,L4,n2-standard-4,Linux,6.1.0-53-cloud-amd64,x86_64,Intel(R) Xeon(R) CPU @ 2.80GHz,intel,4,2,2800,16.8,3.14.6,CPython,1,forkserver,2.5.3,big_payload,big_count_byte,74,306547,0.0,ms,big,27,306569,4,8,0,1,0,0,0.0005040481664764229,1.0,0.028486859279796356,0.13107212995562437,0.8758820161698032,0.0,0.007150479000301857,0.0005989520013827132,0.06850902299993322,0.013481080000019574,0.014478463999694213,0.015035196999633627,0.013481;0.013435;0.013609,0.014814;0.014335;0.014478,0.015035;0.014763;0.020909,,sequential,2026-10-03T13:07:57+00:00
L4-01045,L4,n2-standard-4,Linux,6.1.0-53-cloud-amd64,x86_64,Intel(R) Xeon(R) CPU @ 2.80GHz,intel,4,2,2800,16.8,3.14.6,CPython,1,forkserver,2.5.3,db,db_file_lookup,88,712282,0.3,seconds,big,280,712304,4,2,1,5,1,0,0.0007889717343942948,0.9996892838955443,0.14870689110574098,0.1795053535610768,0.8336481101951141,0.0,0.11436326999955782,0.0031976119989849394,0.04278745000010531,0.22043532999941817,0.19323498399990058,0.27885513399996853,0.220435;0.216512;0.222041,0.203587;0.189663;0.193235,0.285301;0.268991;0.278855,,threading,2026-10-03T13:08:00+00:00
L4-01046,L4,n2-standard-4,Linux,6.1.0-53-cloud-amd64,x86_64,Intel(R) Xeon(R) CPU @ 2.80GHz,intel,4,2,2800,16.8,3.14.6,CPython,1,forkserver,2.5.3,tiny,tiny_small_loop,53,143,0.0,ms,normal,82818,162,4,4,0,0,0,0,6.083600133024447e-07,1.0,0.6734053417915082,5.25174216217158,0.7516014199094516,0.0,0.006326844999421155,0.002733684972554329,0.06404494100024749,0.04516000000057829,0.049647351000203344,0.052249735000259534,0.045160;0.045146;0.045603,0.050692;0.049647;0.049585,0.051487;0.057909;0.052250,,sequential,2026-10-03T13:08:01+00:00
L4-01047,L4,n2-standard-4,Linux,6.1.0-53-cloud-amd64,x86_64,Intel(R) Xeon(R) CPU @ 2.80GHz,intel,4,2,2800,16.8,3.14.6,CPython,1,forkserver,2.5.3,gil_release,gil_sha256,570,33445,0.3,ms,normal,8,33468,4,2,1,1,0,1,0.0379304446672298,0.9998412951155757,0.10608302233033284,0.0004500606347170541,1.7004652517805334,0.0,0.18551500500052498,0.0002923019983427366,0.04278745000010531,0.308817504000217,0.16310480599986477,0.17163360100039426,0.308818;0.308903;0.307876,0.163105;0.167836;0.163017,0.171700;0.165601;0.171634,,threading,2026-10-03T13:08:04+00:00
L4-01048,L4,n2-standard-4,Linux,6.1.0-53-cloud-amd64,x86_64,Intel(R) Xeon(R) CPU @ 2.80GHz,intel,4,2,2800,16.8,3.14.6,CPython,1,forkserver,2.5.3,tiny,tiny_add,6,183214,0.8,seconds,big,1091,183236,4,8,0,1,0,0,1.9413235965176307e-07,1.0,0.4430573183828844,153.57563257021604,0.14186411816429464,0.0,0.0017550239999764017,0.001182164998681401,0.06850902299993322,0.0001691409997874871,0.0009296500002164976,0.1819721700003356,0.000179;0.000169;0.000056,0.000930,0.181972,,sequential,2026-10-03T13:08:05+00:00
L4-01049,L4,n2-standard-4,Linux,6.1.0-53-cloud-amd64,x86_64,Intel(R) Xeon(R) CPU @ 2.80GHz,intel,4,2,2800,16.8,3.14.6,CPython,1,forkserver,2.5.3,io,io_sleep_chunks,2737,754,0.8,ms,normal,9,777,4,8,1,1,1,0,0.0016904006670301897,0.036716724190675676,0.20355608859236335,0.007117050234472536,0.8468655061445101,0.0,0.011288230999525695,0.00023641599818802206,0.06850902299993322,0.023291446999792242,0.005432879000181856,0.009928226000738505,0.023306;0.023226;0.023291,0.005327;0.005514;0.005433,0.009928;0.005673;0.020157,,threading,2026-10-03T13:08:06+00:00
L4-01050,L4,n2-standard-4,Linux,6.1.0-53-cloud-amd64,x86_64,Intel(R) Xeon(R) CPU @ 2.80GHz,intel,4,2,2800,16.8,3.14.6,CPython,1,forkserver,2.5.3,big_result,result_long_string,18013,91,0.8,seconds,normal,54,111,4,2,1,1,0,0,0.0029679363845459125,1.0,0.6188822339793145,0.0385073306849745,0.7487915984027931,0.0,0.09430703700036247,0.001729932000671397,0.04278745000010531,0.19382571400001325,0.1975532509995901,0.2199211010001818,0.193188;0.193826;0.194699,0.197766;0.197553;0.197506,0.219921;0.235157;0.182451,,sequential,2026-10-03T13:08:08+00:00
L4-01051,L4,n2-standard-4,Linux,6.1.0-53-cloud-amd64,x86_64,Intel(R) Xeon(R) CPU @ 2.80GHz,intel,4,2,2800,16.8,3.14.6,CPython,1,forkserver,2.5.3,cpu,cpu_sum_squares,3374,76,0.3,seconds,normal,2253,96,4,2,1,2,0,0,0.00015753097164054248,0.9999726494763636,0.19681764589718004,0.02527947332333809,0.9849588076164618,0.0,0.10159824999936973,0.0007949449891384575,0.04278745000010531,0.35189912500027276,0.35722203600016655,0.18469169099989813,0.351734;0.351899;0.352868,0.357222;0.356928;0.357287,0.183945;0.184692;0.191383,,multiprocessing,2026-10-03T13:08:11+00:00
L4-01052,L4,n2-standard-4,Linux,6.1.0-53-cloud-amd64,x86_64,Intel(R) Xeon(R) CPU @ 2.80GHz,intel,4,2,2800,16.8,3.14.6,CPython,1,forkserver,2.5.3,mixed,mixed_compute_then_sleep,3141,423,0.3,ms,normal,178,446,4,4,1,3,1,0,0.00025879802274175745,0.5645210286409856,0.1470428350738766,0.014185580004028463,1.5678691894609593,0.5,0.019583328000408073,0.0008337319995916914,0.06404494100024749,0.04708576000030007,0.03327197500038892,0.019536402999619895,0.047214;0.047086;0.046944,0.032512;0.033272;0.034437,0.020677;0.019536;0.019462,,multiprocessing,2026-10-03T13:08:12+00:00
L4-01053,L4,n2-standard-4,Linux,6.1.0-53-cloud-amd64,x86_64,Intel(R) Xeon(R) CPU @ 2.80GHz,intel,4,2,2800,16.8,3.14.6,CPython,1,forkserver,2.5.3,db,db_file_commit,3,145,0.8,ms,normal,8,164,4,2,1,0,1,0,0.009101366666982358,0.09126637684088058,0.2751613598085024,0.0010303214830781778,1.1130388471511492,0.0,0.05390710099982243,0.0002244079987576697,0.04278745000010531,0.08771652399991581,0.059357768000154465,0.06355109200012521,0.087717;0.087759;0.085035,0.059042;0.060827;0.059358,0.066459;0.063551;0.059165,,threading,2026-10-03T13:08:13+00:00
L4-01054,L4,n2-standard-4,Linux,6.1.0-53-cloud-amd64,x86_64,Intel(R) Xeon(R) CPU @ 2.80GHz,intel,4,2,2800,16.8,3.14.6,CPython,1,forkserver,2.5.3,big_payload,big_upper_copy,2,3186808,0.0,ms,big,62,3186830,4,8,0,0,0,0,0.0014609971999258657,1.0,0.01440254547232373,0.8214352043377358,0.889573668891336,0.0,0.06487673500032543,0.018300564001037856,0.06850902299993322,0.15632505099983973,0.09886080399974162,1.2467447369999718,0.142489;0.156977;0.156325,0.098861;0.097938;0.103401,1.246745,,threading,2026-10-03T13:08:17+00:00
L4-01055,L4,n2-standard-4,Linux,6.1.0-53-cloud-amd64,x86_64,Intel(R) Xeon(R) CPU @ 2.80GHz,intel,4,2,2800,16.8,3.14.6,CPython,1,forkserver,2.5.3,big_payload,big_reverse,5,567678,0.8,seconds,big,352,567700,4,4,0,0,0,0,0.00028217820456368577,0.9994052722473806,0.030007511929220052,0.6721718647816615,0.9391784317294862,0.0,0.055649724999966566,0.004270523998457065,0.06404494100024749,0.10016963800080703,0.10849000100006378,1.306119741000657,0.101986;0.100170;0.099514,0.104228;0.109172;0.108490,1.306120,,sequential,2026-10-03T13:08:20+00:00
L4-01056,L4,n2-standard-4,Linux,6.1.0-53-cloud-amd64,x86_64,Intel(R) Xeon(R) CPU @ 2.80GHz,intel,4,2,2800,16.8,3.14.6,CPython,1,forkserver,2.5.3,algo_rec,algo_flood_fill,49,794,0.0,seconds,normal,450,816,4,8,3,10,0,0,0.017640660000324715,0.9999579068543873,0.023484422661728278,0.0005778884464795098,1.0947850728816733,0.0,0.10296569199999794,0.0016907449989957968,0.06850902299993322,7.375320799000292,7.621472208000341,3.6948535350002203,7.476786;7.375321;7.372557,7.613915;7.621472;7.633474,4.007039;3.694854;3.687451,,multiprocessing,2026-10-03T13:09:17+00:00
L4-01057,L4,n2-standard-4,Linux,6.1.0-53-cloud-amd64,x86_64,Intel(R) Xeon(R) CPU @ 2.80GHz,intel,4,2,2800,16.8,3.14.6,CPython,1,forkserver,2.5.3,recursive,rec_tree_sum,1922,504396,0.8,seconds,big,396,504419,4,4,0,4,0,0,0.0006974314657208981,0.9999739419809015,0.5267793865680607,0.13162741374561426,1.0411588189615402,0.0,0.10171709899987036,0.0022294190021057148,0.06404494100024749,0.25366835099976015,0.2639344330000313,0.21442966199992952,0.254293;0.253668;0.253206,0.263934;0.264697;0.263030,0.230638;0.214430;0.210192,,multiprocessing,2026-10-03T13:09:20+00:00
L4-01058,L4,n2-standard-4,Linux,6.1.0-53-cloud-amd64,x86_64,Intel(R) Xeon(R) CPU @ 2.80GHz,intel,4,2,2800,16.8,3.14.6,CPython,1,forkserver,2.5.3,big_payload,big_count_byte,131,2702091,0.8,ms,big,21,2702113,4,8,0,1,0,0,0.004376286399929086,1.0,0.0041030623497862635,0.16158988133548272,0.9690620036308784,0.0,0.04826282700014417,0.0037651650009138393,0.06850902299993322,0.09220667099998536,0.09315758100001403,0.061856823999733024,0.092207;0.091576;0.092444,0.093158;0.092979;0.093623,0.062166;0.061857;0.061216,,multiprocessing,2026-10-03T13:09:22+00:00
L4-01059,L4,n2-standard-4,Linux,6.1.0-53-cloud-amd64,x86_64,Intel(R) Xeon(R) CPU @ 2.80GHz,intel,4,2,2800,16.8,3.14.6,CPython,1,forkserver,2.5.3,gil_release,gil_bz2,55,300000,0.0,ms,big,14,300022,4,8,0,1,0,1,0.006179711666845833,1.0,0.018457143274223743,0.015342948898917437,1.431531606874138,0.0,0.03186953000022186,0.0004717740002888604,0.06850902299993322,0.08566778199929104,0.0424143729997013,0.04781414999979461,0.085668;0.086255;0.085591,0.042414;0.041291;0.043050,0.047814;0.043533;0.050002,,threading,2026-10-03T13:09:23+00:00
L4-01060,L4,n2-standard-4,Linux,6.1.0-53-cloud-amd64,x86_64,Intel(R) Xeon(R) CPU @ 2.80GHz,intel,4,2,2800,16.8,3.14.6,CPython,1,forkserver,2.5.3,algo_rec,algo_merge_sort,104,265811,0.8,ms,big,500,265833,4,4,1,10,0,0,0.0001380233919917373,1.0,0.49016290264252316,0.3823456975385529,0.9604122540568026,0.0,0.03687547100071242,0.0015164600017669727,0.06404494100024749,0.0703774510002404,0.07321079400026065,0.13019447100032266,0.070699;0.070377;0.070023,0.071815;0.073211;0.073457,0.130362;0.130194;0.126591,,sequential,2026-10-03T13:09:25+00:00
L4-01061,L4,n2-standard-4,Linux,6.1.0-53-cloud-amd64,x86_64,Intel(R) Xeon(R) CPU @ 2.80GHz,intel,4,2,2800,16.8,3.14.6,CPython,1,forkserver,2.5.3,recursive,rec_fib,70998,923,0.3,seconds,normal,152,946.8,4,4,0,4,0,0,0.005341134799982683,0.9999455671094861,0.24294290055391393,0.0009793237416458335,0.8194216589778346,0.5,0.11673021600017819,0.00027130800026498036,0.06404494100024749,0.8943558920000214,0.9088261890001377,0.4777702330002285,0.894356;0.893859;0.894753,0.909363;0.908826;0.908806,0.477770;0.475149;0.479657,,multiprocessing,2026-10-03T13:09:32+00:00
L4-01062,L4,n2-standard-4,Linux,6.1.0-53-cloud-amd64,x86_64,Intel(R) Xeon(R) CPU @ 2.80GHz,intel,4,2,2800,16.8,3.14.6,CPython,1,forkserver,2.5.3,big_result,result_sorted_pairs,738,248837,0.0,seconds,big,803,248860,4,4,1,4,0,0,0.0002843255909293806,0.9999929199885768,0.26262097124066697,0.7238896410082103,0.9967916874904504,1.0,0.10500548999971215,0.0047219989965014975,0.06404494100024749,0.25941410500036,0.2717032250002376,0.39653379100036545,0.255625;0.259993;0.259414,0.268632;0.272774;0.271703,0.406045;0.396534;0.388402,,sequential,2026-10-03T13:09:36+00:00
L4-01063,L4,n2-standard-4,Linux,6.1.0-53-cloud-amd64,x86_64,Intel(R) Xeon(R) CPU @ 2.80GHz,intel,4,2,2800,16.8,3.14.6,CPython,1,forkserver,2.5.3,tiny,tiny_len,26,676382,0.3,ms,big,295,676404,4,4,0,0,0,0,2.8708221441476084e-07,1.0,0.4779061659035095,495.94190418716886,0.05546306537201467,0.0,0.0037037669999335776,0.0032291979987348896,0.06404494100024749,0.00011040699973818846,0.0005820199994559516,0.17652364700006729,0.000110;0.000140;0.000024,0.000582,0.176524,,sequential,2026-10-03T13:09:37+00:00
L4-01064,L4,n2-standard-4,Linux,6.1.0-53-cloud-amd64,x86_64,Intel(R) Xeon(R) CPU @ 2.80GHz,intel,4,2,2800,16.8,3.14.6,CPython,1,forkserver,2.5.3,mixed,mixed_parse_lines,2,6634,0.8,ms,normal,99,6656,4,4,2,3,1,0,0.00071069012509876,0.8934310280961835,0.38240803512947025,0.006236613974357452,1.0815540089304279,0.0,0.0329594389995691,0.00036045099659531843,0.06404494100024749,0.06735329700040893,0.06522530100028234,0.03938952299995435,0.067192;0.067359;0.067353,0.065243;0.064759;0.065225,0.039305;0.047648;0.039390,,multiprocessing,2026-10-03T13:09:38+00:00
L4-01065,L4,n2-standard-4,Linux,6.1.0-53-cloud-amd64,x86_64,Intel(R) Xeon(R) CPU @ 2.80GHz,intel,4,2,2800,16.8,3.14.6,CPython,1,forkserver,2.5.3,algo_rec,algo_flood_fill,18,674010,0.3,ms,big,9,674032,4,2,3,10,0,0,0.0035260366666989285,1.0,0.43099103780848275,0.05553572421175279,0.5681130197966909,0.0,0.029063149999274174,0.000798727998699178,0.04278745000010531,0.044174337000185915,0.045018826000159606,0.03640329799964093,0.043818;0.044643;0.044174,0.045019;0.045715;0.044955,0.046466;0.036403;0.029288,,multiprocessing,2026-10-03T13:09:39+00:00
L4-01066,L4,n2-standard-4,Linux,6.1.0-53-cloud-amd64,x86_64,Intel(R) Xeon(R) CPU @ 2.80GHz,intel,4,2,2800,16.8,3.14.6,CPython,1,forkserver,2.5.3,recursive,rec_nqueens,2,46,0.3,ms,normal,25,65,4,4,1,10,0,0,0.0003415076666897221,1.0,0.04350025368746481,0.016348583672878943,0.8227919898153141,0.0,0.004784537999512395,0.00022268099928623997,0.06404494100024749,0.008467124999697262,0.009123537999585096,0.00701451300028566,0.008504;0.008345;0.008467,0.009339;0.008945;0.009124,0.007012;0.007015;0.007646,,multiprocessing,2026-10-03T13:09:40+00:00
L4-01067,L4,n2-standard-4,Linux,6.1.0-53-cloud-amd64,x86_64,Intel(R) Xeon(R) CPU @ 2.80GHz,intel,4,2,2800,16.8,3.14.6,CPython,1,forkserver,2.5.3,db,db_mem_insert_select,194,23,0.0,ms,normal,992,42,4,2,1,1,1,0,0.00024140059416084483,0.9999951160675554,0.05576211848819124,0.012102703804276527,0.5249262066597996,0.0,0.14581081100004667,0.0007285880083145457,0.04278745000010531,0.236949664000349,0.40818941699944844,0.11336084400045365,0.236886;0.237571;0.236950,0.403484;0.408189;0.422153,0.113361;0.107933;0.114163,,multiprocessing,2026-10-03T13:09:43+00:00
L4-01068,L4,n2-standard-4,Linux,6.1.0-53-cloud-amd64,x86_64,Intel(R) Xeon(R) CPU @ 2.80GHz,intel,4,2,2800,16.8,3.14.6,CPython,1,forkserver,2.5.3,big_result,result_long_string,33427,96,0.3,ms,normal,8,116,4,8,1,1,0,0,0.0076741236671296065,1.0,0.14143923172167772,0.043372943648487004,1.1365841722727203,0.0,0.046172858999852906,0.0012120759984100005,0.06850902299993322,0.058025029999953404,0.061980415000107314,0.13767381899924658,0.057965;0.058025;0.058740,0.062577;0.061294;0.061980,0.137674;0.274322;0.117226,,sequential,2026-10-03T13:09:45+00:00
L4-01069,L4,n2-standard-4,Linux,6.1.0-53-cloud-amd64,x86_64,Intel(R) Xeon(R) CPU @ 2.80GHz,intel,4,2,2800,16.8,3.14.6,CPython,1,forkserver,2.5.3,algo_rec,algo_sudoku,5,692,0.8,ms,normal,45,714,4,8,3,28,0,0,0.001683838181716882,1.0,0.5587614485631395,0.002646767011512755,0.8987788705777062,0.0,0.03985578199990414,0.0002517510010875412,0.06850902299993322,0.1468967069995415,0.1499672609998015,0.08359160400050314,0.146897;0.145929;0.147523,0.149967;0.150771;0.149307,0.083592;0.088208;0.083365,,multiprocessing,2026-10-03T13:09:47+00:00
L4-01070,L4,n2-standard-4,Linux,6.1.0-53-cloud-amd64,x86_64,Intel(R) Xeon(R) CPU @ 2.80GHz,intel,4,2,2800,16.8,3.14.6,CPython,1,forkserver,2.5.3,algo_rec,algo_lcs_memo,4,96,0.0,ms,normal,8,115,4,2,1,10,0,0,0.010307920667097884,1.0,0.028624588135114978,0.000943966622049884,0.9981567494454779,0.0,0.061722348000330385,0.00022865699884278,0.04278745000010531,0.07831814800010761,0.08107886199923087,0.04881816399938543,0.078284;0.078791;0.078318,0.081079;0.080772;0.081200,0.042032;0.048869;0.048818,,multiprocessing,2026-10-03T13:09:48+00:00
L4-01071,L4,n2-standard-4,Linux,6.1.0-53-cloud-amd64,x86_64,Intel(R) Xeon(R) CPU @ 2.80GHz,intel,4,2,2800,16.8,3.14.6,CPython,1,forkserver,2.5.3,text,text_format_report,16,49,0.3,ms,normal,491,68,4,4,1,2,0,0,1.9785360661041865e-05,0.9943257709835578,0.31554102028635284,0.16187979005606515,0.8699482168782584,0.0,0.005720821000068099,0.0004449839989320026,0.06404494100024749,0.00968573199952516,0.01027864200023032,0.006495584000731469,0.009753;0.009686;0.009661,0.010286;0.010279;0.010190,0.006132;0.009000;0.006496,,multiprocessing,2026-10-03T13:09:48+00:00
L4-01072,L4,n2-standard-4,Linux,6.1.0-53-cloud-amd64,x86_64,Intel(R) Xeon(R) CPU @ 2.80GHz,intel,4,2,2800,16.8,3.14.6,CPython,1,forkserver,2.5.3,recursive,rec_nqueens,39,1998642,0.3,ms,big,23,1998664,4,8,1,10,0,0,0.007663974600109214,0.9997711043561844,0.053446226234381417,0.06229055090734795,1.1100801399033469,0.0,0.07480398900042928,0.0026024779999715975,0.06850902299993322,0.15539660200010985,0.16096247699988453,0.10829379099959624,0.159367;0.155397;0.155070,0.160982;0.160713;0.160962,0.108688;0.108294;0.106298,,multiprocessing,2026-10-03T13:09:50+00:00
L4-01073,L4,n2-standard-4,Linux,6.1.0-53-cloud-amd64,x86_64,Intel(R) Xeon(R) CPU @ 2.80GHz,intel,4,2,2800,16.8,3.14.6,CPython,1,forkserver,2.5.3,tiny,tiny_add,7,55,0.3,seconds,normal,200000,74,4,8,0,1,0,0,1.0525649349801825e-07,1.0,0.35361176441351866,29.88699238275404,0.37981693153049567,0.0,0.004150759000367543,0.002643471013470844,0.06850902299993322,0.012794202999430127,0.021650491999935184,0.07866929699957836,0.012785;0.012897;0.012794,0.022026;0.021650;0.021569,0.078669,,sequential,2026-10-03T13:09:51+00:00
L4-01074,L4,n2-standard-4,Linux,6.1.0-53-cloud-amd64,x86_64,Intel(R) Xeon(R) CPU @ 2.80GHz,intel,4,2,2800,16.8,3.14.6,CPython,1,forkserver,2.5.3,text,text_regex_findall,1,1117,0.8,ms,normal,794,1139,4,8,1,1,0,0,7.450795450348218e-05,0.9991696247925094,0.3172847533802596,0.0561302484296831,0.8901970917999038,0.0,0.03205464900020161,0.0005991130083202734,0.06850902299993322,0.059664849000000686,0.06532585500008281,0.03607420499974978,0.061005;0.059135;0.059665,0.065326;0.065577;0.065196,0.037354;0.036074;0.034849,,multiprocessing,2026-10-03T13:09:52+00:00
L4-01075,L4,n2-standard-4,Linux,6.1.0-53-cloud-amd64,x86_64,Intel(R) Xeon(R) CPU @ 2.80GHz,intel,4,2,2800,16.8,3.14.6,CPython,1,forkserver,2.5.3,cpu,cpu_count_primes,2819,80,0.0,ms,normal,34,100,4,4,2,4,0,0,0.001187310500199601,1.0,0.02034167868235793,0.004559253823057819,0.9542514947515942,0.0,0.019696907999787072,0.0002455039984852192,0.06404494100024749,0.04018991599969013,0.0411737490003361,0.025921882999682566,0.040073;0.040254;0.040190,0.041346;0.041174;0.040971,0.024764;0.025922;0.027210,,multiprocessing,2026-10-03T13:09:53+00:00
L4-01076,L4,n2-standard-4,Linux,6.1.0-53-cloud-amd64,x86_64,Intel(R) Xeon(R) CPU @ 2.80GHz,intel,4,2,2800,16.8,3.14.6,CPython,1,forkserver,2.5.3,io,io_sleep_chunks,1316,1201,0.3,seconds,normal,4786,1224,4,2,1,1,1,0,0.0016137125162311995,0.023344842228695595,0.14774963408731762,0.0024290261536170765,1.9302867555328564,0.0,0.07628414499959035,0.0004181259964752826,0.04278745000010531,7.596893234999698,3.8013682390001122,3.8094679039995754,7.596893;7.575423;7.645651,3.801368;3.795343;3.803010,3.810497;3.809468;3.801124,,threading,2026-10-03T13:10:39+00:00
L4-01077,L4,n2-standard-4,Linux,6.1.0-53-cloud-amd64,x86_64,Intel(R) Xeon(R) CPU @ 2.80GHz,intel,4,2,2800,16.8,3.14.6,CPython,1,forkserver,2.5.3,big_result,result_sorted_pairs,425,197,0.8,seconds,normal,31909,216.7,4,2,1,4,0,0,0.00014935934430326882,0.9999813029000506,0.625823471686862,0.5367769276459848,0.9322230585773151,0.0,0.10617850400012685,0.0024719140028537367,0.04278745000010531,6.028936387000613,6.143975556000441,7.68064885900003,6.028936;6.017693;6.430325,6.150870;6.139944;6.143976,7.680649;7.973028;7.634002,,sequential,2026-10-03T13:11:40+00:00
L4-01078,L4,n2-standard-4,Linux,6.1.0-53-cloud-amd64,x86_64,Intel(R) Xeon(R) CPU @ 2.80GHz,intel,4,2,2800,16.8,3.14.6,CPython,1,forkserver,2.5.3,algo_iter,algo_game_of_life,10,196,0.0,seconds,normal,32,215,4,2,5,9,0,0,0.01345832649985823,0.9994461123245225,0.005885252130448051,0.004220844246937121,0.973949120921651,0.0,0.1106745580000279,0.0015430160010510008,0.04278745000010531,0.4290014610005528,0.43220704899977136,0.22751962300026207,0.429591;0.428918;0.429001,0.432118;0.432798;0.432207,0.229723;0.226663;0.227520,,multiprocessing,2026-10-03T13:11:44+00:00
L4-01079,L4,n2-standard-4,Linux,6.1.0-53-cloud-amd64,x86_64,Intel(R) Xeon(R) CPU @ 2.80GHz,intel,4,2,2800,16.8,3.14.6,CPython,1,forkserver,2.5.3,recursive,rec_fib,124410,170,0.3,ms,normal,8,192,4,2,0,4,0,0,0.008357392999945054,1.0,0.24041809091980074,0.0012695745488422725,0.9070180207930729,0.0,0.05528128900004958,0.00020709800082840957,0.04278745000010531,0.07299933900048927,0.07405444300002273,0.0421481319999657,0.072599;0.072999;0.073057,0.074054;0.074089;0.073776,0.038057;0.044942;0.042148,,multiprocessing,2026-10-03T13:11:45+00:00
L4-01080,L4,n2-standard-4,Linux,6.1.0-53-cloud-amd64,x86_64,Intel(R) Xeon(R) CPU @ 2.80GHz,intel,4,2,2800,16.8,3.14.6,CPython,1,forkserver,2.5.3,io,io_sleep,1197,538,0.3,ms,normal,25,561,4,4,0,1,1,0,0.0013007579997671808,0.009101047556456346,0.12764007226603713,0.006049165359741869,1.801384365511097,0.0,0.012567990000206919,0.0002697460013223463,0.06404494100024749,0.030690577999848756,0.009100205000322603,0.014306829000815924,0.030600;0.030718;0.030691,0.008998;0.009116;0.009100,0.016700;0.013424;0.014307,,threading,2026-10-03T13:11:46+00:00
L4-01081,L4,n2-standard-4,Linux,6.1.0-53-cloud-amd64,x86_64,Intel(R) Xeon(R) CPU @ 2.80GHz,intel,4,2,2800,16.8,3.14.6,CPython,1,forkserver,2.5.3,big_payload,big_upper_copy,2,1056287,0.0,ms,big,80,1056309,4,4,0,0,0,0,0.0004922448999423068,1.0,0.02680446253741349,0.7753414001707305,0.5453032183521556,0.0,0.03591999299987947,0.007925184000669105,0.06404494100024749,0.03917189200001303,0.04067174800002249,0.4495499619997645,0.038971;0.039244;0.039172,0.040672;0.040512;0.040797,0.449550,,sequential,2026-10-03T13:11:47+00:00
L4-01082,L4,n2-standard-4,Linux,6.1.0-53-cloud-amd64,x86_64,Intel(R) Xeon(R) CPU @ 2.80GHz,intel,4,2,2800,16.8,3.14.6,CPython,1,forkserver,2.5.3,algo_rec,algo_lcs_memo,1,26,0.3,seconds,normal,552,45,4,8,1,10,0,0,0.0023879341903617992,0.999982739981658,0.1250926757588897,0.001355418440510681,0.9791845385626389,0.0,0.10185707500022545,0.000331418003042927,0.06850902299993322,1.3092785250000816,1.4778420419997929,0.6480455250002706,1.301482;1.318951;1.309279,1.477842;1.363303;1.546738,0.658932;0.640630;0.648046,,multiprocessing,2026-10-03T13:11:58+00:00
L4-01083,L4,n2-standard-4,Linux,6.1.0-53-cloud-amd64,x86_64,Intel(R) Xeon(R) CPU @ 2.80GHz,intel,4,2,2800,16.8,3.14.6,CPython,1,forkserver,2.5.3,algo_rec,algo_flood_fill,4,159,0.8,seconds,normal,828,178,4,2,3,10,0,0,0.001362739945933926,0.9994948272095473,0.5340465422847465,0.002571803966530467,0.8538106586055265,0.0,0.11085178600023937,0.0003745800004253397,0.04278745000010531,1.1440104910006994,1.1780310479998661,0.5919521209998493,1.144010;1.139612;1.151965,1.179132;1.170781;1.178031,0.588851;0.591952;0.637404,,multiprocessing,2026-10-03T13:12:08+00:00
L4-01084,L4,n2-standard-4,Linux,6.1.0-53-cloud-amd64,x86_64,Intel(R) Xeon(R) CPU @ 2.80GHz,intel,4,2,2800,16.8,3.14.6,CPython,1,forkserver,2.5.3,algo_iter,algo_kmeans,43,106027,0.3,ms,big,135,106049,4,4,3,15,0,0,0.0007921775151881968,1.0,0.1515786665286346,0.02539456051624007,0.9786094524956285,0.0,0.053831305999665346,0.0007246409977597068,0.06404494100024749,0.10692956699949718,0.11047875600070256,0.07039282599998842,0.106323;0.107203;0.106930,0.110479;0.110657;0.110298,0.070393;0.070422;0.068085,,multiprocessing,2026-10-03T13:12:09+00:00
L4-01085,L4,n2-standard-4,Linux,6.1.0-53-cloud-amd64,x86_64,Intel(R) Xeon(R) CPU @ 2.80GHz,intel,4,2,2800,16.8,3.14.6,CPython,1,forkserver,2.5.3,algo_rec,algo_lcs_memo,6,273564,0.0,ms,big,8,273586,4,8,1,10,0,0,0.018832741333426384,0.9996496539450627,0.025081081721617084,0.0035480230257029116,0.9555389413264652,0.0,0.11512755999956426,0.0004023039991807309,0.06850902299993322,0.14873899499980325,0.16003845400064165,0.08016191099977732,0.148739;0.148369;0.148914,0.160205;0.160038;0.159424,0.083419;0.079161;0.080162,,multiprocessing,2026-10-03T13:12:11+00:00
L4-01086,L4,n2-standard-4,Linux,6.1.0-53-cloud-amd64,x86_64,Intel(R) Xeon(R) CPU @ 2.80GHz,intel,4,2,2800,16.8,3.14.6,CPython,1,forkserver,2.5.3,algo_rec,algo_merge_sort,3671,330492,0.8,seconds,big,47,330515,4,2,1,10,0,0,0.007196572285855447,0.9999853947260433,0.3669002263878068,0.041280346802776154,0.8907503742758884,0.5,0.10336538499996095,0.0023349989987764275,0.04278745000010531,0.2954340320002302,0.3024417899996479,0.17751117900024838,0.298012;0.295434;0.294256,0.302080;0.303964;0.302442,0.198783;0.177511;0.175603,,multiprocessing,2026-10-03T13:12:14+00:00
L4-01087,L4,n2-standard-4,Linux,6.1.0-53-cloud-amd64,x86_64,Intel(R) Xeon(R) CPU @ 2.80GHz,intel,4,2,2800,16.8,3.14.6,CPython,1,forkserver,2.5.3,tiny,tiny_dict_lookup,8,20,0.0,ms,normal,30271,39,4,2,0,1,0,0,2.0627650383175934e-07,1.0,0.24010920208568173,14.873482868133804,0.5235713105096667,0.0,0.005085646000225097,0.0030356599927472416,0.04278745000010531,0.004813358999854245,0.00618622799993318,0.0199713089996294,0.004846;0.004813;0.004744,0.006186;0.006116;0.006220,0.019971;0.028402;0.014114,,sequential,2026-10-03T13:12:15+00:00
L4-01088,L4,n2-standard-4,Linux,6.1.0-53-cloud-amd64,x86_64,Intel(R) Xeon(R) CPU @ 2.80GHz,intel,4,2,2800,16.8,3.14.6,CPython,1,forkserver,2.5.3,mixed,mixed_hash_then_write,1515,6498,0.8,ms,normal,52,6521,4,8,1,3,1,0,0.00041445199985901127,0.3935087093131429,0.2947079460758685,0.012712430667467517,1.7760733091489798,0.0,0.008931102999667928,0.0003061090019400581,0.06850902299993322,0.019341421999342856,0.011693479000314255,0.008502269000018714,0.018256;0.019341;0.019541,0.011693;0.011520;0.012184,0.006853;0.008502;0.009001,,multiprocessing,2026-10-03T13:12:15+00:00
L4-01089,L4,n2-standard-4,Linux,6.1.0-53-cloud-amd64,x86_64,Intel(R) Xeon(R) CPU @ 2.80GHz,intel,4,2,2800,16.8,3.14.6,CPython,1,forkserver,2.5.3,big_result,result_long_string,5074,76,0.0,ms,normal,159,96,4,4,1,1,0,0,0.001060009641057546,0.9995960517923426,0.03224045716598215,0.03511085982653241,0.9958267042345456,0.0,0.08395722600016597,0.0011085909982284647,0.06404494100024749,0.16704789999948844,0.16921662999993714,0.2224077769997166,0.167259;0.166323;0.167048,0.169217;0.169003;0.169744,0.370004;0.222408;0.205213,,sequential,2026-10-03T13:12:19+00:00
L4-01090,L4,n2-standard-4,Linux,6.1.0-53-cloud-amd64,x86_64,Intel(R) Xeon(R) CPU @ 2.80GHz,intel,4,2,2800,16.8,3.14.6,CPython,1,forkserver,2.5.3,big_payload,big_reverse,4,709111,0.8,seconds,big,282,709133,4,2,0,0,0,0,0.00048810087146193836,0.9991647421274312,0.32459708868365367,0.6023155604883567,1.3486061311074964,0.0,0.06603085200003989,0.006343196998386702,0.04278745000010531,0.18177156099955027,0.15101302299990493,1.7403306050000538,0.195339;0.181772;0.181762,0.157879;0.151013;0.149569,1.740331,,threading,2026-10-03T13:12:23+00:00
L4-01091,L4,n2-standard-4,Linux,6.1.0-53-cloud-amd64,x86_64,Intel(R) Xeon(R) CPU @ 2.80GHz,intel,4,2,2800,16.8,3.14.6,CPython,1,forkserver,2.5.3,tiny,tiny_add,6,28,0.3,ms,normal,43413,47,4,4,0,1,0,0,1.1636099998213468e-07,1.0,1.2374008250327226,26.292743748845773,0.4608323981757479,0.0,0.004359061999821279,0.0026971090001097764,0.06404494100024749,0.0026527659993007546,0.0042023750002044835,0.023473154999919643,0.002743;0.002653;0.002345,0.004837;0.004202;0.004184,0.023473,,sequential,2026-10-03T13:12:23+00:00
L4-01092,L4,n2-standard-4,Linux,6.1.0-53-cloud-amd64,x86_64,Intel(R) Xeon(R) CPU @ 2.80GHz,intel,4,2,2800,16.8,3.14.6,CPython,1,forkserver,2.5.3,algo_rec,algo_sudoku,1,279,0.0,seconds,normal,3121,301,4,4,3,28,0,0,0.0005189509690456727,0.9997253052525973,1.4989462399292661,0.0066802067445724655,1.3803956984694885,0.0,0.08603894699990633,0.00046828600261505926,0.06404494100024749,2.3397894379995705,2.517826584999966,1.2693427330004852,2.333742;2.339789;2.453137,2.517827;2.380674;2.560179,1.269343;1.271136;1.263911,,multiprocessing,2026-10-03T13:12:42+00:00
L4-01093,L4,n2-standard-4,Linux,6.1.0-53-cloud-amd64,x86_64,Intel(R) Xeon(R) CPU @ 2.80GHz,intel,4,2,2800,16.8,3.14.6,CPython,1,forkserver,2.5.3,big_payload,big_count_byte,17,2672456,0.0,seconds,big,74,2672478,4,8,0,1,0,0,0.0043258889999530465,0.9999846330029242,0.00724588491586305,0.12974650991440712,0.9799678281633042,0.0,0.11194584500026394,0.007001349000347545,0.06850902299993322,0.3191653869998845,0.32401285200012353,0.26038142400011566,0.318810;0.319165;0.320015,0.324758;0.324010;0.324013,0.253034;0.260381;0.268175,,multiprocessing,2026-10-03T13:12:46+00:00
L4-01094,L4,n2-standard-4,Linux,6.1.0-53-cloud-amd64,x86_64,Intel(R) Xeon(R) CPU @ 2.80GHz,intel,4,2,2800,16.8,3.14.6,CPython,1,forkserver,2.5.3,numpy,np_fft,354357,8575,0.0,ms,normal,8,8600,4,2,0,0,0,1,0.05715066566669217,0.9997505164083581,0.016458996837179243,0.0002970802388353352,1.2758865039531178,0.0,0.304644981999445,0.00026530399918556213,0.04278745000010531,0.4625308300001052,0.29461772099966765,0.3427683190002426,0.462531;0.472951;0.456672,0.301042;0.293266;0.294618,0.376862;0.342768;0.339465,,threading,2026-10-03T13:12:50+00:00
L4-01095,L4,n2-standard-4,Linux,6.1.0-53-cloud-amd64,x86_64,Intel(R) Xeon(R) CPU @ 2.80GHz,intel,4,2,2800,16.8,3.14.6,CPython,1,forkserver,2.5.3,db,db_mem_group_by,7572,69,0.3,ms,normal,8,89,4,4,1,2,1,0,0.006733893333451609,1.0,0.10387807293683766,0.0013363740758695545,0.4676308114834897,0.5,0.06602069400014443,0.000196560999029316,0.06404494100024749,0.05693586699999287,0.6130345089995899,0.03126876399983303,0.056816;0.057413;0.056936,0.613035,0.034655;0.030635;0.031269,,multiprocessing,2026-10-03T13:12:52+00:00
L4-01096,L4,n2-standard-4,Linux,6.1.0-53-cloud-amd64,x86_64,Intel(R) Xeon(R) CPU @ 2.80GHz,intel,4,2,2800,16.8,3.14.6,CPython,1,forkserver,2.5.3,gil_release,gil_sha256,629,113815,0.0,ms,big,8,113838,4,8,1,1,0,1,0.1653478153333102,0.9998458279271741,0.00022241923609695447,0.00020306689157968542,1.4896349327323024,0.0,0.8293595230006758,0.000300327001241385,0.06850902299993322,1.3269076019996646,0.6291866510000546,0.630063650000011,1.323130;1.326908;1.327433,0.629187;0.621699;0.638830,0.628777;0.633598;0.630064,,threading,2026-10-03T13:13:01+00:00
L4-01097,L4,n2-standard-4,Linux,6.1.0-53-cloud-amd64,x86_64,Intel(R) Xeon(R) CPU @ 2.80GHz,intel,4,2,2800,16.8,3.14.6,CPython,1,forkserver,2.5.3,mixed,mixed_compute_then_sleep,22878,36,0.8,seconds,normal,251,56,4,8,1,3,1,0,0.0015803418750124365,0.6726001897796239,0.4488383543450809,0.0024891133620305577,1.4436199012640563,1.0,0.08575869600008446,0.0003721049997693626,0.06850902299993322,0.40711671600001864,0.2824584200006939,0.1548567979998552,0.407117;0.406705;0.407782,0.282047;0.282458;0.282534,0.160950;0.154857;0.154723,,multiprocessing,2026-10-03T13:13:04+00:00
L4-01098,L4,n2-standard-4,Linux,6.1.0-53-cloud-amd64,x86_64,Intel(R) Xeon(R) CPU @ 2.80GHz,intel,4,2,2800,16.8,3.14.6,CPython,1,forkserver,2.5.3,gil_release,gil_sha256,125,240387,0.8,seconds,big,40,240409,4,8,1,1,0,1,0.0520066826669184,0.9998502061998135,0.4116863302631701,0.0011718109523728877,0.8025027292442979,0.0,0.373855447999631,0.00038896299884072505,0.06850902299993322,2.6325993230002496,1.2530409709997912,1.2651187609999397,2.636642;2.632599;2.631811,1.253852;1.251671;1.253041,1.265119;1.275199;1.261076,,threading,2026-10-03T13:13:21+00:00
L4-01099,L4,n2-standard-4,Linux,6.1.0-53-cloud-amd64,x86_64,Intel(R) Xeon(R) CPU @ 2.80GHz,intel,4,2,2800,16.8,3.14.6,CPython,1,forkserver,2.5.3,io,io_sleep_chunks,3224,81,0.0,seconds,normal,757,101,4,4,1,1,1,0,0.003537773799932135,0.017095010143168707,0.006836259079246198,0.0013587075169779563,1.8842305809718487,0.0,0.08163771799991082,0.00034250600128871156,0.06404494100024749,2.6723894759998075,0.6779042349999145,0.6782492080001248,2.676194;2.672389;2.665471,0.677904;0.680776;0.677119,0.681491;0.676516;0.678249,,threading,2026-10-03T13:13:34+00:00
L4-01100,L4,n2-standard-4,Linux,6.1.0-53-cloud-amd64,x86_64,Intel(R) Xeon(R) CPU @ 2.80GHz,intel,4,2,2800,16.8,3.14.6,CPython,1,forkserver,2.5.3,db,db_file_lookup,37,128440,0.0,ms,big,109,128462,4,2,1,5,1,0,0.00041213485191191366,1.0,0.09619082682577809,0.049824226280730084,1.1623275629995546,0.0,0.021321048000572773,0.000679562998811889,0.04278745000010531,0.04367891600031726,0.039787286000319,0.03949273399939557,0.043684;0.043639;0.043679,0.038224;0.039787;0.040157,0.038031;0.043043;0.039493,,multiprocessing,2026-10-03T13:13:35+00:00
L4-01101,L4,n2-standard-4,Linux,6.1.0-53-cloud-amd64,x86_64,Intel(R) Xeon(R) CPU @ 2.80GHz,intel,4,2,2800,16.8,3.14.6,CPython,1,forkserver,2.5.3,numpy,np_elementwise,35378,2760,0.3,ms,normal,18,2783,4,8,0,4,0,0,0.0013743092499680643,1.0,0.136438314666279,0.007769357816297813,1.703425759813531,0.0,0.009304310000516125,0.0002829610002663685,0.06850902299993322,0.02298935100043309,0.01472107099925779,0.011846778999824892,0.022989;0.023281;0.022950,0.016701;0.014376;0.014721,0.015177;0.011026;0.011847,,multiprocessing,2026-10-03T13:13:35+00:00
L4-01102,L4,n2-standard-4,Linux,6.1.0-53-cloud-amd64,x86_64,Intel(R) Xeon(R) CPU @ 2.80GHz,intel,4,2,2800,16.8,3.14.6,CPython,1,forkserver,2.5.3,mixed,mixed_json_roundtrip,9,105879,0.8,seconds,big,1490,105901,4,2,1,1,1,0,0.0003597016979217037,0.8445163460488304,0.39191760924378144,0.05339438187337099,1.0074703920400987,0.0,0.10040883700003178,0.0008411159888055408,0.04278745000010531,0.5172715939997943,0.4720771540005444,0.3903476640007284,0.515547;0.517272;0.517547,0.471730;0.472077;0.500779,0.387953;0.390348;0.393185,,multiprocessing,2026-10-03T13:13:41+00:00
L4-01103,L4,n2-standard-4,Linux,6.1.0-53-cloud-amd64,x86_64,Intel(R) Xeon(R) CPU @ 2.80GHz,intel,4,2,2800,16.8,3.14.6,CPython,1,forkserver,2.5.3,big_payload,big_reverse,2,173935,0.3,ms,big,262,173957,4,4,0,0,0,0,8.642390775303983e-05,1.0,0.05830971195922754,0.672453972424169,0.8879884790159539,0.5,0.013572006000686088,0.0015294399963750038,0.06404494100024749,0.022643587999482406,0.023828653999771632,0.3853651829995215,0.022644;0.022566;0.023038,0.023829;0.023753;0.024048,0.385365,,sequential,2026-10-03T13:13:42+00:00
L4-01104,L4,n2-standard-4,Linux,6.1.0-53-cloud-amd64,x86_64,Intel(R) Xeon(R) CPU @ 2.80GHz,intel,4,2,2800,16.8,3.14.6,CPython,1,forkserver,2.5.3,text,text_split_count,6,655,0.3,seconds,normal,6398,677,4,2,1,1,0,0,0.0002468173694481449,1.0,0.17185554111830928,0.013351167453781353,0.9616665056177159,0.0,0.10282852700038347,0.000606567002250813,0.04278745000010531,1.5935911910000868,1.6569985040005122,0.8064917609999611,1.592286;1.598109;1.593591,1.653029;1.656999;1.658568,0.819525;0.803203;0.806492,,multiprocessing,2026-10-03T13:13:55+00:00
L4-01105,L4,n2-standard-4,Linux,6.1.0-53-cloud-amd64,x86_64,Intel(R) Xeon(R) CPU @ 2.80GHz,intel,4,2,2800,16.8,3.14.6,CPython,1,forkserver,2.5.3,big_result,result_records,186,45,0.3,ms,normal,1010,64,4,8,1,2,0,0,0.00013158790871813604,0.9999988570630566,6.898512525619527,0.6250635089602029,1.643156518599328,0.0,0.05578384399996139,0.002252480003335222,0.06850902299993322,0.10525182699984725,0.1099346829996648,0.1704224039995097,0.084031;0.105252;0.114143,0.084211;0.109935;0.122295,0.170422;0.174275;0.150998,,sequential,2026-10-03T13:13:56+00:00
L4-01106,L4,n2-standard-4,Linux,6.1.0-53-cloud-amd64,x86_64,Intel(R) Xeon(R) CPU @ 2.80GHz,intel,4,2,2800,16.8,3.14.6,CPython,1,forkserver,2.5.3,algo_rec,algo_lcs_memo,6,615,0.8,ms,normal,8,637,4,2,1,10,0,0,0.010752894666741971,0.9993996632679883,0.2851840409218677,0.0009178923643740812,0.9213620260153955,0.0,0.06847807400026795,0.000255603999903542,0.04278745000010531,0.09798107699953107,0.10021723599948018,0.060352925999723084,0.097806;0.097994;0.097981,0.100217;0.101383;0.099966,0.075389;0.058077;0.060353,,multiprocessing,2026-10-03T13:13:58+00:00
L4-01107,L4,n2-standard-4,Linux,6.1.0-53-cloud-amd64,x86_64,Intel(R) Xeon(R) CPU @ 2.80GHz,intel,4,2,2800,16.8,3.14.6,CPython,1,forkserver,2.5.3,algo_iter,algo_game_of_life,2,429,0.8,ms,normal,8,451,4,4,5,9,0,0,0.0025071313333076737,1.0,0.2628659643853477,0.025332538150197693,0.742193009243702,0.0,0.017222749999746156,0.00036688199907075614,0.06404494100024749,0.021866914000383986,0.022464182000476285,0.014845039000647375,0.021733;0.021867;0.021878,0.022522;0.022464;0.022347,0.014823;0.014847;0.014845,,multiprocessing,2026-10-03T13:13:58+00:00
L4-01108,L4,n2-standard-4,Linux,6.1.0-53-cloud-amd64,x86_64,Intel(R) Xeon(R) CPU @ 2.80GHz,intel,4,2,2800,16.8,3.14.6,CPython,1,forkserver,2.5.3,cpu,cpu_count_primes,12724,25,0.8,seconds,normal,342,45,4,8,2,4,0,0,0.014788932500096053,0.9997486859305416,0.12086508027219896,0.0005608417081391587,1.1177024837208756,0.0,0.11308501900020929,0.00022087799970904598,0.06850902299993322,3.264040269999896,3.314485963000152,1.707980270999542,3.273046;3.264040;3.255307,3.314235;3.314486;3.315606,1.693556;1.707980;1.723708,,multiprocessing,2026-10-03T13:14:24+00:00
L4-01109,L4,n2-standard-4,Linux,6.1.0-53-cloud-amd64,x86_64,Intel(R) Xeon(R) CPU @ 2.80GHz,intel,4,2,2800,16.8,3.14.6,CPython,1,forkserver,2.5.3,algo_rec,algo_sudoku,4,167952,0.3,ms,big,75,167974,4,8,3,28,0,0,0.0017394603887623816,1.0,0.6483203284069257,0.016276024523193173,0.6735220023125916,0.0,0.07982296800037147,0.000766719002967875,0.06850902299993322,0.15133953799977462,0.15601601799971831,0.09460591399965779,0.151340;0.152944;0.151218,0.156016;0.155708;0.156746,0.103312;0.094606;0.090769,,multiprocessing,2026-10-03T13:14:26+00:00
L4-01110,L4,n2-standard-4,Linux,6.1.0-53-cloud-amd64,x86_64,Intel(R) Xeon(R) CPU @ 2.80GHz,intel,4,2,2800,16.8,3.14.6,CPython,1,forkserver,2.5.3,db,db_file_commit,1,246909,0.3,seconds,big,810,246931,4,2,1,0,1,0,0.006206505888965492,0.20236102933645214,0.12410938507922879,0.007483383967358251,2.0491907006558217,0.0,0.08331434299998364,0.0006633199991483707,0.04278745000010531,4.632764437000333,2.5487002910003866,2.7600888699998904,4.520992;4.693089;4.632764,2.555972;2.508273;2.548700,2.485936;2.760089;2.802526,,threading,2026-10-03T13:14:57+00:00
L4-01111,L4,n2-standard-4,Linux,6.1.0-53-cloud-amd64,x86_64,Intel(R) Xeon(R) CPU @ 2.80GHz,intel,4,2,2800,16.8,3.14.6,CPython,1,forkserver,2.5.3,big_payload,big_checksum_head,2589,199305,0.8,ms,big,210,199328,4,8,1,1,0,0,6.473134612861031e-05,1.0,0.5073668845951383,0.5105710286628151,0.8650145471420213,0.0,0.008278272000097786,0.0009533430011288146,0.06850902299993322,0.014205368000148155,0.015220174999740266,0.039653627000006963,0.014201;0.014367;0.014205,0.015131;0.015294;0.015220,0.044601;0.039605;0.039654,,sequential,2026-10-03T13:14:57+00:00
L4-01112,L4,n2-standard-4,Linux,6.1.0-53-cloud-amd64,x86_64,Intel(R) Xeon(R) CPU @ 2.80GHz,intel,4,2,2800,16.8,3.14.6,CPython,1,forkserver,2.5.3,db,db_mem_group_by,567,290,0.3,seconds,normal,4024,313,4,4,1,2,1,0,0.0006942379305630513,0.9999809647100513,0.14923934067940328,0.004757662793159032,0.5427179404452753,0.0,0.14211290200000803,0.0004514459988058661,0.06404494100024749,2.7432633409998743,6.772233415000301,1.1544466830000601,2.743263,6.772233,1.154447,threading,multiprocessing,2026-10-03T13:15:09+00:00
L4-01113,L4,n2-standard-4,Linux,6.1.0-53-cloud-amd64,x86_64,Intel(R) Xeon(R) CPU @ 2.80GHz,intel,4,2,2800,16.8,3.14.6,CPython,1,forkserver,2.5.3,numpy,np_elementwise,7773,708,0.8,ms,normal,54,731,4,2,0,4,0,0,0.00026371946163495665,1.0,0.4918406748076039,0.019395318657351716,0.8205537136170798,0.0,0.009029724999891187,0.001402449998749944,0.07826741900043999,0.014073936000386311,0.009210272999553126,0.01428934500017931,0.014639;0.013978;0.014074,0.013740;0.009210;0.009171,0.054920;0.012540;0.014289,,threading,2026-10-03T13:15:10+00:00
L4-01114,L4,n2-standard-4,Linux,6.1.0-53-cloud-amd64,x86_64,Intel(R) Xeon(R) CPU @ 2.80GHz,intel,4,2,2800,16.8,3.14.6,CPython,1,forkserver,2.5.3,numpy,np_sort,465025,192,0.3,seconds,normal,98,214,4,2,0,3,0,1,0.010540580800079625,0.9997391688346181,0.22305929460538046,0.0007021624584227824,1.2732076411080537,0.0,0.09252324400040379,0.000884842000232311,0.07826741900043999,1.112868926000374,0.6828732859994489,0.6210145610002655,1.111352;1.114407;1.112869,0.677839;0.683846;0.682873,0.627711;0.621015;0.618378,,multiprocessing,2026-10-03T13:15:18+00:00
L4-01115,L4,n2-standard-4,Linux,6.1.0-53-cloud-amd64,x86_64,Intel(R) Xeon(R) CPU @ 2.80GHz,intel,4,2,2800,16.8,3.14.6,CPython,1,forkserver,2.5.3,algo_iter,algo_kmeans,855,24,0.8,seconds,normal,348,44,4,2,3,15,0,0,0.016007724249675448,0.9999707522954153,0.42939116887674084,0.0005772369651612797,2.0695809679625943,0.5,0.09548367299976235,0.001437362001524889,0.07826741900043999,5.282555142999627,5.464829204000125,2.699735258000146,5.275848;5.288036;5.282555,5.447607;5.464829;5.466224,2.690371;2.709881;2.699735,,multiprocessing,2026-10-03T13:15:59+00:00
L4-01116,L4,n2-standard-4,Linux,6.1.0-53-cloud-amd64,x86_64,Intel(R) Xeon(R) CPU @ 2.80GHz,intel,4,2,2800,16.8,3.14.6,CPython,1,forkserver,2.5.3,big_result,result_sorted_pairs,387,455630,0.8,seconds,big,438,455652.75,4,2,1,4,0,0,0.00023777041280832528,0.9994557488469664,3.347998734459318,0.8812452627865854,1.3806886343621465,0.5,0.0499557540006208,0.005106481004077068,0.07826741900043999,0.07623466000040935,0.07707073600067815,0.2888523849997,0.079061;0.076034;0.076235,0.078599;0.076708;0.077071,0.299357;0.282973;0.288852,,sequential,2026-10-03T13:16:01+00:00
L4-01117,L4,n2-standard-4,Linux,6.1.0-53-cloud-amd64,x86_64,Intel(R) Xeon(R) CPU @ 2.80GHz,intel,4,2,2800,16.8,3.14.6,CPython,1,forkserver,2.5.3,gil_release,gil_numpy_matmul,68,3756,0.8,ms,normal,1337,3778,4,4,0,2,0,1,4.459812575742525e-05,1.0,0.7543180453891442,0.10587888974024304,1.0411880253262398,0.5,0.030795534000390035,0.0016246419972958392,0.05945000399970013,0.057903558000361954,0.10532803400019475,0.03793054000016127,0.058627;0.057904;0.057050,0.108239;0.105328;0.104190,0.104294;0.034564;0.037931,,multiprocessing,2026-10-03T13:16:02+00:00
L4-01118,L4,n2-standard-4,Linux,6.1.0-53-cloud-amd64,x86_64,Intel(R) Xeon(R) CPU @ 2.80GHz,intel,4,2,2800,16.8,3.14.6,CPython,1,forkserver,2.5.3,numpy,np_elementwise,59881,671,0.3,ms,normal,65,694.875,4,2,0,4,0,0,0.0016824326874598228,1.0,0.1334154182350597,0.0028722917147700117,1.5899047004162716,0.0,0.04408409200004826,0.0004102060011064168,0.07826741900043999,0.1043397739995271,0.05884093999975448,0.059782338999866624,0.104340;0.103871;0.104361,0.061013;0.058822;0.058841,0.065115;0.059782;0.058866,,threading,2026-10-03T13:16:04+00:00
L4-01119,L4,n2-standard-4,Linux,6.1.0-53-cloud-amd64,x86_64,Intel(R) Xeon(R) CPU @ 2.80GHz,intel,4,2,2800,16.8,3.14.6,CPython,1,forkserver,2.5.3,text,text_split_count,13,2883,0.0,ms,normal,45,2905,4,8,1,1,0,0,0.0020316043637649273,1.0,0.02413343949136093,0.00216707370462972,0.9810754101592513,0.0,0.04594468199957191,0.0008227429980252055,0.06345651600076962,0.09215771900016989,0.09401491800053918,0.0533448979995228,0.132392;0.092158;0.091075,0.094606;0.093730;0.094015,0.056664;0.053345;0.052454,,multiprocessing,2026-10-03T13:16:05+00:00
L4-01120,L4,n2-standard-4,Linux,6.1.0-53-cloud-amd64,x86_64,Intel(R) Xeon(R) CPU @ 2.80GHz,intel,4,2,2800,16.8,3.14.6,CPython,1,forkserver,2.5.3,big_result,result_matrix_lists,186,1847,0.8,ms,normal,8,1869,4,4,2,5,0,0,0.005050762666542141,1.0,0.10967769633973277,0.20147650317412602,1.9890054511324646,0.0,0.026224645999718632,0.003678029000184324,0.05945000399970013,0.030989097000201582,0.031921309000608744,0.02856562400029361,0.032619;0.030752;0.030989,0.032421;0.031598;0.031921,0.028566;0.028526;0.032741,,multiprocessing,2026-10-03T13:16:06+00:00
L4-01121,L4,n2-standard-4,Linux,6.1.0-53-cloud-amd64,x86_64,Intel(R) Xeon(R) CPU @ 2.80GHz,intel,4,2,2800,16.8,3.14.6,CPython,1,forkserver,2.5.3,big_result,result_sorted_pairs,653,20,0.0,ms,normal,51,40,4,2,1,4,0,0,0.000243804249976165,1.0,0.1101350435600506,0.5381639851559809,0.6115195700580079,0.0,0.009435388000383682,0.001782808000825753,0.07826741900043999,0.013162244999875838,0.014086121999753232,0.013667851999343839,0.013627;0.013162;0.012579,0.014197;0.014086;0.013477,0.018204;0.013668;0.013100,,sequential,2026-10-03T13:16:06+00:00
L4-01122,L4,n2-standard-4,Linux,6.1.0-53-cloud-amd64,x86_64,Intel(R) Xeon(R) CPU @ 2.80GHz,intel,4,2,2800,16.8,3.14.6,CPython,1,forkserver,2.5.3,big_payload,big_reverse,3,1025012,0.8,seconds,big,195,1025034,4,8,0,0,0,0,0.0009511367083140007,0.9999848471740694,0.0938819727498115,0.4545295603583571,0.9746406783479576,0.0,0.1023830630001612,0.009361466000882501,0.06345651600076962,0.19221276299958845,0.12561216700032674,1.0740737920004904,0.192213;0.194604;0.174408,0.190369;0.125612;0.111164,1.074074,,threading,2026-10-03T13:16:10+00:00
L4-01123,L4,n2-standard-4,Linux,6.1.0-53-cloud-amd64,x86_64,Intel(R) Xeon(R) CPU @ 2.80GHz,intel,4,2,2800,16.8,3.14.6,CPython,1,forkserver,2.5.3,algo_iter,algo_dijkstra,240,1532538,0.8,ms,big,48,1532560.4166666667,4,8,2,15,0,0,0.0005007657499997246,1.0,0.3847564902270346,0.6708723923096674,0.7662477034845985,0.0,0.018860096000025806,0.005440757000542362,0.06345651600076962,0.023573499000121956,0.025321946000076423,0.061396443999910844,0.023320;0.023573;0.024243,0.025322;0.024844;0.025407,0.061396;0.062994;0.060819,,sequential,2026-10-03T13:16:11+00:00
L4-01124,L4,n2-standard-4,Linux,6.1.0-53-cloud-amd64,x86_64,Intel(R) Xeon(R) CPU @ 2.80GHz,intel,4,2,2800,16.8,3.14.6,CPython,1,forkserver,2.5.3,db,db_file_commit,2,147,0.3,seconds,normal,678,166,4,8,1,0,1,0,0.00848547099985808,0.09217223190885572,0.12732685241610642,0.0007985610318187213,1.5235855036222035,0.0,0.08360034100041958,0.0009942070009856252,0.06345651600076962,4.221573892000379,1.5596520640001472,1.2502437430002828,4.221574;4.387676;4.017901,1.559652;2.256114;1.467807,1.129957;2.253796;1.250244,,multiprocessing,2026-10-03T13:16:34+00:00
L4-01125,L4,n2-standard-4,Linux,6.1.0-53-cloud-amd64,x86_64,Intel(R) Xeon(R) CPU @ 2.80GHz,intel,4,2,2800,16.8,3.14.6,CPython,1,forkserver,2.5.3,recursive,rec_nqueens,8,391366,0.3,seconds,big,286,391388,4,2,1,10,0,0,0.0013319851315923426,0.999716988078868,0.17673358350038998,0.054765851586308485,0.978437242923447,0.0,0.1049724000004062,0.0026029969994851854,0.07826741900043999,0.3769605990000855,0.3824572610001269,0.2666277550006271,0.376961;0.376101;0.378424,0.382457;0.383376;0.382273,0.258871;0.271054;0.266628,,multiprocessing,2026-10-03T13:16:38+00:00
L4-01126,L4,n2-standard-4,Linux,6.1.0-53-cloud-amd64,x86_64,Intel(R) Xeon(R) CPU @ 2.80GHz,intel,4,2,2800,16.8,3.14.6,CPython,1,forkserver,2.5.3,mixed,mixed_compute_then_sleep,7674,291747,0.0,ms,big,427,291770,4,8,1,3,1,0,0.0005719127727016629,0.633207446130066,0.01669846874409392,0.10061210852144772,1.521616656311386,0.0,0.0855627689998073,0.0020525250020000385,0.06345651600076962,0.24382078799953888,0.1622490950003339,0.14136530799987668,0.244453;0.243821;0.243053,0.165973;0.161448;0.162249,0.140500;0.141384;0.141365,,multiprocessing,2026-10-03T13:16:41+00:00
L4-01127,L4,n2-standard-4,Linux,6.1.0-53-cloud-amd64,x86_64,Intel(R) Xeon(R) CPU @ 2.80GHz,intel,4,2,2800,16.8,3.14.6,CPython,1,forkserver,2.5.3,tiny,tiny_add,833,301039,0.3,seconds,big,664,301062,4,8,0,1,0,0,4.058373666470814e-07,1.0,0.31824739933363216,142.63225841717608,0.18406161492151424,0.0,0.0024897359999158652,0.0018785379970722715,0.06345651600076962,9.830499948293436e-05,0.0007412689997181587,0.17322547099956864,0.000200;0.000098;0.000045,0.000924;0.000558,0.173225,,sequential,2026-10-03T13:16:42+00:00
L4-01128,L4,n2-standard-4,Linux,6.1.0-53-cloud-amd64,x86_64,Intel(R) Xeon(R) CPU @ 2.80GHz,intel,4,2,2800,16.8,3.14.6,CPython,1,forkserver,2.5.3,db,db_file_lookup,217,1979,0.8,seconds,normal,1200,2001.45,4,8,1,5,1,0,0.001749660275891074,0.9999710700779568,0.47396080942874175,0.002036452459352952,0.5907493948002456,0.0,0.1357280680003896,0.001321442999142164,0.06345651600076962,2.102163603000008,6.64083765000305,1.12816753000061,2.102164,6.640838,1.128168,threading,multiprocessing,2026-10-03T13:16:53+00:00
L4-01129,L4,n2-standard-4,Linux,6.1.0-53-cloud-amd64,x86_64,Intel(R) Xeon(R) CPU @ 2.80GHz,intel,4,2,2800,16.8,3.14.6,CPython,1,forkserver,2.5.3,big_result,result_long_string,1970,18,0.3,ms,normal,321,38,4,4,1,1,0,0,0.00038386560003118576,1.0,0.17519177476173375,0.03839025913702277,0.9286037344780921,0.0,0.06531914600054733,0.0015908609975667787,0.09847463099958986,0.12334934699993028,0.12559124000017619,0.1311285970004974,0.123349;0.123785;0.122288,0.126957;0.124070;0.125591,0.128175;0.131129;0.261159,,sequential,2026-10-03T13:16:55+00:00
L4-01130,L4,n2-standard-4,Linux,6.1.0-53-cloud-amd64,x86_64,Intel(R) Xeon(R) CPU @ 2.80GHz,intel,4,2,2800,16.8,3.14.6,CPython,1,forkserver,2.5.3,cpu,cpu_count_primes,3927,641,0.3,seconds,normal,322,664,4,4,2,4,0,0,0.0018656204074432026,0.99997188659647,0.251538667024987,0.002004319802975884,1.0412788998524165,0.0,0.09989374999986467,0.0009254229989892337,0.09847463099958986,0.5856546779996279,0.591213720000269,0.31906138900012593,0.584750;0.587035;0.585655,0.591214;0.592139;0.591070,0.319061;0.318920;0.321990,,multiprocessing,2026-10-03T13:17:00+00:00
L4-01131,L4,n2-standard-4,Linux,6.1.0-53-cloud-amd64,x86_64,Intel(R) Xeon(R) CPU @ 2.80GHz,intel,4,2,2800,16.8,3.14.6,CPython,1,forkserver,2.5.3,big_payload,big_upper_copy,1,424743,0.3,ms,big,470,424765,4,4,0,0,0,0,0.0003833794187688225,1.0,0.06211673951036937,0.4453418505113747,0.9598734476393588,1.0,0.09609398400061764,0.0042132810049224645,0.09847463099958986,0.1893240280005557,0.178060209999785,1.2967846849996931,0.190551;0.189324;0.176107,0.191470;0.178060;0.166209,1.296785,,threading,2026-10-03T13:17:03+00:00
L4-01132,L4,n2-standard-4,Linux,6.1.0-53-cloud-amd64,x86_64,Intel(R) Xeon(R) CPU @ 2.80GHz,intel,4,2,2800,16.8,3.14.6,CPython,1,forkserver,2.5.3,io,io_file_roundtrip,3,375,0.8,ms,normal,8,397,4,8,1,0,1,0,0.004626424333461425,0.09989447003673639,0.4947930270799818,0.0019401592501788088,0.9447631185202131,0.0,0.026973174999511684,0.0009578599992892123,0.0708367030001682,0.02874766000059026,0.010090535000017553,0.010423102999993716,0.030984;0.028575;0.028748,0.010768;0.009970;0.010091,0.018120;0.010423;0.010153,,threading,2026-10-03T13:17:04+00:00
L4-01133,L4,n2-standard-4,Linux,6.1.0-53-cloud-amd64,x86_64,Intel(R) Xeon(R) CPU @ 2.80GHz,intel,4,2,2800,16.8,3.14.6,CPython,1,forkserver,2.5.3,recursive,rec_nqueens,14,837669,0.3,seconds,big,151,837691,4,2,1,10,0,0,0.0023948355714570164,0.9999838391527184,0.16240384879344577,0.07699035883779243,1.0184446046135178,0.0,0.10415500499948394,0.004780439998285146,0.04689887000040471,0.35184130200013897,0.35716273200068827,0.29514908700002707,0.351841;0.353798;0.350752,0.357655;0.357163;0.356175,0.320804;0.295149;0.293224,,multiprocessing,2026-10-03T13:17:08+00:00
L4-01134,L4,n2-standard-4,Linux,6.1.0-53-cloud-amd64,x86_64,Intel(R) Xeon(R) CPU @ 2.80GHz,intel,4,2,2800,16.8,3.14.6,CPython,1,forkserver,2.5.3,big_result,result_records,23569,931591,0.8,seconds,big,20,931614,4,2,1,2,0,0,0.007086282199816196,0.9994348918281368,0.6939369336142838,1.3304868666481273,0.560892166467397,0.0,0.15260588100045425,0.04797277500074415,0.04689887000040471,0.30703310100034287,0.34312449600020045,0.4703759229996649,0.307033;0.346581;0.303361,0.307219;0.343124;0.356902,0.471631;0.470376;0.466021,,sequential,2026-10-03T13:17:13+00:00
L4-01135,L4,n2-standard-4,Linux,6.1.0-53-cloud-amd64,x86_64,Intel(R) Xeon(R) CPU @ 2.80GHz,intel,4,2,2800,16.8,3.14.6,CPython,1,forkserver,2.5.3,recursive,rec_nqueens,2,283,0.0,ms,normal,40,305,4,4,1,10,0,0,0.00034466389997760415,1.0,0.04250336599748333,0.012594297665687879,0.8938136938537481,0.0,0.007584537000184355,0.00023941900053614518,0.09847463099958986,0.013560493999648315,0.014294812999651185,0.0092640279999614,0.013459;0.013709;0.013560,0.014408;0.014228;0.014295,0.009192;0.009264;0.022500,,multiprocessing,2026-10-03T13:17:13+00:00
L4-01136,L4,n2-standard-4,Linux,6.1.0-53-cloud-amd64,x86_64,Intel(R) Xeon(R) CPU @ 2.80GHz,intel,4,2,2800,16.8,3.14.6,CPython,1,forkserver,2.5.3,io,io_sleep_chunks,14994,1900,0.8,ms,normal,8,1923,4,4,1,1,1,0,0.016431722666614707,0.00402127552218915,0.1862067145384044,0.0007701566215768779,1.135416134742167,0.0,0.09130307099985657,0.0006360390007102978,0.09847463099958986,0.15361714499977097,0.04234310500032734,0.04414548599925183,0.153589;0.153617;0.154021,0.042343;0.042121;0.042445,0.047376;0.044145;0.043607,,threading,2026-10-03T13:17:15+00:00
L4-01137,L4,n2-standard-4,Linux,6.1.0-53-cloud-amd64,x86_64,Intel(R) Xeon(R) CPU @ 2.80GHz,intel,4,2,2800,16.8,3.14.6,CPython,1,forkserver,2.5.3,io,io_sleep_return_payload,2933,2710,0.8,ms,normal,8,2733,4,2,0,1,1,0,0.004728004333628633,0.00541518598112523,0.037260793028676284,0.002687391833336889,3.206443279088555,0.0,0.019331568000779953,0.000645281000288378,0.04689887000040471,0.02780271299980086,0.015690091000578832,0.016377001000364544,0.027916;0.027803;0.027801,0.015794;0.015659;0.015690,0.016035;0.016841;0.016377,,threading,2026-10-03T13:17:15+00:00
L4-01138,L4,n2-standard-4,Linux,6.1.0-53-cloud-amd64,x86_64,Intel(R) Xeon(R) CPU @ 2.80GHz,intel,4,2,2800,16.8,3.14.6,CPython,1,forkserver,2.5.3,tiny,tiny_small_loop,2,143012,0.3,ms,big,1398,143034,4,4,0,0,0,0,7.741576058818107e-07,0.9607494475925161,5.349803741135383,37.09490118574401,0.5161947453178445,0.0,0.0026096070005223737,0.001582129996677395,0.09847463099958986,0.00048598000012134435,0.0009165920000668848,0.18489372300064133,0.000488;0.000486;0.000347,0.001182;0.000917;0.000700,0.184894,,sequential,2026-10-03T13:17:17+00:00
L4-01139,L4,n2-standard-4,Linux,6.1.0-53-cloud-amd64,x86_64,Intel(R) Xeon(R) CPU @ 2.80GHz,intel,4,2,2800,16.8,3.14.6,CPython,1,forkserver,2.5.3,io,io_sleep_return_payload,3618,1767,0.0,seconds,normal,2379,1790,4,8,0,1,1,0,0.003703232142795189,0.006033256824493331,0.003639688069650925,0.0014242770619960024,1.977978192728632,0.0,0.07848499599913339,0.0003613740000218968,0.0708367030001682,8.802666982999654,1.1100123410005835,1.1402686720002748,8.802667,1.110183;1.109566;1.110012,1.160866;1.123911;1.140269,,threading,2026-10-03T13:17:33+00:00
L4-01140,L4,n2-standard-4,Linux,6.1.0-53-cloud-amd64,x86_64,Intel(R) Xeon(R) CPU @ 2.80GHz,intel,4,2,2800,16.8,3.14.6,CPython,1,forkserver,2.5.3,gil_release,gil_numpy_matmul,37,19852,0.0,seconds,normal,10074,19874,4,2,0,2,0,1,3.223411576928937e-05,0.9995621035383484,0.15627242119040471,0.2562052623627811,0.7869111873863139,0.0,0.11611122300018906,0.0036380009887579945,0.04689887000040471,0.31857636400036426,0.5016087140002128,0.4100099030001729,0.314027;0.319862;0.318576,0.501609;0.578917;0.482787,0.431193;0.410010;0.401067,,sequential,2026-10-03T13:17:38+00:00
L4-01141,L4,n2-standard-4,Linux,6.1.0-53-cloud-amd64,x86_64,Intel(R) Xeon(R) CPU @ 2.80GHz,intel,4,2,2800,16.8,3.14.6,CPython,1,forkserver,2.5.3,algo_iter,algo_dijkstra,575,124,0.0,seconds,normal,5877,144,4,2,2,15,0,0,0.0012650931751295503,1.0,0.04629962899692815,0.0026062902877077242,0.9706300029273002,0.0,0.10416711099969689,0.0015424339944729581,0.04689887000040471,7.304552645000513,7.67226640699846,3.679796584999167,7.304553;7.317381;7.298336,7.658698;7.675781;7.672266,3.693355;3.679797;3.674643,,multiprocessing,2026-10-03T13:18:34+00:00
L4-01142,L4,n2-standard-4,Linux,6.1.0-53-cloud-amd64,x86_64,Intel(R) Xeon(R) CPU @ 2.80GHz,intel,4,2,2800,16.8,3.14.6,CPython,1,forkserver,2.5.3,db,db_file_lookup,29,1978646,0.0,seconds,big,101,1978668,4,4,1,5,1,0,0.0003540170401538489,1.0,0.12139097044317805,1.2423483911669588,0.18800424025117088,0.0,0.06497515400042175,0.010078137996970327,0.09847463099958986,0.034972677000041585,0.37500328900023305,0.2209283680003864,0.034998;0.034973;0.034527,0.375003,0.220928,,sequential,2026-10-03T13:18:36+00:00
L4-01143,L4,n2-standard-4,Linux,6.1.0-53-cloud-amd64,x86_64,Intel(R) Xeon(R) CPU @ 2.80GHz,intel,4,2,2800,16.8,3.14.6,CPython,1,forkserver,2.5.3,algo_iter,algo_edit_distance,1531,196874,0.8,seconds,big,1015,196897,4,2,2,16,0,0,0.00046251120378386714,0.9999600952154534,0.2376775619217381,0.0644538976964217,0.9709593784957665,0.0,0.10364049000054365,0.002011581991610001,0.04689887000040471,0.46539635800036194,0.46980249299849675,0.43506902000081027,0.464786;0.465870;0.465396,0.469802;0.469007;0.469837,0.435069;0.435305;0.432755,,multiprocessing,2026-10-03T13:18:42+00:00
L4-01144,L4,n2-standard-4,Linux,6.1.0-53-cloud-amd64,x86_64,Intel(R) Xeon(R) CPU @ 2.80GHz,intel,4,2,2800,16.8,3.14.6,CPython,1,forkserver,2.5.3,text,text_split_count,32,320,0.3,seconds,normal,2916,342,4,4,1,1,0,0,0.0005491507252792452,0.9999730950851792,0.1668636394053035,0.005892006946980921,0.9642610316290154,0.0,0.10301860000072338,0.0011269699989497894,0.09847463099958986,1.6857272759989428,1.7623493830014922,0.8296110889987176,1.685727;1.654399;1.687864,1.680896;1.765257;1.762349,0.826515;0.937702;0.829611,,multiprocessing,2026-10-03T13:18:55+00:00
L4-01145,L4,n2-standard-4,Linux,6.1.0-53-cloud-amd64,x86_64,Intel(R) Xeon(R) CPU @ 2.80GHz,intel,4,2,2800,16.8,3.14.6,CPython,1,forkserver,2.5.3,gil_release,gil_sha256,132,28125,0.8,ms,normal,8,28147,4,8,1,1,0,1,0.008872833333346838,0.9996275158903217,0.5532005212185853,0.0017605424315907247,3.844034865181358,0.0,0.03622523100057151,0.0006338790008157957,0.0708367030001682,0.06370923100075743,0.03348077299961005,0.040525673000956886,0.063709;0.063549;0.063969,0.033481;0.034330;0.033285,0.042309;0.037293;0.040526,,threading,2026-10-03T13:18:56+00:00
L4-01146,L4,n2-standard-4,Linux,6.1.0-53-cloud-amd64,x86_64,Intel(R) Xeon(R) CPU @ 2.80GHz,intel,4,2,2800,16.8,3.14.6,CPython,1,forkserver,2.5.3,big_payload,big_upper_copy,4,825366,0.0,seconds,big,242,825388,4,8,0,0,0,0,0.000735238749985001,0.9999755121259303,0.09046614837558307,0.4611601333101907,0.9722259344601898,0.0,0.09713128699877416,0.007184411000707769,0.0708367030001682,0.16532411499974842,0.10642724200079101,1.308925776000251,0.185356;0.165324;0.163901,0.162911;0.106427;0.104720,1.308926,,threading,2026-10-03T13:19:00+00:00
L4-01147,L4,n2-standard-4,Linux,6.1.0-53-cloud-amd64,x86_64,Intel(R) Xeon(R) CPU @ 2.80GHz,intel,4,2,2800,16.8,3.14.6,CPython,1,forkserver,2.5.3,big_payload,big_count_byte,4,1082844,0.8,ms,big,39,1082866,4,8,0,1,0,0,0.00175717577763458,1.0,0.012520784017167802,0.14099797276318266,0.9437541327375564,0.5,0.03544903700094437,0.0028044260034221224,0.0708367030001682,0.06865701199967589,0.07014103900110058,0.048439964000863256,0.068657;0.068162;0.068758,0.070445;0.070141;0.069559,0.048440;0.052754;0.043646,,multiprocessing,2026-10-03T13:19:01+00:00
L4-01148,L4,n2-standard-4,Linux,6.1.0-53-cloud-amd64,x86_64,Intel(R) Xeon(R) CPU @ 2.80GHz,intel,4,2,2800,16.8,3.14.6,CPython,1,forkserver,2.5.3,big_result,result_sorted_pairs,3655,23,0.0,seconds,normal,2693,43,4,2,1,4,0,0,0.0015183522423974478,0.9999770699377776,0.10673495361387765,0.5879228975943267,0.8905223775293785,0.0,0.12494738300119934,0.01863121700262127,0.04689887000040471,5.6592003220011975,5.741621522998685,6.013277322001159,5.659200;5.986678;5.651534,5.967279;5.723129;5.741622,6.013277;5.953620;6.194949,,sequential,2026-10-03T13:19:54+00:00
L4-01149,L4,n2-standard-4,Linux,6.1.0-53-cloud-amd64,x86_64,Intel(R) Xeon(R) CPU @ 2.80GHz,intel,4,2,2800,16.8,3.14.6,CPython,1,forkserver,2.5.3,algo_rec,algo_sudoku,3,18,0.0,seconds,normal,2390,37,4,4,3,28,0,0,0.002154330250201989,0.9999776133468862,1.311184966416723,0.001611544946548658,0.33002618585609667,0.5,0.172530801000903,0.002022387996476027,0.09847463099958986,14.93590523200146,15.19694623200121,7.893062278000798,14.935905;14.955866;14.926933,15.210602;15.193303;15.196946,7.893062;7.700886;8.080065,,multiprocessing,2026-10-03T13:21:49+00:00
L4-01150,L4,n2-standard-4,Linux,6.1.0-53-cloud-amd64,x86_64,Intel(R) Xeon(R) CPU @ 2.80GHz,intel,4,2,2800,16.8,3.14.6,CPython,1,forkserver,2.5.3,text,text_split_count,1,2084,0.8,ms,normal,486,2106,4,8,1,1,0,0,0.00025968932242888943,0.9995299169743852,0.16999419781922062,0.013991141729367398,0.962173988032834,0.0,0.0646338589995139,0.0004972099850419909,0.0708367030001682,0.12516069499906735,0.12900413300121727,0.07169798399991123,0.125161;0.124435;0.125486,0.129040;0.128607;0.129004,0.069665;0.074309;0.071698,,multiprocessing,2026-10-03T13:21:51+00:00
L4-01151,L4,n2-standard-4,Linux,6.1.0-53-cloud-amd64,x86_64,Intel(R) Xeon(R) CPU @ 2.80GHz,intel,4,2,2800,16.8,3.14.6,CPython,1,forkserver,2.5.3,recursive,rec_tree_sum,85,1748,0.0,seconds,normal,57266,1770,4,8,0,4,0,0,2.8172727332346387e-05,0.9999715258381314,0.4545546023093608,0.12680702811776737,0.9756978917797299,0.0,0.10434480299954885,0.0036303569868323393,0.0708367030001682,1.5958369950003544,1.6500539150001714,0.8545567840010335,1.601310;1.595260;1.595837,1.659295;1.649728;1.650054,0.854557;0.858071;0.853647,,multiprocessing,2026-10-03T13:22:04+00:00
L4-01152,L4,n2-standard-4,Linux,6.1.0-53-cloud-amd64,x86_64,Intel(R) Xeon(R) CPU @ 2.80GHz,intel,4,2,2800,16.8,3.14.6,CPython,1,forkserver,2.5.3,big_result,result_long_string,1252,19,0.3,ms,normal,295,39,4,2,1,1,0,0,0.0002423530273916509,1.0,0.1947396568488567,0.03645776647953773,0.9589826156476694,0.0,0.0366419069996482,0.0005353180004021851,0.04689887000040471,0.07094451800003299,0.07178169500002696,0.06726548299957358,0.070841;0.070945;0.070962,0.071786;0.071782;0.071115,0.067265;0.049790;0.071357,,multiprocessing,2026-10-03T13:22:05+00:00
L4-01153,L4,n2-standard-4,Linux,6.1.0-53-cloud-amd64,x86_64,Intel(R) Xeon(R) CPU @ 2.80GHz,intel,4,2,2800,16.8,3.14.6,CPython,1,forkserver,2.5.3,big_payload,big_reverse,9,2683419,0.3,ms,big,27,2683441,4,8,0,0,0,0,0.0013803256664080739,0.9986604333085365,0.02279054038885502,0.9054092793465242,0.9461408860733284,0.0,0.025028096000824007,0.008013975002540974,0.0708367030001682,0.059645436000209884,0.037952618000417715,1.1111475760008034,0.064283;0.059645;0.059381,0.037953;0.038004;0.037764,1.111148,,threading,2026-10-03T13:22:07+00:00
L4-01154,L4,n2-standard-4,Linux,6.1.0-53-cloud-amd64,x86_64,Intel(R) Xeon(R) CPU @ 2.80GHz,intel,4,2,2800,16.8,3.14.6,CPython,1,forkserver,2.5.3,mixed,mixed_compute_then_sleep,64254,631109,0.8,ms,big,17,631140.25,4,2,1,3,1,0,0.0053380230001494056,0.6927963408783365,0.26169971438323963,0.035909642927617925,1.7704563311821802,0.0,0.03606152300017129,0.0014123769997240743,0.04689887000040471,0.07900426699961827,0.05696355599866365,0.054126387998621794,0.079004;0.079010;0.078728,0.056887;0.057026;0.056964,0.055082;0.047460;0.054126,,multiprocessing,2026-10-03T13:22:09+00:00
L4-01155,L4,n2-standard-4,Linux,6.1.0-53-cloud-amd64,x86_64,Intel(R) Xeon(R) CPU @ 2.80GHz,intel,4,2,2800,16.8,3.14.6,CPython,1,forkserver,2.5.3,tiny,tiny_dict_lookup,2,60,0.8,seconds,normal,200000,79,4,2,0,1,0,0,2.411840087006567e-07,1.0,2.61549915316235,12.871501274308434,0.5532436920014822,0.0,0.005220637998718303,0.003108567980234511,0.04689887000040471,0.03191169700039609,0.03989794100016297,0.08303487900047912,0.031884;0.031912;0.032278,0.040916;0.039580;0.039898,0.088821;0.083035;0.080187,,sequential,2026-10-03T13:22:10+00:00
L4-01156,L4,n2-standard-4,Linux,6.1.0-53-cloud-amd64,x86_64,Intel(R) Xeon(R) CPU @ 2.80GHz,intel,4,2,2800,16.8,3.14.6,CPython,1,forkserver,2.5.3,numpy,np_elementwise,159147,1948948,0.8,ms,big,17,1948982,4,2,0,4,0,0,0.011897845749899716,0.9999980883851581,0.14460211231025047,0.035702618673465254,1.2738126088832002,0.0,0.08595329699892318,0.0025505489993520314,0.04689887000040471,0.16540014400015934,0.09316287900037423,0.11946515500130772,0.167263;0.165005;0.165400,0.093163;0.090842;0.100417,0.121051;0.113984;0.119465,,threading,2026-10-03T13:22:12+00:00
L4-01157,L4,n2-standard-4,Linux,6.1.0-53-cloud-amd64,x86_64,Intel(R) Xeon(R) CPU @ 2.80GHz,intel,4,2,2800,16.8,3.14.6,CPython,1,forkserver,2.5.3,big_result,result_records,5984,61,0.0,ms,normal,56,81,4,8,1,2,0,0,0.0029024994289232253,0.9999761886047784,0.8312612162722705,1.038790311463037,1.0097375869898046,0.5,0.12428426299993589,0.04247516299437848,0.0708367030001682,0.19728170300004422,0.21008634799909487,0.2624328720012272,0.219084;0.189288;0.197282,0.210086;0.243066;0.198742,0.303501;0.262433;0.260001,,sequential,2026-10-03T13:22:14+00:00
L4-01158,L4,n2-standard-4,Linux,6.1.0-53-cloud-amd64,x86_64,Intel(R) Xeon(R) CPU @ 2.80GHz,intel,4,2,2800,16.8,3.14.6,CPython,1,forkserver,2.5.3,algo_rec,algo_sudoku,1,1056343,0.0,seconds,big,189,1056365,4,2,3,28,0,0,0.0004702822766279148,1.0,1.6202262592565186,0.5202874143005918,0.8675242729201094,0.0,0.053117192999707186,0.005238296997049474,0.04689887000040471,0.08577404999959981,0.08711444599975948,0.21593611699972826,0.086652;0.085704;0.085774,0.087381;0.086780;0.087114,0.215936;0.230100;0.202922,,sequential,2026-10-03T13:22:17+00:00
L4-01159,L4,n2-standard-4,Linux,6.1.0-53-cloud-amd64,x86_64,Intel(R) Xeon(R) CPU @ 2.80GHz,intel,4,2,2800,16.8,3.14.6,CPython,1,forkserver,2.5.3,mixed,mixed_compute_then_sleep,1241,104,0.8,seconds,normal,5368,124,4,4,1,3,1,0,0.00013741480166477518,0.4491796895490416,0.28928059284384816,0.023783830742292386,1.7397465222923072,0.0,0.07962317899909976,0.0008846459950291319,0.09847463099958986,0.737206124000295,0.4933740510005009,0.26428430799933267,0.737206;0.736643;0.738085,0.492868;0.493374;0.496835,0.265347;0.263435;0.264284,,multiprocessing,2026-10-03T13:22:22+00:00
L4-01160,L4,n2-standard-4,Linux,6.1.0-53-cloud-amd64,x86_64,Intel(R) Xeon(R) CPU @ 2.80GHz,intel,4,2,2800,16.8,3.14.6,CPython,1,forkserver,2.5.3,algo_rec,algo_sudoku,7,66,0.0,ms,normal,40,85,4,8,3,28,0,0,0.003921047400035604,0.9999598153324067,0.4841527017496847,0.0011749411489016548,1.2150869937638469,0.0,0.072038041000269,0.00025145199833787046,0.0708367030001682,0.21215673300139315,0.21673553999971773,0.1414177730002848,0.211181;0.212319;0.212157,0.215552;0.217683;0.216736,0.149047;0.139394;0.141418,,multiprocessing,2026-10-03T13:22:24+00:00
L4-01161,L4,n2-standard-4,Linux,6.1.0-53-cloud-amd64,x86_64,Intel(R) Xeon(R) CPU @ 2.80GHz,intel,4,2,2800,16.8,3.14.6,CPython,1,forkserver,2.5.3,numpy,np_sort,72537,190887,0.8,ms,big,8,190917.33333333334,4,2,0,3,0,1,0.001971877999797774,1.0,0.2982593003186054,0.02462441061189244,1.1020750157135686,0.0,0.011693811000441201,0.000875173000167706,0.04689887000040471,0.016067745000327704,0.009826737999901525,0.012536903999716742,0.015890;0.016068;0.016169,0.009848;0.009827;0.009763,0.012537;0.011988;0.015247,,threading,2026-10-03T13:22:25+00:00
L4-01162,L4,n2-standard-4,Linux,6.1.0-53-cloud-amd64,x86_64,Intel(R) Xeon(R) CPU @ 2.80GHz,intel,4,2,2800,16.8,3.14.6,CPython,1,forkserver,2.5.3,algo_iter,algo_dijkstra,114,601988,0.0,seconds,big,332,602010,4,4,2,15,0,0,0.00022219451810920565,0.9992855547780428,0.08016169500849986,0.6001464438291697,0.9066805983385717,0.0,0.041866250001476146,0.0030342609989020275,0.09847463099958986,0.07239940399995248,0.07471198100029142,0.1696340219987178,0.072399;0.072651;0.072003,0.074712;0.074688;0.075129,0.184938;0.168420;0.169634,,sequential,2026-10-03T13:22:27+00:00
L4-01163,L4,n2-standard-4,Linux,6.1.0-53-cloud-amd64,x86_64,Intel(R) Xeon(R) CPU @ 2.80GHz,intel,4,2,2800,16.8,3.14.6,CPython,1,forkserver,2.5.3,algo_iter,algo_kmeans,188,122,0.0,ms,normal,8,141,4,2,3,15,0,0,0.0033789870000570468,1.0,0.01396268739196392,0.0032408133151907536,0.9490646722966933,0.0,0.022363931000654702,0.0015868379996391013,0.04689887000040471,0.026659702998586,0.02777738900113036,0.021414988001197344,0.026755;0.026660;0.026612,0.027683;0.027782;0.027777,0.021457;0.020130;0.021415,,multiprocessing,2026-10-03T13:22:28+00:00
L4-01164,L4,n2-standard-4,Linux,6.1.0-53-cloud-amd64,x86_64,Intel(R) Xeon(R) CPU @ 2.80GHz,intel,4,2,2800,16.8,3.14.6,CPython,1,forkserver,2.5.3,recursive,rec_fib,21,358,0.0,seconds,normal,105361,380,4,8,0,4,0,0,2.64127349237242e-06,1.0,2.8217548633021865,1.3281850832283484,0.9115930725579559,0.0,0.0151009500004875,0.0032519780161237577,0.0708367030001682,0.2573079840003629,0.2757292820006114,0.18386499699954584,0.256731;0.257308;0.258217,0.273982;0.275729;0.275856,0.186985;0.183865;0.183842,,multiprocessing,2026-10-03T13:22:30+00:00
L4-01165,L4,n2-standard-4,Linux,6.1.0-53-cloud-amd64,x86_64,Intel(R) Xeon(R) CPU @ 2.80GHz,intel,4,2,2800,16.8,3.14.6,CPython,1,forkserver,2.5.3,big_result,result_matrix_lists,70,22,0.3,ms,normal,20,41,4,2,2,5,0,0,0.0006507993999548489,1.0,0.30763845067408885,0.28498551170529735,1.3104224931805057,0.5,0.007351319000008516,0.0015436619996762602,0.04689887000040471,0.0118258849997801,0.012187608999738586,0.01215093400060141,0.012581;0.011826;0.011732,0.012257;0.012139;0.012188,0.008939;0.012151;0.015180,,sequential,2026-10-03T13:22:31+00:00
L4-01166,L4,n2-standard-4,Linux,6.1.0-53-cloud-amd64,x86_64,Intel(R) Xeon(R) CPU @ 2.80GHz,intel,4,2,2800,16.8,3.14.6,CPython,1,forkserver,2.5.3,algo_iter,algo_game_of_life,3,65,0.0,seconds,normal,155,84,4,2,5,9,0,0,0.004248571333240155,0.9999740777644277,0.010888727724343008,0.011398596301517802,0.9934763485054551,0.0,0.10420974800035765,0.0018568580017017666,0.04689887000040471,0.6531565929999488,0.6601486859999568,0.34182205999968573,0.653157;0.655935;0.653069,0.660149;0.659483;0.668155,0.341822;0.341368;0.343308,,multiprocessing,2026-10-03T13:22:37+00:00
L4-01167,L4,n2-standard-4,Linux,6.1.0-53-cloud-amd64,x86_64,Intel(R) Xeon(R) CPU @ 2.80GHz,intel,4,2,2800,16.8,3.14.6,CPython,1,forkserver,2.5.3,recursive,rec_tree_sum,4594,16,0.8,ms,normal,8,36,4,8,0,4,0,0,0.0017924306660764462,1.0,0.2611203167913022,0.006290712902186744,1.105751808197152,0.0,0.011415064998800517,0.00021609299983538222,0.0708367030001682,0.013392693999776384,0.014667444998849533,0.009573919998729252,0.013259;0.013393;0.022400,0.014665;0.014669;0.014667,0.008337;0.010305;0.009574,,multiprocessing,2026-10-03T13:22:37+00:00
L4-01168,L4,n2-standard-4,Linux,6.1.0-53-cloud-amd64,x86_64,Intel(R) Xeon(R) CPU @ 2.80GHz,intel,4,2,2800,16.8,3.14.6,CPython,1,forkserver,2.5.3,cpu,cpu_matmul_lists,45,119,0.8,ms,normal,8,138,4,2,3,5,0,0,0.009060843667005733,1.0,1.2902039044670348,0.001090332690499921,1.4813754554347924,0.0,0.054307157999573974,0.0009551929997542175,0.04689887000040471,0.07032541800072067,0.07215866600017762,0.04411211499973433,0.070138;0.070478;0.070325,0.071970;0.072159;0.072167,0.044112;0.053176;0.042232,,multiprocessing,2026-10-03T13:22:38+00:00
L4-01169,L4,n2-standard-4,Linux,6.1.0-53-cloud-amd64,x86_64,Intel(R) Xeon(R) CPU @ 2.80GHz,intel,4,2,2800,16.8,3.14.6,CPython,1,forkserver,2.5.3,recursive,rec_fib,49,123693,0.0,ms,big,1616,123715,4,4,0,4,0,0,4.03172280040044e-06,1.0,0.9547472158726226,6.149319025663079,0.7759928558891588,0.0,0.0051747529996646335,0.00124116498955118,0.09847463099958986,0.0060965180000494,0.007011873000010382,0.1740869160003058,0.006021;0.006129;0.006097,0.007060;0.007012;0.006799,0.174087,,sequential,2026-10-03T13:22:40+00:00
L4-01170,L4,n2-standard-4,Linux,6.1.0-53-cloud-amd64,x86_64,Intel(R) Xeon(R) CPU @ 2.80GHz,intel,4,2,2800,16.8,3.14.6,CPython,1,forkserver,2.5.3,db,db_mem_group_by,1799,1618475,0.8,ms,big,8,1618498,4,2,1,2,1,0,0.002379658665934888,1.0,0.2501451070420282,0.1897887036561397,0.48395767966487907,0.0,0.024163645000953693,0.0021224550018814625,0.04689887000040471,0.018332130999624496,0.03853897899898584,0.02137050299825205,0.018356;0.018332;0.018209,0.038882;0.036397;0.038539,0.021371;0.021400;0.019496,,sequential,2026-10-03T13:22:41+00:00
L4-01171,L4,n2-standard-4,Linux,6.1.0-53-cloud-amd64,x86_64,Intel(R) Xeon(R) CPU @ 2.80GHz,intel,4,2,2800,16.8,3.14.6,CPython,1,forkserver,2.5.3,big_payload,big_count_byte,2,101534,0.3,seconds,big,1969,101556,4,4,0,1,0,0,0.00016461588446191694,0.9994907288781265,0.030757123057922834,0.1142404927461521,0.9747985610491853,0.0,0.10239361300045857,0.0011489770095067797,0.09847463099958986,0.32432813699961116,0.3285682489986357,0.20096674299929873,0.324328;0.323483;0.325095,0.328568;0.328094;0.328584,0.200967;0.198750;0.202951,,multiprocessing,2026-10-03T13:22:44+00:00
L4-01172,L4,n2-standard-4,Linux,6.1.0-53-cloud-amd64,x86_64,Intel(R) Xeon(R) CPU @ 2.80GHz,intel,4,2,2800,16.8,3.14.6,CPython,1,forkserver,2.5.3,tiny,tiny_add,102,43,0.0,seconds,normal,200000,62,4,2,0,1,0,0,1.3928697080700658e-07,1.0,1.5004949644496208,22.138108112195315,0.4620493400422589,0.0,0.004526151999016292,0.002878790057366132,0.04689887000040471,0.011381104000975029,0.016769215000749682,0.07705246099976648,0.011615;0.011381;0.011233,0.017186;0.016769;0.016696,0.077052,,sequential,2026-10-03T13:22:45+00:00
L4-01173,L4,n2-standard-4,Linux,6.1.0-53-cloud-amd64,x86_64,Intel(R) Xeon(R) CPU @ 2.80GHz,intel,4,2,2800,16.8,3.14.6,CPython,1,forkserver,2.5.3,gil_release,gil_bz2,66,300000,0.8,seconds,big,25,300022,4,8,0,1,0,1,0.006311887499881171,0.9999733383315859,0.18866172016319815,0.009680622477575701,1.5615184161647124,0.0,0.06518674200015084,0.0009661090007284656,0.0708367030001682,0.20733987800122122,0.09268843199970433,0.10438932600118278,0.207340;0.207543;0.205890,0.096565;0.092688;0.091285,0.099607;0.104389;0.114417,,threading,2026-10-03T13:22:47+00:00
L4-01174,L4,n2-standard-4,Linux,6.1.0-53-cloud-amd64,x86_64,Intel(R) Xeon(R) CPU @ 2.80GHz,intel,4,2,2800,16.8,3.14.6,CPython,1,forkserver,2.5.3,algo_iter,algo_kmeans,219,34,0.3,ms,normal,27,53.166666666666664,4,8,3,15,0,0,0.003487668166296013,1.0,0.2090438432303376,0.002227753941879686,0.9179597987813557,0.0,0.0445449369999551,0.0002548850006860448,0.0708367030001682,0.10030743200150027,0.10463828100000683,0.05744874000083655,0.100307;0.100578;0.099800,0.104559;0.105090;0.104638,0.060337;0.057449;0.054645,,multiprocessing,2026-10-03T13:22:48+00:00
L4-01175,L4,n2-standard-4,Linux,6.1.0-53-cloud-amd64,x86_64,Intel(R) Xeon(R) CPU @ 2.80GHz,intel,4,2,2800,16.8,3.14.6,CPython,1,forkserver,2.5.3,big_payload,big_upper_copy,3,249279,0.3,seconds,big,802,249301,4,4,0,0,0,0,0.00022724017505424855,0.9999610886975693,0.06781672181045657,0.40404827207419003,1.8912601526589599,0.0,0.07221906899940223,0.0025260609872930218,0.09847463099958986,0.16897322600016196,0.14900092700008827,1.8112093720010307,0.188946;0.168973;0.167193,0.177606;0.145197;0.149001,1.811209,,threading,2026-10-03T13:22:52+00:00
L4-01176,L4,n2-standard-4,Linux,6.1.0-53-cloud-amd64,x86_64,Intel(R) Xeon(R) CPU @ 2.80GHz,intel,4,2,2800,16.8,3.14.6,CPython,1,forkserver,2.5.3,io,io_sleep,6035,421,0.8,ms,normal,8,444,4,2,0,1,1,0,0.005588306667050347,0.004099878252469511,0.48852512530720305,0.0021524708302147256,1.7033223779941786,0.5,0.03064246099893353,0.0005714069975510938,0.04689887000040471,0.044740743998772814,0.025620828999308287,0.02602092199958861,0.044741;0.044717;0.044791,0.025624;0.025516;0.025621,0.026021;0.026157;0.025994,,threading,2026-10-03T13:22:53+00:00
L4-01177,L4,n2-standard-4,Linux,6.1.0-53-cloud-amd64,x86_64,Intel(R) Xeon(R) CPU @ 2.80GHz,intel,4,2,2800,16.8,3.14.6,CPython,1,forkserver,2.5.3,algo_rec,algo_flood_fill,1,571247,0.3,ms,big,39,571269,4,2,3,10,0,0,0.0003648188891626584,1.0,0.7023915130284325,0.34674495935836186,0.596630311557352,0.0,0.010833073998583131,0.002382171995122917,0.04689887000040471,0.014820770998994703,0.016119500000058906,0.030085304999374785,0.014821;0.015267;0.014806,0.016321;0.015568;0.016120,0.031892;0.026801;0.030085,,sequential,2026-10-03T13:22:54+00:00
L4-01178,L4,n2-standard-4,Linux,6.1.0-53-cloud-amd64,x86_64,Intel(R) Xeon(R) CPU @ 2.80GHz,intel,4,2,2800,16.8,3.14.6,CPython,1,forkserver,2.5.3,algo_iter,algo_game_of_life,2,38,0.3,seconds,normal,101,57,4,4,5,9,0,0,0.0031266540588737422,0.9999676852963094,0.17068454364777225,0.01390902387770053,1.0545212757484945,0.0,0.1048966250000376,0.0009918739979184465,0.09847463099958986,0.2945337560013286,0.29903636800008826,0.15587448900078016,0.294534;0.295458;0.294452,0.301033;0.299036;0.298247,0.155874;0.155624;0.161721,,multiprocessing,2026-10-03T13:22:57+00:00
L4-01179,L4,n2-standard-4,Linux,6.1.0-53-cloud-amd64,x86_64,Intel(R) Xeon(R) CPU @ 2.80GHz,intel,4,2,2800,16.8,3.14.6,CPython,1,forkserver,2.5.3,tiny,tiny_add,935,431,0.0,seconds,normal,200000,454,4,8,0,1,0,0,2.1562949314102298e-07,1.0,1.275934107052681,16.19143105339731,0.5620308544955076,23.4,0.004914404998999089,0.0029331530113267945,0.0708367030001682,0.032434958000521874,0.03392300999985309,0.148865481998655,0.034079;0.032403;0.032435,0.033923;0.030370;0.036636,0.142681;0.148865;0.161629,,sequential,2026-10-03T13:22:59+00:00
L4-01180,L4,n2-standard-4,Linux,6.1.0-53-cloud-amd64,x86_64,Intel(R) Xeon(R) CPU @ 2.80GHz,intel,4,2,2800,16.8,3.14.6,CPython,1,forkserver,2.5.3,big_payload,big_checksum_head,1854,208450,0.0,seconds,big,959,208473,4,2,1,1,0,0,4.785946447589283e-05,0.9990483461994594,0.07010017720210315,0.7281767655114496,0.9019263640991274,19.2,0.02596122500108322,0.0016586579913564492,0.04689887000040471,0.04624032099854958,0.05572137900162488,0.2188706140004797,0.045771;0.046240;0.065199,0.061620;0.055721;0.048655,0.218871;0.230669;0.206429,,sequential,2026-10-03T13:23:01+00:00
L4-01181,L4,n2-standard-4,Linux,6.1.0-53-cloud-amd64,x86_64,Intel(R) Xeon(R) CPU @ 2.80GHz,intel,4,2,2800,16.8,3.14.6,CPython,1,forkserver,2.5.3,db,db_file_commit,1,13675,0.3,seconds,normal,1435,13697,4,8,1,0,1,0,0.003909858461366429,0.13159121202433355,0.14174333974381562,0.0016240208930454981,1.3228738561440303,9.5,0.08984286300074018,0.0010404190034023486,0.0708367030001682,5.643543639998825,2.6753281199999037,1.4813879399989673,5.392818;5.668589;5.643544,2.675328;2.759577;1.512583,1.284458;1.481388;2.861875,,multiprocessing,2026-10-03T13:23:31+00:00
L4-01182,L4,n2-standard-4,Linux,6.1.0-53-cloud-amd64,x86_64,Intel(R) Xeon(R) CPU @ 2.80GHz,intel,4,2,2800,16.8,3.14.6,CPython,1,forkserver,2.5.3,algo_iter,algo_game_of_life,19,435878,0.8,seconds,big,9,435900,4,4,5,9,0,0,0.028066025999578414,0.9998225151021538,0.17278521933319907,0.0063442184542741595,1.0726054193651025,0.0,0.15848274499876425,0.0007398830002784962,0.09847463099958986,0.18765788600103406,0.19019789100093476,0.10620725099943229,0.187272;0.187658;0.188289,0.191011;0.190198;0.189390,0.103942;0.107498;0.106207,,multiprocessing,2026-10-03T13:23:33+00:00
L4-01183,L4,n2-standard-4,Linux,6.1.0-53-cloud-amd64,x86_64,Intel(R) Xeon(R) CPU @ 2.80GHz,intel,4,2,2800,16.8,3.14.6,CPython,1,forkserver,2.5.3,io,io_file_roundtrip,4,2342,0.3,ms,normal,11,2364,4,2,1,0,1,0,0.005044424333391362,0.09244759013835047,0.08146225972123826,0.0018141481879989994,1.466657940032411,0.0,0.026199982999969507,0.00022347699996316805,0.04689887000040471,0.05246415200053889,0.034920770000098855,0.03746960599892191,0.052339;0.054236;0.052464,0.034921;0.033110;0.035747,0.032688;0.037470;0.038297,,threading,2026-10-03T13:23:34+00:00
L4-01184,L4,n2-standard-4,Linux,6.1.0-53-cloud-amd64,x86_64,Intel(R) Xeon(R) CPU @ 2.80GHz,intel,4,2,2800,16.8,3.14.6,CPython,1,forkserver,2.5.3,cpu,cpu_sum_squares,853,35,0.8,seconds,normal,60603,54.95,4,4,1,2,0,0,3.3920925406756325e-05,0.9999687103846723,0.49714832852987995,0.10098485800000195,0.9654762610526947,0.0,0.10421888400014723,0.0026931209813483292,0.09847463099958986,2.051159603000997,2.0992565779997676,1.094428415000948,2.051160;2.051901;2.051093,2.096008;2.100689;2.099257,1.088923;1.095988;1.094428,,multiprocessing,2026-10-03T13:23:50+00:00
L4-01185,L4,n2-standard-4,Linux,6.1.0-53-cloud-amd64,x86_64,Intel(R) Xeon(R) CPU @ 2.80GHz,intel,4,2,2800,16.8,3.14.6,CPython,1,forkserver,2.5.3,recursive,rec_fib,41,1001,0.3,seconds,normal,111524,1023,4,4,0,4,0,0,3.49787798950274e-06,1.0,2.0910152979326035,1.161704302359687,0.8998995043334197,0.0,0.018471047000275576,0.0029325680206966354,0.09847463099958986,0.3913586769995163,0.41182809000019915,0.28353423299995484,0.391359;0.391247;0.394571,0.411756;0.414752;0.411828,0.280764;0.284104;0.283534,,multiprocessing,2026-10-03T13:23:55+00:00
L4-01186,L4,n2-standard-4,Linux,6.1.0-53-cloud-amd64,x86_64,Intel(R) Xeon(R) CPU @ 2.80GHz,intel,4,2,2800,16.8,3.14.6,CPython,1,forkserver,2.5.3,algo_iter,algo_kmeans,39,407,0.3,seconds,normal,7691,429,4,8,3,15,0,0,0.0007072051831643658,0.999966437867367,0.1583283069770716,0.006796754688493993,0.9650171377667452,0.0,0.10263861999919754,0.00048352699377574027,0.0708367030001682,5.538236131000303,5.722001607000493,2.7870733400013705,5.557950;5.531165;5.538236,5.722002;5.710942;5.723696,2.798414;2.786233;2.787073,,multiprocessing,2026-10-03T13:24:37+00:00
L4-01187,L4,n2-standard-4,Linux,6.1.0-53-cloud-amd64,x86_64,Intel(R) Xeon(R) CPU @ 2.80GHz,intel,4,2,2800,16.8,3.14.6,CPython,1,forkserver,2.5.3,big_result,result_sorted_pairs,47446,289,0.8,seconds,normal,9,312,4,2,1,4,0,0,0.0388951166660263,0.9999336741383241,0.051000217704539844,0.620099044149997,2.6553552130102305,0.0,0.23255557900120039,0.07268141500208003,0.04689887000040471,0.33845159500015143,0.34858329400049115,0.3282314830012183,0.338452;0.344664;0.336499,0.348583;0.358815;0.348516,0.328231;0.300200;0.352295,,multiprocessing,2026-10-03T13:24:41+00:00
L4-01188,L4,n2-standard-4,Linux,6.1.0-53-cloud-amd64,x86_64,Intel(R) Xeon(R) CPU @ 2.80GHz,intel,4,2,2800,16.8,3.14.6,CPython,1,forkserver,2.5.3,algo_rec,algo_flood_fill,1,112253,0.8,seconds,big,1781,112275,4,2,3,10,0,0,0.00043869541741910125,0.9999722059701998,0.6650706691375738,0.04990079412349379,0.8893969285818222,0.0,0.10858809399906022,0.0009168219949060585,0.04689887000040471,0.7757094799999322,0.7996423690001393,0.5505689220008207,0.770312;0.775709;0.777879,0.794761;0.799642;0.805393,0.550569;0.552144;0.538861,,multiprocessing,2026-10-03T13:24:49+00:00
L4-01189,L4,n2-standard-4,Linux,6.1.0-53-cloud-amd64,x86_64,Intel(R) Xeon(R) CPU @ 2.80GHz,intel,4,2,2800,16.8,3.14.6,CPython,1,forkserver,2.5.3,big_payload,big_reverse,4,273262,0.0,ms,big,274,273284,4,2,0,0,0,0,0.00014031611777574974,0.9992209414746368,0.08854161996249953,0.6209600250752717,0.9586355590193016,0.0,0.02173073999983899,0.0021390169895312283,0.04689887000040471,0.037809254999956465,0.042592059000526206,0.4569457550005609,0.037920;0.037809;0.037671,0.043374;0.039447;0.042592,0.456946,,sequential,2026-10-03T13:24:50+00:00
L4-01190,L4,n2-standard-4,Linux,6.1.0-53-cloud-amd64,x86_64,Intel(R) Xeon(R) CPU @ 2.80GHz,intel,4,2,2800,16.8,3.14.6,CPython,1,forkserver,2.5.3,io,io_sleep_chunks,12020,746,0.3,seconds,normal,111,769,4,8,1,1,1,0,0.010985803799849236,0.006039112850912947,0.18182715619230697,0.0009180211392256616,1.3395028742119255,0.0,0.09709584300071583,0.00028214300073159393,0.0708367030001682,1.3508726959989872,0.19662635999884515,0.19719271500071045,1.350873,0.196534;0.196626;0.196730,0.197297;0.196863;0.197193,,threading,2026-10-03T13:24:54+00:00
L4-01191,L4,n2-standard-4,Linux,6.1.0-53-cloud-amd64,x86_64,Intel(R) Xeon(R) CPU @ 2.80GHz,intel,4,2,2800,16.8,3.14.6,CPython,1,forkserver,2.5.3,text,text_csv_parse,2,496,0.8,ms,normal,11,518,4,2,2,3,0,0,0.00118492266725904,1.0,0.19741577860588036,0.006824917556177958,1.0288294514982375,0.0,0.0076989709996269085,0.000830966997455107,0.04689887000040471,0.009983914000258665,0.010428196999782813,0.007870592000472243,0.009984;0.009965;0.009987,0.010699;0.010370;0.010428,0.008004;0.007734;0.007871,,multiprocessing,2026-10-03T13:24:54+00:00
L4-01192,L4,n2-standard-4,Linux,6.1.0-53-cloud-amd64,x86_64,Intel(R) Xeon(R) CPU @ 2.80GHz,intel,4,2,2800,16.8,3.14.6,CPython,1,forkserver,2.5.3,big_result,result_long_string,423,339,0.0,seconds,normal,15495,362,4,2,1,1,0,0,9.538362447246669e-05,0.9999749266547588,0.05272389801637138,0.06677980555081807,0.9819495609209599,0.0,0.10199495800043223,0.0012615170271601528,0.04689887000040471,1.5577240709990292,1.545578701001432,1.8786464979984885,1.557724;1.616063;1.539434,1.553406;1.545579;1.528186,1.405413;3.047504;1.878646,,threading,2026-10-03T13:25:10+00:00
L4-01193,L4,n2-standard-4,Linux,6.1.0-53-cloud-amd64,x86_64,Intel(R) Xeon(R) CPU @ 2.80GHz,intel,4,2,2800,16.8,3.14.6,CPython,1,forkserver,2.5.3,tiny,tiny_dict_lookup,13,75,0.3,ms,normal,200000,94,4,4,0,1,0,0,2.202594960181159e-07,1.0,0.25974358110903645,14.109721095622618,0.5058496986001406,0.0,0.004689504999987548,0.002625139008159749,0.09847463099958986,0.03252964300008898,0.04156359900116513,0.08937770500051556,0.032142;0.032656;0.032530,0.042885;0.041564;0.041217,0.085207;0.089378;0.091029,,sequential,2026-10-03T13:25:12+00:00
L4-01194,L4,n2-standard-4,Linux,6.1.0-53-cloud-amd64,x86_64,Intel(R) Xeon(R) CPU @ 2.80GHz,intel,4,2,2800,16.8,3.14.6,CPython,1,forkserver,2.5.3,db,db_file_commit,1,113,0.8,seconds,normal,80,132,4,4,1,0,1,0,0.004249010332993445,0.10898159948840774,0.3138499686746879,0.000960262819507431,1.8913197265491621,0.0,0.07819620999907784,0.00028705100157822017,0.09847463099958986,0.28843875100028527,0.11078578100023151,0.11648512300052971,0.320875;0.288439;0.274632,0.107570;0.128242;0.110786,0.131761;0.116485;0.106084,,threading,2026-10-03T13:25:14+00:00
L4-01195,L4,n2-standard-4,Linux,6.1.0-53-cloud-amd64,x86_64,Intel(R) Xeon(R) CPU @ 2.80GHz,intel,4,2,2800,16.8,3.14.6,CPython,1,forkserver,2.5.3,algo_rec,algo_lcs_memo,4,181,0.8,ms,normal,8,200,4,4,1,10,0,0,0.013737094999669353,0.9999859040230723,0.21445327497501407,0.0008556151216889144,1.60966328011843,0.0,0.0716741579999507,0.0011859269998240052,0.09847463099958986,0.08038558199950785,0.08376147100170783,0.04869768199932878,0.080006;0.080386;0.080778,0.083981;0.083761;0.082646,0.050539;0.048530;0.048698,,multiprocessing,2026-10-03T13:25:15+00:00
L4-01196,L4,n2-standard-4,Linux,6.1.0-53-cloud-amd64,x86_64,Intel(R) Xeon(R) CPU @ 2.80GHz,intel,4,2,2800,16.8,3.14.6,CPython,1,forkserver,2.5.3,io,io_file_roundtrip,3,14665,0.0,seconds,normal,896,14687,4,8,1,0,1,0,0.003511083200161617,0.09717112610680786,0.09158314372808625,0.001647639653987218,1.5466858407100812,0.0,0.0866104839988111,0.0003548699969542213,0.0708367030001682,3.3835711589999846,0.9157020589991589,0.7320152730007976,3.440224;3.383571;3.226845,0.818555;1.188189;0.915702,0.729696;1.448836;0.732015,,multiprocessing,2026-10-03T13:25:32+00:00
L4-01197,L4,n2-standard-4,Linux,6.1.0-53-cloud-amd64,x86_64,Intel(R) Xeon(R) CPU @ 2.80GHz,intel,4,2,2800,16.8,3.14.6,CPython,1,forkserver,2.5.3,io,io_sleep,2244,1722332,0.0,ms,big,8,1722355,4,4,0,1,1,0,0.002315841000987954,0.005753059078033619,0.002823924970036195,0.21372048688893497,1.4274709092541997,0.5,0.013566452000304707,0.0016883929984032875,0.09847463099958986,0.01853078500062111,0.004957345998263918,0.014362963998792111,0.018531;0.018514;0.018546,0.004957;0.004986;0.004951,0.019508;0.013050;0.014363,,threading,2026-10-03T13:25:32+00:00
L4-01198,L4,n2-standard-4,Linux,6.1.0-53-cloud-amd64,x86_64,Intel(R) Xeon(R) CPU @ 2.80GHz,intel,4,2,2800,16.8,3.14.6,CPython,1,forkserver,2.5.3,tiny,tiny_small_loop,13,312,0.8,seconds,normal,200000,334,4,4,0,0,0,0,3.785095050261589e-07,1.0,0.66642517041134,8.861600445285113,0.7269687235849468,0.0,0.005385944999943604,0.0028318459899310255,0.09847463099958986,0.06078592599988042,0.06849844200041844,0.14408860599905893,0.060786;0.061495;0.060710,0.068445;0.068682;0.068498,0.144089;0.148596;0.137527,,sequential,2026-10-03T13:25:34+00:00
L4-01199,L4,n2-standard-4,Linux,6.1.0-53-cloud-amd64,x86_64,Intel(R) Xeon(R) CPU @ 2.80GHz,intel,4,2,2800,16.8,3.14.6,CPython,1,forkserver,2.5.3,text,text_regex_findall,16,761,0.3,seconds,normal,371,783,4,4,1,1,0,0,0.0007118881551153683,0.9997489079871688,0.17177712457924207,0.005108878099252438,1.0313898450122931,0.0,0.10032181400129048,0.0008465749888273422,0.09847463099958986,0.26482545799990476,0.2724863120001828,0.13511874699906912,0.264825;0.264149;0.267042,0.272486;0.272493;0.269235,0.141384;0.134430;0.135119,,multiprocessing,2026-10-03T13:25:37+00:00
L4-01200,L4,n2-standard-4,Linux,6.1.0-53-cloud-amd64,x86_64,Intel(R) Xeon(R) CPU @ 2.80GHz,intel,4,2,2800,16.8,3.14.6,CPython,1,forkserver,2.5.3,cpu,cpu_collatz,294,32,0.8,ms,normal,8,52,4,4,2,5,0,0,0.001708707333212563,1.0,0.13929106729512108,0.005431201345435903,1.0455538373168896,0.5,0.01046704799955478,0.0007461660006811144,0.09847463099958986,0.01081405500008259,0.011217075998501969,0.0072156900005211355,0.010675;0.010814;0.010821,0.011392;0.011135;0.011217,0.010374;0.007216;0.006793,,multiprocessing,2026-10-03T13:25:37+00:00
L4-01201,L4,n2-standard-4,Linux,6.1.0-53-cloud-amd64,x86_64,Intel(R) Xeon(R) CPU @ 2.80GHz,intel,4,2,2800,16.8,3.14.6,CPython,1,forkserver,2.5.3,gil_release,gil_sha256,8,35533,0.8,seconds,normal,916,35555,4,4,1,1,0,1,0.0007383983236061741,0.9999822907878662,0.4046427741406567,0.012362162237159377,2.039210918670885,0.0,0.07532326300133718,0.0005650889943353832,0.09847463099958986,0.6176841470005456,0.2908154230008222,0.3106222420010454,0.617684;0.617966;0.616431,0.290261;0.291296;0.290815,0.310815;0.307951;0.310622,,threading,2026-10-03T13:25:42+00:00
L4-01202,L4,n2-standard-4,Linux,6.1.0-53-cloud-amd64,x86_64,Intel(R) Xeon(R) CPU @ 2.80GHz,intel,4,2,2800,16.8,3.14.6,CPython,1,forkserver,2.5.3,cpu,cpu_count_primes,4036,325,0.0,seconds,normal,3523,348,4,8,2,4,0,0,0.0019142765555039255,0.9999742869885313,0.013081751358213968,0.0018794567369890365,0.9860985974624781,0.5,0.1045399719987472,0.0003704250011651311,0.0708367030001682,6.696280199001194,6.80621760899885,3.4700097519998963,6.696162;6.696280;6.703008,6.810816;6.806218;6.793625,3.478046;3.470010;3.455787,,multiprocessing,2026-10-03T13:26:33+00:00
L4-01203,L4,n2-standard-4,Linux,6.1.0-53-cloud-amd64,x86_64,Intel(R) Xeon(R) CPU @ 2.80GHz,intel,4,2,2800,16.8,3.14.6,CPython,1,forkserver,2.5.3,algo_iter,algo_edit_distance,3171,1370,0.8,seconds,normal,990,1393,4,8,2,16,0,0,0.0004903026470392611,0.9999682153683801,0.5161038712710607,0.007454069260000856,0.9240416168880687,0.0,0.10503118599990557,0.0004697860022133682,0.0708367030001682,0.5044855559990538,0.5171652989993163,0.28624533699985477,0.505868;0.503794;0.504486,0.516154;0.517923;0.517165,0.286124;0.286245;0.286770,,multiprocessing,2026-10-03T13:26:38+00:00
L4-01204,L4,n2-standard-4,Linux,6.1.0-53-cloud-amd64,x86_64,Intel(R) Xeon(R) CPU @ 2.80GHz,intel,4,2,2800,16.8,3.14.6,CPython,1,forkserver,2.5.3,big_result,result_records,1893,307,0.0,seconds,normal,5023,330,4,8,1,2,0,0,0.002394140476012364,0.9999786360319244,3.149785659905692,0.3314126752960004,2.945794476771316,0.0,0.08418206099850067,0.016158019001522916,0.0708367030001682,8.242344346001119,8.772463102999609,8.918074420000266,8.483268;8.242344;8.217564,8.777944;8.674311;8.772463,8.918074;8.613828;9.363095,,sequential,2026-10-03T13:27:56+00:00
L4-01205,L4,n2-standard-4,Linux,6.1.0-53-cloud-amd64,x86_64,Intel(R) Xeon(R) CPU @ 2.80GHz,intel,4,2,2800,16.8,3.14.6,CPython,1,forkserver,2.5.3,db,db_file_commit,5,126,0.0,ms,normal,8,145,4,8,1,0,1,0,0.018521112666348927,0.0805532734295908,0.07075884031658512,0.0005979122863001504,1.4863737684146066,0.0,0.09227675900001486,0.0002246550011477666,0.0708367030001682,0.1178212730010273,0.022905255000296165,0.033265779000430484,0.117821;0.108813;0.139676,0.033360;0.022693;0.022905,0.025108;0.033513;0.033266,,threading,2026-10-03T13:27:57+00:00
L4-01206,L4,n2-standard-4,Linux,6.1.0-53-cloud-amd64,x86_64,Intel(R) Xeon(R) CPU @ 2.80GHz,intel,4,2,2800,16.8,3.14.6,CPython,1,forkserver,2.5.3,text,text_csv_parse,1,1768,0.0,seconds,normal,2408,1790,4,2,2,3,0,0,0.002150164875047267,0.9999728271718292,0.02047680492916137,0.0016193874805319915,1.0046499991876954,1.0,0.10331779799889773,0.00036003199784317985,0.04689887000040471,5.098731226999007,5.166070999999647,2.5240600460001588,5.117114;5.098731;5.095276,5.174008;5.163224;5.166071,2.524060;2.520120;2.526122,,multiprocessing,2026-10-03T13:28:36+00:00
L4-01207,L4,n2-standard-4,Linux,6.1.0-53-cloud-amd64,x86_64,Intel(R) Xeon(R) CPU @ 2.80GHz,intel,4,2,2800,16.8,3.14.6,CPython,1,forkserver,2.5.3,algo_rec,algo_sudoku,10,35,0.0,ms,normal,8,54,4,4,3,28,0,0,0.03899797866688459,0.9997644672567367,0.5908132535119629,0.00027460399109218624,1.182488967311061,0.0,0.20485763999931805,0.00021127099898876622,0.09847463099958986,0.22395618200062017,0.22813802400014538,0.12715111500074272,0.224947;0.223740;0.223956,0.228138;0.228022;0.228951,0.127151;0.125020;0.128293,,multiprocessing,2026-10-03T13:28:39+00:00
L4-01208,L4,n2-standard-4,Linux,6.1.0-53-cloud-amd64,x86_64,Intel(R) Xeon(R) CPU @ 2.80GHz,intel,4,2,2800,16.8,3.14.6,CPython,1,forkserver,2.5.3,text,text_csv_parse,2,566,0.8,ms,normal,9,588,4,4,2,3,0,0,0.001027553333187825,1.0,0.27858811229147085,0.007648590044498681,0.7376271342413916,0.0,0.00676192800165154,0.00019957900258305017,0.09847463099958986,0.008810404000541894,0.009353229999760515,0.00702167199960968,0.008890;0.008810;0.008755,0.009591;0.009313;0.009353,0.007022;0.006243;0.007031,,multiprocessing,2026-10-03T13:28:40+00:00
L4-01209,L4,n2-standard-4,Linux,6.1.0-53-cloud-amd64,x86_64,Intel(R) Xeon(R) CPU @ 2.80GHz,intel,4,2,2800,16.8,3.14.6,CPython,1,forkserver,2.5.3,cpu,cpu_count_primes,456,593,0.3,seconds,normal,6419,616,4,4,2,4,0,0,0.00010480710506187791,0.9997426910270313,0.22840919860695533,0.03310653285493592,1.016427330267568,0.0,0.10020828599954257,0.0009986859913624357,0.09847463099958986,0.6625340230002621,0.6710474900010013,0.3510009170004196,0.664468;0.662534;0.661639,0.671124;0.670386;0.671047,0.354482;0.351001;0.350054,,multiprocessing,2026-10-03T13:28:45+00:00
L4-01210,L4,n2-standard-4,Linux,6.1.0-53-cloud-amd64,x86_64,Intel(R) Xeon(R) CPU @ 2.80GHz,intel,4,2,2800,16.8,3.14.6,CPython,1,forkserver,2.5.3,algo_rec,algo_lcs_memo,1,1805,0.3,seconds,normal,1275,1827,4,2,1,10,0,0,0.0025057200499759348,0.9999752287873824,0.12389286152630909,0.001691529697369656,0.9667214961168066,0.5,0.10225914300099248,0.0003434530026424909,0.04689887000040471,3.261469783999928,3.42466283199974,1.6812302019989147,3.204123;3.261470;3.302476,3.342387;3.424663;3.429329,1.681230;1.647420;1.699458,,multiprocessing,2026-10-03T13:29:11+00:00
L4-01211,L4,n2-standard-4,Linux,6.1.0-53-cloud-amd64,x86_64,Intel(R) Xeon(R) CPU @ 2.80GHz,intel,4,2,2800,16.8,3.14.6,CPython,1,forkserver,2.5.3,tiny,tiny_small_loop,1,388,0.3,seconds,normal,200000,410,4,2,0,0,0,0,2.850204891728936e-07,1.0,0.26981426852758544,12.332270998628893,0.6730161894798236,28.4,0.005057173000750481,0.002761349023785442,0.04689887000040471,0.04483483600051841,0.06054950299949269,0.16801068700078758,0.045170;0.044835;0.044804,0.064303;0.054466;0.060550,0.181844;0.168011;0.153495,,sequential,2026-10-03T13:29:13+00:00
L4-01212,L4,n2-standard-4,Linux,6.1.0-53-cloud-amd64,x86_64,Intel(R) Xeon(R) CPU @ 2.80GHz,intel,4,2,2800,16.8,3.14.6,CPython,1,forkserver,2.5.3,tiny,tiny_add,29,23,0.8,seconds,normal,200000,42,4,2,0,1,0,0,1.0783049037854653e-07,1.0,0.3351175445878952,29.18794089902067,0.41474580980355025,25.5,0.004089054000360193,0.0025865860188787337,0.04689887000040471,0.011170968999067554,0.025475194999671658,0.08732693400088465,0.010843;0.013331;0.011171,0.025475;0.025004;0.025567,0.087327,,sequential,2026-10-03T13:29:13+00:00
L4-01213,L4,n2-standard-4,Linux,6.1.0-53-cloud-amd64,x86_64,Intel(R) Xeon(R) CPU @ 2.80GHz,intel,4,2,2800,16.8,3.14.6,CPython,1,forkserver,2.5.3,text,text_format_report,2070,394,0.0,ms,normal,34,417,4,8,1,2,0,0,0.0027209558754748286,1.0,0.01825042671251521,0.0019890528796887765,0.896086071566199,5.5,0.04691392999848176,0.0009300479960074881,0.0708367030001682,0.09041369899932761,0.09217535999960091,0.05046192299960239,0.090302;0.091208;0.090414,0.091268;0.092741;0.092175,0.049214;0.050462;0.052797,,multiprocessing,2026-10-03T13:29:15+00:00
L4-01214,L4,n2-standard-4,Linux,6.1.0-53-cloud-amd64,x86_64,Intel(R) Xeon(R) CPU @ 2.80GHz,intel,4,2,2800,16.8,3.14.6,CPython,1,forkserver,2.5.3,text,text_format_report,165,611,0.8,seconds,normal,2109,633.25,4,4,1,2,0,0,0.00020586871194257738,0.9999703623634965,0.491229808317486,0.016898875132032722,1.0203572309424067,0.0,0.09969570300017949,0.0006394999982148875,0.09847463099958986,0.43475833699994837,0.4373001359999762,0.22899749799944402,0.451398;0.434758;0.432114,0.438152;0.437154;0.437300,0.229210;0.228997;0.228603,,multiprocessing,2026-10-03T13:29:19+00:00
L4-01215,L4,n2-standard-4,Linux,6.1.0-53-cloud-amd64,x86_64,Intel(R) Xeon(R) CPU @ 2.80GHz,intel,4,2,2800,16.8,3.14.6,CPython,1,forkserver,2.5.3,big_payload,big_count_byte,1,100304,0.3,seconds,big,1993,100326,4,4,0,1,0,0,0.00016232510425572447,0.9996213954631105,0.031907948949058115,0.14090026305194805,0.9797347565013608,0.0,0.10217494700009411,0.001268078993234667,0.09847463099958986,0.3227225169994199,0.3282415209996543,0.20020061600007466,0.324897;0.322723;0.322103,0.328242;0.328119;0.328485,0.200201;0.213138;0.196758,,multiprocessing,2026-10-03T13:29:22+00:00
L4-01216,L4,n2-standard-4,Linux,6.1.0-53-cloud-amd64,x86_64,Intel(R) Xeon(R) CPU @ 2.80GHz,intel,4,2,2800,16.8,3.14.6,CPython,1,forkserver,2.5.3,text,text_format_report,58,18,0.0,ms,normal,3412,37,4,2,1,2,0,0,7.425085993855983e-05,0.9996568776466226,0.04210195883710269,0.04427019592018536,1.0406944137229264,0.5,0.09923739199984993,0.001204231981319026,0.04689887000040471,0.2411517679993267,0.25524287600092066,0.12902357999882952,0.240810;0.241152;0.252710,0.255281;0.253847;0.255243,0.129024;0.137707;0.124153,,multiprocessing,2026-10-03T13:29:25+00:00
L4-01217,L4,n2-standard-4,Linux,6.1.0-53-cloud-amd64,x86_64,Intel(R) Xeon(R) CPU @ 2.80GHz,intel,4,2,2800,16.8,3.14.6,CPython,1,forkserver,2.5.3,io,io_file_roundtrip,3,463551,0.8,seconds,big,130,463573,4,4,1,0,1,0,0.01135580519985524,0.20285752137362198,0.3022896083848906,0.011466698948996452,1.7172139606782943,0.0,0.08626871200067399,0.0008613099998910911,0.09847463099958986,1.2176030760001595,1.1825342449992604,1.1862142080008198,1.161318;1.217603;1.218049,1.182534;1.182713;1.182299,1.131504;1.186214;1.186660,,threading,2026-10-03T13:29:36+00:00
L4-01218,L4,n2-standard-4,Linux,6.1.0-53-cloud-amd64,x86_64,Intel(R) Xeon(R) CPU @ 2.80GHz,intel,4,2,2800,16.8,3.14.6,CPython,1,forkserver,2.5.3,mixed,mixed_compute_then_sleep,1142,23,0.8,seconds,normal,11284,43,4,4,1,3,1,0,0.00012943078494233253,0.4319040439012949,0.2781148682438106,0.026286637157420665,1.7637037383311351,0.0,0.07944153800053755,0.0009584770123183262,0.09847463099958986,1.4580205309994199,0.9646618540009513,0.5175319049994869,1.457018;1.458669;1.458021,0.964662;0.967159;0.963108,0.516786;0.521649;0.517532,,multiprocessing,2026-10-03T13:29:46+00:00
L4-01219,L4,n2-standard-4,Linux,6.1.0-53-cloud-amd64,x86_64,Intel(R) Xeon(R) CPU @ 2.80GHz,intel,4,2,2800,16.8,3.14.6,CPython,1,forkserver,2.5.3,algo_rec,algo_sudoku,1,80,0.0,seconds,normal,1664,99,4,4,3,28,0,0,0.0011571185331882184,0.9999683902610546,2.9341376084202815,0.002972210633766314,1.6489391155862836,0.0,0.08437058699928457,0.000386168005206855,0.09847463099958986,1.620689074999973,1.6529683579992707,0.9516006579997338,1.625677;1.620689;1.619743,1.652968;1.654357;1.649004,0.934663;0.955483;0.951601,,multiprocessing,2026-10-03T13:29:59+00:00
L4-01220,L4,n2-standard-4,Linux,6.1.0-53-cloud-amd64,x86_64,Intel(R) Xeon(R) CPU @ 2.80GHz,intel,4,2,2800,16.8,3.14.6,CPython,1,forkserver,2.5.3,io,io_sleep_return_payload,1818,5747,0.0,ms,normal,24,5770,4,8,0,1,1,0,0.0019094583334056854,0.012628395163151297,0.007191940490117486,0.004649398835628092,1.8958820493976365,0.0,0.017833138999776565,0.0002833479993569199,0.0708367030001682,0.045490796999729355,0.006222645000889315,0.02731117700022878,0.045491,0.006211;0.006285;0.006223,0.008230;0.027311;0.049078,,threading,2026-10-03T13:30:00+00:00
L4-01221,L4,n2-standard-4,Linux,6.1.0-53-cloud-amd64,x86_64,Intel(R) Xeon(R) CPU @ 2.80GHz,intel,4,2,2800,16.8,3.14.6,CPython,1,forkserver,2.5.3,big_result,result_long_string,4711,1420,0.3,seconds,normal,1517,1443,4,8,1,1,0,0,0.001171427162854491,1.0,0.1636840774393931,0.027811119064990713,0.9255842206349855,0.0,0.10602404899873363,0.0009700769969640533,0.0708367030001682,1.942121613999916,1.9368576369997754,1.1656554100009089,1.961936;1.941681;1.942122,1.934216;1.936858;1.943428,1.165655;1.503349;1.155242,,multiprocessing,2026-10-03T13:30:16+00:00
L4-01222,L4,n2-standard-4,Linux,6.1.0-53-cloud-amd64,x86_64,Intel(R) Xeon(R) CPU @ 2.80GHz,intel,4,2,2800,16.8,3.14.6,CPython,1,forkserver,2.5.3,db,db_mem_insert_select,283,145,0.0,seconds,normal,1015,165,4,8,1,1,1,0,0.0003052439634502218,0.9999732773851568,0.050375840117782754,0.010177105521229742,0.49758929993215656,0.0,0.15174476799984404,0.0012053389928041724,0.0708367030001682,0.31382629700055986,1.7185408999976062,0.14370817999952124,0.313826,1.718541,0.143708,threading,multiprocessing,2026-10-03T13:30:19+00:00
L4-01223,L4,n2-standard-4,Linux,6.1.0-53-cloud-amd64,x86_64,Intel(R) Xeon(R) CPU @ 2.80GHz,intel,4,2,2800,16.8,3.14.6,CPython,1,forkserver,2.5.3,io,io_file_roundtrip,3,528,0.0,seconds,normal,181,550,4,8,1,0,1,0,0.003812052928749056,0.08102430480918645,0.07645960357147674,0.0012396583545436427,1.6726020408408848,0.0,0.08635046599920315,0.0014373749963851878,0.10291362899988599,0.6278339669988782,0.16152687999965565,0.13230495199968573,0.594506;0.651496;0.627834,0.161501;0.165811;0.161527,0.122917;0.142841;0.132305,,multiprocessing,2026-10-03T13:30:22+00:00
L4-01224,L4,n2-standard-4,Linux,6.1.0-53-cloud-amd64,x86_64,Intel(R) Xeon(R) CPU @ 2.80GHz,intel,4,2,2800,16.8,3.14.6,CPython,1,forkserver,2.5.3,tiny,tiny_small_loop,31,24,0.8,seconds,normal,200000,43,4,4,0,0,0,0,4.0555249142926186e-07,1.0,0.27197570389198894,7.544522917735269,0.6615068245698978,0.0,0.005993725999360322,0.0031849370170675684,0.06332622199988691,0.07214643000042997,0.08415022699955443,0.09596691200022178,0.074900;0.071474;0.072146,0.087204;0.084150;0.083857,0.101103;0.091556;0.095967,,sequential,2026-10-03T13:30:24+00:00
L4-01225,L4,n2-standard-4,Linux,6.1.0-53-cloud-amd64,x86_64,Intel(R) Xeon(R) CPU @ 2.80GHz,intel,4,2,2800,16.8,3.14.6,CPython,1,forkserver,2.5.3,numpy,np_linalg_solve,15,1311846,0.3,ms,big,8,1311868,4,8,0,3,0,1,0.007811437333657523,1.0,0.0528984656760041,0.07643817327510594,1.5140284721547463,0.5,0.041010049999385956,0.0026119269969058223,0.10291362899988599,0.06441692899898044,0.013933419999375474,0.17812657200011017,0.064433;0.064417;0.063525,0.031776;0.013006;0.013933,0.178127,,threading,2026-10-03T13:30:25+00:00
L4-01226,L4,n2-standard-4,Linux,6.1.0-53-cloud-amd64,x86_64,Intel(R) Xeon(R) CPU @ 2.80GHz,intel,4,2,2800,16.8,3.14.6,CPython,1,forkserver,2.5.3,io,io_sleep,1948,241554,0.3,seconds,big,827,241577,4,4,0,1,1,0,0.0019836935767811015,0.006595799870350667,0.19404836431189768,0.01937373310086431,1.9058418707093996,0.0,0.0804430020016298,0.0014385850045073312,0.06332622199988691,1.6680647900011536,0.42156272000102035,0.5315626020001218,1.673193;1.666949;1.668065,0.421656;0.421495;0.421563,0.536357;0.531563;0.524763,,threading,2026-10-03T13:30:34+00:00
L4-01227,L4,n2-standard-4,Linux,6.1.0-53-cloud-amd64,x86_64,Intel(R) Xeon(R) CPU @ 2.80GHz,intel,4,2,2800,16.8,3.14.6,CPython,1,forkserver,2.5.3,big_result,result_long_string,223,205,0.8,ms,normal,156,224.45,4,4,1,1,0,0,4.9791102449093254e-05,1.0,0.48224166649792977,0.08646123156212807,0.7546135900903859,0.0,0.005337958999007242,0.0007979810034157708,0.06332622199988691,0.007908833000328741,0.008600139000918716,0.04096605700033251,0.007909;0.008071;0.007841,0.008600;0.008565;0.008810,0.040966,,sequential,2026-10-03T13:30:35+00:00
L4-01228,L4,n2-standard-4,Linux,6.1.0-53-cloud-amd64,x86_64,Intel(R) Xeon(R) CPU @ 2.80GHz,intel,4,2,2800,16.8,3.14.6,CPython,1,forkserver,2.5.3,text,text_split_count,29,647,0.0,seconds,normal,490,669,4,2,1,1,0,0,0.001008800580057141,0.9999640122659985,0.0109806673779163,0.003069139946141479,0.9695497399999939,0.0,0.10341772799984028,0.0009287589964515064,0.04170574599993415,0.5055817120010033,0.5091866409984505,0.2624499699995795,0.500396;0.506854;0.505582,0.504630;0.510931;0.509187,0.265241;0.262450;0.257989,,multiprocessing,2026-10-03T13:30:39+00:00
L4-01229,L4,n2-standard-4,Linux,6.1.0-53-cloud-amd64,x86_64,Intel(R) Xeon(R) CPU @ 2.80GHz,intel,4,2,2800,16.8,3.14.6,CPython,1,forkserver,2.5.3,io,io_sleep_return_payload,1047,54122,0.0,ms,normal,70,54145,4,4,0,1,1,0,0.0011192628822113073,0.012325456974408384,0.008752189691366288,0.014158687845413798,1.8252013939359817,0.0,0.030397449001611676,0.0008704460033186479,0.06332622199988691,0.07795903400074167,0.022768724000343354,0.046588587001679116,0.078053;0.077959;0.077889,0.022726;0.022825;0.022769,0.075075;0.043225;0.046589,,threading,2026-10-03T13:30:40+00:00
L4-01230,L4,n2-standard-4,Linux,6.1.0-53-cloud-amd64,x86_64,Intel(R) Xeon(R) CPU @ 2.80GHz,intel,4,2,2800,16.8,3.14.6,CPython,1,forkserver,2.5.3,db,db_file_commit,2,12075,0.3,seconds,normal,243,12097,4,2,1,0,1,0,0.007817911286370613,0.10458148312251182,0.254122609569596,0.0010359727210017785,1.3653551156354,0.0,0.09576217999892833,0.0009726559928822098,0.04170574599993415,1.7759664390014223,1.0640739209993626,1.0685274110001046,1.758260;1.855435;1.775966,1.064074;1.059922;1.646935,1.068527;1.016432;1.371585,,threading,2026-10-03T13:30:53+00:00
L4-01231,L4,n2-standard-4,Linux,6.1.0-53-cloud-amd64,x86_64,Intel(R) Xeon(R) CPU @ 2.80GHz,intel,4,2,2800,16.8,3.14.6,CPython,1,forkserver,2.5.3,db,db_file_lookup,14,159,0.3,seconds,normal,1937,178,4,2,1,5,1,0,0.00022560521616420324,0.9999658276834712,0.10288248359076528,0.013110511291088475,0.48415835821413494,0.0,0.1549635400006082,0.0016273250130325323,0.04170574599993415,0.44029309899997315,0.3943726890011021,0.23187936199974502,0.440293;0.433273;0.441239,0.436813;0.394373;0.391667,0.231879;0.292018;0.216049,,multiprocessing,2026-10-03T13:30:57+00:00
L4-01232,L4,n2-standard-4,Linux,6.1.0-53-cloud-amd64,x86_64,Intel(R) Xeon(R) CPU @ 2.80GHz,intel,4,2,2800,16.8,3.14.6,CPython,1,forkserver,2.5.3,algo_rec,algo_sudoku,2,24,0.3,seconds,normal,2084,43,4,4,3,28,0,0,0.00300281582359971,0.9999709222312577,1.786193414176174,0.0011387154456214581,1.9914354712669464,0.0,0.08001215600052092,0.0019310189982206794,0.06332622199988691,8.81540743900041,8.98410320199946,4.849074158999429,8.815407;8.807152;8.822769,9.535145;8.973788;8.984103,4.825320;4.868874;4.849074,,multiprocessing,2026-10-03T13:32:06+00:00
