run_id,machine_id,vm_size,os,os_release,arch,cpu_model,cpu_vendor,logical_cpus,physical_cores,cpu_freq_mhz,ram_gb,python,python_impl,gil_enabled,start_method,numpy_version,family,template_id,work,payload_size,jitter,duration_tier,input_tier,n_items,input_bytes,cpu_count,n_workers,max_loop_depth,arith_op_count,has_io_call,has_gil_release_call,time_per_item,cpu_ratio,time_cv,pickle_time_ratio,thread_probe_speedup,cpu_load,probe_overhead_s,probe_extra_s,pool_startup_s,t_sequential,t_threading,t_multiprocessing,runs_sequential,runs_threading,runs_multiprocessing,censored,label,timestamp
M0c1-00000,M0c1,localc1,Windows,11,AMD64,AMD Ryzen 3 5300U with Radeon Graphics,amd,1,4,2600,20.8,3.14.6,CPython,1,spawn,2.5.3,big_payload,big_upper_copy,9,189756,0.8,ms,big,308,189778,1,2,0,0,0,0,0.00014974805205159324,0.999308242956465,0.06436081848585949,0.34684924608702483,0.8835267019945583,19.9,0.047297400000388734,0.022511099989060313,0.33582060001208447,0.05249460000777617,0.05198990000644699,0.38876750000054017,0.059535;0.051894;0.052495,0.051990;0.052633;0.051743,0.388768,,threading,2026-10-04T01:57:55+00:00
M0c1-00001,M0c1,localc1,Windows,11,AMD64,AMD Ryzen 3 5300U with Radeon Graphics,amd,1,4,2600,20.8,3.14.6,CPython,1,spawn,2.5.3,db,db_mem_insert_select,5388,43,0.3,ms,normal,8,63,1,4,1,1,1,0,0.006704933335034487,1.0,0.16739591241871107,0.00208304327631925,1.0545272385992996,19.4,0.04123599999002181,0.0010799999727169052,0.46207559999311343,0.047091200001887046,0.04372180000063963,0.046164400002453476,0.059754;0.047091;0.046357,0.043626;0.043722;0.043771,0.046164;0.046029;0.046719,,threading,2026-10-04T01:57:57+00:00
M0c1-00002,M0c1,localc1,Windows,11,AMD64,AMD Ryzen 3 5300U with Radeon Graphics,amd,1,4,2600,20.8,3.14.6,CPython,1,spawn,2.5.3,tiny,tiny_small_loop,10,96,0.8,seconds,normal,200000,115,1,2,0,0,0,0,3.185999667039141e-07,0.9773023451865736,0.301122509355304,11.660394711378535,0.5389991415051726,19.0,0.0062172000034479424,0.0036060000566067174,0.33582060001208447,0.05303039999853354,0.0632220999978017,0.24083569999493193,0.051807;0.053275;0.053030,0.064732;0.063222;0.061405,0.240836;0.227624;0.241606,,sequential,2026-10-04T01:57:58+00:00
M0c1-00003,M0c1,localc1,Windows,11,AMD64,AMD Ryzen 3 5300U with Radeon Graphics,amd,1,4,2600,20.8,3.14.6,CPython,1,spawn,2.5.3,text,text_regex_findall,44,567,0.0,ms,normal,48,589,1,1,1,1,0,0,0.0012255666661076248,1.0,0.13217389780083344,0.0036785707642140114,0.9204081396302201,16.9,0.030945100006647408,0.0008072000200627372,0.21489370000199415,0.05662800000573043,0.057432999994489364,0.059007300005760044,0.056446;0.056628;0.057443,0.057433;0.057602;0.057046,0.058872;0.059121;0.059007,,sequential,2026-10-04T01:58:04+00:00
M0c1-00004,M0c1,localc1,Windows,11,AMD64,AMD Ryzen 3 5300U with Radeon Graphics,amd,1,4,2600,20.8,3.14.6,CPython,1,spawn,2.5.3,text,text_csv_parse,7,340,0.8,ms,normal,70,362,1,1,2,3,0,0,0.0018564352948862292,1.0,0.30458479211378153,0.002043765896906514,1.2801989954149886,15.1,0.057986500003607944,0.0010331999947084114,0.21489370000199415,0.1265267999988282,0.12505909999890719,0.12329630000749603,0.129074;0.123974;0.126527,0.125059;0.124847;0.125606,0.123296;0.122566;0.124928,,multiprocessing,2026-10-04T01:58:06+00:00
M0c1-00005,M0c1,localc1,Windows,11,AMD64,AMD Ryzen 3 5300U with Radeon Graphics,amd,1,4,2600,20.8,3.14.6,CPython,1,spawn,2.5.3,recursive,rec_fib,71533,1072372,0.0,seconds,big,186,1072406,1,2,0,4,0,0,0.009585433333995752,0.9988969818930898,0.024654896344427395,0.05849848541095819,0.9663083999600339,14.4,0.12069569999584928,0.004221099996357225,0.33582060001208447,1.7790244999923743,1.7820863000088139,2.2758292999933474,1.832077;1.779024;1.762527,1.782086;1.773895;1.784798,2.275829;2.255914;2.278701,,sequential,2026-10-04T01:58:24+00:00
M0c1-00006,M0c1,localc1,Windows,11,AMD64,AMD Ryzen 3 5300U with Radeon Graphics,amd,1,4,2600,20.8,3.14.6,CPython,1,spawn,2.5.3,recursive,rec_nqueens,1,103051,0.0,seconds,big,1940,103073,1,2,1,10,0,0,0.00016143689346296297,1.0,0.11277952722512286,0.10790592946621062,0.9853027946272743,18.7,0.10250839999935124,0.0019379999139346182,0.33582060001208447,0.31223720000707544,0.3158199999888893,0.9347303999966243,0.312237;0.318090;0.310878,0.315820;0.311672;0.319114,0.934730;0.912175;0.948499,,sequential,2026-10-04T01:58:30+00:00
M0c1-00007,M0c1,localc1,Windows,11,AMD64,AMD Ryzen 3 5300U with Radeon Graphics,amd,1,4,2600,20.8,3.14.6,CPython,1,spawn,2.5.3,text,text_regex_findall,15,544,0.0,ms,normal,247,566,1,2,1,1,0,0,0.0003963426234044104,1.0,0.1297001262320395,0.014570721880885597,0.9325596051995485,19.2,0.05062290000205394,0.000655699972412549,0.33582060001208447,0.09666329999163281,0.09585669999069069,0.0995866000012029,0.096872;0.095171;0.096663,0.095857;0.097557;0.095740,0.101961;0.099587;0.099034,,threading,2026-10-04T01:58:32+00:00
M0c1-00008,M0c1,localc1,Windows,11,AMD64,AMD Ryzen 3 5300U with Radeon Graphics,amd,1,4,2600,20.8,3.14.6,CPython,1,spawn,2.5.3,mixed,mixed_json_roundtrip,6,798,0.0,seconds,normal,22113,820,1,4,1,1,1,0,0.0007301623194033037,0.2892769549872133,0.14678193906818857,0.00510845418107789,2.0268373037279668,19.0,0.07643049999023788,0.0011254999553784728,0.46207559999311343,15.240799399995012,4.049391699998523,4.340465899993433,15.270011;15.240799;15.222020,4.272959;4.049392;4.044273,4.386450;4.340466;4.247195,,threading,2026-10-04T01:59:43+00:00
M0c1-00009,M0c1,localc1,Windows,11,AMD64,AMD Ryzen 3 5300U with Radeon Graphics,amd,1,4,2600,20.8,3.14.6,CPython,1,spawn,2.5.3,io,io_sleep_chunks,705,511,0.8,seconds,normal,928,533.9,1,2,1,1,1,0,0.0023793714298378853,0.03377245071924176,0.18231602375112946,0.0022779121418504997,2.097265385496577,15.4,0.07486949999292847,0.000927999964915216,0.33582060001208447,2.051804799993988,1.0196303999982774,1.0142107000137912,2.051805;2.015375;2.060313,1.031011;1.012121;1.019630,1.016596;1.014211;1.013863,,multiprocessing,2026-10-04T01:59:56+00:00
M0c1-00010,M0c1,localc1,Windows,11,AMD64,AMD Ryzen 3 5300U with Radeon Graphics,amd,1,4,2600,20.8,3.14.6,CPython,1,spawn,2.5.3,cpu,cpu_count_primes,396,650,0.0,seconds,normal,35668,673,1,4,2,4,0,0,9.887057636465477e-05,0.98192069622086,0.3333089589339184,0.03964777698613305,1.0479207502898011,13.4,0.09914530000241939,0.0017045001004589722,0.46207559999311343,3.296496000009938,3.30006890000368,3.3707143000065116,3.292477;3.305761;3.296496,3.300069;3.286543;3.302813,3.373090;3.370714;3.358437,,sequential,2026-10-04T02:00:27+00:00
M0c1-00011,M0c1,localc1,Windows,11,AMD64,AMD Ryzen 3 5300U with Radeon Graphics,amd,1,4,2600,20.8,3.14.6,CPython,1,spawn,2.5.3,text,text_regex_findall,11,1205,0.3,ms,normal,137,1227,1,4,1,1,0,0,0.0006615176466499072,1.0,0.21901757818145132,0.005782162008473618,0.953207897154313,15.4,0.04597680000006221,0.0003668000135803595,0.46207559999311343,0.08665630000177771,0.08787529999972321,0.09527029999298975,0.086629;0.086656;0.086750,0.088700;0.087523;0.087875,0.095270;0.095547;0.095031,,sequential,2026-10-04T02:00:28+00:00
M0c1-00012,M0c1,localc1,Windows,11,AMD64,AMD Ryzen 3 5300U with Radeon Graphics,amd,1,4,2600,20.8,3.14.6,CPython,1,spawn,2.5.3,big_result,result_sorted_pairs,307,47,0.8,ms,normal,190,66.55,1,2,1,4,0,0,9.144042547980443e-05,1.0,0.5261574536807191,0.7445284570156683,0.8036564695863472,22.2,0.011811799995484762,0.002181100004236214,0.33582060001208447,0.01961400000436697,0.019855799997458234,0.03922180000517983,0.019614;0.019079;0.020431,0.019856;0.020805;0.019780,0.039265;0.038239;0.039222,,sequential,2026-10-04T02:00:29+00:00
M0c1-00013,M0c1,localc1,Windows,11,AMD64,AMD Ryzen 3 5300U with Radeon Graphics,amd,1,4,2600,20.8,3.14.6,CPython,1,spawn,2.5.3,recursive,rec_tree_sum,4499,669688,0.8,seconds,big,165,669711,1,4,0,4,0,0,0.0018479357162764895,0.9997746339099277,0.44045255278039386,0.04729872312376136,0.7866461601680275,15.5,0.11927419999847189,0.002856699939002283,0.46207559999311343,0.3306781999999657,0.3521471999993082,0.5949146000057226,0.325354;0.330678;0.337125,0.340122;0.352147;0.364270,0.590868;0.606229;0.594915,,sequential,2026-10-04T02:00:34+00:00
M0c1-00014,M0c1,localc1,Windows,11,AMD64,AMD Ryzen 3 5300U with Radeon Graphics,amd,1,4,2600,20.8,3.14.6,CPython,1,spawn,2.5.3,db,db_file_commit,2,1170,0.0,seconds,normal,125,1192,1,2,1,0,1,0,0.009185433334399326,0.467931123509201,0.06601625778866643,0.001143114005520575,1.075854601939356,12.8,0.10613010000088252,0.001073399995220825,0.33582060001208447,1.1648818999965442,0.9492941000062274,0.9077755000034813,1.125492;1.294844;1.164882,0.949294;0.975902;0.882203,0.907776;0.856034;1.071196,,multiprocessing,2026-10-04T02:00:44+00:00
M0c1-00015,M0c1,localc1,Windows,11,AMD64,AMD Ryzen 3 5300U with Radeon Graphics,amd,1,4,2600,20.8,3.14.6,CPython,1,spawn,2.5.3,big_result,result_matrix_lists,118,1116,0.3,ms,normal,33,1138,1,1,2,5,0,0,0.0014966875060054008,1.0,0.17277726818257713,0.24093205673556858,0.8400033983710026,14.1,0.02980970000498928,0.0036257999599911273,0.21489370000199415,0.05486350000137463,0.05714659999648575,0.07455800000752788,0.053941;0.054864;0.055190,0.057147;0.056350;0.057568,0.074394;0.074558;0.078335,,sequential,2026-10-04T02:00:45+00:00
M0c1-00016,M0c1,localc1,Windows,11,AMD64,AMD Ryzen 3 5300U with Radeon Graphics,amd,1,4,2600,20.8,3.14.6,CPython,1,spawn,2.5.3,big_result,result_records,6665,410,0.8,ms,normal,8,433,1,4,1,2,0,0,0.004120200004156989,1.0,0.34491363093826544,1.4161205755547004,0.9896576513784389,15.4,0.04300619999412447,0.018448299990268424,0.46207559999311343,0.03408840000338387,0.028171400001156144,0.07369509999989532,0.034088;0.028689;0.043403,0.032001;0.028171;0.028016,0.154398;0.070613;0.073695,,threading,2026-10-04T02:00:46+00:00
M0c1-00017,M0c1,localc1,Windows,11,AMD64,AMD Ryzen 3 5300U with Radeon Graphics,amd,1,4,2600,20.8,3.14.6,CPython,1,spawn,2.5.3,text,text_format_report,12284,222,0.8,ms,normal,8,242,1,1,1,2,0,0,0.01794813333253842,0.9981789448586667,0.306727355925408,0.0005608756282976298,1.0279192062888918,4.3,0.09966459999850485,0.0009361999982502311,0.21489370000199415,0.1284518000029493,0.12970749998930842,0.12989339999330696,0.131388;0.128452;0.128096,0.129516;0.129707;0.168334,0.130279;0.129462;0.129893,,sequential,2026-10-04T02:00:48+00:00
M0c1-00018,M0c1,localc1,Windows,11,AMD64,AMD Ryzen 3 5300U with Radeon Graphics,amd,1,4,2600,20.8,3.14.6,CPython,1,spawn,2.5.3,tiny,tiny_dict_lookup,149,469,0.8,seconds,normal,200000,491,1,4,0,1,0,0,3.6710002314066515e-07,1.0,0.7318409794974166,13.552164896537217,0.552255616512046,1.6,0.006455200011259876,0.003594399953726679,0.46207559999311343,0.05911800000467338,0.07207049999851733,0.4710734000109369,0.061791;0.059118;0.058517,0.072070;0.068906;0.083074,0.471073,,sequential,2026-10-04T02:00:50+00:00
M0c1-00019,M0c1,localc1,Windows,11,AMD64,AMD Ryzen 3 5300U with Radeon Graphics,amd,1,4,2600,20.8,3.14.6,CPython,1,spawn,2.5.3,db,db_mem_group_by,30,1891701,0.3,seconds,big,105,1891723,1,1,1,2,1,0,0.00015956538509971535,0.9946141077401847,0.32078640554856924,5.187058575683501,0.861410910742082,4.7,0.0263528000068618,0.01757629998610355,0.21489370000199415,0.01465979999920819,0.014988499999162741,0.4677843999961624,0.014668;0.014660;0.014627,0.015106;0.014911;0.014988,0.467784,,sequential,2026-10-04T02:00:51+00:00
M0c1-00020,M0c1,localc1,Windows,11,AMD64,AMD Ryzen 3 5300U with Radeon Graphics,amd,1,4,2600,20.8,3.14.6,CPython,1,spawn,2.5.3,algo_iter,algo_game_of_life,9,75,0.0,ms,normal,8,94,1,2,5,9,0,0,0.01494496666903918,0.9836951771236307,0.017775092576841633,0.003974582055371994,0.9783847422972464,7.1,0.09225159999914467,0.0014482999831670895,0.33582060001208447,0.11902420000114944,0.12118670000927523,0.12485710000328254,0.117183;0.119024;0.119238,0.119828;0.138958;0.121187,0.122387;0.166627;0.124857,,sequential,2026-10-04T02:00:53+00:00
M0c1-00021,M0c1,localc1,Windows,11,AMD64,AMD Ryzen 3 5300U with Radeon Graphics,amd,1,4,2600,20.8,3.14.6,CPython,1,spawn,2.5.3,big_result,result_records,1323,285819,0.3,seconds,big,699,285842,1,4,1,2,0,0,0.0005639584266104515,0.9695795128477267,0.6175258922396837,1.2472905207830343,0.903752804498651,1.9,0.12038779999420512,0.014566400030162185,0.46207559999311343,0.7111386000033235,0.7128745999943931,1.8981461999937892,0.711139;0.737961;0.659074,0.774371;0.712875;0.701937,1.898146;1.839549;1.965816,,sequential,2026-10-04T02:01:04+00:00
M0c1-00022,M0c1,localc1,Windows,11,AMD64,AMD Ryzen 3 5300U with Radeon Graphics,amd,1,4,2600,20.8,3.14.6,CPython,1,spawn,2.5.3,algo_iter,algo_game_of_life,9,836206,0.8,seconds,big,16,836228,1,1,5,9,0,0,0.01548719999846071,0.991886187560133,0.10783946369499058,0.0241328323424904,1.085280154676899,2.0,0.12312630000815261,0.001807900014682673,0.21489370000199415,0.23000209999736398,0.23015940000186674,0.2587714999972377,0.230002;0.229706;0.236417,0.227537;0.230475;0.230159,0.258771;0.257136;0.266391,,sequential,2026-10-04T02:01:07+00:00
M0c1-00023,M0c1,localc1,Windows,11,AMD64,AMD Ryzen 3 5300U with Radeon Graphics,amd,1,4,2600,20.8,3.14.6,CPython,1,spawn,2.5.3,text,text_format_report,167,222,0.0,seconds,normal,42378,241,1,4,1,2,0,0,0.0002011959683342514,0.9993191701528352,0.06352154933889553,0.017619644950528812,0.9853467852138456,3.6,0.1013492999918526,0.0007240998384077102,0.46207559999311343,8.612066100002266,8.60005939999246,8.616678799997317,8.626833;8.602363;8.612066,8.600059;8.607495;8.598590,8.616679;8.630275;8.614721,,threading,2026-10-04T02:02:25+00:00
M0c1-00024,M0c1,localc1,Windows,11,AMD64,AMD Ryzen 3 5300U with Radeon Graphics,amd,1,4,2600,20.8,3.14.6,CPython,1,spawn,2.5.3,gil_release,gil_sha256,15,14518,0.3,ms,normal,102,14540,1,1,1,1,0,1,0.00014409999828785659,1.0,0.2657376730863537,0.04833448995982872,0.8662326960079385,0.4,0.008538199996110052,0.0008436000352958217,0.21489370000199415,0.013804300004267134,0.014104699992458336,0.018281199998455122,0.013957;0.013804;0.013780,0.013994;0.014105;0.014170,0.017975;0.018281;0.018377,,sequential,2026-10-04T02:02:26+00:00
M0c1-00025,M0c1,localc1,Windows,11,AMD64,AMD Ryzen 3 5300U with Radeon Graphics,amd,1,4,2600,20.8,3.14.6,CPython,1,spawn,2.5.3,text,text_format_report,33,108995,0.0,ms,big,1523,109017,1,4,1,2,0,0,4.1819736591270685e-05,0.9978429840802021,0.1505099636554627,0.4022024381290682,0.947096342564936,7.1,0.03397910000057891,0.0011604001047089696,0.46207559999311343,0.06096770000294782,0.06189749999612104,0.5187760000117123,0.062619;0.060968;0.060899,0.061897;0.061600;0.061940,0.518776,,sequential,2026-10-04T02:02:28+00:00
M0c1-00026,M0c1,localc1,Windows,11,AMD64,AMD Ryzen 3 5300U with Radeon Graphics,amd,1,4,2600,20.8,3.14.6,CPython,1,spawn,2.5.3,numpy,np_fft,69358,2771,0.3,ms,normal,8,2796,1,4,0,0,0,1,0.01612363333212367,0.9868350889960715,0.175598897243785,0.0009592542110668353,0.9125101007838786,5.3,0.09748149999359157,0.0009063999896170571,0.46207559999311343,0.1417358000035165,0.12025189999258146,0.12430070000118576,0.145267;0.141736;0.122529,0.120296;0.120252;0.118336,0.464206;0.121517;0.124301,,threading,2026-10-04T02:02:30+00:00
M0c1-00027,M0c1,localc1,Windows,11,AMD64,AMD Ryzen 3 5300U with Radeon Graphics,amd,1,4,2600,20.8,3.14.6,CPython,1,spawn,2.5.3,big_result,result_sorted_pairs,9549,675,0.8,seconds,normal,92,698,1,2,1,4,0,0,0.004073415384762204,0.9803780999004609,0.5362484717127297,0.8015292401348477,1.0238410002250535,2.0,0.14288800000213087,0.04284160000679549,0.33582060001208447,0.4222719999961555,0.4226067999989027,0.8555957000062335,0.427611;0.422272;0.418550,0.417704;0.453660;0.422607,0.855596;0.854478;0.868571,,sequential,2026-10-04T02:02:36+00:00
M0c1-00028,M0c1,localc1,Windows,11,AMD64,AMD Ryzen 3 5300U with Radeon Graphics,amd,1,4,2600,20.8,3.14.6,CPython,1,spawn,2.5.3,db,db_file_commit,2,929,0.8,ms,normal,8,951,1,1,1,0,1,0,0.012118699999215702,0.45978273918574086,0.3613787438434906,0.0009461960993154964,1.1849224889071406,0.8,0.060948199999984354,0.0002919999969890341,0.21489370000199415,0.07938239999930374,0.0844861000077799,0.08376129998941906,0.079382;0.077275;0.081469,0.080619;0.084486;0.085031,0.083761;0.088332;0.078233,,sequential,2026-10-04T02:02:37+00:00
M0c1-00029,M0c1,localc1,Windows,11,AMD64,AMD Ryzen 3 5300U with Radeon Graphics,amd,1,4,2600,20.8,3.14.6,CPython,1,spawn,2.5.3,cpu,cpu_collatz,151,262,0.8,seconds,normal,1003,284.1,1,2,2,5,0,0,0.0004758509438823171,1.0,0.6034801161610287,0.008216857114428842,0.9775214357626628,4.4,0.10381020000204444,0.001229599947691895,0.33582060001208447,0.4756264000025112,0.4754753000015626,0.4828482000011718,0.477042;0.475626;0.474213,0.475475;0.474796;0.479461,0.483083;0.482848;0.478796,,threading,2026-10-04T02:02:42+00:00
M0c1-00030,M0c1,localc1,Windows,11,AMD64,AMD Ryzen 3 5300U with Radeon Graphics,amd,1,4,2600,20.8,3.14.6,CPython,1,spawn,2.5.3,io,io_sleep_return_payload,4478,5419,0.3,ms,normal,8,5442,1,4,0,1,1,0,0.004027333338550913,0.025729232732015668,0.041916858765193736,0.008823043470580275,1.1145677936200544,0.0,0.02392990000953432,0.0011468999873613939,0.46207559999311343,0.03548560000490397,0.0102201999980025,0.011232699995161965,0.036199;0.035486;0.035146,0.010220;0.010077;0.010282,0.011233;0.011386;0.010859,,threading,2026-10-04T02:02:43+00:00
M0c1-00031,M0c1,localc1,Windows,11,AMD64,AMD Ryzen 3 5300U with Radeon Graphics,amd,1,4,2600,20.8,3.14.6,CPython,1,spawn,2.5.3,io,io_sleep,16591,251,0.0,ms,normal,8,271,1,1,0,1,1,0,0.016961233336284447,0.005260594113154854,0.0028221781137566537,0.0010985834183244616,1.448667824533432,1.6,0.08727509999880567,0.0010860999900614843,0.21489370000199415,0.13579020000179298,0.13639010000042617,0.1374052000028314,0.135838;0.135734;0.135790,0.135937;0.136741;0.136390,0.137405;0.136474;0.137620,,sequential,2026-10-04T02:02:45+00:00
M0c1-00032,M0c1,localc1,Windows,11,AMD64,AMD Ryzen 3 5300U with Radeon Graphics,amd,1,4,2600,20.8,3.14.6,CPython,1,spawn,2.5.3,recursive,rec_fib,32,392,0.0,seconds,normal,200000,414,1,2,0,4,0,0,5.247849832812789e-06,0.9950555407060138,0.8014733492087136,0.7955638803137329,0.9952770132209845,3.5,0.02535689999058377,0.003507900328258984,0.33582060001208447,0.9579918999952497,0.9819388000032632,1.3123329000081867,0.960010;0.957546;0.957992,0.982194;0.980958;0.981939,1.317278;1.310819;1.312333,,sequential,2026-10-04T02:02:55+00:00
M0c1-00033,M0c1,localc1,Windows,11,AMD64,AMD Ryzen 3 5300U with Radeon Graphics,amd,1,4,2600,20.8,3.14.6,CPython,1,spawn,2.5.3,algo_iter,algo_dijkstra,1009,19,0.8,seconds,normal,166,38.95,1,2,2,15,0,0,0.002301550001985478,0.9972346527419612,0.6159713024422264,0.001535921441264084,0.7727983174101423,0.0,0.11492729999008588,0.0015542999462923035,0.33582060001208447,0.41817389999050647,0.4192082999943523,0.41500599999562837,0.422003;0.416656;0.418174,0.425664;0.417032;0.419208,0.418633;0.415006;0.411297,,multiprocessing,2026-10-04T02:03:00+00:00
M0c1-00034,M0c1,localc1,Windows,11,AMD64,AMD Ryzen 3 5300U with Radeon Graphics,amd,1,4,2600,20.8,3.14.6,CPython,1,spawn,2.5.3,text,text_format_report,47,1448,0.8,seconds,normal,4555,1470,1,1,1,2,0,0,5.9124880984503155e-05,0.979329255716963,0.640586335338018,0.06630034516966281,1.0359138733965574,0.4,0.09945490000245627,0.0015917999699013308,0.21489370000199415,0.25939710000238847,0.2566207000054419,0.27716339999460615,0.256450;0.259397;0.261980,0.260519;0.256022;0.256621,0.276631;0.277569;0.277163,,threading,2026-10-04T02:03:03+00:00
M0c1-00035,M0c1,localc1,Windows,11,AMD64,AMD Ryzen 3 5300U with Radeon Graphics,amd,1,4,2600,20.8,3.14.6,CPython,1,spawn,2.5.3,big_result,result_long_string,7690,559,0.8,seconds,normal,2430,582,1,4,1,1,0,0,0.002271227274005386,0.9973124531993057,0.41445243972075235,0.0297856591509514,0.8861712368369299,2.8,0.10999300000548828,0.002235099978861399,0.46207559999311343,5.326182600008906,5.310830500005977,7.119744600000558,5.307653;5.326183;5.334803,5.312477;5.310831;5.308063,7.119745;7.178112;7.012834,,threading,2026-10-04T02:03:57+00:00
M0c1-00036,M0c1,localc1,Windows,11,AMD64,AMD Ryzen 3 5300U with Radeon Graphics,amd,1,4,2600,20.8,3.14.6,CPython,1,spawn,2.5.3,cpu,cpu_sum_squares,8973,60,0.3,seconds,normal,5377,80,1,4,1,2,0,0,0.000449002679228475,0.9981568587296833,0.1768388269244648,0.008674779193127546,0.9832708169492494,3.9,0.1025460000091698,0.0010064999369205907,0.46207559999311343,2.3900853999948595,2.410767900000792,2.399907600003644,2.385989;2.390085;2.398297,2.410034;2.417085;2.410768,2.424082;2.393366;2.399908,,sequential,2026-10-04T02:04:19+00:00
M0c1-00037,M0c1,localc1,Windows,11,AMD64,AMD Ryzen 3 5300U with Radeon Graphics,amd,1,4,2600,20.8,3.14.6,CPython,1,spawn,2.5.3,algo_iter,algo_game_of_life,8,20,0.0,ms,normal,17,39,1,4,5,9,0,0,0.013417600002867403,0.9994173363795991,0.01341782518989777,0.00435435555023812,1.0117621203512825,0.0,0.10696800000732765,0.00045489998592529446,0.46207559999311343,0.22373939999670256,0.2239458999974886,0.2266819999931613,0.223739;0.223403;0.224243,0.224916;0.222348;0.223946,0.231679;0.226175;0.226682,,sequential,2026-10-04T02:04:22+00:00
M0c1-00038,M0c1,localc1,Windows,11,AMD64,AMD Ryzen 3 5300U with Radeon Graphics,amd,1,4,2600,20.8,3.14.6,CPython,1,spawn,2.5.3,big_payload,big_count_byte,19,117909,0.8,ms,big,395,117931,1,4,0,1,0,0,6.516938788545489e-05,0.9986086422777215,0.15659292215132392,0.35522811389367925,0.9031136702848058,2.3,0.01480710000032559,0.001275199989322573,0.46207559999311343,0.024475800004438497,0.024878399999579415,0.13595060000079684,0.024476;0.024561;0.024437,0.024865;0.024878;0.025049,0.135951,,sequential,2026-10-04T02:04:22+00:00
M0c1-00039,M0c1,localc1,Windows,11,AMD64,AMD Ryzen 3 5300U with Radeon Graphics,amd,1,4,2600,20.8,3.14.6,CPython,1,spawn,2.5.3,tiny,tiny_small_loop,65,66,0.8,seconds,normal,200000,85,1,2,0,0,0,0,6.453001115005464e-07,0.9797623907631056,2.0917101891892953,6.237406890196493,0.6407329774091801,1.2,0.007216500001959503,0.003074699765420519,0.33582060001208447,0.09949419999611564,0.1099707999965176,0.2699399999983143,0.097832;0.103767;0.099494,0.109971;0.109919;0.110035,0.304503;0.234161;0.269940,,sequential,2026-10-04T02:04:25+00:00
M0c1-00040,M0c1,localc1,Windows,11,AMD64,AMD Ryzen 3 5300U with Radeon Graphics,amd,1,4,2600,20.8,3.14.6,CPython,1,spawn,2.5.3,tiny,tiny_add,11,138,0.0,ms,normal,11847,157,1,2,0,1,0,0,2.5295012892456726e-07,1.0,0.9694280872176667,13.421616633253466,0.45219765906710846,1.6,0.005720800007111393,0.003304599755210802,0.33582060001208447,0.0010170000023208559,0.0017288000090047717,0.009800100000575185,0.001148;0.001017;0.000854,0.001951;0.001729;0.001622,0.009800,,sequential,2026-10-04T02:04:25+00:00
M0c1-00041,M0c1,localc1,Windows,11,AMD64,AMD Ryzen 3 5300U with Radeon Graphics,amd,1,4,2600,20.8,3.14.6,CPython,1,spawn,2.5.3,numpy,np_sort,40263,297084,0.0,ms,big,8,297107,1,2,0,3,0,1,0.0024847666694161794,0.991684330672773,0.09484614555282196,0.029700977634610357,1.014216203082625,6.1,0.016210199988563545,0.001081999987945892,0.33582060001208447,0.01804019999690354,0.018306700003449805,0.213229400003911,0.018040;0.018460;0.018037,0.018262;0.019663;0.018307,0.213229,,sequential,2026-10-04T02:04:26+00:00
M0c1-00042,M0c1,localc1,Windows,11,AMD64,AMD Ryzen 3 5300U with Radeon Graphics,amd,1,4,2600,20.8,3.14.6,CPython,1,spawn,2.5.3,cpu,cpu_sum_squares,211799,33,0.8,seconds,normal,46,54.6,1,4,1,2,0,0,0.010803020000457764,0.9971565862559291,0.4973982841249267,0.0007053588381046938,0.7531117472787395,0.0,0.128781200008234,0.0002924000145867467,0.46207559999311343,0.5694788999971934,0.5741037999978289,0.6536751999956323,0.569200;0.569479;0.575296,0.577630;0.565801;0.574104,0.653675;0.590766;0.657167,,sequential,2026-10-04T02:04:32+00:00
M0c1-00043,M0c1,localc1,Windows,11,AMD64,AMD Ryzen 3 5300U with Radeon Graphics,amd,1,4,2600,20.8,3.14.6,CPython,1,spawn,2.5.3,big_payload,big_upper_copy,5,1581652,0.3,seconds,big,126,1581674,1,2,0,0,0,0,0.0011259612909916247,0.9815206516824071,0.09287473271769428,1.2497942981507353,0.952551362350378,10.0,0.10020709999662358,0.02879359998041764,0.33582060001208447,0.14881300000706688,0.1502050999988569,1.175927899996168,0.148813;0.170815;0.148790,0.149274;0.158282;0.150205,1.175928,,sequential,2026-10-04T02:04:35+00:00
M0c1-00044,M0c1,localc1,Windows,11,AMD64,AMD Ryzen 3 5300U with Radeon Graphics,amd,1,4,2600,20.8,3.14.6,CPython,1,spawn,2.5.3,tiny,tiny_len,10,181,0.0,ms,normal,15786,200,1,1,0,0,0,0,2.7530013176146894e-07,1.0,0.38629895888250154,14.892831512212846,0.5156716169892384,2.0,0.005927399994106963,0.003482299725874327,0.21489370000199415,0.0021738999930676073,0.0028725999873131514,0.014418000006116927,0.002174;0.002037;0.002303,0.002987;0.002873;0.002824,0.014418,,sequential,2026-10-04T02:04:36+00:00
M0c1-00045,M0c1,localc1,Windows,11,AMD64,AMD Ryzen 3 5300U with Radeon Graphics,amd,1,4,2600,20.8,3.14.6,CPython,1,spawn,2.5.3,algo_rec,algo_flood_fill,28,832321,0.8,seconds,big,110,832343,1,1,3,10,0,0,0.014176799999404466,1.0,0.43746784608856604,0.03150393596098403,0.7944856983203992,4.7,0.11704199999803677,0.003580900011002086,0.21489370000199415,1.276697499997681,1.2761695999943186,1.4898001000110526,1.272406;1.276697;1.282625,1.273195;1.279514;1.276170,1.489800;1.492514;1.489476,,threading,2026-10-04T02:04:49+00:00
M0c1-00046,M0c1,localc1,Windows,11,AMD64,AMD Ryzen 3 5300U with Radeon Graphics,amd,1,4,2600,20.8,3.14.6,CPython,1,spawn,2.5.3,numpy,np_elementwise,2553,2505,0.0,ms,normal,2312,2528,1,2,0,4,0,0,8.758324474269587e-05,1.0,0.22252029969086806,0.04686970333804226,0.980536570946189,10.0,0.10213860000658315,0.00199850024364423,0.33582060001208447,0.2010292000049958,0.20403940000687726,0.2204388999962248,0.201029;0.200288;0.202363,0.204242;0.203009;0.204039,0.222978;0.220439;0.217412,,sequential,2026-10-04T02:04:51+00:00
M0c1-00047,M0c1,localc1,Windows,11,AMD64,AMD Ryzen 3 5300U with Radeon Graphics,amd,1,4,2600,20.8,3.14.6,CPython,1,spawn,2.5.3,gil_release,gil_numpy_matmul,154,76086,0.3,seconds,normal,2628,76108,1,4,0,2,0,1,0.00026157434514104464,0.9988586050828452,0.37198705792098935,0.06795390359263334,0.9694819272326514,1.2,0.10268820000055712,0.0016688000760041177,0.46207559999311343,0.6851094999874476,0.6977826999936951,1.8332846999983303,0.685109;0.684985;0.689449,0.706532;0.686821;0.697783,1.888528;1.832328;1.833285,,sequential,2026-10-04T02:05:02+00:00
M0c1-00048,M0c1,localc1,Windows,11,AMD64,AMD Ryzen 3 5300U with Radeon Graphics,amd,1,4,2600,20.8,3.14.6,CPython,1,spawn,2.5.3,recursive,rec_fib,251,64,0.8,ms,normal,2157,83.6,1,4,0,4,0,0,2.3747309554257673e-05,1.0,0.44975801780696256,0.14359529642594326,0.9792540528623305,1.9,0.027241600007982925,0.0011213001562282443,0.46207559999311343,0.04998299998987932,0.05045480000262614,0.05636069999309257,0.049983;0.051576;0.049009,0.052309;0.050455;0.050115,0.057457;0.055635;0.056361,,sequential,2026-10-04T02:05:03+00:00
M0c1-00049,M0c1,localc1,Windows,11,AMD64,AMD Ryzen 3 5300U with Radeon Graphics,amd,1,4,2600,20.8,3.14.6,CPython,1,spawn,2.5.3,gil_release,gil_bz2,3,300000,0.8,ms,big,78,300022,1,4,0,1,0,1,0.000912663158439835,0.9980605353601352,0.35773520760164385,0.04795681735816319,0.9830395793863396,16.3,0.035562999997637235,0.0015518999862251803,0.46207559999311343,0.06469309999374673,0.0638565999979619,0.11982559999160003,0.064693;0.067027;0.062324,0.064502;0.063857;0.063476,0.119826;0.124667;0.119276,,threading,2026-10-04T02:05:05+00:00
M0c1-00050,M0c1,localc1,Windows,11,AMD64,AMD Ryzen 3 5300U with Radeon Graphics,amd,1,4,2600,20.8,3.14.6,CPython,1,spawn,2.5.3,text,text_format_report,8499,44,0.0,ms,normal,16,64,1,4,1,2,0,0,0.010373624994826969,0.9988723554746786,0.024651971899239525,0.0006916579371131878,0.9696193903228135,4.3,0.08399590000044554,0.00024680003116372973,0.46207559999311343,0.16375370000605471,0.16600320000725333,0.1697355000069365,0.163754;0.165481;0.163098,0.166003;0.166927;0.163967,0.171641;0.169336;0.169736,,sequential,2026-10-04T02:05:07+00:00
M0c1-00051,M0c1,localc1,Windows,11,AMD64,AMD Ryzen 3 5300U with Radeon Graphics,amd,1,4,2600,20.8,3.14.6,CPython,1,spawn,2.5.3,io,io_sleep_chunks,10199,49,0.8,seconds,normal,33,69,1,2,1,1,1,0,0.008095685710681469,0.02717035849713652,0.5557030828347956,0.0009581819052424361,1.015893909033258,4.4,0.11629409999295603,0.00039520002610515803,0.33582060001208447,0.4340347999968799,0.23335779999615625,0.2323197999940021,0.436223;0.434035;0.433360,0.233358;0.231909;0.234478,0.232320;0.234717;0.230714,,multiprocessing,2026-10-04T02:05:10+00:00
M0c1-00052,M0c1,localc1,Windows,11,AMD64,AMD Ryzen 3 5300U with Radeon Graphics,amd,1,4,2600,20.8,3.14.6,CPython,1,spawn,2.5.3,db,db_file_lookup,99,346,0.0,seconds,normal,343,368,1,4,1,5,1,0,0.005421269997896161,0.9973009064173483,0.07192296333093698,0.0008116176801527673,0.6580034257396559,2.3,0.1360063999891281,0.0013073000154690817,0.46207559999311343,1.7331008999899495,1.8026440999965416,1.7953685999964364,1.796493;1.733101;1.709379,1.802644;1.863485;1.733621,1.803047;1.795369;1.745491,,sequential,2026-10-04T02:05:27+00:00
M0c1-00053,M0c1,localc1,Windows,11,AMD64,AMD Ryzen 3 5300U with Radeon Graphics,amd,1,4,2600,20.8,3.14.6,CPython,1,spawn,2.5.3,big_result,result_long_string,23673,378,0.8,seconds,normal,63,401,1,4,1,1,0,0,0.008376533332921099,0.9947069705642285,0.27328155436423457,0.06180360990381881,0.9776704119724082,6.9,0.10847300000023097,0.0034076000010827556,0.46207559999311343,0.43077310000080615,0.43114519999653567,0.5414689000026556,0.432548;0.430773;0.429651,0.438184;0.431145;0.428977,0.541518;0.540250;0.541469,,sequential,2026-10-04T02:05:32+00:00
M0c1-00054,M0c1,localc1,Windows,11,AMD64,AMD Ryzen 3 5300U with Radeon Graphics,amd,1,4,2600,20.8,3.14.6,CPython,1,spawn,2.5.3,algo_rec,algo_flood_fill,58,17,0.0,ms,normal,8,36,1,2,3,10,0,0,0.021967733332227606,0.9985907281686525,0.5572053490666884,0.0004263828719993819,0.757951718206398,2.4,0.13624089999939315,0.0002555999963078648,0.33582060001208447,0.16150970000308007,0.16172720000031404,0.16378110001096502,0.161306;0.161510;0.161709,0.164035;0.161727;0.161596,0.163781;0.164611;0.163485,,sequential,2026-10-04T02:05:34+00:00
M0c1-00055,M0c1,localc1,Windows,11,AMD64,AMD Ryzen 3 5300U with Radeon Graphics,amd,1,4,2600,20.8,3.14.6,CPython,1,spawn,2.5.3,numpy,np_sort,9280,104231,0.8,seconds,big,786,104254,1,2,0,3,0,1,0.00036679338229398984,0.994346970771311,0.34801598035324444,0.053177081397602355,1.0507919435191118,0.8,0.09814679999544751,0.0010200000106124207,0.33582060001208447,0.2854940999968676,0.2967578000098001,0.5964301999920281,0.293494;0.285494;0.279139,0.300359;0.296758;0.292110,0.759954;0.596430;0.517471,,sequential,2026-10-04T02:05:38+00:00
M0c1-00056,M0c1,localc1,Windows,11,AMD64,AMD Ryzen 3 5300U with Radeon Graphics,amd,1,4,2600,20.8,3.14.6,CPython,1,spawn,2.5.3,mixed,mixed_hash_then_write,97479,62273,0.0,seconds,normal,388,62298,1,4,1,3,1,0,0.0046547727278349075,1.0,0.03101021884204032,0.003902153086285738,0.9726365086675897,2.0,0.1045773000078043,0.0011568000045372173,0.46207559999311343,1.8016208999906667,1.8086403999914182,1.926484999989043,1.799192;1.804596;1.801621,1.808640;1.807089;1.829105,1.926485;1.922950;1.930265,,sequential,2026-10-04T02:05:55+00:00
M0c1-00057,M0c1,localc1,Windows,11,AMD64,AMD Ryzen 3 5300U with Radeon Graphics,amd,1,4,2600,20.8,3.14.6,CPython,1,spawn,2.5.3,big_result,result_sorted_pairs,2855,20,0.0,seconds,normal,327,40,1,4,1,4,0,0,0.0010088839996024036,0.9865091206181744,0.1993348395915126,0.7568461795503627,0.994280114363811,0.8,0.11592959999688901,0.015681800010497682,0.46207559999311343,0.4000104000006104,0.40314110000326764,0.8423864999931538,0.408250;0.400010;0.399220,0.403141;0.397465;0.404856,0.842386;0.855755;0.825125,,sequential,2026-10-04T02:06:01+00:00
M0c1-00058,M0c1,localc1,Windows,11,AMD64,AMD Ryzen 3 5300U with Radeon Graphics,amd,1,4,2600,20.8,3.14.6,CPython,1,spawn,2.5.3,big_result,result_long_string,887,181,0.0,ms,normal,190,201,1,4,1,1,0,0,0.00022417659613680334,1.0,0.1558958767784216,0.032875867601473346,0.9476259231779499,2.8,0.021947500004898757,0.00046379999548662454,0.46207559999311343,0.04054970000288449,0.0414335000095889,0.05431469999894034,0.041022;0.040550;0.040492,0.042076;0.041434;0.040787,0.056230;0.052597;0.054315,,sequential,2026-10-04T02:06:02+00:00
M0c1-00059,M0c1,localc1,Windows,11,AMD64,AMD Ryzen 3 5300U with Radeon Graphics,amd,1,4,2600,20.8,3.14.6,CPython,1,spawn,2.5.3,mixed,mixed_json_roundtrip,47,2403,0.3,seconds,normal,1226,2425,1,1,1,1,1,0,0.0017688482746899385,0.7397518425776699,0.1445037508185849,0.0022189580144448924,1.275966425755986,0.4,0.092444499998237,0.00040000003355089575,0.21489370000199415,2.278461599998991,2.2658477000077255,2.225512399993022,2.279028;2.272089;2.278462,2.265848;2.264134;2.269411,2.231218;2.224261;2.225512,,multiprocessing,2026-10-04T02:06:23+00:00
M0c1-00060,M0c1,localc1,Windows,11,AMD64,AMD Ryzen 3 5300U with Radeon Graphics,amd,1,4,2600,20.8,3.14.6,CPython,1,spawn,2.5.3,mixed,mixed_parse_lines,36,18749,0.8,seconds,normal,8,18771,1,2,2,3,1,0,0.03647183333911622,0.9845337904916188,0.40421604226864244,0.0007887364014147338,0.9720142157103145,0.0,0.25165299999935087,0.00102299997524824,0.33582060001208447,0.3053122999990592,0.2997404000052484,0.2990929000079632,0.300496;0.305312;0.305379,0.299445;0.301052;0.299740,0.299093;0.298807;0.301924,,multiprocessing,2026-10-04T02:06:27+00:00
M0c1-00061,M0c1,localc1,Windows,11,AMD64,AMD Ryzen 3 5300U with Radeon Graphics,amd,1,4,2600,20.8,3.14.6,CPython,1,spawn,2.5.3,algo_iter,algo_game_of_life,8,25,0.8,ms,normal,8,44,1,1,5,9,0,0,0.00828203333367128,0.998812825632922,0.8055101150403159,0.00769939696376243,0.5543053033713765,0.0,0.08278310000605416,0.0004377000004751608,0.21489370000199415,0.10633199999574572,0.10729749999882188,0.10983159999886993,0.105427;0.107959;0.106332,0.107866;0.107297;0.106657,0.109832;0.110143;0.108238,,sequential,2026-10-04T02:06:28+00:00
M0c1-00062,M0c1,localc1,Windows,11,AMD64,AMD Ryzen 3 5300U with Radeon Graphics,amd,1,4,2600,20.8,3.14.6,CPython,1,spawn,2.5.3,mixed,mixed_compute_then_sleep,60680,341,0.8,ms,normal,8,364.6666666666667,1,1,1,3,1,0,0.004159500002666998,0.6274128840396049,0.3297212037930957,0.0024041347585785134,1.5556498745555627,3.5,0.021580799992079847,0.0006831999926362187,0.21489370000199415,0.03362970000307541,0.0340890999941621,0.03385439999692608,0.031946;0.033630;0.033661,0.034089;0.035463;0.033854,0.034119;0.033854;0.033801,,sequential,2026-10-04T02:06:29+00:00
M0c1-00063,M0c1,localc1,Windows,11,AMD64,AMD Ryzen 3 5300U with Radeon Graphics,amd,1,4,2600,20.8,3.14.6,CPython,1,spawn,2.5.3,big_payload,big_upper_copy,1,279608,0.3,seconds,big,715,279630,1,1,0,0,0,0,0.00022311011168077652,0.9851257580388877,0.2127903972838818,0.3332435184258583,0.9996649092634563,0.8,0.08185030000458937,0.0022549001150764525,0.21489370000199415,0.1690457999939099,0.16579009999986738,1.3002347000001464,0.169046;0.173300;0.162229,0.209399;0.165790;0.163797,1.300235,,threading,2026-10-04T02:06:32+00:00
M0c1-00064,M0c1,localc1,Windows,11,AMD64,AMD Ryzen 3 5300U with Radeon Graphics,amd,1,4,2600,20.8,3.14.6,CPython,1,spawn,2.5.3,recursive,rec_fib,73,32,0.0,seconds,normal,35261,51,1,2,0,4,0,0,1.1936550035898109e-05,1.0,0.35903781006932334,0.2835828023196252,0.9655112175534327,5.5,0.05237339998711832,0.0029812999127898365,0.33582060001208447,0.4139448999922024,0.4231022999883862,0.43681690000812523,0.414780;0.413945;0.410203,0.423102;0.428689;0.418399,0.437446;0.433766;0.436817,,sequential,2026-10-04T02:06:37+00:00
M0c1-00065,M0c1,localc1,Windows,11,AMD64,AMD Ryzen 3 5300U with Radeon Graphics,amd,1,4,2600,20.8,3.14.6,CPython,1,spawn,2.5.3,big_payload,big_upper_copy,1,473174,0.0,seconds,big,422,473196,1,2,0,0,0,0,0.00038092190627053024,0.9680102643111658,0.22558637460728725,1.1988940266870254,0.9853023035997249,3.6,0.09064260000013746,0.010030799836385995,0.33582060001208447,0.16647139999258798,0.1621383000019705,1.373666300001787,0.166471;0.187922;0.159438,0.175921;0.162138;0.161902,1.373666,,threading,2026-10-04T02:06:40+00:00
M0c1-00066,M0c1,localc1,Windows,11,AMD64,AMD Ryzen 3 5300U with Radeon Graphics,amd,1,4,2600,20.8,3.14.6,CPython,1,spawn,2.5.3,tiny,tiny_add,316,92,0.0,ms,normal,45784,112,1,2,0,1,0,0,2.3419986973749475e-07,1.0,0.27374999827894203,22.22460819086258,0.3615172888588131,17.4,0.005944499993347563,0.003368000267073512,0.33582060001208447,0.007215400008135475,0.009884500002954155,0.04456850000133272,0.007215;0.008103;0.006042,0.009858;0.009885;0.010483,0.044569,,sequential,2026-10-04T02:06:41+00:00
M0c1-00067,M0c1,localc1,Windows,11,AMD64,AMD Ryzen 3 5300U with Radeon Graphics,amd,1,4,2600,20.8,3.14.6,CPython,1,spawn,2.5.3,algo_rec,algo_merge_sort,2563,616,0.0,seconds,normal,860,639,1,2,1,10,0,0,0.0060089777770271115,1.0,0.05595851568379662,0.027704841649551247,0.9614726488687014,17.7,0.11273729999084026,0.0030012000061105937,0.33582060001208447,5.084375000005821,5.101279900001828,5.256439399992814,5.093805;5.079425;5.084375,5.095453;5.101280;5.119568,5.238057;5.256439;5.260233,,sequential,2026-10-04T02:07:28+00:00
M0c1-00068,M0c1,localc1,Windows,11,AMD64,AMD Ryzen 3 5300U with Radeon Graphics,amd,1,4,2600,20.8,3.14.6,CPython,1,spawn,2.5.3,algo_iter,algo_game_of_life,3,149906,0.0,seconds,big,801,149928,1,4,5,9,0,0,0.00506349000352202,0.9994223770001729,0.01846683261762941,0.01664069639697934,0.9792635419346681,18.8,0.103275700006634,0.0011218999716220424,0.46207559999311343,4.099517800001195,4.116820499999449,4.501278199997614,4.099518;4.095000;4.114428,4.111733;4.116820;4.122206,4.542491;4.501278;4.500603,,sequential,2026-10-04T02:08:07+00:00
M0c1-00069,M0c1,localc1,Windows,11,AMD64,AMD Ryzen 3 5300U with Radeon Graphics,amd,1,4,2600,20.8,3.14.6,CPython,1,spawn,2.5.3,gil_release,gil_numpy_matmul,222,9175,0.0,ms,normal,177,9197,1,4,0,2,0,1,0.0005179295440029819,0.9921022325580588,0.15676511313188304,0.010213744946885272,0.9930125819488421,2.3,0.04578249999030959,0.0004428000538609922,0.46207559999311343,0.08678280000458471,0.08832699999038596,0.13368709999485873,0.086581;0.086847;0.086783,0.087427;0.089533;0.088327,0.133687;0.135526;0.101277,,sequential,2026-10-04T02:08:09+00:00
M0c1-00070,M0c1,localc1,Windows,11,AMD64,AMD Ryzen 3 5300U with Radeon Graphics,amd,1,4,2600,20.8,3.14.6,CPython,1,spawn,2.5.3,recursive,rec_fib,264,1190172,0.3,seconds,big,168,1190194.45,1,4,0,4,0,0,3.0469046794765053e-05,1.0,0.22001831484346326,37.454732592943266,0.537394225063976,1.9,0.027260900009423494,0.02347040004679002,0.46207559999311343,0.004317500002798624,0.004342800006270409,0.453174800000852,0.005184;0.004318;0.004104,0.004402;0.004274;0.004343,0.453175,,sequential,2026-10-04T02:08:10+00:00
M0c1-00071,M0c1,localc1,Windows,11,AMD64,AMD Ryzen 3 5300U with Radeon Graphics,amd,1,4,2600,20.8,3.14.6,CPython,1,spawn,2.5.3,io,io_sleep_return_payload,3175,1150,0.8,seconds,normal,312,1173,1,2,0,1,1,0,0.00294092631252409,0.010492566141870534,0.5024709794158038,0.0022638760306762746,1.5859122738673637,0.8,0.09319899999536574,0.0006995000585447997,0.33582060001208447,1.0743316000007326,0.5445321000006516,0.5468962999875657,1.072400;1.074332;1.085245,0.543910;0.544532;0.545920,0.547682;0.546896;0.545297,,threading,2026-10-04T02:08:17+00:00
M0c1-00072,M0c1,localc1,Windows,11,AMD64,AMD Ryzen 3 5300U with Radeon Graphics,amd,1,4,2600,20.8,3.14.6,CPython,1,spawn,2.5.3,numpy,np_elementwise,31005,1844,0.0,ms,normal,53,1867,1,2,0,4,0,0,0.0007963076954743323,0.9999752103909216,0.11343605903279912,0.006394897599232851,0.9318901126306042,0.8,0.02150160000019241,0.00033149994851555675,0.33582060001208447,0.04115099999762606,0.04112239999813028,0.0859173000062583,0.040506;0.041151;0.041819,0.040948;0.041446;0.041122,0.085917;0.084636;0.085950,,threading,2026-10-04T02:08:18+00:00
M0c1-00073,M0c1,localc1,Windows,11,AMD64,AMD Ryzen 3 5300U with Radeon Graphics,amd,1,4,2600,20.8,3.14.6,CPython,1,spawn,2.5.3,algo_iter,algo_game_of_life,14,135,0.0,seconds,normal,128,154,1,2,5,9,0,0,0.022692800004733726,0.9996725678669411,0.014740274798745756,0.0029480716385205043,0.9963843538509792,6.5,0.13741250000020955,0.0004301999870222062,0.33582060001208447,2.9034431999898516,2.913227099998039,2.9260462999955053,2.903443;2.912617;2.896590,2.912552;2.913227;2.918051,2.925479;2.926953;2.926046,,sequential,2026-10-04T02:08:45+00:00
M0c1-00074,M0c1,localc1,Windows,11,AMD64,AMD Ryzen 3 5300U with Radeon Graphics,amd,1,4,2600,20.8,3.14.6,CPython,1,spawn,2.5.3,numpy,np_fft,1167087,5098,0.8,seconds,normal,8,5123,1,4,0,0,0,1,0.18366256666195113,0.9882902098211613,0.5407025883099443,7.786016270202907e-05,0.7638941159713222,2.7,1.4463741000072332,0.00039450002077501267,0.46207559999311343,2.248642699996708,2.284276199992746,2.248628199988161,2.228751;2.248643;2.319107,2.288496;2.284276;2.251013,2.259421;2.248628;2.230480,,multiprocessing,2026-10-04T02:09:09+00:00
M0c1-00075,M0c1,localc1,Windows,11,AMD64,AMD Ryzen 3 5300U with Radeon Graphics,amd,1,4,2600,20.8,3.14.6,CPython,1,spawn,2.5.3,text,text_split_count,10,3334,0.0,ms,normal,37,3356,1,1,1,1,0,0,0.001888177779619582,1.0,0.09676011994545558,0.0027186698490400895,0.9546162372364255,2.4,0.035148800001479685,0.0008921999833546579,0.21489370000199415,0.0660030999861192,0.06781959999352694,0.06806380000489298,0.069135;0.065947;0.066003,0.066443;0.067820;0.069613,0.068064;0.068506;0.067952,,sequential,2026-10-04T02:09:10+00:00
M0c1-00076,M0c1,localc1,Windows,11,AMD64,AMD Ryzen 3 5300U with Radeon Graphics,amd,1,4,2600,20.8,3.14.6,CPython,1,spawn,2.5.3,numpy,np_elementwise,159651,3766,0.3,seconds,normal,162,3791,1,4,0,4,0,0,0.007488471428847073,0.9592463674222962,0.23201467135099862,0.0010148930467127073,0.9927466388685549,0.4,0.10427630000049248,0.00032839999767020345,0.46207559999311343,1.0822824999922886,1.099296799991862,1.1298334999883082,1.082282;1.114207;1.077907,1.119761;1.096695;1.099297,1.129833;1.131147;1.124619,,sequential,2026-10-04T02:09:20+00:00
M0c1-00077,M0c1,localc1,Windows,11,AMD64,AMD Ryzen 3 5300U with Radeon Graphics,amd,1,4,2600,20.8,3.14.6,CPython,1,spawn,2.5.3,io,io_sleep,13253,35,0.3,seconds,normal,154,55,1,1,0,1,1,0,0.01218284000060521,0.0073211424628712735,0.19246650746320135,0.0007633688832105852,1.3915764214936432,10.8,0.10710480000125244,0.0003963999915868044,0.21489370000199415,2.098245200002566,2.0989553999970667,2.098110799997812,2.095887;2.098824;2.098245,2.099342;2.098286;2.098955,2.099712;2.096851;2.098111,,multiprocessing,2026-10-04T02:09:40+00:00
M0c1-00078,M0c1,localc1,Windows,11,AMD64,AMD Ryzen 3 5300U with Radeon Graphics,amd,1,4,2600,20.8,3.14.6,CPython,1,spawn,2.5.3,algo_iter,algo_dijkstra,502,365912,0.0,ms,big,18,365935,1,1,2,15,0,0,0.0013313500021467917,1.0,0.05490345206271333,0.061910843699516674,0.8565671336915367,0.4,0.011934299996937625,0.0005189999938011169,0.21489370000199415,0.023666499997489154,0.023975000003702007,0.03847759999916889,0.023088;0.023666;0.023813,0.024869;0.023975;0.023881,0.038478;0.038980;0.038156,,sequential,2026-10-04T02:09:41+00:00
M0c1-00079,M0c1,localc1,Windows,11,AMD64,AMD Ryzen 3 5300U with Radeon Graphics,amd,1,4,2600,20.8,3.14.6,CPython,1,spawn,2.5.3,big_result,result_matrix_lists,64,35,0.3,seconds,normal,5190,54,1,4,2,5,0,0,0.00046085321155927834,0.9968059700534467,0.38166718462892724,0.34107389837313973,0.9168613703378198,2.4,0.1083816000027582,0.0036782999377464876,0.46207559999311343,2.6724442999984603,2.630606100006844,3.6009209000039846,2.672444;2.665497;2.684256,2.630606;2.659895;2.622559,3.526922;3.711605;3.600921,,threading,2026-10-04T02:10:08+00:00
M0c1-00080,M0c1,localc1,Windows,11,AMD64,AMD Ryzen 3 5300U with Radeon Graphics,amd,1,4,2600,20.8,3.14.6,CPython,1,spawn,2.5.3,algo_rec,algo_merge_sort,2014,51,0.3,seconds,normal,890,71,1,4,1,10,0,0,0.004200033331774951,1.0,0.15381575076052748,0.02432520421659394,0.8412005526723741,2.7,0.11084340000525117,0.0015090000233612955,0.46207559999311343,3.997285200006445,4.026992200000677,4.172917300005793,3.987795;4.014786;3.997285,4.026992;4.015028;4.049222,4.251109;4.172573;4.172917,,sequential,2026-10-04T02:10:45+00:00
M0c1-00081,M0c1,localc1,Windows,11,AMD64,AMD Ryzen 3 5300U with Radeon Graphics,amd,1,4,2600,20.8,3.14.6,CPython,1,spawn,2.5.3,db,db_mem_insert_select,16260,1139,0.3,seconds,normal,15,1162,1,4,1,1,1,0,0.018321166668708127,0.9918307943015685,0.03576121908590204,0.0005567331077795959,1.248726937070496,1.6,0.09894769999664277,0.00025159998040180653,0.46207559999311343,0.2364940999977989,0.23726670000178274,0.2411700000084238,0.236353;0.236494;0.249769,0.237913;0.235397;0.237267,0.241170;0.239727;0.306523,,sequential,2026-10-04T02:10:48+00:00
M0c1-00082,M0c1,localc1,Windows,11,AMD64,AMD Ryzen 3 5300U with Radeon Graphics,amd,1,4,2600,20.8,3.14.6,CPython,1,spawn,2.5.3,numpy,np_sort,1919,236014,0.8,seconds,big,847,236037,1,2,0,3,0,1,0.0009593096141403434,0.9970643982555951,0.1258011096674046,0.040972174565999456,1.031862835733682,17.2,0.09920229999988806,0.001271200060728006,0.33582060001208447,0.862232600004063,0.8440491000073962,1.5721979000081774,0.805366;0.863403;0.862233,0.844049;0.862851;0.821610,1.427212;1.645924;1.572198,,threading,2026-10-04T02:10:59+00:00
M0c1-00083,M0c1,localc1,Windows,11,AMD64,AMD Ryzen 3 5300U with Radeon Graphics,amd,1,4,2600,20.8,3.14.6,CPython,1,spawn,2.5.3,numpy,np_fft,240312,2523,0.3,ms,normal,8,2548,1,2,0,0,0,1,0.04182680000182396,0.9921946558570114,0.5053021819724969,0.0002701616841783485,1.0618595934585877,6.2,0.21818149999307934,0.00027109998336527497,0.33582060001208447,0.3273711999936495,0.3392195999913383,0.34068229999684263,0.327371;0.345110;0.323204,0.339220;0.322902;0.349628,0.349239;0.340682;0.340470,,sequential,2026-10-04T02:11:03+00:00
M0c1-00084,M0c1,localc1,Windows,11,AMD64,AMD Ryzen 3 5300U with Radeon Graphics,amd,1,4,2600,20.8,3.14.6,CPython,1,spawn,2.5.3,recursive,rec_nqueens,16,1696,0.0,seconds,normal,612,1718,1,1,1,10,0,0,0.002560940002877032,1.0,0.01575588921453995,0.0015873070851091988,0.978129056092106,0.8,0.10390229999029543,0.000401499928557314,0.21489370000199415,1.5525577000080375,1.5551529000076698,1.5694386000104714,1.558244;1.550863;1.552558,1.554991;1.555153;1.556168,1.555558;1.573027;1.569439,,sequential,2026-10-04T02:11:18+00:00
M0c1-00085,M0c1,localc1,Windows,11,AMD64,AMD Ryzen 3 5300U with Radeon Graphics,amd,1,4,2600,20.8,3.14.6,CPython,1,spawn,2.5.3,recursive,rec_quicksort,13781,122,0.3,ms,normal,8,142,1,1,1,8,0,0,0.028664000002512086,0.9968884900525292,0.03578615369794403,0.0003139825484955148,1.2533236195301518,7.2,0.1574756000045454,0.001076100001228042,0.21489370000199415,0.2231004000059329,0.21855679999862332,0.2266171000082977,0.217974;0.225098;0.223100,0.220751;0.218557;0.217144,0.226617;0.225157;0.226886,,threading,2026-10-04T02:11:20+00:00
M0c1-00086,M0c1,localc1,Windows,11,AMD64,AMD Ryzen 3 5300U with Radeon Graphics,amd,1,4,2600,20.8,3.14.6,CPython,1,spawn,2.5.3,big_result,result_records,15305,596417,0.0,ms,big,8,596440,1,2,1,2,0,0,0.005922233336605132,1.0,0.12860521718732318,1.7796326815400219,0.9022136335909189,1.2,0.06966769999417011,0.031908599979942665,0.33582060001208447,0.054068800003733486,0.07849529999657534,0.14491989999078214,0.084000;0.054069;0.052844,0.058410;0.078495;0.078841,0.144920;0.141399;0.202338,,sequential,2026-10-04T02:11:22+00:00
M0c1-00087,M0c1,localc1,Windows,11,AMD64,AMD Ryzen 3 5300U with Radeon Graphics,amd,1,4,2600,20.8,3.14.6,CPython,1,spawn,2.5.3,big_payload,big_count_byte,23,547184,0.0,seconds,big,365,547206,1,4,0,1,0,0,0.00029165494501345103,0.99611871364477,0.10708864699516567,0.7436184506446469,0.9533652622851915,2.7,0.05927460000384599,0.004934800002956763,0.46207559999311343,0.1055391999980202,0.10590969999611843,0.6269218000088586,0.105986;0.104787;0.105539,0.105305;0.105910;0.106476,0.626922,,sequential,2026-10-04T02:11:24+00:00
M0c1-00088,M0c1,localc1,Windows,11,AMD64,AMD Ryzen 3 5300U with Radeon Graphics,amd,1,4,2600,20.8,3.14.6,CPython,1,spawn,2.5.3,mixed,mixed_compute_then_sleep,51618,112,0.8,seconds,normal,961,132.71428571428572,1,1,1,3,1,0,0.003580842856276182,0.6277457023189568,0.498548699527172,0.0016157407286634964,1.5139884274689008,7.7,0.08444239999516867,0.00048230000538751483,0.21489370000199415,3.3812273000075947,3.3730930000019725,3.392568700000993,3.342945;3.381227;3.457840,3.391398;3.373093;3.365543,3.395654;3.392569;3.372579,,threading,2026-10-04T02:11:55+00:00
M0c1-00089,M0c1,localc1,Windows,11,AMD64,AMD Ryzen 3 5300U with Radeon Graphics,amd,1,4,2600,20.8,3.14.6,CPython,1,spawn,2.5.3,algo_iter,algo_dijkstra,896,1671,0.0,seconds,normal,2080,1694,1,2,2,15,0,0,0.0024500809522578493,1.0,0.053980910495281656,0.001610150964242487,0.8357774535112734,15.7,0.11277360000531189,0.00039000000106170774,0.33582060001208447,5.173724300009781,5.209280499999295,5.1940393000113545,5.173724;5.198907;5.066554,5.209794;5.209280;5.167323,5.194039;5.269532;5.113903,,sequential,2026-10-04T02:12:43+00:00
M0c1-00090,M0c1,localc1,Windows,11,AMD64,AMD Ryzen 3 5300U with Radeon Graphics,amd,1,4,2600,20.8,3.14.6,CPython,1,spawn,2.5.3,io,io_sleep_chunks,4423,130613,0.8,seconds,big,48,130636,1,2,1,1,1,0,0.006643862496275688,0.030026589671539122,0.23767495607761843,0.004227586146773382,1.9119427961484017,3.1,0.08135020000918303,0.0005760000349255279,0.33582060001208447,0.29675949999364093,0.14960750000318512,0.1569283999997424,0.297358;0.296759;0.293896,0.149976;0.148987;0.149608,0.153891;0.159891;0.156928,,threading,2026-10-04T02:12:45+00:00
M0c1-00091,M0c1,localc1,Windows,11,AMD64,AMD Ryzen 3 5300U with Radeon Graphics,amd,1,4,2600,20.8,3.14.6,CPython,1,spawn,2.5.3,gil_release,gil_zlib,2,24122,0.8,seconds,normal,262,24144,1,1,1,1,0,1,0.0010669659563102463,0.9972359178201192,0.4220644995166798,0.0061951354993186845,0.9401474004292929,2.0,0.1039541000063764,0.0009505000634817407,0.21489370000199415,0.2656161000049906,0.264929500001017,0.2801352000096813,0.265616;0.266048;0.264444,0.264930;0.265523;0.264919,0.281350;0.280135;0.279802,,threading,2026-10-04T02:12:48+00:00
M0c1-00092,M0c1,localc1,Windows,11,AMD64,AMD Ryzen 3 5300U with Radeon Graphics,amd,1,4,2600,20.8,3.14.6,CPython,1,spawn,2.5.3,big_payload,big_upper_copy,1,3752045,0.8,ms,big,8,3752067,1,2,0,0,0,0,0.0029231000031965473,1.0,0.07128759089323002,1.0700169898293808,0.92247753802908,0.8,0.027733800001442432,0.009840600003371947,0.33582060001208447,0.02230109999072738,0.022809899994172156,0.1056148000061512,0.022310;0.022189;0.022301,0.023800;0.022810;0.022281,0.108300;0.102206;0.105615,,sequential,2026-10-04T02:12:49+00:00
M0c1-00093,M0c1,localc1,Windows,11,AMD64,AMD Ryzen 3 5300U with Radeon Graphics,amd,1,4,2600,20.8,3.14.6,CPython,1,spawn,2.5.3,numpy,np_fft,46061,241,0.3,ms,normal,8,261,1,2,0,0,0,1,0.006688466669099095,0.997606654880221,0.5451448581696197,0.001998464281024338,1.1571582980421051,3.5,0.0443509000033373,0.0003330000035930425,0.33582060001208447,0.043750400000135414,0.04501049999089446,0.07957089999399614,0.042916;0.043750;0.044292,0.044312;0.045010;0.047059,0.079244;0.080097;0.079571,,sequential,2026-10-04T02:12:50+00:00
M0c1-00094,M0c1,localc1,Windows,11,AMD64,AMD Ryzen 3 5300U with Radeon Graphics,amd,1,4,2600,20.8,3.14.6,CPython,1,spawn,2.5.3,big_payload,big_checksum_head,15075,504632,0.0,seconds,big,396,504655,1,2,1,1,0,0,0.0003444454544506064,1.0,0.08322187399090163,0.19393491537075583,0.8810740118353243,1.2,0.0748678999952972,0.002183000004151836,0.33582060001208447,0.14185129999532364,0.13761030000750907,0.6884025000035763,0.145828;0.141851;0.135174,0.137638;0.134321;0.137610,0.688403,,threading,2026-10-04T02:12:53+00:00
M0c1-00095,M0c1,localc1,Windows,11,AMD64,AMD Ryzen 3 5300U with Radeon Graphics,amd,1,4,2600,20.8,3.14.6,CPython,1,spawn,2.5.3,io,io_sleep_return_payload,17576,36461,0.0,seconds,normal,103,36484,1,4,0,1,1,0,0.017987766666919924,0.004461466549831651,0.0034749422531940083,0.002438694678332109,1.4534026475013473,0.0,0.09168569999746978,0.000491300001158379,0.46207559999311343,1.852459200003068,0.5043481000029715,0.5102705000026617,1.852459;1.853598;1.850789,0.504119;0.504348;0.504497,0.523136;0.510271;0.508545,,threading,2026-10-04T02:13:02+00:00
M0c1-00096,M0c1,localc1,Windows,11,AMD64,AMD Ryzen 3 5300U with Radeon Graphics,amd,1,4,2600,20.8,3.14.6,CPython,1,spawn,2.5.3,mixed,mixed_parse_lines,21,1399,0.8,seconds,normal,265,1421,1,4,2,3,1,0,0.0018488071405694687,0.7159104451436906,0.3439529737264822,0.0021554437438545604,1.1972580713109278,6.1,0.09594970000034664,0.00040660005470272154,0.46207559999311343,0.5102347000065492,0.3772791999945184,0.3838376000057906,0.510235;0.515845;0.509664,0.376549;0.377279;0.381679,0.382301;0.387344;0.383838,,threading,2026-10-04T02:13:07+00:00
M0c1-00097,M0c1,localc1,Windows,11,AMD64,AMD Ryzen 3 5300U with Radeon Graphics,amd,1,4,2600,20.8,3.14.6,CPython,1,spawn,2.5.3,mixed,mixed_json_roundtrip,4,666,0.8,ms,normal,350,688,1,4,1,1,1,0,0.0006556792200585319,0.21997806667055234,0.1468700281422619,0.007618054753922032,1.9625170417303883,2.8,0.07700380000460427,0.0005437000509118661,0.46207559999311343,0.22508190000371542,0.057948699992266484,0.06341329999850132,0.234726;0.225082;0.221916,0.057949;0.058593;0.056709,0.070843;0.063413;0.063187,,threading,2026-10-04T02:13:08+00:00
M0c1-00098,M0c1,localc1,Windows,11,AMD64,AMD Ryzen 3 5300U with Radeon Graphics,amd,1,4,2600,20.8,3.14.6,CPython,1,spawn,2.5.3,text,text_csv_parse,9,262,0.0,ms,normal,11,284,1,4,2,3,0,0,0.0015791333329010133,1.0,0.026300516482808595,0.00679697985495383,0.8507089928466507,1.2,0.010487300009117462,0.00022720001288689673,0.46207559999311343,0.01742509999894537,0.017685999991954304,0.01957340000080876,0.017425;0.017358;0.017727,0.017686;0.018242;0.017551,0.020431;0.019539;0.019573,,sequential,2026-10-04T02:13:19+00:00
M0c1-00099,M0c1,localc1,Windows,11,AMD64,AMD Ryzen 3 5300U with Radeon Graphics,amd,1,4,2600,20.8,3.14.6,CPython,1,spawn,2.5.3,cpu,cpu_count_primes,953,1429282,0.0,ms,big,139,1429305,1,4,2,4,0,0,0.00031566764707403145,1.0,0.0751829090414118,2.480551957058304,0.956461514850129,0.0,0.03798540000570938,0.016090200006146915,0.46207559999311343,0.042446399995242245,0.04269960000237916,0.5254225999960909,0.042446;0.042857;0.041997,0.043326;0.042271;0.042700,0.525423,,sequential,2026-10-04T02:13:21+00:00
M0c1-00100,M0c1,localc1,Windows,11,AMD64,AMD Ryzen 3 5300U with Radeon Graphics,amd,1,4,2600,20.8,3.14.6,CPython,1,spawn,2.5.3,io,io_sleep_chunks,15712,1973,0.0,ms,normal,8,1996,1,2,1,1,1,0,0.016545566671993583,0.007477915805843149,0.020204103716845175,0.001120138663337286,1.386104872529175,0.4,0.08599370000592899,0.00040529998659621924,0.33582060001208447,0.13698680000379682,0.06938879999506753,0.07095559999288525,0.136987;0.136416;0.137004,0.069238;0.069389;0.070060,0.070956;0.068929;0.071162,,threading,2026-10-04T02:13:23+00:00
M0c1-00101,M0c1,localc1,Windows,11,AMD64,AMD Ryzen 3 5300U with Radeon Graphics,amd,1,4,2600,20.8,3.14.6,CPython,1,spawn,2.5.3,text,text_split_count,65,1203,0.3,seconds,normal,1788,1225,1,1,1,1,0,0,0.00396219999954785,0.9982643879733666,0.2009340707009317,0.0011687370126541698,0.9437691177140741,3.5,0.10677560001204256,0.00034260001848451793,0.21489370000199415,6.997710600000573,7.026519599996391,6.941289299997152,6.970220;6.997711;7.002088,7.026520;7.097204;7.003840,6.966941;6.941289;6.938609,,multiprocessing,2026-10-04T02:14:26+00:00
M0c1-00102,M0c1,localc1,Windows,11,AMD64,AMD Ryzen 3 5300U with Radeon Graphics,amd,1,4,2600,20.8,3.14.6,CPython,1,spawn,2.5.3,db,db_file_lookup,507,624,0.3,ms,normal,8,647,1,4,1,5,1,0,0.020346499998898555,0.9997520283856286,0.09541349130903762,0.0004374219011217392,0.5770581565985295,0.4,0.16163479999522679,0.0002535999956307933,0.46207559999311343,0.18227419999311678,0.2200481000036234,0.18238929999643005,0.181113;0.182274;0.182569,0.221301;0.182548;0.220048,0.186315;0.182311;0.182389,,sequential,2026-10-04T02:14:29+00:00
M0c1-00103,M0c1,localc1,Windows,11,AMD64,AMD Ryzen 3 5300U with Radeon Graphics,amd,1,4,2600,20.8,3.14.6,CPython,1,spawn,2.5.3,db,db_mem_insert_select,3269,25,0.8,ms,normal,8,45,1,4,1,1,1,0,0.003834933328713911,0.9975647676321632,0.44732782587833536,0.0018166329790191317,1.2745305884538591,2.7,0.023601199995027855,0.0002069000038318336,0.46207559999311343,0.025780600000871345,0.02612679998856038,0.028473099999246188,0.026043;0.025657;0.025781,0.026127;0.026059;0.026253,0.028473;0.028346;0.028841,,sequential,2026-10-04T02:14:29+00:00
M0c1-00104,M0c1,localc1,Windows,11,AMD64,AMD Ryzen 3 5300U with Radeon Graphics,amd,1,4,2600,20.8,3.14.6,CPython,1,spawn,2.5.3,numpy,np_elementwise,9256,2656,0.0,ms,normal,481,2679,1,2,0,4,0,0,0.0002665099989826558,0.9963627685388964,0.13045416432942325,0.014521037988155423,0.981110750300893,6.2,0.06489680000231601,0.0005589001229964197,0.33582060001208447,0.12681139999767765,0.1266782000020612,0.1267736000008881,0.126811;0.125679;0.128148,0.126573;0.126678;0.127813,0.126774;0.128477;0.125658,,threading,2026-10-04T02:14:31+00:00
M0c1-00105,M0c1,localc1,Windows,11,AMD64,AMD Ryzen 3 5300U with Radeon Graphics,amd,1,4,2600,20.8,3.14.6,CPython,1,spawn,2.5.3,mixed,mixed_parse_lines,1,834,0.0,seconds,normal,6336,856,1,4,2,3,1,0,0.0006264124996960164,0.13052127003319844,0.2920703505327369,0.006377588758221204,2.021493957054556,2.3,0.07583180000074208,0.0006089000235078856,0.46207559999311343,3.6601674999983516,0.9160631999984616,0.9117492000077618,3.699648;3.659500;3.660167,0.898898;0.916063;0.926257,0.913525;0.911749;0.906157,,multiprocessing,2026-10-04T02:14:48+00:00
M0c1-00106,M0c1,localc1,Windows,11,AMD64,AMD Ryzen 3 5300U with Radeon Graphics,amd,1,4,2600,20.8,3.14.6,CPython,1,spawn,2.5.3,tiny,tiny_small_loop,7,158,0.8,ms,normal,98292,177,1,4,0,0,0,0,4.7184991126414386e-07,1.0,0.6057414167682527,7.184493308446167,0.6484531075659472,13.3,0.0062350999942282215,0.003019200172275305,0.46207559999311343,0.02544050000142306,0.0313433000119403,0.10254530000383966,0.025441;0.025387;0.025556,0.030392;0.031532;0.031343,0.102545;0.106565;0.099320,,sequential,2026-10-04T02:14:49+00:00
M0c1-00107,M0c1,localc1,Windows,11,AMD64,AMD Ryzen 3 5300U with Radeon Graphics,amd,1,4,2600,20.8,3.14.6,CPython,1,spawn,2.5.3,algo_rec,algo_sudoku,10,54,0.3,ms,normal,18,73,1,1,3,28,0,0,0.01279242500095279,0.9893127451544457,0.30573965636723904,0.0006527301692023213,1.1556663335551314,17.1,0.09780649999447633,0.001963000002433546,0.21489370000199415,0.1747713999939151,0.17622390000906307,0.1795618000032846,0.174856;0.174771;0.174121,0.178009;0.176224;0.174974,0.179823;0.179562;0.177909,,sequential,2026-10-04T02:14:52+00:00
M0c1-00108,M0c1,localc1,Windows,11,AMD64,AMD Ryzen 3 5300U with Radeon Graphics,amd,1,4,2600,20.8,3.14.6,CPython,1,spawn,2.5.3,db,db_mem_insert_select,628,51,0.8,seconds,normal,575,70.9,1,4,1,1,1,0,0.000665685334824957,0.9992657285418389,0.3706932646392819,0.005047427797907051,0.9946476190117829,15.4,0.10097280000627507,0.0004799999005626887,0.46207559999311343,0.377158800009056,0.38031770000816323,0.38371350000670645,0.373658;0.377159;0.380849,0.380318;0.375647;0.384346,0.383714;0.382816;0.386633,,sequential,2026-10-04T02:14:56+00:00
M0c1-00109,M0c1,localc1,Windows,11,AMD64,AMD Ryzen 3 5300U with Radeon Graphics,amd,1,4,2600,20.8,3.14.6,CPython,1,spawn,2.5.3,big_payload,big_reverse,1,234017,0.8,seconds,big,854,234039,1,2,0,0,0,0,0.0001778859153779075,0.9962581733909093,0.09461176722392103,0.3885074402561493,1.003094774864205,16.7,0.07854349999979604,0.0026978000241797417,0.33582060001208447,0.16029949999938253,0.17275120000704192,1.438940599997295,0.163485;0.158885;0.160299,0.172751;0.192731;0.163392,1.438941,,sequential,2026-10-04T02:14:59+00:00
M0c1-00110,M0c1,localc1,Windows,11,AMD64,AMD Ryzen 3 5300U with Radeon Graphics,amd,1,4,2600,20.8,3.14.6,CPython,1,spawn,2.5.3,big_payload,big_reverse,3,1336133,0.8,ms,big,149,1336155,1,4,0,0,0,0,0.0008742216218583839,0.9991853491535128,0.08605807505658371,1.8015511858142979,0.9840371614603463,18.4,0.09705529999337159,0.032151599996723235,0.46207559999311343,0.13809320000291336,0.14322790000005625,1.0889341000001878,0.138093;0.139075;0.135790,0.143228;0.178858;0.137787,1.088934,,sequential,2026-10-04T02:15:02+00:00
M0c1-00111,M0c1,localc1,Windows,11,AMD64,AMD Ryzen 3 5300U with Radeon Graphics,amd,1,4,2600,20.8,3.14.6,CPython,1,spawn,2.5.3,io,io_file_roundtrip,1,970,0.8,ms,normal,8,992,1,1,1,0,1,0,0.010008700002799742,0.13673503887501318,0.17518361774913527,0.001139009011214655,1.2249041354796553,21.4,0.05469150000135414,0.0013528999988920987,0.21489370000199415,0.25185810000402853,0.035600600007455796,0.034931899994262494,0.251858,0.035601;0.037191;0.035169,0.037781;0.034932;0.033561,,multiprocessing,2026-10-04T02:15:03+00:00
M0c1-00112,M0c1,localc1,Windows,11,AMD64,AMD Ryzen 3 5300U with Radeon Graphics,amd,1,4,2600,20.8,3.14.6,CPython,1,spawn,2.5.3,algo_iter,algo_dijkstra,179,261177,0.0,seconds,big,765,261199,1,1,2,15,0,0,0.00042414999928550354,0.9659378011502796,0.304081905234811,0.1125191517836105,1.0034892464927079,14.7,0.10136970000166912,0.0014233000838430598,0.21489370000199415,0.3074678999983007,0.31780850001086947,0.9138467000011588,0.308271;0.307206;0.307468,0.317809;0.314192;0.318037,0.913847;0.895067;0.918143,,sequential,2026-10-04T02:15:09+00:00
M0c1-00113,M0c1,localc1,Windows,11,AMD64,AMD Ryzen 3 5300U with Radeon Graphics,amd,1,4,2600,20.8,3.14.6,CPython,1,spawn,2.5.3,gil_release,gil_numpy_matmul,36,62164,0.0,seconds,normal,3217,62186,1,1,0,2,0,1,8.041588350869353e-05,0.9977951681736974,0.27076045679910776,0.18279973339475142,1.0214446296874236,17.6,0.10011800000211224,0.0017149998748209327,0.21489370000199415,0.24645849999797065,0.2663205000135349,0.912156699996558,0.246458;0.247973;0.242111,0.266321;0.261183;0.276300,0.944941;0.899994;0.912157,,sequential,2026-10-04T02:15:15+00:00
M0c1-00114,M0c1,localc1,Windows,11,AMD64,AMD Ryzen 3 5300U with Radeon Graphics,amd,1,4,2600,20.8,3.14.6,CPython,1,spawn,2.5.3,big_payload,big_count_byte,96,1020793,0.3,ms,big,195,1020815,1,2,0,1,0,0,0.0005464937482126212,0.9994896763329794,0.08920486009381971,1.0715767579716302,0.9703453168930357,18.3,0.06538690000888892,0.012275100089027546,0.33582060001208447,0.10567150000133552,0.10483930000918917,0.5814809000003152,0.103673;0.105672;0.105828,0.104136;0.104839;0.110385,0.581481,,threading,2026-10-04T02:15:17+00:00
M0c1-00115,M0c1,localc1,Windows,11,AMD64,AMD Ryzen 3 5300U with Radeon Graphics,amd,1,4,2600,20.8,3.14.6,CPython,1,spawn,2.5.3,tiny,tiny_len,16,214521,0.3,ms,big,932,214543,1,4,0,0,0,0,4.587982793222681e-07,1.0,0.293485901317594,89.29850842186997,0.1219031381472958,16.6,0.0026702000031946227,0.001542800004244782,0.46207559999311343,0.00010239999392069876,0.000275699989288114,0.5424102999968454,0.000289;0.000102;0.000099,0.000545;0.000276;0.000263,0.542410,,sequential,2026-10-04T02:15:19+00:00
M0c1-00116,M0c1,localc1,Windows,11,AMD64,AMD Ryzen 3 5300U with Radeon Graphics,amd,1,4,2600,20.8,3.14.6,CPython,1,spawn,2.5.3,text,text_csv_parse,14,294,0.8,ms,normal,11,316,1,4,2,3,0,0,0.0025682666649421058,1.0,0.28020353456389735,0.00378984770999905,0.661235997515026,21.9,0.021299600004567765,0.00023190000501926988,0.46207559999311343,0.03637940000044182,0.0357878999930108,0.0383055999991484,0.036379;0.036572;0.035945,0.035788;0.036307;0.035699,0.038306;0.037470;0.070057,,threading,2026-10-04T02:15:19+00:00
M0c1-00117,M0c1,localc1,Windows,11,AMD64,AMD Ryzen 3 5300U with Radeon Graphics,amd,1,4,2600,20.8,3.14.6,CPython,1,spawn,2.5.3,mixed,mixed_hash_then_write,6077,35094,0.0,ms,normal,18,35117,1,2,1,3,1,0,0.0010444750005262904,1.0,0.1872998905703524,0.023001987627427306,0.6238171693193206,15.5,0.01063419999263715,0.0003434999816818163,0.33582060001208447,0.01727779999782797,0.017662500002188608,0.022361900002579205,0.017379;0.017278;0.016118,0.017663;0.016495;0.018284,0.022362;0.019977;0.052688,,sequential,2026-10-04T02:15:20+00:00
M0c1-00118,M0c1,localc1,Windows,11,AMD64,AMD Ryzen 3 5300U with Radeon Graphics,amd,1,4,2600,20.8,3.14.6,CPython,1,spawn,2.5.3,db,db_mem_group_by,236,122018,0.3,ms,big,50,122040.66666666667,1,1,1,2,1,0,0.00041130833415081725,1.0,0.1253174593456807,0.057215794332758876,0.8289680171589935,21.4,0.011330100009217858,0.0005357999907573685,0.21489370000199415,0.01903440000023693,0.019419999996898696,0.03651979999267496,0.019034;0.018910;0.021544,0.019420;0.019534;0.019246,0.036520;0.035319;0.041474,,sequential,2026-10-04T02:15:21+00:00
M0c1-00119,M0c1,localc1,Windows,11,AMD64,AMD Ryzen 3 5300U with Radeon Graphics,amd,1,4,2600,20.8,3.14.6,CPython,1,spawn,2.5.3,algo_rec,algo_merge_sort,1176,80,0.0,seconds,normal,1378,100,1,1,1,10,0,0,0.0024667190452982183,1.0,0.06364254984757321,0.027534550097089088,0.9473837818480859,18.9,0.10747540000011213,0.0016840000462252647,0.21489370000199415,3.412261200006469,3.4114804999990156,3.528688799997326,3.412261;3.416601;3.382353,3.449344;3.394225;3.411480,3.528689;3.549607;3.500611,,threading,2026-10-04T02:15:53+00:00
M0c1-00120,M0c1,localc1,Windows,11,AMD64,AMD Ryzen 3 5300U with Radeon Graphics,amd,1,4,2600,20.8,3.14.6,CPython,1,spawn,2.5.3,io,io_file_roundtrip,3,1861,0.3,seconds,normal,264,1883,1,1,1,0,1,0,0.01609532499787747,0.21413167645599718,0.1918703777051601,0.0005172308051025137,1.8141552383161033,0.8,0.0967464999994263,0.0002766999969026074,0.21489370000199415,2.8742293999966932,2.870597799992538,2.8293293000024278,3.888818;2.874229;2.794739,2.876049;2.870598;2.862574,2.894388;2.820660;2.829329,,multiprocessing,2026-10-04T02:16:20+00:00
M0c1-00121,M0c1,localc1,Windows,11,AMD64,AMD Ryzen 3 5300U with Radeon Graphics,amd,1,4,2600,20.8,3.14.6,CPython,1,spawn,2.5.3,algo_rec,algo_flood_fill,5,240,0.0,ms,normal,42,259,1,2,3,10,0,0,0.004828830000769812,0.37438036339162417,1.8746963318440772,0.0010934324584465837,2.4483513997734074,2.3,0.07002089999150485,0.00029939999512862414,0.33582060001208447,0.07796240001334809,0.07887979999941308,0.08019449999846984,0.077624;0.078184;0.077962,0.078376;0.078880;0.079094,0.080194;0.079930;0.080697,,sequential,2026-10-04T02:16:21+00:00
M0c1-00122,M0c1,localc1,Windows,11,AMD64,AMD Ryzen 3 5300U with Radeon Graphics,amd,1,4,2600,20.8,3.14.6,CPython,1,spawn,2.5.3,algo_rec,algo_lcs_memo,4,320,0.0,ms,normal,9,342,1,2,1,10,0,0,0.012675066667725332,0.9919019771925609,0.025479527786224507,0.0007521327828227908,0.9502976629011521,0.8,0.0787352000043029,0.001279799995245412,0.33582060001208447,0.11076460000185762,0.11389680000138469,0.11347409999871161,0.110765;0.110362;0.111231,0.113362;0.114084;0.113897,0.127266;0.113150;0.113474,,sequential,2026-10-04T02:16:23+00:00
M0c1-00123,M0c1,localc1,Windows,11,AMD64,AMD Ryzen 3 5300U with Radeon Graphics,amd,1,4,2600,20.8,3.14.6,CPython,1,spawn,2.5.3,big_payload,big_checksum_head,554,734153,0.3,ms,big,272,734176,1,4,1,1,0,0,1.8141176791259032e-05,0.9861402317840801,0.3850489579250034,17.845038551958,0.7282427102031076,1.2,0.009913500005495735,0.0069297999871196225,0.46207559999311343,0.003789499998674728,0.004024100009701215,0.4879696999996668,0.003857;0.003789;0.003770,0.004109;0.003840;0.004024,0.487970,,sequential,2026-10-04T02:16:24+00:00
M0c1-00124,M0c1,localc1,Windows,11,AMD64,AMD Ryzen 3 5300U with Radeon Graphics,amd,1,4,2600,20.8,3.14.6,CPython,1,spawn,2.5.3,big_result,result_records,3515,999515,0.0,seconds,big,200,999538,1,1,1,2,0,0,0.002977170589421054,0.9690750614316476,1.922600669857836,0.8470893202064663,2.0528277442972334,3.1,0.11927679998916574,0.04332679997605737,0.21489370000199415,0.4939892999973381,0.48552299999573734,1.675498399999924,0.524095;0.493989;0.475439,0.438737;0.485523;0.485577,1.668029;1.675498;1.725974,,threading,2026-10-04T02:16:34+00:00
M0c1-00125,M0c1,localc1,Windows,11,AMD64,AMD Ryzen 3 5300U with Radeon Graphics,amd,1,4,2600,20.8,3.14.6,CPython,1,spawn,2.5.3,numpy,np_linalg_solve,10,3001,0.0,seconds,normal,66644,3023,1,2,0,3,0,1,3.1743737988930624e-05,0.9862969244798164,0.5992206458468988,0.12868679233718971,1.0586122298848637,5.4,0.09930750000057742,0.003641499759396538,0.33582060001208447,1.9053688999993028,1.9208247999922605,2.625707600003807,1.899856;1.912531;1.905369,1.924657;1.920825;1.919767,2.630519;2.625602;2.625708,,sequential,2026-10-04T02:16:54+00:00
M0c1-00126,M0c1,localc1,Windows,11,AMD64,AMD Ryzen 3 5300U with Radeon Graphics,amd,1,4,2600,20.8,3.14.6,CPython,1,spawn,2.5.3,big_payload,big_upper_copy,5,3985620,0.3,seconds,big,50,3985642,1,4,0,0,0,0,0.0028060916689961837,0.9984319018101264,0.05699407574975727,1.2394849284848979,0.953538636627273,6.2,0.11078580000321381,0.042302099987864494,0.46207559999311343,0.14895940000133123,0.1478072999889264,0.9437201999971876,0.148959;0.166004;0.147499,0.147807;0.175890;0.147517,0.943720,,threading,2026-10-04T02:16:57+00:00
M0c1-00127,M0c1,localc1,Windows,11,AMD64,AMD Ryzen 3 5300U with Radeon Graphics,amd,1,4,2600,20.8,3.14.6,CPython,1,spawn,2.5.3,algo_iter,algo_edit_distance,30786,226,0.3,ms,normal,8,246,1,1,2,16,0,0,0.0076499000036468106,1.0,0.13614948696600343,0.0013377081582620996,1.2064823820718216,14.9,0.042066399997565895,0.0012491999805206433,0.21489370000199415,0.05626260000281036,0.05709780000324827,0.05815370001073461,0.056263;0.056398;0.056056,0.057098;0.056810;0.058107,0.058154;0.058197;0.057514,,sequential,2026-10-04T02:16:58+00:00
M0c1-00128,M0c1,localc1,Windows,11,AMD64,AMD Ryzen 3 5300U with Radeon Graphics,amd,1,4,2600,20.8,3.14.6,CPython,1,spawn,2.5.3,big_result,result_matrix_lists,57,32,0.3,ms,normal,161,51,1,2,2,5,0,0,0.00040661000020918435,1.0,0.36299377026274676,0.2736774787499351,1.012305080912481,15.8,0.03500519999943208,0.002525499992771074,0.33582060001208447,0.06001719999767374,0.060171699995407835,0.08092480000050273,0.059559;0.060017;0.061396,0.062378;0.060172;0.059728,0.082048;0.080925;0.080142,,sequential,2026-10-04T02:16:59+00:00
M0c1-00129,M0c1,localc1,Windows,11,AMD64,AMD Ryzen 3 5300U with Radeon Graphics,amd,1,4,2600,20.8,3.14.6,CPython,1,spawn,2.5.3,cpu,cpu_matmul_lists,8,40,0.3,seconds,normal,10366,59,1,4,3,5,0,0,4.805058007384335e-05,1.0,0.43984212390606475,0.07419267252846516,0.9755541214071266,13.6,0.10364020000270102,0.002593600205727853,0.46207559999311343,0.49052920000394806,0.4907838999934029,0.5130575999937719,0.490529;0.490269;0.495058,0.486560;0.490784;0.493400,0.510812;0.514388;0.513058,,sequential,2026-10-04T02:17:05+00:00
M0c1-00130,M0c1,localc1,Windows,11,AMD64,AMD Ryzen 3 5300U with Radeon Graphics,amd,1,4,2600,20.8,3.14.6,CPython,1,spawn,2.5.3,text,text_split_count,61,450,0.8,ms,normal,11,472,1,2,1,1,0,0,0.0013537666721579928,1.0,0.5554949232299196,0.006894346481526568,0.8478574520138941,12.9,0.010368300005211495,0.00021719998039770871,0.33582060001208447,0.015104399994015694,0.015419400006067008,0.04968350000854116,0.015104;0.016484;0.014829,0.015419;0.015428;0.015173,0.050071;0.048912;0.049684,,sequential,2026-10-04T02:17:05+00:00
M0c1-00131,M0c1,localc1,Windows,11,AMD64,AMD Ryzen 3 5300U with Radeon Graphics,amd,1,4,2600,20.8,3.14.6,CPython,1,spawn,2.5.3,tiny,tiny_add,6,344,0.3,ms,normal,193940,366,1,4,0,1,0,0,2.412499306956306e-07,1.0,0.2887734893068463,20.849742821590937,0.4455098282233793,14.7,0.00572489999467507,0.0033690001437207684,0.46207559999311343,0.02554379998764489,0.03271149999636691,0.3425026000040816,0.024845;0.026021;0.025544,0.031242;0.034290;0.032711,0.342503,,sequential,2026-10-04T02:17:07+00:00
M0c1-00132,M0c1,localc1,Windows,11,AMD64,AMD Ryzen 3 5300U with Radeon Graphics,amd,1,4,2600,20.8,3.14.6,CPython,1,spawn,2.5.3,gil_release,gil_zlib,4,5132,0.3,seconds,normal,5186,5154,1,2,1,1,0,1,0.0004513234231486782,0.9987541520186286,0.17880295729830195,0.010369505483633417,0.9881990260789021,16.5,0.10126139999192674,0.00055490001977887,0.33582060001208447,2.333669600004214,2.352884699997958,2.3849132000032114,2.331713;2.333670;2.345061,2.338674;2.352885;2.356110,2.391876;2.380784;2.384913,,sequential,2026-10-04T02:17:29+00:00
M0c1-00133,M0c1,localc1,Windows,11,AMD64,AMD Ryzen 3 5300U with Radeon Graphics,amd,1,4,2600,20.8,3.14.6,CPython,1,spawn,2.5.3,text,text_regex_findall,89,3258,0.8,ms,normal,8,3280,1,4,1,1,0,0,0.012808466664864682,1.0,0.5604178384248021,0.001540647205365432,0.4952596123851661,15.4,0.08792579999135341,0.0002845999988494441,0.46207559999311343,0.11865550000220537,0.12010660000669304,0.12297710000711959,0.118179;0.118785;0.118656,0.120107;0.120629;0.119455,0.124181;0.122187;0.122977,,sequential,2026-10-04T02:17:52+00:00
M0c1-00134,M0c1,localc1,Windows,11,AMD64,AMD Ryzen 3 5300U with Radeon Graphics,amd,1,4,2600,20.8,3.14.6,CPython,1,spawn,2.5.3,algo_iter,algo_kmeans,659,21,0.8,seconds,normal,189,41,1,4,3,15,0,0,0.022574333333371516,0.997623766715257,0.1724307667122023,0.0006703778103739753,1.6759700621746667,12.7,0.11462490000121761,0.0016810000088298693,0.46207559999311343,3.0516900999937207,3.0423887000069954,3.0523063999862643,3.076674;3.051690;3.024129,3.054465;3.042389;3.035476,3.059004;3.052306;3.049555,,threading,2026-10-04T02:18:20+00:00
M0c1-00135,M0c1,localc1,Windows,11,AMD64,AMD Ryzen 3 5300U with Radeon Graphics,amd,1,4,2600,20.8,3.14.6,CPython,1,spawn,2.5.3,tiny,tiny_add,156,25,0.8,seconds,normal,200000,44.15,1,2,0,1,0,0,2.477500311215408e-07,1.0,0.37048455862793833,15.741669616941072,0.5673982553338508,6.1,0.005188700000871904,0.0030137999419821426,0.33582060001208447,0.01976700000523124,0.02729630000249017,0.12762389999988955,0.019456;0.019953;0.019767,0.030308;0.027262;0.027296,0.127624,,sequential,2026-10-04T02:18:21+00:00
M0c1-00136,M0c1,localc1,Windows,11,AMD64,AMD Ryzen 3 5300U with Radeon Graphics,amd,1,4,2600,20.8,3.14.6,CPython,1,spawn,2.5.3,big_result,result_records,4362,642,0.3,seconds,normal,343,665,1,1,1,2,0,0,0.0023027839983114974,0.9987356850826941,1.4647779183738423,0.8759549307320293,1.361101028224064,0.8,0.14066170000296552,0.04071790004672948,0.21489370000199415,1.1424007000023266,1.1710052999987965,2.6948235999880126,1.150085;1.118664;1.142401,1.172501;1.171005;1.143733,2.612051;2.721554;2.694824,,sequential,2026-10-04T02:18:36+00:00
M0c1-00137,M0c1,localc1,Windows,11,AMD64,AMD Ryzen 3 5300U with Radeon Graphics,amd,1,4,2600,20.8,3.14.6,CPython,1,spawn,2.5.3,tiny,tiny_dict_lookup,763,26,0.3,seconds,normal,200000,46,1,1,0,1,0,0,3.337501038913615e-07,1.0,0.7436864518396644,11.445687091626786,0.5896489572529497,2.7,0.0056643999996595085,0.0030397997907130048,0.21489370000199415,0.04622439999366179,0.05559679999714717,0.18399869999848306,0.046801;0.046224;0.046174,0.056653;0.054542;0.055597,0.214886;0.182627;0.183999,,sequential,2026-10-04T02:18:38+00:00
M0c1-00138,M0c1,localc1,Windows,11,AMD64,AMD Ryzen 3 5300U with Radeon Graphics,amd,1,4,2600,20.8,3.14.6,CPython,1,spawn,2.5.3,text,text_csv_parse,11,359,0.0,ms,normal,64,381,1,2,2,3,0,0,0.0025197749992003082,1.0,0.06084219025615827,0.0015452774378004188,0.9830132151024393,1.5,0.08108640000864398,0.0003107000229647383,0.33582060001208447,0.15806840000732336,0.1591383000049973,0.16395509999711066,0.158068;0.159335;0.157465,0.159506;0.158233;0.159138,0.164786;0.163955;0.163144,,sequential,2026-10-04T02:18:40+00:00
M0c1-00139,M0c1,localc1,Windows,11,AMD64,AMD Ryzen 3 5300U with Radeon Graphics,amd,1,4,2600,20.8,3.14.6,CPython,1,spawn,2.5.3,gil_release,gil_sha256,150,8960,0.8,seconds,normal,1825,8982,1,4,1,1,0,1,0.000916849090770649,0.9901654080819555,0.4548223156742829,0.0056988664199524005,0.9908094454848069,0.4,0.10204300000623334,0.0004895000165561214,0.46207559999311343,1.6311134999996284,1.6273987000022316,1.6607342999923276,1.631113;1.633780;1.626105,1.634564;1.627399;1.625650,1.692162;1.660734;1.656977,,threading,2026-10-04T02:18:55+00:00
M0c1-00140,M0c1,localc1,Windows,11,AMD64,AMD Ryzen 3 5300U with Radeon Graphics,amd,1,4,2600,20.8,3.14.6,CPython,1,spawn,2.5.3,text,text_csv_parse,2,55,0.0,seconds,normal,8741,74,1,4,2,3,0,0,0.00010257037046893381,0.9767700114221931,0.5314551762358076,0.03436664190969103,1.0121735433620083,14.2,0.1002926000073785,0.0010269999620504677,0.46207559999311343,0.8714428000093903,0.8735350000060862,0.8964408000028925,0.866789;0.871443;0.873375,0.873535;0.883555;0.873234,0.899008;0.893187;0.896441,,sequential,2026-10-04T02:19:05+00:00
M0c1-00141,M0c1,localc1,Windows,11,AMD64,AMD Ryzen 3 5300U with Radeon Graphics,amd,1,4,2600,20.8,3.14.6,CPython,1,spawn,2.5.3,big_result,result_records,47422,381204,0.0,seconds,big,148,381227,1,1,1,2,0,0,0.023974333331959013,0.9988678400332357,0.2858980952363382,1.465328198541109,1.372254090194898,13.6,0.23507600001175888,0.10570950001419988,0.21489370000199415,6.397414499995648,5.9039882000070065,14.25914229999762,6.397414;5.869871;6.653276,6.022893;5.903988;5.687745,14.259142;14.365133;14.245592,,threading,2026-10-04T02:20:25+00:00
M0c1-00142,M0c1,localc1,Windows,11,AMD64,AMD Ryzen 3 5300U with Radeon Graphics,amd,1,4,2600,20.8,3.14.6,CPython,1,spawn,2.5.3,gil_release,gil_numpy_matmul,96,1945,0.3,seconds,normal,46440,1967,1,2,0,2,0,1,6.759576497076568e-05,0.985511764611472,0.476984949327574,0.05954514108182421,1.0064132036815128,8.1,0.10056079999776557,0.001702600042335689,0.33582060001208447,3.049815700011095,3.0233309000032023,3.262982899992494,3.049816;3.018577;3.154680,3.027196;3.023331;3.012920,3.262983;3.217494;3.419269,,threading,2026-10-04T02:20:54+00:00
M0c1-00143,M0c1,localc1,Windows,11,AMD64,AMD Ryzen 3 5300U with Radeon Graphics,amd,1,4,2600,20.8,3.14.6,CPython,1,spawn,2.5.3,numpy,np_fft,608102,2890,0.0,ms,normal,8,2915,1,2,0,0,0,1,0.043939566666570805,0.9828939815150417,0.0037540807920521542,0.0002624818487740147,0.9838946660125177,4.3,0.26644030000898056,0.00027380000392440706,0.33582060001208447,0.3608959999983199,0.3511856999975862,0.36288850000710227,0.360896;0.349726;0.371091,0.351186;0.371404;0.350791,0.367797;0.362889;0.352031,,threading,2026-10-04T02:20:58+00:00
M0c1-00144,M0c1,localc1,Windows,11,AMD64,AMD Ryzen 3 5300U with Radeon Graphics,amd,1,4,2600,20.8,3.14.6,CPython,1,spawn,2.5.3,text,text_regex_findall,24,323,0.0,ms,normal,473,345,1,4,1,1,0,0,0.0003739423725272576,0.9990614799797617,0.08479250953370043,0.011806632446451044,0.9740044947253998,3.1,0.08987840000190772,0.0005374000465963036,0.46207559999311343,0.1762254000059329,0.177505999992718,0.18155539999133907,0.175864;0.176225;0.178051,0.178285;0.177506;0.177305,0.181555;0.246203;0.181551,,sequential,2026-10-04T02:21:01+00:00
M0c1-00145,M0c1,localc1,Windows,11,AMD64,AMD Ryzen 3 5300U with Radeon Graphics,amd,1,4,2600,20.8,3.14.6,CPython,1,spawn,2.5.3,cpu,cpu_sum_squares,36240,194,0.0,seconds,normal,188,214,1,2,1,2,0,0,0.0019423499996684347,0.9996599280656092,0.017351394283338508,0.0020027289197172434,1.0076029891300722,0.0,0.10093340001185425,0.00036150001687929034,0.33582060001208447,0.36694200000783894,0.3609582000062801,0.3625268999894615,0.375660;0.366942;0.363992,0.357577;0.361650;0.360958,0.364613;0.362527;0.359741,,threading,2026-10-04T02:21:05+00:00
M0c1-00146,M0c1,localc1,Windows,11,AMD64,AMD Ryzen 3 5300U with Radeon Graphics,amd,1,4,2600,20.8,3.14.6,CPython,1,spawn,2.5.3,cpu,cpu_count_primes,8548,1162,0.3,ms,normal,8,1185,1,4,2,4,0,0,0.006153800000902265,1.0,0.17430196191322483,0.0023833504384982484,1.2758462597662474,0.0,0.03456610000284854,0.00032789999386295676,0.46207559999311343,0.04616369999712333,0.04655820000334643,0.04704279999714345,0.046164;0.045200;0.047194,0.045611;0.046558;0.047184,0.047043;0.046956;0.047367,,sequential,2026-10-04T02:21:06+00:00
M0c1-00147,M0c1,localc1,Windows,11,AMD64,AMD Ryzen 3 5300U with Radeon Graphics,amd,1,4,2600,20.8,3.14.6,CPython,1,spawn,2.5.3,numpy,np_sort,4454,861,0.8,ms,normal,38,884,1,4,0,3,0,1,0.00015490000077988952,0.9699929623819243,0.7593074788427995,0.03148983918604555,0.5710781861459209,3.2,0.0036361999955261126,0.0002609999937703833,0.46207559999311343,0.004891699994914234,0.0051635000127134845,0.008164099999703467,0.004892;0.004935;0.004701,0.005555;0.005102;0.005164,0.008985;0.008160;0.008164,,sequential,2026-10-04T02:21:06+00:00
M0c1-00148,M0c1,localc1,Windows,11,AMD64,AMD Ryzen 3 5300U with Radeon Graphics,amd,1,4,2600,20.8,3.14.6,CPython,1,spawn,2.5.3,numpy,np_elementwise,15719,120,0.0,ms,normal,545,140,1,2,0,4,0,0,0.0003887705416680321,0.9742376487997975,0.19855212920850915,0.009285690048881658,1.019187194504348,8.1,0.09995720000006258,0.0005605001351796091,0.33582060001208447,0.20430430000124034,0.20442380000895355,0.20815359998960048,0.205190;0.203521;0.204304,0.204045;0.205685;0.204424,0.209265;0.208154;0.207275,,sequential,2026-10-04T02:21:09+00:00
M0c1-00149,M0c1,localc1,Windows,11,AMD64,AMD Ryzen 3 5300U with Radeon Graphics,amd,1,4,2600,20.8,3.14.6,CPython,1,spawn,2.5.3,tiny,tiny_dict_lookup,138,478,0.8,ms,normal,80702,500,1,2,0,1,0,0,3.950499230995774e-07,1.0,0.6588282157329041,9.251991997531718,0.6428630227606953,2.3,0.005799299993668683,0.002949200148577802,0.33582060001208447,0.024401100003160536,0.02917870000237599,0.1662613000080455,0.024317;0.024799;0.024401,0.028209;0.029572;0.029179,0.166261,,sequential,2026-10-04T02:21:10+00:00
M0c1-00150,M0c1,localc1,Windows,11,AMD64,AMD Ryzen 3 5300U with Radeon Graphics,amd,1,4,2600,20.8,3.14.6,CPython,1,spawn,2.5.3,big_result,result_sorted_pairs,20635,377,0.0,ms,normal,9,400,1,2,1,4,0,0,0.0101999333370865,0.995730236249087,0.040959623981052636,0.6837495672352205,1.0388621945214174,1.2,0.08135589999437798,0.021175699977902696,0.33582060001208447,0.10293440001260024,0.11010499999974854,0.1884630999993533,0.095397;0.103893;0.102934,0.105245;0.122142;0.110105,0.179052;0.192408;0.188463,,sequential,2026-10-04T02:21:11+00:00
M0c1-00151,M0c1,localc1,Windows,11,AMD64,AMD Ryzen 3 5300U with Radeon Graphics,amd,1,4,2600,20.8,3.14.6,CPython,1,spawn,2.5.3,cpu,cpu_sum_squares,2009,648,0.0,ms,normal,2477,671,1,2,1,2,0,0,8.818386503927087e-05,0.9915603601476968,0.22541017104892833,0.04655044904028581,0.9843569362454203,3.2,0.10179600000265054,0.0012985001230845228,0.33582060001208447,0.21788729999389034,0.2196503000013763,0.22820449998835102,0.217887;0.218402;0.214742,0.226869;0.219650;0.217302,0.228485;0.227568;0.228204,,sequential,2026-10-04T02:21:14+00:00
M0c1-00152,M0c1,localc1,Windows,11,AMD64,AMD Ryzen 3 5300U with Radeon Graphics,amd,1,4,2600,20.8,3.14.6,CPython,1,spawn,2.5.3,big_result,result_long_string,670,190,0.8,ms,normal,37,210,1,4,1,1,0,0,0.00035402222420088947,0.7865901553140375,0.7309659548765972,0.03502605145396797,1.2021371795072033,10.1,0.006288799995672889,0.0004046999820275232,0.46207559999311343,0.006608399999095127,0.007390999991912395,0.01039409999793861,0.006630;0.006590;0.006608,0.006824;0.007391;0.007640,0.011006;0.010394;0.010271,,sequential,2026-10-04T02:21:15+00:00
M0c1-00153,M0c1,localc1,Windows,11,AMD64,AMD Ryzen 3 5300U with Radeon Graphics,amd,1,4,2600,20.8,3.14.6,CPython,1,spawn,2.5.3,cpu,cpu_matmul_lists,24,459886,0.0,ms,big,48,459908,1,1,3,5,0,0,0.0009531833335737853,0.9972604417317043,0.06329100836163092,0.07099019187911759,0.9556080475236965,5.4,0.02438859999529086,0.0010623999842209741,0.21489370000199415,0.045555799995781854,0.04877629999828059,0.10119570000097156,0.044534;0.045556;0.052942,0.045835;0.051664;0.048776,0.102336;0.099782;0.101196,,sequential,2026-10-04T02:21:16+00:00
M0c1-00154,M0c1,localc1,Windows,11,AMD64,AMD Ryzen 3 5300U with Radeon Graphics,amd,1,4,2600,20.8,3.14.6,CPython,1,spawn,2.5.3,gil_release,gil_numpy_matmul,63,2113,0.3,seconds,normal,61089,2135,1,1,0,2,0,1,3.0993856790096884e-05,0.9984736967745198,0.3315723417530087,0.13115498875250947,1.0090867352567683,16.3,0.10126909999235068,0.0032215001265285537,0.21489370000199415,1.8106929000059608,1.8205721999984235,2.2569893000036245,1.803340;1.814346;1.810693,1.830534;1.816524;1.820572,2.256989;2.344190;2.253865,,sequential,2026-10-04T02:21:35+00:00
M0c1-00155,M0c1,localc1,Windows,11,AMD64,AMD Ryzen 3 5300U with Radeon Graphics,amd,1,4,2600,20.8,3.14.6,CPython,1,spawn,2.5.3,io,io_sleep_chunks,12700,263,0.0,ms,normal,8,286,1,1,1,1,1,0,0.01405456667028678,0.008834287712584004,0.0015421103682563904,0.0008822756722769162,1.4957757886794942,13.8,0.07070530000783037,0.00030499999411404133,0.21489370000199415,0.11291800001345109,0.11328989999310579,0.11365280000609346,0.112918;0.113452;0.112375,0.113290;0.112533;0.113824,0.113653;0.113878;0.113530,,sequential,2026-10-04T02:21:36+00:00
M0c1-00156,M0c1,localc1,Windows,11,AMD64,AMD Ryzen 3 5300U with Radeon Graphics,amd,1,4,2600,20.8,3.14.6,CPython,1,spawn,2.5.3,big_result,result_sorted_pairs,23041,905,0.8,seconds,normal,43,928,1,1,1,4,0,0,0.012497474999690894,0.9980757880430513,0.7157147633176726,0.8831383939946178,2.086177703542291,16.0,0.12427040000329725,0.04443080000055488,0.21489370000199415,0.6184862999944016,0.6265344999992521,1.220740000004298,0.629559;0.604105;0.618486,0.617623;0.627223;0.626534,1.176871;1.242433;1.220740,,sequential,2026-10-04T02:21:44+00:00
M0c1-00157,M0c1,localc1,Windows,11,AMD64,AMD Ryzen 3 5300U with Radeon Graphics,amd,1,4,2600,20.8,3.14.6,CPython,1,spawn,2.5.3,algo_iter,algo_game_of_life,3,86,0.8,seconds,normal,43,105,1,1,5,9,0,0,0.0043250499991700055,0.9940941651398764,0.4559650006040653,0.013250713827621925,0.8733558413998195,16.9,0.0905223999870941,0.0008360999927390367,0.21489370000199415,0.22624059999361634,0.22908170000300743,0.23267259998829104,0.227986;0.226241;0.221933,0.229082;0.233128;0.223805,0.234070;0.232673;0.231350,,sequential,2026-10-04T02:21:47+00:00
M0c1-00158,M0c1,localc1,Windows,11,AMD64,AMD Ryzen 3 5300U with Radeon Graphics,amd,1,4,2600,20.8,3.14.6,CPython,1,spawn,2.5.3,algo_rec,algo_merge_sort,314,1716,0.8,ms,normal,51,1738.5,1,4,1,10,0,0,0.0005572416666836943,1.0,0.42257070179382195,0.03776039311119049,0.8566468239995091,15.3,0.014922200003638864,0.0005013000045437366,0.46207559999311343,0.029561399991507642,0.030028799999854527,0.035961400004453026,0.029412;0.029561;0.029657,0.030029;0.030065;0.029982,0.035653;0.036396;0.035961,,sequential,2026-10-04T02:21:48+00:00
M0c1-00159,M0c1,localc1,Windows,11,AMD64,AMD Ryzen 3 5300U with Radeon Graphics,amd,1,4,2600,20.8,3.14.6,CPython,1,spawn,2.5.3,text,text_split_count,1,149,0.0,seconds,normal,71956,168,1,1,1,1,0,0,1.9199799644411542e-05,0.999725742716362,0.12422239588881329,0.18021018391777777,0.9875173960868993,13.3,0.08138070000859443,0.003321500727906823,0.21489370000199415,1.3622343999886652,1.38405849999981,1.4434849999961443,1.356991;1.362234;1.366440,1.384058;1.361372;1.388341,1.446478;1.437740;1.443485,,sequential,2026-10-04T02:22:01+00:00
M0c1-00160,M0c1,localc1,Windows,11,AMD64,AMD Ryzen 3 5300U with Radeon Graphics,amd,1,4,2600,20.8,3.14.6,CPython,1,spawn,2.5.3,text,text_csv_parse,6,227,0.8,ms,normal,36,246,1,1,2,3,0,0,0.0013095555558619606,1.0,0.3080453031594368,0.0036314276046298167,1.1532903149457334,17.4,0.02171010000165552,0.000378099997760728,0.21489370000199415,0.038348199988831766,0.03836569999111816,0.040134399998351,0.037958;0.038765;0.038348,0.038000;0.038366;0.039419,0.040134;0.040185;0.039349,,sequential,2026-10-04T02:22:02+00:00
M0c1-00161,M0c1,localc1,Windows,11,AMD64,AMD Ryzen 3 5300U with Radeon Graphics,amd,1,4,2600,20.8,3.14.6,CPython,1,spawn,2.5.3,algo_iter,algo_dijkstra,6182,347,0.3,ms,normal,8,370,1,1,2,15,0,0,0.028328666662370477,0.9988837634734156,0.032561109386083864,0.0005106724676235977,1.198935809606145,20.2,0.1547184999944875,0.0003042000171262771,0.21489370000199415,0.19705339999927673,0.19741190000786446,0.1745902999973623,0.198116;0.197053;0.194441,0.197340;0.198156;0.197412,0.178714;0.173952;0.174590,,multiprocessing,2026-10-04T02:22:04+00:00
M0c1-00162,M0c1,localc1,Windows,11,AMD64,AMD Ryzen 3 5300U with Radeon Graphics,amd,1,4,2600,20.8,3.14.6,CPython,1,spawn,2.5.3,algo_iter,algo_kmeans,21,253090,0.0,ms,big,54,253112,1,4,3,15,0,0,0.0005852615364486924,0.9987865872939771,0.15766115888451074,0.07418116715659652,0.8088177335540875,12.9,0.017547000010381453,0.0008158000418916345,0.46207559999311343,0.030014999996637926,0.030653000008896925,0.05901579999772366,0.031119;0.030015;0.029880,0.031371;0.030653;0.030587,0.062614;0.059016;0.057472,,sequential,2026-10-04T02:22:05+00:00
M0c1-00163,M0c1,localc1,Windows,11,AMD64,AMD Ryzen 3 5300U with Radeon Graphics,amd,1,4,2600,20.8,3.14.6,CPython,1,spawn,2.5.3,big_result,result_matrix_lists,182,23,0.3,ms,normal,8,42,1,4,2,5,0,0,0.004263300002397348,1.0,0.20615072900526957,0.24677284579465408,0.8045161441639909,13.9,0.029932000004919246,0.0033958999993046746,0.46207559999311343,0.029906199997640215,0.029245099998661317,0.041313699999591336,0.031243;0.029906;0.029055,0.029708;0.029100;0.029245,0.042373;0.041003;0.041314,,threading,2026-10-04T02:22:06+00:00
M0c1-00164,M0c1,localc1,Windows,11,AMD64,AMD Ryzen 3 5300U with Radeon Graphics,amd,1,4,2600,20.8,3.14.6,CPython,1,spawn,2.5.3,db,db_file_commit,3,455,0.0,ms,normal,8,477,1,4,1,0,1,0,0.012841400001586104,0.4849484203117597,0.06038569321388975,0.0007605613971016544,0.9715824050002777,18.6,0.07693429999926593,0.000264599992078729,0.46207559999311343,0.10108730000501964,0.06866319999971893,0.06872260000091046,0.101125;0.098453;0.101087,0.087714;0.066548;0.068663,0.116649;0.068723;0.068475,,threading,2026-10-04T02:22:08+00:00
M0c1-00165,M0c1,localc1,Windows,11,AMD64,AMD Ryzen 3 5300U with Radeon Graphics,amd,1,4,2600,20.8,3.14.6,CPython,1,spawn,2.5.3,algo_iter,algo_kmeans,162,20,0.3,seconds,normal,125,39,1,2,3,15,0,0,0.004112138463264832,0.9903787076071349,0.13581715018760024,0.001489024892528588,0.9776599281888021,17.1,0.10923460000776686,0.00031629999284632504,0.33582060001208447,0.48729350000212435,0.4937874000024749,0.49564579999423586,0.487294;0.485493;0.488959,0.494863;0.493787;0.488104,0.500136;0.495201;0.495646,,sequential,2026-10-04T02:22:13+00:00
M0c1-00166,M0c1,localc1,Windows,11,AMD64,AMD Ryzen 3 5300U with Radeon Graphics,amd,1,4,2600,20.8,3.14.6,CPython,1,spawn,2.5.3,gil_release,gil_sha256,5,27115,0.3,ms,normal,1521,27137,1,2,1,1,0,1,8.300947347858088e-05,0.9976227683359739,0.1886259087874425,0.12022725397548231,0.9754204759521237,13.3,0.06510929999058135,0.0010911000717896968,0.33582060001208447,0.12449740000010934,0.12644389999331906,0.2529498999938369,0.124111;0.126467;0.124497,0.129965;0.126444;0.125555,0.243164;0.252950;0.258637,,sequential,2026-10-04T02:22:15+00:00
M0c1-00167,M0c1,localc1,Windows,11,AMD64,AMD Ryzen 3 5300U with Radeon Graphics,amd,1,4,2600,20.8,3.14.6,CPython,1,spawn,2.5.3,db,db_file_commit,5,287354,0.8,seconds,big,42,287376,1,4,1,0,1,0,0.02513026667293161,0.569300653016272,0.2732792604190106,0.004301586002876727,1.2052379976414196,16.0,0.1485565999901155,0.0005840999656356871,0.46207559999311343,1.2287722999899415,0.8960561999992933,0.9670308000058867,1.228772;1.760009;1.196250,0.879511;0.907457;0.896056,0.967031;1.462740;0.888781,,threading,2026-10-04T02:22:26+00:00
M0c1-00168,M0c1,localc1,Windows,11,AMD64,AMD Ryzen 3 5300U with Radeon Graphics,amd,1,4,2600,20.8,3.14.6,CPython,1,spawn,2.5.3,algo_iter,algo_game_of_life,7,255,0.8,seconds,normal,17,274,1,1,5,9,0,0,0.010643975001585204,1.0,0.17329978301334278,0.00547492829441142,0.9430720278478828,0.0,0.08474180000484921,0.00043679999362211674,0.21489370000199415,0.22032880000188015,0.22098540001024958,0.22383830000762828,0.220329;0.217017;0.221375,0.221244;0.220985;0.218913,0.223838;0.224900;0.223454,,sequential,2026-10-04T02:22:28+00:00
M0c1-00169,M0c1,localc1,Windows,11,AMD64,AMD Ryzen 3 5300U with Radeon Graphics,amd,1,4,2600,20.8,3.14.6,CPython,1,spawn,2.5.3,algo_iter,algo_game_of_life,4,593271,0.0,seconds,big,150,593293,1,2,5,9,0,0,0.006793799999286421,0.9883847065709486,0.030291083257767974,0.0436813718655831,0.9842216765832311,3.9,0.11212689999956638,0.0028183999966131523,0.33582060001208447,1.0067563000047812,1.0169263999996474,1.2247440999926766,1.007718;1.006447;1.006756,1.012456;1.016926;1.018294,1.221694;1.232805;1.224744,,sequential,2026-10-04T02:22:39+00:00
M0c1-00170,M0c1,localc1,Windows,11,AMD64,AMD Ryzen 3 5300U with Radeon Graphics,amd,1,4,2600,20.8,3.14.6,CPython,1,spawn,2.5.3,numpy,np_sort,595362,2052,0.0,seconds,normal,101,2077,1,2,0,3,0,1,0.01918343333818484,0.9992749208054981,0.01574060537692577,0.0007263211161908207,0.9788442555455049,0.4,0.11608830001205206,0.00031189998844638467,0.33582060001208447,1.985513000006904,1.983000499996706,2.066477999993367,1.959529;1.987272;1.985513,1.983000;1.976170;2.001168,2.041436;2.066478;2.071869,,threading,2026-10-04T02:22:58+00:00
M0c1-00171,M0c1,localc1,Windows,11,AMD64,AMD Ryzen 3 5300U with Radeon Graphics,amd,1,4,2600,20.8,3.14.6,CPython,1,spawn,2.5.3,algo_rec,algo_lcs_memo,1,820,0.3,seconds,normal,311,842,1,1,1,10,0,0,0.003314850000606384,0.9896039796162576,0.07845290692568811,0.0013122772371089357,0.9618733089924608,17.1,0.10853949999727774,0.0003494999837130308,0.21489370000199415,1.028612099995371,1.0247840999945765,1.0159675000031712,1.028612;1.006863;1.126005,1.024485;1.024784;1.027752,1.015968;1.007944;1.016432,,multiprocessing,2026-10-04T02:23:08+00:00
M0c1-00172,M0c1,localc1,Windows,11,AMD64,AMD Ryzen 3 5300U with Radeon Graphics,amd,1,4,2600,20.8,3.14.6,CPython,1,spawn,2.5.3,tiny,tiny_add,6,317,0.8,ms,normal,200000,339,1,4,0,1,0,0,1.832999478210695e-07,1.0,1.8117077157457986,19.367167749929912,0.32173699925249505,13.2,0.005061199990450405,0.002790800092043355,0.46207559999311343,0.027953900003922172,0.03843369999958668,0.3229723999975249,0.026710;0.027968;0.027954,0.038439;0.038434;0.038007,0.322972,,sequential,2026-10-04T02:23:09+00:00
M0c1-00173,M0c1,localc1,Windows,11,AMD64,AMD Ryzen 3 5300U with Radeon Graphics,amd,1,4,2600,20.8,3.14.6,CPython,1,spawn,2.5.3,algo_rec,algo_merge_sort,7353,193874,0.0,seconds,big,204,193897,1,1,1,10,0,0,0.019153833335925203,0.9956320417827063,0.02966972822497612,0.029619832556282907,0.9814682056832167,17.1,0.1168269999907352,0.001961899979505688,0.21489370000199415,3.841357999990578,3.85581639999873,4.065863600000739,3.829321;3.841358;3.845081,3.867004;3.855816;3.855142,4.065864;4.061104;4.075726,,sequential,2026-10-04T02:23:45+00:00
M0c1-00174,M0c1,localc1,Windows,11,AMD64,AMD Ryzen 3 5300U with Radeon Graphics,amd,1,4,2600,20.8,3.14.6,CPython,1,spawn,2.5.3,mixed,mixed_hash_then_write,175,24770,0.3,seconds,normal,785,24792,1,2,1,3,1,0,0.0004405115048021935,0.9802832924361684,0.21452143626880685,0.022723579882044247,0.8557041874438189,15.2,0.10874349999357946,0.0009288999426644295,0.33582060001208447,0.3456142000068212,0.3345702000078745,0.40845999999146443,0.361536;0.322787;0.345614,0.350542;0.334570;0.331590,0.411651;0.408460;0.398037,,threading,2026-10-04T02:23:49+00:00
M0c1-00175,M0c1,localc1,Windows,11,AMD64,AMD Ryzen 3 5300U with Radeon Graphics,amd,1,4,2600,20.8,3.14.6,CPython,1,spawn,2.5.3,cpu,cpu_sum_squares,174066,114,0.0,ms,normal,8,136,1,1,1,2,0,0,0.011576333330594935,0.9979948176068274,0.04032272827924547,0.0010135619094158743,1.0054915102613713,13.3,0.06864189999760129,0.0002705000079004094,0.21489370000199415,0.08528389999992214,0.08570399999734946,0.0926300999999512,0.084812;0.085284;0.089586,0.087394;0.085549;0.085704,0.090759;0.092630;0.093580,,sequential,2026-10-04T02:23:50+00:00
M0c1-00176,M0c1,localc1,Windows,11,AMD64,AMD Ryzen 3 5300U with Radeon Graphics,amd,1,4,2600,20.8,3.14.6,CPython,1,spawn,2.5.3,db,db_mem_insert_select,15,278,0.3,ms,normal,127,300,1,1,1,1,1,0,0.00013086128972410676,0.9926838014157888,0.3793898558597481,0.02613454181393335,0.8597643577677692,20.5,0.008996600008686073,0.0003816000244114548,0.21489370000199415,0.013264400011394173,0.01371590000053402,0.01582559999951627,0.013264;0.013385;0.013183,0.013780;0.013493;0.013716,0.015977;0.015826;0.015711,,sequential,2026-10-04T02:23:51+00:00
M0c1-00177,M0c1,localc1,Windows,11,AMD64,AMD Ryzen 3 5300U with Radeon Graphics,amd,1,4,2600,20.8,3.14.6,CPython,1,spawn,2.5.3,tiny,tiny_dict_lookup,101,163,0.3,ms,normal,15454,182,1,1,0,1,0,0,3.845000173896551e-07,1.0,0.35971483850072833,10.208060208972306,0.5896162728629383,26.4,0.006265100004384294,0.0033799999655457214,0.21489370000199415,0.004275500003132038,0.004484000004595146,0.016165900000487454,0.003553;0.004276;0.004292,0.004457;0.004556;0.004484,0.016334;0.015063;0.016166,,sequential,2026-10-04T02:23:52+00:00
M0c1-00178,M0c1,localc1,Windows,11,AMD64,AMD Ryzen 3 5300U with Radeon Graphics,amd,1,4,2600,20.8,3.14.6,CPython,1,spawn,2.5.3,mixed,mixed_json_roundtrip,226,144625,0.8,seconds,big,144,144647.3,1,1,1,1,1,0,0.005094459997781087,0.8911107344342951,0.6290960138773292,0.007941960118291224,0.7616076726942255,13.4,0.1208450999984052,0.0006906000198796391,0.21489370000199415,0.9643497000070056,0.9700080000038724,1.0180073000083212,0.973370;0.964350;0.962618,0.981829;0.970008;0.965667,1.018007;1.018873;1.012840,,sequential,2026-10-04T02:24:01+00:00
M0c1-00179,M0c1,localc1,Windows,11,AMD64,AMD Ryzen 3 5300U with Radeon Graphics,amd,1,4,2600,20.8,3.14.6,CPython,1,spawn,2.5.3,algo_rec,algo_merge_sort,284,185,0.8,ms,normal,131,204.85,1,4,1,10,0,0,0.0005975218732601206,0.9985292768153623,0.37943874774450115,0.03526230684033818,1.0645751869118822,0.0,0.03748549999727402,0.000699000054737553,0.46207559999311343,0.07162450000760145,0.07206629999564029,0.07941990000836086,0.071625;0.071407;0.072600,0.072412;0.072044;0.072066,0.079420;0.079424;0.078320,,sequential,2026-10-04T02:24:02+00:00
M0c1-00180,M0c1,localc1,Windows,11,AMD64,AMD Ryzen 3 5300U with Radeon Graphics,amd,1,4,2600,20.8,3.14.6,CPython,1,spawn,2.5.3,tiny,tiny_dict_lookup,29,74,0.0,seconds,normal,200000,93,1,1,0,1,0,0,2.524001756682992e-07,1.0,0.7639939363294981,13.589527771077085,0.4075514036316603,2.7,0.005339099996490404,0.00281569964135997,0.21489370000199415,0.038740299991331995,0.048603200004436076,0.20086919999448583,0.038558;0.038740;0.039210,0.048603;0.049880;0.048373,0.200869,,sequential,2026-10-04T02:24:03+00:00
M0c1-00181,M0c1,localc1,Windows,11,AMD64,AMD Ryzen 3 5300U with Radeon Graphics,amd,1,4,2600,20.8,3.14.6,CPython,1,spawn,2.5.3,numpy,np_elementwise,7589,196,0.0,ms,normal,84,216,1,2,0,4,0,0,0.00019646190672314594,0.9942963038496362,0.11009686013583404,0.01748430903082743,0.8654267065368042,9.7,0.009154700004728511,0.0003010999644175172,0.33582060001208447,0.016044699994381517,0.0164842999947723,0.049590800001169555,0.016149;0.016045;0.015986,0.016484;0.016629;0.016481,0.049684;0.049591;0.048864,,sequential,2026-10-04T02:24:04+00:00
M0c1-00182,M0c1,localc1,Windows,11,AMD64,AMD Ryzen 3 5300U with Radeon Graphics,amd,1,4,2600,20.8,3.14.6,CPython,1,spawn,2.5.3,algo_iter,algo_kmeans,295,970,0.3,seconds,normal,240,992.8571428571429,1,2,3,15,0,0,0.007743228571988376,0.98452374833701,0.16547920514960363,0.0010184013001313897,0.9599693205070521,0.4,0.10957539999799337,0.00028700000257231295,0.33582060001208447,1.7179816999996547,1.7122337000037078,1.7293688999925507,1.732749;1.717982;1.707944,1.711496;1.712234;1.714490,1.727363;1.730017;1.729369,,threading,2026-10-04T02:24:20+00:00
M0c1-00183,M0c1,localc1,Windows,11,AMD64,AMD Ryzen 3 5300U with Radeon Graphics,amd,1,4,2600,20.8,3.14.6,CPython,1,spawn,2.5.3,gil_release,gil_sha256,17,225528,0.3,seconds,big,499,225550,1,4,1,1,0,1,0.0020881039986852556,0.9981979058285338,0.1872748000630083,0.01578225985671258,0.9325481438452352,2.3,0.10839629999827594,0.0010111000301549211,0.46207559999311343,1.0838751999981469,1.072130999993533,1.3355597000045236,1.074856;1.083875;1.085524,1.073411;1.072131;1.071795,1.332082;1.342846;1.335560,,threading,2026-10-04T02:24:32+00:00
M0c1-00184,M0c1,localc1,Windows,11,AMD64,AMD Ryzen 3 5300U with Radeon Graphics,amd,1,4,2600,20.8,3.14.6,CPython,1,spawn,2.5.3,io,io_file_roundtrip,3,126,0.0,ms,normal,8,145,1,4,1,0,1,0,0.01631229999475181,0.20206788390737723,0.07284483333430877,0.0012608073697517516,1.3303065486950179,13.3,0.08510820000083186,0.00028350001957733184,0.46207559999311343,0.08601459999044891,0.04031060000124853,0.04896990000270307,0.092847;0.084223;0.086015,0.040311;0.046231;0.036574,0.073997;0.048970;0.037240,,threading,2026-10-04T02:24:33+00:00
M0c1-00185,M0c1,localc1,Windows,11,AMD64,AMD Ryzen 3 5300U with Radeon Graphics,amd,1,4,2600,20.8,3.14.6,CPython,1,spawn,2.5.3,gil_release,gil_bz2,8,300000,0.8,seconds,big,666,300022,1,4,0,1,0,1,0.0017022433341480792,0.9883486543106536,0.3496743647425033,0.027622373276903728,1.071052663735075,14.0,0.10014830000000075,0.0013242999702924863,0.46207559999311343,1.0763649000000441,1.0779881000053138,1.7125761000061175,1.076365;1.077176;1.066406,1.077988;1.084564;1.073350,1.681137;1.712576;1.749732,,sequential,2026-10-04T02:24:46+00:00
M0c1-00186,M0c1,localc1,Windows,11,AMD64,AMD Ryzen 3 5300U with Radeon Graphics,amd,1,4,2600,20.8,3.14.6,CPython,1,spawn,2.5.3,recursive,rec_tree_sum,2390,763833,0.3,seconds,big,261,763856,1,4,0,4,0,0,0.0011420159082097764,0.9770197437647239,0.29631726714022144,0.2664805259720545,0.5921629168080687,15.6,0.14082240000425372,0.006552500039106235,0.46207559999311343,0.28743569999642204,0.2874574000015855,0.785559199997806,0.284240;0.293101;0.287436,0.287457;0.287283;0.314452,0.785559;0.762797;0.833894,,sequential,2026-10-04T02:24:51+00:00
M0c1-00187,M0c1,localc1,Windows,11,AMD64,AMD Ryzen 3 5300U with Radeon Graphics,amd,1,4,2600,20.8,3.14.6,CPython,1,spawn,2.5.3,io,io_file_roundtrip,1,124805,0.8,seconds,big,37,124827,1,1,1,0,1,0,0.016982650002319133,0.12898618868579828,0.423264178808903,0.001988794594270317,3.381845193694296,15.6,0.09115849999943748,0.0003612999862525612,0.21489370000199415,0.42765769999823533,0.4470627999980934,0.4379880999913439,0.427932;0.427658;0.420516,0.438175;0.451187;0.447063,0.438493;0.437988;0.435666,,sequential,2026-10-04T02:24:56+00:00
M0c1-00188,M0c1,localc1,Windows,11,AMD64,AMD Ryzen 3 5300U with Radeon Graphics,amd,1,4,2600,20.8,3.14.6,CPython,1,spawn,2.5.3,io,io_sleep_return_payload,2009,39824,0.0,seconds,normal,419,39847,1,4,0,1,1,0,0.0025050450007256587,0.015282623284324146,0.04853872438646964,0.007674512597067979,1.9496407761253458,15.9,0.07670950000465382,0.0008266999939223751,0.46207559999311343,1.0529746999964118,0.2718548999982886,0.333114300010493,1.048566;1.052975;1.054726,0.273367;0.268883;0.271855,0.343008;0.333114;0.332141,,threading,2026-10-04T02:25:01+00:00
M0c1-00189,M0c1,localc1,Windows,11,AMD64,AMD Ryzen 3 5300U with Radeon Graphics,amd,1,4,2600,20.8,3.14.6,CPython,1,spawn,2.5.3,db,db_file_commit,3,157828,0.3,seconds,big,45,157850,1,1,1,0,1,0,0.01770839999759725,0.5399822102408502,0.09051934571832826,0.0022249327594138007,1.6877684978205065,15.1,0.08691889999317937,0.0003505999920889735,0.21489370000199415,0.7134401999937836,0.6599725999985822,0.6953033000027062,0.697919;0.792163;0.713440,0.653764;0.659973;0.663601,0.695303;0.702002;0.654447,,threading,2026-10-04T02:25:08+00:00
M0c1-00190,M0c1,localc1,Windows,11,AMD64,AMD Ryzen 3 5300U with Radeon Graphics,amd,1,4,2600,20.8,3.14.6,CPython,1,spawn,2.5.3,cpu,cpu_collatz,1826,149349,0.8,ms,big,8,149372,1,2,2,5,0,0,0.0064371666715790825,1.0,0.6857295194987683,0.009719596533545184,0.6961762678461424,18.0,0.034055500000249594,0.00038889999268576503,0.33582060001208447,0.04123109999636654,0.04159829999844078,0.04459320000023581,0.040967;0.041354;0.041231,0.042889;0.041171;0.041598,0.045519;0.044593;0.044109,,sequential,2026-10-04T02:25:09+00:00
M0c1-00191,M0c1,localc1,Windows,11,AMD64,AMD Ryzen 3 5300U with Radeon Graphics,amd,1,4,2600,20.8,3.14.6,CPython,1,spawn,2.5.3,numpy,np_linalg_solve,200,2304,0.0,ms,normal,56,2326,1,2,0,3,0,1,0.0003839428578170815,1.0,0.3364991160871025,0.011367021511548949,0.7994093672464466,14.5,0.011896399999386631,0.00030059998971410096,0.33582060001208447,0.019116799987386912,0.0201536000095075,0.054900099989026785,0.019117;0.018813;0.019476,0.019843;0.020618;0.020154,0.054900;0.053694;0.055844,,sequential,2026-10-04T02:25:10+00:00
M0c1-00192,M0c1,localc1,Windows,11,AMD64,AMD Ryzen 3 5300U with Radeon Graphics,amd,1,4,2600,20.8,3.14.6,CPython,1,spawn,2.5.3,tiny,tiny_add,9,21,0.0,ms,normal,200000,40,1,2,0,1,0,0,2.106001047650352e-07,1.0,0.23202127215082635,22.886972787862963,0.3075591657529156,14.8,0.006084799999371171,0.0034853997931350023,0.33582060001208447,0.024084700009552762,0.03894369999761693,0.15200950000144076,0.024085;0.023636;0.024089,0.039203;0.038944;0.038422,0.152010,,sequential,2026-10-04T02:25:11+00:00
M0c1-00193,M0c1,localc1,Windows,11,AMD64,AMD Ryzen 3 5300U with Radeon Graphics,amd,1,4,2600,20.8,3.14.6,CPython,1,spawn,2.5.3,numpy,np_linalg_solve,228,2862,0.8,ms,normal,8,2884.6666666666665,1,2,0,3,0,1,0.001293500002551203,1.0,0.5758312217566477,0.010746037185927726,0.34334251580534475,21.1,0.012666000009630807,0.00025740001001395285,0.33582060001208447,0.015124900004593655,0.015507000003708526,0.049527600000146776,0.015125;0.014667;0.015141,0.015485;0.015518;0.015507,0.049528;0.048399;0.050327,,sequential,2026-10-04T02:25:12+00:00
M0c1-00194,M0c1,localc1,Windows,11,AMD64,AMD Ryzen 3 5300U with Radeon Graphics,amd,1,4,2600,20.8,3.14.6,CPython,1,spawn,2.5.3,db,db_mem_group_by,14,51,0.3,ms,normal,120,70,1,1,1,2,1,0,0.00014345333377908294,0.9970366396761868,0.3464043211052425,0.02206291954490025,0.9071572167527207,16.7,0.009207899987814017,0.0003266999847255647,0.21489370000199415,0.014044600000488572,0.014316500004497357,0.01615009999659378,0.013983;0.014045;0.014110,0.014490;0.014271;0.014317,0.016043;0.016150;0.016372,,sequential,2026-10-04T02:25:12+00:00
M0c1-00195,M0c1,localc1,Windows,11,AMD64,AMD Ryzen 3 5300U with Radeon Graphics,amd,1,4,2600,20.8,3.14.6,CPython,1,spawn,2.5.3,recursive,rec_nqueens,3,28,0.8,seconds,normal,1508,47,1,1,1,10,0,0,0.0004774660378901007,0.9899774962799259,0.4541674535757034,0.007539801263875559,0.9355217865313603,12.2,0.10500999999931082,0.0005051999760325998,0.21489370000199415,0.715541800003848,0.7184550999954809,0.7350818999984767,0.714204;0.715542;0.716898,0.745491;0.714856;0.718455,0.744361;0.732686;0.735082,,sequential,2026-10-04T02:25:20+00:00
M0c1-00196,M0c1,localc1,Windows,11,AMD64,AMD Ryzen 3 5300U with Radeon Graphics,amd,1,4,2600,20.8,3.14.6,CPython,1,spawn,2.5.3,cpu,cpu_collatz,1928,406,0.0,seconds,normal,99,429,1,4,2,5,0,0,0.010761519998777658,0.9896210689127632,0.03354421235126042,0.0007117956413788577,0.9996707603528016,14.1,0.10773930000141263,0.0002612000098451972,0.46207559999311343,1.0394913000054657,1.0481997000024421,1.052852900000289,1.042525;1.036751;1.039491,1.043582;1.048200;1.059516,1.049103;1.061541;1.052853,,sequential,2026-10-04T02:25:30+00:00
M0c1-00197,M0c1,localc1,Windows,11,AMD64,AMD Ryzen 3 5300U with Radeon Graphics,amd,1,4,2600,20.8,3.14.6,CPython,1,spawn,2.5.3,db,db_mem_insert_select,41,45,0.3,ms,normal,298,64,1,1,1,1,1,0,0.0001318554047454224,1.0,0.2634726210807409,0.025254936624256045,0.9167975843033256,14.4,0.020672700004070066,0.0004460000491235405,0.21489370000199415,0.03676940000150353,0.03725159999157768,0.03991559999121819,0.036769;0.037288;0.036720,0.037534;0.037252;0.037222,0.040116;0.039814;0.039916,,sequential,2026-10-04T02:25:30+00:00
M0c1-00198,M0c1,localc1,Windows,11,AMD64,AMD Ryzen 3 5300U with Radeon Graphics,amd,1,4,2600,20.8,3.14.6,CPython,1,spawn,2.5.3,gil_release,gil_sha256,4,5467,0.0,seconds,normal,36583,5489,1,2,1,1,0,1,1.7004950015689246e-05,0.9938117753136358,0.3279494708616285,0.35019212054612325,0.9330675244290543,13.7,0.0748773999948753,0.003573699956177734,0.33582060001208447,0.6111756000027526,0.6211010999977589,1.3037882000062382,0.611176;0.612994;0.603783,0.624031;0.621101;0.610889,1.300906;1.333104;1.303788,,sequential,2026-10-04T02:25:39+00:00
M0c1-00199,M0c1,localc1,Windows,11,AMD64,AMD Ryzen 3 5300U with Radeon Graphics,amd,1,4,2600,20.8,3.14.6,CPython,1,spawn,2.5.3,db,db_file_lookup,76,900652,0.8,seconds,big,222,900674,1,1,1,5,1,0,0.0037330499981180765,0.9982266207871391,0.41655480931329353,0.09695442436526665,0.5123317566565495,7.6,0.15263310000591446,0.005450600030599162,0.21489370000199415,0.887523900004453,0.8958580000034999,1.4019795999920461,0.887524;0.883821;0.889577,0.923999;0.895858;0.885391,1.396459;1.414549;1.401980,,sequential,2026-10-04T02:25:50+00:00
M0c1-00200,M0c1,localc1,Windows,11,AMD64,AMD Ryzen 3 5300U with Radeon Graphics,amd,1,4,2600,20.8,3.14.6,CPython,1,spawn,2.5.3,db,db_mem_group_by,2456,157195,0.0,seconds,big,503,157218,1,2,1,2,1,0,0.003044723528813954,0.9988169759150085,0.1136808289646599,0.009076454302043865,0.9879868943788855,3.5,0.10372460000507999,0.0007572000176878646,0.33582060001208447,1.469566700005089,1.4768450999981724,1.6749099000007845,1.469567;1.469408;1.490603,1.476845;1.473596;1.501949,1.674910;1.671028;1.676661,,sequential,2026-10-04T02:26:05+00:00
M0c1-00201,M0c1,localc1,Windows,11,AMD64,AMD Ryzen 3 5300U with Radeon Graphics,amd,1,4,2600,20.8,3.14.6,CPython,1,spawn,2.5.3,gil_release,gil_zlib,10,19405,0.0,seconds,normal,398,19427,1,2,1,1,0,1,0.004086169231763611,1.0,0.05153515087156837,0.002242084745285554,0.9813203061872335,19.9,0.10691109999606851,0.00039009998727124184,0.33582060001208447,1.6211468999972567,1.6237133999966318,1.6429339000023901,1.624104;1.621147;1.616529,1.622885;1.625464;1.623713,1.646056;1.642934;1.637144,,sequential,2026-10-04T02:26:20+00:00
M0c1-00202,M0c1,localc1,Windows,11,AMD64,AMD Ryzen 3 5300U with Radeon Graphics,amd,1,4,2600,20.8,3.14.6,CPython,1,spawn,2.5.3,recursive,rec_nqueens,11,751309,0.0,seconds,big,266,751331,1,4,1,10,0,0,0.0017662000007413585,1.0,0.04457019231822237,0.16349790506264802,0.9926658396987704,16.0,0.10891129999072291,0.0061749999586027116,0.46207559999311343,0.4644620000035502,0.4685296000097878,0.967253199996776,0.464462;0.462237;0.467107,0.468530;0.471121;0.468501,0.964217;0.980309;0.967253,,sequential,2026-10-04T02:26:27+00:00
M0c1-00203,M0c1,localc1,Windows,11,AMD64,AMD Ryzen 3 5300U with Radeon Graphics,amd,1,4,2600,20.8,3.14.6,CPython,1,spawn,2.5.3,algo_iter,algo_edit_distance,153,414,0.8,ms,normal,150,436.05,1,4,2,16,0,0,4.6002702170831934e-05,1.0,0.465106981803318,0.08216906340244146,0.8220943033123898,17.9,0.00422190000244882,0.00035530002787709236,0.46207559999311343,0.005545499996514991,0.0058646999968914315,0.009150199999567121,0.005505;0.005545;0.005702,0.005865;0.005773;0.006081,0.009150;0.040399;0.008963,,sequential,2026-10-04T02:26:28+00:00
M0c1-00204,M0c1,localc1,Windows,11,AMD64,AMD Ryzen 3 5300U with Radeon Graphics,amd,1,4,2600,20.8,3.14.6,CPython,1,spawn,2.5.3,recursive,rec_nqueens,6,39,0.3,seconds,normal,250,58,1,2,1,10,0,0,0.0009936490213137813,0.9891441224232437,0.2154143076964159,0.0037437765950417154,0.9871437659262362,17.8,0.10174830000323709,0.00042299990309402347,0.33582060001208447,0.24040439999953378,0.24119380000047386,0.2514587999903597,0.240404;0.239837;0.240990,0.242715;0.241194;0.240708,0.251175;0.251459;0.317787,,sequential,2026-10-04T02:26:30+00:00
M0c1-00205,M0c1,localc1,Windows,11,AMD64,AMD Ryzen 3 5300U with Radeon Graphics,amd,1,4,2600,20.8,3.14.6,CPython,1,spawn,2.5.3,io,io_sleep_chunks,1022,753,0.3,ms,normal,8,776,1,4,1,1,1,0,0.0026257333326308676,0.03061794304629158,0.0849032109947326,0.004747879164392568,1.5858192250942948,13.6,0.012884499999927357,0.0002562000008765608,0.46207559999311343,0.018678400010685436,0.004629500006558374,0.007099900001776405,0.017856;0.020211;0.018678,0.004818;0.004630;0.004568,0.007099;0.007331;0.007100,,threading,2026-10-04T02:26:31+00:00
M0c1-00206,M0c1,localc1,Windows,11,AMD64,AMD Ryzen 3 5300U with Radeon Graphics,amd,1,4,2600,20.8,3.14.6,CPython,1,spawn,2.5.3,numpy,np_linalg_solve,319,1877572,0.3,seconds,big,106,1877594.6666666667,1,1,0,3,0,1,0.009091516665648669,0.9964653558699743,0.10423022739795211,0.09016097438957035,0.9893891140139442,17.7,0.11397640001086984,0.005284600018057972,0.21489370000199415,1.0135139000049094,1.015919199999189,1.546771200009971,1.002540;1.013514;1.030145,1.015919;1.018019;1.013511,1.559456;1.511294;1.546771,,sequential,2026-10-04T02:26:43+00:00
M0c1-00207,M0c1,localc1,Windows,11,AMD64,AMD Ryzen 3 5300U with Radeon Graphics,amd,1,4,2600,20.8,3.14.6,CPython,1,spawn,2.5.3,tiny,tiny_small_loop,51,154729,0.8,seconds,big,1292,154751,1,4,0,0,0,0,9.678018383174304e-07,1.0,0.23186822682166836,33.03878871735897,0.3226503133874435,20.8,0.003101599999354221,0.0015727000136394054,0.46207559999311343,0.0007403999916277826,0.0009664999961387366,0.5330012000049464,0.000836;0.000595;0.000740,0.001109;0.000881;0.000966,0.533001,,sequential,2026-10-04T02:26:45+00:00
M0c1-00208,M0c1,localc1,Windows,11,AMD64,AMD Ryzen 3 5300U with Radeon Graphics,amd,1,4,2600,20.8,3.14.6,CPython,1,spawn,2.5.3,mixed,mixed_compute_then_sleep,99447,516,0.3,seconds,normal,83,541,1,2,1,3,1,0,0.006509349996122182,0.6296589723677903,0.15504524454419163,0.0009428746745641679,1.4580745762216318,23.2,0.08870809999643825,0.00032290002855006605,0.33582060001208447,0.5634191000135615,0.3479631999944104,0.3571131000062451,0.563419;0.556473;0.563862,0.347963;0.349574;0.346576,0.357113;0.347872;0.358344,,threading,2026-10-04T02:26:49+00:00
M0c1-00209,M0c1,localc1,Windows,11,AMD64,AMD Ryzen 3 5300U with Radeon Graphics,amd,1,4,2600,20.8,3.14.6,CPython,1,spawn,2.5.3,io,io_sleep,4710,840,0.3,ms,normal,8,863,1,4,0,1,1,0,0.005577833333518356,0.009563548756497417,0.11043601758237512,0.0024800556016301707,1.8500765405205206,19.7,0.026859700010390952,0.00032040000951383263,0.46207559999311343,0.042805199991562404,0.01261430000886321,0.013343099999474362,0.042671;0.042963;0.042805,0.012746;0.012558;0.012614,0.013343;0.013025;0.013402,,threading,2026-10-04T02:26:50+00:00
M0c1-00210,M0c1,localc1,Windows,11,AMD64,AMD Ryzen 3 5300U with Radeon Graphics,amd,1,4,2600,20.8,3.14.6,CPython,1,spawn,2.5.3,cpu,cpu_count_primes,1957,386125,0.0,ms,big,216,386148,1,4,2,4,0,0,0.0008171370381778279,0.9989677116735827,0.07913810019253678,0.07291922518003065,0.9923792645808593,18.0,0.08991890000470448,0.0016134999314090237,0.46207559999311343,0.16999520000535995,0.17310649999126326,0.3624850000051083,0.169609;0.169995;0.171411,0.172959;0.173106;0.174048,0.362485;0.356041;0.372283,,sequential,2026-10-04T02:26:53+00:00
M0c1-00211,M0c1,localc1,Windows,11,AMD64,AMD Ryzen 3 5300U with Radeon Graphics,amd,1,4,2600,20.8,3.14.6,CPython,1,spawn,2.5.3,algo_iter,algo_edit_distance,3855,1848,0.0,ms,normal,114,1871,1,2,2,16,0,0,0.0008988214290833899,0.9998208107863064,0.10509770145097795,0.004528150804020174,0.9953033680826644,14.3,0.05046060000313446,0.0003577999887056649,0.33582060001208447,0.09934670000802726,0.09833690000232309,0.10105050000129268,0.099347;0.098884;0.100794,0.098202;0.098337;0.098800,0.102918;0.101051;0.101020,,threading,2026-10-04T02:26:54+00:00
M0c1-00212,M0c1,localc1,Windows,11,AMD64,AMD Ryzen 3 5300U with Radeon Graphics,amd,1,4,2600,20.8,3.14.6,CPython,1,spawn,2.5.3,recursive,rec_quicksort,293,153165,0.3,ms,big,133,153187.65,1,4,1,8,0,0,0.0003653999993923318,0.991615903965428,0.22179468603806204,0.06867816228066548,0.9684466159464912,16.8,0.02538039999490138,0.0008240000170189887,0.46207559999311343,0.04753160000836942,0.04765529998985585,0.09824829999706708,0.047532;0.046320;0.047675,0.046988;0.047655;0.048120,0.097672;0.098248;0.099118,,sequential,2026-10-04T02:26:55+00:00
M0c1-00213,M0c1,localc1,Windows,11,AMD64,AMD Ryzen 3 5300U with Radeon Graphics,amd,1,4,2600,20.8,3.14.6,CPython,1,spawn,2.5.3,io,io_sleep,230,185179,0.0,ms,big,41,185201,1,2,0,1,1,0,0.0006228499987628311,0.03900859182403774,0.17702249674389992,0.06044793638491876,1.7812986378543458,15.6,0.010570200000074692,0.0007110000151442364,0.33582060001208447,0.023228499994729646,0.013658399999258108,0.025913300007232465,0.023228;0.023611;0.022400,0.013430;0.014505;0.013658,0.025913;0.025991;0.025797,,threading,2026-10-04T02:26:56+00:00
M0c1-00214,M0c1,localc1,Windows,11,AMD64,AMD Ryzen 3 5300U with Radeon Graphics,amd,1,4,2600,20.8,3.14.6,CPython,1,spawn,2.5.3,cpu,cpu_sum_squares,12571,30,0.3,seconds,normal,386,50,1,4,1,2,0,0,0.0006222654319796596,1.0,0.18476854448791202,0.006066542422053441,0.9735665960817796,13.3,0.10260630000266246,0.00047920002543833107,0.46207559999311343,0.24015240000153426,0.24128769998787902,0.24756129999877885,0.240152;0.241293;0.238377,0.245747;0.239792;0.241288,0.250636;0.246924;0.247561,,sequential,2026-10-04T02:26:59+00:00
M0c1-00215,M0c1,localc1,Windows,11,AMD64,AMD Ryzen 3 5300U with Radeon Graphics,amd,1,4,2600,20.8,3.14.6,CPython,1,spawn,2.5.3,gil_release,gil_numpy_matmul,44,60897,0.0,seconds,normal,3284,60919,1,4,0,2,0,1,7.223959268206999e-05,0.994391537970222,0.28257968637342246,0.21560200088291243,0.9898454873592756,16.5,0.10166169999865815,0.0019396998250158504,0.46207559999311343,0.24360010000236798,0.24199540000699926,0.8838457999954699,0.236081;0.258757;0.243600,0.241241;0.241995;0.265540,0.894840;0.883846;0.851331,,threading,2026-10-04T02:27:04+00:00
M0c1-00216,M0c1,localc1,Windows,11,AMD64,AMD Ryzen 3 5300U with Radeon Graphics,amd,1,4,2600,20.8,3.14.6,CPython,1,spawn,2.5.3,numpy,np_elementwise,770130,357520,0.0,ms,big,8,357554,1,4,0,4,0,0,0.039188899997194916,0.9902559849147606,0.13859556907347448,0.006146298243130712,1.0802707006656123,14.1,0.23318310000468045,0.0011042000114684924,0.46207559999311343,0.28621900000143796,0.2919411000038963,0.28990909999993164,0.284551;0.327529;0.286219,0.291941;0.279620;0.340462,0.289909;0.287116;0.290365,,sequential,2026-10-04T02:27:08+00:00
M0c1-00217,M0c1,localc1,Windows,11,AMD64,AMD Ryzen 3 5300U with Radeon Graphics,amd,1,4,2600,20.8,3.14.6,CPython,1,spawn,2.5.3,algo_iter,algo_game_of_life,8,141,0.0,seconds,normal,238,160,1,4,5,9,0,0,0.013196249998145504,0.9987152425186857,0.016155882272045553,0.004834706702622548,0.9751231171166621,16.9,0.10702570001012646,0.0005156000115675852,0.46207559999311343,3.1395404000068083,3.145672899991041,3.175549699997646,3.138223;3.140766;3.139540,3.168998;3.142386;3.145673,3.173473;3.175550;3.179492,,sequential,2026-10-04T02:27:37+00:00
M0c1-00218,M0c1,localc1,Windows,11,AMD64,AMD Ryzen 3 5300U with Radeon Graphics,amd,1,4,2600,20.8,3.14.6,CPython,1,spawn,2.5.3,gil_release,gil_bz2,41,300000,0.0,seconds,big,94,300022,1,1,0,1,0,1,0.0050963799993041905,0.9749468333598535,0.09344550274198658,0.01168084055536398,1.0152172573331941,17.8,0.10167879999789875,0.0008941000123741105,0.21489370000199415,0.4592918999987887,0.46179049999045674,0.526133999999729,0.459292;0.459198;0.459991,0.461790;0.462110;0.457639,0.526134;0.525151;0.530235,,sequential,2026-10-04T02:27:42+00:00
M0c1-00219,M0c1,localc1,Windows,11,AMD64,AMD Ryzen 3 5300U with Radeon Graphics,amd,1,4,2600,20.8,3.14.6,CPython,1,spawn,2.5.3,text,text_regex_findall,8,511,0.3,ms,normal,32,533,1,2,1,1,0,0,0.00023688749752182048,1.0,0.24169290471226418,0.023798213624344613,0.8425367379578876,16.1,0.004502799987676553,0.0002347999979974702,0.33582060001208447,0.0059923000080743805,0.006247800003620796,0.03984840000339318,0.005985;0.005992;0.006049,0.006254;0.006244;0.006248,0.039848,,sequential,2026-10-04T02:27:42+00:00
M0c1-00220,M0c1,localc1,Windows,11,AMD64,AMD Ryzen 3 5300U with Radeon Graphics,amd,1,4,2600,20.8,3.14.6,CPython,1,spawn,2.5.3,io,io_file_roundtrip,1,117904,0.0,seconds,big,173,117926,1,4,1,0,1,0,0.00935738333403909,0.15228446104398605,0.08006066113715576,0.003093813850239952,1.6769269250359535,15.1,0.08990560000529513,0.0004890999989584088,0.46207559999311343,1.7248097999981837,0.6463329999969574,0.6629469000035897,1.724810;1.726136;1.664056,0.646333;0.628427;0.671639,0.702429;0.657779;0.662947,,threading,2026-10-04T02:27:52+00:00
M0c1-00221,M0c1,localc1,Windows,11,AMD64,AMD Ryzen 3 5300U with Radeon Graphics,amd,1,4,2600,20.8,3.14.6,CPython,1,spawn,2.5.3,text,text_split_count,3,2997,0.3,ms,normal,156,3019,1,1,1,1,0,0,0.0006704666668202919,0.9961877086075657,0.2276297290888262,0.006070398284932449,0.9029308430828633,16.5,0.05501229999936186,0.0005286999949021265,0.21489370000199415,0.10463410000375006,0.10365770000498742,0.10584930000186432,0.106329;0.104634;0.102179,0.103357;0.104525;0.103658,0.106183;0.105849;0.104898,,threading,2026-10-04T02:27:53+00:00
M0c1-00222,M0c1,localc1,Windows,11,AMD64,AMD Ryzen 3 5300U with Radeon Graphics,amd,1,4,2600,20.8,3.14.6,CPython,1,spawn,2.5.3,big_result,result_matrix_lists,151,28,0.3,ms,normal,53,47,1,2,2,5,0,0,0.0025685384618834807,1.0,0.32529451914379115,0.27620316800498207,0.860667578035466,14.1,0.08247929999197368,0.009522799984551966,0.33582060001208447,0.14964570000302047,0.15243840000766795,0.19131589999597054,0.146863;0.149646;0.151049,0.152438;0.148943;0.153171,0.190437;0.193199;0.191316,,sequential,2026-10-04T02:27:56+00:00
M0c1-00223,M0c1,localc1,Windows,11,AMD64,AMD Ryzen 3 5300U with Radeon Graphics,amd,1,4,2600,20.8,3.14.6,CPython,1,spawn,2.5.3,big_result,result_long_string,571,53,0.3,seconds,normal,2361,73,1,1,1,1,0,0,0.0001372324172784779,1.0,0.1848438317417986,0.0518463369905424,1.0105542012960342,13.0,0.10055210000427905,0.0010098001221194863,0.21489370000199415,0.31504210000275634,0.31613829999696463,0.4312574999930803,0.315042;0.313585;0.321482,0.319896;0.313636;0.316138,0.438999;0.431257;0.427034,,sequential,2026-10-04T02:27:59+00:00
M0c1-00224,M0c1,localc1,Windows,11,AMD64,AMD Ryzen 3 5300U with Radeon Graphics,amd,1,4,2600,20.8,3.14.6,CPython,1,spawn,2.5.3,mixed,mixed_hash_then_write,1147,31228,0.3,ms,normal,395,31251,1,1,1,3,1,0,0.0005080469388619293,0.9957680539999153,0.17054391866533358,0.023186831468072565,1.0342870069600398,15.5,0.09892930000205524,0.0010523999953875318,0.21489370000199415,0.19704749999800697,0.20086969999829307,0.2358310999989044,0.197047;0.202850;0.195543,0.200870;0.200194;0.205229,0.235831;0.223227;0.249101,,sequential,2026-10-04T02:28:02+00:00
M0c1-00225,M0c1,localc1,Windows,11,AMD64,AMD Ryzen 3 5300U with Radeon Graphics,amd,1,4,2600,20.8,3.14.6,CPython,1,spawn,2.5.3,mixed,mixed_json_roundtrip,60,148902,0.3,ms,big,11,148924,1,4,1,1,1,0,0.0020430333291490874,0.7483104033662812,0.1150696953749649,0.0347848800939847,0.9421756292904497,15.6,0.012618299995665438,0.00039260000630747527,0.46207559999311343,0.0222522999974899,0.017421299999114126,0.020655700005590916,0.022467;0.022100;0.022252,0.017446;0.017283;0.017421,0.020923;0.020419;0.020656,,threading,2026-10-04T02:28:03+00:00
M0c1-00226,M0c1,localc1,Windows,11,AMD64,AMD Ryzen 3 5300U with Radeon Graphics,amd,1,4,2600,20.8,3.14.6,CPython,1,spawn,2.5.3,recursive,rec_quicksort,218,571,0.8,ms,normal,106,593.55,1,2,1,8,0,0,0.0003147538451370425,0.9968470889838748,0.39248945260369206,0.011548711926468521,0.904747309760911,16.7,0.01747330000216607,0.0003492000250844285,0.33582060001208447,0.027317300002323464,0.02789840000332333,0.061572000005980954,0.027287;0.027317;0.027560,0.027809;0.028111;0.027898,0.061572;0.061138;0.062305,,sequential,2026-10-04T02:28:03+00:00
M0c1-00227,M0c1,localc1,Windows,11,AMD64,AMD Ryzen 3 5300U with Radeon Graphics,amd,1,4,2600,20.8,3.14.6,CPython,1,spawn,2.5.3,algo_rec,algo_lcs_memo,7,194,0.3,ms,normal,8,213,1,2,1,10,0,0,0.026446633327092666,0.9905540515101097,0.2231024626069646,0.0003428288086300198,1.2109865511261027,15.2,0.15365930000552908,0.00022700002591591328,0.33582060001208447,0.17996630001289304,0.18233880000479985,0.18281320000824053,0.178037;0.180294;0.179966,0.182339;0.180760;0.184995,0.182855;0.182813;0.180727,,sequential,2026-10-04T02:28:06+00:00
M0c1-00228,M0c1,localc1,Windows,11,AMD64,AMD Ryzen 3 5300U with Radeon Graphics,amd,1,4,2600,20.8,3.14.6,CPython,1,spawn,2.5.3,db,db_mem_group_by,3712,412,0.8,ms,normal,8,435,1,1,1,2,1,0,0.0049103666679002345,0.9931478577841535,0.3771682602333464,0.0018192803208773617,0.8618045823903703,16.1,0.028413599997293204,0.000232299993513152,0.21489370000199415,0.03327250000438653,0.03351910000492353,0.03475310000067111,0.033273;0.033022;0.033864,0.033130;0.033649;0.033519,0.034622;0.035645;0.034753,,sequential,2026-10-04T02:28:07+00:00
M0c1-00229,M0c1,localc1,Windows,11,AMD64,AMD Ryzen 3 5300U with Radeon Graphics,amd,1,4,2600,20.8,3.14.6,CPython,1,spawn,2.5.3,numpy,np_linalg_solve,28,702,0.3,ms,normal,2240,724,1,2,0,3,0,1,3.7284285956827395e-05,1.0,0.2622867975720489,0.10191960858911137,0.9795037787640716,16.0,0.043607899991911836,0.0012931998644489795,0.33582060001208447,0.08060710001154803,0.08078659999591764,0.09298729999864008,0.078616;0.080607;0.081361,0.079526;0.082491;0.080787,0.092987;0.091275;0.093244,,sequential,2026-10-04T02:28:08+00:00
M0c1-00230,M0c1,localc1,Windows,11,AMD64,AMD Ryzen 3 5300U with Radeon Graphics,amd,1,4,2600,20.8,3.14.6,CPython,1,spawn,2.5.3,algo_rec,algo_lcs_memo,1,364,0.3,seconds,normal,320,386,1,1,1,10,0,0,0.0034175666670004526,0.9766984317476073,0.09413769097774102,0.0013225782942460113,0.8458303050288448,14.8,0.11163350001152139,0.00037740000698249787,0.21489370000199415,1.0629550000012387,1.0426735000073677,1.0484231999871554,1.062955;1.055187;1.194610,1.034664;1.042674;1.055648,1.037241;1.054412;1.048423,,threading,2026-10-04T02:28:18+00:00
M0c1-00231,M0c1,localc1,Windows,11,AMD64,AMD Ryzen 3 5300U with Radeon Graphics,amd,1,4,2600,20.8,3.14.6,CPython,1,spawn,2.5.3,db,db_file_commit,2,600,0.8,seconds,normal,39,622,1,2,1,0,1,0,0.010493500001030043,0.48179854104373987,0.3273530467036755,0.0007966839032067466,1.4060111770872534,15.2,0.0909144000033848,0.000302400003420189,0.33582060001208447,0.361132699996233,0.276551400005701,0.26815970000461675,0.361133;0.388186;0.352486,0.276410;0.283007;0.276551,0.268160;0.311312;0.259520,,multiprocessing,2026-10-04T02:28:22+00:00
M0c1-00232,M0c1,localc1,Windows,11,AMD64,AMD Ryzen 3 5300U with Radeon Graphics,amd,1,4,2600,20.8,3.14.6,CPython,1,spawn,2.5.3,tiny,tiny_len,39,18,0.3,ms,normal,46900,37,1,4,0,0,0,0,2.0880002557532863e-07,1.0,0.24291462626624816,22.868771046654388,0.3794906932291768,17.6,0.005443499991088174,0.0031590999278705567,0.46207559999311343,0.00553010001021903,0.00844669999787584,0.03341869999712799,0.005231;0.005762;0.005530,0.008447;0.008401;0.009088,0.033419,,sequential,2026-10-04T02:28:22+00:00
M0c1-00233,M0c1,localc1,Windows,11,AMD64,AMD Ryzen 3 5300U with Radeon Graphics,amd,1,4,2600,20.8,3.14.6,CPython,1,spawn,2.5.3,text,text_split_count,2,2390,0.0,seconds,normal,1454,2412,1,2,1,1,0,0,0.00042371525403538373,0.99951608059055,0.08925155812492372,0.009334095931257794,0.9849615059274636,14.8,0.10112819999631029,0.000544100024853833,0.33582060001208447,0.6118658000050345,0.6090091999940341,0.6204569000110496,0.615693;0.609657;0.611866,0.608822;0.613297;0.609009,0.620457;0.616801;0.622944,,threading,2026-10-04T02:28:28+00:00
M0c1-00234,M0c1,localc1,Windows,11,AMD64,AMD Ryzen 3 5300U with Radeon Graphics,amd,1,4,2600,20.8,3.14.6,CPython,1,spawn,2.5.3,numpy,np_linalg_solve,10,676905,0.0,ms,big,27,676927,1,4,0,3,0,1,0.0027037833351641893,0.9988260364853281,0.047996002082158276,0.043328173950254234,0.9340278480641133,17.9,0.034276199992746115,0.0009597999742254615,0.46207559999311343,0.07365109999955166,0.07317190000321716,0.1136666999955196,0.073651;0.072862;0.075492,0.072806;0.073172;0.073405,0.114517;0.113667;0.108062,,threading,2026-10-04T02:28:30+00:00
M0c1-00235,M0c1,localc1,Windows,11,AMD64,AMD Ryzen 3 5300U with Radeon Graphics,amd,1,4,2600,20.8,3.14.6,CPython,1,spawn,2.5.3,big_payload,big_checksum_head,15487,657514,0.0,seconds,big,304,657537,1,4,1,1,0,0,0.00037593552559356844,0.9662948320059349,0.2322091267826887,0.24979017643860713,0.9975606770637122,17.8,0.05945859999337699,0.002329900045879185,0.46207559999311343,0.10792169999331236,0.10928170000261161,0.5735166999947978,0.106739;0.107922;0.107982,0.108431;0.109282;0.110955,0.573517,,sequential,2026-10-04T02:28:32+00:00
M0c1-00236,M0c1,localc1,Windows,11,AMD64,AMD Ryzen 3 5300U with Radeon Graphics,amd,1,4,2600,20.8,3.14.6,CPython,1,spawn,2.5.3,db,db_mem_insert_select,1077,506,0.8,seconds,normal,1849,529,1,4,1,1,1,0,0.0010582645830557642,0.9964280341781002,0.43274007704593626,0.003571885272811118,0.9700133810781668,16.2,0.10288570000557229,0.00046480001765303314,0.46207559999311343,1.9531182999926386,1.990824900000007,2.008615800004918,2.051496;1.953118;1.948688,2.040893;1.990825;1.976911,2.061789;2.008616;1.997949,,sequential,2026-10-04T02:28:51+00:00
M0c1-00237,M0c1,localc1,Windows,11,AMD64,AMD Ryzen 3 5300U with Radeon Graphics,amd,1,4,2600,20.8,3.14.6,CPython,1,spawn,2.5.3,mixed,mixed_hash_then_write,7983,20248,0.8,ms,normal,13,20271,1,2,1,3,1,0,0.0008688333327881992,1.0,0.173210006185999,0.01665067937931808,0.54390446882876,8.7,0.007382499999948777,0.0002567999908933416,0.33582060001208447,0.011196599996765144,0.011794799997005612,0.04543539999576751,0.011197;0.011153;0.011867,0.011952;0.011708;0.011795,0.045541;0.045435;0.013795,,sequential,2026-10-04T02:28:51+00:00
M0c1-00238,M0c1,localc1,Windows,11,AMD64,AMD Ryzen 3 5300U with Radeon Graphics,amd,1,4,2600,20.8,3.14.6,CPython,1,spawn,2.5.3,numpy,np_fft,1297,235368,0.8,seconds,big,849,235391,1,4,0,0,0,1,0.0009611245279885688,0.9948615905681218,0.13665784571504555,0.037929530217957155,1.0137082259998942,0.8,0.10201519999827724,0.0012180000194348395,0.46207559999311343,0.892450800005463,0.8337516999890795,1.4683633000095142,0.854042;0.892451;0.901983,0.833752;0.866908;0.806192,1.541312;1.468363;1.443900,,threading,2026-10-04T02:29:02+00:00
M0c1-00239,M0c1,localc1,Windows,11,AMD64,AMD Ryzen 3 5300U with Radeon Graphics,amd,1,4,2600,20.8,3.14.6,CPython,1,spawn,2.5.3,io,io_sleep_chunks,1285,21,0.3,seconds,normal,682,41,1,2,1,1,1,0,0.0021437916687621814,0.0237523139865337,0.06637212698750126,0.0032465837311543393,1.9427986381419762,0.0,0.07863850001012906,0.0006925999623490497,0.33582060001208447,1.5226395000063349,0.7684385000029579,0.7679942999966443,1.526276;1.522640;1.516572,0.767332;0.768439;0.777169,0.768545;0.767994;0.761422,,multiprocessing,2026-10-04T02:29:12+00:00
M0c1-00240,M0c1,localc1,Windows,11,AMD64,AMD Ryzen 3 5300U with Radeon Graphics,amd,1,4,2600,20.8,3.14.6,CPython,1,spawn,2.5.3,io,io_sleep_chunks,7535,52,0.0,ms,normal,8,72,1,2,1,1,1,0,0.008363133335175613,0.011478238059311656,0.030034769850140888,0.0014149405076335176,1.4444470343674556,19.5,0.042617800005245954,0.0002970999921672046,0.33582060001208447,0.06988239999918733,0.03517420000571292,0.03674769999634009,0.066072;0.069882;0.070469,0.035174;0.038139;0.033624,0.036748;0.036595;0.037397,,threading,2026-10-04T02:29:13+00:00
M0c1-00241,M0c1,localc1,Windows,11,AMD64,AMD Ryzen 3 5300U with Radeon Graphics,amd,1,4,2600,20.8,3.14.6,CPython,1,spawn,2.5.3,mixed,mixed_json_roundtrip,18,450,0.0,ms,normal,283,472,1,4,1,1,1,0,0.0010653446800635256,0.5110715513226588,0.08265624248744881,0.0033791878167754434,1.8659709649462877,13.8,0.07728299999143928,0.00044020003406330943,0.46207559999311343,0.294928000002983,0.15118190000066534,0.16449359999387525,0.290618;0.294928;0.297674,0.151182;0.147751;0.151884,0.163904;0.164494;0.165115,,threading,2026-10-04T02:29:15+00:00
M0c1-00242,M0c1,localc1,Windows,11,AMD64,AMD Ryzen 3 5300U with Radeon Graphics,amd,1,4,2600,20.8,3.14.6,CPython,1,spawn,2.5.3,big_result,result_long_string,617,145991,0.3,seconds,big,1369,146014,1,1,1,1,0,0,0.00257955499982927,0.9997160234760407,0.17265131562302888,0.013707789854299242,0.8382944694818295,17.1,0.1144347000081325,0.0010478000185685232,0.21489370000199415,2.8057311000011396,2.750014300007024,3.387814600006095,2.805731;2.824586;2.782145,2.747948;2.850428;2.750014,3.386058;3.411335;3.387815,,threading,2026-10-04T02:29:43+00:00
M0c1-00243,M0c1,localc1,Windows,11,AMD64,AMD Ryzen 3 5300U with Radeon Graphics,amd,1,4,2600,20.8,3.14.6,CPython,1,spawn,2.5.3,recursive,rec_fib,11909,17,0.0,seconds,normal,423,37,1,2,0,4,0,0,0.0014357571436058997,1.0,0.08128717612227304,0.002622309477270854,0.9916852904278153,14.5,0.10070139999152161,0.00039309996645897627,0.33582060001208447,0.5932437000010395,0.5951444999955129,0.5968276999919908,0.591176;0.602163;0.593244,0.595144;0.602710;0.593348,0.596828;0.598275;0.594799,,sequential,2026-10-04T02:29:49+00:00
M0c1-00244,M0c1,localc1,Windows,11,AMD64,AMD Ryzen 3 5300U with Radeon Graphics,amd,1,4,2600,20.8,3.14.6,CPython,1,spawn,2.5.3,recursive,rec_nqueens,6,58,0.3,seconds,normal,1614,77,1,2,1,10,0,0,0.0010062419998575934,0.9888371756508914,0.23141817397028433,0.003766488606160374,1.0119754775766423,24.6,0.10073629999533296,0.0004721000004792586,0.33582060001208447,1.5459855999943102,1.540952900002594,1.5630057999951532,1.613059;1.545986;1.536800,1.540953;1.540871;1.541365,1.563006;1.561646;1.563091,,threading,2026-10-04T02:30:04+00:00
M0c1-00245,M0c1,localc1,Windows,11,AMD64,AMD Ryzen 3 5300U with Radeon Graphics,amd,1,4,2600,20.8,3.14.6,CPython,1,spawn,2.5.3,io,io_sleep,6382,1727,0.8,ms,normal,8,1750,1,1,0,1,1,0,0.004094766671187244,0.013707575505662522,0.5868369165992017,0.003687633454130352,1.123345406674749,14.6,0.026625999991665594,0.00033449997135903686,0.21489370000199415,0.042545000003883615,0.042690000002039596,0.04388399999879766,0.042689;0.042515;0.042545,0.042555;0.042762;0.042690,0.043884;0.043204;0.044226,,sequential,2026-10-04T02:30:05+00:00
M0c1-00246,M0c1,localc1,Windows,11,AMD64,AMD Ryzen 3 5300U with Radeon Graphics,amd,1,4,2600,20.8,3.14.6,CPython,1,spawn,2.5.3,numpy,np_sort,77901,3385,0.8,ms,normal,8,3408,1,1,0,3,0,1,0.0008356666706580048,1.0,0.0929415002123957,0.014998003624674844,0.21789566748467815,15.6,0.01371879999351222,0.0002624999906402081,0.21489370000199415,0.014333999992231838,0.014984900000854395,0.01718119998986367,0.014834;0.014334;0.014245,0.014958;0.015798;0.014985,0.017549;0.017181;0.016603,,sequential,2026-10-04T02:30:06+00:00
M0c1-00247,M0c1,localc1,Windows,11,AMD64,AMD Ryzen 3 5300U with Radeon Graphics,amd,1,4,2600,20.8,3.14.6,CPython,1,spawn,2.5.3,big_payload,big_checksum_head,7055,1673520,0.8,seconds,big,119,1673543,1,4,1,1,0,0,0.00016844482713073878,1.0,0.4412269289778879,4.6806127261335355,0.734187402776468,14.1,0.027875700005097315,0.016341400012606755,0.46207559999311343,0.020371599995996803,0.021476499998243526,0.46678350000001956,0.020372;0.020336;0.020915,0.021476;0.021320;0.021666,0.466784,,sequential,2026-10-04T02:30:07+00:00
M0c1-00248,M0c1,localc1,Windows,11,AMD64,AMD Ryzen 3 5300U with Radeon Graphics,amd,1,4,2600,20.8,3.14.6,CPython,1,spawn,2.5.3,mixed,mixed_compute_then_sleep,190049,465,0.0,ms,normal,23,490,1,4,1,3,1,0,0.01230035999615211,0.6682369649383129,0.020178935891851973,0.0007511973309100809,1.4152745760236465,16.0,0.10514699999475852,0.00035310001112520695,0.46207559999311343,0.28330900000582915,0.18357410001044627,0.18662150000454858,0.278863;0.283309;0.284419,0.183574;0.183037;0.185686,0.186622;0.185914;0.188049,,threading,2026-10-04T02:30:10+00:00
M0c1-00249,M0c1,localc1,Windows,11,AMD64,AMD Ryzen 3 5300U with Radeon Graphics,amd,1,4,2600,20.8,3.14.6,CPython,1,spawn,2.5.3,mixed,mixed_parse_lines,24,836,0.8,seconds,normal,336,858,1,2,2,3,1,0,0.0015341333315573688,0.6229336049525702,0.3664600753982419,0.0026138526798281467,1.3746408259216039,13.7,0.08690559999377001,0.0004028000548714772,0.33582060001208447,0.49984479999693576,0.3498971000080928,0.36306460000923835,0.499845;0.512828;0.499181,0.343917;0.349897;0.362281,0.364014;0.363065;0.358633,,threading,2026-10-04T02:30:16+00:00
M0c1-00250,M0c1,localc1,Windows,11,AMD64,AMD Ryzen 3 5300U with Radeon Graphics,amd,1,4,2600,20.8,3.14.6,CPython,1,spawn,2.5.3,recursive,rec_nqueens,1,193,0.0,ms,normal,384,212,1,2,1,10,0,0,0.00016529687475970908,0.9982482373494387,0.12947656051685502,0.021143773569172512,0.9828373798997735,2.7,0.032393599991337396,0.00040600000647827983,0.33582060001208447,0.06247250000888016,0.0630587000050582,0.09569650000776164,0.062473;0.062224;0.064733,0.063490;0.063059;0.061594,0.095697;0.095306;0.095704,,sequential,2026-10-04T02:30:17+00:00
M0c1-00251,M0c1,localc1,Windows,11,AMD64,AMD Ryzen 3 5300U with Radeon Graphics,amd,1,4,2600,20.8,3.14.6,CPython,1,spawn,2.5.3,recursive,rec_fib,18,42,0.8,ms,normal,3777,61,1,2,0,4,0,0,2.8052967598156655e-06,0.9967989306232943,0.8659735766020507,1.199516385405119,0.952648286125289,5.2,0.008077599995885976,0.0022345998440869153,0.33582060001208447,0.009331599998404272,0.009725199997774325,0.012432599993189797,0.009332;0.009216;0.009814,0.009871;0.009725;0.009395,0.013066;0.012433;0.011929,,sequential,2026-10-04T02:30:18+00:00
M0c1-00252,M0c1,localc1,Windows,11,AMD64,AMD Ryzen 3 5300U with Radeon Graphics,amd,1,4,2600,20.8,3.14.6,CPython,1,spawn,2.5.3,big_payload,big_count_byte,3,135244,0.3,seconds,big,1478,135266,1,4,0,1,0,0,7.171788651825542e-05,0.9955467240306404,0.10337236536716714,0.3227925702892862,0.9685530157217819,4.8,0.055293400000664406,0.0013305998727446422,0.46207559999311343,0.10534360000747256,0.1063912999961758,0.6580012000049464,0.105576;0.105344;0.104871,0.106554;0.106391;0.105887,0.658001,,sequential,2026-10-04T02:30:20+00:00
M0c1-00253,M0c1,localc1,Windows,11,AMD64,AMD Ryzen 3 5300U with Radeon Graphics,amd,1,4,2600,20.8,3.14.6,CPython,1,spawn,2.5.3,io,io_file_roundtrip,4,2072,0.0,seconds,normal,112,2094,1,1,1,0,1,0,0.019898533331191477,0.2203096075870399,0.06077012878348732,0.0005109254185348186,1.4097951875752082,7.9,0.1005701000103727,0.0002691000117920339,0.21489370000199415,1.5582446000044001,1.5543152000027476,1.5703301000030478,1.972561;1.558245;1.540896,1.532077;1.554315;1.556764,1.538048;1.570330;1.631327,,threading,2026-10-04T02:30:35+00:00
M0c1-00254,M0c1,localc1,Windows,11,AMD64,AMD Ryzen 3 5300U with Radeon Graphics,amd,1,4,2600,20.8,3.14.6,CPython,1,spawn,2.5.3,algo_iter,algo_dijkstra,2804,1638,0.3,ms,normal,8,1661,1,2,2,15,0,0,0.019595966669536818,0.9779550762315549,0.8240114605134891,0.00045757742071129835,1.017884972768282,1.2,0.0833381999982521,0.00023899998632259667,0.33582060001208447,0.06701899999461602,0.0676543000008678,0.09998679999262094,0.065790;0.067019;0.073012,0.074723;0.066582;0.067654,0.125065;0.099672;0.099987,,sequential,2026-10-04T02:30:37+00:00
M0c1-00255,M0c1,localc1,Windows,11,AMD64,AMD Ryzen 3 5300U with Radeon Graphics,amd,1,4,2600,20.8,3.14.6,CPython,1,spawn,2.5.3,gil_release,gil_sha256,4,9506,0.3,seconds,normal,21039,9528,1,1,1,1,0,1,2.5935303069660956e-05,0.9961073803190503,0.2443988254415114,0.30653204933107203,0.9740759013353842,0.4,0.10379100000136532,0.0034378006821498275,0.21489370000199415,0.5483316000027116,0.557978800003184,1.1957425000000512,0.548332;0.545526;0.557255,0.568305;0.551560;0.557979,1.174967;1.198124;1.195743,,sequential,2026-10-04T02:30:45+00:00
M0c1-00256,M0c1,localc1,Windows,11,AMD64,AMD Ryzen 3 5300U with Radeon Graphics,amd,1,4,2600,20.8,3.14.6,CPython,1,spawn,2.5.3,algo_iter,algo_game_of_life,10,449066,0.0,seconds,big,368,449088,1,2,5,9,0,0,0.01711636666247311,0.9661736697530425,0.02795521458222077,0.00957368295769878,1.017279267546836,18.7,0.10348720000183675,0.0007360000017797574,0.33582060001208447,6.034025600005407,6.0231629999907454,6.4950236000004224,6.200375;6.034026;6.017985,6.023163;6.017993;6.030141,6.616765;6.452356;6.495024,,threading,2026-10-04T02:31:42+00:00
M0c1-00257,M0c1,localc1,Windows,11,AMD64,AMD Ryzen 3 5300U with Radeon Graphics,amd,1,4,2600,20.8,3.14.6,CPython,1,spawn,2.5.3,tiny,tiny_small_loop,2,335990,0.0,seconds,big,595,336012,1,2,0,0,0,0,6.405417799534327e-07,1.0,0.43587606393151634,87.44940909053929,0.10901860169540746,13.1,0.002752499989583157,0.001697199812042527,0.33582060001208447,0.0001244000013684854,0.00025690000620670617,0.5406442000094103,0.000236;0.000124;0.000114,0.000447;0.000256;0.000257,0.540644,,sequential,2026-10-04T02:31:43+00:00
M0c1-00258,M0c1,localc1,Windows,11,AMD64,AMD Ryzen 3 5300U with Radeon Graphics,amd,1,4,2600,20.8,3.14.6,CPython,1,spawn,2.5.3,text,text_regex_findall,8,685,0.3,seconds,normal,7409,707,1,1,1,1,0,0,0.0002590181348830886,0.9965526088579306,0.21242597485594805,0.015114768907924741,0.9659924020861876,11.2,0.10237649999908172,0.0006909999647177756,0.21489370000199415,1.9287170000025071,1.9262947000097483,1.9525801000127103,1.939110;1.928717;1.923562,1.924255;1.926295;1.928465,1.952580;1.949995;1.954538,,threading,2026-10-04T02:32:01+00:00
M0c1-00259,M0c1,localc1,Windows,11,AMD64,AMD Ryzen 3 5300U with Radeon Graphics,amd,1,4,2600,20.8,3.14.6,CPython,1,spawn,2.5.3,recursive,rec_quicksort,598,709,0.8,seconds,normal,1554,731.85,1,2,1,8,0,0,0.0008122492068824137,0.9889280666332521,0.4579068607418057,0.004986153901738079,0.9829954211664883,0.4,0.10315359999367502,0.00046059997112024575,0.33582060001208447,1.218548799995915,1.2194802000012714,1.2350110999977915,1.233797;1.217490;1.218549,1.219480;1.219025;1.219505,1.232184;1.235011;1.248744,,sequential,2026-10-04T02:32:13+00:00
M0c1-00260,M0c1,localc1,Windows,11,AMD64,AMD Ryzen 3 5300U with Radeon Graphics,amd,1,4,2600,20.8,3.14.6,CPython,1,spawn,2.5.3,algo_iter,algo_dijkstra,88,614528,0.0,seconds,big,325,614550,1,1,2,15,0,0,0.00019840493778134754,0.9997463403992993,0.14509092247642036,0.912729304357348,0.9246687283806867,1.9,0.03743350000877399,0.004034300043713301,0.21489370000199415,0.06349179999961052,0.0646130999957677,0.6146637000056216,0.063492;0.064768;0.063079,0.064613;0.071441;0.064107,0.614664,,sequential,2026-10-04T02:32:15+00:00
M0c1-00261,M0c1,localc1,Windows,11,AMD64,AMD Ryzen 3 5300U with Radeon Graphics,amd,1,4,2600,20.8,3.14.6,CPython,1,spawn,2.5.3,tiny,tiny_dict_lookup,78,288,0.8,seconds,normal,200000,310,1,1,0,1,0,0,3.1929997931001706e-07,1.0,0.34645556330029764,10.961480376048312,0.4486753766186619,15.7,0.005900499993003905,0.003012600034708157,0.21489370000199415,0.05472919999738224,0.06640979999792762,0.4188764999998966,0.054729;0.053030;0.068851,0.065626;0.067453;0.066410,0.418876,,sequential,2026-10-04T02:32:17+00:00
M0c1-00262,M0c1,localc1,Windows,11,AMD64,AMD Ryzen 3 5300U with Radeon Graphics,amd,1,4,2600,20.8,3.14.6,CPython,1,spawn,2.5.3,numpy,np_sort,551423,224,0.0,ms,normal,8,246,1,1,0,3,0,1,0.018007033329922706,0.9988257504374616,0.005879432300719497,0.0008033894391500168,0.9765807192153618,15.8,0.1095398000034038,0.0003050000232178718,0.21489370000199415,0.14595039999403525,0.14640500000678003,0.1506187999912072,0.143699;0.145950;0.162976,0.146157;0.146405;0.146520,0.155034;0.150619;0.146940,,sequential,2026-10-04T02:32:19+00:00
M0c1-00263,M0c1,localc1,Windows,11,AMD64,AMD Ryzen 3 5300U with Radeon Graphics,amd,1,4,2600,20.8,3.14.6,CPython,1,spawn,2.5.3,mixed,mixed_hash_then_write,1899,1081,0.3,seconds,normal,704,1104,1,2,1,3,1,0,0.0005031383840068516,0.9969768651194246,0.13003002188897012,0.007651967886284477,1.01435492531319,14.5,0.09973159999935888,0.0007608999876538292,0.33582060001208447,0.34257709998928476,0.34609560000535566,0.32995719999598805,0.324912;0.350604;0.342577,0.349029;0.337670;0.346096,0.326249;0.356666;0.329957,,multiprocessing,2026-10-04T02:32:23+00:00
M0c1-00264,M0c1,localc1,Windows,11,AMD64,AMD Ryzen 3 5300U with Radeon Graphics,amd,1,4,2600,20.8,3.14.6,CPython,1,spawn,2.5.3,tiny,tiny_len,370,263,0.0,seconds,normal,200000,286,1,2,0,0,0,0,2.6970006001647563e-07,1.0,0.28071730671693246,17.964408192300198,0.45303456580908785,14.9,0.005779099999926984,0.003224999876692891,0.33582060001208447,0.02774669999780599,0.041078100010054186,0.31409010000061244,0.027547;0.039221;0.027747,0.041078;0.045779;0.037540,0.314090,,sequential,2026-10-04T02:32:24+00:00
M0c1-00265,M0c1,localc1,Windows,11,AMD64,AMD Ryzen 3 5300U with Radeon Graphics,amd,1,4,2600,20.8,3.14.6,CPython,1,spawn,2.5.3,tiny,tiny_len,19,91,0.8,ms,normal,200000,110,1,2,0,0,0,0,2.1990003733662887e-07,1.0,0.23994336813437822,22.100950767980674,0.40963531466705766,16.2,0.005423599999630824,0.0031097999162739143,0.33582060001208447,0.015116299997316673,0.0234173000062583,0.21880420000525191,0.015021;0.015420;0.015116,0.023094;0.023417;0.027031,0.218804,,sequential,2026-10-04T02:32:25+00:00
M0c1-00266,M0c1,localc1,Windows,11,AMD64,AMD Ryzen 3 5300U with Radeon Graphics,amd,1,4,2600,20.8,3.14.6,CPython,1,spawn,2.5.3,algo_iter,algo_edit_distance,494,84,0.0,seconds,normal,3311,104,1,2,2,16,0,0,0.00011813933650054859,0.9897952272536633,0.23776468136059972,0.03055714272833359,0.9915166914556011,13.4,0.10128209998947568,0.0009211999858962372,0.33582060001208447,0.3837054000032367,0.3808624000084819,0.3835031000053277,0.383705;0.383826;0.382228,0.380862;0.380256;0.381157,0.386057;0.383503;0.382921,,threading,2026-10-04T02:32:29+00:00
M0c1-00267,M0c1,localc1,Windows,11,AMD64,AMD Ryzen 3 5300U with Radeon Graphics,amd,1,4,2600,20.8,3.14.6,CPython,1,spawn,2.5.3,numpy,np_fft,4105,107364,0.0,ms,big,47,107387,1,2,0,0,0,1,0.0004897454570957714,0.9972398903921736,0.2753710790305068,0.030832345641090803,0.8415938007232145,14.0,0.01183050000690855,0.0004062999796587974,0.33582060001208447,0.01979890000075102,0.02069340000161901,0.0316127999976743,0.019774;0.019799;0.020390,0.020209;0.020693;0.020723,0.033541;0.031613;0.031271,,sequential,2026-10-04T02:32:30+00:00
M0c1-00268,M0c1,localc1,Windows,11,AMD64,AMD Ryzen 3 5300U with Radeon Graphics,amd,1,4,2600,20.8,3.14.6,CPython,1,spawn,2.5.3,text,text_split_count,82,1662,0.0,ms,normal,8,1684,1,4,1,1,0,0,0.006576899996919868,1.0,0.03286956599065642,0.001515404666672295,0.9513648633362103,14.3,0.040301800007000566,0.000244500013650395,0.46207559999311343,0.05221789999632165,0.0514236000017263,0.05450199999904726,0.052218;0.051021;0.052345,0.051108;0.051424;0.051979,0.055739;0.054058;0.054502,,threading,2026-10-04T02:32:50+00:00
M0c1-00269,M0c1,localc1,Windows,11,AMD64,AMD Ryzen 3 5300U with Radeon Graphics,amd,1,4,2600,20.8,3.14.6,CPython,1,spawn,2.5.3,numpy,np_sort,145325,822,0.8,ms,normal,8,847,1,2,0,3,0,1,0.006517599996489783,0.9996071425320229,0.23553167281460277,0.0017797956567203851,0.7662543027795812,16.3,0.04136519999883603,0.00028920000477228314,0.33582060001208447,0.04376600000250619,0.04339069999696221,0.07716289999370929,0.044872;0.042701;0.043766,0.043707;0.043391;0.042748,0.079498;0.076264;0.077163,,threading,2026-10-04T02:32:51+00:00
M0c1-00270,M0c1,localc1,Windows,11,AMD64,AMD Ryzen 3 5300U with Radeon Graphics,amd,1,4,2600,20.8,3.14.6,CPython,1,spawn,2.5.3,mixed,mixed_compute_then_sleep,23207,121,0.0,ms,normal,15,141,1,2,1,3,1,0,0.0016165333314953993,0.6803265064337247,0.14478020409564396,0.006309795788462803,1.0515109028007636,20.7,0.009297500000684522,0.00024020001001190394,0.33582060001208447,0.022106900010840036,0.014902599999913946,0.01699600000574719,0.022107;0.022067;0.023739,0.014652;0.014903;0.015732,0.016996;0.016870;0.017258,,threading,2026-10-04T02:32:52+00:00
M0c1-00271,M0c1,localc1,Windows,11,AMD64,AMD Ryzen 3 5300U with Radeon Graphics,amd,1,4,2600,20.8,3.14.6,CPython,1,spawn,2.5.3,numpy,np_linalg_solve,368,149,0.0,seconds,normal,165,169,1,2,0,3,0,1,0.003077652942224899,0.9974936296065252,0.04849482118711992,0.0013551197612879909,0.9746129114703678,21.4,0.10652939999999944,0.00038709997897967696,0.33582060001208447,0.5569110000069486,0.5578420000092592,0.5344089999998687,0.556911;0.571015;0.541591,0.557842;0.536506;0.568169,0.526465;0.534409;0.573069,,multiprocessing,2026-10-04T02:32:57+00:00
M0c1-00272,M0c1,localc1,Windows,11,AMD64,AMD Ryzen 3 5300U with Radeon Graphics,amd,1,4,2600,20.8,3.14.6,CPython,1,spawn,2.5.3,db,db_file_lookup,484,21,0.8,seconds,normal,21,41,1,1,1,5,1,0,0.018447066662095796,0.9828762730555134,0.14602748352109415,0.0004716198703650468,0.9111971302105453,16.8,0.12258110000402667,0.00024360000679735094,0.21489370000199415,0.3776049000007333,0.37641690000600647,0.36800509999739006,0.374592;0.377733;0.377605,0.376397;0.376417;0.377333,0.368005;0.370315;0.361539,,multiprocessing,2026-10-04T02:33:01+00:00
M0c1-00273,M0c1,localc1,Windows,11,AMD64,AMD Ryzen 3 5300U with Radeon Graphics,amd,1,4,2600,20.8,3.14.6,CPython,1,spawn,2.5.3,numpy,np_linalg_solve,98,417,0.0,seconds,normal,1865,439,1,4,0,3,0,1,0.00010031266042402078,0.9959774090861427,0.14153841975941067,0.03818061038654798,0.9516388139733739,16.9,0.09706269999151118,0.0011659002339001745,0.46207559999311343,0.1846127000026172,0.18774809999740683,0.19646839999768417,0.184613;0.205774;0.183619,0.188351;0.187748;0.186989,0.196468;0.211800;0.194250,,sequential,2026-10-04T02:33:04+00:00
M0c1-00274,M0c1,localc1,Windows,11,AMD64,AMD Ryzen 3 5300U with Radeon Graphics,amd,1,4,2600,20.8,3.14.6,CPython,1,spawn,2.5.3,text,text_format_report,717,502802,0.8,ms,big,82,502824.95,1,2,1,2,0,0,0.0009381799973198213,0.999259828659799,0.4615085433342488,0.18500714392201414,0.9803878967661002,17.2,0.04139690000738483,0.0038713000540155917,0.33582060001208447,0.07171020000532735,0.07210089999716729,0.1635429000016302,0.072374;0.071710;0.071445,0.072101;0.071598;0.072626,0.163543;0.216927;0.163270,,sequential,2026-10-04T02:33:05+00:00
M0c1-00275,M0c1,localc1,Windows,11,AMD64,AMD Ryzen 3 5300U with Radeon Graphics,amd,1,4,2600,20.8,3.14.6,CPython,1,spawn,2.5.3,numpy,np_elementwise,119564,158,0.8,seconds,normal,44,179.27272727272728,1,1,0,4,0,0,0.0034893363613677634,0.998166156694539,0.7910895142818369,0.001412094649077645,0.758819727030568,21.6,0.08149629998661112,0.00033080001594498754,0.21489370000199415,0.19262000000162516,0.19391539999924134,0.19979260000400245,0.197217;0.192620;0.191706,0.193915;0.218403;0.193876,0.199793;0.203596;0.199531,,sequential,2026-10-04T02:33:08+00:00
M0c1-00276,M0c1,localc1,Windows,11,AMD64,AMD Ryzen 3 5300U with Radeon Graphics,amd,1,4,2600,20.8,3.14.6,CPython,1,spawn,2.5.3,tiny,tiny_small_loop,86,473118,0.8,seconds,big,422,473140,1,1,0,0,0,0,1.2780949916867983e-06,1.0,0.3019637852001437,58.80627097666576,0.13947504116165244,12.1,0.0031512999994447455,0.0019420000171521679,0.21489370000199415,0.00025800000003073364,0.0004278999986127019,0.5378211000061128,0.000336;0.000258;0.000247,0.000605;0.000428;0.000371,0.537821,,sequential,2026-10-04T02:33:09+00:00
M0c1-00277,M0c1,localc1,Windows,11,AMD64,AMD Ryzen 3 5300U with Radeon Graphics,amd,1,4,2600,20.8,3.14.6,CPython,1,spawn,2.5.3,algo_rec,algo_flood_fill,2,802,0.0,seconds,normal,987,824,1,4,3,10,0,0,0.0012593975006893743,0.9622961955867061,0.539504735901485,0.008198362987748337,1.0218084286531817,17.2,0.10191660000418779,0.0010680999839678407,0.46207559999311343,0.879926699999487,0.8937697000073968,0.886146099990583,0.876338;0.901836;0.879927,0.897954;0.893770;0.888804,0.876327;0.891017;0.886146,,sequential,2026-10-04T02:33:18+00:00
M0c1-00278,M0c1,localc1,Windows,11,AMD64,AMD Ryzen 3 5300U with Radeon Graphics,amd,1,4,2600,20.8,3.14.6,CPython,1,spawn,2.5.3,big_payload,big_upper_copy,6,874447,0.0,seconds,big,228,874469,1,2,0,0,0,0,0.000665082456595101,0.9988501291592097,0.0913677548172444,1.062582528586125,0.9979372186580316,6.9,0.09046789999410976,0.014736499972059391,0.33582060001208447,0.16049489998840727,0.16049779999593738,1.3832977999991272,0.160495;0.161788;0.155383,0.160498;0.191900;0.157725,1.383298,,sequential,2026-10-04T02:33:21+00:00
M0c1-00279,M0c1,localc1,Windows,11,AMD64,AMD Ryzen 3 5300U with Radeon Graphics,amd,1,4,2600,20.8,3.14.6,CPython,1,spawn,2.5.3,db,db_mem_group_by,379,356126,0.8,seconds,big,561,356148.65,1,2,1,2,1,0,0.0005383483869316537,1.0,0.39301207786920206,0.1298972962099764,0.9909226654478096,15.3,0.10188810000545345,0.0019034000288229436,0.33582060001208447,0.2995900999958394,0.31076259999827016,0.8222657000005711,0.299590;0.302554;0.298734,0.310763;0.314985;0.303133,0.816800;0.822266;0.836405,,sequential,2026-10-04T02:33:27+00:00
M0c1-00280,M0c1,localc1,Windows,11,AMD64,AMD Ryzen 3 5300U with Radeon Graphics,amd,1,4,2600,20.8,3.14.6,CPython,1,spawn,2.5.3,numpy,np_fft,6529,1748,0.0,ms,normal,27,1771,1,4,0,0,0,1,0.0007062666651715214,0.9984477896079859,0.2459811792008979,0.00941570317175229,0.9034865811542925,16.6,0.008810400002403185,0.00023070001043379307,0.46207559999311343,0.015585599991027266,0.01602570000977721,0.023343699998804368,0.015383;0.015591;0.015586,0.016026;0.016018;0.016281,0.022904;0.023344;0.053141,,sequential,2026-10-04T02:33:28+00:00
M0c1-00281,M0c1,localc1,Windows,11,AMD64,AMD Ryzen 3 5300U with Radeon Graphics,amd,1,4,2600,20.8,3.14.6,CPython,1,spawn,2.5.3,cpu,cpu_count_primes,3895,68,0.3,ms,normal,8,88,1,2,2,4,0,0,0.002239466664226105,1.0,0.24427980023254228,0.0044951174624863,1.0203183292888398,17.0,0.012980600004084408,0.000218700006371364,0.33582060001208447,0.015448499994818121,0.016269500003545545,0.049467699995147996,0.015616;0.015448;0.015447,0.015868;0.016270;0.016709,0.051053;0.048349;0.049468,,sequential,2026-10-04T02:33:28+00:00
M0c1-00282,M0c1,localc1,Windows,11,AMD64,AMD Ryzen 3 5300U with Radeon Graphics,amd,1,4,2600,20.8,3.14.6,CPython,1,spawn,2.5.3,mixed,mixed_hash_then_write,11938,1228,0.8,seconds,normal,367,1251,1,2,1,3,1,0,0.0004953890105013501,0.999766683030495,0.13930574977625237,0.007912971839695963,1.0349202818656464,17.2,0.08918599999742582,0.0006845000316388905,0.33582060001208447,0.19477090000873432,0.19104769999103155,0.1941231999953743,0.178653;0.194771;0.195440,0.191048;0.192582;0.186754,0.189714;0.194123;0.197867,,threading,2026-10-04T02:33:31+00:00
M0c1-00283,M0c1,localc1,Windows,11,AMD64,AMD Ryzen 3 5300U with Radeon Graphics,amd,1,4,2600,20.8,3.14.6,CPython,1,spawn,2.5.3,tiny,tiny_dict_lookup,11,417,0.0,ms,normal,40009,439,1,2,0,1,0,0,4.5280008635018023e-07,1.0,0.64641765306088,11.097612062661279,0.6438468398029772,13.2,0.006408999994164333,0.0032709998195059597,0.33582060001208447,0.011549300004844554,0.01354620000347495,0.07045929999731015,0.009823;0.011969;0.011549,0.013546;0.013044;0.013564,0.070459,,sequential,2026-10-04T02:33:31+00:00
M0c1-00284,M0c1,localc1,Windows,11,AMD64,AMD Ryzen 3 5300U with Radeon Graphics,amd,1,4,2600,20.8,3.14.6,CPython,1,spawn,2.5.3,big_payload,big_count_byte,2,458317,0.0,ms,big,167,458339,1,1,0,1,0,0,0.0002551756088661666,1.0,0.15998496713746513,0.25539276243436937,0.8884870062804878,17.3,0.023874900012742728,0.0016728000482544303,0.21489370000199415,0.03998610000417102,0.04054099999484606,0.2313377000100445,0.040451;0.039986;0.039825,0.041131;0.040541;0.040349,0.231338,,sequential,2026-10-04T02:33:33+00:00
M0c1-00285,M0c1,localc1,Windows,11,AMD64,AMD Ryzen 3 5300U with Radeon Graphics,amd,1,4,2600,20.8,3.14.6,CPython,1,spawn,2.5.3,big_payload,big_checksum_head,688,1936002,0.3,ms,big,103,1936025,1,4,1,1,0,0,2.6127997552976013e-05,1.0,0.19108836656734604,33.35712958031711,0.574403097751252,14.8,0.019718099996680394,0.017867600050522014,0.46207559999311343,0.0017746999947121367,0.0020406999974511564,0.4263401999924099,0.001770;0.001775;0.001782,0.002142;0.001950;0.002041,0.426340,,sequential,2026-10-04T02:33:34+00:00
M0c1-00286,M0c1,localc1,Windows,11,AMD64,AMD Ryzen 3 5300U with Radeon Graphics,amd,1,4,2600,20.8,3.14.6,CPython,1,spawn,2.5.3,cpu,cpu_sum_squares,132946,427,0.0,ms,normal,8,452,1,1,1,2,0,0,0.008420499997252287,0.9950694915630067,0.009753608610131186,0.0013419634922640523,0.9462742508599211,15.1,0.052175599994370714,0.0002724999940255657,0.21489370000199415,0.06730399999651127,0.06996719999006018,0.07098349998705089,0.067304;0.068960;0.066811,0.070435;0.067417;0.069967,0.070983;0.071395;0.069340,,sequential,2026-10-04T02:33:35+00:00
M0c1-00287,M0c1,localc1,Windows,11,AMD64,AMD Ryzen 3 5300U with Radeon Graphics,amd,1,4,2600,20.8,3.14.6,CPython,1,spawn,2.5.3,mixed,mixed_hash_then_write,276,70921,0.0,seconds,normal,2820,70944,1,2,1,3,1,0,0.0004653598133759643,0.996514668283988,0.18241048515319497,0.033984459703069785,1.0286550728318398,14.3,0.09915679998812266,0.0010448999528307468,0.33582060001208447,1.250475099994219,1.2259444999945117,1.8111977000080515,1.252260;1.250475;1.246001,1.204928;1.257859;1.225944,1.811198;1.797601;1.841045,,threading,2026-10-04T02:33:49+00:00
M0c1-00288,M0c1,localc1,Windows,11,AMD64,AMD Ryzen 3 5300U with Radeon Graphics,amd,1,4,2600,20.8,3.14.6,CPython,1,spawn,2.5.3,mixed,mixed_compute_then_sleep,114686,1049,0.0,seconds,normal,283,1074,1,2,1,3,1,0,0.007772242858274174,0.6681088540936627,0.022509703644546377,0.000985191437280409,1.5191441348818318,18.5,0.09049709999817424,0.000340899990987964,0.33582060001208447,2.2105015000124695,1.3266131999989739,1.375753000000259,2.210938;2.203085;2.210502,1.323994;1.326613;1.329236,1.364353;1.384823;1.375753,,threading,2026-10-04T02:34:05+00:00
M0c1-00289,M0c1,localc1,Windows,11,AMD64,AMD Ryzen 3 5300U with Radeon Graphics,amd,1,4,2600,20.8,3.14.6,CPython,1,spawn,2.5.3,text,text_split_count,2,935,0.8,ms,normal,164,957,1,1,1,1,0,0,0.00018141463522447227,1.0,0.30378770641511366,0.020891363162702518,0.9364624608694097,13.9,0.015637300006346777,0.00036459996772464365,0.21489370000199415,0.026942099997540936,0.027222600008826703,0.028712300001643598,0.026264;0.027375;0.026942,0.027223;0.027720;0.026670,0.028724;0.028420;0.028712,,sequential,2026-10-04T02:34:05+00:00
M0c1-00290,M0c1,localc1,Windows,11,AMD64,AMD Ryzen 3 5300U with Radeon Graphics,amd,1,4,2600,20.8,3.14.6,CPython,1,spawn,2.5.3,tiny,tiny_add,22,124,0.8,seconds,normal,200000,143,1,2,0,1,0,0,1.538501091999933e-07,1.0,0.41442112327794156,30.646713705056865,0.288912187566682,12.8,0.005149499993422069,0.003002999786986038,0.33582060001208447,0.021856499995919876,0.03179660000023432,0.19944959999702405,0.021792;0.021856;0.022175,0.029429;0.031837;0.031797,0.199450,,sequential,2026-10-04T02:34:07+00:00
M0c1-00291,M0c1,localc1,Windows,11,AMD64,AMD Ryzen 3 5300U with Radeon Graphics,amd,1,4,2600,20.8,3.14.6,CPython,1,spawn,2.5.3,numpy,np_fft,717180,531,0.0,seconds,normal,11,556,1,4,0,0,0,1,0.18392353333183564,0.9941149223411165,0.04528701234460455,6.180104144734694e-05,1.0477139923912637,18.6,1.0858200000075158,0.0002668000088306144,0.46207559999311343,2.0506647000001976,2.0194744000036735,2.0468335000041407,1.996641;2.050665;2.127375,2.010464;2.023876;2.019474,2.046834;2.019774;2.174745,,threading,2026-10-04T02:34:27+00:00
M0c1-00292,M0c1,localc1,Windows,11,AMD64,AMD Ryzen 3 5300U with Radeon Graphics,amd,1,4,2600,20.8,3.14.6,CPython,1,spawn,2.5.3,mixed,mixed_compute_then_sleep,147393,161,0.0,ms,normal,8,183,1,4,1,3,1,0,0.009799500000857128,0.6498394452321943,0.04397594584516022,0.001350409417269922,1.3262536459619085,13.1,0.05235280000488274,0.0003108999953838065,0.46207559999311343,0.07821580000745598,0.05209809998632409,0.05534130000160076,0.078279;0.078216;0.077081,0.051972;0.052098;0.052283,0.054010;0.086250;0.055341,,threading,2026-10-04T02:34:28+00:00
M0c1-00293,M0c1,localc1,Windows,11,AMD64,AMD Ryzen 3 5300U with Radeon Graphics,amd,1,4,2600,20.8,3.14.6,CPython,1,spawn,2.5.3,algo_rec,algo_lcs_memo,3,680819,0.8,ms,big,8,680841,1,4,1,10,0,0,0.023400299998077873,0.9988629845835261,0.5273471461171901,0.008478523665619572,0.7503684459239104,15.9,0.13978269998915493,0.000901699997484684,0.46207559999311343,0.18096839998906944,0.1811193000030471,0.19312019999779295,0.180968;0.179208;0.180982,0.181185;0.180579;0.181119,0.193120;0.209226;0.189446,,sequential,2026-10-04T02:34:31+00:00
M0c1-00294,M0c1,localc1,Windows,11,AMD64,AMD Ryzen 3 5300U with Radeon Graphics,amd,1,4,2600,20.8,3.14.6,CPython,1,spawn,2.5.3,recursive,rec_nqueens,3,30,0.0,ms,normal,57,49,1,1,1,10,0,0,0.0005331357138597273,1.0,0.19253312224168476,0.007730543394862492,0.9269628081339277,8.3,0.015576699996017851,0.0002784999960567802,0.21489370000199415,0.02801490000274498,0.028683700002147816,0.030839400002150796,0.027398;0.028354;0.028015,0.028304;0.028805;0.028684,0.030839;0.030130;0.033004,,sequential,2026-10-04T02:34:31+00:00
M0c1-00295,M0c1,localc1,Windows,11,AMD64,AMD Ryzen 3 5300U with Radeon Graphics,amd,1,4,2600,20.8,3.14.6,CPython,1,spawn,2.5.3,big_result,result_records,927,117724,0.3,ms,big,90,117747,1,2,1,2,0,0,0.0016074090910313482,0.9974879958908629,3.5164449414256866,0.28024290843852145,3.4771558586579054,15.3,0.055320100000244565,0.009341099997982383,0.33582060001208447,0.039258099990547635,0.03913179998926353,0.12428799999179319,0.039258;0.037250;0.059583,0.039132;0.058775;0.036585,0.126529;0.123676;0.124288,,threading,2026-10-04T02:34:33+00:00
M0c1-00296,M0c1,localc1,Windows,11,AMD64,AMD Ryzen 3 5300U with Radeon Graphics,amd,1,4,2600,20.8,3.14.6,CPython,1,spawn,2.5.3,algo_iter,algo_dijkstra,1870,62,0.8,seconds,normal,440,82,1,2,2,15,0,0,0.005515189998550341,0.9893148885272752,0.47748413290181413,0.000808675501155207,1.209537830565508,10.0,0.10061249999853317,0.00028980000934097916,0.33582060001208447,2.3363219000020763,2.4019566000060877,2.344865999999456,2.319856;2.336322;2.343757,2.337107;2.537689;2.401957,2.333833;2.367488;2.344866,,sequential,2026-10-04T02:34:55+00:00
M0c1-00297,M0c1,localc1,Windows,11,AMD64,AMD Ryzen 3 5300U with Radeon Graphics,amd,1,4,2600,20.8,3.14.6,CPython,1,spawn,2.5.3,text,text_split_count,6,575,0.3,ms,normal,90,597,1,4,1,1,0,0,0.0002443318159996786,1.0,0.2352336094870135,0.014304319742016383,0.8000289366158266,3.5,0.012289299993426539,0.00032850004208739847,0.46207559999311343,0.01980409999669064,0.02031699998769909,0.023561699999845587,0.019804;0.020286;0.019678,0.020317;0.020685;0.019954,0.023562;0.024540;0.023558,,sequential,2026-10-04T02:34:55+00:00
M0c1-00298,M0c1,localc1,Windows,11,AMD64,AMD Ryzen 3 5300U with Radeon Graphics,amd,1,4,2600,20.8,3.14.6,CPython,1,spawn,2.5.3,tiny,tiny_dict_lookup,146,272,0.3,ms,normal,200000,294,1,4,0,1,0,0,3.289499654783867e-07,1.0,0.7428795582157772,10.594319612070983,0.4822602440896971,2.7,0.00587979999545496,0.003029600062291138,0.46207559999311343,0.05372699999134056,0.062034100003074855,0.2977729999984149,0.053893;0.053727;0.053087,0.064190;0.062034;0.061584,0.297773,,sequential,2026-10-04T02:34:57+00:00
M0c1-00299,M0c1,localc1,Windows,11,AMD64,AMD Ryzen 3 5300U with Radeon Graphics,amd,1,4,2600,20.8,3.14.6,CPython,1,spawn,2.5.3,cpu,cpu_sum_squares,232976,24,0.8,seconds,normal,14,46,1,1,1,2,0,0,0.016650400003224302,0.9994138130244632,0.41815263041886597,0.0006226077446403235,1.2144062766409902,1.2,0.09339219999674242,0.00025299999106209725,0.21489370000199415,0.23730540000542533,0.23198369999590795,0.23815879999892786,0.237305;0.236158;0.239524,0.234543;0.231984;0.231580,0.235708;0.252126;0.238159,,threading,2026-10-04T02:34:59+00:00
M0c1-00300,M0c1,localc1,Windows,11,AMD64,AMD Ryzen 3 5300U with Radeon Graphics,amd,1,4,2600,20.8,3.14.6,CPython,1,spawn,2.5.3,big_result,result_records,26767,286,0.3,seconds,normal,480,309,1,4,1,2,0,0,0.013479849993018433,0.9837564380721179,0.42258919194628464,1.1475350252682246,1.5789312366865225,8.7,0.15317869999853428,0.06219900002179202,0.46207559999311343,10.662858800002141,10.31999899999937,24.179121099994518,10.735808;10.662859;10.070928,11.653090;10.198234;10.319999,24.636735;24.179121;23.861457,,threading,2026-10-04T02:37:16+00:00
M0c1-00301,M0c1,localc1,Windows,11,AMD64,AMD Ryzen 3 5300U with Radeon Graphics,amd,1,4,2600,20.8,3.14.6,CPython,1,spawn,2.5.3,big_result,result_sorted_pairs,761,35,0.3,ms,normal,171,55,1,1,1,4,0,0,0.00032386904924697733,1.0,0.34403081750476533,0.8224929238724986,0.9209313747373676,7.5,0.03418410000449512,0.005794699929538183,0.21489370000199415,0.05111559999932069,0.050565700003062375,0.09952360000170302,0.065641;0.051116;0.049838,0.059820;0.049274;0.050566,0.126043;0.098230;0.099524,,threading,2026-10-04T02:37:18+00:00
M0c1-00302,M0c1,localc1,Windows,11,AMD64,AMD Ryzen 3 5300U with Radeon Graphics,amd,1,4,2600,20.8,3.14.6,CPython,1,spawn,2.5.3,tiny,tiny_small_loop,14,17,0.3,ms,normal,200000,36,1,1,0,0,0,0,5.666500946972519e-07,1.0,0.2816587433015354,6.759020015922999,0.9195793903977628,0.0,0.006322999994154088,0.003121599802398123,0.21489370000199415,0.05708009999943897,0.06881490000523627,0.19029410000075586,0.055142;0.057080;0.057867,0.068815;0.068855;0.067358,0.195072;0.189645;0.190294,,sequential,2026-10-04T02:37:19+00:00
M0c1-00303,M0c1,localc1,Windows,11,AMD64,AMD Ryzen 3 5300U with Radeon Graphics,amd,1,4,2600,20.8,3.14.6,CPython,1,spawn,2.5.3,recursive,rec_nqueens,6,1983,0.8,seconds,normal,370,2005,1,1,1,10,0,0,0.0010024820000398905,0.9996176647923523,0.4725675057761465,0.003980121161923903,0.9841089300696321,11.9,0.10089459999289829,0.0004169999883743003,0.21489370000199415,0.3514251000015065,0.35325909999664873,0.36584929999662563,0.350445;0.351425;0.352426,0.353259;0.351319;0.354793,0.368370;0.365841;0.365849,,sequential,2026-10-04T02:37:23+00:00
M0c1-00304,M0c1,localc1,Windows,11,AMD64,AMD Ryzen 3 5300U with Radeon Graphics,amd,1,4,2600,20.8,3.14.6,CPython,1,spawn,2.5.3,text,text_split_count,71,687,0.0,ms,normal,8,709,1,1,1,1,0,0,0.002517833335635563,1.0,0.11330568195754737,0.0036671731803018335,0.8892998381154136,13.3,0.01565410000330303,0.00022679999528918415,0.21489370000199415,0.018712299992330372,0.01962170000479091,0.020201599996653385,0.018712;0.018702;0.018738,0.019622;0.019560;0.020625,0.020819;0.020202;0.020162,,sequential,2026-10-04T02:37:24+00:00
M0c1-00305,M0c1,localc1,Windows,11,AMD64,AMD Ryzen 3 5300U with Radeon Graphics,amd,1,4,2600,20.8,3.14.6,CPython,1,spawn,2.5.3,text,text_split_count,7,290,0.8,ms,normal,305,312,1,1,1,1,0,0,0.00013038421016780806,1.0,0.4400620660555083,0.028147576798084543,0.8879713627095172,13.8,0.021409499997389503,0.0004365000204415992,0.21489370000199415,0.039769800001522526,0.040259100002003834,0.04159409999556374,0.039770;0.041731;0.039493,0.041176;0.040259;0.039323,0.041594;0.042131;0.041134,,sequential,2026-10-04T02:37:29+00:00
M0c1-00306,M0c1,localc1,Windows,11,AMD64,AMD Ryzen 3 5300U with Radeon Graphics,amd,1,4,2600,20.8,3.14.6,CPython,1,spawn,2.5.3,recursive,rec_quicksort,378,274,0.8,seconds,normal,321,296.75,1,1,1,8,0,0,0.00048451499969814904,0.999399648904933,0.47601598015026714,0.007048285011145123,1.0299536639980296,18.4,0.07631999999284744,0.0004385000065667555,0.21489370000199415,0.1480851999949664,0.14698730000236537,0.14987059999839403,0.146585;0.148085;0.148410,0.148506;0.146837;0.146987,0.151119;0.149250;0.149871,,threading,2026-10-04T02:37:31+00:00
M0c1-00307,M0c1,localc1,Windows,11,AMD64,AMD Ryzen 3 5300U with Radeon Graphics,amd,1,4,2600,20.8,3.14.6,CPython,1,spawn,2.5.3,mixed,mixed_compute_then_sleep,6578,22,0.0,ms,normal,52,42,1,2,1,3,1,0,0.000822592306156786,0.36616992979655466,0.151588725187935,0.005255431331895747,1.8059448403843064,21.8,0.016912999999476597,0.00030940001306589693,0.33582060001208447,0.04123479999543633,0.022762099993997253,0.022715400002198294,0.041235;0.041888;0.040629,0.023138;0.022619;0.022762,0.022455;0.022715;0.024463,,multiprocessing,2026-10-04T02:37:32+00:00
M0c1-00308,M0c1,localc1,Windows,11,AMD64,AMD Ryzen 3 5300U with Radeon Graphics,amd,1,4,2600,20.8,3.14.6,CPython,1,spawn,2.5.3,cpu,cpu_collatz,102,237095,0.8,seconds,big,843,237117,1,1,2,5,0,0,0.00027133189236141136,1.0,0.6491143689135942,0.13723044960350533,0.958806269590452,14.7,0.10407830000622198,0.0013185999123379588,0.21489370000199415,0.23395270000037272,0.23610629999893717,0.8467595999973128,0.230587;0.236569;0.233953,0.237012;0.236106;0.231564,0.818099;0.846760;0.851184,,sequential,2026-10-04T02:37:37+00:00
M0c1-00309,M0c1,localc1,Windows,11,AMD64,AMD Ryzen 3 5300U with Radeon Graphics,amd,1,4,2600,20.8,3.14.6,CPython,1,spawn,2.5.3,tiny,tiny_small_loop,3,34,0.0,seconds,normal,200000,53,1,4,0,0,0,0,3.8025002140784637e-07,1.0,0.587257144532031,10.216959380832783,0.6176250103433593,19.9,0.005827400003909133,0.0030323999526444823,0.46207559999311343,0.04313720000209287,0.052617800000007264,0.16299900000740308,0.040448;0.044558;0.043137,0.051645;0.052618;0.055368,0.153634;0.164303;0.162999,,sequential,2026-10-04T02:37:38+00:00
M0c1-00310,M0c1,localc1,Windows,11,AMD64,AMD Ryzen 3 5300U with Radeon Graphics,amd,1,4,2600,20.8,3.14.6,CPython,1,spawn,2.5.3,text,text_split_count,23,585,0.8,seconds,normal,904,607,1,1,1,1,0,0,0.0007214428578403645,0.9998619445550839,0.4064768218668785,0.005745430151279828,1.0673011053310035,18.2,0.098264600004768,0.0005097999528516084,0.21489370000199415,0.6442333000013605,0.6527351999975508,0.6545405999931972,0.649631;0.642956;0.644233,0.656395;0.652735;0.651727,0.662097;0.654541;0.652268,,sequential,2026-10-04T02:37:45+00:00
M0c1-00311,M0c1,localc1,Windows,11,AMD64,AMD Ryzen 3 5300U with Radeon Graphics,amd,1,4,2600,20.8,3.14.6,CPython,1,spawn,2.5.3,cpu,cpu_count_primes,4236,24,0.8,seconds,normal,1626,44,1,1,2,4,0,0,0.0021479374991031364,0.9904251129244088,0.5937818340235352,0.0018203508914367693,1.0135833754789905,19.5,0.10372410000127275,0.00040510002872906625,0.21489370000199415,3.7491783000004943,3.7504482000076678,3.7486999000102514,3.769279;3.740470;3.749178,3.750448;3.739754;3.751829,3.756131;3.735659;3.748700,,multiprocessing,2026-10-04T02:38:19+00:00
M0c1-00312,M0c1,localc1,Windows,11,AMD64,AMD Ryzen 3 5300U with Radeon Graphics,amd,1,4,2600,20.8,3.14.6,CPython,1,spawn,2.5.3,text,text_csv_parse,1,120,0.0,ms,normal,115,139,1,1,2,3,0,0,0.00017852142731758898,0.9969680054151768,0.2719209971145768,0.02036170158766328,0.9175310789697414,12.7,0.010773200003313832,0.0003542000340530649,0.21489370000199415,0.017467700003180653,0.018199700003606267,0.01884079999581445,0.017388;0.017486;0.017468,0.018200;0.018851;0.018011,0.018666;0.018900;0.018841,,sequential,2026-10-04T02:38:23+00:00
M0c1-00313,M0c1,localc1,Windows,11,AMD64,AMD Ryzen 3 5300U with Radeon Graphics,amd,1,4,2600,20.8,3.14.6,CPython,1,spawn,2.5.3,algo_iter,algo_kmeans,70,104,0.0,seconds,normal,1140,123,1,2,3,15,0,0,0.0017100233332409214,0.9976708019644001,0.04295311769495827,0.0030438178909561065,0.977322379910674,20.1,0.10388930000772234,0.00039590001688338816,0.33582060001208447,1.9432701000041561,1.9411132999957772,1.9557451000000583,1.946498;1.943270;1.930737,1.951399;1.938712;1.941113,1.993458;1.955745;1.944436,,threading,2026-10-04T02:38:41+00:00
M0c1-00314,M0c1,localc1,Windows,11,AMD64,AMD Ryzen 3 5300U with Radeon Graphics,amd,1,4,2600,20.8,3.14.6,CPython,1,spawn,2.5.3,tiny,tiny_len,116,860461,0.0,seconds,big,232,860483,1,4,0,0,0,0,7.18962963156659e-07,1.0,0.35924242745340107,594.3699773031193,0.06487287611637713,13.7,0.009741500005475245,0.008989300156827085,0.46207559999311343,2.7000001864507794e-05,0.00023555000370834023,0.4594227000052342,0.000075;0.000027;0.000023,0.000305;0.000167,0.459423,,sequential,2026-10-04T02:38:43+00:00
M0c1-00315,M0c1,localc1,Windows,11,AMD64,AMD Ryzen 3 5300U with Radeon Graphics,amd,1,4,2600,20.8,3.14.6,CPython,1,spawn,2.5.3,algo_rec,algo_merge_sort,129,21,0.0,ms,normal,347,40,1,4,1,10,0,0,0.00021099883722558313,1.0,0.13209852663680455,0.06071123179952337,0.9846127965958482,4.4,0.03718710000975989,0.0006848000048194081,0.46207559999311343,0.07175730000017211,0.07168900000397116,0.07905080000637099,0.071893;0.071757;0.071003,0.072255;0.071213;0.071689,0.079051;0.079345;0.078143,,threading,2026-10-04T02:38:44+00:00
M0c1-00316,M0c1,localc1,Windows,11,AMD64,AMD Ryzen 3 5300U with Radeon Graphics,amd,1,4,2600,20.8,3.14.6,CPython,1,spawn,2.5.3,algo_rec,algo_merge_sort,195,106,0.8,seconds,normal,895,125.2,1,1,1,10,0,0,0.00031759430392044066,1.0,0.5006415655567565,0.05091400729760341,0.9675588250661565,0.4,0.10313370000221767,0.000837799976579845,0.21489370000199415,0.2952269000088563,0.2990295000054175,0.3061005999916233,0.295227;0.292163;0.298796,0.299030;0.299106;0.295737,0.306101;0.308006;0.305322,,sequential,2026-10-04T02:38:47+00:00
M0c1-00317,M0c1,localc1,Windows,11,AMD64,AMD Ryzen 3 5300U with Radeon Graphics,amd,1,4,2600,20.8,3.14.6,CPython,1,spawn,2.5.3,tiny,tiny_small_loop,114,160,0.3,ms,normal,31623,179,1,1,0,0,0,0,9.157499516732059e-07,0.9847267499333769,1.385868032797437,4.591864044821649,0.8716099012491031,1.2,0.008065400004852563,0.00328270009777043,0.21489370000199415,0.02400639999541454,0.02679309999803081,0.04886300000362098,0.023970;0.024006;0.024192,0.026612;0.027393;0.026793,0.049193;0.048700;0.048863,,sequential,2026-10-04T02:38:48+00:00
M0c1-00318,M0c1,localc1,Windows,11,AMD64,AMD Ryzen 3 5300U with Radeon Graphics,amd,1,4,2600,20.8,3.14.6,CPython,1,spawn,2.5.3,algo_iter,algo_game_of_life,10,262,0.3,ms,normal,12,284,1,2,5,9,0,0,0.01800393332572033,0.9881714829630511,0.14785569728656664,0.0033844452595712103,1.2258971487613464,0.4,0.10239349999756087,0.0004218000249238685,0.33582060001208447,0.19733749999431893,0.19819830000051297,0.20068019999598619,0.195505;0.197337;0.198353,0.198198;0.199529;0.197318,0.199342;0.203526;0.200680,,sequential,2026-10-04T02:38:50+00:00
M0c1-00319,M0c1,localc1,Windows,11,AMD64,AMD Ryzen 3 5300U with Radeon Graphics,amd,1,4,2600,20.8,3.14.6,CPython,1,spawn,2.5.3,io,io_sleep,553,106,0.8,seconds,normal,637,125.7,1,2,0,1,1,0,0.0008451349989627488,0.032294605178319266,0.4369595969903769,0.004490404897014131,1.7884302644423793,3.9,0.0800592999876244,0.0005857000505784526,0.33582060001208447,0.5343826000025729,0.283117900005891,0.2840230000001611,0.561940;0.533116;0.534383,0.283118;0.284049;0.276567,0.285404;0.284023;0.277989,,threading,2026-10-04T02:38:54+00:00
M0c1-00320,M0c1,localc1,Windows,11,AMD64,AMD Ryzen 3 5300U with Radeon Graphics,amd,1,4,2600,20.8,3.14.6,CPython,1,spawn,2.5.3,gil_release,gil_bz2,101,300000,0.0,seconds,big,36,300022,1,1,0,1,0,1,0.010536619994672947,0.9998633903383568,0.02426284508348364,0.0047719286366581445,0.9840917808953499,16.3,0.1061387000081595,0.0004994000337319449,0.21489370000199415,0.381827199991676,0.37893370000529103,0.40278350000153296,0.395485;0.381827;0.378066,0.390337;0.378112;0.378934,0.407128;0.402234;0.402784,,threading,2026-10-04T02:38:58+00:00
M0c1-00321,M0c1,localc1,Windows,11,AMD64,AMD Ryzen 3 5300U with Radeon Graphics,amd,1,4,2600,20.8,3.14.6,CPython,1,spawn,2.5.3,big_result,result_long_string,3882,111,0.0,ms,normal,68,131,1,1,1,1,0,0,0.0009779941191321567,1.0,0.13184857130512936,0.024485891598782922,0.9517992228364847,21.9,0.03431439999258146,0.0006945999630261213,0.21489370000199415,0.06416299998818431,0.0636986000026809,0.0835676999995485,0.064163;0.063890;0.075293,0.064305;0.062885;0.063699,0.083568;0.082546;0.085226,,threading,2026-10-04T02:39:00+00:00
M0c1-00322,M0c1,localc1,Windows,11,AMD64,AMD Ryzen 3 5300U with Radeon Graphics,amd,1,4,2600,20.8,3.14.6,CPython,1,spawn,2.5.3,io,io_sleep,3672,227,0.0,ms,normal,8,247,1,1,0,1,1,0,0.00395073333735733,0.012866515708387476,0.02204908626991428,0.0031133451932060306,1.3288766224620316,14.7,0.021321599997463636,0.0003260999801568687,0.21489370000199415,0.032216699997661635,0.03278609999688342,0.035018499998841435,0.032028;0.032516;0.032217,0.032230;0.032786;0.032813,0.033337;0.035936;0.035018,,sequential,2026-10-04T02:39:00+00:00
M0c1-00323,M0c1,localc1,Windows,11,AMD64,AMD Ryzen 3 5300U with Radeon Graphics,amd,1,4,2600,20.8,3.14.6,CPython,1,spawn,2.5.3,cpu,cpu_matmul_lists,18,868038,0.0,seconds,big,230,868060,1,1,3,5,0,0,0.0004144263154573804,1.0,0.08742473094525195,0.8952375547015421,0.9708032878511743,16.0,0.05578560000867583,0.007902600016677752,0.21489370000199415,0.09258789999876171,0.09319379999942612,0.6383184000005713,0.093174;0.092588;0.092228,0.093194;0.096114;0.092930,0.638318,,sequential,2026-10-04T02:39:03+00:00
M0c1-00324,M0c1,localc1,Windows,11,AMD64,AMD Ryzen 3 5300U with Radeon Graphics,amd,1,4,2600,20.8,3.14.6,CPython,1,spawn,2.5.3,tiny,tiny_add,2,920144,0.0,seconds,big,217,920166,1,2,0,1,0,0,4.62963523912347e-07,1.0,0.35100258758204783,811.3922172377123,0.025359368300274143,18.6,0.009047400002600625,0.00797009996313136,0.33582060001208447,2.2299995180219412e-05,0.00018770000315271318,0.48268490000918973,0.000071;0.000022;0.000016,0.000240;0.000136,0.482685,,sequential,2026-10-04T02:39:04+00:00
M0c1-00325,M0c1,localc1,Windows,11,AMD64,AMD Ryzen 3 5300U with Radeon Graphics,amd,1,4,2600,20.8,3.14.6,CPython,1,spawn,2.5.3,big_payload,big_reverse,1,130804,0.0,seconds,big,1529,130826,1,2,0,0,0,0,8.326230362832976e-05,0.9985965063157183,0.21492811489742275,0.47710668009415463,0.8264894920242286,16.1,0.07234080000489485,0.0018803000275511295,0.33582060001208447,0.16513059999851976,0.16880180001317058,1.4929008000035537,0.175809;0.165131;0.164368,0.165518;0.168802;0.184576,1.492901,,sequential,2026-10-04T02:39:08+00:00
M0c1-00326,M0c1,localc1,Windows,11,AMD64,AMD Ryzen 3 5300U with Radeon Graphics,amd,1,4,2600,20.8,3.14.6,CPython,1,spawn,2.5.3,recursive,rec_quicksort,374,259,0.8,ms,normal,23,281.6,1,4,1,8,0,0,0.0004863800015300512,1.0,0.5298822888559049,0.014227553298341558,1.057488295332235,16.3,0.005208100003073923,0.0002238999877590686,0.46207559999311343,0.010356500002671964,0.010573200008366257,0.015364399994723499,0.010357;0.010421;0.010310,0.010573;0.010624;0.010551,0.013785;0.015364;0.043688,,sequential,2026-10-04T02:39:09+00:00
M0c1-00327,M0c1,localc1,Windows,11,AMD64,AMD Ryzen 3 5300U with Radeon Graphics,amd,1,4,2600,20.8,3.14.6,CPython,1,spawn,2.5.3,algo_rec,algo_flood_fill,12,42,0.3,ms,normal,32,61,1,4,3,10,0,0,0.004757450000397512,1.0,0.423671051093707,0.0011350616992415509,0.802863700740886,15.7,0.08044189999054652,0.0002724999940255657,0.46207559999311343,0.15608810000412632,0.15800930000841618,0.16702670000086073,0.155750;0.156088;0.157761,0.159304;0.155805;0.158009,0.167027;0.159888;0.168230,,sequential,2026-10-04T02:39:11+00:00
M0c1-00328,M0c1,localc1,Windows,11,AMD64,AMD Ryzen 3 5300U with Radeon Graphics,amd,1,4,2600,20.8,3.14.6,CPython,1,spawn,2.5.3,tiny,tiny_small_loop,20,18,0.3,ms,normal,200000,37,1,1,0,0,0,0,4.131499663344584e-07,1.0,0.27578062576152523,11.872202932083479,0.5573383253665453,15.9,0.006315200007520616,0.003183100066962652,0.21489370000199415,0.06246850000752602,0.07192760000179987,0.1961440000013681,0.060783;0.062489;0.062469,0.072757;0.071506;0.071928,0.197340;0.196144;0.189582,,sequential,2026-10-04T02:39:12+00:00
M0c1-00329,M0c1,localc1,Windows,11,AMD64,AMD Ryzen 3 5300U with Radeon Graphics,amd,1,4,2600,20.8,3.14.6,CPython,1,spawn,2.5.3,text,text_format_report,202,1043,0.8,seconds,normal,9143,1065.55,1,2,1,2,0,0,0.0002586567009614358,0.96959698765742,0.6152832628824557,0.015387192597228667,1.0268531721589225,20.0,0.0994700000010198,0.0006946000212337822,0.33582060001208447,2.2647828000044683,2.2762796000024537,2.292436400006409,2.256818;2.265293;2.264783,2.273842;2.276962;2.276280,2.289096;2.292436;2.297555,,sequential,2026-10-04T02:39:33+00:00
M0c1-00330,M0c1,localc1,Windows,11,AMD64,AMD Ryzen 3 5300U with Radeon Graphics,amd,1,4,2600,20.8,3.14.6,CPython,1,spawn,2.5.3,algo_iter,algo_kmeans,58,33,0.0,ms,normal,30,52,1,1,3,15,0,0,0.0014975714293541387,1.0,0.1443791475379551,0.005313363306373376,0.8977192750818448,15.6,0.02181910000217613,0.00027799999224953353,0.21489370000199415,0.042255499996826984,0.04434469999978319,0.0442862000054447,0.043841;0.042255;0.042093,0.044345;0.044551;0.042723,0.044330;0.044286;0.044242,,sequential,2026-10-04T02:39:34+00:00
M0c1-00331,M0c1,localc1,Windows,11,AMD64,AMD Ryzen 3 5300U with Radeon Graphics,amd,1,4,2600,20.8,3.14.6,CPython,1,spawn,2.5.3,tiny,tiny_dict_lookup,35,650823,0.3,ms,big,307,650845,1,2,0,1,0,0,6.828936181447812e-07,1.0,0.44339011515887794,447.00959614864286,0.06857660068950773,17.1,0.007543100000475533,0.006668400077614933,0.33582060001208447,6.489999941550195e-05,0.00018200000340584666,0.5696650000027148,0.000132;0.000065;0.000061,0.000326;0.000181;0.000182,0.569665,,sequential,2026-10-04T02:39:36+00:00
M0c1-00332,M0c1,localc1,Windows,11,AMD64,AMD Ryzen 3 5300U with Radeon Graphics,amd,1,4,2600,20.8,3.14.6,CPython,1,spawn,2.5.3,text,text_split_count,1,1192,0.3,ms,normal,270,1214,1,1,1,1,0,0,0.00015888507534409248,0.995054138467602,0.2315753990951809,0.02397959593837297,0.9310413748328168,20.3,0.022354899992933497,0.00041899994539562613,0.21489370000199415,0.04049729999678675,0.041688100012834184,0.04291590000502765,0.040350;0.040562;0.040497,0.041688;0.041710;0.040872,0.042916;0.047630;0.042400,,sequential,2026-10-04T02:39:37+00:00
M0c1-00333,M0c1,localc1,Windows,11,AMD64,AMD Ryzen 3 5300U with Radeon Graphics,amd,1,4,2600,20.8,3.14.6,CPython,1,spawn,2.5.3,text,text_regex_findall,76,2213,0.3,ms,normal,8,2235,1,4,1,1,0,0,0.00645529999746941,0.9781578590469937,0.034577427107793074,0.0017091893543926286,0.7722349815890868,13.5,0.04431009999825619,0.00023780000628903508,0.46207559999311343,0.06039549999695737,0.05976530000043567,0.062124499992933124,0.058603;0.060399;0.060395,0.058977;0.059988;0.059765,0.062124;0.062688;0.061712,,threading,2026-10-04T02:39:38+00:00
M0c1-00334,M0c1,localc1,Windows,11,AMD64,AMD Ryzen 3 5300U with Radeon Graphics,amd,1,4,2600,20.8,3.14.6,CPython,1,spawn,2.5.3,gil_release,gil_bz2,286,300000,0.8,seconds,big,42,300022.6666666667,1,1,0,1,0,1,0.027992366667604074,1.0,0.095244957797715,0.002586419159395063,1.3256443832811948,16.0,0.14536619999853428,0.00045589999353978783,0.21489370000199415,0.9709632000012789,0.9713581999967573,0.9985807999910321,0.973968;0.969782;0.970963,0.979327;0.968383;0.971358,0.998581;0.997957;0.999949,,sequential,2026-10-04T02:39:48+00:00
M0c1-00335,M0c1,localc1,Windows,11,AMD64,AMD Ryzen 3 5300U with Radeon Graphics,amd,1,4,2600,20.8,3.14.6,CPython,1,spawn,2.5.3,tiny,tiny_add,824,31,0.3,ms,normal,164031,51,1,1,0,1,0,0,2.565498507465236e-07,1.0,0.2934326224593821,18.88521771007968,0.3964667677002582,14.0,0.006131999994977377,0.00347280029382091,0.21489370000199415,0.017963399994187057,0.028823900007409975,0.13549360001343302,0.017963;0.017951;0.018323,0.030116;0.028824;0.028018,0.135494,,sequential,2026-10-04T02:39:49+00:00
M0c1-00336,M0c1,localc1,Windows,11,AMD64,AMD Ryzen 3 5300U with Radeon Graphics,amd,1,4,2600,20.8,3.14.6,CPython,1,spawn,2.5.3,io,io_sleep_return_payload,1723,140706,0.0,ms,big,12,140729,1,1,0,1,1,0,0.001965066670284917,0.024592037740914955,0.04047611399300052,0.031856423703428845,1.225445617113384,12.8,0.011410699997213669,0.00047989998711273074,0.21489370000199415,0.02466519999143202,0.025151800000458024,0.029909599994425662,0.024234;0.024665;0.025881,0.025152;0.024772;0.025203,0.030052;0.029910;0.029409,,sequential,2026-10-04T02:39:49+00:00
M0c1-00337,M0c1,localc1,Windows,11,AMD64,AMD Ryzen 3 5300U with Radeon Graphics,amd,1,4,2600,20.8,3.14.6,CPython,1,spawn,2.5.3,io,io_sleep_chunks,6394,74,0.3,ms,normal,8,94,1,1,1,1,1,0,0.00784166666077605,0.02215191486902587,0.05000365119780245,0.0015515403578372805,1.3654942359186388,16.1,0.04161519999615848,0.00029320000612642616,0.21489370000199415,0.06667640000523534,0.06817860000592191,0.06921109999530017,0.066491;0.067030;0.066676,0.068179;0.068460;0.066166,0.067901;0.069211;0.071638,,sequential,2026-10-04T02:39:50+00:00
M0c1-00338,M0c1,localc1,Windows,11,AMD64,AMD Ryzen 3 5300U with Radeon Graphics,amd,1,4,2600,20.8,3.14.6,CPython,1,spawn,2.5.3,big_payload,big_upper_copy,5,1599339,0.8,ms,big,125,1599361,1,1,0,0,0,0,0.0011729741935625733,0.9893352429317038,0.09590441042918355,1.257985902562092,0.9723609701171275,12.7,0.10346300000674091,0.030089899999438785,0.21489370000199415,0.15163940000638831,0.15791080000053626,1.1595697000011569,0.159083;0.149994;0.151639,0.161227;0.152885;0.157911,1.159570,,sequential,2026-10-04T02:39:54+00:00
M0c1-00339,M0c1,localc1,Windows,11,AMD64,AMD Ryzen 3 5300U with Radeon Graphics,amd,1,4,2600,20.8,3.14.6,CPython,1,spawn,2.5.3,db,db_file_lookup,15,1466891,0.0,seconds,big,136,1466913,1,4,1,5,1,0,0.0013341235282817198,0.9983590609385404,0.10594517229024267,0.6499623027175858,0.4594405525461533,17.6,0.16028300000471063,0.01784980004595127,0.46207559999311343,0.18471460000728257,0.19531470000219997,0.7039770999981556,0.184715;0.190720;0.164747,0.195315;0.213698;0.190794,0.741854;0.683351;0.703977,,sequential,2026-10-04T02:39:58+00:00
M0c1-00340,M0c1,localc1,Windows,11,AMD64,AMD Ryzen 3 5300U with Radeon Graphics,amd,1,4,2600,20.8,3.14.6,CPython,1,spawn,2.5.3,numpy,np_elementwise,4244,193883,0.3,ms,big,47,193906,1,4,0,4,0,0,0.0010038363649404016,0.99322688817302,0.07673794884113323,0.03884189796145975,0.9039113271460066,6.1,0.023806800003512762,0.0007190999895101413,0.46207559999311343,0.04650670000410173,0.047764599992660806,0.06237519999558572,0.047486;0.046507;0.046489,0.047765;0.050477;0.047043,0.063956;0.062375;0.062259,,sequential,2026-10-04T02:39:59+00:00
M0c1-00341,M0c1,localc1,Windows,11,AMD64,AMD Ryzen 3 5300U with Radeon Graphics,amd,1,4,2600,20.8,3.14.6,CPython,1,spawn,2.5.3,db,db_mem_group_by,421,732611,0.3,ms,big,272,732634,1,2,1,2,1,0,0.0005727705891545423,0.9974002989700956,0.1488966562847266,0.46836378245109894,0.9597467806449166,1.2,0.08539140000357293,0.00582629993732553,0.33582060001208447,0.15784359999815933,0.15901190000295173,0.6663782999967225,0.156964;0.164936;0.157844,0.159012;0.158612;0.167037,0.665371;0.666378;0.684876,,sequential,2026-10-04T02:40:03+00:00
M0c1-00342,M0c1,localc1,Windows,11,AMD64,AMD Ryzen 3 5300U with Radeon Graphics,amd,1,4,2600,20.8,3.14.6,CPython,1,spawn,2.5.3,gil_release,gil_numpy_matmul,259,58067,0.0,seconds,normal,2092,58090,1,1,0,2,0,1,0.0008797894751248686,0.9870960322344459,0.1635899345729184,0.014679648348738267,1.052756684871183,1.2,0.09797319999779575,0.0006498999136965722,0.21489370000199415,1.7077630999992834,1.7042346999951405,2.0801659999997355,1.700513;1.726157;1.707763,1.700949;1.704235;1.726724,2.080166;2.072629;2.087079,,threading,2026-10-04T02:40:21+00:00
M0c1-00343,M0c1,localc1,Windows,11,AMD64,AMD Ryzen 3 5300U with Radeon Graphics,amd,1,4,2600,20.8,3.14.6,CPython,1,spawn,2.5.3,algo_rec,algo_flood_fill,12,1006,0.8,ms,normal,8,1028,1,2,3,10,0,0,0.0031362666729061552,0.9988519873857233,0.5303612028822925,0.002880281015658475,1.1058865952364094,10.8,0.020779500002390705,0.00021989998640492558,0.33582060001208447,0.028332600006251596,0.02848700000322424,0.06427560000156518,0.027947;0.028335;0.028333,0.028487;0.028199;0.029211,0.064825;0.064276;0.062495,,sequential,2026-10-04T02:40:22+00:00
M0c1-00344,M0c1,localc1,Windows,11,AMD64,AMD Ryzen 3 5300U with Radeon Graphics,amd,1,4,2600,20.8,3.14.6,CPython,1,spawn,2.5.3,numpy,np_elementwise,78039,508631,0.8,seconds,big,393,508660.6,1,4,0,4,0,0,0.0050880699971457945,0.9974445132199257,0.3195171693378492,0.02987576778164708,1.2556675298290456,0.4,0.09260150000045542,0.001860800024587661,0.46207559999311343,1.8731059999990975,1.8976302999944892,2.5286670999921625,1.960174;1.865863;1.873106,1.913757;1.870126;1.897630,2.534063;2.528667;2.492598,,sequential,2026-10-04T02:40:42+00:00
M0c1-00345,M0c1,localc1,Windows,11,AMD64,AMD Ryzen 3 5300U with Radeon Graphics,amd,1,4,2600,20.8,3.14.6,CPython,1,spawn,2.5.3,tiny,tiny_add,477,224,0.3,ms,normal,193584,244,1,4,0,1,0,0,2.3615002282895147e-07,1.0,0.36051716059280303,15.413924459206761,0.35900934709745924,18.6,0.005602399993222207,0.003012399945873767,0.46207559999311343,0.027890600002137944,0.03928289999021217,0.293181300003198,0.040806;0.027891;0.027782,0.039283;0.038295;0.040049,0.293181,,sequential,2026-10-04T02:40:43+00:00
M0c1-00346,M0c1,localc1,Windows,11,AMD64,AMD Ryzen 3 5300U with Radeon Graphics,amd,1,4,2600,20.8,3.14.6,CPython,1,spawn,2.5.3,cpu,cpu_count_primes,1076,433,0.3,seconds,normal,1048,456,1,2,2,4,0,0,0.000374119402797295,1.0,0.25468749504445315,0.010785327185088575,1.0384434591710954,18.8,0.09889880000264384,0.0006061000167392194,0.33582060001208447,0.3724837000045227,0.3769146999984514,0.3754017000028398,0.372484;0.375500;0.370378,0.376915;0.379500;0.373569,0.375402;0.379436;0.374670,,sequential,2026-10-04T02:40:47+00:00
M0c1-00347,M0c1,localc1,Windows,11,AMD64,AMD Ryzen 3 5300U with Radeon Graphics,amd,1,4,2600,20.8,3.14.6,CPython,1,spawn,2.5.3,tiny,tiny_small_loop,8,84,0.0,seconds,normal,200000,103,1,2,0,0,0,0,4.4754995906259866e-07,1.0,0.6198316805841898,11.071387823646834,0.650489232977418,14.3,0.006340799998724833,0.0032463000825373456,0.33582060001208447,0.04666719998931512,0.06063420001009945,0.21701890000258572,0.046667;0.048416;0.046629,0.059908;0.061729;0.060634,0.217019;0.208115;0.220819,,sequential,2026-10-04T02:40:50+00:00
M0c1-00348,M0c1,localc1,Windows,11,AMD64,AMD Ryzen 3 5300U with Radeon Graphics,amd,1,4,2600,20.8,3.14.6,CPython,1,spawn,2.5.3,cpu,cpu_collatz,746,23,0.0,seconds,normal,790,43,1,2,2,5,0,0,0.0034710733346097794,1.0,0.017286197518498143,0.0011696675407375265,0.9973003227061674,14.1,0.10451809999358375,0.0003339999675517902,0.33582060001208447,2.693873199998052,2.707582300005015,2.6955695999931777,2.874034;2.693873;2.691744,2.710326;2.707582;2.699532,2.695570;2.699320;2.689267,,sequential,2026-10-04T02:41:15+00:00
M0c1-00349,M0c1,localc1,Windows,11,AMD64,AMD Ryzen 3 5300U with Radeon Graphics,amd,1,4,2600,20.8,3.14.6,CPython,1,spawn,2.5.3,algo_iter,algo_kmeans,177,19,0.0,ms,normal,13,38,1,2,3,15,0,0,0.004436433329829015,0.992631085224403,0.07743209843993952,0.0027349308575084163,0.9306346621221492,17.3,0.027133800002047792,0.000244500013650395,0.33582060001208447,0.055242999995243736,0.05561820000002626,0.05754620001243893,0.055198;0.056381;0.055243,0.054765;0.057171;0.055618,0.057546;0.057596;0.057380,,sequential,2026-10-04T02:41:16+00:00
M0c1-00350,M0c1,localc1,Windows,11,AMD64,AMD Ryzen 3 5300U with Radeon Graphics,amd,1,4,2600,20.8,3.14.6,CPython,1,spawn,2.5.3,recursive,rec_tree_sum,375,363,0.3,seconds,normal,2822,386,1,2,0,4,0,0,0.0001433261493040281,1.0,0.08483706630968613,0.026861818016180927,0.9760072640431646,14.3,0.10195240000030026,0.000858700048411265,0.33582060001208447,0.4038228999997955,0.4076405999949202,0.4103084999951534,0.405819;0.402958;0.403823,0.408692;0.407641;0.405845,0.407892;0.416157;0.410308,,sequential,2026-10-04T02:41:20+00:00
M0c1-00351,M0c1,localc1,Windows,11,AMD64,AMD Ryzen 3 5300U with Radeon Graphics,amd,1,4,2600,20.8,3.14.6,CPython,1,spawn,2.5.3,algo_iter,algo_edit_distance,67372,834118,0.8,seconds,big,32,834144.6666666666,1,2,2,16,0,0,0.018814666667215835,0.9993913029381548,0.33605100429994045,0.018373963490731237,0.8781699525232819,16.5,0.10684410000976641,0.0013291000068420544,0.33582060001208447,0.5368718999961857,0.5395705999981146,0.598962300005951,0.538828;0.536872;0.534576,0.539571;0.536425;0.540835,0.598962;0.601674;0.597248,,sequential,2026-10-04T02:41:26+00:00
M0c1-00352,M0c1,localc1,Windows,11,AMD64,AMD Ryzen 3 5300U with Radeon Graphics,amd,1,4,2600,20.8,3.14.6,CPython,1,spawn,2.5.3,gil_release,gil_numpy_matmul,63,26887,0.8,ms,normal,203,26909,1,2,0,2,0,1,6.630000105360523e-05,1.0,0.4906768012792989,0.13220209555565246,0.7470487146558418,12.7,0.008291700010886416,0.0006039999570930377,0.33582060001208447,0.011741099995560944,0.01194099998974707,0.02418249999755062,0.011741;0.011471;0.013449,0.012122;0.011938;0.011941,0.024997;0.023903;0.024182,,sequential,2026-10-04T02:41:27+00:00
M0c1-00353,M0c1,localc1,Windows,11,AMD64,AMD Ryzen 3 5300U with Radeon Graphics,amd,1,4,2600,20.8,3.14.6,CPython,1,spawn,2.5.3,db,db_mem_group_by,34,756701,0.0,ms,big,264,756723,1,4,1,2,1,0,0.00015303636345462027,0.9999725009134703,0.23866462015126094,2.0885885733129927,0.896084563186488,12.5,0.028043599988450296,0.006841199996415526,0.46207559999311343,0.03823320000083186,0.03872919999412261,0.544461900004535,0.038209;0.038427;0.038233,0.039377;0.038729;0.038541,0.544462,,sequential,2026-10-04T02:41:29+00:00
M0c1-00354,M0c1,localc1,Windows,11,AMD64,AMD Ryzen 3 5300U with Radeon Graphics,amd,1,4,2600,20.8,3.14.6,CPython,1,spawn,2.5.3,text,text_split_count,51,2692,0.0,seconds,normal,114,2714,1,2,1,1,0,0,0.007082237500071642,0.991300457945694,0.02774597570176825,0.000774825745072878,0.9690536490148942,0.8,0.11510039999848232,0.0002941999991890043,0.33582060001208447,0.8132723000016995,0.8158933000086108,0.8112340999941807,0.808468;0.813272;0.814125,0.813776;0.815893;0.839622,0.812620;0.808735;0.811234,,multiprocessing,2026-10-04T02:41:39+00:00
M0c1-00355,M0c1,localc1,Windows,11,AMD64,AMD Ryzen 3 5300U with Radeon Graphics,amd,1,4,2600,20.8,3.14.6,CPython,1,spawn,2.5.3,algo_iter,algo_edit_distance,242,85,0.3,ms,normal,773,104.35,1,2,2,16,0,0,5.751450780122855e-05,0.9961603874973919,0.19774192257836304,0.058680850486064355,0.9742758547199292,2.0,0.023176400005468167,0.0005673999985447153,0.33582060001208447,0.04316180000023451,0.04356030000781175,0.04600029998982791,0.043781;0.042929;0.043162,0.043255;0.043719;0.043560,0.046309;0.045499;0.046000,,sequential,2026-10-04T02:41:40+00:00
M0c1-00356,M0c1,localc1,Windows,11,AMD64,AMD Ryzen 3 5300U with Radeon Graphics,amd,1,4,2600,20.8,3.14.6,CPython,1,spawn,2.5.3,text,text_regex_findall,4,439,0.3,seconds,normal,16291,461,1,2,1,1,0,0,8.992797836731945e-05,0.9704412243034046,0.47668112009543123,0.04481364087742949,1.0540151594057678,0.8,0.09855429999879561,0.0012319999805185944,0.33582060001208447,1.3889691999938805,1.3807984000013676,1.7143696999992244,1.391516;1.388969;1.388646,1.380798;1.379447;1.382146,1.724443;1.714370;1.710477,,threading,2026-10-04T02:41:54+00:00
M0c1-00357,M0c1,localc1,Windows,11,AMD64,AMD Ryzen 3 5300U with Radeon Graphics,amd,1,4,2600,20.8,3.14.6,CPython,1,spawn,2.5.3,numpy,np_fft,227048,128266,0.3,seconds,big,19,128300,1,2,0,0,0,1,0.045804333329821624,0.9832198666020973,0.5426211723228992,0.001455466437053436,1.4128409003965476,12.5,0.2682349999959115,0.0004361000028438866,0.33582060001208447,0.9007444000017131,0.8896161000011489,0.8919766000035452,0.872129;0.906742;0.900744,0.884591;0.889616;0.908240,0.869031;0.891977;0.911807,,threading,2026-10-04T02:42:03+00:00
M0c1-00358,M0c1,localc1,Windows,11,AMD64,AMD Ryzen 3 5300U with Radeon Graphics,amd,1,4,2600,20.8,3.14.6,CPython,1,spawn,2.5.3,text,text_csv_parse,14,80,0.0,seconds,normal,5388,99,1,2,2,3,0,0,0.0007296710136343145,0.9911632607669567,0.10459574321443901,0.004906320169436662,1.0189957045472144,15.6,0.09989559999667108,0.00046260005910880864,0.33582060001208447,3.8833072000124957,3.8519548999902327,3.7836412000033306,3.887018;3.868934;3.883307,3.848954;3.851955;3.857301,3.770784;3.783641;3.785828,,multiprocessing,2026-10-04T02:42:38+00:00
M0c1-00359,M0c1,localc1,Windows,11,AMD64,AMD Ryzen 3 5300U with Radeon Graphics,amd,1,4,2600,20.8,3.14.6,CPython,1,spawn,2.5.3,recursive,rec_fib,1319,430,0.3,ms,normal,78,453,1,4,0,4,0,0,0.00015647894485338934,1.0,0.23081347876053843,0.023981709391009215,1.0507650981367183,13.9,0.006182299999636598,0.00028570003632921726,0.46207559999311343,0.009549299997161143,0.00975270000344608,0.012541300005977973,0.009593;0.009549;0.009522,0.009753;0.009768;0.009726,0.012086;0.012940;0.012541,,sequential,2026-10-04T02:42:39+00:00
M0c1-00360,M0c1,localc1,Windows,11,AMD64,AMD Ryzen 3 5300U with Radeon Graphics,amd,1,4,2600,20.8,3.14.6,CPython,1,spawn,2.5.3,algo_iter,algo_dijkstra,4999,1803,0.8,ms,normal,8,1826,1,2,2,15,0,0,0.0260048666629397,0.9896370551265682,0.13456127992458336,0.0004114615930760913,2.007068759237976,20.9,0.11494920001132414,0.0002693000278668478,0.33582060001208447,0.1411573000077624,0.14197719999356195,0.1317453000083333,0.129340;0.141157;0.142451,0.141977;0.131790;0.145332,0.130528;0.131745;0.137699,,multiprocessing,2026-10-04T02:42:41+00:00
M0c1-00361,M0c1,localc1,Windows,11,AMD64,AMD Ryzen 3 5300U with Radeon Graphics,amd,1,4,2600,20.8,3.14.6,CPython,1,spawn,2.5.3,mixed,mixed_compute_then_sleep,21193,188,0.8,ms,normal,47,208,1,2,1,3,1,0,0.0014920545456169004,0.545930682427937,0.5001122059587391,0.003936001101351391,1.6247152800560292,17.3,0.02741089998744428,0.0003642999945441261,0.33582060001208447,0.07104619999881834,0.046118700003717095,0.04917389999900479,0.071046;0.070849;0.073014,0.046119;0.045036;0.047342,0.048296;0.050130;0.049174,,threading,2026-10-04T02:42:42+00:00
M0c1-00362,M0c1,localc1,Windows,11,AMD64,AMD Ryzen 3 5300U with Radeon Graphics,amd,1,4,2600,20.8,3.14.6,CPython,1,spawn,2.5.3,mixed,mixed_hash_then_write,107,34347,0.3,ms,normal,73,34369,1,4,1,3,1,0,0.0003903722220760149,1.0,0.15334899034201077,0.022556816798167484,0.8127716608767008,17.3,0.01593460000003688,0.00046970001130830497,0.46207559999311343,0.030037700009415857,0.03153860000020359,0.04161120000935625,0.027792;0.030182;0.030038,0.030221;0.031539;0.031564,0.041611;0.041266;0.042342,,sequential,2026-10-04T02:42:43+00:00
M0c1-00363,M0c1,localc1,Windows,11,AMD64,AMD Ryzen 3 5300U with Radeon Graphics,amd,1,4,2600,20.8,3.14.6,CPython,1,spawn,2.5.3,text,text_csv_parse,1,67,0.8,seconds,normal,4111,86,1,4,2,3,0,0,9.374557434701362e-05,1.0,0.18704708707242174,0.0382417937774173,1.033054798432421,20.7,0.0993330000055721,0.0011574000382097438,0.46207559999311343,0.37957179998920765,0.38895889998821076,0.38090020000527147,0.379572;0.377548;0.383637,0.382624;0.389585;0.388959,0.381216;0.379757;0.380900,,sequential,2026-10-04T02:42:47+00:00
M0c1-00364,M0c1,localc1,Windows,11,AMD64,AMD Ryzen 3 5300U with Radeon Graphics,amd,1,4,2600,20.8,3.14.6,CPython,1,spawn,2.5.3,db,db_mem_insert_select,12,131420,0.8,seconds,big,1521,131442,1,4,1,1,1,0,0.00010025605274437878,0.9993259418599567,0.13019668712026922,0.23534737152265764,0.9157551809487418,16.5,0.08123599999817088,0.0014947999588912353,0.46207559999311343,0.15106940000259783,0.1744324999890523,0.758355500001926,0.152065;0.151069;0.150947,0.174432;0.193968;0.154235,0.741549;0.759328;0.758356,,sequential,2026-10-04T02:42:51+00:00
M0c1-00365,M0c1,localc1,Windows,11,AMD64,AMD Ryzen 3 5300U with Radeon Graphics,amd,1,4,2600,20.8,3.14.6,CPython,1,spawn,2.5.3,text,text_regex_findall,3,854,0.8,seconds,normal,4330,876,1,4,1,1,0,0,0.0001255894206702986,0.9804504995800797,0.5691146106721631,0.0318100088936838,1.0088651212518187,16.1,0.1005620999931125,0.0010375999845564365,0.46207559999311343,0.5298639999964507,0.5276806999900145,0.5456621000048472,0.529864;0.527343;0.530749,0.527681;0.524520;0.534385,0.544331;0.545662;0.550195,,threading,2026-10-04T02:42:57+00:00
M0c1-00366,M0c1,localc1,Windows,11,AMD64,AMD Ryzen 3 5300U with Radeon Graphics,amd,1,4,2600,20.8,3.14.6,CPython,1,spawn,2.5.3,gil_release,gil_zlib,1,64603,0.8,ms,normal,84,64625,1,1,1,1,0,1,0.001981376192166603,0.9868267536491611,0.33292475875311306,0.007323193915368436,1.0771342853720574,13.9,0.08074520000081975,0.0006490999658126384,0.21489370000199415,0.16109930000675377,0.16051250000600703,0.17503159999614581,0.161099;0.162427;0.159248,0.173396;0.160513;0.158664,0.175032;0.176086;0.171769,,threading,2026-10-04T02:42:59+00:00
M0c1-00367,M0c1,localc1,Windows,11,AMD64,AMD Ryzen 3 5300U with Radeon Graphics,amd,1,4,2600,20.8,3.14.6,CPython,1,spawn,2.5.3,algo_iter,algo_game_of_life,1,1224,0.3,ms,normal,44,1246,1,4,5,9,0,0,0.00186317272759466,1.0,0.06960466935595387,0.031598104793619235,0.9629344873970074,16.0,0.04229990000021644,0.0009091999963857234,0.46207559999311343,0.08032300000195391,0.08127439999952912,0.09125169999606442,0.080323;0.082389;0.080030,0.081172;0.081274;0.081461,0.091109;0.092487;0.091252,,sequential,2026-10-04T02:43:00+00:00
M0c1-00368,M0c1,localc1,Windows,11,AMD64,AMD Ryzen 3 5300U with Radeon Graphics,amd,1,4,2600,20.8,3.14.6,CPython,1,spawn,2.5.3,big_payload,big_upper_copy,4,300606,0.0,seconds,big,665,300628,1,1,0,0,0,0,0.00023745542131953435,0.9809875520622965,0.1855963201500906,0.41818374755396376,0.9578527580471786,13.2,0.08341130000189878,0.002790000071399845,0.21489370000199415,0.17254749999847263,0.17875490000005811,1.4047438999987207,0.172547;0.171032;0.180760,0.190602;0.171533;0.178755,1.404744,,sequential,2026-10-04T02:43:04+00:00
M0c1-00369,M0c1,localc1,Windows,11,AMD64,AMD Ryzen 3 5300U with Radeon Graphics,amd,1,4,2600,20.8,3.14.6,CPython,1,spawn,2.5.3,recursive,rec_quicksort,3413,129500,0.0,ms,big,8,129523,1,4,1,8,0,0,0.005377233338852723,1.0,0.028407747429488196,0.011170552642728907,0.9501057624965206,11.2,0.033808699998189695,0.0009699999791337177,0.46207559999311343,0.042146599997067824,0.04188810000778176,0.052353799997945316,0.041290;0.042147;0.042878,0.041937;0.041657;0.041888,0.052354;0.047510;0.077959,,threading,2026-10-04T02:43:05+00:00
M0c1-00370,M0c1,localc1,Windows,11,AMD64,AMD Ryzen 3 5300U with Radeon Graphics,amd,1,4,2600,20.8,3.14.6,CPython,1,spawn,2.5.3,io,io_sleep_chunks,2118,37,0.8,seconds,normal,279,57,1,2,1,1,1,0,0.003812142859845023,0.03150011151327138,0.32378513366394585,0.0014671160760518981,2.4319920398005523,3.9,0.07657769999059383,0.0004401999613037333,0.33582060001208447,0.9521231000107946,0.4755742999986978,0.5020121999987168,0.952123;0.954621;0.947245,0.475574;0.475468;0.476953,0.502012;0.499045;0.502667,,threading,2026-10-04T02:43:11+00:00
M0c1-00371,M0c1,localc1,Windows,11,AMD64,AMD Ryzen 3 5300U with Radeon Graphics,amd,1,4,2600,20.8,3.14.6,CPython,1,spawn,2.5.3,algo_rec,algo_flood_fill,4,139537,0.3,ms,big,51,139559,1,4,3,10,0,0,0.0016655666659062263,0.9993815100969253,0.3762993595572499,0.015380150070313566,0.8203571819792308,3.1,0.044023599999491125,0.0005631000094581395,0.46207559999311343,0.0814234999998007,0.08143180000479333,0.09483090000867378,0.080580;0.081423;0.082062,0.080957;0.081432;0.082338,0.094831;0.095628;0.094351,,sequential,2026-10-04T02:43:12+00:00
M0c1-00372,M0c1,localc1,Windows,11,AMD64,AMD Ryzen 3 5300U with Radeon Graphics,amd,1,4,2600,20.8,3.14.6,CPython,1,spawn,2.5.3,gil_release,gil_numpy_matmul,34,7886,0.0,ms,normal,5003,7908,1,2,0,2,0,1,1.999984021531418e-05,0.9970216101548562,0.23919420768799382,0.26475213021557314,0.9699526517449757,0.0,0.05363569999462925,0.0024289997236337513,0.33582060001208447,0.0990590000001248,0.10024349999730475,0.20976189999782946,0.098608;0.099059;0.099613,0.100243;0.111591;0.099317,0.212171;0.207759;0.209762,,sequential,2026-10-04T02:43:14+00:00
M0c1-00373,M0c1,localc1,Windows,11,AMD64,AMD Ryzen 3 5300U with Radeon Graphics,amd,1,4,2600,20.8,3.14.6,CPython,1,spawn,2.5.3,recursive,rec_nqueens,31,1347,0.8,ms,normal,8,1369,1,1,1,10,0,0,0.005971166673892488,0.9851647880731205,0.5322679160064976,0.0037178670990898905,2.1701435159582587,0.0,0.029723600004217587,0.0004096999764442444,0.21489370000199415,0.03510529999039136,0.035400499997194856,0.03854220001085196,0.034867;0.035105;0.035963,0.035400;0.035272;0.036507,0.037657;0.038542;0.038819,,sequential,2026-10-04T02:43:15+00:00
M0c1-00374,M0c1,localc1,Windows,11,AMD64,AMD Ryzen 3 5300U with Radeon Graphics,amd,1,4,2600,20.8,3.14.6,CPython,1,spawn,2.5.3,recursive,rec_tree_sum,244,57,0.0,ms,normal,546,76,1,4,0,4,0,0,7.418014673235389e-05,1.0,0.13136538567090852,0.0456321499851694,0.9254602885059464,2.0,0.021542900009080768,0.00048400006198789924,0.46207559999311343,0.03918790000898298,0.04031559999566525,0.04275790000974666,0.039188;0.038837;0.039373,0.041005;0.039935;0.040316,0.042676;0.043982;0.042758,,sequential,2026-10-04T02:43:16+00:00
M0c1-00375,M0c1,localc1,Windows,11,AMD64,AMD Ryzen 3 5300U with Radeon Graphics,amd,1,4,2600,20.8,3.14.6,CPython,1,spawn,2.5.3,tiny,tiny_add,3,58,0.0,seconds,normal,200000,77,1,4,0,1,0,0,2.1855004888493568e-07,1.0,0.4041310146118626,17.844882144827313,0.50907990662756,0.8,0.005211099996813573,0.0031474998977500945,0.46207559999311343,0.018171100004110485,0.026343400008045137,0.14150660000450443,0.016889;0.018319;0.018171,0.026613;0.026343;0.025877,0.141507,,sequential,2026-10-04T02:43:17+00:00
M0c1-00376,M0c1,localc1,Windows,11,AMD64,AMD Ryzen 3 5300U with Radeon Graphics,amd,1,4,2600,20.8,3.14.6,CPython,1,spawn,2.5.3,algo_rec,algo_sudoku,10,81,0.0,ms,normal,15,100,1,4,3,28,0,0,0.01118443333931888,1.0,0.5079191186240557,0.001218956282114447,1.395750820044207,0.0,0.06208930000138935,0.00029919997905381024,0.46207559999311343,0.11623259999032598,0.1176162000047043,0.12259840000479016,0.116309;0.116233;0.116039,0.119567;0.117616;0.115791,0.123283;0.122598;0.121417,,sequential,2026-10-04T02:43:19+00:00
M0c1-00377,M0c1,localc1,Windows,11,AMD64,AMD Ryzen 3 5300U with Radeon Graphics,amd,1,4,2600,20.8,3.14.6,CPython,1,spawn,2.5.3,mixed,mixed_compute_then_sleep,6783,34,0.8,ms,normal,259,54,1,2,1,3,1,0,0.0008312163938439955,0.3562278925785992,0.17362253678457037,0.004493414821410554,1.782570501186098,2.8,0.07968710000568535,0.0005006999854231253,0.33582060001208447,0.20952170000236947,0.11253830000350717,0.1189619000069797,0.211473;0.209522;0.207324,0.114757;0.112538;0.110126,0.118187;0.121511;0.118962,,threading,2026-10-04T02:43:20+00:00
M0c1-00378,M0c1,localc1,Windows,11,AMD64,AMD Ryzen 3 5300U with Radeon Graphics,amd,1,4,2600,20.8,3.14.6,CPython,1,spawn,2.5.3,tiny,tiny_add,23,448,0.3,ms,normal,187380,470,1,2,0,1,0,0,2.984000602737069e-07,1.0,0.5903015059861256,14.460448351049864,0.5322877179193248,1.2,0.006490500003565103,0.003462999884504825,0.33582060001208447,0.030726599987247027,0.05303779999667313,0.37013509999087546,0.030727;0.031431;0.030271,0.053038;0.055524;0.034806,0.370135,,sequential,2026-10-04T02:43:22+00:00
M0c1-00379,M0c1,localc1,Windows,11,AMD64,AMD Ryzen 3 5300U with Radeon Graphics,amd,1,4,2600,20.8,3.14.6,CPython,1,spawn,2.5.3,gil_release,gil_zlib,8,248673,0.3,ms,big,8,248695,1,4,1,1,0,1,0.04228590000032758,0.9982878321050143,0.11851469567409609,0.0017460507642380703,0.8069344951483272,0.0,0.2731131999898935,0.00047879997873678803,0.46207559999311343,0.37884910000138916,0.380231700008153,0.3847972999938065,0.379980;0.378457;0.378849,0.379638;0.380232;0.383862,0.384656;0.385323;0.384797,,sequential,2026-10-04T02:43:26+00:00
M0c1-00380,M0c1,localc1,Windows,11,AMD64,AMD Ryzen 3 5300U with Radeon Graphics,amd,1,4,2600,20.8,3.14.6,CPython,1,spawn,2.5.3,big_payload,big_checksum_head,270,1105626,0.3,seconds,big,180,1105648.5,1,2,1,1,0,0,7.757776701408956e-06,1.0,0.3442936336065376,88.44093180457196,0.358086635299034,0.0,0.015514799990341999,0.014159600032144226,0.33582060001208447,0.0012229999992996454,0.0015033000090625137,0.5242577000026358,0.001223;0.001286;0.001208,0.001545;0.001503;0.001427,0.524258,,sequential,2026-10-04T02:43:28+00:00
M0c1-00381,M0c1,localc1,Windows,11,AMD64,AMD Ryzen 3 5300U with Radeon Graphics,amd,1,4,2600,20.8,3.14.6,CPython,1,spawn,2.5.3,db,db_mem_insert_select,18363,498,0.0,seconds,normal,142,521,1,1,1,1,1,0,0.016890600003534928,0.998599369525373,0.014175762328404045,0.0004913978775707791,0.964862995594355,2.0,0.10301849999814294,0.0002478999813320115,0.21489370000199415,2.429055699991295,2.437241899999208,2.4334889000019757,2.429056;2.426566;2.434057,2.437242;2.436631;2.437617,2.438033;2.433489;2.431553,,sequential,2026-10-04T02:43:50+00:00
M0c1-00382,M0c1,localc1,Windows,11,AMD64,AMD Ryzen 3 5300U with Radeon Graphics,amd,1,4,2600,20.8,3.14.6,CPython,1,spawn,2.5.3,gil_release,gil_sha256,4,152613,0.0,seconds,big,1310,152635,1,1,1,1,0,1,0.0003436732871182046,0.9838993017796905,0.2014483571052038,0.0730344819760783,0.94975016748746,17.6,0.10414389999641571,0.0010621000692481175,0.21489370000199415,0.45165540000016335,0.45132220000959933,1.0702261999977054,0.454306;0.447372;0.451655,0.451322;0.447634;0.460182,1.070226;1.112267;1.048527,,threading,2026-10-04T02:43:58+00:00
M0c1-00383,M0c1,localc1,Windows,11,AMD64,AMD Ryzen 3 5300U with Radeon Graphics,amd,1,4,2600,20.8,3.14.6,CPython,1,spawn,2.5.3,cpu,cpu_count_primes,604,368,0.8,seconds,normal,842,390.95,1,4,2,4,0,0,0.00018728857137916965,1.0,0.5814325453452176,0.021170533127839647,1.0141663375787353,15.0,0.07895169999392238,0.0006795000081183389,0.46207559999311343,0.14833280000311788,0.1519546000054106,0.1568976999988081,0.147581;0.149608;0.148333,0.151955;0.152135;0.150030,0.221103;0.156898;0.155664,,sequential,2026-10-04T02:44:00+00:00
M0c1-00384,M0c1,localc1,Windows,11,AMD64,AMD Ryzen 3 5300U with Radeon Graphics,amd,1,4,2600,20.8,3.14.6,CPython,1,spawn,2.5.3,gil_release,gil_numpy_matmul,201,13012,0.3,seconds,normal,1726,13034.15,1,1,0,2,0,1,0.0004903747571871879,0.9832881031855787,0.4852034869468537,0.014019889608882834,1.1546791675662562,20.6,0.09412380000867415,0.0006548000237671658,0.21489370000199415,0.7293956999928923,0.7335437000001548,0.7955392000003485,0.746128;0.727279;0.729396,0.733544;0.741039;0.721559,0.798199;0.795539;0.795248,,sequential,2026-10-04T02:44:07+00:00
M0c1-00385,M0c1,localc1,Windows,11,AMD64,AMD Ryzen 3 5300U with Radeon Graphics,amd,1,4,2600,20.8,3.14.6,CPython,1,spawn,2.5.3,algo_rec,algo_merge_sort,7085,1155,0.8,ms,normal,8,1178,1,2,1,10,0,0,0.016001366670631494,1.0,0.2621882451368681,0.020050370280750802,0.752060670636159,13.6,0.12164589999883901,0.0012547999795060605,0.33582060001208447,0.17111429999931715,0.17303469999751542,0.17793169998913072,0.189060;0.171114;0.171083,0.172590;0.174019;0.173035,0.181547;0.176991;0.177932,,sequential,2026-10-04T02:44:09+00:00
M0c1-00386,M0c1,localc1,Windows,11,AMD64,AMD Ryzen 3 5300U with Radeon Graphics,amd,1,4,2600,20.8,3.14.6,CPython,1,spawn,2.5.3,mixed,mixed_json_roundtrip,8,1105060,0.0,ms,big,20,1105082,1,1,1,1,1,0,0.0004553399950964376,0.7466922839126336,0.34680584586982016,1.2703913659888149,0.9541175163411414,15.7,0.008002400005352683,0.0032360000332118943,0.21489370000199415,0.014648000011220574,0.01452419999986887,0.05466639999940526,0.014648;0.014440;0.015003,0.014524;0.014289;0.015104,0.054666;0.054951;0.053554,,threading,2026-10-04T02:44:10+00:00
M0c1-00387,M0c1,localc1,Windows,11,AMD64,AMD Ryzen 3 5300U with Radeon Graphics,amd,1,4,2600,20.8,3.14.6,CPython,1,spawn,2.5.3,gil_release,gil_bz2,4,300000,0.8,ms,big,66,300022,1,2,0,1,0,1,0.0010145562500838423,1.0,0.3598224935887587,0.04458845810561884,0.874191707459162,16.3,0.0346756000071764,0.001021900010528043,0.33582060001208447,0.06452720001107082,0.0644388000073377,0.10834249999606982,0.064527;0.064827;0.063908,0.064850;0.064439;0.064364,0.108342;0.113698;0.108094,,threading,2026-10-04T02:44:11+00:00
M0c1-00388,M0c1,localc1,Windows,11,AMD64,AMD Ryzen 3 5300U with Radeon Graphics,amd,1,4,2600,20.8,3.14.6,CPython,1,spawn,2.5.3,mixed,mixed_hash_then_write,4516,5316,0.3,ms,normal,302,5339,1,2,1,3,1,0,0.0007456208956288869,0.9974095895876568,0.1498399017020253,0.007155109495508402,0.9691443568810444,16.2,0.1017790000041714,0.0006189999985508621,0.33582060001208447,0.22974570000951644,0.22739690000889823,0.23449129999789875,0.229871;0.229638;0.229746,0.227397;0.227330;0.228838,0.260384;0.232250;0.234491,,threading,2026-10-04T02:44:14+00:00
M0c1-00389,M0c1,localc1,Windows,11,AMD64,AMD Ryzen 3 5300U with Radeon Graphics,amd,1,4,2600,20.8,3.14.6,CPython,1,spawn,2.5.3,io,io_file_roundtrip,2,38071,0.3,ms,normal,8,38093,1,1,1,0,1,0,0.02119930000238431,0.11769854890770555,0.2367167227990798,0.0009528613557724381,2.2092712409593664,13.4,0.09489809999649879,0.0003277999931015074,0.21489370000199415,0.15647670000907965,0.1569426000060048,0.1583249999966938,0.156477;0.151305;0.168673,0.153892;0.156943;0.157836,0.165455;0.157652;0.158325,,sequential,2026-10-04T02:44:16+00:00
M0c1-00390,M0c1,localc1,Windows,11,AMD64,AMD Ryzen 3 5300U with Radeon Graphics,amd,1,4,2600,20.8,3.14.6,CPython,1,spawn,2.5.3,numpy,np_elementwise,14179,167,0.8,seconds,normal,6933,187,1,2,0,4,0,0,0.00034129727876517084,0.9873623787255404,0.49891017388699244,0.011090037783838333,0.8981236603590678,21.6,0.10678429999097716,0.0006624000088777393,0.33582060001208447,2.4735918999940623,2.453754199988907,2.4363485999929253,2.460502;2.473592;2.483090,2.442212;2.453754;2.537452,2.436349;2.476527;2.422579,,multiprocessing,2026-10-04T02:44:39+00:00
M0c1-00391,M0c1,localc1,Windows,11,AMD64,AMD Ryzen 3 5300U with Radeon Graphics,amd,1,4,2600,20.8,3.14.6,CPython,1,spawn,2.5.3,mixed,mixed_compute_then_sleep,2597,699,0.3,ms,normal,339,722,1,1,1,3,1,0,0.0006313987509201979,0.18767988352336726,0.0744748466189482,0.006271792225416601,1.976322632806514,5.2,0.07664330000989139,0.0005334999295882881,0.21489370000199415,0.21515139999974053,0.21744300000136718,0.21660820000397507,0.210078;0.216909;0.215151,0.217683;0.217372;0.217443,0.214233;0.216880;0.216608,,sequential,2026-10-04T02:44:42+00:00
M0c1-00392,M0c1,localc1,Windows,11,AMD64,AMD Ryzen 3 5300U with Radeon Graphics,amd,1,4,2600,20.8,3.14.6,CPython,1,spawn,2.5.3,cpu,cpu_matmul_lists,8,44,0.3,ms,normal,215,63,1,2,3,5,0,0,5.4349056126567414e-05,1.0,0.4829356267100565,0.06642246695294375,0.9116890041956014,7.0,0.0064507000060984865,0.00036680004268419,0.33582060001208447,0.010033299986389466,0.010400599989225157,0.043091900006402284,0.009978;0.010033;0.010130,0.010871;0.010401;0.010384,0.043796;0.043092;0.042983,,sequential,2026-10-04T02:44:42+00:00
M0c1-00393,M0c1,localc1,Windows,11,AMD64,AMD Ryzen 3 5300U with Radeon Graphics,amd,1,4,2600,20.8,3.14.6,CPython,1,spawn,2.5.3,big_result,result_records,2799,1712,0.8,ms,normal,88,1735,1,4,1,2,0,0,0.0016838636392177168,0.9909425118924591,1.6469407718787576,0.9340512869357127,1.8044178360411676,4.0,0.08998769999016076,0.03180979992612265,0.46207559999311343,0.1429409999982454,0.1425908000092022,0.35970060000545345,0.145266;0.142941;0.140396,0.138148;0.142591;0.143741,0.347025;0.359701;0.367902,,threading,2026-10-04T02:44:45+00:00
M0c1-00394,M0c1,localc1,Windows,11,AMD64,AMD Ryzen 3 5300U with Radeon Graphics,amd,1,4,2600,20.8,3.14.6,CPython,1,spawn,2.5.3,db,db_mem_group_by,316,204,0.8,seconds,normal,1586,223.65,1,2,1,2,1,0,0.000497131685076263,0.9977349063354967,0.33934399191866693,0.0064268662778244265,1.0516069674013004,3.6,0.09804729999450501,0.0004918998020002618,0.33582060001208447,0.7309273999999277,0.7274746999901254,0.7348631999921054,0.730927;0.732758;0.729320,0.727475;0.724775;0.733226,0.728219;0.734955;0.734863,,threading,2026-10-04T02:44:52+00:00
M0c1-00395,M0c1,localc1,Windows,11,AMD64,AMD Ryzen 3 5300U with Radeon Graphics,amd,1,4,2600,20.8,3.14.6,CPython,1,spawn,2.5.3,gil_release,gil_zlib,1,183419,0.8,ms,big,8,183441,1,2,1,1,0,1,0.006071833335833314,1.0,0.32828103866260816,0.005786280234797379,1.3947796178214005,17.4,0.032952299996395595,0.0003304999991087243,0.33582060001208447,0.040103999999701045,0.04071589998784475,0.04383429999870714,0.043158;0.040104;0.040099,0.041057;0.040551;0.040716,0.043834;0.042914;0.043888,,sequential,2026-10-04T02:44:53+00:00
M0c1-00396,M0c1,localc1,Windows,11,AMD64,AMD Ryzen 3 5300U with Radeon Graphics,amd,1,4,2600,20.8,3.14.6,CPython,1,spawn,2.5.3,tiny,tiny_small_loop,44,108,0.8,ms,normal,200000,127,1,4,0,0,0,0,6.179500560392626e-07,1.0,0.5206974193691388,5.955174429926506,0.7017117337781431,19.8,0.006908099996508099,0.003095999883953482,0.46207559999311343,0.08545090000552591,0.09745709999697283,0.2573848000029102,0.083918;0.085451;0.089755,0.097457;0.097555;0.096809,0.257385;0.256659;0.277141,,sequential,2026-10-04T02:44:55+00:00
M0c1-00397,M0c1,localc1,Windows,11,AMD64,AMD Ryzen 3 5300U with Radeon Graphics,amd,1,4,2600,20.8,3.14.6,CPython,1,spawn,2.5.3,io,io_sleep_return_payload,3697,3216,0.0,seconds,normal,270,3239,1,4,0,1,1,0,0.004202191664565665,0.011326815501049,0.057326344463521,0.0012810771881247931,1.954087911624801,18.1,0.07691190000332426,0.0003863000310957432,0.46207559999311343,1.0858940000034636,0.2753688999946462,0.2779381000000285,1.087970;1.084732;1.085894,0.277866;0.274351;0.275369,0.280772;0.277938;0.277361,,threading,2026-10-04T02:45:01+00:00
M0c1-00398,M0c1,localc1,Windows,11,AMD64,AMD Ryzen 3 5300U with Radeon Graphics,amd,1,4,2600,20.8,3.14.6,CPython,1,spawn,2.5.3,io,io_sleep_return_payload,1657,11590,0.3,ms,normal,60,11613,1,4,0,1,1,0,0.0020484666660195217,0.01610365463424405,0.12493838030298676,0.004761284179946329,1.8008481140432568,16.7,0.04831919999560341,0.0004894000012427568,0.46207559999311343,0.1230414000019664,0.032866600013221614,0.03572319999511819,0.123041;0.118561;0.123064,0.032867;0.032822;0.034574,0.035723;0.036009;0.035120,,threading,2026-10-04T02:45:02+00:00
M0c1-00399,M0c1,localc1,Windows,11,AMD64,AMD Ryzen 3 5300U with Radeon Graphics,amd,1,4,2600,20.8,3.14.6,CPython,1,spawn,2.5.3,algo_rec,algo_sudoku,2,113611,0.3,seconds,big,27,113633,1,2,3,28,0,0,0.001547316668923789,1.0,1.0736222117845609,0.022145867872004985,1.0008434820804724,12.9,0.019882000007783063,0.000421199991251342,0.33582060001208447,0.0529411000024993,0.054142099994351156,0.05981059999612626,0.052941;0.052960;0.052808,0.054809;0.053826;0.054142,0.059272;0.059863;0.059811,,sequential,2026-10-04T02:45:03+00:00
M0c1-00400,M0c1,localc1,Windows,11,AMD64,AMD Ryzen 3 5300U with Radeon Graphics,amd,1,4,2600,20.8,3.14.6,CPython,1,spawn,2.5.3,algo_rec,algo_merge_sort,288,293217,0.0,seconds,big,682,293240,1,2,1,10,0,0,0.0005059070712322313,0.9998700599051492,0.0804353979430487,0.13270224202649572,0.9773991859820205,20.2,0.10294389999762643,0.0017704999481793493,0.33582060001208447,0.34676140001101885,0.35115219998988323,0.9596484000066994,0.345239;0.353775;0.346761,0.348480;0.355159;0.351152,0.968278;0.893531;0.959648,,sequential,2026-10-04T02:45:09+00:00
M0c1-00401,M0c1,localc1,Windows,11,AMD64,AMD Ryzen 3 5300U with Radeon Graphics,amd,1,4,2600,20.8,3.14.6,CPython,1,spawn,2.5.3,algo_rec,algo_lcs_memo,2,37,0.0,ms,normal,8,56,1,4,1,10,0,0,0.006635066665088137,1.0,0.06888310426476163,0.0016528353241371788,0.8950682058727348,17.2,0.04137779999291524,0.0002514999941922724,0.46207559999311343,0.04973670000617858,0.051480699999956414,0.05522969999583438,0.052196;0.049737;0.048882,0.051355;0.051481;0.053412,0.055117;0.068753;0.055230,,sequential,2026-10-04T02:45:10+00:00
M0c1-00402,M0c1,localc1,Windows,11,AMD64,AMD Ryzen 3 5300U with Radeon Graphics,amd,1,4,2600,20.8,3.14.6,CPython,1,spawn,2.5.3,text,text_format_report,140,210,0.3,seconds,normal,14009,229,1,1,1,2,0,0,0.00016975714346959388,0.9975481137217763,0.20071088923411778,0.021000590324284283,0.9387989510136089,16.1,0.1040521999966586,0.0008344998204847798,0.21489370000199415,2.365691800005152,2.3542905999929644,2.3740453999926103,2.374471;2.365692;2.349667,2.354291;2.366941;2.352439,2.392449;2.374045;2.370318,,threading,2026-10-04T02:45:32+00:00
M0c1-00403,M0c1,localc1,Windows,11,AMD64,AMD Ryzen 3 5300U with Radeon Graphics,amd,1,4,2600,20.8,3.14.6,CPython,1,spawn,2.5.3,db,db_mem_insert_select,731,372,0.3,seconds,normal,305,395,1,4,1,1,1,0,0.0007818593742285884,0.9999586879798141,0.1786749270441676,0.004406163246275859,0.98372127135657,18.3,0.101011800012202,0.0004451000568224117,0.46207559999311343,0.23554870000225492,0.23906219999480527,0.24440120000508614,0.234071;0.235549;0.240317,0.240834;0.238159;0.239062,0.250512;0.244401;0.242655,,sequential,2026-10-04T02:45:35+00:00
M0c1-00404,M0c1,localc1,Windows,11,AMD64,AMD Ryzen 3 5300U with Radeon Graphics,amd,1,4,2600,20.8,3.14.6,CPython,1,spawn,2.5.3,big_payload,big_upper_copy,8,787404,0.8,seconds,big,253,787426,1,4,0,0,0,0,0.0006745650810891733,0.89992852151178,0.4922536116484196,1.0471636012789456,1.161826401397709,23.6,0.09410349999961909,0.01483069988898933,0.46207559999311343,0.1568693000008352,0.15787330000603106,1.1778881000063848,0.166202;0.156869;0.155835,0.157539;0.157873;0.185983,1.177888,,sequential,2026-10-04T02:45:38+00:00
M0c1-00405,M0c1,localc1,Windows,11,AMD64,AMD Ryzen 3 5300U with Radeon Graphics,amd,1,4,2600,20.8,3.14.6,CPython,1,spawn,2.5.3,algo_iter,algo_dijkstra,1090,38,0.0,ms,normal,16,58,1,2,2,15,0,0,0.0030044250015635043,1.0,0.11519782956684328,0.002388144174201037,0.9014517433898651,13.7,0.024768600007519126,0.00024300000222865492,0.33582060001208447,0.04572589999588672,0.047135799992247485,0.07994870000402443,0.045008;0.067392;0.045726,0.047136;0.048099;0.045991,0.079705;0.079949;0.080805,,sequential,2026-10-04T02:45:39+00:00
M0c1-00406,M0c1,localc1,Windows,11,AMD64,AMD Ryzen 3 5300U with Radeon Graphics,amd,1,4,2600,20.8,3.14.6,CPython,1,spawn,2.5.3,mixed,mixed_hash_then_write,40720,28380,0.8,ms,normal,79,28403.105263157893,1,2,1,3,1,0,0.0023558894739069635,0.9892069942365944,0.13907582814004277,0.003909575069322514,0.9259589920677912,23.5,0.09264240000629798,0.0004850999976042658,0.33582060001208447,0.17312110000057146,0.17413379999925382,0.1810064000019338,0.173121;0.172437;0.180387,0.174134;0.173046;0.174340,0.180069;0.184669;0.181006,,sequential,2026-10-04T02:45:41+00:00
M0c1-00407,M0c1,localc1,Windows,11,AMD64,AMD Ryzen 3 5300U with Radeon Graphics,amd,1,4,2600,20.8,3.14.6,CPython,1,spawn,2.5.3,db,db_mem_insert_select,146,109,0.8,seconds,normal,6443,128,1,2,1,1,1,0,0.00021509956987474338,0.9954052887220844,0.3272303413701835,0.015062794696359025,0.9477846091329287,13.7,0.10312970000086352,0.0008104997978080064,0.33582060001208447,1.4191050000081304,1.4226999000093201,1.4216244999988703,1.402362;1.425903;1.419105,1.446373;1.422700;1.407220,1.421405;1.431071;1.421624,,sequential,2026-10-04T02:45:55+00:00
M0c1-00408,M0c1,localc1,Windows,11,AMD64,AMD Ryzen 3 5300U with Radeon Graphics,amd,1,4,2600,20.8,3.14.6,CPython,1,spawn,2.5.3,recursive,rec_nqueens,16,48,0.0,seconds,normal,600,67,1,4,1,10,0,0,0.0025768650004465597,0.9912283913420019,0.04737544987293837,0.0013912255303612311,0.9880894203351434,3.9,0.10387040000932757,0.00040580000495538116,0.46207559999311343,1.51823709999735,1.5353986999980407,1.5921483999991324,1.518237;1.517697;1.521016,1.535399;1.539682;1.528969,1.543094;1.592148;1.661767,,sequential,2026-10-04T02:46:09+00:00
M0c1-00409,M0c1,localc1,Windows,11,AMD64,AMD Ryzen 3 5300U with Radeon Graphics,amd,1,4,2600,20.8,3.14.6,CPython,1,spawn,2.5.3,db,db_mem_insert_select,1677,46,0.8,ms,normal,10,66,1,4,1,1,1,0,0.002072366662711526,0.997198954785847,0.25098927410886335,0.0033777782762794226,0.6728120518140257,5.5,0.014578000002074987,0.0001925000105984509,0.46207559999311343,0.019858100000419654,0.02062830000068061,0.023583999995025806,0.019858;0.020301;0.019706,0.021050;0.020420;0.020628,0.023914;0.023584;0.023562,,sequential,2026-10-04T02:46:10+00:00
M0c1-00410,M0c1,localc1,Windows,11,AMD64,AMD Ryzen 3 5300U with Radeon Graphics,amd,1,4,2600,20.8,3.14.6,CPython,1,spawn,2.5.3,algo_rec,algo_lcs_memo,7,116,0.3,seconds,normal,67,135,1,2,1,10,0,0,0.018895966665392432,1.0,0.10596629754837128,0.0004762918949972267,0.7849981668993209,8.9,0.1336406999907922,0.00024879998818505555,0.33582060001208447,1.4384661999938544,1.425640100002056,1.4376596000074642,1.438466;1.421731;1.513339,1.425640;1.430898;1.422325,1.437660;1.437247;1.440246,,threading,2026-10-04T02:46:24+00:00
M0c1-00411,M0c1,localc1,Windows,11,AMD64,AMD Ryzen 3 5300U with Radeon Graphics,amd,1,4,2600,20.8,3.14.6,CPython,1,spawn,2.5.3,mixed,mixed_hash_then_write,45365,4838,0.0,seconds,normal,2529,4861,1,1,1,3,1,0,0.000778267691986492,0.9786425995610071,0.2224916002795783,0.006276757929087698,0.9938375379442389,1.9,0.10159359998942818,0.0006274000043049455,0.21489370000199415,2.03547719999915,1.9019552999961888,2.1247922999900766,1.968718;2.119379;2.035477,1.901955;1.891173;2.082512,1.893995;2.124792;2.172139,,threading,2026-10-04T02:46:42+00:00
M0c1-00412,M0c1,localc1,Windows,11,AMD64,AMD Ryzen 3 5300U with Radeon Graphics,amd,1,4,2600,20.8,3.14.6,CPython,1,spawn,2.5.3,text,text_format_report,19,85,0.3,seconds,normal,176385,104,1,4,1,2,0,0,2.4700401391685888e-05,0.9580804787813484,1.2659207712174474,0.1443295885318747,1.0419552812862145,16.0,0.10050880000926554,0.003203500047675334,0.46207559999311343,4.141706599999452,4.062093800006551,4.196830300003057,4.149571;4.141707;4.084545,4.063179;4.062094;4.043959,4.209119;4.196830;4.170383,,threading,2026-10-04T02:47:20+00:00
M0c1-00413,M0c1,localc1,Windows,11,AMD64,AMD Ryzen 3 5300U with Radeon Graphics,amd,1,4,2600,20.8,3.14.6,CPython,1,spawn,2.5.3,text,text_csv_parse,5,85,0.0,seconds,normal,3501,104,1,4,2,3,0,0,0.00029719285763955366,0.9982860066746322,0.054183883026304544,0.012096521275840613,0.9851961503742337,2.3,0.1011504999914905,0.0006060999003238976,0.46207559999311343,1.0402927000104683,1.0425602000032086,1.0666403000068385,1.040293;1.040699;1.037832,1.042560;1.053390;1.040179,1.066640;1.067355;1.058264,,sequential,2026-10-04T02:47:30+00:00
M0c1-00414,M0c1,localc1,Windows,11,AMD64,AMD Ryzen 3 5300U with Radeon Graphics,amd,1,4,2600,20.8,3.14.6,CPython,1,spawn,2.5.3,recursive,rec_nqueens,4,21,0.3,ms,normal,126,40,1,2,1,10,0,0,0.0006560322578861228,0.9976990241052026,0.18099190611374286,0.005396079498372978,0.9920024248651844,0.0,0.04124219999357592,0.0003744999994523823,0.33582060001208447,0.08084080000116955,0.0811528000049293,0.11299150000559166,0.079036;0.081471;0.080841,0.081812;0.081153;0.080550,0.112992;0.112410;0.113035,,sequential,2026-10-04T02:47:32+00:00
M0c1-00415,M0c1,localc1,Windows,11,AMD64,AMD Ryzen 3 5300U with Radeon Graphics,amd,1,4,2600,20.8,3.14.6,CPython,1,spawn,2.5.3,big_result,result_long_string,24589,48,0.3,seconds,normal,635,68,1,1,1,1,0,0,0.005513940003584139,0.9991200099858909,0.14869739048693006,0.0372891245335784,0.895698383851255,0.4,0.12020309999934398,0.0023679999576415867,0.21489370000199415,3.87978080000903,3.884012900001835,5.209016499997233,3.878530;3.879781;3.881107,3.914517;3.884013;3.868715,5.208483;5.209016;5.262230,,sequential,2026-10-04T02:48:11+00:00
M0c1-00416,M0c1,localc1,Windows,11,AMD64,AMD Ryzen 3 5300U with Radeon Graphics,amd,1,4,2600,20.8,3.14.6,CPython,1,spawn,2.5.3,big_result,result_records,387,870062,0.0,ms,big,229,870085,1,4,1,2,0,0,0.0007478491223944155,0.9997910452344437,6.00801369307196,0.7816215663205834,4.073973859631969,15.1,0.06546820000221487,0.012140200022258796,0.46207559999311343,0.054361400005291216,0.03913530000136234,0.6237744000100065,0.048701;0.055787;0.054361,0.040394;0.038024;0.039135,0.623774,,threading,2026-10-04T02:48:13+00:00
M0c1-00417,M0c1,localc1,Windows,11,AMD64,AMD Ryzen 3 5300U with Radeon Graphics,amd,1,4,2600,20.8,3.14.6,CPython,1,spawn,2.5.3,text,text_split_count,3,827,0.8,ms,normal,91,849,1,2,1,1,0,0,0.00019348181905859911,1.0,0.31084778951592085,0.018658079243058096,0.8134295358400119,22.3,0.009782100009033456,0.00031939998734742403,0.33582060001208447,0.016616099994280376,0.01764309999998659,0.05040739999094512,0.016553;0.016658;0.016616,0.017803;0.017643;0.016754,0.050565;0.050407;0.049918,,sequential,2026-10-04T02:48:14+00:00
M0c1-00418,M0c1,localc1,Windows,11,AMD64,AMD Ryzen 3 5300U with Radeon Graphics,amd,1,4,2600,20.8,3.14.6,CPython,1,spawn,2.5.3,db,db_mem_insert_select,766,107299,0.3,ms,big,50,107322,1,4,1,1,1,0,0.0008308000021012655,1.0,0.15948617999381728,0.02763400462571252,0.9667055846136406,20.1,0.02083670000138227,0.0005499999824678525,0.46207559999311343,0.03986819999408908,0.04015300000901334,0.050892300001578405,0.039868;0.039733;0.040321,0.040153;0.039788;0.040598,0.050892;0.051263;0.050602,,sequential,2026-10-04T02:48:15+00:00
M0c1-00419,M0c1,localc1,Windows,11,AMD64,AMD Ryzen 3 5300U with Radeon Graphics,amd,1,4,2600,20.8,3.14.6,CPython,1,spawn,2.5.3,gil_release,gil_numpy_matmul,226,6072,0.8,seconds,normal,279,6094.4,1,1,0,2,0,1,0.0009761698108017093,0.9985354717923178,1.0422014105784703,0.006279645245002176,1.0028332941071234,23.6,0.10468509999918751,0.0005542000290006399,0.21489370000199415,0.26459869999962393,0.25954210000054445,0.26288160000694916,0.264305;0.269036;0.264599,0.259542;0.259851;0.257298,0.269656;0.262882;0.260826,,threading,2026-10-04T02:48:18+00:00
M0c1-00420,M0c1,localc1,Windows,11,AMD64,AMD Ryzen 3 5300U with Radeon Graphics,amd,1,4,2600,20.8,3.14.6,CPython,1,spawn,2.5.3,io,io_sleep_return_payload,1522,6807,0.3,seconds,normal,1396,6830,1,2,0,1,1,0,0.0019307038466929672,0.016030518186978687,0.1370408019492708,0.004143566132118165,2.0410795506166717,14.0,0.07548850000603124,0.000621499988483265,0.33582060001208447,2.6953585000010207,1.3536206999997376,1.376209199996083,2.652623;2.695359;2.714546,1.345910;1.353926;1.353621,1.358587;1.376209;1.398133,,threading,2026-10-04T02:48:35+00:00
M0c1-00421,M0c1,localc1,Windows,11,AMD64,AMD Ryzen 3 5300U with Radeon Graphics,amd,1,4,2600,20.8,3.14.6,CPython,1,spawn,2.5.3,recursive,rec_quicksort,15748,210,0.3,ms,normal,8,230,1,4,1,8,0,0,0.027919899997262593,0.9935599268264517,0.0239359721613123,0.0003187693925194102,0.9403599097035543,0.0,0.1722994000010658,0.0002753000153461471,0.46207559999311343,0.2397733999969205,0.238535900003626,0.24483490000420716,0.239921;0.239450;0.239773,0.240476;0.238536;0.237839,0.251985;0.243421;0.244835,,threading,2026-10-04T02:48:38+00:00
M0c1-00422,M0c1,localc1,Windows,11,AMD64,AMD Ryzen 3 5300U with Radeon Graphics,amd,1,4,2600,20.8,3.14.6,CPython,1,spawn,2.5.3,recursive,rec_tree_sum,149,93,0.0,ms,normal,1721,112,1,4,0,4,0,0,7.335488413065282e-05,1.0,0.12654785576907207,0.04669081274119844,0.9991422187184628,3.9,0.06426790000114124,0.000935199816012755,0.46207559999311343,0.12401450000470504,0.12617480001063086,0.12986839999211952,0.124015;0.124454;0.123491,0.126175;0.126890;0.125503,0.132156;0.128834;0.129868,,sequential,2026-10-04T02:48:40+00:00
M0c1-00423,M0c1,localc1,Windows,11,AMD64,AMD Ryzen 3 5300U with Radeon Graphics,amd,1,4,2600,20.8,3.14.6,CPython,1,spawn,2.5.3,algo_iter,algo_edit_distance,12365,315,0.8,seconds,normal,728,338,1,2,2,16,0,0,0.0026712315792744783,0.9981660671827443,0.3828916380901885,0.0014619703972107766,0.9089974675760033,5.1,0.10502119999728166,0.0003757999947993085,0.33582060001208447,2.0004360000020824,1.9939782000001287,1.999042900002678,2.000436;1.996997;2.007438,1.994888;1.993920;1.993978,1.999043;1.992365;2.003211,,threading,2026-10-04T02:48:58+00:00
M0c1-00424,M0c1,localc1,Windows,11,AMD64,AMD Ryzen 3 5300U with Radeon Graphics,amd,1,4,2600,20.8,3.14.6,CPython,1,spawn,2.5.3,algo_rec,algo_sudoku,5,73,0.3,ms,normal,10,92,1,1,3,28,0,0,0.006030100000013287,0.9980414648639712,0.960347369697631,0.0017246806404297064,1.685231419373576,15.7,0.032976000002236106,0.0002457999944454059,0.21489370000199415,0.043116400003782474,0.04270100001303945,0.04363509999529924,0.046599;0.041230;0.043116,0.042701;0.041573;0.043090,0.043760;0.042670;0.043635,,threading,2026-10-04T02:48:59+00:00
M0c1-00425,M0c1,localc1,Windows,11,AMD64,AMD Ryzen 3 5300U with Radeon Graphics,amd,1,4,2600,20.8,3.14.6,CPython,1,spawn,2.5.3,big_result,result_records,5181,475616,0.3,ms,big,85,475639,1,1,1,2,0,0,0.0021648476194102493,0.9867930979608313,0.3635572648910672,1.7882875300093202,0.9570608496464935,13.7,0.17110150000371505,0.0778505999915069,0.21489370000199415,0.3589956999931019,0.29361610001069494,0.7989625000045635,0.363075;0.319325;0.358996,0.280030;0.319459;0.293616,0.947243;0.798963;0.788335,,threading,2026-10-04T02:49:04+00:00
M0c1-00426,M0c1,localc1,Windows,11,AMD64,AMD Ryzen 3 5300U with Radeon Graphics,amd,1,4,2600,20.8,3.14.6,CPython,1,spawn,2.5.3,algo_rec,algo_sudoku,1,49,0.3,seconds,normal,3253,68,1,2,3,28,0,0,0.0006403369044987596,0.9001872444686086,1.478869494788073,0.006035885639313337,0.43012236175518004,22.0,0.17961759999161586,0.000558300016564317,0.33582060001208447,3.3292396000033477,3.3334344000031706,3.33857849999913,3.488065;3.317999;3.329240,3.334926;3.322090;3.333434,3.540726;3.332012;3.338578,,sequential,2026-10-04T02:49:36+00:00
M0c1-00427,M0c1,localc1,Windows,11,AMD64,AMD Ryzen 3 5300U with Radeon Graphics,amd,1,4,2600,20.8,3.14.6,CPython,1,spawn,2.5.3,tiny,tiny_small_loop,5,22,0.8,seconds,normal,200000,41,1,1,0,0,0,0,4.380499231046997e-07,1.0,0.21018599727186424,11.185945089755899,0.6458062430410928,13.5,0.0061707999993814155,0.003108900156803429,0.21489370000199415,0.04802060000656638,0.05771459999959916,0.19534109999949578,0.047211;0.048021;0.050069,0.057715;0.057986;0.057449,0.187491;0.195341;0.199587,,sequential,2026-10-04T02:49:37+00:00
M0c1-00428,M0c1,localc1,Windows,11,AMD64,AMD Ryzen 3 5300U with Radeon Graphics,amd,1,4,2600,20.8,3.14.6,CPython,1,spawn,2.5.3,algo_iter,algo_edit_distance,140,41,0.0,seconds,normal,50350,60,1,2,2,16,0,0,3.2481997409323295e-05,0.9989329204860993,0.15013064448053462,0.11390924488925562,1.0315300375204046,16.2,0.10059470000851434,0.0025562999508110806,0.33582060001208447,1.5733121999946889,1.5859309999941615,1.5930030999879818,1.573312;1.577039;1.566453,1.592766;1.582002;1.585931,1.595999;1.592039;1.593003,,sequential,2026-10-04T02:49:52+00:00
M0c1-00429,M0c1,localc1,Windows,11,AMD64,AMD Ryzen 3 5300U with Radeon Graphics,amd,1,4,2600,20.8,3.14.6,CPython,1,spawn,2.5.3,cpu,cpu_sum_squares,11007,775403,0.3,seconds,big,257,775426,1,2,1,2,0,0,0.0005593999987922871,1.0,0.23243388740886822,0.6056757237287947,0.9562190464997089,16.0,0.08043390000239015,0.007255400079884566,0.33582060001208447,0.13840690000506584,0.14396929999929853,0.6871162999887019,0.138407;0.139446;0.137588,0.142438;0.143969;0.145862,0.687116;0.700540;0.634337,,sequential,2026-10-04T02:49:56+00:00
M0c1-00430,M0c1,localc1,Windows,11,AMD64,AMD Ryzen 3 5300U with Radeon Graphics,amd,1,4,2600,20.8,3.14.6,CPython,1,spawn,2.5.3,mixed,mixed_compute_then_sleep,31546,84,0.3,ms,normal,8,104,1,2,1,3,1,0,0.0023019999935058877,0.5911026304502638,0.18590510736489,0.004373008574030198,0.9995742336978635,19.5,0.013332100003026426,0.0002535000239731744,0.33582060001208447,0.017989299987675622,0.011963099997956306,0.014279399998486042,0.017801;0.017989;0.019357,0.011391;0.012009;0.011963,0.013986;0.014279;0.014281,,threading,2026-10-04T02:49:57+00:00
M0c1-00431,M0c1,localc1,Windows,11,AMD64,AMD Ryzen 3 5300U with Radeon Graphics,amd,1,4,2600,20.8,3.14.6,CPython,1,spawn,2.5.3,gil_release,gil_zlib,3,5811,0.0,ms,normal,70,5833,1,1,1,1,0,1,0.00038981764502001595,1.0,0.13413533983021098,0.014184611690257191,0.8916957030998005,16.4,0.014451700000790879,0.00034700003743637353,0.21489370000199415,0.02571420000458602,0.02608949999557808,0.027594900006079115,0.025714;0.025681;0.025841,0.026294;0.026089;0.026049,0.027756;0.027587;0.027595,,sequential,2026-10-04T02:49:57+00:00
M0c1-00432,M0c1,localc1,Windows,11,AMD64,AMD Ryzen 3 5300U with Radeon Graphics,amd,1,4,2600,20.8,3.14.6,CPython,1,spawn,2.5.3,cpu,cpu_count_primes,3355,1908,0.0,seconds,normal,1277,1931,1,1,2,4,0,0,0.0016727599999285304,1.0,0.05870470306171258,0.0024510389613454715,1.0028710788709099,25.2,0.10017309999966528,0.00039739999920129776,0.21489370000199415,2.07505410000158,2.0807649999915157,2.0774321000062628,2.075054;2.068974;2.081445,2.080765;2.076515;2.168032,2.077432;2.076205;2.082688,,sequential,2026-10-04T02:50:17+00:00
M0c1-00433,M0c1,localc1,Windows,11,AMD64,AMD Ryzen 3 5300U with Radeon Graphics,amd,1,4,2600,20.8,3.14.6,CPython,1,spawn,2.5.3,tiny,tiny_add,1,65,0.8,ms,normal,200000,84,1,1,0,1,0,0,2.0094990031793714e-07,1.0,0.22826751354884509,24.458827075222178,0.4305363216863585,16.0,0.0054447999864351004,0.003277300187619403,0.21489370000199415,0.018988200012245215,0.030337199990754016,0.19963889999780804,0.018208;0.018988;0.019675,0.029421;0.033873;0.030337,0.199639,,sequential,2026-10-04T02:50:18+00:00
M0c1-00434,M0c1,localc1,Windows,11,AMD64,AMD Ryzen 3 5300U with Radeon Graphics,amd,1,4,2600,20.8,3.14.6,CPython,1,spawn,2.5.3,algo_iter,algo_dijkstra,137,78,0.0,seconds,normal,2297,97,1,4,2,15,0,0,0.0003254519477479051,0.9890264300554964,0.207185931171007,0.011353441836459532,1.0178400404321704,21.5,0.09996730000420939,0.0006201000505825505,0.46207559999311343,0.690433399999165,0.6949528999975882,0.7134291999973357,0.696426;0.690433;0.683032,0.694953;0.703320;0.686598,0.879450;0.713429;0.692883,,sequential,2026-10-04T02:50:25+00:00
M0c1-00435,M0c1,localc1,Windows,11,AMD64,AMD Ryzen 3 5300U with Radeon Graphics,amd,1,4,2600,20.8,3.14.6,CPython,1,spawn,2.5.3,db,db_file_lookup,242,312304,0.0,ms,big,8,312326,1,2,1,5,1,0,0.01200063333574993,0.9996908780456273,0.00811920455658906,0.005410825915316777,0.5838215360196669,12.4,0.09785790000751149,0.0004104000108782202,0.33582060001208447,0.0943595999997342,0.09572579999803565,0.15640219999477267,0.094360;0.094962;0.093333,0.124209;0.095726;0.093664,0.156402;0.168904;0.115170,,sequential,2026-10-04T02:50:27+00:00
M0c1-00436,M0c1,localc1,Windows,11,AMD64,AMD Ryzen 3 5300U with Radeon Graphics,amd,1,4,2600,20.8,3.14.6,CPython,1,spawn,2.5.3,mixed,mixed_parse_lines,6,259421,0.3,seconds,big,8,259443,1,1,2,3,1,0,0.08018980000148683,0.9928731699340165,0.13479891853379372,0.000634328440639399,1.1132554898038414,19.8,0.4569067999982508,0.00037290000182110816,0.21489370000199415,0.6369076999981189,0.6433656000008341,0.6440719999955036,0.633918;0.636908;0.637229,0.637364;0.643366;0.646511,0.644072;0.636608;0.646089,,sequential,2026-10-04T02:50:33+00:00
M0c1-00437,M0c1,localc1,Windows,11,AMD64,AMD Ryzen 3 5300U with Radeon Graphics,amd,1,4,2600,20.8,3.14.6,CPython,1,spawn,2.5.3,algo_rec,algo_lcs_memo,1,632,0.0,seconds,normal,2934,654,1,1,1,10,0,0,0.0033990933336705592,0.9903935769568846,0.10556533299116484,0.0014415613033496632,0.996905328352871,15.1,0.10239379999984521,0.00038729999505449086,0.21489370000199415,9.720838599998388,9.79316590000235,9.891522599995369,9.720839;9.540243;9.784140,9.527859;9.998709;9.793166,9.891523;9.505918;9.961279,,sequential,2026-10-04T02:52:02+00:00
M0c1-00438,M0c1,localc1,Windows,11,AMD64,AMD Ryzen 3 5300U with Radeon Graphics,amd,1,4,2600,20.8,3.14.6,CPython,1,spawn,2.5.3,gil_release,gil_sha256,14,13729,0.0,ms,normal,210,13751,1,1,1,1,0,1,0.0001304403844047696,1.0,0.19050407804869265,0.04940955832885152,0.9338283227413956,15.8,0.014495799987344071,0.0004681999998865649,0.21489370000199415,0.025161999990814365,0.025523300006170757,0.02988839999306947,0.025162;0.025245;0.025147,0.025422;0.025523;0.025748,0.030400;0.029869;0.029888,,sequential,2026-10-04T02:52:03+00:00
M0c1-00439,M0c1,localc1,Windows,11,AMD64,AMD Ryzen 3 5300U with Radeon Graphics,amd,1,4,2600,20.8,3.14.6,CPython,1,spawn,2.5.3,mixed,mixed_json_roundtrip,12,247,0.3,seconds,normal,1026,266,1,1,1,1,1,0,0.0008444766683775621,0.4271100217099069,0.22027696801160018,0.004186025329247068,1.7826011613712904,25.8,0.07907769999292213,0.0004532998864306137,0.21489370000199415,0.8786085999890929,0.8703443999984302,0.8709917000087444,0.870842;0.878609;0.878659,0.870344;0.865717;0.875255,0.870784;0.874269;0.870992,,threading,2026-10-04T02:52:11+00:00
M0c1-00440,M0c1,localc1,Windows,11,AMD64,AMD Ryzen 3 5300U with Radeon Graphics,amd,1,4,2600,20.8,3.14.6,CPython,1,spawn,2.5.3,mixed,mixed_json_roundtrip,13,1714,0.8,seconds,normal,4229,1736,1,1,1,1,1,0,0.0008755456143071091,0.4493504072488463,0.3533295163914026,0.004305886830795012,1.706351264803887,12.8,0.07990090000384953,0.000493799991090782,0.21489370000199415,3.782714800006943,3.7372613999905298,3.774719199995161,3.784575;3.782715;3.729303,3.782337;3.732769;3.737261,3.840706;3.774719;3.732376,,threading,2026-10-04T02:52:46+00:00
M0c1-00441,M0c1,localc1,Windows,11,AMD64,AMD Ryzen 3 5300U with Radeon Graphics,amd,1,4,2600,20.8,3.14.6,CPython,1,spawn,2.5.3,db,db_file_lookup,25,496,0.0,ms,normal,9,518,1,4,1,5,1,0,0.0019459999991037573,1.0,0.17819383530728047,0.003854056553882386,0.15176499982224756,1.2,0.03973109999787994,0.00021949999791104347,0.46207559999311343,0.016412999990279786,0.01707159999932628,0.019704899998032488,0.016052;0.016642;0.016413,0.017363;0.017072;0.016248,0.019646;0.019705;0.020004,,sequential,2026-10-04T02:52:46+00:00
M0c1-00442,M0c1,localc1,Windows,11,AMD64,AMD Ryzen 3 5300U with Radeon Graphics,amd,1,4,2600,20.8,3.14.6,CPython,1,spawn,2.5.3,gil_release,gil_sha256,11,11536,0.8,seconds,normal,2444,11558,1,4,1,1,0,1,8.373434358646448e-05,0.9979769742246573,0.4719787585691973,0.0645493679687269,1.0435054882849204,3.9,0.09898429999884684,0.0013219999091234058,0.46207559999311343,0.19502040000224952,0.19542669999646023,0.26462200000241864,0.195020;0.194143;0.197231,0.195332;0.195630;0.195427,0.264622;0.264903;0.260206,,sequential,2026-10-04T02:52:49+00:00
M0c1-00443,M0c1,localc1,Windows,11,AMD64,AMD Ryzen 3 5300U with Radeon Graphics,amd,1,4,2600,20.8,3.14.6,CPython,1,spawn,2.5.3,tiny,tiny_dict_lookup,601,75,0.3,ms,normal,183756,95,1,4,0,1,0,0,2.7345003763912244e-07,1.0,0.33755594618311513,12.287437031843945,0.39021881349965726,14.7,0.005522099992958829,0.0027612999110715464,0.46207559999311343,0.04130280000390485,0.04933809999783989,0.16858769999817014,0.041303;0.041008;0.042896,0.049338;0.048317;0.049762,0.168588;0.172447;0.160966,,sequential,2026-10-04T02:52:50+00:00
M0c1-00444,M0c1,localc1,Windows,11,AMD64,AMD Ryzen 3 5300U with Radeon Graphics,amd,1,4,2600,20.8,3.14.6,CPython,1,spawn,2.5.3,gil_release,gil_numpy_matmul,608,13743,0.8,seconds,normal,36,13766,1,2,0,2,0,1,0.02912096666113939,0.9867484220676569,0.646768230419861,0.000705105170581868,0.9894778996873161,22.3,0.1440128999965964,0.000277700019069016,0.33582060001208447,0.7602576999925077,0.76055640001141,0.751746900001308,0.759084;0.763733;0.760258,0.761481;0.760556;0.756968,0.750959;0.751747;0.764042,,multiprocessing,2026-10-04T02:52:58+00:00
M0c1-00445,M0c1,localc1,Windows,11,AMD64,AMD Ryzen 3 5300U with Radeon Graphics,amd,1,4,2600,20.8,3.14.6,CPython,1,spawn,2.5.3,big_payload,big_upper_copy,7,1886722,0.0,seconds,big,106,1886744,1,4,0,0,0,0,0.0013667769235325977,1.0,0.09563892515230922,1.3621315727007295,0.9798150869232659,21.9,0.10972800001036376,0.03782100000535138,0.46207559999311343,0.1522839999961434,0.15318999999726657,1.0202845000021625,0.148969;0.152284;0.178326,0.153190;0.154275;0.153118,1.020285,,sequential,2026-10-04T02:53:01+00:00
M0c1-00446,M0c1,localc1,Windows,11,AMD64,AMD Ryzen 3 5300U with Radeon Graphics,amd,1,4,2600,20.8,3.14.6,CPython,1,spawn,2.5.3,gil_release,gil_sha256,963,6807,0.3,ms,normal,9,6830,1,4,1,1,0,1,0.0063686000018302975,0.9324809170121473,0.10007776555615348,0.0022087534244761885,1.4322388568796889,15.4,0.033391500008292496,0.0002660000027390197,0.46207559999311343,0.044568199999048375,0.04493410000577569,0.0475977000023704,0.044568;0.044192;0.045572,0.044934;0.044641;0.046745,0.047598;0.047931;0.046147,,sequential,2026-10-04T02:53:02+00:00
M0c1-00447,M0c1,localc1,Windows,11,AMD64,AMD Ryzen 3 5300U with Radeon Graphics,amd,1,4,2600,20.8,3.14.6,CPython,1,spawn,2.5.3,algo_iter,algo_game_of_life,12,730,0.3,seconds,normal,71,752,1,1,5,9,0,0,0.02216046666823483,0.9718284679398078,0.020371801959722016,0.0028925382815348216,1.360514311511353,19.9,0.11652289998892229,0.0004127999854972586,0.21489370000199415,1.4212409000028856,1.429899700000533,1.4261974000110058,1.436418;1.419437;1.421241,1.429900;1.440748;1.429452,1.421024;1.426197;1.448296,,sequential,2026-10-04T02:53:16+00:00
M0c1-00448,M0c1,localc1,Windows,11,AMD64,AMD Ryzen 3 5300U with Radeon Graphics,amd,1,4,2600,20.8,3.14.6,CPython,1,spawn,2.5.3,big_result,result_sorted_pairs,535,32,0.8,seconds,normal,8927,51.85,1,1,1,4,0,0,0.00017385520807996122,0.9994249557027278,0.5724314243688415,0.8945662353644042,0.9247783524041745,17.5,0.1081523000029847,0.003984200084232725,0.21489370000199415,2.0139704999892274,1.9997075999999652,4.867959099996369,2.125816;2.013970;1.975266,2.038986;1.986772;1.999708,4.867959;4.831161;4.950949,,threading,2026-10-04T02:53:43+00:00
M0c1-00449,M0c1,localc1,Windows,11,AMD64,AMD Ryzen 3 5300U with Radeon Graphics,amd,1,4,2600,20.8,3.14.6,CPython,1,spawn,2.5.3,io,io_sleep_return_payload,6807,1069,0.8,seconds,normal,282,1092,1,1,0,1,1,0,0.007219362500109128,0.006949281613366649,0.28178846754207587,0.0010994738681248967,1.4554233425370338,15.2,0.09902290000172798,0.00040820000867825,0.21489370000199415,2.059267499993439,2.0759028000029502,2.056656600005226,2.078114;2.059267;2.051180,2.075903;2.077610;2.051260,2.060691;2.056657;2.053803,,multiprocessing,2026-10-04T02:54:02+00:00
M0c1-00450,M0c1,localc1,Windows,11,AMD64,AMD Ryzen 3 5300U with Radeon Graphics,amd,1,4,2600,20.8,3.14.6,CPython,1,spawn,2.5.3,cpu,cpu_matmul_lists,5,103432,0.8,ms,big,1933,103454,1,2,3,5,0,0,2.2514492640171517e-05,0.9982079736901727,0.8377525346621317,1.0373318177225952,1.0306589395987327,5.1,0.022989499993855134,0.001384800038067624,0.33582060001208447,0.042296999992686324,0.04247300000861287,0.6313374000019394,0.041021;0.042676;0.042297,0.041687;0.042817;0.042473,0.631337,,sequential,2026-10-04T02:54:04+00:00
M0c1-00451,M0c1,localc1,Windows,11,AMD64,AMD Ryzen 3 5300U with Radeon Graphics,amd,1,4,2600,20.8,3.14.6,CPython,1,spawn,2.5.3,cpu,cpu_matmul_lists,5,1995654,0.0,seconds,big,100,1995676,1,4,3,5,0,0,2.135600079782307e-05,1.0,0.07106449016243434,39.83587602308355,0.5308109905997924,4.7,0.019159700008458458,0.01755919998686295,0.46207559999311343,0.0014866999990772456,0.001627100005862303,0.40656670001044404,0.001404;0.001487;0.001498,0.001741;0.001620;0.001627,0.406567,,sequential,2026-10-04T02:54:06+00:00
M0c1-00452,M0c1,localc1,Windows,11,AMD64,AMD Ryzen 3 5300U with Radeon Graphics,amd,1,4,2600,20.8,3.14.6,CPython,1,spawn,2.5.3,io,io_file_roundtrip,6,775,0.8,ms,normal,8,797,1,1,1,0,1,0,0.04170653333130758,0.16001158742416874,0.39345687143561275,0.0002461644834002678,2.365699270410051,4.8,0.16362749999098014,0.0002533999941078946,0.21489370000199415,0.12989809999999125,0.12818020000122488,0.12952020000375342,0.149627;0.128872;0.129898,0.132913;0.128180;0.128007,0.129520;0.129059;0.129526,,threading,2026-10-04T02:54:08+00:00
M0c1-00453,M0c1,localc1,Windows,11,AMD64,AMD Ryzen 3 5300U with Radeon Graphics,amd,1,4,2600,20.8,3.14.6,CPython,1,spawn,2.5.3,algo_iter,algo_dijkstra,2031,288,0.0,seconds,normal,1374,311,1,4,2,15,0,0,0.006462037501478335,0.9997214822868058,0.3737515117022341,0.0007137842452936538,1.130861729031575,4.7,0.09782570000970736,0.00028440001187846065,0.46207559999311343,8.351070000004256,8.756107000008342,8.297461499998462,7.852252;8.351070;8.445246,8.756107;8.627238;9.027588,7.956776;8.297461;8.404653,,multiprocessing,2026-10-04T02:55:24+00:00
M0c1-00454,M0c1,localc1,Windows,11,AMD64,AMD Ryzen 3 5300U with Radeon Graphics,amd,1,4,2600,20.8,3.14.6,CPython,1,spawn,2.5.3,recursive,rec_nqueens,9,153520,0.3,ms,big,8,153542,1,4,1,10,0,0,0.0015606999998756994,1.0,0.14330218077356885,0.04075094459089047,0.7152084398672975,13.2,0.01126749999821186,0.0005072000058135018,0.46207559999311343,0.012599599998793565,0.012889899997389875,0.01652430000831373,0.011907;0.012819;0.012600,0.012549;0.012890;0.012972,0.016524;0.047017;0.016411,,sequential,2026-10-04T02:55:25+00:00
M0c1-00455,M0c1,localc1,Windows,11,AMD64,AMD Ryzen 3 5300U with Radeon Graphics,amd,1,4,2600,20.8,3.14.6,CPython,1,spawn,2.5.3,numpy,np_sort,7520,157,0.8,ms,normal,54,177,1,2,0,3,0,1,0.0003316076942540419,0.9943920861509966,0.3582328228706015,0.013036718793571734,1.0975869790010877,16.0,0.008505200006766245,0.0003030999796465039,0.33582060001208447,0.011684199998853728,0.011973300002864562,0.046124499989673495,0.011558;0.012015;0.011684,0.011973;0.011898;0.012151,0.045320;0.046124;0.046516,,sequential,2026-10-04T02:55:25+00:00
M0c1-00456,M0c1,localc1,Windows,11,AMD64,AMD Ryzen 3 5300U with Radeon Graphics,amd,1,4,2600,20.8,3.14.6,CPython,1,spawn,2.5.3,gil_release,gil_bz2,20,300000,0.3,seconds,big,139,300022,1,1,0,1,0,1,0.0030158058815526172,1.0,0.09564630149159202,0.017367321562448267,0.9967907733633373,12.7,0.10416850000910927,0.0012367000308586285,0.21489370000199415,0.40739449999819044,0.4124372000078438,0.5145832000125665,0.409741;0.407394;0.406063,0.412437;0.414699;0.406609,0.525292;0.514583;0.504849,,sequential,2026-10-04T02:55:30+00:00
M0c1-00457,M0c1,localc1,Windows,11,AMD64,AMD Ryzen 3 5300U with Radeon Graphics,amd,1,4,2600,20.8,3.14.6,CPython,1,spawn,2.5.3,mixed,mixed_parse_lines,3,4585,0.8,seconds,normal,395,4607,1,4,2,3,1,0,0.0010948391304143866,0.5375790907840601,0.2500872118101938,0.004525777625218886,1.3624505807432585,0.8,0.0877150000014808,0.0004273000085959211,0.46207559999311343,0.470169000007445,0.284360799996648,0.28956239999388345,0.470169;0.469240;0.470722,0.290105;0.281718;0.284361,0.284715;0.290564;0.289562,,threading,2026-10-04T02:55:34+00:00
M0c1-00458,M0c1,localc1,Windows,11,AMD64,AMD Ryzen 3 5300U with Radeon Graphics,amd,1,4,2600,20.8,3.14.6,CPython,1,spawn,2.5.3,text,text_csv_parse,10,1179,0.8,seconds,normal,334,1201,1,2,2,3,0,0,0.007132949998776894,0.9984426774510197,0.4540025209467638,0.0008008610269266759,0.767157414192798,1.6,0.13789539999561384,0.00038910000876057893,0.33582060001208447,2.712447300000349,2.7053518000029726,2.5934596000006422,2.671771;2.736274;2.712447,2.705352;2.704897;2.713188,2.589824;2.593460;2.593819,,multiprocessing,2026-10-04T02:55:59+00:00
M0c1-00459,M0c1,localc1,Windows,11,AMD64,AMD Ryzen 3 5300U with Radeon Graphics,amd,1,4,2600,20.8,3.14.6,CPython,1,spawn,2.5.3,big_payload,big_checksum_head,568,294431,0.3,seconds,big,679,294454,1,2,1,1,0,0,1.6347928707675248e-05,1.0,0.2387882630489927,2.8642773679048528,0.8146486933525989,1.6,0.007807200003298931,0.0015187000535661355,0.33582060001208447,0.0097719000041252,0.009983299998566508,0.5696164000110002,0.009564;0.010059;0.009772,0.010129;0.009568;0.009983,0.569616,,sequential,2026-10-04T02:56:00+00:00
M0c1-00460,M0c1,localc1,Windows,11,AMD64,AMD Ryzen 3 5300U with Radeon Graphics,amd,1,4,2600,20.8,3.14.6,CPython,1,spawn,2.5.3,text,text_regex_findall,28,146,0.3,seconds,normal,21287,165,1,1,1,1,0,0,0.00021255659608249652,0.9714046294822831,0.36628313235810595,0.02420531746001624,1.0089566103853937,11.5,0.10071100000641309,0.0012184999359305948,0.21489370000199415,4.320116299990332,4.330248900005245,4.285455200006254,4.327193;4.320116;4.319180,4.330249;4.342320;4.325951,4.288117;4.285455;4.278642,,multiprocessing,2026-10-04T02:56:40+00:00
M0c1-00461,M0c1,localc1,Windows,11,AMD64,AMD Ryzen 3 5300U with Radeon Graphics,amd,1,4,2600,20.8,3.14.6,CPython,1,spawn,2.5.3,cpu,cpu_count_primes,6294,280,0.0,seconds,normal,1608,303,1,4,2,4,0,0,0.0039023230750059998,0.9893194684911529,0.049877854692000255,0.001133446590006135,1.0119194844077335,13.8,0.10087380000913981,0.0003433000383665785,0.46207559999311343,6.101811899992754,6.120327399999951,6.091431599998032,6.088410;6.115573;6.101812,6.120327;6.130603;6.117776,6.088666;6.112759;6.091432,,multiprocessing,2026-10-04T02:57:35+00:00
M0c1-00462,M0c1,localc1,Windows,11,AMD64,AMD Ryzen 3 5300U with Radeon Graphics,amd,1,4,2600,20.8,3.14.6,CPython,1,spawn,2.5.3,mixed,mixed_hash_then_write,7309,81674,0.0,seconds,normal,1171,81697,1,1,1,3,1,0,0.0009614115386704305,0.9846812128659382,0.16254153690542028,0.02416758872472489,0.98518794226809,0.8,0.10111210000468418,0.0009491999953752384,0.21489370000199415,1.1352979999937816,1.136035699993954,1.3953853999992134,1.126383;1.135298;1.165800,1.095169;1.164625;1.136036,1.377750;1.395385;1.455480,,sequential,2026-10-04T02:57:47+00:00
M0c1-00463,M0c1,localc1,Windows,11,AMD64,AMD Ryzen 3 5300U with Radeon Graphics,amd,1,4,2600,20.8,3.14.6,CPython,1,spawn,2.5.3,text,text_format_report,2880,55,0.8,seconds,normal,471,75,1,1,1,2,0,0,0.004612490906517699,0.9913056522534639,0.35455109582794325,0.0009736409903867953,1.1196723320557773,16.1,0.09500429999025073,0.00031710001348983496,0.21489370000199415,1.680005699992762,1.6684599000000162,1.6732316000125138,1.726613;1.679053;1.680006,1.672721;1.668262;1.668460,1.673232;1.677415;1.669842,,threading,2026-10-04T02:58:03+00:00
