run_id,machine_id,vm_size,os,os_release,arch,cpu_model,cpu_vendor,logical_cpus,physical_cores,cpu_freq_mhz,ram_gb,python,python_impl,gil_enabled,start_method,numpy_version,family,template_id,work,payload_size,jitter,duration_tier,input_tier,n_items,input_bytes,cpu_count,n_workers,max_loop_depth,arith_op_count,has_io_call,has_gil_release_call,time_per_item,cpu_ratio,time_cv,pickle_time_ratio,thread_probe_speedup,cpu_load,probe_overhead_s,probe_extra_s,pool_startup_s,t_sequential,t_threading,t_multiprocessing,runs_sequential,runs_threading,runs_multiprocessing,censored,label,timestamp
W8-00000,W8,n2-standard-8,Windows,2022Server,AMD64,Intel(R) Xeon(R) CPU @ 2.80GHz,intel,8,4,2800,34.4,3.14.6,CPython,1,spawn,2.5.3,mixed,mixed_compute_then_sleep,53043,105,0.8,seconds,normal,333,125.66666666666667,8,16,1,3,1,0,0.004410474999996694,0.6191753485532485,0.5559716014687606,0.0019064462067919243,1.6949105287648087,12.5,0.10697289999998816,0.021595500000017864,0.3259346999999906,1.3906391999999954,0.832924300000002,0.24853339999999946,1.390639,0.846066;0.832025;0.832924,0.246287;0.248533;0.267562,,multiprocessing,2026-10-03T18:00:27+00:00
W8-00001,W8,n2-standard-8,Windows,2022Server,AMD64,Intel(R) Xeon(R) CPU @ 2.80GHz,intel,8,4,2800,34.4,3.14.6,CPython,1,spawn,2.5.3,algo_rec,algo_sudoku,2,885584,0.3,seconds,big,225,885606,8,16,3,28,0,0,0.001776090322579652,1.0,1.2955537028636934,0.24866978575680115,0.9380018345164778,12.1,0.1291130000000038,0.014065800000039985,0.3259346999999906,0.3588510999999954,0.3646914999999922,0.5248471999999964,0.358851;0.361667;0.356984,0.364691;0.367961;0.362602,0.524847;0.520203;0.525507,,sequential,2026-10-03T18:00:32+00:00
W8-00002,W8,n2-standard-8,Windows,2022Server,AMD64,Intel(R) Xeon(R) CPU @ 2.80GHz,intel,8,4,2800,34.4,3.14.6,CPython,1,spawn,2.5.3,numpy,np_linalg_solve,361,135,0.8,ms,normal,8,154.33333333333334,8,2,0,3,0,1,0.001455833333333582,1.0,0.5278301381142328,0.007120778477631488,0.180582769978625,0.8,0.03195689999999729,0.0014342999999996664,0.6768967000000004,0.038866899999987936,0.02943189999999163,0.5658711000000096,0.037527;0.040572;0.038867,0.029432;0.029100;0.029508,0.565871,,threading,2026-10-03T18:00:34+00:00
W8-00003,W8,n2-standard-8,Windows,2022Server,AMD64,Intel(R) Xeon(R) CPU @ 2.80GHz,intel,8,4,2800,34.4,3.14.6,CPython,1,spawn,2.5.3,gil_release,gil_sha256,1,11259,0.8,seconds,normal,17763,11281,8,2,1,1,0,1,3.406206896551896e-05,1.0,0.3250468125357977,0.2166632922139753,1.8237378173461964,0.0,0.08078589999999508,0.0035018999999891776,0.6768967000000004,0.6107360000000028,0.32464399999999216,0.9170824999999923,0.610736;0.610852;0.609875,0.324644;0.326216;0.320148,0.917082;0.915390;0.918547,,threading,2026-10-03T18:00:41+00:00
W8-00004,W8,n2-standard-8,Windows,2022Server,AMD64,Intel(R) Xeon(R) CPU @ 2.80GHz,intel,8,4,2800,34.4,3.14.6,CPython,1,spawn,2.5.3,big_result,result_long_string,1311,17,0.8,ms,normal,24,37,8,2,1,1,0,0,0.00028516666666907514,1.0,0.5514687023240484,0.06756282875505863,0.6506611813179867,8.7,0.004770600000000513,0.0009497999999865669,0.6768967000000004,0.005937600000009979,0.0065384000000108244,0.0045298999999943135,0.006211;0.005896;0.005938,0.006714;0.006446;0.006538,0.004609;0.004254;0.004530,,multiprocessing,2026-10-03T18:00:44+00:00
W8-00005,W8,n2-standard-8,Windows,2022Server,AMD64,Intel(R) Xeon(R) CPU @ 2.80GHz,intel,8,4,2800,34.4,3.14.6,CPython,1,spawn,2.5.3,algo_rec,algo_lcs_memo,2,51,0.0,seconds,normal,104,70,8,4,1,10,0,0,0.005987777777777283,1.0,0.0400603988782783,0.0009315271853444433,0.9370915290002758,12.5,0.11252710000000832,0.0014147000000122034,0.17000030000001232,0.619269100000011,0.6501868999999942,0.21808479999999975,0.660561;0.617290;0.619269,0.656472;0.637974;0.650187,0.194850;0.218085;0.274717,,multiprocessing,2026-10-03T18:00:49+00:00
W8-00006,W8,n2-standard-8,Windows,2022Server,AMD64,Intel(R) Xeon(R) CPU @ 2.80GHz,intel,8,4,2800,34.4,3.14.6,CPython,1,spawn,2.5.3,gil_release,gil_bz2,36,300000,0.0,ms,big,8,300022,8,16,0,1,0,1,0.004426099999998693,1.0,0.010102039726142696,0.023715385253122695,1.3926626419564438,9.8,0.023817600000000994,0.0010016000000092617,0.3259346999999906,0.03532260000000065,0.010266199999989567,0.012563000000000102,0.035314;0.035323;0.035466,0.010212;0.010266;0.010353,0.012294;0.012563;0.012840,,threading,2026-10-03T18:00:50+00:00
W8-00007,W8,n2-standard-8,Windows,2022Server,AMD64,Intel(R) Xeon(R) CPU @ 2.80GHz,intel,8,4,2800,34.4,3.14.6,CPython,1,spawn,2.5.3,db,db_file_commit,2,4164,0.3,ms,normal,10,4186,8,4,1,0,1,0,0.015814066666668698,0.16611101746768814,0.5989212829635271,0.0009948948404027301,1.1373657626503868,10.5,0.10124940000000038,0.0010003000000011752,0.17000030000001232,0.19133999999999673,0.09019760000001042,0.0571946999999966,0.234082;0.191340;0.148100,0.090198;0.099131;0.037088,0.110565;0.057195;0.037897,,multiprocessing,2026-10-03T18:00:52+00:00
W8-00008,W8,n2-standard-8,Windows,2022Server,AMD64,Intel(R) Xeon(R) CPU @ 2.80GHz,intel,8,4,2800,34.4,3.14.6,CPython,1,spawn,2.5.3,gil_release,gil_sha256,24,8303,0.8,ms,normal,23,8325,8,4,1,1,0,1,0.0005296800000024859,1.0,0.363908865571326,0.018426219599534617,0.7567808051084799,3.8,0.006247600000008902,0.00026649999999506235,0.17000030000001232,0.013232600000009143,0.005758700000001227,0.006474299999993605,0.013419;0.013048;0.013233,0.005583;0.005790;0.005759,0.006654;0.006474;0.005498,,threading,2026-10-03T18:00:52+00:00
W8-00009,W8,n2-standard-8,Windows,2022Server,AMD64,Intel(R) Xeon(R) CPU @ 2.80GHz,intel,8,4,2800,34.4,3.14.6,CPython,1,spawn,2.5.3,tiny,tiny_dict_lookup,657,143563,0.0,seconds,big,1393,143586,8,2,0,1,0,0,4.790229882437207e-07,1.0,0.7931682101497941,50.88482306083709,0.21398283599354992,3.0,0.002818699999991736,0.001662400000085995,0.6768967000000004,0.00036529999999856955,0.0008109999999987849,0.8059185000000042,0.000554;0.000355;0.000365,0.001105;0.000811;0.000712,0.805919,,sequential,2026-10-03T18:00:54+00:00
W8-00010,W8,n2-standard-8,Windows,2022Server,AMD64,Intel(R) Xeon(R) CPU @ 2.80GHz,intel,8,4,2800,34.4,3.14.6,CPython,1,spawn,2.5.3,big_payload,big_upper_copy,2,159343,0.0,seconds,big,1255,159365,8,8,0,0,0,0,0.00011464408945697688,0.9456765306911867,0.20008592650752693,0.4964931054797623,1.0224633162236023,1.1,0.07387590000000444,0.002644999999972697,0.750025100000002,0.16544109999999534,0.17335959999999773,0.8841535999999905,0.160456;0.165441;0.168936,0.173360;0.173249;0.173569,0.884154,,sequential,2026-10-03T18:00:58+00:00
W8-00011,W8,n2-standard-8,Windows,2022Server,AMD64,Intel(R) Xeon(R) CPU @ 2.80GHz,intel,8,4,2800,34.4,3.14.6,CPython,1,spawn,2.5.3,gil_release,gil_sha256,6,79531,0.8,ms,normal,71,79553,8,4,1,1,0,1,0.0009496235294113161,1.0,0.4320002331964822,0.016625783591136152,1.3103008613139198,2.3,0.02935309999999447,0.0005871999999982336,0.17000030000001232,0.08754009999999823,0.027117799999999193,0.030121699999995144,0.087508;0.087560;0.087540,0.027533;0.027118;0.025716,0.030322;0.029119;0.030122,,threading,2026-10-03T18:00:59+00:00
W8-00012,W8,n2-standard-8,Windows,2022Server,AMD64,Intel(R) Xeon(R) CPU @ 2.80GHz,intel,8,4,2800,34.4,3.14.6,CPython,1,spawn,2.5.3,numpy,np_linalg_solve,77,975,0.8,seconds,normal,15292,997,8,4,0,3,0,1,0.00011354441913449866,1.0,0.539179980297897,0.044299843522545096,0.6891355441775655,0.0,0.123825999999994,0.001571699999956877,0.17000030000001232,1.7003396000000066,3.2620653999999973,0.520849400000003,1.690213;1.700340;1.700912,3.262065,1.095891;0.469010;0.520849,,multiprocessing,2026-10-03T18:01:10+00:00
W8-00013,W8,n2-standard-8,Windows,2022Server,AMD64,Intel(R) Xeon(R) CPU @ 2.80GHz,intel,8,4,2800,34.4,3.14.6,CPython,1,spawn,2.5.3,big_payload,big_checksum_head,4744,1128487,0.0,ms,big,177,1128510,8,8,1,1,0,0,0.00011188181818188137,1.0,0.027457853888836776,6.61153002354614,0.8699340959018423,0.0,0.026300700000007282,0.01563040000000626,0.750025100000002,0.01987789999999734,0.020714699999999198,0.5649365000000017,0.019878;0.020021;0.019863,0.020738;0.020712;0.020715,0.564937,,sequential,2026-10-03T18:01:12+00:00
W8-00014,W8,n2-standard-8,Windows,2022Server,AMD64,Intel(R) Xeon(R) CPU @ 2.80GHz,intel,8,4,2800,34.4,3.14.6,CPython,1,spawn,2.5.3,text,text_regex_findall,6,1575548,0.3,seconds,big,8,1575570,8,8,1,1,0,0,0.5160511666666707,0.9999960980604125,0.14206394256803337,0.0016712813038215458,1.196014264060768,0.0,2.9761285000000015,0.0034564999999844304,0.750025100000002,3.858216900000002,3.976947600000017,1.119078299999984,3.858217;3.904523;3.819861,4.087698;3.976948;3.950278,1.177449;1.119078;1.056895,,multiprocessing,2026-10-03T18:01:44+00:00
W8-00015,W8,n2-standard-8,Windows,2022Server,AMD64,Intel(R) Xeon(R) CPU @ 2.80GHz,intel,8,4,2800,34.4,3.14.6,CPython,1,spawn,2.5.3,text,text_regex_findall,24,3607,0.3,seconds,normal,135,3629,8,4,1,1,0,0,0.004232458333333966,1.0,0.19316631842556983,0.0012975122801559343,1.0627583284880133,0.0,0.09959870000000137,0.0003278000000079828,0.17000030000001232,0.5466130000000078,0.5598910999999873,0.18828320000000076,0.548355;0.546613;0.546576,0.559891;0.560839;0.556424,0.194100;0.150809;0.188283,,multiprocessing,2026-10-03T18:01:48+00:00
W8-00016,W8,n2-standard-8,Windows,2022Server,AMD64,Intel(R) Xeon(R) CPU @ 2.80GHz,intel,8,4,2800,34.4,3.14.6,CPython,1,spawn,2.5.3,big_result,result_long_string,13325,479,0.8,ms,normal,20,502,8,2,1,1,0,0,0.003712859999995999,1.0,0.33742158695560437,0.07143819050672047,1.469247928617557,0.0,0.031196399999998903,0.0015831000000332551,0.6768967000000004,0.05388459999997508,0.05417410000001155,0.03816399999999476,0.052357;0.053885;0.057744,0.054935;0.054107;0.054174,0.038752;0.038164;0.038039,,multiprocessing,2026-10-03T18:01:49+00:00
W8-00017,W8,n2-standard-8,Windows,2022Server,AMD64,Intel(R) Xeon(R) CPU @ 2.80GHz,intel,8,4,2800,34.4,3.14.6,CPython,1,spawn,2.5.3,numpy,np_linalg_solve,145,103,0.8,ms,normal,108,122.05,8,16,0,3,0,1,0.00045659629629910713,1.0,0.7306211652862185,0.010348309963482759,0.7339627444031906,0.0,0.029067400000002408,0.00044949999994514656,0.3259346999999906,0.05205970000000093,0.07790669999999977,0.7188762000000111,0.051032;0.052492;0.052060,0.077227;0.082259;0.077907,0.718876,,sequential,2026-10-03T18:01:51+00:00
W8-00018,W8,n2-standard-8,Windows,2022Server,AMD64,Intel(R) Xeon(R) CPU @ 2.80GHz,intel,8,4,2800,34.4,3.14.6,CPython,1,spawn,2.5.3,numpy,np_fft,335147,308,0.8,seconds,normal,67,333,8,8,0,0,0,1,0.06812996666665565,0.9997652882079094,0.43848816659575673,0.0001546064655260621,0.9715361645004943,1.2,0.3897289000000228,0.0008215000000575401,0.750025100000002,4.487904500000013,1.2010269000000164,1.1315801000000079,4.487905;4.480756;4.504533,1.170790;1.202861;1.201027,1.307692;1.127651;1.131580,,multiprocessing,2026-10-03T18:02:13+00:00
W8-00019,W8,n2-standard-8,Windows,2022Server,AMD64,Intel(R) Xeon(R) CPU @ 2.80GHz,intel,8,4,2800,34.4,3.14.6,CPython,1,spawn,2.5.3,cpu,cpu_count_primes,14000,55,0.0,ms,normal,17,75,8,8,2,4,0,0,0.010008724999991614,1.0,0.004776404598208105,0.0010066217217102615,0.9382205934477155,0.0,0.08360270000000014,0.0009013000000379634,0.750025100000002,0.17028609999999844,0.17405589999998483,0.05956369999998401,0.169560;0.170286;0.170397,0.176335;0.174056;0.173421,0.059564;0.060272;0.059520,,multiprocessing,2026-10-03T18:02:15+00:00
W8-00020,W8,n2-standard-8,Windows,2022Server,AMD64,Intel(R) Xeon(R) CPU @ 2.80GHz,intel,8,4,2800,34.4,3.14.6,CPython,1,spawn,2.5.3,numpy,np_elementwise,5597,8351,0.8,ms,normal,57,8374,8,2,0,4,0,0,0.000192514285712621,1.0,0.3994848341573009,0.03368952210665548,1.1268060236750392,0.0,0.006233699999995679,0.0011432000000297649,0.6768967000000004,0.0103021000000183,0.006878400000005058,0.006641000000001895,0.010302;0.010310;0.010286,0.006767;0.007067;0.006878,0.007125;0.006616;0.006641,,multiprocessing,2026-10-03T18:02:15+00:00
W8-00021,W8,n2-standard-8,Windows,2022Server,AMD64,Intel(R) Xeon(R) CPU @ 2.80GHz,intel,8,4,2800,34.4,3.14.6,CPython,1,spawn,2.5.3,numpy,np_linalg_solve,51,272,0.0,seconds,normal,50219,294,8,8,0,3,0,1,5.518897550086395e-05,1.0,0.10588650664163353,0.08588671857119351,0.628570993554727,0.0,0.1308091999999874,0.0021324000002209686,0.750025100000002,2.7425283000000036,4.730525,0.746105,2.742528,4.730525,0.746105,threading,multiprocessing,2026-10-03T18:02:24+00:00
W8-00022,W8,n2-standard-8,Windows,2022Server,AMD64,Intel(R) Xeon(R) CPU @ 2.80GHz,intel,8,4,2800,34.4,3.14.6,CPython,1,spawn,2.5.3,db,db_file_lookup,278,63,0.8,seconds,normal,82,82.33333333333333,8,16,1,5,1,0,0.00587304444444688,1.0,0.258011065570307,0.0011824266808645283,0.8421777479097541,12.9,0.148188800000014,0.030728999999979578,0.29942510000000766,0.6137288000000183,1.1757479999999987,0.1751591000000019,0.635929;0.607003;0.613729,1.175748,0.226978;0.175159;0.160326,,multiprocessing,2026-10-03T18:02:30+00:00
W8-00023,W8,n2-standard-8,Windows,2022Server,AMD64,Intel(R) Xeon(R) CPU @ 2.80GHz,intel,8,4,2800,34.4,3.14.6,CPython,1,spawn,2.5.3,algo_rec,algo_lcs_memo,4,931,0.0,ms,normal,8,953,8,16,1,10,0,0,0.011765999999994392,1.0,0.0047111251379089855,0.0009207320528989179,0.8988850280645599,14.5,0.07605749999999034,0.0014044000000126289,0.29942510000000766,0.09740249999998696,0.10261719999999741,0.03260909999997352,0.104693;0.097402;0.095841,0.102617;0.105772;0.098667,0.032609;0.034249;0.027465,,multiprocessing,2026-10-03T18:02:31+00:00
W8-00024,W8,n2-standard-8,Windows,2022Server,AMD64,Intel(R) Xeon(R) CPU @ 2.80GHz,intel,8,4,2800,34.4,3.14.6,CPython,1,spawn,2.5.3,io,io_sleep_chunks,440,497,0.0,ms,normal,8,520,8,2,1,1,1,0,0.0038648666666745157,0.016618740714484204,0.023240047151076304,0.003234264225631809,1.4524886877860876,12.5,0.02052269999998657,0.0007510999999738033,0.14133540000000266,0.030971299999976054,0.016071600000003627,0.015810700000002953,0.030921;0.030971;0.031045,0.016081;0.015628;0.016072,0.015811;0.016171;0.015808,,multiprocessing,2026-10-03T18:02:32+00:00
W8-00025,W8,n2-standard-8,Windows,2022Server,AMD64,Intel(R) Xeon(R) CPU @ 2.80GHz,intel,8,4,2800,34.4,3.14.6,CPython,1,spawn,2.5.3,io,io_file_roundtrip,5,525,0.0,seconds,normal,264,547,8,2,1,0,1,0,0.017909333333316606,0.16149455847991054,0.09940786070872501,0.0005341721262928588,1.3781818781309456,6.4,0.09125689999999054,0.0010704000000316682,0.14133540000000266,3.196306700000008,1.8701540000000136,1.8908509000000038,4.683755;3.196307;3.192329,1.842696;1.892142;1.870154,1.808375;1.890851;1.904978,,threading,2026-10-03T18:02:55+00:00
W8-00026,W8,n2-standard-8,Windows,2022Server,AMD64,Intel(R) Xeon(R) CPU @ 2.80GHz,intel,8,4,2800,34.4,3.14.6,CPython,1,spawn,2.5.3,mixed,mixed_compute_then_sleep,3468,295,0.3,ms,normal,117,318,8,4,1,3,1,0,0.0009703931034495923,0.16371423128004403,0.029544963516221684,0.005157703595229688,1.8494728723753306,0.0,0.04452749999998673,0.000994699999949944,0.17472689999999602,0.11410289999997758,0.03147630000000845,0.02992489999999748,0.114307;0.114078;0.114103,0.031476;0.031688;0.031416,0.028742;0.029925;0.030730,,multiprocessing,2026-10-03T18:02:56+00:00
W8-00027,W8,n2-standard-8,Windows,2022Server,AMD64,Intel(R) Xeon(R) CPU @ 2.80GHz,intel,8,4,2800,34.4,3.14.6,CPython,1,spawn,2.5.3,io,io_sleep,539,1686597,0.0,seconds,big,118,1686620,8,16,0,1,1,0,0.0014397862068988318,0.016037813997780773,0.06518623127509943,0.616772126129362,1.866092157810599,0.0,0.08296820000001048,0.01867579999995428,0.29942510000000766,0.1722351999999887,0.012131199999998898,0.3776048000000003,0.172235,0.012353;0.012131;0.011718,0.377605,,threading,2026-10-03T18:02:58+00:00
W8-00028,W8,n2-standard-8,Windows,2022Server,AMD64,Intel(R) Xeon(R) CPU @ 2.80GHz,intel,8,4,2800,34.4,3.14.6,CPython,1,spawn,2.5.3,text,text_csv_parse,3,134,0.3,seconds,normal,13704,153,8,8,2,3,0,0,0.0003755526315793694,1.0,0.27485512634961995,0.01732114077589813,1.124889076608113,0.0,0.09613319999999703,0.0016398999999296393,0.1940443000000016,4.351640599999996,4.4098128999999915,1.2737570999999832,4.351641;4.351070;4.381020,4.409813;4.408607;4.416494,1.274584;1.273757;1.254889,,multiprocessing,2026-10-03T18:03:29+00:00
W8-00029,W8,n2-standard-8,Windows,2022Server,AMD64,Intel(R) Xeon(R) CPU @ 2.80GHz,intel,8,4,2800,34.4,3.14.6,CPython,1,spawn,2.5.3,algo_rec,algo_sudoku,10,184,0.3,ms,normal,26,203,8,4,3,28,0,0,0.006213550000002972,1.0,0.3910264916975553,0.0011238878468600101,0.7508113439434014,1.1,0.09077360000000567,0.0023209999999949105,0.17472689999999602,0.24104030000000876,0.24498699999998053,0.07189990000000535,0.239228;0.241040;0.241428,0.244987;0.247578;0.241794,0.068724;0.071900;0.091389,,multiprocessing,2026-10-03T18:03:31+00:00
W8-00030,W8,n2-standard-8,Windows,2022Server,AMD64,Intel(R) Xeon(R) CPU @ 2.80GHz,intel,8,4,2800,34.4,3.14.6,CPython,1,spawn,2.5.3,text,text_format_report,19,106,0.3,seconds,normal,9845,125,8,16,1,2,0,0,2.6665749730062913e-05,1.0,0.1763132795520627,0.14906762565198742,0.9712072239468622,0.0,0.10531470000000809,0.00400970000046641,0.29942510000000766,0.2601615000000095,0.2617326000000162,0.07055800000000545,0.260162;0.254710;0.261431,0.261733;0.260003;0.263180,0.073987;0.070541;0.070558,,multiprocessing,2026-10-03T18:03:33+00:00
W8-00031,W8,n2-standard-8,Windows,2022Server,AMD64,Intel(R) Xeon(R) CPU @ 2.80GHz,intel,8,4,2800,34.4,3.14.6,CPython,1,spawn,2.5.3,text,text_regex_findall,1,167,0.3,ms,normal,4445,186,8,16,1,1,0,0,9.221512151489036e-06,1.0,0.1250279015332748,0.41750202398376035,0.9184033394265492,1.2,0.02442550000000665,0.0024531999997066123,0.29942510000000766,0.04080700000002935,0.04240050000004203,0.014132500000016535,0.040285;0.040807;0.042129,0.042369;0.042401;0.043725,0.015489;0.014133;0.014107,,multiprocessing,2026-10-03T18:03:34+00:00
W8-00032,W8,n2-standard-8,Windows,2022Server,AMD64,Intel(R) Xeon(R) CPU @ 2.80GHz,intel,8,4,2800,34.4,3.14.6,CPython,1,spawn,2.5.3,recursive,rec_quicksort,494,170969,0.0,ms,big,29,170992,8,2,1,8,0,0,0.0005855428571440566,1.0,0.06294735153269702,0.06738557625960002,0.7878683715963294,0.0,0.010667200000000321,0.0014039000000138913,0.14133540000000266,0.016643500000043332,0.01790950000003022,0.015288100000020677,0.016543;0.016707;0.016644,0.017910;0.018053;0.017456,0.015057;0.021094;0.015288,,multiprocessing,2026-10-03T18:03:35+00:00
W8-00033,W8,n2-standard-8,Windows,2022Server,AMD64,Intel(R) Xeon(R) CPU @ 2.80GHz,intel,8,4,2800,34.4,3.14.6,CPython,1,spawn,2.5.3,db,db_file_commit,1,1817,0.3,ms,normal,8,1839,8,8,1,0,1,0,0.006168533333323012,0.2745410347497953,0.11497972015367398,0.0017346100639044281,0.9824232969276617,1.9,0.03714250000001584,0.001262400000030084,0.1940443000000016,0.04686250000003156,0.015178400000024794,0.020310899999969934,0.046863;0.045051;0.047333,0.032875;0.015178;0.010034,0.030643;0.020311;0.010865,,threading,2026-10-03T18:03:36+00:00
W8-00034,W8,n2-standard-8,Windows,2022Server,AMD64,Intel(R) Xeon(R) CPU @ 2.80GHz,intel,8,4,2800,34.4,3.14.6,CPython,1,spawn,2.5.3,text,text_split_count,3,252,0.8,seconds,normal,10403,271,8,16,1,1,0,0,5.520144284020886e-05,1.0,0.32795930962745823,0.07101263675676865,0.9581252416924624,0.0,0.10458460000000969,0.002440600000966242,0.29942510000000766,0.5705546000000368,0.5842006999999967,0.15951660000001766,0.565213;0.571921;0.570555,0.583750;0.584201;0.589597,0.155564;0.159517;0.162759,,multiprocessing,2026-10-03T18:03:40+00:00
W8-00035,W8,n2-standard-8,Windows,2022Server,AMD64,Intel(R) Xeon(R) CPU @ 2.80GHz,intel,8,4,2800,34.4,3.14.6,CPython,1,spawn,2.5.3,numpy,np_linalg_solve,36,1365,0.3,seconds,normal,3053,1387,8,2,0,3,0,1,4.530747051024301e-05,1.0,0.18097891618659603,0.11123993333666486,0.526424154293938,0.0,0.10329530000001341,0.002896700000690089,0.14133540000000266,0.131652699999961,0.24326530000001867,0.07769529999995939,0.132509;0.131653;0.130797,0.245894;0.243265;0.242569,0.157076;0.076656;0.077695,,multiprocessing,2026-10-03T18:03:42+00:00
W8-00036,W8,n2-standard-8,Windows,2022Server,AMD64,Intel(R) Xeon(R) CPU @ 2.80GHz,intel,8,4,2800,34.4,3.14.6,CPython,1,spawn,2.5.3,text,text_regex_findall,40,858,0.8,ms,normal,28,880,8,4,1,1,0,0,0.001795571428569279,1.0,0.5227314486465963,0.003691622252171463,1.193948168117559,0.0,0.022445600000025934,0.0002749000000790147,0.17472689999999602,0.042373600000018996,0.04422119999998131,0.016469599999993534,0.042173;0.042374;0.042764,0.044516;0.044221;0.043962,0.014255;0.016470;0.017634,,multiprocessing,2026-10-03T18:03:44+00:00
W8-00037,W8,n2-standard-8,Windows,2022Server,AMD64,Intel(R) Xeon(R) CPU @ 2.80GHz,intel,8,4,2800,34.4,3.14.6,CPython,1,spawn,2.5.3,algo_rec,algo_sudoku,2,895,0.3,ms,normal,361,917,8,2,3,28,0,0,0.0014873176470590512,1.0,1.5091434095450342,0.003627335437488583,0.8436101444045057,0.0,0.11213789999999335,0.0004327999999986787,0.14133540000000266,0.5813572000000136,0.5903403000000367,0.3045715999999743,0.581285;0.581357;0.582704,0.590340;0.586523;0.591738,0.304572;0.303151;0.306854,,multiprocessing,2026-10-03T18:03:49+00:00
W8-00038,W8,n2-standard-8,Windows,2022Server,AMD64,Intel(R) Xeon(R) CPU @ 2.80GHz,intel,8,4,2800,34.4,3.14.6,CPython,1,spawn,2.5.3,cpu,cpu_matmul_lists,25,18,0.8,ms,normal,8,37,8,2,3,5,0,0,0.0014500666666776851,1.0,0.8876762820848688,0.006735322512531395,0.9911313298537766,0.0,0.012040600000034374,0.0011008000000174434,0.14133540000000266,0.017435500000033244,0.015612400000009075,0.008244200000035562,0.017359;0.017436;0.018016,0.015612;0.015679;0.015600,0.008329;0.008244;0.008208,,multiprocessing,2026-10-03T18:03:50+00:00
W8-00039,W8,n2-standard-8,Windows,2022Server,AMD64,Intel(R) Xeon(R) CPU @ 2.80GHz,intel,8,4,2800,34.4,3.14.6,CPython,1,spawn,2.5.3,text,text_format_report,11335,288,0.0,ms,normal,8,311,8,8,1,2,0,0,0.015648433333334804,1.0,0.010022894943287617,0.0007370279889374304,0.9438550285664412,0.0,0.09686940000000277,0.00026940000003605746,0.1940443000000016,0.12709059999997407,0.1280059000000051,0.03367750000001024,0.127091;0.125063;0.128175,0.125899;0.128006;0.130065,0.033706;0.033678;0.033364,,multiprocessing,2026-10-03T18:03:51+00:00
W8-00040,W8,n2-standard-8,Windows,2022Server,AMD64,Intel(R) Xeon(R) CPU @ 2.80GHz,intel,8,4,2800,34.4,3.14.6,CPython,1,spawn,2.5.3,recursive,rec_quicksort,791,24,0.3,seconds,normal,6979,44,8,8,1,8,0,0,0.0009216563636393651,1.0,0.206311239179454,0.00425321210883861,0.9313319834198758,0.0,0.1056636999999796,0.0006455999998138395,0.1940443000000016,6.6452428000000054,6.775942900000018,1.6697174999999902,6.608082;6.645243;6.663118,6.768016;6.775943;6.841916,1.687790;1.666761;1.669717,,multiprocessing,2026-10-03T18:04:37+00:00
W8-00041,W8,n2-standard-8,Windows,2022Server,AMD64,Intel(R) Xeon(R) CPU @ 2.80GHz,intel,8,4,2800,34.4,3.14.6,CPython,1,spawn,2.5.3,algo_rec,algo_flood_fill,2,216450,0.0,seconds,big,924,216472,8,8,3,10,0,0,0.0006970054794510049,1.0,0.47632951205161994,0.04992787147787379,0.8722399732221104,12.5,0.11135980000000245,0.002356700000063938,0.1940443000000016,0.633958199999995,0.654210599999999,0.6514586000000122,0.633695;0.646659;0.633958,0.655845;0.654211;0.654026,0.651459;0.628414;0.652982,,sequential,2026-10-03T18:04:44+00:00
W8-00042,W8,n2-standard-8,Windows,2022Server,AMD64,Intel(R) Xeon(R) CPU @ 2.80GHz,intel,8,4,2800,34.4,3.14.6,CPython,1,spawn,2.5.3,big_result,result_matrix_lists,171,781709,0.3,ms,big,11,781731,8,4,2,5,0,0,0.0031682666666483783,1.0,0.25990783011583796,0.46935232724343984,0.8732445210421402,6.8,0.027773299999978462,0.005320400000016434,0.17472689999999602,0.040451299999972434,0.03812240000002021,0.02369829999997819,0.040451;0.038267;0.041961,0.039070;0.038122;0.037690,0.023698;0.021157;0.025435,,multiprocessing,2026-10-03T18:04:45+00:00
W8-00043,W8,n2-standard-8,Windows,2022Server,AMD64,Intel(R) Xeon(R) CPU @ 2.80GHz,intel,8,4,2800,34.4,3.14.6,CPython,1,spawn,2.5.3,io,io_sleep_return_payload,657,107958,0.3,ms,big,94,107981,8,16,0,1,1,0,0.0013927043478262299,0.012323838906010938,0.1326145701202807,0.020625339499028058,1.9436234635810965,2.0,0.050289500000019416,0.0013786000000095555,0.29942510000000766,0.13145730000002231,0.00938419999999951,0.022308000000009542,0.131457,0.009384;0.008909;0.009531,0.022308;0.022616;0.021821,,threading,2026-10-03T18:04:46+00:00
W8-00044,W8,n2-standard-8,Windows,2022Server,AMD64,Intel(R) Xeon(R) CPU @ 2.80GHz,intel,8,4,2800,34.4,3.14.6,CPython,1,spawn,2.5.3,db,db_mem_insert_select,71,821,0.3,ms,normal,925,843,8,2,1,1,1,0,0.0001443692640702379,1.0,0.1309235743973347,0.02756819479244677,0.8530803307172474,14.5,0.07394299999998566,0.0015286999997101702,0.14133540000000266,0.13112240000003794,0.15387319999996407,0.07193549999999505,0.131122;0.131082;0.139322,0.166293;0.152703;0.153873,0.076249;0.071520;0.071935,,multiprocessing,2026-10-03T18:04:48+00:00
W8-00045,W8,n2-standard-8,Windows,2022Server,AMD64,Intel(R) Xeon(R) CPU @ 2.80GHz,intel,8,4,2800,34.4,3.14.6,CPython,1,spawn,2.5.3,text,text_csv_parse,3,232,0.3,ms,normal,327,251,8,2,2,3,0,0,0.0005736506172853398,1.0,0.1590069047976289,0.006720118275704311,1.0085462757279917,0.4,0.09296750000004295,0.0005188999999177213,0.14133540000000266,0.18410280000000512,0.18366819999999962,0.09089240000002974,0.181734;0.184103;0.185217,0.183668;0.189629;0.183282,0.090901;0.090892;0.090782,,multiprocessing,2026-10-03T18:04:50+00:00
W8-00046,W8,n2-standard-8,Windows,2022Server,AMD64,Intel(R) Xeon(R) CPU @ 2.80GHz,intel,8,4,2800,34.4,3.14.6,CPython,1,spawn,2.5.3,numpy,np_sort,1901,723,0.0,seconds,normal,3770,746,8,8,0,3,0,1,8.846263345133163e-05,1.0,0.08379352308679444,0.049625472662719834,1.5054512756354963,4.5,0.08527309999999488,0.0021885000003862842,0.1940443000000016,0.32662899999996853,0.3663222999999789,0.11160400000005666,0.325833;0.326962;0.326629,0.357491;0.368609;0.366322,0.204212;0.102486;0.111604,,multiprocessing,2026-10-03T18:04:53+00:00
W8-00047,W8,n2-standard-8,Windows,2022Server,AMD64,Intel(R) Xeon(R) CPU @ 2.80GHz,intel,8,4,2800,34.4,3.14.6,CPython,1,spawn,2.5.3,big_payload,big_reverse,5,180654,0.3,ms,big,283,180676,8,8,0,0,0,0,0.00012058999999859614,1.0,0.17979430505189709,0.43564972220737264,0.8894537702555922,0.0,0.01993350000003602,0.0018594000001144195,0.1940443000000016,0.04261450000001332,0.04413399999998546,0.17330749999996442,0.038273;0.042615;0.042783,0.046156;0.044134;0.041155,0.160121;0.173307;0.174276,,sequential,2026-10-03T18:04:54+00:00
W8-00048,W8,n2-standard-8,Windows,2022Server,AMD64,Intel(R) Xeon(R) CPU @ 2.80GHz,intel,8,4,2800,34.4,3.14.6,CPython,1,spawn,2.5.3,cpu,cpu_sum_squares,223446,1967,0.3,seconds,normal,27,1992,8,16,1,2,0,0,0.01325687499998196,1.0,0.14339943285466514,0.0008014709350137662,1.0378129050004965,0.0,0.10282050000000709,0.0007249000000797423,0.29942510000000766,0.36948000000001,0.37415430000004335,0.12313319999998384,0.380074;0.369480;0.368994,0.375680;0.374154;0.372532,0.124977;0.123133;0.115153,,multiprocessing,2026-10-03T18:04:57+00:00
W8-00049,W8,n2-standard-8,Windows,2022Server,AMD64,Intel(R) Xeon(R) CPU @ 2.80GHz,intel,8,4,2800,34.4,3.14.6,CPython,1,spawn,2.5.3,tiny,tiny_dict_lookup,388,160096,0.0,ms,big,1249,160119,8,8,0,1,0,0,4.625000005084518e-07,1.0,0.3016129795890242,68.70270262578293,0.18367275888853912,0.0,0.002903600000024653,0.0017850999998927364,0.1940443000000016,0.000373899999999594,0.0008065999999757878,0.6644812999999772,0.000498;0.000374;0.000243,0.001130;0.000807;0.000781,0.664481,,sequential,2026-10-03T18:04:59+00:00
W8-00050,W8,n2-standard-8,Windows,2022Server,AMD64,Intel(R) Xeon(R) CPU @ 2.80GHz,intel,8,4,2800,34.4,3.14.6,CPython,1,spawn,2.5.3,tiny,tiny_small_loop,8,95,0.8,seconds,normal,188059,114,8,16,0,0,0,0,3.0645000103390884e-07,1.0,0.2645667854108989,12.971120842674091,0.4608868010458953,0.0,0.006492100000002665,0.003599399997938235,0.29942510000000766,0.043474899999978334,0.05204509999998663,0.06575180000004366,0.041755;0.043661;0.043475,0.052045;0.053706;0.051030,0.065752;0.071807;0.064340,,sequential,2026-10-03T18:05:00+00:00
W8-00051,W8,n2-standard-8,Windows,2022Server,AMD64,Intel(R) Xeon(R) CPU @ 2.80GHz,intel,8,4,2800,34.4,3.14.6,CPython,1,spawn,2.5.3,tiny,tiny_small_loop,3,294757,0.8,ms,big,678,294779,8,16,0,0,0,0,4.893491104505743e-07,1.0,0.3451426846933902,103.69897258705836,0.120008878146143,0.0,0.0023782999999752974,0.0014930000003232635,0.29942510000000766,0.00016719999996439583,0.0009959500000036314,0.5533542000000011,0.000280;0.000167;0.000133,0.001072;0.000920,0.553354,,sequential,2026-10-03T18:05:02+00:00
W8-00052,W8,n2-standard-8,Windows,2022Server,AMD64,Intel(R) Xeon(R) CPU @ 2.80GHz,intel,8,4,2800,34.4,3.14.6,CPython,1,spawn,2.5.3,db,db_mem_group_by,9722,1270716,0.0,seconds,big,150,1270739,8,4,1,2,1,0,0.010366799999985687,1.0,0.011929476567419873,0.07981247829648455,0.6842203283368813,0.8,0.13235670000000255,0.005139700000029279,0.17472689999999602,1.5008667000000173,3.6189476999999783,0.6828210000000468,1.500013;1.500867;1.583046,3.618948,0.682821;0.710905;0.679140,,multiprocessing,2026-10-03T18:05:14+00:00
W8-00053,W8,n2-standard-8,Windows,2022Server,AMD64,Intel(R) Xeon(R) CPU @ 2.80GHz,intel,8,4,2800,34.4,3.14.6,CPython,1,spawn,2.5.3,db,db_mem_group_by,1969,80,0.3,ms,normal,102,100,8,4,1,2,1,0,0.0021973478260875986,0.947172691271547,0.1507175040434273,0.0016815726511575262,0.7327252157646764,0.0,0.11910210000002053,0.00039270000002034067,0.17472689999999602,0.20340759999999136,0.5097968000000037,0.07319990000002008,0.204390;0.203408;0.201949,0.509797,0.073200;0.079820;0.058177,,multiprocessing,2026-10-03T18:05:16+00:00
W8-00054,W8,n2-standard-8,Windows,2022Server,AMD64,Intel(R) Xeon(R) CPU @ 2.80GHz,intel,8,4,2800,34.4,3.14.6,CPython,1,spawn,2.5.3,text,text_format_report,1317,74,0.8,seconds,normal,695,94,8,16,1,2,0,0,0.001867755555559193,1.0,0.4895570372569902,0.002323644538161185,1.1880099859027569,0.0,0.09422599999999193,0.00044229999986100665,0.29942510000000766,1.2853283000000033,1.3008399999999938,0.33024920000002567,1.285328;1.282832;1.287394,1.300840;1.298564;1.303310,0.330249;0.334514;0.325840,,multiprocessing,2026-10-03T18:05:25+00:00
W8-00055,W8,n2-standard-8,Windows,2022Server,AMD64,Intel(R) Xeon(R) CPU @ 2.80GHz,intel,8,4,2800,34.4,3.14.6,CPython,1,spawn,2.5.3,numpy,np_fft,285346,2347,0.0,ms,normal,8,2372,8,4,0,0,0,1,0.053592233333328444,1.0,0.012112216448346801,0.00022142511937179126,1.3129147652369795,0.0,0.2852126999999882,0.000862799999993058,0.17472689999999602,0.4600229999999783,0.16323629999999412,0.14977949999996554,0.460023;0.444614;0.466459,0.163236;0.175152;0.159204,0.240042;0.149235;0.149779,,multiprocessing,2026-10-03T18:05:28+00:00
W8-00056,W8,n2-standard-8,Windows,2022Server,AMD64,Intel(R) Xeon(R) CPU @ 2.80GHz,intel,8,4,2800,34.4,3.14.6,CPython,1,spawn,2.5.3,numpy,np_linalg_solve,133,5088,0.0,seconds,normal,3201,5110,8,16,0,3,0,1,0.00021807074235627772,1.0,0.13512515442068262,0.03370465895185444,0.7958451081933022,0.0,0.11342400000000907,0.0010542000003965768,0.29942510000000766,0.6943670999999654,1.3763925000000086,0.18679919999999584,0.696113;0.693265;0.694367,1.376393,0.423383;0.186799;0.186625,,multiprocessing,2026-10-03T18:05:33+00:00
W8-00057,W8,n2-standard-8,Windows,2022Server,AMD64,Intel(R) Xeon(R) CPU @ 2.80GHz,intel,8,4,2800,34.4,3.14.6,CPython,1,spawn,2.5.3,io,io_sleep_chunks,1140,1809397,0.0,ms,big,8,1809420,8,4,1,1,1,0,0.003857700000006995,0.011100701297591654,0.017268492778904045,0.25280175579949465,1.442908875911995,0.0,0.02297049999998535,0.0032189999999445718,0.17472689999999602,0.031107200000008106,0.007789899999977479,0.02309900000000198,0.031071;0.031107;0.031216,0.007790;0.007806;0.007783,0.023124;0.022919;0.023099,,threading,2026-10-03T18:05:34+00:00
W8-00058,W8,n2-standard-8,Windows,2022Server,AMD64,Intel(R) Xeon(R) CPU @ 2.80GHz,intel,8,4,2800,34.4,3.14.6,CPython,1,spawn,2.5.3,tiny,tiny_len,241,63,0.0,seconds,normal,200000,82,8,4,0,0,0,0,1.4030000031084455e-07,1.0,0.4004097358624683,28.795438294983562,0.34901461785401805,0.0,0.005360900000027868,0.0033599999994180507,0.17472689999999602,0.017362000000048283,0.02214689999999564,0.07542339999997694,0.016427;0.018202;0.017362,0.022826;0.022147;0.021102,0.079178;0.074793;0.075423,,sequential,2026-10-03T18:05:35+00:00
W8-00059,W8,n2-standard-8,Windows,2022Server,AMD64,Intel(R) Xeon(R) CPU @ 2.80GHz,intel,8,4,2800,34.4,3.14.6,CPython,1,spawn,2.5.3,big_result,result_long_string,1876,156689,0.8,seconds,big,205,156712,8,2,1,1,0,0,0.008463600000008379,1.0,0.4436887132412257,0.008751201222326373,0.9902804581566813,0.0,0.10797569999999723,0.0012665999999512678,0.14133540000000266,1.6380843000000027,1.6531916000000138,0.8807276000000002,1.614003;1.638084;1.650674,1.646865;1.653192;1.672198,0.880728;0.891080;0.879900,,multiprocessing,2026-10-03T18:05:48+00:00
W8-00060,W8,n2-standard-8,Windows,2022Server,AMD64,Intel(R) Xeon(R) CPU @ 2.80GHz,intel,8,4,2800,34.4,3.14.6,CPython,1,spawn,2.5.3,db,db_file_commit,3,342191,0.3,seconds,big,23,342213,8,16,1,0,1,0,0.01690163333334264,0.31881392675252807,0.15325164694186993,0.00866977353259028,1.2695677416609519,0.0,0.09140669999999318,0.000678299999947285,0.29942510000000766,0.4580014999999662,0.1961812999999779,0.13795559999999796,0.453586;0.458001;0.459386,0.155802;0.207804;0.196181,0.137956;0.212207;0.098983,,multiprocessing,2026-10-03T18:05:51+00:00
W8-00061,W8,n2-standard-8,Windows,2022Server,AMD64,Intel(R) Xeon(R) CPU @ 2.80GHz,intel,8,4,2800,34.4,3.14.6,CPython,1,spawn,2.5.3,recursive,rec_nqueens,26,732,0.3,seconds,normal,1243,754,8,2,1,10,0,0,0.0038890076923114346,1.0,0.2101216291761856,0.0012678733568225317,0.9554141063089465,0.0,0.10353549999996403,0.0012858999999139087,0.14133540000000266,4.758376099999964,4.883645999999999,2.4058277000000317,4.758376;4.826828;4.749797,4.863410;4.883646;4.886735,2.409207;2.404885;2.405828,,multiprocessing,2026-10-03T18:06:28+00:00
W8-00062,W8,n2-standard-8,Windows,2022Server,AMD64,Intel(R) Xeon(R) CPU @ 2.80GHz,intel,8,4,2800,34.4,3.14.6,CPython,1,spawn,2.5.3,io,io_file_roundtrip,3,282375,0.0,seconds,big,174,282397,8,4,1,0,1,0,0.022890366666672435,0.09565876213880627,0.06522085926475413,0.005316647032162746,1.3920804472125152,0.0,0.11648680000001832,0.000614499999983309,0.17472689999999602,4.329336000000012,1.1540861999999947,1.24049500000001,4.175036;4.345422;4.329336,1.149164;1.154086;1.232446,1.240495;1.230490;1.292170,,threading,2026-10-03T18:06:49+00:00
W8-00063,W8,n2-standard-8,Windows,2022Server,AMD64,Intel(R) Xeon(R) CPU @ 2.80GHz,intel,8,4,2800,34.4,3.14.6,CPython,1,spawn,2.5.3,numpy,np_elementwise,673620,599,0.8,ms,normal,8,624,8,4,0,4,0,0,0.04210229999999152,1.0,0.5795722719797846,0.00030639656224461546,2.0572245180329585,0.0,0.21391019999998662,0.0010945999999876221,0.17472689999999602,0.27022270000003346,0.0835341000000085,0.07902079999996658,0.270223;0.274289;0.267959,0.083482;0.083534;0.084083,0.079021;0.096346;0.078977,,multiprocessing,2026-10-03T18:06:51+00:00
W8-00064,W8,n2-standard-8,Windows,2022Server,AMD64,Intel(R) Xeon(R) CPU @ 2.80GHz,intel,8,4,2800,34.4,3.14.6,CPython,1,spawn,2.5.3,gil_release,gil_sha256,4,136893,0.8,ms,big,32,136915,8,16,1,1,0,1,0.0013110000000011723,1.0,0.49787449663232836,0.028451563693689556,1.5845354903249456,0.0,0.017643000000020947,0.0010477000000150838,0.29942510000000766,0.043379499999957716,0.010225200000036239,0.012663400000008096,0.043379;0.043511;0.043253,0.010212;0.010225;0.010480,0.013012;0.012173;0.012663,,threading,2026-10-03T18:06:52+00:00
W8-00065,W8,n2-standard-8,Windows,2022Server,AMD64,Intel(R) Xeon(R) CPU @ 2.80GHz,intel,8,4,2800,34.4,3.14.6,CPython,1,spawn,2.5.3,mixed,mixed_hash_then_write,67468,48453,0.3,seconds,normal,778,48477.294117647056,8,16,1,3,1,0,0.0029917647058790168,1.0,0.024619784858811826,0.004073928430541161,0.9654020157309169,0.0,0.10460919999997031,0.001270700000020497,0.29942510000000766,2.3721921000000066,2.344506200000012,0.7273236999999995,2.367222;2.380704;2.372192,2.339157;2.378968;2.344506,0.727324;0.726175;0.730856,,multiprocessing,2026-10-03T18:07:09+00:00
W8-00066,W8,n2-standard-8,Windows,2022Server,AMD64,Intel(R) Xeon(R) CPU @ 2.80GHz,intel,8,4,2800,34.4,3.14.6,CPython,1,spawn,2.5.3,cpu,cpu_collatz,1051,131142,0.3,seconds,big,337,131165,8,16,2,5,0,0,0.005011781818185765,1.0,0.13299644927629284,0.006452069303715298,1.2305093259007251,0.0,0.1024997999999755,0.0013045999999121705,0.29942510000000766,1.624090600000045,1.6110043000000474,0.4637981999999852,1.623282;1.637503;1.624091,1.613726;1.611004;1.595897,0.455143;0.463798;0.465341,,multiprocessing,2026-10-03T18:07:21+00:00
W8-00067,W8,n2-standard-8,Windows,2022Server,AMD64,Intel(R) Xeon(R) CPU @ 2.80GHz,intel,8,4,2800,34.4,3.14.6,CPython,1,spawn,2.5.3,algo_iter,algo_dijkstra,689,851,0.3,seconds,normal,962,874,8,8,2,15,0,0,0.0017344586206996641,1.0,0.17253575840077048,0.0025195181670694174,0.6113048910227896,0.0,0.13379789999999048,0.0017376999996940867,0.1940443000000016,1.6486782000000062,1.674419499999999,0.450133199999982,1.644919;1.648678;1.655268,1.680589;1.670925;1.674419,0.450133;0.458816;0.443410,,multiprocessing,2026-10-03T18:07:33+00:00
W8-00068,W8,n2-standard-8,Windows,2022Server,AMD64,Intel(R) Xeon(R) CPU @ 2.80GHz,intel,8,4,2800,34.4,3.14.6,CPython,1,spawn,2.5.3,gil_release,gil_numpy_matmul,415,43651,0.8,ms,normal,8,43673.666666666664,8,4,0,2,0,1,0.0022226666666635233,1.0,0.6744384197797062,0.009403119376266941,0.6409065748160377,0.0,0.02233050000000958,0.0009628000000247994,0.17472689999999602,0.03128190000001041,0.015308100000027025,0.015093400000012025,0.029466;0.031282;0.033494,0.014594;0.015308;0.016691,0.014689;0.015093;0.021555,,multiprocessing,2026-10-03T18:07:34+00:00
W8-00069,W8,n2-standard-8,Windows,2022Server,AMD64,Intel(R) Xeon(R) CPU @ 2.80GHz,intel,8,4,2800,34.4,3.14.6,CPython,1,spawn,2.5.3,big_result,result_long_string,499,92,0.0,seconds,normal,18953,112,8,2,1,1,0,0,0.00010418953974804635,1.0,0.05912342657417805,0.076207266291969,0.9527318054399497,0.0,0.10363929999999755,0.0012987000004613947,0.14133540000000266,2.0408820000000105,2.0510792000000038,1.771015900000009,2.034214;2.049535;2.040882,2.051079;2.052112;2.041045,1.771016;1.766476;1.772151,,multiprocessing,2026-10-03T18:07:52+00:00
W8-00070,W8,n2-standard-8,Windows,2022Server,AMD64,Intel(R) Xeon(R) CPU @ 2.80GHz,intel,8,4,2800,34.4,3.14.6,CPython,1,spawn,2.5.3,io,io_sleep,14468,248,0.0,seconds,normal,173,268,8,8,0,1,1,0,0.014979200000027504,0.002517604989936659,0.023632868369750017,0.0006976340538260944,1.9287701326451365,0.8,0.090999199999942,0.0003001999998559768,0.1940443000000016,2.6093002999999726,0.36274390000005496,0.36250889999996616,2.609300,0.362794;0.362744;0.361803,0.362509;0.362276;0.363293,,multiprocessing,2026-10-03T18:07:57+00:00
W8-00071,W8,n2-standard-8,Windows,2022Server,AMD64,Intel(R) Xeon(R) CPU @ 2.80GHz,intel,8,4,2800,34.4,3.14.6,CPython,1,spawn,2.5.3,mixed,mixed_parse_lines,1,671850,0.8,seconds,big,88,671872,8,2,2,3,1,0,0.03187336666663517,0.9908532662160512,0.012193819195661112,0.010641068143518138,0.737401958978897,0.0,0.22807610000006662,0.0020355000002609813,0.14133540000000266,3.3878224000000046,3.396281799999997,1.8447188000000097,3.387822;3.392630;3.379873,3.396282;3.384008;3.406665,1.807433;1.870448;1.844719,,multiprocessing,2026-10-03T18:08:24+00:00
W8-00072,W8,n2-standard-8,Windows,2022Server,AMD64,Intel(R) Xeon(R) CPU @ 2.80GHz,intel,8,4,2800,34.4,3.14.6,CPython,1,spawn,2.5.3,cpu,cpu_matmul_lists,43,332,0.8,seconds,normal,371,354,8,16,3,5,0,0,0.005665079999994304,1.0,1.106314522775576,0.001023816079690123,0.8341663627402213,0.0,0.12483259999999063,0.00036600000009912037,0.29942510000000766,2.9606420999999727,2.5947667000000365,0.8115231000000449,2.948863;2.960642;2.961774,2.599831;2.593006;2.594767,0.788571;0.828607;0.811523,,multiprocessing,2026-10-03T18:08:44+00:00
W8-00073,W8,n2-standard-8,Windows,2022Server,AMD64,Intel(R) Xeon(R) CPU @ 2.80GHz,intel,8,4,2800,34.4,3.14.6,CPython,1,spawn,2.5.3,recursive,rec_tree_sum,137,104,0.0,seconds,normal,109148,123,8,2,0,4,0,0,5.830386870003324e-05,1.0,0.1044381455071698,0.07032123392604575,0.952659241172605,0.0,0.10510009999995873,0.002697099998840713,0.14133540000000266,6.407333799999947,6.501442099999963,3.1960563000000093,6.414058;6.403895;6.407334,6.572557;6.494486;6.501442,3.404051;3.196056;3.192497,,multiprocessing,2026-10-03T18:09:33+00:00
W8-00074,W8,n2-standard-8,Windows,2022Server,AMD64,Intel(R) Xeon(R) CPU @ 2.80GHz,intel,8,4,2800,34.4,3.14.6,CPython,1,spawn,2.5.3,algo_iter,algo_edit_distance,44693,737414,0.8,ms,big,20,737441.4,8,4,2,16,0,0,0.009014959999990423,1.0,0.31139862880180286,0.04112497448874548,1.0082982151090376,0.0,0.09936389999995754,0.003317899999956353,0.17472689999999602,0.18090619999998125,0.17799009999998816,0.08116500000005544,0.179189;0.180926;0.180906,0.175087;0.177990;0.179377,0.067007;0.082610;0.081165,,multiprocessing,2026-10-03T18:09:35+00:00
W8-00075,W8,n2-standard-8,Windows,2022Server,AMD64,Intel(R) Xeon(R) CPU @ 2.80GHz,intel,8,4,2800,34.4,3.14.6,CPython,1,spawn,2.5.3,db,db_file_commit,1,1883,0.0,seconds,normal,67,1905,8,4,1,0,1,0,0.005557188888878449,0.256798223023323,0.09936706874936273,0.0010137019688355895,1.4908036476554798,0.0,0.08341629999995348,0.0003014999999777501,0.17472689999999602,0.33063110000000506,0.13652120000006107,0.1364105999999765,0.339568;0.325716;0.330631,0.136521;0.129458;0.138292,0.139238;0.128339;0.136411,,multiprocessing,2026-10-03T18:09:38+00:00
W8-00076,W8,n2-standard-8,Windows,2022Server,AMD64,Intel(R) Xeon(R) CPU @ 2.80GHz,intel,8,4,2800,34.4,3.14.6,CPython,1,spawn,2.5.3,numpy,np_elementwise,79138,1515563,0.8,ms,big,10,1515593.3333333333,8,2,0,4,0,0,0.008673400000058487,1.0,0.12618591351564026,0.11252027270860493,1.1289931142350016,0.0,0.05386620000001585,0.003223999999931948,0.14133540000000266,0.10909800000001724,0.06811290000007375,0.08516609999992397,0.109264;0.107815;0.109098,0.068736;0.066080;0.068113,0.085869;0.085166;0.080364,,threading,2026-10-03T18:09:39+00:00
W8-00077,W8,n2-standard-8,Windows,2022Server,AMD64,Intel(R) Xeon(R) CPU @ 2.80GHz,intel,8,4,2800,34.4,3.14.6,CPython,1,spawn,2.5.3,big_payload,big_checksum_head,1991,1913694,0.3,seconds,big,104,1913717,8,16,1,1,0,0,4.514999999663325e-05,1.0,0.1756452314513671,25.98194906061337,0.5724157550793322,0.0,0.02755939999997281,0.024268800000072588,0.29942510000000766,0.005298100000004524,0.005775599999992664,0.3701083999999355,0.005298;0.005317;0.005294,0.005909;0.005776;0.005540,0.370108,,sequential,2026-10-03T18:09:41+00:00
W8-00078,W8,n2-standard-8,Windows,2022Server,AMD64,Intel(R) Xeon(R) CPU @ 2.80GHz,intel,8,4,2800,34.4,3.14.6,CPython,1,spawn,2.5.3,text,text_format_report,62,1249,0.8,ms,normal,149,1271,8,8,1,2,0,0,9.49513513494428e-05,1.0,0.4065569735617637,0.04597090942319124,0.8211862530493019,0.0,0.008258300000079544,0.0003967000001239285,0.1940443000000016,0.013905399999998735,0.0146949999999606,0.00484310000001642,0.013904;0.013905;0.014189,0.014903;0.014695;0.014560,0.005388;0.004843;0.004682,,multiprocessing,2026-10-03T18:09:42+00:00
W8-00079,W8,n2-standard-8,Windows,2022Server,AMD64,Intel(R) Xeon(R) CPU @ 2.80GHz,intel,8,4,2800,34.4,3.14.6,CPython,1,spawn,2.5.3,algo_iter,algo_game_of_life,2,1714940,0.3,ms,big,8,1714962,8,4,5,9,0,0,0.0030072333332782364,1.0,0.3821925390688678,0.3271556358737743,0.9335895472874476,0.0,0.023110400000064146,0.004361200000175813,0.17472689999999602,0.025770100000045204,0.024505599999997685,0.021304700000086996,0.025688;0.025770;0.025887,0.024506;0.024161;0.026360,0.021305;0.022608;0.021125,,multiprocessing,2026-10-03T18:09:42+00:00
W8-00080,W8,n2-standard-8,Windows,2022Server,AMD64,Intel(R) Xeon(R) CPU @ 2.80GHz,intel,8,4,2800,34.4,3.14.6,CPython,1,spawn,2.5.3,cpu,cpu_collatz,113,118,0.0,ms,normal,826,137,8,4,2,5,0,0,0.0002773198895012372,1.0,0.010731115868588078,0.015379351251981935,0.9621747029498787,0.0,0.10321480000004613,0.0006794000003083056,0.17472689999999602,0.23753739999995105,0.23457280000002356,0.09463979999998173,0.236826;0.237537;0.238171,0.234573;0.233069;0.237507,0.094889;0.094513;0.094640,,multiprocessing,2026-10-03T18:09:45+00:00
W8-00081,W8,n2-standard-8,Windows,2022Server,AMD64,Intel(R) Xeon(R) CPU @ 2.80GHz,intel,8,4,2800,34.4,3.14.6,CPython,1,spawn,2.5.3,io,io_sleep,8390,141642,0.0,ms,big,33,141665,8,8,0,1,1,0,0.009010800000017602,0.0035635268163790967,0.026013061282705707,0.005665423712277826,1.998075667657442,0.0,0.08170010000003458,0.0005857999999534513,0.1940443000000016,0.2980126999999584,0.0449069999999665,0.04613640000002306,0.298013,0.045344;0.044907;0.044886,0.046136;0.047304;0.045959,,threading,2026-10-03T18:09:46+00:00
W8-00082,W8,n2-standard-8,Windows,2022Server,AMD64,Intel(R) Xeon(R) CPU @ 2.80GHz,intel,8,4,2800,34.4,3.14.6,CPython,1,spawn,2.5.3,cpu,cpu_count_primes,686,128,0.8,ms,normal,434,147.75,8,4,2,4,0,0,0.0001962611111107688,1.0,0.5262526702552683,0.02137458596546062,0.9948214102746102,0.0,0.043933700000025055,0.001168399999983194,0.17472689999999602,0.08162470000002031,0.08066220000000612,0.03224360000001525,0.081575;0.081625;0.082112,0.080759;0.079886;0.080662,0.034354;0.032244;0.031405,,multiprocessing,2026-10-03T18:09:47+00:00
W8-00083,W8,n2-standard-8,Windows,2022Server,AMD64,Intel(R) Xeon(R) CPU @ 2.80GHz,intel,8,4,2800,34.4,3.14.6,CPython,1,spawn,2.5.3,cpu,cpu_sum_squares,11492,305,0.8,seconds,normal,441,328,8,4,1,2,0,0,0.0005785425287364167,1.0,0.5158488826966896,0.007968299267049981,1.0348135358852832,0.0,0.09948150000002443,0.0005859999998847343,0.17472689999999602,0.25877920000004906,0.26450920000002043,0.09580319999997755,0.258548;0.258779;0.266442,0.263025;0.264509;0.268265,0.095671;0.096406;0.095803,,multiprocessing,2026-10-03T18:09:49+00:00
W8-00084,W8,n2-standard-8,Windows,2022Server,AMD64,Intel(R) Xeon(R) CPU @ 2.80GHz,intel,8,4,2800,34.4,3.14.6,CPython,1,spawn,2.5.3,db,db_file_commit,2,6573,0.0,ms,normal,8,6595,8,16,1,0,1,0,0.011097800000015923,0.23653392749232982,0.034660565894696294,0.0014807739672281668,1.154202353845484,0.0,0.06179169999995793,0.0002855999998701009,0.29942510000000766,0.08436670000003232,0.02306270000008226,0.02035420000004251,0.084767;0.080242;0.084367,0.024005;0.019980;0.023063,0.022039;0.020354;0.018901,,multiprocessing,2026-10-03T18:09:50+00:00
W8-00085,W8,n2-standard-8,Windows,2022Server,AMD64,Intel(R) Xeon(R) CPU @ 2.80GHz,intel,8,4,2800,34.4,3.14.6,CPython,1,spawn,2.5.3,mixed,mixed_compute_then_sleep,123450,74,0.8,ms,normal,8,96,8,2,1,3,1,0,0.009877533333299956,0.6466698690420986,0.297366770546644,0.0011406356545384595,2.0005922158803005,0.0,0.04201419999992595,0.00024889999997412815,0.14133540000000266,0.0642900999999938,0.043931199999974524,0.03478789999996934,0.064255;0.065270;0.064290,0.045896;0.043910;0.043931,0.034788;0.034802;0.034667,,multiprocessing,2026-10-03T18:09:51+00:00
W8-00086,W8,n2-standard-8,Windows,2022Server,AMD64,Intel(R) Xeon(R) CPU @ 2.80GHz,intel,8,4,2800,34.4,3.14.6,CPython,1,spawn,2.5.3,numpy,np_elementwise,169059,1301,0.0,seconds,normal,536,1326,8,4,0,4,0,0,0.008313585714290639,0.999769054349497,0.006889840128350348,0.0009863373367516234,1.5145084808620766,0.0,0.09711090000007516,0.0003656000000091808,0.17472689999999602,4.950670000000059,1.6177457000000004,1.3979670999999598,4.959569;4.943101;4.950670,1.609194;1.632429;1.617746,1.397054;1.397967;1.401109,,multiprocessing,2026-10-03T18:10:16+00:00
W8-00087,W8,n2-standard-8,Windows,2022Server,AMD64,Intel(R) Xeon(R) CPU @ 2.80GHz,intel,8,4,2800,34.4,3.14.6,CPython,1,spawn,2.5.3,io,io_sleep_return_payload,2368,48205,0.8,seconds,normal,101,48228,8,4,0,1,1,0,0.003064541176473433,0.004402858934957878,0.3875242252898873,0.005725835554574229,1.7429364359010786,1.1,0.08257460000004357,0.0006409999999732463,0.17472689999999602,0.3147888000000876,0.08336860000008528,0.08957600000007915,0.314736;0.316243;0.314789,0.083369;0.082649;0.083720,0.090075;0.089576;0.088556,,threading,2026-10-03T18:10:18+00:00
W8-00088,W8,n2-standard-8,Windows,2022Server,AMD64,Intel(R) Xeon(R) CPU @ 2.80GHz,intel,8,4,2800,34.4,3.14.6,CPython,1,spawn,2.5.3,recursive,rec_nqueens,14,1420248,0.3,ms,big,94,1420270,8,8,1,10,0,0,0.0020249521739228644,1.0,0.17164138071793483,0.6066390188452315,0.8785520144836207,0.0,0.1241895000000568,0.02495579999981601,0.1940443000000016,0.19513040000003912,0.20040140000003248,0.30600809999998546,0.196712;0.194634;0.195130,0.200855;0.199884;0.200401,0.301503;0.306008;0.308358,,sequential,2026-10-03T18:10:21+00:00
W8-00089,W8,n2-standard-8,Windows,2022Server,AMD64,Intel(R) Xeon(R) CPU @ 2.80GHz,intel,8,4,2800,34.4,3.14.6,CPython,1,spawn,2.5.3,recursive,rec_quicksort,201,216,0.8,seconds,normal,8033,235.5,8,8,1,8,0,0,0.00021125546218726633,1.0,0.4960619968261798,0.021798253012780426,0.9885014094026789,0.0,0.10198479999996835,0.0007956999994576108,0.1940443000000016,1.6789236999999275,1.6893578000000389,0.4248208000000204,1.678924;1.677394;1.679070,1.689358;1.685506;1.692711,0.431557;0.424821;0.420599,,multiprocessing,2026-10-03T18:10:33+00:00
W8-00090,W8,n2-standard-8,Windows,2022Server,AMD64,Intel(R) Xeon(R) CPU @ 2.80GHz,intel,8,4,2800,34.4,3.14.6,CPython,1,spawn,2.5.3,mixed,mixed_parse_lines,23,809,0.0,ms,normal,73,831,8,16,2,3,1,0,0.0015372388888800338,0.5526825248350525,0.10658291025419954,0.002920098431795227,1.457748603926896,0.0,0.046893199999999524,0.0003757000001769484,0.29942510000000766,0.10947079999999687,0.06993599999998423,0.021027099999969323,0.108207;0.110734,0.068318;0.069936;0.070204,0.022584;0.020556;0.021027,,multiprocessing,2026-10-03T18:10:38+00:00
W8-00091,W8,n2-standard-8,Windows,2022Server,AMD64,Intel(R) Xeon(R) CPU @ 2.80GHz,intel,8,4,2800,34.4,3.14.6,CPython,1,spawn,2.5.3,algo_rec,algo_flood_fill,2,1004,0.3,seconds,normal,4548,1026,8,4,3,10,0,0,0.0006732399999994716,1.0,0.5119001211184672,0.006758362511358863,0.9482762812730562,0.0,0.1045001999999613,0.0005376999999953114,0.17472689999999602,3.1381335999999465,3.22579589999998,0.835775099999978,3.117622;3.147313;3.138134,3.218885;3.225796;3.245699,0.835775;0.822585;1.272527,,multiprocessing,2026-10-03T18:11:01+00:00
W8-00092,W8,n2-standard-8,Windows,2022Server,AMD64,Intel(R) Xeon(R) CPU @ 2.80GHz,intel,8,4,2800,34.4,3.14.6,CPython,1,spawn,2.5.3,mixed,mixed_hash_then_write,438,2426,0.0,seconds,normal,1361,2449,8,16,1,3,1,0,0.00020048313253261793,1.0,0.12638369406270752,0.023268790452484304,1.0413094848476827,7.6,0.09878950000006625,0.0009752999993679623,0.29942510000000766,0.2883834999998953,0.24327320000008967,0.23278239999990546,0.284731;0.293939;0.288383,0.289551;0.236614;0.243273,0.232782;0.216095;0.339585,,multiprocessing,2026-10-03T18:11:04+00:00
W8-00093,W8,n2-standard-8,Windows,2022Server,AMD64,Intel(R) Xeon(R) CPU @ 2.80GHz,intel,8,4,2800,34.4,3.14.6,CPython,1,spawn,2.5.3,cpu,cpu_count_primes,5702,333112,0.8,seconds,big,600,333135,8,16,2,4,0,0,0.0026977799999940546,1.0,0.695749569899195,0.02067811311342479,0.912267646200278,12.1,0.11632750000001124,0.0015521000001399443,0.29942510000000766,1.9742277000000286,1.9186672999999246,0.7049408000000312,1.980040;1.974228;1.973525,1.918667;1.917427;1.922983,0.704941;0.717829;0.697307,,multiprocessing,2026-10-03T18:11:19+00:00
W8-00094,W8,n2-standard-8,Windows,2022Server,AMD64,Intel(R) Xeon(R) CPU @ 2.80GHz,intel,8,4,2800,34.4,3.14.6,CPython,1,spawn,2.5.3,big_result,result_sorted_pairs,18019,29,0.3,ms,normal,18,49,8,16,1,4,0,0,0.008932549999968842,1.0,0.1535278068379542,0.6618070987602432,1.1877776050579505,0.4,0.0904781000000412,0.024447200000167868,0.29942510000000766,0.18203779999998915,0.1897083000000066,0.08742109999991499,0.186761;0.181517;0.182038,0.189708;0.193907;0.186139,0.086769;0.087421;0.088106,,multiprocessing,2026-10-03T18:11:21+00:00
W8-00095,W8,n2-standard-8,Windows,2022Server,AMD64,Intel(R) Xeon(R) CPU @ 2.80GHz,intel,8,4,2800,34.4,3.14.6,CPython,1,spawn,2.5.3,recursive,rec_quicksort,180,117245,0.3,seconds,big,1705,117267,8,2,1,8,0,0,0.00017874357142854284,1.0,0.21218900595127102,0.13989314290183713,0.9721131304082801,0.0,0.10302819999992607,0.001293700000019271,0.14133540000000266,0.3095797999999377,0.3144959999999628,0.8115139000000227,0.309580;0.309003;0.309911,0.313766;0.315878;0.314496,0.804068;0.812849;0.811514,,sequential,2026-10-03T18:11:27+00:00
W8-00096,W8,n2-standard-8,Windows,2022Server,AMD64,Intel(R) Xeon(R) CPU @ 2.80GHz,intel,8,4,2800,34.4,3.14.6,CPython,1,spawn,2.5.3,big_result,result_long_string,461,40,0.8,ms,normal,1099,59.75,8,4,1,1,0,0,9.315839415765128e-05,1.0,0.4711959879677713,0.07943460250308243,0.939686569975134,0.0,0.0537206999999853,0.0009283000007371811,0.17472689999999602,0.10375610000005508,0.10563669999999092,0.05499350000002323,0.104704;0.103756;0.103573,0.105951;0.105637;0.104673,0.057058;0.054994;0.053479,,multiprocessing,2026-10-03T18:11:28+00:00
W8-00097,W8,n2-standard-8,Windows,2022Server,AMD64,Intel(R) Xeon(R) CPU @ 2.80GHz,intel,8,4,2800,34.4,3.14.6,CPython,1,spawn,2.5.3,big_result,result_long_string,567,538,0.0,ms,normal,884,561,8,16,1,1,0,0,0.00013800995474704238,1.0,0.04662121001867903,0.05687995478480675,0.9609440745838769,0.8,0.06318040000007841,0.0008422000009886688,0.29942510000000766,0.12241100000005645,0.12640749999991385,0.04305629999998928,0.122117;0.123594;0.122411,0.126407;0.127000;0.124954,0.046223;0.043056;0.040911,,multiprocessing,2026-10-03T18:11:29+00:00
W8-00098,W8,n2-standard-8,Windows,2022Server,AMD64,Intel(R) Xeon(R) CPU @ 2.80GHz,intel,8,4,2800,34.4,3.14.6,CPython,1,spawn,2.5.3,big_result,result_long_string,21544,236,0.3,ms,normal,8,256,8,8,1,1,0,0,0.0055488333333263045,1.0,0.04141301138383904,0.1425945393804494,1.1807165322913546,1.5,0.03315259999999398,0.002615400000081536,0.1940443000000016,0.03814939999995204,0.038972299999954885,0.016573399999970206,0.039413;0.038149;0.037611,0.038972;0.038724;0.039208,0.016983;0.016573;0.016482,,multiprocessing,2026-10-03T18:11:30+00:00
W8-00099,W8,n2-standard-8,Windows,2022Server,AMD64,Intel(R) Xeon(R) CPU @ 2.80GHz,intel,8,4,2800,34.4,3.14.6,CPython,1,spawn,2.5.3,algo_rec,algo_sudoku,11,1006430,0.3,seconds,big,198,1006452,8,8,3,28,0,0,0.011998719999996865,1.0,0.3683853797193482,0.044374733303529014,1.7268847456002405,0.0,0.09445349999998598,0.0029361000000562854,0.1940443000000016,2.2883501000000024,2.309706399999982,0.8442628999999897,2.284369;2.288350;2.386111,2.309081;2.313998;2.309706,0.841504;0.844263;0.857404,,multiprocessing,2026-10-03T18:11:48+00:00
W8-00100,W8,n2-standard-8,Windows,2022Server,AMD64,Intel(R) Xeon(R) CPU @ 2.80GHz,intel,8,4,2800,34.4,3.14.6,CPython,1,spawn,2.5.3,text,text_split_count,9,242,0.0,seconds,normal,3116,261,8,4,1,1,0,0,0.00012384491315083155,1.0,0.03453032010910197,0.03346927955461255,0.9678743896440748,1.2,0.1027604999999312,0.0010642000000871121,0.17472689999999602,0.38730759999998554,0.3906261000000768,0.14960830000006808,0.385931;0.387940;0.387308,0.388323;0.395206;0.390626,0.150085;0.149608;0.149526,,multiprocessing,2026-10-03T18:11:51+00:00
W8-00101,W8,n2-standard-8,Windows,2022Server,AMD64,Intel(R) Xeon(R) CPU @ 2.80GHz,intel,8,4,2800,34.4,3.14.6,CPython,1,spawn,2.5.3,numpy,np_sort,15644,1677258,0.3,seconds,big,119,1677281,8,8,0,3,0,1,0.008971533333351545,1.0,0.07431185866282734,0.12410178861739794,1.7071042963325285,0.0,0.0933949999999868,0.007017699999892102,0.1940443000000016,1.0861337000000049,0.2858225999999604,0.5862899999999627,1.103906;1.086134;1.064845,0.283731;0.307293;0.285823,0.598650;0.586290;0.582268,,threading,2026-10-03T18:11:59+00:00
W8-00102,W8,n2-standard-8,Windows,2022Server,AMD64,Intel(R) Xeon(R) CPU @ 2.80GHz,intel,8,4,2800,34.4,3.14.6,CPython,1,spawn,2.5.3,mixed,mixed_parse_lines,44,13105,0.3,seconds,normal,128,13127,8,16,2,3,1,0,0.02420443333331453,0.9710241015979123,0.1348938563852378,0.0007106136204550243,0.9072358322368252,0.0,0.14558920000001763,0.0002716000000191343,0.29942510000000766,3.5916118999999753,3.5838935999998967,1.0440920999999435,3.588603;3.591612;3.592582,3.577101;3.590926;3.583894,1.034319;1.044449;1.044092,,multiprocessing,2026-10-03T18:12:24+00:00
W8-00103,W8,n2-standard-8,Windows,2022Server,AMD64,Intel(R) Xeon(R) CPU @ 2.80GHz,intel,8,4,2800,34.4,3.14.6,CPython,1,spawn,2.5.3,recursive,rec_quicksort,1341,1565,0.8,ms,normal,35,1588,8,4,1,8,0,0,0.00164770000000658,1.0,0.48564093081088583,0.0033607452822898482,0.6991938116027728,0.0,0.03196000000002641,0.00028969999993933016,0.17472689999999602,0.06338219999997818,0.06404469999995399,0.02260030000002189,0.062697;0.063465;0.063382,0.064621;0.064045;0.063976,0.018833;0.024437;0.022600,,multiprocessing,2026-10-03T18:12:25+00:00
W8-00104,W8,n2-standard-8,Windows,2022Server,AMD64,Intel(R) Xeon(R) CPU @ 2.80GHz,intel,8,4,2800,34.4,3.14.6,CPython,1,spawn,2.5.3,mixed,mixed_parse_lines,2,6776,0.3,ms,normal,8,6798,8,16,2,3,1,0,0.001098766666738508,0.4983668420517423,0.4368583356560581,0.011042684220692394,1.5203509885755357,0.0,0.006418400000029578,0.00022969999986344192,0.29942510000000766,0.010547399999950358,0.006241799999997966,0.002612600000020393,0.010547;0.010113;0.011579,0.006242;0.006259;0.005778,0.002608;0.002676;0.002613,,multiprocessing,2026-10-03T18:12:25+00:00
W8-00105,W8,n2-standard-8,Windows,2022Server,AMD64,Intel(R) Xeon(R) CPU @ 2.80GHz,intel,8,4,2800,34.4,3.14.6,CPython,1,spawn,2.5.3,algo_iter,algo_dijkstra,989,25,0.8,ms,normal,49,44.916666666666664,8,2,2,15,0,0,0.004394333333351597,1.0,1.715778443438224,0.000965258287549708,2.0062058118774884,0.0,0.08057700000006207,0.0002953999997998835,0.14133540000000266,0.10837920000005852,0.10838000000001102,0.05965690000004997,0.107601;0.113962;0.108379,0.108380;0.108118;0.111739,0.059657;0.058601;0.064760,,multiprocessing,2026-10-03T18:12:27+00:00
W8-00106,W8,n2-standard-8,Windows,2022Server,AMD64,Intel(R) Xeon(R) CPU @ 2.80GHz,intel,8,4,2800,34.4,3.14.6,CPython,1,spawn,2.5.3,recursive,rec_tree_sum,128,154,0.8,seconds,normal,17661,173,8,16,0,4,0,0,4.0875453045957036e-05,1.0,0.48356252694655605,0.10177257250571892,0.9855214714828701,0.0,0.10318310000002384,0.0025455000022702734,0.29942510000000766,0.7258573999999953,0.7541960999999446,0.21083329999999023,0.729134;0.725558;0.725857,0.754196;0.754935;0.749742,0.211812;0.210833;0.210478,,multiprocessing,2026-10-03T18:12:33+00:00
W8-00107,W8,n2-standard-8,Windows,2022Server,AMD64,Intel(R) Xeon(R) CPU @ 2.80GHz,intel,8,4,2800,34.4,3.14.6,CPython,1,spawn,2.5.3,algo_iter,algo_kmeans,27,51,0.8,ms,normal,139,70,8,16,3,15,0,0,0.0007781352941198266,1.0,0.3947730972768793,0.006984646542143487,0.9494804565807368,0.0,0.055662900000015725,0.0017934999999624779,0.29942510000000766,0.11118550000003324,0.1125465999999733,0.03155149999997775,0.111186;0.111152;0.112893,0.111573;0.113857;0.112547,0.031908;0.031551;0.030841,,multiprocessing,2026-10-03T18:12:34+00:00
W8-00108,W8,n2-standard-8,Windows,2022Server,AMD64,Intel(R) Xeon(R) CPU @ 2.80GHz,intel,8,4,2800,34.4,3.14.6,CPython,1,spawn,2.5.3,algo_rec,algo_flood_fill,38,103,0.3,ms,normal,8,122,8,4,3,10,0,0,0.012231433333302752,1.0,0.17499035824452452,0.0009156735497881015,0.8644101710625542,0.0,0.08423959999993258,0.0002572000000782282,0.17472689999999602,0.11498610000001008,0.1179527000000462,0.03371640000000298,0.114986;0.116363;0.114952,0.116781;0.117953;0.118663,0.033485;0.033716;0.044419,,multiprocessing,2026-10-03T18:12:35+00:00
W8-00109,W8,n2-standard-8,Windows,2022Server,AMD64,Intel(R) Xeon(R) CPU @ 2.80GHz,intel,8,4,2800,34.4,3.14.6,CPython,1,spawn,2.5.3,cpu,cpu_count_primes,385,495199,0.8,ms,big,403,495221.55,8,4,2,4,0,0,7.634200000097735e-05,1.0,0.5921337525740386,1.221215058670023,0.8051716031510189,0.0,0.019429199999990487,0.002318099999911283,0.17472689999999602,0.03460280000001603,0.034472200000095654,0.6802660000000742,0.034656;0.034603;0.034544,0.033631;0.034472;0.036074,0.680266,,threading,2026-10-03T18:12:37+00:00
W8-00110,W8,n2-standard-8,Windows,2022Server,AMD64,Intel(R) Xeon(R) CPU @ 2.80GHz,intel,8,4,2800,34.4,3.14.6,CPython,1,spawn,2.5.3,tiny,tiny_len,411,626259,0.0,ms,big,319,626282,8,4,0,0,0,0,3.759493674345932e-07,1.0,0.3338260945038864,369.1055552531562,0.0468185982482263,0.8,0.003881000000092172,0.003139600000054088,0.17472689999999602,8.37000000046828e-05,0.0005983999999443768,0.6483629999999039,0.000102;0.000084;0.000050,0.000598,0.648363,,sequential,2026-10-03T18:12:39+00:00
W8-00111,W8,n2-standard-8,Windows,2022Server,AMD64,Intel(R) Xeon(R) CPU @ 2.80GHz,intel,8,4,2800,34.4,3.14.6,CPython,1,spawn,2.5.3,big_payload,big_reverse,7,1382210,0.8,seconds,big,144,1382232,8,16,0,0,0,0,0.0007512944444367046,1.0,0.014356997566435029,2.8468864848370945,0.8742893775900419,1.2,0.10127579999993941,0.04324800000028972,0.29942510000000766,0.11631980000004205,0.12091279999992821,0.5635048999999981,0.115356;0.116414;0.116320,0.125088;0.120362;0.120913,0.563505;0.555680;0.573352,,sequential,2026-10-03T18:12:43+00:00
W8-00112,W8,n2-standard-8,Windows,2022Server,AMD64,Intel(R) Xeon(R) CPU @ 2.80GHz,intel,8,4,2800,34.4,3.14.6,CPython,1,spawn,2.5.3,algo_iter,algo_kmeans,66,40,0.0,seconds,normal,325,59,8,4,3,15,0,0,0.001778855172405797,1.0,0.012460699397175751,0.0030300387023268534,0.9546128099491452,1.2,0.10606769999992594,0.0004088000001729597,0.17472689999999602,0.5779609999999593,0.5824463000000151,0.18399950000002718,0.580233;0.577961;0.576699,0.579168;0.583895;0.582446,0.210315;0.184000;0.148032,,multiprocessing,2026-10-03T18:12:48+00:00
W8-00113,W8,n2-standard-8,Windows,2022Server,AMD64,Intel(R) Xeon(R) CPU @ 2.80GHz,intel,8,4,2800,34.4,3.14.6,CPython,1,spawn,2.5.3,tiny,tiny_len,190,19,0.8,ms,normal,200000,38.25,8,2,0,0,0,0,1.930000005927468e-07,1.0,2.045096815687174,20.958549055444884,0.44710617380417444,0.0,0.005286799999907998,0.0031359999987898846,0.14133540000000266,0.02137049999998908,0.029823100000044178,0.06786990000000515,0.021370;0.022381;0.020690,0.029823;0.030162;0.028052,0.069590;0.067472;0.067870,,sequential,2026-10-03T18:12:49+00:00
W8-00114,W8,n2-standard-8,Windows,2022Server,AMD64,Intel(R) Xeon(R) CPU @ 2.80GHz,intel,8,4,2800,34.4,3.14.6,CPython,1,spawn,2.5.3,big_payload,big_count_byte,15,171437,0.8,seconds,big,1166,171459,8,4,0,1,0,0,0.00010255738831834681,1.0,0.02305135425803109,0.334446894239157,0.9453078117730689,0.0,0.06355340000004617,0.001927299999351817,0.17472689999999602,0.11969199999998636,0.12153230000001258,0.689139300000079,0.119501;0.119692;0.119724,0.120924;0.121532;0.121602,0.689139,,sequential,2026-10-03T18:12:51+00:00
W8-00115,W8,n2-standard-8,Windows,2022Server,AMD64,Intel(R) Xeon(R) CPU @ 2.80GHz,intel,8,4,2800,34.4,3.14.6,CPython,1,spawn,2.5.3,db,db_file_commit,4,12084,0.0,seconds,normal,37,12106,8,2,1,0,1,0,0.019706666666669054,0.24523787231847763,0.021566597280034187,0.0008795669840338294,1.4249530499874437,1.1,0.10049870000000283,0.00026630000002114684,0.14133540000000266,0.7129212999999481,0.40460170000005746,0.4165808999999854,0.707802;0.714588;0.712921,0.397304;0.404602;0.419826,0.416581;0.407074;0.434644,,threading,2026-10-03T18:12:56+00:00
W8-00116,W8,n2-standard-8,Windows,2022Server,AMD64,Intel(R) Xeon(R) CPU @ 2.80GHz,intel,8,4,2800,34.4,3.14.6,CPython,1,spawn,2.5.3,db,db_file_lookup,144,372157,0.8,ms,big,22,372179,8,2,1,5,1,0,0.003525560000025507,1.0,0.5646872977309835,0.025142105080978756,0.481341837054643,0.0,0.05834519999996246,0.0006675999998151383,0.14133540000000266,0.08341749999999593,0.05275219999998626,0.05742559999998775,0.082351;0.083996;0.083417,0.080631;0.052752;0.052690,0.075642;0.056514;0.057426,,threading,2026-10-03T18:12:58+00:00
W8-00117,W8,n2-standard-8,Windows,2022Server,AMD64,Intel(R) Xeon(R) CPU @ 2.80GHz,intel,8,4,2800,34.4,3.14.6,CPython,1,spawn,2.5.3,big_result,result_sorted_pairs,2573,765,0.8,seconds,normal,244,788,8,2,1,4,0,0,0.000982705769224332,1.0,0.5319748900733998,0.5590279585212858,0.9627649694147832,0.0,0.11490549999996347,0.01138140000034582,0.14133540000000266,0.2862615999999889,0.28955199999995784,0.2609111000000439,0.292870;0.284426;0.286262,0.289552;0.291569;0.287912,0.245294;0.260911;0.265841,,multiprocessing,2026-10-03T18:13:01+00:00
W8-00118,W8,n2-standard-8,Windows,2022Server,AMD64,Intel(R) Xeon(R) CPU @ 2.80GHz,intel,8,4,2800,34.4,3.14.6,CPython,1,spawn,2.5.3,mixed,mixed_parse_lines,38,4874,0.0,ms,normal,8,4896,8,8,2,3,1,0,0.009382866666669543,0.9067698064965025,0.016559432955783722,0.0014281349714605348,1.004861943911516,0.4,0.05616310000004887,0.0002653999999893131,0.1940443000000016,0.07406180000009499,0.06946320000008654,0.02198600000008355,0.074144;0.074062;0.073544,0.068811;0.069984;0.069463,0.022089;0.021986;0.021969,,multiprocessing,2026-10-03T18:13:02+00:00
W8-00119,W8,n2-standard-8,Windows,2022Server,AMD64,Intel(R) Xeon(R) CPU @ 2.80GHz,intel,8,4,2800,34.4,3.14.6,CPython,1,spawn,2.5.3,big_payload,big_upper_copy,1,1142434,0.3,ms,big,175,1142456,8,16,0,0,0,0,0.000652655813945954,1.0,0.032274950129121786,2.7648799894725373,0.9370263316826374,0.0,0.09506579999992937,0.03699100000028466,0.29942510000000766,0.12053589999993619,0.1270560000000387,0.5745747000000847,0.120536;0.122613;0.119927,0.127512;0.127056;0.121744,0.574575;0.574767;0.571058,,sequential,2026-10-03T18:13:06+00:00
W8-00120,W8,n2-standard-8,Windows,2022Server,AMD64,Intel(R) Xeon(R) CPU @ 2.80GHz,intel,8,4,2800,34.4,3.14.6,CPython,1,spawn,2.5.3,recursive,rec_quicksort,119,52,0.3,ms,normal,101,71,8,2,1,8,0,0,0.00012224800001149562,1.0,0.21226534090507576,0.029939140002328172,0.8363054364987317,0.0,0.007035200000018449,0.00033899999971254147,0.14133540000000266,0.011434000000008382,0.011881200000061654,0.006397200000037628,0.011434;0.011379;0.011512,0.012040;0.011524;0.011881,0.006608;0.006370;0.006397,,multiprocessing,2026-10-03T18:13:06+00:00
W8-00121,W8,n2-standard-8,Windows,2022Server,AMD64,Intel(R) Xeon(R) CPU @ 2.80GHz,intel,8,4,2800,34.4,3.14.6,CPython,1,spawn,2.5.3,recursive,rec_quicksort,14976,410827,0.0,seconds,big,64,410850,8,2,1,8,0,0,0.02372016666667302,1.0,0.017747397596469417,0.009935287133083615,0.9492796101377106,13.6,0.14620059999992918,0.0009464999999408974,0.14133540000000266,1.5521420000000035,1.5819020000000137,0.8802835999999843,1.554983;1.552142;1.531353,1.582997;1.581902;1.562654,0.893246;0.880284;0.800295,,multiprocessing,2026-10-03T18:13:19+00:00
W8-00122,W8,n2-standard-8,Windows,2022Server,AMD64,Intel(R) Xeon(R) CPU @ 2.80GHz,intel,8,4,2800,34.4,3.14.6,CPython,1,spawn,2.5.3,big_payload,big_count_byte,90,102555,0.8,ms,big,262,102577,8,4,0,1,0,0,6.219538462433914e-05,1.0,0.03962282828992277,0.31553788321549037,0.8545193447607982,0.0,0.009628799999973126,0.0007660999993959194,0.17472689999999602,0.016146700000035707,0.016943499999911182,0.06159950000005665,0.016111;0.016147;0.016194,0.016943;0.016968;0.016936,0.055418;0.061600;0.061765,,sequential,2026-10-03T18:13:20+00:00
W8-00123,W8,n2-standard-8,Windows,2022Server,AMD64,Intel(R) Xeon(R) CPU @ 2.80GHz,intel,8,4,2800,34.4,3.14.6,CPython,1,spawn,2.5.3,numpy,np_sort,46605,6123,0.0,seconds,normal,988,6146,8,4,0,3,0,1,0.0020421840000017255,1.0,0.14476999033152793,0.003846372310146772,1.7909153555136392,0.8,0.07995869999990646,0.0004942999999002495,0.17472689999999602,2.035889500000053,0.5663385000000289,0.7573578999999881,2.039685;2.035890;2.034390,0.566816;0.554712;0.566339,0.757358;0.766557;0.711529,,threading,2026-10-03T18:13:31+00:00
W8-00124,W8,n2-standard-8,Windows,2022Server,AMD64,Intel(R) Xeon(R) CPU @ 2.80GHz,intel,8,4,2800,34.4,3.14.6,CPython,1,spawn,2.5.3,algo_rec,algo_lcs_memo,1,1111,0.8,seconds,normal,102,1133,8,8,1,10,0,0,0.0034613599999981184,1.0,0.28644432565465855,0.0014233326414076228,0.7873283868810264,0.0,0.11844310000003588,0.000374599999986458,0.1940443000000016,0.3653995000000805,0.37989600000003065,0.10167850000004819,0.364618;0.366831;0.365400,0.379896;0.406485;0.378358,0.100013;0.106255;0.101679,,multiprocessing,2026-10-03T18:13:34+00:00
W8-00125,W8,n2-standard-8,Windows,2022Server,AMD64,Intel(R) Xeon(R) CPU @ 2.80GHz,intel,8,4,2800,34.4,3.14.6,CPython,1,spawn,2.5.3,db,db_file_lookup,291,482861,0.3,seconds,big,414,482883.85714285716,8,4,1,5,1,0,0.00801461428570097,1.0,0.16877268902397397,0.014215103484255092,0.947078455683149,0.0,0.11602800000002844,0.0010667000001376437,0.17472689999999602,2.9500532999999223,1.035378000000037,1.1939644999999928,3.044877;2.950053;2.947744,1.101957;1.035378;1.033965,1.219986;1.180149;1.193964,,threading,2026-10-03T18:13:51+00:00
W8-00126,W8,n2-standard-8,Windows,2022Server,AMD64,Intel(R) Xeon(R) CPU @ 2.80GHz,intel,8,4,2800,34.4,3.14.6,CPython,1,spawn,2.5.3,gil_release,gil_numpy_matmul,64,40136,0.3,seconds,normal,4473,40158,8,2,0,2,0,1,7.371129272055515e-05,1.0,0.5410585613007519,0.18246864886455466,1.4920626713963396,1.1,0.08507139999994706,0.0020352999989654563,0.14133540000000266,0.30449929999997494,0.21548949999998968,0.7308888999999681,0.304499;0.304044;0.308468,0.215010;0.215489;0.216871,0.730889;0.716685;0.734284,,threading,2026-10-03T18:13:55+00:00
W8-00127,W8,n2-standard-8,Windows,2022Server,AMD64,Intel(R) Xeon(R) CPU @ 2.80GHz,intel,8,4,2800,34.4,3.14.6,CPython,1,spawn,2.5.3,recursive,rec_nqueens,3,195353,0.0,ms,big,265,195375,8,16,1,10,0,0,0.0004418181818223412,1.0,0.03342134099861594,0.11401748968674305,0.923521047130793,0.0,0.06214980000004289,0.001410599999758233,0.29942510000000766,0.11653769999998076,0.12347069999998439,0.0935156000000461,0.116377;0.116538;0.118415,0.124913;0.122529;0.123471,0.091905;0.093516;0.099580,,multiprocessing,2026-10-03T18:13:57+00:00
W8-00128,W8,n2-standard-8,Windows,2022Server,AMD64,Intel(R) Xeon(R) CPU @ 2.80GHz,intel,8,4,2800,34.4,3.14.6,CPython,1,spawn,2.5.3,db,db_mem_insert_select,341,178017,0.0,ms,big,84,178040,8,16,1,1,1,0,0.00038181428570689083,1.0,0.1644912195439373,0.12513937220233642,0.8047631195216957,1.2,0.0189576999999872,0.00125950000017383,0.29942510000000766,0.030571499999950902,0.1917923000000883,0.020507500000007894,0.030753;0.030505;0.030571,0.191792,0.020873;0.020121;0.020508,,multiprocessing,2026-10-03T18:13:58+00:00
W8-00129,W8,n2-standard-8,Windows,2022Server,AMD64,Intel(R) Xeon(R) CPU @ 2.80GHz,intel,8,4,2800,34.4,3.14.6,CPython,1,spawn,2.5.3,io,io_file_roundtrip,3,211,0.0,seconds,normal,61,230,8,2,1,0,1,0,0.01148192000000563,0.12943011327989404,0.10423910671260009,0.0006166216123303862,1.656008890900881,0.0,0.09093829999994796,0.0002815999998801999,0.14133540000000266,0.39714489999994385,0.2532042000000274,0.24762989999999263,0.602362;0.386015;0.397145,0.253204;0.248027;0.261150,0.240655;0.247630;0.249744,,multiprocessing,2026-10-03T18:14:02+00:00
W8-00130,W8,n2-standard-8,Windows,2022Server,AMD64,Intel(R) Xeon(R) CPU @ 2.80GHz,intel,8,4,2800,34.4,3.14.6,CPython,1,spawn,2.5.3,big_payload,big_reverse,3,1744258,0.8,seconds,big,114,1744280,8,8,0,0,0,0,0.0009465035714291454,1.0,0.02878054588942718,2.329119579235619,0.9316556284783337,0.0,0.09944519999999102,0.04454559999999219,0.1940443000000016,0.1155285999999478,0.11809869999990497,0.632784499999957,0.114404;0.115529;0.115785,0.116981;0.118099;0.128861,0.632784,,sequential,2026-10-03T18:14:04+00:00
W8-00131,W8,n2-standard-8,Windows,2022Server,AMD64,Intel(R) Xeon(R) CPU @ 2.80GHz,intel,8,4,2800,34.4,3.14.6,CPython,1,spawn,2.5.3,db,db_file_commit,5,283,0.3,ms,normal,8,305,8,8,1,0,1,0,0.026089033333353957,0.2637430980848419,0.06077864600178461,0.00044463127027844233,1.5390700333829959,0.0,0.13161280000008446,0.0002783000001045366,0.1940443000000016,0.18505840000000262,0.04765640000005078,0.04900159999999687,0.185058;0.185956;0.183215,0.048627;0.046842;0.047656,0.051500;0.047396;0.049002,,threading,2026-10-03T18:14:06+00:00
W8-00132,W8,n2-standard-8,Windows,2022Server,AMD64,Intel(R) Xeon(R) CPU @ 2.80GHz,intel,8,4,2800,34.4,3.14.6,CPython,1,spawn,2.5.3,big_result,result_sorted_pairs,11525,60,0.0,seconds,normal,1526,80,8,4,1,4,0,0,0.005218620000005103,1.0,0.02316936252320248,0.7201674005741968,0.9517433475848471,0.0,0.14475279999999202,0.03789649999987432,0.17472689999999602,9.926912900000048,10.202151600000093,6.046602800000073,9.926913;9.913231;10.053974,10.316066;10.056104;10.202152,6.046603;6.040556;6.483200,,multiprocessing,2026-10-03T18:15:25+00:00
W8-00133,W8,n2-standard-8,Windows,2022Server,AMD64,Intel(R) Xeon(R) CPU @ 2.80GHz,intel,8,4,2800,34.4,3.14.6,CPython,1,spawn,2.5.3,algo_rec,algo_flood_fill,1,1737,0.3,seconds,normal,104191,1759,8,4,3,10,0,0,0.0003424061643850358,1.0,0.607663167865607,0.01285023597495936,0.9823535403559954,1.1,0.10145990000000893,0.0007328999997753272,0.17472689999999602,36.700304200000005,37.716826800000035,9.848513299999922,36.700304;36.695302;36.764616,37.657194;37.860638;37.716827,9.706181;9.848513;12.315449,,multiprocessing,2026-10-03T18:19:42+00:00
W8-00134,W8,n2-standard-8,Windows,2022Server,AMD64,Intel(R) Xeon(R) CPU @ 2.80GHz,intel,8,4,2800,34.4,3.14.6,CPython,1,spawn,2.5.3,algo_iter,algo_game_of_life,3,77,0.3,ms,normal,26,96,8,8,5,9,0,0,0.003862799999978961,1.0,0.2716453612431687,0.014303096205308181,0.7492894716929394,1.1,0.05172749999996995,0.000584400000207097,0.1940443000000016,0.11733770000000732,0.10908080000012887,0.03322820000016691,0.117014;0.117338;0.117486,0.109306;0.107354;0.109081,0.032887;0.033228;0.034941,,multiprocessing,2026-10-03T18:19:43+00:00
W8-00135,W8,n2-standard-8,Windows,2022Server,AMD64,Intel(R) Xeon(R) CPU @ 2.80GHz,intel,8,4,2800,34.4,3.14.6,CPython,1,spawn,2.5.3,big_result,result_long_string,13792,1896,0.3,ms,normal,39,1919,8,8,1,1,0,0,0.004924911111099088,1.0,0.15533565542884936,0.06251438265927486,1.0117266277787489,0.0,0.09063980000019001,0.003052900000284353,0.1940443000000016,0.1744602000001123,0.17732109999997192,0.060264700000061566,0.178686;0.173977;0.174460,0.177321;0.177219;0.180783,0.070683;0.060265;0.057518,,multiprocessing,2026-10-03T18:19:45+00:00
W8-00136,W8,n2-standard-8,Windows,2022Server,AMD64,Intel(R) Xeon(R) CPU @ 2.80GHz,intel,8,4,2800,34.4,3.14.6,CPython,1,spawn,2.5.3,gil_release,gil_sha256,39,242665,0.8,seconds,big,85,242687,8,8,1,1,0,1,0.026019399999995585,1.0,0.34481981660987815,0.002610872400445418,1.978352797776744,0.0,0.12684330000001864,0.00046950000000833825,0.1940443000000016,1.896930900000143,0.4340097999997852,0.4428232999998727,1.898037;1.896931;1.894344,0.422659;0.437185;0.434010,0.437838;0.454357;0.442823,,threading,2026-10-03T18:19:54+00:00
W8-00137,W8,n2-standard-8,Windows,2022Server,AMD64,Intel(R) Xeon(R) CPU @ 2.80GHz,intel,8,4,2800,34.4,3.14.6,CPython,1,spawn,2.5.3,gil_release,gil_sha256,93,116748,0.3,ms,big,8,116770,8,16,1,1,0,1,0.025180033333299434,1.0,0.1772807011131403,0.0015991506481599956,1.4486940628418483,0.0,0.12969940000016322,0.00036160000013296667,0.29942510000000766,0.20468080000000555,0.05087629999979981,0.05075640000018211,0.205019;0.204681;0.203940,0.049836;0.050876;0.052661,0.050756;0.049085;0.050765,,multiprocessing,2026-10-03T18:19:56+00:00
W8-00138,W8,n2-standard-8,Windows,2022Server,AMD64,Intel(R) Xeon(R) CPU @ 2.80GHz,intel,8,4,2800,34.4,3.14.6,CPython,1,spawn,2.5.3,big_payload,big_reverse,2,116648,0.3,seconds,big,1714,116670,8,8,0,0,0,0,8.076962616877753e-05,1.0,0.11326665599041354,0.5145498621497543,0.9882109419699207,0.0,0.07177050000018426,0.0019572000001062406,0.1940443000000016,0.1524835999998686,0.14836600000012368,0.7809649999999237,0.152753;0.143554;0.152484,0.169934;0.148366;0.146951,0.780965,,threading,2026-10-03T18:19:59+00:00
W8-00139,W8,n2-standard-8,Windows,2022Server,AMD64,Intel(R) Xeon(R) CPU @ 2.80GHz,intel,8,4,2800,34.4,3.14.6,CPython,1,spawn,2.5.3,big_result,result_matrix_lists,21,1692,0.0,ms,normal,3692,1714,8,8,2,5,0,0,8.2549643366292e-05,1.0,9.59968158700038,0.27353237432679717,1.6279540258274106,5.5,0.09575560000007499,0.0019175000002178422,0.1940443000000016,0.20943190000002687,0.2017676999998912,0.0898862999999892,0.209432;0.207012;0.228769,0.200299;0.213059;0.201768,0.094728;0.088801;0.089886,,multiprocessing,2026-10-03T18:20:01+00:00
W8-00140,W8,n2-standard-8,Windows,2022Server,AMD64,Intel(R) Xeon(R) CPU @ 2.80GHz,intel,8,4,2800,34.4,3.14.6,CPython,1,spawn,2.5.3,big_payload,big_reverse,1,530037,0.8,seconds,big,377,530059,8,8,0,0,0,0,0.000360671276596688,1.0,0.1377727993141437,1.9634360868841754,0.9731525883144339,0.0,0.083616099999972,0.014764300000024377,0.1940443000000016,0.1494086000000152,0.16754409999998643,0.7094515000001138,0.149409;0.164573;0.146365,0.167544;0.167807;0.150441,0.715781;0.703357;0.709452,,sequential,2026-10-03T18:20:05+00:00
W8-00141,W8,n2-standard-8,Windows,2022Server,AMD64,Intel(R) Xeon(R) CPU @ 2.80GHz,intel,8,4,2800,34.4,3.14.6,CPython,1,spawn,2.5.3,tiny,tiny_len,75,1654317,0.3,seconds,big,120,1654339,8,16,0,0,0,0,4.866666661958637e-07,1.0,0.30814307315018763,1775.075344254257,0.0239075805496191,3.0,0.018347199999880104,0.017651099999739017,0.29942510000000766,3.390000006220362e-05,0.0008457999999791355,0.30151069999988067,0.000053;0.000034;0.000011,0.000846,0.301511,,sequential,2026-10-03T18:20:07+00:00
W8-00142,W8,n2-standard-8,Windows,2022Server,AMD64,Intel(R) Xeon(R) CPU @ 2.80GHz,intel,8,4,2800,34.4,3.14.6,CPython,1,spawn,2.5.3,io,io_sleep,662,141,0.8,seconds,normal,602,160.85,8,4,0,1,1,0,0.0013939216216164601,0.0075955947867960925,0.2540599821274245,0.003335912043849172,1.9977340999629536,3.4,0.07772629999999481,0.0004398000003220659,0.17472689999999602,0.8244504000001598,0.19549299999994219,0.18304439999997157,0.824450;0.824537;0.823050,0.194791;0.195493;0.197753,0.180812;0.183044;0.184552,,multiprocessing,2026-10-03T18:20:11+00:00
W8-00143,W8,n2-standard-8,Windows,2022Server,AMD64,Intel(R) Xeon(R) CPU @ 2.80GHz,intel,8,4,2800,34.4,3.14.6,CPython,1,spawn,2.5.3,text,text_split_count,4,165,0.8,ms,normal,2898,184,8,4,1,1,0,0,4.552209945317754e-05,1.0,0.34774234769245294,0.07908246838689216,0.960112396356439,0.0,0.06912360000001172,0.0014532999960010784,0.17472689999999602,0.13239490000000842,0.1344702999999754,0.05114539999999579,0.131992;0.132653;0.132395,0.134470;0.134271;0.135415,0.052835;0.051145;0.051061,,multiprocessing,2026-10-03T18:20:12+00:00
W8-00144,W8,n2-standard-8,Windows,2022Server,AMD64,Intel(R) Xeon(R) CPU @ 2.80GHz,intel,8,4,2800,34.4,3.14.6,CPython,1,spawn,2.5.3,recursive,rec_quicksort,19220,26,0.0,ms,normal,8,46,8,16,1,8,0,0,0.02948290000002392,1.0,0.01481957641518044,0.00029847809856900986,0.9369961491550709,0.0,0.1829442000000654,0.00025009999990288634,0.29942510000000766,0.24139930000001186,0.2435034000000087,0.0645348999998987,0.239029;0.242044;0.241399,0.243503;0.242653;0.245262,0.064147;0.064535;0.065830,,multiprocessing,2026-10-03T18:20:15+00:00
W8-00145,W8,n2-standard-8,Windows,2022Server,AMD64,Intel(R) Xeon(R) CPU @ 2.80GHz,intel,8,4,2800,34.4,3.14.6,CPython,1,spawn,2.5.3,numpy,np_elementwise,1220,1104,0.0,ms,normal,3879,1127,8,4,0,4,0,0,4.9332198142496186e-05,1.0,0.07700935170566678,0.09446163288828009,1.3369972450633327,0.0,0.08593419999988328,0.00192199999969489,0.17472689999999602,0.19053280000002815,0.24921419999986938,0.06591679999996813,0.190533;0.190527;0.191304,0.251273;0.247779;0.249214,0.065417;0.067127;0.065917,,multiprocessing,2026-10-03T18:20:17+00:00
W8-00146,W8,n2-standard-8,Windows,2022Server,AMD64,Intel(R) Xeon(R) CPU @ 2.80GHz,intel,8,4,2800,34.4,3.14.6,CPython,1,spawn,2.5.3,db,db_mem_insert_select,90,968702,0.8,ms,big,206,968724,8,4,1,1,1,0,0.0001691549019668338,1.0,0.24081357431200015,2.678196107326948,0.9236590259323524,1.1,0.027350000000069485,0.009495899999592439,0.17472689999999602,0.03313469999989138,0.056739800000059404,0.5108245999999781,0.033405;0.032963;0.033135,0.057644;0.056740;0.056531,0.510825,,sequential,2026-10-03T18:20:19+00:00
W8-00147,W8,n2-standard-8,Windows,2022Server,AMD64,Intel(R) Xeon(R) CPU @ 2.80GHz,intel,8,4,2800,34.4,3.14.6,CPython,1,spawn,2.5.3,io,io_sleep,1734,336312,0.8,seconds,big,594,336335,8,2,0,1,1,0,0.0025791349999849445,0.0064955737950685615,0.29033445666863916,0.02521581846873214,1.742442896966766,0.0,0.08256749999986823,0.0016965000002073793,0.14133540000000266,1.4245770999998513,0.717433599999822,0.9758169000001544,1.424577;1.430345;1.423337,0.720100;0.715296;0.717434,0.975817;0.970327;0.983944,,threading,2026-10-03T18:20:30+00:00
W8-00148,W8,n2-standard-8,Windows,2022Server,AMD64,Intel(R) Xeon(R) CPU @ 2.80GHz,intel,8,4,2800,34.4,3.14.6,CPython,1,spawn,2.5.3,gil_release,gil_numpy_matmul,649,12916,0.8,ms,normal,8,12939,8,16,0,2,0,1,0.018243433333357945,1.0,1.0366324353103713,0.0012789990197485895,2.523877554299051,2.7,0.08629279999991013,0.00033689999986563635,0.29942510000000766,0.14953680000007807,0.06320510000000468,0.06078410000009171,0.149537;0.150120;0.149265,0.098408;0.063205;0.058146,0.054802;0.060784;0.092656,,multiprocessing,2026-10-03T18:20:31+00:00
W8-00149,W8,n2-standard-8,Windows,2022Server,AMD64,Intel(R) Xeon(R) CPU @ 2.80GHz,intel,8,4,2800,34.4,3.14.6,CPython,1,spawn,2.5.3,db,db_file_lookup,15,625874,0.3,ms,big,17,625896,8,2,1,5,1,0,0.0007240999999567066,1.0,0.24826150204830774,0.3596533627682587,0.08638972120610353,0.0,0.032944799999995666,0.0012565000001814042,0.14133540000000266,0.010896900000034293,0.007426900000155001,0.020446800000172516,0.010897;0.010997;0.010768,0.007491;0.007427;0.007206,0.020447;0.020358;0.021474,,threading,2026-10-03T18:20:32+00:00
W8-00150,W8,n2-standard-8,Windows,2022Server,AMD64,Intel(R) Xeon(R) CPU @ 2.80GHz,intel,8,4,2800,34.4,3.14.6,CPython,1,spawn,2.5.3,tiny,tiny_len,5,678335,0.3,seconds,big,294,678357,8,16,0,0,0,0,4.917808289301569e-07,1.0,0.349379617365906,372.98119249979504,0.05608402231810043,0.0,0.004800100000011298,0.004037699999344113,0.29942510000000766,5.239999995865219e-05,0.0007989999999153952,0.44103769999992437,0.000091;0.000052;0.000028,0.000799,0.441038,,sequential,2026-10-03T18:20:33+00:00
W8-00151,W8,n2-standard-8,Windows,2022Server,AMD64,Intel(R) Xeon(R) CPU @ 2.80GHz,intel,8,4,2800,34.4,3.14.6,CPython,1,spawn,2.5.3,big_payload,big_count_byte,177,1001257,0.0,ms,big,21,1001279,8,2,0,1,0,0,0.0006021400000463473,1.0,0.009273195858651412,0.793071378796608,0.8160670815064995,0.0,0.009409299999788345,0.002640699999574281,0.14133540000000266,0.01257250000003296,0.013047999999798776,0.04220920000011574,0.012573;0.014401;0.012551,0.013352;0.013048;0.013041,0.041319;0.049745;0.042209,,sequential,2026-10-03T18:20:34+00:00
W8-00152,W8,n2-standard-8,Windows,2022Server,AMD64,Intel(R) Xeon(R) CPU @ 2.80GHz,intel,8,4,2800,34.4,3.14.6,CPython,1,spawn,2.5.3,gil_release,gil_bz2,16,300000,0.0,ms,big,108,300022,8,8,0,1,0,1,0.002573659999973188,1.0,0.01286738378896277,0.025339399919086965,1.9090716548603544,0.4,0.08060879999993631,0.002167800000506759,0.1940443000000016,0.29054500000006556,0.07223060000001169,0.08373529999994389,0.278148;0.290545;0.291199,0.069432;0.077780;0.072231,0.083718;0.083735;0.091894,,threading,2026-10-03T18:20:36+00:00
W8-00153,W8,n2-standard-8,Windows,2022Server,AMD64,Intel(R) Xeon(R) CPU @ 2.80GHz,intel,8,4,2800,34.4,3.14.6,CPython,1,spawn,2.5.3,gil_release,gil_numpy_matmul,371,1411,0.3,ms,normal,8,1434,8,4,0,2,0,1,0.0038998333333590076,1.0,0.16193752887559587,0.003196717798417923,3.1731739382372557,0.0,0.015300199999956021,0.0002664999999524298,0.17472689999999602,0.023406300000033298,0.010196500000120068,0.010586000000103013,0.022683;0.023488;0.023406,0.010197;0.009917;0.010526,0.010586;0.011101;0.009424,,threading,2026-10-03T18:20:37+00:00
W8-00154,W8,n2-standard-8,Windows,2022Server,AMD64,Intel(R) Xeon(R) CPU @ 2.80GHz,intel,8,4,2800,34.4,3.14.6,CPython,1,spawn,2.5.3,gil_release,gil_sha256,173,65589,0.0,ms,normal,8,65611,8,8,1,1,0,1,0.02798063333329992,1.0,0.0013284476627829316,0.0006599802966674677,1.4653738087488863,0.0,0.14150669999980892,0.0002675999999155465,0.1940443000000016,0.2239670000001297,0.04992960000004132,0.05045479999989766,0.223857;0.223967;0.223992,0.050967;0.049900;0.049930,0.050776;0.050455;0.050077,,threading,2026-10-03T18:20:39+00:00
W8-00155,W8,n2-standard-8,Windows,2022Server,AMD64,Intel(R) Xeon(R) CPU @ 2.80GHz,intel,8,4,2800,34.4,3.14.6,CPython,1,spawn,2.5.3,text,text_format_report,108,777537,0.8,seconds,big,257,777559,8,4,1,2,0,0,0.00014208906250701148,1.0,0.45053871833468095,2.5972442458757965,0.8059002589179002,0.0,0.028217399999903137,0.007781899999599773,0.17472689999999602,0.038317000000006374,0.03982289999999011,0.5634608999998818,0.038317;0.038417;0.038235,0.039823;0.039702;0.040082,0.563461,,sequential,2026-10-03T18:20:41+00:00
W8-00156,W8,n2-standard-8,Windows,2022Server,AMD64,Intel(R) Xeon(R) CPU @ 2.80GHz,intel,8,4,2800,34.4,3.14.6,CPython,1,spawn,2.5.3,cpu,cpu_count_primes,1830,789,0.8,seconds,normal,4770,812,8,4,2,4,0,0,0.0007166971830928828,1.0,0.5800707191018605,0.007820597224909225,1.0387263832304874,1.2,0.10108050000008006,0.0005302000006395247,0.17472689999999602,3.404079600000159,3.3321728000000803,0.8590993000000253,3.404080;3.405052;3.402255,3.331086;3.332173;3.332717,0.936663;0.854133;0.859099,,multiprocessing,2026-10-03T18:21:04+00:00
W8-00157,W8,n2-standard-8,Windows,2022Server,AMD64,Intel(R) Xeon(R) CPU @ 2.80GHz,intel,8,4,2800,34.4,3.14.6,CPython,1,spawn,2.5.3,tiny,tiny_add,3,261,0.8,ms,normal,188253,283,8,16,0,1,0,0,1.39450000801844e-07,1.0,0.4624450679692855,27.96701311650734,0.27956042136414533,0.0,0.005510299999968993,0.0033469999984845344,0.29942510000000766,0.018233099999861224,0.027720199999976103,0.12389950000010685,0.021003;0.018081;0.018233,0.027720;0.027526;0.033945,0.123900,,sequential,2026-10-03T18:21:05+00:00
W8-00158,W8,n2-standard-8,Windows,2022Server,AMD64,Intel(R) Xeon(R) CPU @ 2.80GHz,intel,8,4,2800,34.4,3.14.6,CPython,1,spawn,2.5.3,db,db_mem_group_by,29,52,0.0,ms,normal,1262,71,8,4,1,2,1,0,0.0001338730158685004,1.0,0.09044893741938603,0.026704410758150596,0.8815345358825373,0.0,0.09096290000002227,0.0009530000015729456,0.17472689999999602,0.16650060000006306,0.2508346000001893,0.056843699999944874,0.166749;0.166406;0.166501,0.251895;0.250732;0.250835,0.056844;0.056314;0.061067,,multiprocessing,2026-10-03T18:21:07+00:00
W8-00159,W8,n2-standard-8,Windows,2022Server,AMD64,Intel(R) Xeon(R) CPU @ 2.80GHz,intel,8,4,2800,34.4,3.14.6,CPython,1,spawn,2.5.3,cpu,cpu_sum_squares,293919,1535,0.8,ms,normal,8,1560,8,8,1,2,0,0,0.022575500000054188,1.0,0.21754463213907477,0.0005315496908358768,2.33607205081143,0.0,0.09951860000001034,0.0002238999998098734,0.1940443000000016,0.1357316000000992,0.13891710000007151,0.057033199999978024,0.134575;0.139253;0.135732,0.139517;0.138917;0.138819,0.054471;0.070831;0.057033,,multiprocessing,2026-10-03T18:21:09+00:00
W8-00160,W8,n2-standard-8,Windows,2022Server,AMD64,Intel(R) Xeon(R) CPU @ 2.80GHz,intel,8,4,2800,34.4,3.14.6,CPython,1,spawn,2.5.3,db,db_mem_insert_select,6997,473,0.0,seconds,normal,73,496,8,8,1,1,1,0,0.006006644444444949,1.0,0.02010418721344812,0.0008194628976478929,0.6706241595902654,0.0,0.13453400000003057,0.00030420000007325143,0.1940443000000016,0.4326605000001109,1.5795950000003813,0.11591900000007627,0.432661,1.579595,0.115919,threading,multiprocessing,2026-10-03T18:21:12+00:00
W8-00161,W8,n2-standard-8,Windows,2022Server,AMD64,Intel(R) Xeon(R) CPU @ 2.80GHz,intel,8,4,2800,34.4,3.14.6,CPython,1,spawn,2.5.3,big_payload,big_count_byte,15,455841,0.3,ms,big,334,455863,8,2,0,1,0,0,0.0002858204819124486,0.9775743076356151,0.24278585337652744,0.28981477966515695,1.012367811651403,0.0,0.0704289999998764,0.02311110000118788,0.12989079999988462,0.09112350000009428,0.09270409999999174,0.4478615999998965,0.091186;0.091124;0.090878,0.092242;0.092704;0.092833,0.447862;0.460758;0.431126,,sequential,2026-10-03T18:21:15+00:00
W8-00162,W8,n2-standard-8,Windows,2022Server,AMD64,Intel(R) Xeon(R) CPU @ 2.80GHz,intel,8,4,2800,34.4,3.14.6,CPython,1,spawn,2.5.3,algo_iter,algo_edit_distance,7886,314,0.0,ms,normal,9,337,8,8,2,16,0,0,0.0012682666666326743,1.0,0.009554218746098058,0.008568124458921371,0.8118435465604324,4.5,0.00993319999997766,0.0014021000001775974,0.18251840000016273,0.011553600000070219,0.012289800000189643,0.0048080999999911,0.021810;0.011516;0.011554,0.013125;0.012290;0.012223,0.008224;0.004808;0.004523,,multiprocessing,2026-10-03T18:21:16+00:00
W8-00163,W8,n2-standard-8,Windows,2022Server,AMD64,Intel(R) Xeon(R) CPU @ 2.80GHz,intel,8,4,2800,34.4,3.14.6,CPython,1,spawn,2.5.3,algo_iter,algo_dijkstra,7761,965802,0.3,seconds,big,11,965825,8,2,2,15,0,0,0.02656200000001263,1.0,0.3046537465520251,0.020762743770364415,0.8867648786561037,0.0,0.16726220000009562,0.003244800000175019,0.12989079999988462,0.2787404000000606,0.29645640000012463,0.16566869999996925,0.279710;0.278740;0.271861,0.308757;0.291286;0.296456,0.165669;0.170791;0.164414,,multiprocessing,2026-10-03T18:21:19+00:00
W8-00164,W8,n2-standard-8,Windows,2022Server,AMD64,Intel(R) Xeon(R) CPU @ 2.80GHz,intel,8,4,2800,34.4,3.14.6,CPython,1,spawn,2.5.3,gil_release,gil_zlib,5,48976,0.8,ms,normal,8,48998,8,2,1,1,0,1,0.005224366666652713,1.0,0.5847578017947244,0.005123428026927994,0.8427968425886023,0.0,0.02908490000004349,0.0007732999999916501,0.12989079999988462,0.04818350000005012,0.030206899999939196,0.03391639999995277,0.048264;0.048115;0.048184,0.030207;0.029945;0.030394,0.033916;0.032368;0.034136,,threading,2026-10-03T18:21:20+00:00
W8-00165,W8,n2-standard-8,Windows,2022Server,AMD64,Intel(R) Xeon(R) CPU @ 2.80GHz,intel,8,4,2800,34.4,3.14.6,CPython,1,spawn,2.5.3,cpu,cpu_collatz,48,261,0.8,seconds,normal,50848,283,8,8,2,5,0,0,7.991458333469253e-05,1.0,0.6749573754350349,0.05243098161604664,1.0080940418862883,0.0,0.101581699999997,0.001953399999138128,0.18251840000016273,3.884060399999953,3.9517117000000326,1.1141657000000578,3.884060;3.876225;3.937247,3.949722;3.951712;4.007626,1.114166;1.111626;1.226458,,multiprocessing,2026-10-03T18:21:47+00:00
W8-00166,W8,n2-standard-8,Windows,2022Server,AMD64,Intel(R) Xeon(R) CPU @ 2.80GHz,intel,8,4,2800,34.4,3.14.6,CPython,1,spawn,2.5.3,text,text_split_count,18,267,0.0,ms,normal,295,289,8,8,1,1,0,0,0.00024938630136378764,1.0,0.030937354251768214,0.015718585877466454,0.9616957306032584,13.3,0.03834769999980381,0.0011448000002474146,0.18251840000016273,0.07436680000000706,0.07707010000012815,0.02255339999987882,0.074367;0.073701;0.074830,0.079499;0.077070;0.075363,0.022204;0.024244;0.022553,,multiprocessing,2026-10-03T18:21:49+00:00
W8-00167,W8,n2-standard-8,Windows,2022Server,AMD64,Intel(R) Xeon(R) CPU @ 2.80GHz,intel,8,4,2800,34.4,3.14.6,CPython,1,spawn,2.5.3,gil_release,gil_bz2,15,300000,0.8,ms,big,8,300022,8,8,0,1,0,1,0.0016831333332447684,1.0,0.3067165066468233,0.08119776605060365,0.9338572634974976,6.8,0.01222419999999147,0.0010739000003923138,0.18251840000016273,0.016751300000123592,0.006511100000125225,0.00867130000006,0.016751;0.017009;0.016744,0.006511;0.005687;0.006937,0.009077;0.007864;0.008671,,threading,2026-10-03T18:21:49+00:00
W8-00168,W8,n2-standard-8,Windows,2022Server,AMD64,Intel(R) Xeon(R) CPU @ 2.80GHz,intel,8,4,2800,34.4,3.14.6,CPython,1,spawn,2.5.3,big_payload,big_reverse,5,245782,0.0,seconds,big,813,245804,8,4,0,0,0,0,0.0001640152709417191,1.0,0.13621604889152797,0.43809944990776295,0.9577963937021228,0.0,0.07080210000003717,0.0025129999989985663,0.15159440000002178,0.1511189000000286,0.16260459999989507,0.8148225999998431,0.151119;0.149332;0.170875,0.154699;0.162605;0.171866,0.814823,,sequential,2026-10-03T18:21:52+00:00
W8-00169,W8,n2-standard-8,Windows,2022Server,AMD64,Intel(R) Xeon(R) CPU @ 2.80GHz,intel,8,4,2800,34.4,3.14.6,CPython,1,spawn,2.5.3,text,text_regex_findall,6,359,0.0,seconds,normal,6300,381,8,8,1,1,0,0,0.00010198732105805839,1.0,0.04204861708021661,0.044025080453439766,0.9961146112266841,1.2,0.10184849999996004,0.0016289000025153655,0.18251840000016273,0.6433944000000338,0.6510771999999179,0.17551770000000033,0.641183;0.644881;0.643394,0.653301;0.648314;0.651077,0.175518;0.188580;0.175340,,multiprocessing,2026-10-03T18:21:58+00:00
W8-00170,W8,n2-standard-8,Windows,2022Server,AMD64,Intel(R) Xeon(R) CPU @ 2.80GHz,intel,8,4,2800,34.4,3.14.6,CPython,1,spawn,2.5.3,io,io_sleep,923,518,0.3,seconds,normal,2973,541,8,8,0,1,1,0,0.0016326451612683505,0.008463796458572532,0.14940349354005475,0.0028420137501129787,1.8502577122824608,0.0,0.07907620000014504,0.0008467000009204639,0.18251840000016273,4.8362853000001,0.602496199999905,0.5472058000000288,4.836285,0.610329;0.597269;0.602496,0.545728;0.547206;0.547827,,multiprocessing,2026-10-03T18:22:07+00:00
W8-00171,W8,n2-standard-8,Windows,2022Server,AMD64,Intel(R) Xeon(R) CPU @ 2.80GHz,intel,8,4,2800,34.4,3.14.6,CPython,1,spawn,2.5.3,algo_iter,algo_dijkstra,7464,1233397,0.0,ms,big,13,1233420,8,8,2,15,0,0,0.02061719999998483,1.0,0.02350070609693973,0.03751721863295178,0.8841999253052689,0.0,0.13332259999992857,0.0025972000000820117,0.18251840000016273,0.2808899999999994,0.3066658999998708,0.09181909999983873,0.273337;0.280890;0.281710,0.302809;0.306666;0.312445,0.093254;0.091364;0.091819,,multiprocessing,2026-10-03T18:22:10+00:00
W8-00172,W8,n2-standard-8,Windows,2022Server,AMD64,Intel(R) Xeon(R) CPU @ 2.80GHz,intel,8,4,2800,34.4,3.14.6,CPython,1,spawn,2.5.3,db,db_file_commit,4,14714,0.3,seconds,normal,30,14736,8,4,1,0,1,0,0.019210700000106346,0.2436480378541991,0.25421038300395427,0.0007357011107293513,1.3597700916023756,0.0,0.10300080000001799,0.0009922999997797888,0.15159440000002178,0.5769990000001144,0.2054496000000654,0.20320999999989908,0.575204;0.584008;0.576999,0.210482;0.205450;0.200070,0.208444;0.203210;0.198630,,multiprocessing,2026-10-03T18:22:13+00:00
W8-00173,W8,n2-standard-8,Windows,2022Server,AMD64,Intel(R) Xeon(R) CPU @ 2.80GHz,intel,8,4,2800,34.4,3.14.6,CPython,1,spawn,2.5.3,big_payload,big_count_byte,3,123819,0.0,seconds,big,1615,123841,8,2,0,1,0,0,7.435260545489813e-05,1.0,0.034648751326690035,0.2914491004811202,0.9791646027522901,0.0,0.06223509999995258,0.0014112000017121318,0.12989079999988462,0.11998410000001059,0.12209200000006604,0.6680688000001282,0.119824;0.119984;0.120853,0.121551;0.122092;0.122431,0.668069,,sequential,2026-10-03T18:22:16+00:00
W8-00174,W8,n2-standard-8,Windows,2022Server,AMD64,Intel(R) Xeon(R) CPU @ 2.80GHz,intel,8,4,2800,34.4,3.14.6,CPython,1,spawn,2.5.3,gil_release,gil_bz2,6,300000,0.8,ms,big,13,300022,8,8,0,1,0,1,0.001162233333313149,1.0,0.2009729715195024,0.1407921530215093,1.1666292351440355,1.1,0.00736800000004223,0.0007020000000466098,0.18251840000016273,0.015229800000042815,0.004774199999928896,0.00804070000003776,0.015075;0.015441;0.015230,0.004774;0.004863;0.004744,0.007413;0.008216;0.008041,,threading,2026-10-03T18:22:16+00:00
W8-00175,W8,n2-standard-8,Windows,2022Server,AMD64,Intel(R) Xeon(R) CPU @ 2.80GHz,intel,8,4,2800,34.4,3.14.6,CPython,1,spawn,2.5.3,text,text_format_report,68,192,0.3,ms,normal,425,211,8,2,1,2,0,0,9.282641509078119e-05,1.0,0.17678091822190284,0.040451847272186474,0.9437273074504923,0.0,0.02152089999981399,0.0011653000003661873,0.12989079999988462,0.04006810000009864,0.04058009999994283,0.0204497000001993,0.040068;0.039709;0.040298,0.039992;0.041065;0.040580,0.020866;0.020450;0.020178,,multiprocessing,2026-10-03T18:22:17+00:00
W8-00176,W8,n2-standard-8,Windows,2022Server,AMD64,Intel(R) Xeon(R) CPU @ 2.80GHz,intel,8,4,2800,34.4,3.14.6,CPython,1,spawn,2.5.3,big_result,result_matrix_lists,98,1249,0.0,seconds,normal,1800,1271,8,16,2,5,0,0,0.0010646999999927233,1.0,0.11413085652215584,0.29074856766779006,0.9683341010764019,0.0,0.10892089999993004,0.007099500000094849,0.24085330000002614,2.039787899999965,2.081065200000012,0.8993256000001111,2.208406;2.039788;2.032076,2.140070;2.065223;2.081065,0.839323;0.899326;0.932986,,multiprocessing,2026-10-03T18:22:33+00:00
W8-00177,W8,n2-standard-8,Windows,2022Server,AMD64,Intel(R) Xeon(R) CPU @ 2.80GHz,intel,8,4,2800,34.4,3.14.6,CPython,1,spawn,2.5.3,recursive,rec_fib,704,183,0.8,ms,normal,1006,203,8,16,0,4,0,0,5.418685258522586e-05,1.0,0.5276161805573911,0.07953958966402251,0.9025096016991814,0.0,0.03013110000006236,0.0012906000013117591,0.24085330000002614,0.057230399999980364,0.05946999999991931,0.01988589999996293,0.056945;0.057267;0.057230,0.058615;0.059495;0.059470,0.019886;0.021148;0.018891,,multiprocessing,2026-10-03T18:22:34+00:00
W8-00178,W8,n2-standard-8,Windows,2022Server,AMD64,Intel(R) Xeon(R) CPU @ 2.80GHz,intel,8,4,2800,34.4,3.14.6,CPython,1,spawn,2.5.3,algo_iter,algo_edit_distance,90943,45,0.3,ms,normal,8,67,8,2,2,16,0,0,0.017920633333308917,1.0,0.08695506980189495,0.000664039033700814,1.2477813447554416,0.0,0.09457189999989168,0.0002784999999221327,0.12989079999988462,0.12938370000006216,0.13075509999998758,0.06809900000007474,0.130014;0.128973;0.129384,0.131833;0.129101;0.130755,0.068099;0.067876;0.071637,,multiprocessing,2026-10-03T18:22:36+00:00
W8-00179,W8,n2-standard-8,Windows,2022Server,AMD64,Intel(R) Xeon(R) CPU @ 2.80GHz,intel,8,4,2800,34.4,3.14.6,CPython,1,spawn,2.5.3,algo_iter,algo_kmeans,24,139488,0.8,seconds,big,944,139510,8,16,3,15,0,0,0.0006540376623463515,1.0,0.4277973999571625,0.05200006347369463,0.9383156528664107,0.0,0.10616939999999886,0.002377599999363156,0.24085330000002614,0.6114353000000392,0.6228651999999784,0.3311369000000468,0.606178;0.613056;0.611435,0.622865;0.620680;0.632673,0.333977;0.326154;0.331137,,multiprocessing,2026-10-03T18:22:42+00:00
W8-00180,W8,n2-standard-8,Windows,2022Server,AMD64,Intel(R) Xeon(R) CPU @ 2.80GHz,intel,8,4,2800,34.4,3.14.6,CPython,1,spawn,2.5.3,text,text_csv_parse,18,257,0.8,seconds,normal,63,279,8,8,2,3,0,0,0.0026332999999794993,1.0,0.47932685250082147,0.0018329345860415196,0.7708803752787209,0.8,0.0943961999998919,0.0011182000002918357,0.18251840000016273,0.18686779999984537,0.18928589999995893,0.06146119999993971,0.185905;0.186868;0.188585,0.188740;0.189286;0.190993,0.061101;0.061594;0.061461,,multiprocessing,2026-10-03T18:23:15+00:00
W8-00181,W8,n2-standard-8,Windows,2022Server,AMD64,Intel(R) Xeon(R) CPU @ 2.80GHz,intel,8,4,2800,34.4,3.14.6,CPython,1,spawn,2.5.3,db,db_file_commit,3,4523,0.3,seconds,normal,461,4545,8,16,1,0,1,0,0.018508799999987485,0.23759156997370814,0.09994829078950675,0.0006285298514943454,1.6653919371942476,0.0,0.09147710000002007,0.0002734000001964887,0.24085330000002614,6.759000999999898,3.9207410999999865,2.1960039000000506,6.759001;6.603455;6.830232,3.907555;3.920741;3.968463,2.123963;2.480881;2.196004,,multiprocessing,2026-10-03T18:23:54+00:00
W8-00182,W8,n2-standard-8,Windows,2022Server,AMD64,Intel(R) Xeon(R) CPU @ 2.80GHz,intel,8,4,2800,34.4,3.14.6,CPython,1,spawn,2.5.3,io,io_sleep,640,1635556,0.0,seconds,big,122,1635579,8,8,0,1,1,0,0.0014574500000359572,0.010284976979914727,0.023392070357252527,0.582805585083372,1.9707845484746838,14.7,0.08355910000000222,0.017454899998938345,0.18251840000016273,0.17845059999990553,0.023871600000120452,0.4353374999998323,0.178451,0.023872;0.023864;0.023903,0.435337,,threading,2026-10-03T18:23:56+00:00
W8-00183,W8,n2-standard-8,Windows,2022Server,AMD64,Intel(R) Xeon(R) CPU @ 2.80GHz,intel,8,4,2800,34.4,3.14.6,CPython,1,spawn,2.5.3,numpy,np_sort,722124,2244,0.8,seconds,normal,31,2269,8,4,0,3,0,1,0.023855600000009265,1.0,0.4583710767058828,0.0005058211390634341,0.7859731196623923,18.3,0.19015790000003108,0.0009363000001485489,0.15159440000002178,0.9197034000001167,0.2946606000000429,0.365885199999866,0.985022;0.903453;0.919703,0.293367;0.299452;0.294661,0.365885;0.485059;0.336684,,threading,2026-10-03T18:24:02+00:00
W8-00184,W8,n2-standard-8,Windows,2022Server,AMD64,Intel(R) Xeon(R) CPU @ 2.80GHz,intel,8,4,2800,34.4,3.14.6,CPython,1,spawn,2.5.3,big_payload,big_count_byte,30,268315,0.3,ms,big,530,268337,8,4,0,1,0,0,0.00016089166667205228,1.0,0.019297225359892083,0.2793494586067753,0.9680744115866097,0.4,0.0447610999999597,0.0014492999991944089,0.15159440000002178,0.08533890000012434,0.08823250000000371,0.42781719999993584,0.084968;0.085884;0.085339,0.088442;0.088233;0.086882,0.427817,,sequential,2026-10-03T18:24:04+00:00
W8-00185,W8,n2-standard-8,Windows,2022Server,AMD64,Intel(R) Xeon(R) CPU @ 2.80GHz,intel,8,4,2800,34.4,3.14.6,CPython,1,spawn,2.5.3,algo_rec,algo_merge_sort,1790,185,0.3,ms,normal,8,205,8,2,1,10,0,0,0.0032108666667530392,1.0,0.20990258692623823,0.03742499428324428,1.0191642561031862,2.3,0.020943100000067716,0.0017115999999077758,0.12989079999988462,0.024138999999877342,0.025051599999869723,0.0144050999999763,0.024260;0.023995;0.024139,0.025363;0.025052;0.024827,0.014405;0.014373;0.027014,,multiprocessing,2026-10-03T18:24:05+00:00
W8-00186,W8,n2-standard-8,Windows,2022Server,AMD64,Intel(R) Xeon(R) CPU @ 2.80GHz,intel,8,4,2800,34.4,3.14.6,CPython,1,spawn,2.5.3,big_payload,big_count_byte,132,253439,0.3,ms,big,72,253461,8,16,0,1,0,0,0.00015292222221635003,1.0,0.022772524512987485,0.3400421422032359,0.7977036968210373,2.3,0.007476600000018152,0.0012138000001868932,0.24085330000002614,0.011054999999942083,0.012051999999812324,0.023280500000055326,0.011055;0.011173;0.010999,0.012091;0.011888;0.012052,0.023281;0.022621;0.024231,,sequential,2026-10-03T18:24:05+00:00
W8-00187,W8,n2-standard-8,Windows,2022Server,AMD64,Intel(R) Xeon(R) CPU @ 2.80GHz,intel,8,4,2800,34.4,3.14.6,CPython,1,spawn,2.5.3,io,io_file_roundtrip,1,1434,0.8,seconds,normal,1132,1456,8,8,1,0,1,0,0.007624057142915522,0.10545975198021644,0.24595941513881323,0.0009275151617598162,1.6583558035093067,1.2,0.08415330000002541,0.0010838999994575715,0.18251840000016273,7.712562799999887,0.8505704000001515,0.851188699999966,7.712563,0.854648;0.837407;0.850570,0.851189;0.857571;0.824708,,threading,2026-10-03T18:24:19+00:00
W8-00188,W8,n2-standard-8,Windows,2022Server,AMD64,Intel(R) Xeon(R) CPU @ 2.80GHz,intel,8,4,2800,34.4,3.14.6,CPython,1,spawn,2.5.3,big_result,result_sorted_pairs,110,105,0.0,seconds,normal,93997,124,8,16,1,4,0,0,3.157610223575022e-05,1.0,0.48832292148277895,0.9008394959094362,0.936779568617017,0.0,0.10727509999992435,0.004298700000845201,0.24085330000002614,3.974828600000137,3.988415600000053,2.423426500000005,3.974829;3.870122;4.014055,3.988416;4.103987;3.974864,2.381842;2.423427;2.433297,,multiprocessing,2026-10-03T18:24:51+00:00
W8-00189,W8,n2-standard-8,Windows,2022Server,AMD64,Intel(R) Xeon(R) CPU @ 2.80GHz,intel,8,4,2800,34.4,3.14.6,CPython,1,spawn,2.5.3,tiny,tiny_small_loop,184,340,0.3,seconds,normal,200000,362,8,16,0,0,0,0,1.1529500000051484e-06,1.0,0.2627501438526608,3.4953814247638393,0.243913588601341,3.5,0.016446400000177164,0.003731700000116689,0.24085330000002614,0.22062439999990602,0.23696719999998095,0.171166299999868,0.221277;0.219048;0.220624,0.239405;0.235396;0.236967,0.175492;0.170648;0.171166,,multiprocessing,2026-10-03T18:24:53+00:00
W8-00190,W8,n2-standard-8,Windows,2022Server,AMD64,Intel(R) Xeon(R) CPU @ 2.80GHz,intel,8,4,2800,34.4,3.14.6,CPython,1,spawn,2.5.3,gil_release,gil_numpy_matmul,221,2306,0.3,ms,normal,168,2328.15,8,2,0,2,0,1,0.000598040476179882,1.0,0.547910305194356,0.009447521018598509,1.6049907342728336,0.0,0.042129700000032244,0.0013511000004200469,0.12989079999988462,0.0944253000000117,0.05284579999988637,0.0868394999999964,0.094280;0.100738;0.094425,0.052846;0.052291;0.062710,0.141544;0.086839;0.078906,,threading,2026-10-03T18:24:55+00:00
W8-00191,W8,n2-standard-8,Windows,2022Server,AMD64,Intel(R) Xeon(R) CPU @ 2.80GHz,intel,8,4,2800,34.4,3.14.6,CPython,1,spawn,2.5.3,big_payload,big_count_byte,5,425294,0.8,ms,big,113,425316,8,16,0,1,0,0,0.00026506785713666304,1.0,0.07311564044750471,0.3510044598314482,0.9187909748705217,1.2,0.017753300000094896,0.0022033000002465997,0.24085330000002614,0.028786500000023807,0.029941100000087317,0.052069000000074084,0.028742;0.028787;0.030258,0.030759;0.029815;0.029941,0.053212;0.051074;0.052069,,sequential,2026-10-03T18:24:56+00:00
W8-00192,W8,n2-standard-8,Windows,2022Server,AMD64,Intel(R) Xeon(R) CPU @ 2.80GHz,intel,8,4,2800,34.4,3.14.6,CPython,1,spawn,2.5.3,db,db_file_commit,2,1423,0.8,ms,normal,8,1445,8,4,1,0,1,0,0.007510600000083893,0.265640775550946,0.2952080443377913,0.002001615498047085,0.7446567557622992,1.9,0.054451500000141095,0.00028999999972256774,0.15159440000002178,0.06937179999999898,0.028403300000036324,0.029340399999910005,0.069601;0.069372;0.068484,0.028010;0.028740;0.028403,0.029340;0.029958;0.028293,,threading,2026-10-03T18:24:57+00:00
W8-00193,W8,n2-standard-8,Windows,2022Server,AMD64,Intel(R) Xeon(R) CPU @ 2.80GHz,intel,8,4,2800,34.4,3.14.6,CPython,1,spawn,2.5.3,numpy,np_elementwise,327349,9768,0.8,ms,normal,9,9793,8,8,0,4,0,0,0.010862599999957942,1.0,0.19119379911829426,0.0017552581066734717,0.8148922507331632,0.0,0.07349659999999858,0.0009760000000369473,0.18251840000016273,0.12461770000004435,0.03948579999996582,0.03453520000016397,0.123212;0.124618;0.124975,0.039334;0.039486;0.040385,0.135725;0.034535;0.033503,,multiprocessing,2026-10-03T18:24:58+00:00
W8-00194,W8,n2-standard-8,Windows,2022Server,AMD64,Intel(R) Xeon(R) CPU @ 2.80GHz,intel,8,4,2800,34.4,3.14.6,CPython,1,spawn,2.5.3,cpu,cpu_count_primes,9795,29,0.8,ms,normal,8,49,8,2,2,4,0,0,0.002675900000061423,1.0,0.4303545179642518,0.0038616291135328655,0.5060007186588706,3.5,0.028368000000000393,0.0008000999996511382,0.12989079999988462,0.04061219999994137,0.041888400000061665,0.023535600000059276,0.040612;0.040913;0.040535,0.041510;0.041888;0.042335,0.023631;0.023536;0.023527,,multiprocessing,2026-10-03T18:24:59+00:00
W8-00195,W8,n2-standard-8,Windows,2022Server,AMD64,Intel(R) Xeon(R) CPU @ 2.80GHz,intel,8,4,2800,34.4,3.14.6,CPython,1,spawn,2.5.3,numpy,np_linalg_solve,106,141125,0.0,seconds,big,1417,141147,8,2,0,3,0,1,0.000978223076917682,1.0,0.055426978592323546,0.033412624107553204,1.52955482502345,0.0,0.08587450000004537,0.0017692000003535213,0.12989079999988462,1.3798264999998082,0.9375181999998858,1.0347105000000738,1.339531;1.379826;1.423054,0.944044;0.937518;0.903155,1.034711;1.004497;1.076727,,threading,2026-10-03T18:25:10+00:00
W8-00196,W8,n2-standard-8,Windows,2022Server,AMD64,Intel(R) Xeon(R) CPU @ 2.80GHz,intel,8,4,2800,34.4,3.14.6,CPython,1,spawn,2.5.3,db,db_file_commit,5,241,0.8,ms,normal,8,260,8,4,1,0,1,0,0.016601733333345692,0.25052946188947445,0.22323449609239807,0.0006164014961773384,1.1996140116267808,0.0,0.0897735000000921,0.0002664999999524298,0.15159440000002178,0.1388601999999537,0.06263330000001588,0.06267580000007911,0.139873;0.136725;0.138860,0.065165;0.062633;0.062430,0.061514;0.062999;0.062676,,threading,2026-10-03T18:25:12+00:00
W8-00197,W8,n2-standard-8,Windows,2022Server,AMD64,Intel(R) Xeon(R) CPU @ 2.80GHz,intel,8,4,2800,34.4,3.14.6,CPython,1,spawn,2.5.3,big_payload,big_checksum_head,2895,103225,0.8,ms,big,90,103248,8,2,1,1,0,0,7.06363636337218e-05,1.0,0.45720770937697175,0.29552767095945076,0.6208754129622733,0.0,0.005149699999947188,0.0011011999999936961,0.12989079999988462,0.006531400000085341,0.006689599999845086,0.016704699999991135,0.006531;0.006618;0.006481,0.006646;0.006908;0.006690,0.017831;0.016555;0.016705,,sequential,2026-10-03T18:25:12+00:00
W8-00198,W8,n2-standard-8,Windows,2022Server,AMD64,Intel(R) Xeon(R) CPU @ 2.80GHz,intel,8,4,2800,34.4,3.14.6,CPython,1,spawn,2.5.3,io,io_sleep,1593,373,0.0,seconds,normal,374,396,8,4,0,1,1,0,0.002432433333340322,0.007870782289337687,0.012594179411222936,0.0019363326005290538,1.8936118413061604,0.0,0.07862810000005993,0.00042329999996582046,0.15159440000002178,0.9133565999998154,0.23477539999998953,0.23482620000004317,0.913387;0.912844;0.913357,0.234748;0.234857;0.234775,0.234663;0.235135;0.234826,,threading,2026-10-03T18:25:17+00:00
W8-00199,W8,n2-standard-8,Windows,2022Server,AMD64,Intel(R) Xeon(R) CPU @ 2.80GHz,intel,8,4,2800,34.4,3.14.6,CPython,1,spawn,2.5.3,io,io_sleep,17671,131,0.8,ms,normal,8,151,8,4,0,1,1,0,0.022241733333354812,0.0019396112417330714,0.4494425392773773,0.0005380276126129174,1.2889269891307356,0.0,0.10851499999989755,0.0002818000000388565,0.15159440000002178,0.1540324000000055,0.05016760000012255,0.05082569999990483,0.154032;0.154621;0.153279,0.049766;0.050168;0.050426,0.050953;0.050815;0.050826,,threading,2026-10-03T18:25:18+00:00
W8-00200,W8,n2-standard-8,Windows,2022Server,AMD64,Intel(R) Xeon(R) CPU @ 2.80GHz,intel,8,4,2800,34.4,3.14.6,CPython,1,spawn,2.5.3,recursive,rec_nqueens,55,363,0.3,ms,normal,8,385,8,2,1,10,0,0,0.009287599999955395,1.0,0.11898436048936464,0.0011018275272031363,1.2721098180610975,0.0,0.05284520000009252,0.0011902000001100532,0.12989079999988462,0.0664617999998427,0.06864900000005036,0.036892099999931816,0.064917;0.066462;0.067623,0.068649;0.069222;0.068529,0.035659;0.036892;0.037708,,multiprocessing,2026-10-03T18:25:20+00:00
W8-00201,W8,n2-standard-8,Windows,2022Server,AMD64,Intel(R) Xeon(R) CPU @ 2.80GHz,intel,8,4,2800,34.4,3.14.6,CPython,1,spawn,2.5.3,algo_iter,algo_kmeans,41,54,0.0,ms,normal,66,73,8,2,3,15,0,0,0.0011221437500097409,1.0,0.023570449078612152,0.005419314561069196,0.9310878401409656,0.0,0.03767540000012559,0.0003698999998960062,0.12989079999988462,0.07237469999995483,0.07527669999990394,0.04036040000005414,0.072375;0.073244;0.072054,0.075660;0.075277;0.074616,0.040489;0.040204;0.040360,,multiprocessing,2026-10-03T18:25:21+00:00
W8-00202,W8,n2-standard-8,Windows,2022Server,AMD64,Intel(R) Xeon(R) CPU @ 2.80GHz,intel,8,4,2800,34.4,3.14.6,CPython,1,spawn,2.5.3,gil_release,gil_zlib,3,10721,0.3,ms,normal,12,10743,8,8,1,1,0,1,0.0007544666667248142,1.0,0.1757856192807024,0.01745162163507049,0.8433670865939764,0.0,0.004886400000032154,0.00021879999985685572,0.18251840000016273,0.009049199999935809,0.002657700000099794,0.0024157000000286644,0.009046;0.009049;0.009121,0.002666;0.002638;0.002658,0.002869;0.002372;0.002416,,multiprocessing,2026-10-03T18:25:21+00:00
W8-00203,W8,n2-standard-8,Windows,2022Server,AMD64,Intel(R) Xeon(R) CPU @ 2.80GHz,intel,8,4,2800,34.4,3.14.6,CPython,1,spawn,2.5.3,algo_rec,algo_lcs_memo,8,25,0.3,seconds,normal,12,44,8,4,1,10,0,0,0.020034166666619058,1.0,0.18377123095019923,0.0004875005170130375,0.9617057062971959,0.0,0.12213210000004437,0.0013219000002209214,0.15159440000002178,0.2315529999998489,0.23928699999987657,0.08632460000012543,0.230477;0.232070;0.231553,0.239287;0.237753;0.240771,0.066865;0.088735;0.086325,,multiprocessing,2026-10-03T18:25:24+00:00
W8-00204,W8,n2-standard-8,Windows,2022Server,AMD64,Intel(R) Xeon(R) CPU @ 2.80GHz,intel,8,4,2800,34.4,3.14.6,CPython,1,spawn,2.5.3,algo_iter,algo_dijkstra,245,173438,0.0,ms,big,34,173460,8,4,2,15,0,0,0.0005220249999808857,1.0,0.05178120143918313,0.08500550737812308,0.8560920857078096,0.0,0.009649399999943853,0.0006165000002056331,0.15159440000002178,0.01722369999993134,0.018006700000114506,0.010491300000012416,0.017369;0.017224;0.017161,0.018159;0.017743;0.018007,0.010491;0.010661;0.009680,,multiprocessing,2026-10-03T18:25:24+00:00
W8-00205,W8,n2-standard-8,Windows,2022Server,AMD64,Intel(R) Xeon(R) CPU @ 2.80GHz,intel,8,4,2800,34.4,3.14.6,CPython,1,spawn,2.5.3,text,text_format_report,139,211,0.8,seconds,normal,10700,230,8,16,1,2,0,0,0.00018855886791895482,1.0,0.4799848031066005,0.020921848216537434,0.9146737180780714,0.0,0.10540639999999257,0.0007876000013311568,0.24085330000002614,2.0599186000001737,2.0560299999999643,0.5198496999998952,2.059365;2.059919;2.061175,2.057274;2.056030;2.050263,0.519850;0.521484;0.518609,,multiprocessing,2026-10-03T18:25:39+00:00
W8-00206,W8,n2-standard-8,Windows,2022Server,AMD64,Intel(R) Xeon(R) CPU @ 2.80GHz,intel,8,4,2800,34.4,3.14.6,CPython,1,spawn,2.5.3,cpu,cpu_sum_squares,125434,31,0.3,ms,normal,15,53,8,4,1,2,0,0,0.007388166666714824,1.0,0.15474459304536697,0.001425703256516602,0.952894618011183,0.0,0.048124899999947957,0.0006605999999464984,0.15159440000002178,0.11261630000012701,0.11598099999991973,0.043751299999939874,0.112650;0.112616;0.111746,0.115981;0.116127;0.113883,0.031078;0.043751;0.069812,,multiprocessing,2026-10-03T18:25:40+00:00
W8-00207,W8,n2-standard-8,Windows,2022Server,AMD64,Intel(R) Xeon(R) CPU @ 2.80GHz,intel,8,4,2800,34.4,3.14.6,CPython,1,spawn,2.5.3,recursive,rec_tree_sum,1511,1422,0.8,seconds,normal,680,1445,8,8,0,4,0,0,0.0005586736263737023,1.0,0.5933725813819188,0.008430682657210893,1.1038824880679925,0.0,0.09865589999981239,0.0012600000000020373,0.18251840000016273,0.36671270000010736,0.3880447000001368,0.10827459999995881,0.362056;0.367391;0.366713,0.408507;0.388045;0.383759,0.111913;0.108275;0.105946,,multiprocessing,2026-10-03T18:25:43+00:00
W8-00208,W8,n2-standard-8,Windows,2022Server,AMD64,Intel(R) Xeon(R) CPU @ 2.80GHz,intel,8,4,2800,34.4,3.14.6,CPython,1,spawn,2.5.3,cpu,cpu_count_primes,317,148,0.0,seconds,normal,4925,168,8,16,2,4,0,0,6.11558968054451e-05,1.0,0.02243949008906313,0.07309188882529545,0.9545168633433038,0.0,0.10389919999988706,0.001529600000139908,0.24085330000002614,0.3008078000000296,0.3071201000000201,0.09193209999989449,0.300592;0.301888;0.300808,0.307120;0.307885;0.305883,0.091808;0.091932;0.092374,,multiprocessing,2026-10-03T18:25:46+00:00
W8-00209,W8,n2-standard-8,Windows,2022Server,AMD64,Intel(R) Xeon(R) CPU @ 2.80GHz,intel,8,4,2800,34.4,3.14.6,CPython,1,spawn,2.5.3,text,text_csv_parse,3,815,0.0,ms,normal,28,837,8,4,2,3,0,0,0.0019200714286528506,1.0,0.03262596407210049,0.002812395353134159,0.9087658892600311,0.0,0.028395099999897866,0.0002556999993430509,0.15159440000002178,0.0538299999998344,0.055484099999830505,0.01662839999994503,0.053037;0.054332;0.053830,0.055484;0.056002;0.054449,0.016628;0.020335;0.016089,,multiprocessing,2026-10-03T18:25:47+00:00
W8-00210,W8,n2-standard-8,Windows,2022Server,AMD64,Intel(R) Xeon(R) CPU @ 2.80GHz,intel,8,4,2800,34.4,3.14.6,CPython,1,spawn,2.5.3,big_result,result_sorted_pairs,1766,308320,0.3,seconds,big,648,308343,8,8,1,4,0,0,0.0007594272727381009,0.9996443157297717,0.875136903758275,0.656047021067462,1.0908184206620812,0.0,0.10644219999994675,0.010421299999279654,0.18251840000016273,0.48210249999988264,0.5032267999999931,0.6529975999999351,0.486136;0.477759;0.482102,0.489879;0.511653;0.503227,0.660981;0.652998;0.651660,,sequential,2026-10-03T18:25:53+00:00
W8-00211,W8,n2-standard-8,Windows,2022Server,AMD64,Intel(R) Xeon(R) CPU @ 2.80GHz,intel,8,4,2800,34.4,3.14.6,CPython,1,spawn,2.5.3,text,text_regex_findall,41,206,0.3,seconds,normal,1789,225,8,8,1,1,0,0,0.000385310000001482,1.0,0.18173238934360644,0.010160649960145563,0.9826000725283116,0.0,0.10163310000007186,0.0005754999999680876,0.18251840000016273,0.6846715000001495,0.6905624000000898,0.19302910000010343,0.686900;0.680827;0.684672,0.689538;0.690603;0.690562,0.195643;0.193029;0.192153,,multiprocessing,2026-10-03T18:25:58+00:00
W8-00212,W8,n2-standard-8,Windows,2022Server,AMD64,Intel(R) Xeon(R) CPU @ 2.80GHz,intel,8,4,2800,34.4,3.14.6,CPython,1,spawn,2.5.3,big_result,result_long_string,269,334238,0.3,ms,big,14,334260,8,2,1,1,0,0,0.002064799999971001,1.0,0.10609485818939725,0.06807761846819037,0.7909058336189951,5.5,0.015023800000108167,0.0012277000000722182,0.12989079999988462,0.03241600000001199,0.032994299999927534,0.02198709999993298,0.032203;0.032645;0.032416,0.032994;0.033295;0.032816,0.022934;0.021987;0.021537,,multiprocessing,2026-10-03T18:25:59+00:00
W8-00213,W8,n2-standard-8,Windows,2022Server,AMD64,Intel(R) Xeon(R) CPU @ 2.80GHz,intel,8,4,2800,34.4,3.14.6,CPython,1,spawn,2.5.3,big_payload,big_upper_copy,2,1383034,0.0,seconds,big,144,1383056,8,4,0,0,0,0,0.0007780388888944697,1.0,0.02726140187665774,2.180250915743697,0.9541112653491828,14.7,0.09215900000003785,0.034759299999905124,0.15159440000002178,0.11907320000000254,0.12044609999998102,0.7257599999998092,0.118779;0.119073;0.121388,0.120383;0.120446;0.129162,0.725760,,sequential,2026-10-03T18:26:02+00:00
W8-00214,W8,n2-standard-8,Windows,2022Server,AMD64,Intel(R) Xeon(R) CPU @ 2.80GHz,intel,8,4,2800,34.4,3.14.6,CPython,1,spawn,2.5.3,mixed,mixed_compute_then_sleep,90463,32,0.0,ms,normal,22,54,8,4,1,3,1,0,0.006214679999948203,0.6249637051883201,0.03305464380070694,0.0013773838814410307,1.3670283300420194,18.6,0.05470040000000154,0.0007879000002048997,0.15159440000002178,0.13857439999992494,0.09373230000005606,0.04342270000006465,0.137818;0.138574;0.139010,0.093732;0.093179;0.096296,0.046033;0.043423;0.042655,,multiprocessing,2026-10-03T18:26:03+00:00
W8-00215,W8,n2-standard-8,Windows,2022Server,AMD64,Intel(R) Xeon(R) CPU @ 2.80GHz,intel,8,4,2800,34.4,3.14.6,CPython,1,spawn,2.5.3,cpu,cpu_matmul_lists,11,487287,0.8,seconds,big,410,487309,8,4,3,5,0,0,0.00011767745096828246,1.0,1.0157761061645902,0.7633577994249052,0.8344955367774987,12.9,0.029478400000016336,0.003040200001123594,0.15159440000002178,0.052489499999865075,0.05477300000006835,0.5814450000000306,0.052489;0.053028;0.052180,0.060021;0.054383;0.054773,0.581445,,sequential,2026-10-03T18:26:05+00:00
W8-00216,W8,n2-standard-8,Windows,2022Server,AMD64,Intel(R) Xeon(R) CPU @ 2.80GHz,intel,8,4,2800,34.4,3.14.6,CPython,1,spawn,2.5.3,algo_rec,algo_flood_fill,38,21,0.3,seconds,normal,1610,40,8,2,3,10,0,0,0.012662250000005315,1.0,0.2732767437410821,0.000693004799791386,1.2103262125334726,8.0,0.08869939999999588,0.0014885000000504078,0.12989079999988462,17.53467939999996,18.090610699999843,9.189812599999868,17.654479;17.491712;17.534679,18.045316;18.090611;18.150369,9.189813;9.203512;8.882145,,multiprocessing,2026-10-03T18:28:20+00:00
W8-00217,W8,n2-standard-8,Windows,2022Server,AMD64,Intel(R) Xeon(R) CPU @ 2.80GHz,intel,8,4,2800,34.4,3.14.6,CPython,1,spawn,2.5.3,big_payload,big_checksum_head,274,521485,0.0,seconds,big,383,521508,8,8,1,1,0,0,7.281052646584086e-06,1.0,0.0642742804632749,15.297925373115154,0.494843198711997,0.0,0.004849900000181151,0.002656299998761824,0.18251840000016273,0.0026883999998972286,0.003225500000098691,0.5106226000000333,0.002728;0.002688;0.002661,0.003624;0.003183;0.003226,0.510623,,sequential,2026-10-03T18:28:22+00:00
W8-00218,W8,n2-standard-8,Windows,2022Server,AMD64,Intel(R) Xeon(R) CPU @ 2.80GHz,intel,8,4,2800,34.4,3.14.6,CPython,1,spawn,2.5.3,tiny,tiny_add,2,1172955,0.3,ms,big,170,1172977,8,2,0,1,0,0,4.142856964574007e-07,1.0,0.46986052988435395,1943.0431870232453,0.023764671853552213,0.0,0.017705900000009933,0.016916800000899457,0.12989079999988462,4.16000000313943e-05,0.0005480999998326297,0.5197310000000925,0.000055;0.000042;0.000013,0.000548,0.519731,,sequential,2026-10-03T18:28:24+00:00
W8-00219,W8,n2-standard-8,Windows,2022Server,AMD64,Intel(R) Xeon(R) CPU @ 2.80GHz,intel,8,4,2800,34.4,3.14.6,CPython,1,spawn,2.5.3,mixed,mixed_json_roundtrip,18,4780,0.8,ms,normal,117,4802,8,4,1,1,1,0,0.0007966758620929388,0.6066725192351228,0.6999360521276223,0.00678444046494299,1.1851465792782163,0.0,0.044229200000017954,0.0011160999993080623,0.15159440000002178,0.10464969999998175,0.06707510000001093,0.034186899999895104,0.095040;0.105612;0.104650,0.067075;0.067672;0.066883,0.035334;0.034187;0.034125,,multiprocessing,2026-10-03T18:28:25+00:00
W8-00220,W8,n2-standard-8,Windows,2022Server,AMD64,Intel(R) Xeon(R) CPU @ 2.80GHz,intel,8,4,2800,34.4,3.14.6,CPython,1,spawn,2.5.3,algo_iter,algo_edit_distance,2558,265,0.0,seconds,normal,11363,288,8,8,2,16,0,0,0.0004125495867908683,1.0,0.009866045724502977,0.009732163485532441,0.9538793015927449,0.0,0.10297510000009424,0.0005977999983315385,0.18251840000016273,4.760154199999988,4.786619500000143,1.331259300000056,4.766815;4.759798;4.760154,4.784194;4.789340;4.786620,1.331259;1.328824;1.333387,,multiprocessing,2026-10-03T18:28:58+00:00
W8-00221,W8,n2-standard-8,Windows,2022Server,AMD64,Intel(R) Xeon(R) CPU @ 2.80GHz,intel,8,4,2800,34.4,3.14.6,CPython,1,spawn,2.5.3,text,text_format_report,89,1345427,0.8,ms,big,75,1345449,8,2,1,2,0,0,0.0001311055555611852,1.0,0.3790990758718865,6.4545955333896625,0.7486454062147136,0.0,0.021192700000028708,0.015611799999987852,0.12989079999988462,0.010210099999994782,0.010916500000121232,0.2365413999998509,0.010155;0.010210;0.010210,0.010939;0.010668;0.010917,0.236541,,sequential,2026-10-03T18:28:59+00:00
W8-00222,W8,n2-standard-8,Windows,2022Server,AMD64,Intel(R) Xeon(R) CPU @ 2.80GHz,intel,8,4,2800,34.4,3.14.6,CPython,1,spawn,2.5.3,algo_rec,algo_sudoku,3,1128,0.3,ms,normal,42,1150,8,16,3,28,0,0,0.001623630000040066,1.0,0.593136911827593,0.00319654108482088,0.7760624599469138,1.1,0.039670099999966624,0.0020938999996360508,0.24085330000002614,0.07808590000013282,0.07957550000014635,0.028431499999896914,0.077176;0.078086;0.078108,0.079424;0.079796;0.079576,0.027756;0.028431;0.028562,,multiprocessing,2026-10-03T18:29:00+00:00
W8-00223,W8,n2-standard-8,Windows,2022Server,AMD64,Intel(R) Xeon(R) CPU @ 2.80GHz,intel,8,4,2800,34.4,3.14.6,CPython,1,spawn,2.5.3,numpy,np_linalg_solve,189,6948,0.3,ms,normal,38,6970,8,4,0,3,0,1,0.0009492777777621894,1.0,0.4266546719889414,0.011224907867032343,0.9423147408560856,0.0,0.018166800000017247,0.0003960999999890191,0.15159440000002178,0.019861699999864868,0.027392400000053385,0.014434299999948053,0.019589;0.019862;0.020166,0.027769;0.027233;0.027392,0.015732;0.014434;0.014279,,multiprocessing,2026-10-03T18:29:01+00:00
W8-00224,W8,n2-standard-8,Windows,2022Server,AMD64,Intel(R) Xeon(R) CPU @ 2.80GHz,intel,8,4,2800,34.4,3.14.6,CPython,1,spawn,2.5.3,mixed,mixed_hash_then_write,504,6401,0.0,seconds,normal,20501,6424,8,8,1,3,1,0,0.00020459221311329366,0.9831616877870887,0.1268250597612457,0.029815406532400387,1.1295856622105094,0.4,0.09583640000005289,0.0017311000003701338,0.18251840000016273,4.25724839999998,3.8174472000000605,3.8275215999999546,4.296885;4.257248;4.154860,3.817447;3.703310;3.834557,3.745688;3.827522;3.848393,,threading,2026-10-03T18:29:38+00:00
W8-00225,W8,n2-standard-8,Windows,2022Server,AMD64,Intel(R) Xeon(R) CPU @ 2.80GHz,intel,8,4,2800,34.4,3.14.6,CPython,1,spawn,2.5.3,db,db_file_lookup,34,745,0.0,seconds,normal,399,767,8,2,1,5,1,0,0.0010996499999998339,1.0,0.04887062941862059,0.003501114018160923,0.8489030181731474,0.0,0.1113839999998163,0.0015397999998185696,0.12989079999988462,0.43400500000007014,0.27856969999993453,0.24597399999993286,0.441934;0.434005;0.426281,0.302193;0.270283;0.278570,0.272719;0.245974;0.242903,,multiprocessing,2026-10-03T18:29:41+00:00
W8-00226,W8,n2-standard-8,Windows,2022Server,AMD64,Intel(R) Xeon(R) CPU @ 2.80GHz,intel,8,4,2800,34.4,3.14.6,CPython,1,spawn,2.5.3,io,io_sleep,4635,217547,0.0,seconds,big,296,217570,8,16,0,1,1,0,0.005354700000020784,0.0026085689433542375,0.0082776279781702,0.012755149676935564,1.9831980722751412,0.0,0.08163940000008552,0.0009509999997590057,0.24085330000002614,1.5895758999999998,0.10811030000013488,0.12851920000002792,1.589576,0.108153;0.108110;0.107860,0.128519;0.129617;0.128232,,threading,2026-10-03T18:29:44+00:00
W8-00227,W8,n2-standard-8,Windows,2022Server,AMD64,Intel(R) Xeon(R) CPU @ 2.80GHz,intel,8,4,2800,34.4,3.14.6,CPython,1,spawn,2.5.3,algo_rec,algo_merge_sort,76,1885,0.3,ms,normal,1809,1907,8,2,1,10,0,0,9.865929203078447e-05,1.0,0.19589046206524485,0.113775395712877,0.9640441504289018,1.1,0.0923552000001564,0.001217700002143829,0.12989079999988462,0.18072010000014416,0.18677729999990333,0.10240229999999428,0.181719;0.180382;0.180720,0.186777;0.187477;0.186262,0.100165;0.102402;0.103959,,multiprocessing,2026-10-03T18:29:46+00:00
W8-00228,W8,n2-standard-8,Windows,2022Server,AMD64,Intel(R) Xeon(R) CPU @ 2.80GHz,intel,8,4,2800,34.4,3.14.6,CPython,1,spawn,2.5.3,big_result,result_long_string,1675,45,0.8,seconds,normal,3407,65,8,16,1,1,0,0,0.00033078543046729657,1.0,0.4550912481098147,0.03908878327661455,1.0118922767090286,0.0,0.10020959999997103,0.0008517999992818659,0.24085330000002614,1.1486027000000831,1.1801212000000305,0.44369890000007217,1.148603;1.150836;1.146444,1.227690;1.180121;1.178834,0.443699;0.433339;0.446180,,multiprocessing,2026-10-03T18:29:55+00:00
W8-00229,W8,n2-standard-8,Windows,2022Server,AMD64,Intel(R) Xeon(R) CPU @ 2.80GHz,intel,8,4,2800,34.4,3.14.6,CPython,1,spawn,2.5.3,text,text_split_count,6,194,0.3,seconds,normal,34082,213,8,2,1,1,0,0,7.13306590251186e-05,1.0,0.14959328405152914,0.05411417802547173,0.9886854036439924,0.0,0.10192940000001727,0.0014329000005091075,0.12989079999988462,2.4142855000000054,2.4781840000000557,1.210979400000042,2.405857;2.418811;2.414286,2.477690;2.478184;2.480846,1.259265;1.210979;1.199830,,multiprocessing,2026-10-03T18:30:14+00:00
W8-00230,W8,n2-standard-8,Windows,2022Server,AMD64,Intel(R) Xeon(R) CPU @ 2.80GHz,intel,8,4,2800,34.4,3.14.6,CPython,1,spawn,2.5.3,text,text_split_count,2,3647,0.8,seconds,normal,6856,3669,8,8,1,1,0,0,0.0005809104651038873,1.0,0.2782266751922772,0.007789496435208404,0.9389342786486538,12.1,0.10343960000000152,0.0005925000009483483,0.18251840000016273,3.9954807000001438,4.099614900000006,1.0829780999999912,4.029800;3.995481;3.992296,4.136654;4.094754;4.099615,1.113309;1.072963;1.082978,,multiprocessing,2026-10-03T18:30:43+00:00
W8-00231,W8,n2-standard-8,Windows,2022Server,AMD64,Intel(R) Xeon(R) CPU @ 2.80GHz,intel,8,4,2800,34.4,3.14.6,CPython,1,spawn,2.5.3,tiny,tiny_dict_lookup,101,288,0.0,seconds,normal,200000,310,8,8,0,1,0,0,3.1265000484381745e-07,1.0,0.5934421520186224,15.112745564229286,0.48756376439402904,0.0,0.006270299999869167,0.00341529999013801,0.18251840000016273,0.0515639000000192,0.06143969999993715,0.18091019999997116,0.051564;0.052333;0.049549,0.061440;0.060887;0.061830,0.184270;0.180910;0.180206,,sequential,2026-10-03T18:30:44+00:00
W8-00232,W8,n2-standard-8,Windows,2022Server,AMD64,Intel(R) Xeon(R) CPU @ 2.80GHz,intel,8,4,2800,34.4,3.14.6,CPython,1,spawn,2.5.3,gil_release,gil_numpy_matmul,91,5676,0.0,ms,normal,1643,5698,8,2,0,2,0,1,5.686341463754105e-05,1.0,0.1518816539017916,0.12231062886048895,1.704258335811999,1.1,0.03840109999987362,0.0012458999983664398,0.12989079999988462,0.09277650000012727,0.05650689999993119,0.05687639999996463,0.092777;0.092953;0.092536,0.056516;0.056257;0.056507,0.058576;0.056526;0.056876,,threading,2026-10-03T18:30:45+00:00
W8-00233,W8,n2-standard-8,Windows,2022Server,AMD64,Intel(R) Xeon(R) CPU @ 2.80GHz,intel,8,4,2800,34.4,3.14.6,CPython,1,spawn,2.5.3,io,io_file_roundtrip,3,155897,0.8,seconds,big,128,155919,8,4,1,0,1,0,0.030009700000012646,0.0983428077336163,0.3797253073447707,0.0010018982768767446,1.6805274337899014,0.0,0.1346913999998378,0.0003330999998070183,0.15159440000002178,3.047965700000077,1.1061640000000352,1.1306337999999414,3.276006;3.047966;2.963618,1.122128;1.106164;1.099303,1.157522;1.130634;1.120282,,threading,2026-10-03T18:31:02+00:00
W8-00234,W8,n2-standard-8,Windows,2022Server,AMD64,Intel(R) Xeon(R) CPU @ 2.80GHz,intel,8,4,2800,34.4,3.14.6,CPython,1,spawn,2.5.3,text,text_split_count,8,172449,0.3,seconds,big,54,172471,8,4,1,1,0,0,0.09447203333343168,0.9996430371603584,0.14232857902732285,0.0004346965467440631,0.8238682101113362,0.0,0.6542945000001055,0.0003689000000122178,0.15159440000002178,5.9107137999999395,6.838298699999996,1.6505408000000443,5.772467;5.910714;5.968597,6.697730;7.195248;6.838299,1.671877;1.650541;1.618989,,multiprocessing,2026-10-03T18:31:47+00:00
W8-00235,W8,n2-standard-8,Windows,2022Server,AMD64,Intel(R) Xeon(R) CPU @ 2.80GHz,intel,8,4,2800,34.4,3.14.6,CPython,1,spawn,2.5.3,mixed,mixed_parse_lines,4,19195,0.8,seconds,normal,272,19217,8,4,2,3,1,0,0.004177941666682727,0.7957729831728461,0.40834774579463157,0.0018549804114821205,1.0102076037289502,0.0,0.10087130000010802,0.0011196999998901447,0.15159440000002178,1.1699720999999954,0.9847962000001189,0.31497349999995095,1.169972;1.156053;1.170214,0.984796;0.985481;0.980106,0.320999;0.311011;0.314973,,multiprocessing,2026-10-03T18:31:55+00:00
W8-00236,W8,n2-standard-8,Windows,2022Server,AMD64,Intel(R) Xeon(R) CPU @ 2.80GHz,intel,8,4,2800,34.4,3.14.6,CPython,1,spawn,2.5.3,gil_release,gil_zlib,5,290676,0.3,seconds,big,15,290698,8,8,1,1,0,1,0.0413410333333862,1.0,0.08805692074304161,0.0030752335665751047,1.8176799912193837,0.0,0.19488959999989675,0.0006491999997706444,0.18251840000016273,0.5780095000000074,0.11398480000002564,0.11685650000003989,0.578010,0.113985;0.113001;0.117193,0.116857;0.112620;0.120488,,threading,2026-10-03T18:31:57+00:00
W8-00237,W8,n2-standard-8,Windows,2022Server,AMD64,Intel(R) Xeon(R) CPU @ 2.80GHz,intel,8,4,2800,34.4,3.14.6,CPython,1,spawn,2.5.3,mixed,mixed_parse_lines,8,761,0.8,seconds,normal,484,783,8,2,2,3,1,0,0.0011104999999964132,0.25717111928440206,0.19999862676184665,0.004182800521048288,1.9353679784477114,0.0,0.0781865999999809,0.00045910000017101993,0.12989079999988462,0.5266504999999597,0.2704903999999715,0.24768549999998868,0.525637;0.527705;0.526650,0.270490;0.269030;0.272119,0.245746;0.250954;0.247685,,multiprocessing,2026-10-03T18:32:01+00:00
W8-00238,W8,n2-standard-8,Windows,2022Server,AMD64,Intel(R) Xeon(R) CPU @ 2.80GHz,intel,8,4,2800,34.4,3.14.6,CPython,1,spawn,2.5.3,big_result,result_long_string,9070,204,0.0,seconds,normal,3950,224,8,4,1,1,0,0,0.0019372423077164479,1.0,0.011453605694745891,0.028966433261618994,0.9590316052243616,0.0,0.10438250000015614,0.001501999999391046,0.15159440000002178,7.74393770000006,8.199502799999891,3.679179700000077,7.743938;7.871267;7.708691,8.129679;8.306662;8.199503,3.575360;3.818380;3.679180,,multiprocessing,2026-10-03T18:33:00+00:00
W8-00239,W8,n2-standard-8,Windows,2022Server,AMD64,Intel(R) Xeon(R) CPU @ 2.80GHz,intel,8,4,2800,34.4,3.14.6,CPython,1,spawn,2.5.3,big_payload,big_count_byte,86,723458,0.3,seconds,big,276,723480,8,4,0,1,0,0,0.00043383043478478203,1.0,0.021915208697164606,0.8350843346231169,0.9498844554786879,0.0,0.06937589999984084,0.007807999999840831,0.15159440000002178,0.11968660000002274,0.12249389999988125,0.5487272999998822,0.119060;0.119687;0.119918,0.122494;0.122810;0.122264,0.543856;0.548727;0.549114,,sequential,2026-10-03T18:33:04+00:00
W8-00240,W8,n2-standard-8,Windows,2022Server,AMD64,Intel(R) Xeon(R) CPU @ 2.80GHz,intel,8,4,2800,34.4,3.14.6,CPython,1,spawn,2.5.3,db,db_mem_group_by,6163,458400,0.8,ms,big,10,458423,8,2,1,2,1,0,0.005101999999927405,1.0,0.5504083370570756,0.05398536521516282,1.1973351469217421,3.5,0.032823400000097536,0.0018013000003520574,0.12989079999988462,0.0552149999998619,0.069747100000086,0.03797729999996591,0.055215;0.054535;0.055237,0.071272;0.069747;0.069350,0.038690;0.037802;0.037977,,multiprocessing,2026-10-03T18:33:05+00:00
W8-00241,W8,n2-standard-8,Windows,2022Server,AMD64,Intel(R) Xeon(R) CPU @ 2.80GHz,intel,8,4,2800,34.4,3.14.6,CPython,1,spawn,2.5.3,cpu,cpu_collatz,2738,580583,0.8,seconds,big,128,580606,8,4,2,5,0,0,0.009297783333333124,1.0,0.794282919962424,0.018463182078761783,0.7999713962029635,0.0,0.13687079999999696,0.0013013000000228203,0.15159440000002178,1.9085615000001326,1.9448221999998623,0.5903562999999394,1.920862;1.908115;1.908562,1.944806;1.947920;1.944822,0.590356;0.587931;0.599262,,multiprocessing,2026-10-03T18:33:19+00:00
W8-00242,W8,n2-standard-8,Windows,2022Server,AMD64,Intel(R) Xeon(R) CPU @ 2.80GHz,intel,8,4,2800,34.4,3.14.6,CPython,1,spawn,2.5.3,tiny,tiny_small_loop,35,22,0.8,ms,normal,83714,41,8,4,0,0,0,0,4.7629999926357415e-07,1.0,0.4727798818726268,9.426831898220993,0.5689918149699121,0.0,0.0068456999999853,0.0032329000016488862,0.15159440000002178,0.02984710000009727,0.034302400000115085,0.02627289999986715,0.031508;0.029847;0.029837,0.034302;0.034019;0.035792,0.026005;0.026273;0.026828,,multiprocessing,2026-10-03T18:33:20+00:00
W8-00243,W8,n2-standard-8,Windows,2022Server,AMD64,Intel(R) Xeon(R) CPU @ 2.80GHz,intel,8,4,2800,34.4,3.14.6,CPython,1,spawn,2.5.3,numpy,np_linalg_solve,15,2371,0.8,seconds,normal,52579,2393,8,4,0,3,0,1,3.2958025522747624e-05,1.0,0.1682060905895274,0.1686994263587562,0.6106823605840482,0.0,0.13349719999996523,0.0035294999966026808,0.15159440000002178,1.699467899999945,2.56622600000037,0.6884574000000612,1.687821;1.699468;1.699976,2.546043;2.566226;2.575088,0.690575;0.688457;0.666279,,multiprocessing,2026-10-03T18:33:36+00:00
W8-00244,W8,n2-standard-8,Windows,2022Server,AMD64,Intel(R) Xeon(R) CPU @ 2.80GHz,intel,8,4,2800,34.4,3.14.6,CPython,1,spawn,2.5.3,cpu,cpu_sum_squares,948,91,0.0,ms,normal,413,111,8,4,1,2,0,0,3.9028155361909704e-05,1.0,0.029753377100503128,0.10492425142077494,0.8602762630235251,0.0,0.009285900000122638,0.0004897999979220913,0.15159440000002178,0.015837800000099378,0.017113899999912974,0.007500900000195543,0.015824;0.015838;0.016027,0.016572;0.017114;0.017919,0.007508;0.007501;0.007414,,multiprocessing,2026-10-03T18:33:37+00:00
W8-00245,W8,n2-standard-8,Windows,2022Server,AMD64,Intel(R) Xeon(R) CPU @ 2.80GHz,intel,8,4,2800,34.4,3.14.6,CPython,1,spawn,2.5.3,cpu,cpu_collatz,836,372564,0.3,ms,big,8,372587,8,16,2,5,0,0,0.0038449666667474958,1.0,0.13554093996461092,0.04882573752252384,0.9489266101320343,0.0,0.024380999999721098,0.0007650999996258179,0.24085330000002614,0.0281528000000435,0.02934400000003734,0.010524100000111503,0.028121;0.028710;0.028153,0.029284;0.029510;0.029344,0.010524;0.011009;0.009699,,multiprocessing,2026-10-03T18:33:38+00:00
W8-00246,W8,n2-standard-8,Windows,2022Server,AMD64,Intel(R) Xeon(R) CPU @ 2.80GHz,intel,8,4,2800,34.4,3.14.6,CPython,1,spawn,2.5.3,db,db_mem_insert_select,5528,105,0.0,seconds,normal,1997,125,8,4,1,1,1,0,0.004581763636286434,1.0,0.009523211490451664,0.0009265983141804105,0.6155411567565962,0.0,0.13329569999996238,0.0010303000008207164,0.15159440000002178,9.099253899999894,13.587323499999457,2.5174646999998913,9.099254,13.587323,2.517465,threading,multiprocessing,2026-10-03T18:34:03+00:00
W8-00247,W8,n2-standard-8,Windows,2022Server,AMD64,Intel(R) Xeon(R) CPU @ 2.80GHz,intel,8,4,2800,34.4,3.14.6,CPython,1,spawn,2.5.3,gil_release,gil_sha256,12,52308,0.3,seconds,normal,3541,52330,8,16,1,1,0,1,0.0015011058823855658,1.0,0.1597166909768773,0.008283892679710374,1.7581400908623463,0.0,0.10189089999994394,0.021635799998875882,0.25205589999995937,5.472376600000189,1.2119017999998505,1.2869625000002998,5.526659;5.472156;5.472377,1.211902;1.211994;1.200263,1.296593;1.286963;1.280694,,threading,2026-10-03T18:34:29+00:00
W8-00248,W8,n2-standard-8,Windows,2022Server,AMD64,Intel(R) Xeon(R) CPU @ 2.80GHz,intel,8,4,2800,34.4,3.14.6,CPython,1,spawn,2.5.3,numpy,np_fft,188350,102,0.8,ms,normal,8,122.66666666666667,8,16,0,0,0,1,0.019665133333395108,1.0,0.9783512686498669,0.0006864942023979897,0.7605550012550047,1.2,0.15644279999969513,0.0010581999995338265,0.25205589999995937,0.26954769999974815,0.08597299999973984,0.19388340000023163,0.264300;0.274984;0.269548,0.080497;0.107261;0.085973,0.193883;0.217358;0.099439,,threading,2026-10-03T18:34:32+00:00
W8-00249,W8,n2-standard-8,Windows,2022Server,AMD64,Intel(R) Xeon(R) CPU @ 2.80GHz,intel,8,4,2800,34.4,3.14.6,CPython,1,spawn,2.5.3,db,db_file_lookup,125,287116,0.0,ms,big,15,287138,8,16,1,5,1,0,0.003489833333333081,1.0,0.02988854331319739,0.04403266632472185,0.25186345707112706,11.0,0.05316549999997733,0.001939100000072358,0.25205589999995937,0.051240600000255654,0.7907096000003548,0.03095789999997578,0.054224;0.049609;0.051241,0.790710,0.087745;0.030958;0.018030,,multiprocessing,2026-10-03T18:34:33+00:00
W8-00250,W8,n2-standard-8,Windows,2022Server,AMD64,Intel(R) Xeon(R) CPU @ 2.80GHz,intel,8,4,2800,34.4,3.14.6,CPython,1,spawn,2.5.3,cpu,cpu_collatz,1036,48,0.0,seconds,normal,916,68,8,4,2,5,0,0,0.004801063636395239,1.0,0.0022570851400194763,0.0011380054070370949,1.0289267439265308,12.5,0.10516360000019631,0.0009531999999126128,0.16995300000007774,4.175791199999821,4.283815400000094,1.3247911000003114,4.216651;4.166219;4.175791,4.302883;4.276049;4.283815,1.404089;1.111290;1.324791,,multiprocessing,2026-10-03T18:35:03+00:00
W8-00251,W8,n2-standard-8,Windows,2022Server,AMD64,Intel(R) Xeon(R) CPU @ 2.80GHz,intel,8,4,2800,34.4,3.14.6,CPython,1,spawn,2.5.3,recursive,rec_quicksort,434,608,0.3,ms,normal,34,631,8,16,1,8,0,0,0.0005363249999845721,1.0,0.14703194444780218,0.011140632840810771,0.831397324864091,0.0,0.010547800000040297,0.0011910000002899324,0.25205589999995937,0.01681800000005751,0.018469399999958114,0.006116000000019994,0.016779;0.016923;0.016818,0.018359;0.018469;0.018817,0.006322;0.006116;0.005782,,multiprocessing,2026-10-03T18:35:04+00:00
W8-00252,W8,n2-standard-8,Windows,2022Server,AMD64,Intel(R) Xeon(R) CPU @ 2.80GHz,intel,8,4,2800,34.4,3.14.6,CPython,1,spawn,2.5.3,text,text_split_count,40,546,0.3,seconds,normal,2769,568,8,16,1,1,0,0,0.001093415217412811,1.0,0.15184923142434067,0.0038091658904450395,0.9631885469468995,0.0,0.10397160000002259,0.001417399998899782,0.25205589999995937,3.041757000000416,3.0426927999997133,0.8007988999997906,3.000753;3.041757;3.044429,3.040188;3.042693;3.063325,0.839404;0.796111;0.800799,,multiprocessing,2026-10-03T18:35:25+00:00
W8-00253,W8,n2-standard-8,Windows,2022Server,AMD64,Intel(R) Xeon(R) CPU @ 2.80GHz,intel,8,4,2800,34.4,3.14.6,CPython,1,spawn,2.5.3,algo_iter,algo_kmeans,424,412,0.3,ms,normal,8,435,8,4,3,15,0,0,0.012036266666503556,1.0,0.09363452582737644,0.0010911467656933623,1.0092383196442358,0.0,0.07151740000017526,0.0015583000008518866,0.16995300000007774,0.08989619999965726,0.09203620000016599,0.02635469999995621,0.089896;0.089709;0.090023,0.091706;0.092558;0.092036,0.026355;0.035787;0.026145,,multiprocessing,2026-10-03T18:35:26+00:00
W8-00254,W8,n2-standard-8,Windows,2022Server,AMD64,Intel(R) Xeon(R) CPU @ 2.80GHz,intel,8,4,2800,34.4,3.14.6,CPython,1,spawn,2.5.3,recursive,rec_fib,16157,83,0.3,ms,normal,41,103,8,16,0,4,0,0,0.001401949999944918,1.0,0.24058432395281673,0.004008702133794425,0.9730504353159529,1.1,0.029664099999990867,0.0008472000004076108,0.25205589999995937,0.05968269999993936,0.06139729999995325,0.018947600000046805,0.059911;0.059683;0.059449,0.061082;0.061397;0.061690,0.018854;0.019659;0.018948,,multiprocessing,2026-10-03T18:35:27+00:00
W8-00255,W8,n2-standard-8,Windows,2022Server,AMD64,Intel(R) Xeon(R) CPU @ 2.80GHz,intel,8,4,2800,34.4,3.14.6,CPython,1,spawn,2.5.3,big_result,result_matrix_lists,76,1759,0.3,ms,normal,17,1781,8,8,2,5,0,0,0.00070814999992308,1.0,0.22615309214784288,0.3452305305164552,0.8208376157675662,0.0,0.00817959999994855,0.0016898000003493507,0.19419820000030086,0.011902599999757513,0.012595199999850593,0.005991600000015751,0.023105;0.011822;0.011903,0.013050;0.012595;0.012411,0.008583;0.005795;0.005992,,multiprocessing,2026-10-03T18:35:28+00:00
W8-00256,W8,n2-standard-8,Windows,2022Server,AMD64,Intel(R) Xeon(R) CPU @ 2.80GHz,intel,8,4,2800,34.4,3.14.6,CPython,1,spawn,2.5.3,gil_release,gil_bz2,145,300000,0.3,ms,big,8,300022,8,4,0,1,0,1,0.015946499999851465,1.0,0.11465934325499086,0.006852078301942349,1.876639110570895,0.0,0.07628490000024613,0.0010192000004280999,0.16995300000007774,0.11466209999980492,0.034903599999779544,0.03541829999994661,0.114662;0.113873;0.114691,0.034904;0.037038;0.032889,0.034559;0.047657;0.035418,,threading,2026-10-03T18:35:29+00:00
W8-00257,W8,n2-standard-8,Windows,2022Server,AMD64,Intel(R) Xeon(R) CPU @ 2.80GHz,intel,8,4,2800,34.4,3.14.6,CPython,1,spawn,2.5.3,text,text_regex_findall,7,567604,0.3,seconds,big,39,567626,8,8,1,1,0,0,0.22113279999985025,1.0,0.09987153020726433,0.0014225237804016315,1.2383997427540774,0.0,1.2333388000001833,0.0016999000008581788,0.19419820000030086,7.378897600000073,7.375597700000071,2.027304400000048,7.471949;7.280330;7.378898,7.375598;7.381231;7.373754,2.027304;2.024446;2.032939,,multiprocessing,2026-10-03T18:36:22+00:00
W8-00258,W8,n2-standard-8,Windows,2022Server,AMD64,Intel(R) Xeon(R) CPU @ 2.80GHz,intel,8,4,2800,34.4,3.14.6,CPython,1,spawn,2.5.3,mixed,mixed_compute_then_sleep,3280,403,0.0,ms,normal,148,426,8,16,1,3,1,0,0.0009701081080861882,0.16357850445378233,0.03323230183364926,0.004834512629599983,1.878825159834737,0.0,0.05624949999992168,0.0010503000007702212,0.25205589999995937,0.14471520000006421,0.028767700000116747,0.011665999999877386,0.144715,0.028768;0.028744;0.029756,0.010933;0.011729;0.011666,,multiprocessing,2026-10-03T18:36:23+00:00
W8-00259,W8,n2-standard-8,Windows,2022Server,AMD64,Intel(R) Xeon(R) CPU @ 2.80GHz,intel,8,4,2800,34.4,3.14.6,CPython,1,spawn,2.5.3,gil_release,gil_bz2,7,300000,0.8,seconds,big,331,300022,8,2,0,1,0,1,0.0015906218749961454,1.0,0.3081288616648301,0.0374507612048082,1.6751174196406322,0.0,0.08285919999980251,0.0015610000000378932,0.12819620000027498,0.5166467999997622,0.27184570000008534,0.37430200000017066,0.516597;0.516666;0.516647,0.270798;0.280578;0.271846,0.393439;0.373925;0.374302,,threading,2026-10-03T18:36:27+00:00
W8-00260,W8,n2-standard-8,Windows,2022Server,AMD64,Intel(R) Xeon(R) CPU @ 2.80GHz,intel,8,4,2800,34.4,3.14.6,CPython,1,spawn,2.5.3,mixed,mixed_compute_then_sleep,6942,170,0.3,ms,normal,29,190,8,2,1,3,1,0,0.001097442857176897,0.28719816807601345,0.17760406764275177,0.00663880975749986,1.580043274288592,2.3,0.012699000000338856,0.00027110000019092695,0.12819620000027498,0.029632499999934225,0.016595999999935884,0.01621660000000702,0.029632;0.029671;0.029195,0.016554;0.016596;0.017657,0.016217;0.016620;0.016211,,multiprocessing,2026-10-03T18:36:28+00:00
W8-00261,W8,n2-standard-8,Windows,2022Server,AMD64,Intel(R) Xeon(R) CPU @ 2.80GHz,intel,8,4,2800,34.4,3.14.6,CPython,1,spawn,2.5.3,big_payload,big_checksum_head,1113,1164930,0.0,ms,big,171,1164953,8,8,1,1,0,0,2.9488095238082767e-05,1.0,0.11120563119755644,25.57845781214755,0.6936239677075656,0.0,0.01900519999981043,0.015901400000075228,0.19419820000030086,0.004518300000199815,0.005109799999900133,0.4739204999996218,0.004530;0.004495;0.004518,0.005356;0.005110;0.004968,0.473920,,sequential,2026-10-03T18:36:30+00:00
W8-00262,W8,n2-standard-8,Windows,2022Server,AMD64,Intel(R) Xeon(R) CPU @ 2.80GHz,intel,8,4,2800,34.4,3.14.6,CPython,1,spawn,2.5.3,numpy,np_fft,989354,107,0.3,seconds,normal,11,129,8,4,0,0,0,1,0.18348956666659433,1.0,0.46771169488610104,6.467215954660007e-05,1.142082751488862,0.0,0.9681397000003926,0.00025630000072851544,0.16995300000007774,2.0171512000001712,0.7318055000000641,0.7673551999996562,2.017151;2.008279;2.030859,0.731806;0.675657;0.803386,0.767355;0.666545;0.809285,,threading,2026-10-03T18:36:42+00:00
W8-00263,W8,n2-standard-8,Windows,2022Server,AMD64,Intel(R) Xeon(R) CPU @ 2.80GHz,intel,8,4,2800,34.4,3.14.6,CPython,1,spawn,2.5.3,gil_release,gil_sha256,55,227960,0.0,seconds,big,114,227982,8,8,1,1,0,1,0.03070039999996273,1.0,0.0012744026973923897,0.00320734148617559,1.4095647232236856,13.6,0.157984899999974,0.000524799999766401,0.19419820000030086,3.5095102000000225,0.7887405999999828,0.8359839999998258,3.538945;3.506900;3.509510,0.829471;0.775920;0.788741,0.858203;0.833450;0.835984,,threading,2026-10-03T18:36:58+00:00
W8-00264,W8,n2-standard-8,Windows,2022Server,AMD64,Intel(R) Xeon(R) CPU @ 2.80GHz,intel,8,4,2800,34.4,3.14.6,CPython,1,spawn,2.5.3,algo_rec,algo_flood_fill,17,17,0.8,ms,normal,8,36,8,4,3,10,0,0,0.00843873333345376,1.0,0.5530304184613141,0.0012719128314145694,4.12919789405283,0.0,0.0352392000004329,0.0014335999999275373,0.16995300000007774,0.04103130000021338,0.042658400000163965,0.017982300000312534,0.040839;0.041031;0.041265,0.042658;0.042246;0.042972,0.013774;0.018075;0.017982,,multiprocessing,2026-10-03T18:36:59+00:00
W8-00265,W8,n2-standard-8,Windows,2022Server,AMD64,Intel(R) Xeon(R) CPU @ 2.80GHz,intel,8,4,2800,34.4,3.14.6,CPython,1,spawn,2.5.3,recursive,rec_fib,1410,464,0.3,ms,normal,256,487,8,2,0,4,0,0,9.841093747553487e-05,1.0,0.10896196695419985,0.04283060499219854,0.881060905055953,0.0,0.013934099999914906,0.00040530000114813447,0.12819620000027498,0.025654299999587238,0.026164299999891227,0.013536699999804114,0.025654;0.025458;0.025665,0.027026;0.026164;0.026032,0.013508;0.013537;0.013728,,multiprocessing,2026-10-03T18:37:00+00:00
W8-00266,W8,n2-standard-8,Windows,2022Server,AMD64,Intel(R) Xeon(R) CPU @ 2.80GHz,intel,8,4,2800,34.4,3.14.6,CPython,1,spawn,2.5.3,algo_iter,algo_kmeans,676,35,0.8,ms,normal,8,54.666666666666664,8,8,3,15,0,0,0.008746800000002017,1.0,0.2428684907102919,0.0013261992906608013,0.6151177153377206,0.0,0.0748502000001281,0.00021760000026915804,0.19419820000030086,0.1026187999996182,0.10530569999991712,0.035367999999834865,0.103013;0.102619;0.101973,0.106299;0.103835;0.105306,0.035368;0.042776;0.032758,,multiprocessing,2026-10-03T18:37:01+00:00
W8-00267,W8,n2-standard-8,Windows,2022Server,AMD64,Intel(R) Xeon(R) CPU @ 2.80GHz,intel,8,4,2800,34.4,3.14.6,CPython,1,spawn,2.5.3,text,text_regex_findall,52,214,0.0,ms,normal,27,233,8,8,1,1,0,0,0.0004910833332208616,1.0,0.05307785303218796,0.016188698569106524,0.7901369563726572,0.0,0.006945799999812152,0.00024490000078003504,0.19419820000030086,0.013421599999674072,0.014187600000241218,0.004830900000342808,0.013533;0.013392;0.013422,0.014188;0.014123;0.014298,0.005059;0.004831;0.004771,,multiprocessing,2026-10-03T18:37:02+00:00
W8-00268,W8,n2-standard-8,Windows,2022Server,AMD64,Intel(R) Xeon(R) CPU @ 2.80GHz,intel,8,4,2800,34.4,3.14.6,CPython,1,spawn,2.5.3,algo_rec,algo_merge_sort,257,317,0.3,seconds,normal,5872,339.55,8,4,1,10,0,0,0.0003851546153572809,1.0,0.18892710398660537,0.05426392211388474,0.9781923094940461,0.0,0.10335649999979069,0.002109300003212411,0.16995300000007774,2.260496299999886,2.319669100000283,0.7566118999998253,2.260496;2.269923;2.255005,2.326969;2.311747;2.319669,0.739251;0.756612;0.757421,,multiprocessing,2026-10-03T18:37:19+00:00
W8-00269,W8,n2-standard-8,Windows,2022Server,AMD64,Intel(R) Xeon(R) CPU @ 2.80GHz,intel,8,4,2800,34.4,3.14.6,CPython,1,spawn,2.5.3,db,db_mem_group_by,20,288830,0.0,ms,big,364,288852,8,16,1,2,1,0,0.00012514175823226043,1.0,0.16540076933247147,0.38008895391123193,0.8388316382032086,0.0,0.026885700000093493,0.002038800001173513,0.25205589999995937,0.04444059999968886,0.09941570000000866,0.193134099999952,0.044441;0.044322;0.044662,0.099416;0.106478;0.097867,0.193134;0.190084;0.203332,,sequential,2026-10-03T18:37:21+00:00
W8-00270,W8,n2-standard-8,Windows,2022Server,AMD64,Intel(R) Xeon(R) CPU @ 2.80GHz,intel,8,4,2800,34.4,3.14.6,CPython,1,spawn,2.5.3,gil_release,gil_numpy_matmul,163,2440,0.0,seconds,normal,2476,2462,8,8,0,2,0,1,0.000228618721456308,1.0,0.09464962382669498,0.023292055654029947,1.723973558738405,0.0,0.08071169999993799,0.001568500000757922,0.19419820000030086,0.5655167999998412,0.37893360000043685,0.1547233999999662,0.569481;0.562263;0.565517,0.413979;0.378934;0.360728,0.248047;0.154723;0.152931,,multiprocessing,2026-10-03T18:37:25+00:00
W8-00271,W8,n2-standard-8,Windows,2022Server,AMD64,Intel(R) Xeon(R) CPU @ 2.80GHz,intel,8,4,2800,34.4,3.14.6,CPython,1,spawn,2.5.3,numpy,np_fft,1753,5767,0.8,ms,normal,616,5790,8,16,0,0,0,1,0.00011778636361633325,1.0,0.7495338312772247,0.04287423266820329,1.6526896648276486,0.0,0.029856199999812816,0.0006503000026896189,0.25205589999995937,0.06149180000011256,0.054122800000186544,0.018537400000241178,0.061848;0.061492;0.061242,0.054172;0.053036;0.054123,0.018866;0.018537;0.018336,,multiprocessing,2026-10-03T18:37:26+00:00
W8-00272,W8,n2-standard-8,Windows,2022Server,AMD64,Intel(R) Xeon(R) CPU @ 2.80GHz,intel,8,4,2800,34.4,3.14.6,CPython,1,spawn,2.5.3,mixed,mixed_hash_then_write,107,2194,0.8,seconds,normal,39230,2216,8,2,1,3,1,0,0.00018024492754628463,0.9879302436713127,0.13674019960568357,0.024106087540178765,1.086698067220171,0.0,0.09730660000013813,0.001803399997697852,0.12819620000027498,7.182758500000091,6.5544889999996485,6.476923299999726,7.182759;7.177865;7.307583,6.554489;6.468200;6.679070,6.388049;6.476923;6.479653,,multiprocessing,2026-10-03T18:38:27+00:00
W8-00273,W8,n2-standard-8,Windows,2022Server,AMD64,Intel(R) Xeon(R) CPU @ 2.80GHz,intel,8,4,2800,34.4,3.14.6,CPython,1,spawn,2.5.3,algo_rec,algo_merge_sort,123,772590,0.8,seconds,big,258,772612,8,8,1,10,0,0,0.00017927656251259805,1.0,0.5002979819471938,2.130395599860654,0.9512550980717215,0.0,0.03171539999993911,0.008096699998986878,0.19419820000030086,0.04537919999984297,0.047852599999714585,0.5363430000002154,0.045379;0.046316;0.045156,0.048765;0.047853;0.046658,0.536343,,sequential,2026-10-03T18:38:29+00:00
W8-00274,W8,n2-standard-8,Windows,2022Server,AMD64,Intel(R) Xeon(R) CPU @ 2.80GHz,intel,8,4,2800,34.4,3.14.6,CPython,1,spawn,2.5.3,cpu,cpu_count_primes,5906,940,0.0,seconds,normal,202,963,8,2,2,4,0,0,0.0033746200000678074,1.0,0.0021142852902630775,0.0014757216911874147,1.0339259234822875,5.1,0.10066770000003089,0.0010121999989678443,0.12819620000027498,0.6317948999999317,0.6423061999998936,0.32753649999995105,0.631795;0.632296;0.630979,0.642306;0.645501;0.638613,0.327536;0.327435;0.341318,,multiprocessing,2026-10-03T18:38:35+00:00
W8-00275,W8,n2-standard-8,Windows,2022Server,AMD64,Intel(R) Xeon(R) CPU @ 2.80GHz,intel,8,4,2800,34.4,3.14.6,CPython,1,spawn,2.5.3,tiny,tiny_small_loop,4,57,0.0,ms,normal,34461,76,8,2,0,0,0,0,2.7080000336354715e-07,1.0,0.3570227167700952,14.955686357363856,0.4170235667493686,0.0,0.006128599999556172,0.00340959999266488,0.12819620000027498,0.006449900000006892,0.007759699999951408,0.011331300000165356,0.006511;0.006212;0.006450,0.007760;0.007720;0.007790,0.013078;0.011183;0.011331,,sequential,2026-10-03T18:38:35+00:00
W8-00276,W8,n2-standard-8,Windows,2022Server,AMD64,Intel(R) Xeon(R) CPU @ 2.80GHz,intel,8,4,2800,34.4,3.14.6,CPython,1,spawn,2.5.3,text,text_regex_findall,4,178274,0.3,seconds,big,8,178296,8,2,1,1,0,0,0.030850033333384392,1.0,0.12244061977984673,0.0019027532100133143,1.0548080342157258,0.0,0.18835240000043996,0.000405600000249251,0.12819620000027498,0.2520099999997001,0.25695639999958075,0.129813699999886,0.252010;0.252075;0.251818,0.257914;0.256905;0.256956,0.130433;0.129814;0.129661,,multiprocessing,2026-10-03T18:38:38+00:00
W8-00277,W8,n2-standard-8,Windows,2022Server,AMD64,Intel(R) Xeon(R) CPU @ 2.80GHz,intel,8,4,2800,34.4,3.14.6,CPython,1,spawn,2.5.3,big_result,result_matrix_lists,40,35,0.3,ms,normal,72,54,8,2,2,5,0,0,0.00016299444443272174,1.0,0.33308409732955285,0.3754047514337797,0.7201756982862666,0.0,0.008316200000081153,0.0013602000003629655,0.12819620000027498,0.012953700000252866,0.013425300000108109,0.008445999999821652,0.012954;0.021270;0.012686,0.013720;0.012995;0.013425,0.008545;0.008310;0.008446,,multiprocessing,2026-10-03T18:38:39+00:00
W8-00278,W8,n2-standard-8,Windows,2022Server,AMD64,Intel(R) Xeon(R) CPU @ 2.80GHz,intel,8,4,2800,34.4,3.14.6,CPython,1,spawn,2.5.3,text,text_format_report,34,17,0.0,ms,normal,1390,36,8,4,1,2,0,0,4.664121037138794e-05,1.0,0.036164409203345516,0.07900738364536704,0.9468611158205156,0.0,0.03494989999990139,0.0014621000009356067,0.16995300000007774,0.06497239999998783,0.06448510000018359,0.024863799999820912,0.065164;0.064972;0.064769,0.064116;0.064485;0.064542,0.025085;0.024864;0.024826,,multiprocessing,2026-10-03T18:38:40+00:00
W8-00279,W8,n2-standard-8,Windows,2022Server,AMD64,Intel(R) Xeon(R) CPU @ 2.80GHz,intel,8,4,2800,34.4,3.14.6,CPython,1,spawn,2.5.3,numpy,np_elementwise,21755,1352693,0.3,seconds,big,112,1352716,8,4,0,4,0,0,0.005881077777808564,1.0,0.014338591809376192,0.15167287931261378,1.4394312272170668,0.0,0.09869269999990138,0.009059099999831233,0.16995300000007774,0.6995432000003348,0.2796667000002344,0.47409620000007635,0.699543;0.682110;0.768256,0.279667;0.291232;0.276077,0.462837;0.482233;0.474096,,threading,2026-10-03T18:38:45+00:00
W8-00280,W8,n2-standard-8,Windows,2022Server,AMD64,Intel(R) Xeon(R) CPU @ 2.80GHz,intel,8,4,2800,34.4,3.14.6,CPython,1,spawn,2.5.3,text,text_regex_findall,18,292,0.8,seconds,normal,889,314,8,2,1,1,0,0,0.0002533005050589403,0.9995996025781687,0.4419799613392349,0.015771780622283585,1.007649924451639,0.0,0.10066740000002028,0.0006757999985893548,0.12819620000027498,0.2171951000000263,0.222145200000341,0.11208220000025904,0.217059;0.218580;0.217195,0.222145;0.221003;0.222150,0.112082;0.111565;0.112192,,multiprocessing,2026-10-03T18:38:48+00:00
W8-00281,W8,n2-standard-8,Windows,2022Server,AMD64,Intel(R) Xeon(R) CPU @ 2.80GHz,intel,8,4,2800,34.4,3.14.6,CPython,1,spawn,2.5.3,algo_iter,algo_game_of_life,3,149,0.8,ms,normal,39,168,8,8,5,9,0,0,0.004441222222340002,1.0,0.41962171504181006,0.012914362906899679,1.0780882341833544,0.0,0.08064669999976104,0.0019670999986374227,0.19419820000030086,0.16567170000007536,0.16871390000005704,0.050786799999968935,0.164259;0.166093;0.165672,0.168714;0.166949;0.168976,0.049818;0.050787;0.050793,,multiprocessing,2026-10-03T18:38:50+00:00
W8-00282,W8,n2-standard-8,Windows,2022Server,AMD64,Intel(R) Xeon(R) CPU @ 2.80GHz,intel,8,4,2800,34.4,3.14.6,CPython,1,spawn,2.5.3,tiny,tiny_len,32,27,0.8,seconds,normal,200000,46,8,2,0,0,0,0,1.6069999810497393e-07,1.0,0.9735314476323109,24.362165684394927,0.3813752690465693,7.2,0.0053081000000929635,0.003254100003687199,0.12819620000027498,0.015711999999894033,0.022472199999810982,0.06591019999996206,0.014224;0.016109;0.015712,0.023105;0.022458;0.022472,0.064819;0.067755;0.065910,,sequential,2026-10-03T18:38:51+00:00
W8-00283,W8,n2-standard-8,Windows,2022Server,AMD64,Intel(R) Xeon(R) CPU @ 2.80GHz,intel,8,4,2800,34.4,3.14.6,CPython,1,spawn,2.5.3,numpy,np_linalg_solve,156,807269,0.0,ms,big,9,807291,8,2,0,3,0,1,0.0038212333332315516,1.0,0.011350820785375497,0.13195565133323117,1.279658483072643,14.4,0.022969799999827956,0.0024148000002242043,0.12819620000027498,0.03406200000017634,0.02169149999963338,0.02759139999989202,0.038202;0.033850;0.034062,0.025560;0.021691;0.021588,0.098399;0.027591;0.027354,,threading,2026-10-03T18:38:52+00:00
W8-00284,W8,n2-standard-8,Windows,2022Server,AMD64,Intel(R) Xeon(R) CPU @ 2.80GHz,intel,8,4,2800,34.4,3.14.6,CPython,1,spawn,2.5.3,db,db_mem_group_by,104,810710,0.0,seconds,big,246,810732,8,4,1,2,1,0,0.00021530163934823846,1.0,0.13668435313463237,1.6871678317536183,0.8048231077626163,9.0,0.03702400000020134,0.0077379999997901905,0.16995300000007774,0.051382200000261946,0.08933729999989737,0.5306206000000202,0.051382;0.051266;0.051463,0.086732;0.089337;0.090634,0.530621,,sequential,2026-10-03T18:38:54+00:00
W8-00285,W8,n2-standard-8,Windows,2022Server,AMD64,Intel(R) Xeon(R) CPU @ 2.80GHz,intel,8,4,2800,34.4,3.14.6,CPython,1,spawn,2.5.3,big_payload,big_count_byte,5,220947,0.3,ms,big,120,220969,8,8,0,1,0,0,0.00013450000004316582,1.0,0.08897115389145706,0.3542750930697396,0.8834790886072716,14.5,0.010282899999765505,0.0016023999987737625,0.19419820000030086,0.01586909999969066,0.017003399999794055,0.035590700000284414,0.015844;0.015869;0.015876,0.017003;0.016708;0.019964,0.036916;0.034665;0.035591,,sequential,2026-10-03T18:38:55+00:00
W8-00286,W8,n2-standard-8,Windows,2022Server,AMD64,Intel(R) Xeon(R) CPU @ 2.80GHz,intel,8,4,2800,34.4,3.14.6,CPython,1,spawn,2.5.3,db,db_mem_group_by,25,916781,0.0,ms,big,160,916803,8,8,1,2,1,0,0.00013817249996463942,1.0,0.2753759416664015,2.9763520240204207,0.8406915005983232,15.2,0.020571600000039325,0.008656000001337816,0.19419820000030086,0.0204794999999649,0.046407100000124046,0.31651190000002316,0.020942;0.020479;0.020358,0.046407;0.046612;0.045986,0.316512,,sequential,2026-10-03T18:38:56+00:00
W8-00287,W8,n2-standard-8,Windows,2022Server,AMD64,Intel(R) Xeon(R) CPU @ 2.80GHz,intel,8,4,2800,34.4,3.14.6,CPython,1,spawn,2.5.3,algo_iter,algo_kmeans,389,670,0.0,seconds,normal,40,693,8,16,3,15,0,0,0.010177980000116804,1.0,0.010851683871547942,0.0009353525948311844,0.9503050723667459,15.2,0.1045379000001958,0.00023899999951026984,0.25205589999995937,0.40508360000012544,0.4095440000000963,0.10582699999986289,0.406615;0.404631;0.405084,0.409544;0.412361;0.408687,0.113269;0.105827;0.105195,,multiprocessing,2026-10-03T18:39:00+00:00
W8-00288,W8,n2-standard-8,Windows,2022Server,AMD64,Intel(R) Xeon(R) CPU @ 2.80GHz,intel,8,4,2800,34.4,3.14.6,CPython,1,spawn,2.5.3,big_result,result_records,23577,1847,0.0,ms,normal,8,1870,8,4,1,2,0,0,0.010528433333396,1.0,0.16819607624497424,1.3974000563574462,0.8942856504313181,0.0,0.10803100000021004,0.04505909999988944,0.16995300000007774,0.11059160000013435,0.10821609999993598,0.08977610000010827,0.121133;0.088839;0.110592,0.119884;0.108216;0.086982,0.095248;0.089776;0.084256,,multiprocessing,2026-10-03T18:39:01+00:00
W8-00289,W8,n2-standard-8,Windows,2022Server,AMD64,Intel(R) Xeon(R) CPU @ 2.80GHz,intel,8,4,2800,34.4,3.14.6,CPython,1,spawn,2.5.3,recursive,rec_tree_sum,40,135229,0.8,seconds,big,1478,135251,8,4,0,4,0,0,1.3588617892354506e-05,1.0,0.5637161295876233,1.955680866578762,0.8793552387464136,0.4,0.01315359999989596,0.0021895999975640734,0.16995300000007774,0.020691899999746965,0.021729600000071514,0.5860046000002512,0.027437;0.020692;0.020522,0.021772;0.021730;0.021439,0.586005,,sequential,2026-10-03T18:39:03+00:00
W8-00290,W8,n2-standard-8,Windows,2022Server,AMD64,Intel(R) Xeon(R) CPU @ 2.80GHz,intel,8,4,2800,34.4,3.14.6,CPython,1,spawn,2.5.3,mixed,mixed_json_roundtrip,2,491,0.0,ms,normal,130,513,8,16,1,1,1,0,0.00013953749999018328,0.529877626537111,0.10437546720630973,0.02988443958526031,1.064224701480718,4.7,0.009682899999916117,0.0010043000006589864,0.25205589999995937,0.013797300000078394,0.014628699999775563,0.004529899999852205,0.013797;0.013913;0.013717,0.014670;0.014629;0.014399,0.004534;0.004530;0.004258,,multiprocessing,2026-10-03T18:39:04+00:00
W8-00291,W8,n2-standard-8,Windows,2022Server,AMD64,Intel(R) Xeon(R) CPU @ 2.80GHz,intel,8,4,2800,34.4,3.14.6,CPython,1,spawn,2.5.3,mixed,mixed_parse_lines,2,6297,0.3,ms,normal,14,6319,8,16,2,3,1,0,0.0014203333333474195,0.42199634568585276,0.041943640223059034,0.010279277315023322,1.3400794257291586,0.0,0.008495799999764131,0.0009056999997483217,0.25205589999995937,0.01955364999980702,0.009702399999696354,0.003883700000187673,0.019684;0.019423,0.009099;0.009871;0.009702,0.004053;0.003560;0.003884,,multiprocessing,2026-10-03T18:39:04+00:00
W8-00292,W8,n2-standard-8,Windows,2022Server,AMD64,Intel(R) Xeon(R) CPU @ 2.80GHz,intel,8,4,2800,34.4,3.14.6,CPython,1,spawn,2.5.3,cpu,cpu_count_primes,852,109,0.3,ms,normal,542,129,8,16,2,4,0,0,0.00024982962963972737,1.0,0.24859627740251117,0.017191715866961818,1.006420936488129,0.0,0.06787450000001627,0.0005495999985214439,0.25205589999995937,0.12867389999973966,0.13092809999989186,0.04044770000018616,0.128330;0.128674;0.128716,0.130279;0.130928;0.132469,0.040423;0.041534;0.040448,,multiprocessing,2026-10-03T18:39:06+00:00
W8-00293,W8,n2-standard-8,Windows,2022Server,AMD64,Intel(R) Xeon(R) CPU @ 2.80GHz,intel,8,4,2800,34.4,3.14.6,CPython,1,spawn,2.5.3,recursive,rec_fib,26,173272,0.8,seconds,big,1154,173294,8,8,0,4,0,0,3.879166671241465e-06,1.0,4.352572154999314,8.024919420821009,0.7636358172209866,0.0,0.004050399999869114,0.0012852999984716007,0.19419820000030086,0.003405200000088371,0.004437999999936437,0.5597416000000521,0.003405;0.003531;0.003273,0.005604;0.004302;0.004438,0.559742,,sequential,2026-10-03T18:39:08+00:00
W8-00294,W8,n2-standard-8,Windows,2022Server,AMD64,Intel(R) Xeon(R) CPU @ 2.80GHz,intel,8,4,2800,34.4,3.14.6,CPython,1,spawn,2.5.3,cpu,cpu_sum_squares,6710,20,0.3,ms,normal,259,40,8,16,1,2,0,0,0.00034296249999243855,1.0,0.1713718594350232,0.012654444689622051,0.9463260107532538,0.0,0.04608239999970465,0.0008705000000190921,0.25205589999995937,0.08730659999991985,0.08979450000015277,0.028337200000351004,0.086953;0.090521;0.087307,0.089795;0.088764;0.090418,0.028337;0.028479;0.027307,,multiprocessing,2026-10-03T18:39:09+00:00
W8-00295,W8,n2-standard-8,Windows,2022Server,AMD64,Intel(R) Xeon(R) CPU @ 2.80GHz,intel,8,4,2800,34.4,3.14.6,CPython,1,spawn,2.5.3,io,io_sleep_chunks,645,158,0.0,seconds,normal,331,178,8,4,1,1,1,0,0.0038935307692414566,0.011727910520201557,0.009965891602046724,0.0012920841267039086,1.8397651037093576,0.0,0.07910349999974642,0.0008215999996536993,0.16995300000007774,1.292752599999858,0.32858580000038273,0.328315400000065,1.292834;1.292753;1.292737,0.328595;0.328586;0.328554,0.328289;0.328315;0.328624,,multiprocessing,2026-10-03T18:39:15+00:00
W8-00296,W8,n2-standard-8,Windows,2022Server,AMD64,Intel(R) Xeon(R) CPU @ 2.80GHz,intel,8,4,2800,34.4,3.14.6,CPython,1,spawn,2.5.3,tiny,tiny_add,549,26,0.0,seconds,normal,200000,46,8,8,0,1,0,0,1.5525000685556735e-07,1.0,1.1943639991114963,27.954910113507555,0.3363975793666913,0.0,0.005299599999943894,0.0031919999864840065,0.19419820000030086,0.01948439999978291,0.025309999999990396,0.047421700000086275,0.019746;0.019453;0.019484,0.025310;0.025790;0.024418,0.052289;0.047325;0.047422,,sequential,2026-10-03T18:39:16+00:00
W8-00297,W8,n2-standard-8,Windows,2022Server,AMD64,Intel(R) Xeon(R) CPU @ 2.80GHz,intel,8,4,2800,34.4,3.14.6,CPython,1,spawn,2.5.3,gil_release,gil_numpy_matmul,34,18173,0.0,ms,normal,2719,18195,8,2,0,2,0,1,3.389086891856925e-05,1.0,0.2084390088245457,0.22734737270313782,1.1352306474388727,0.0,0.045209300000351504,0.001710100004402193,0.12819620000027498,0.09233970000013869,0.08312109999997119,0.17454770000040298,0.092058;0.096627;0.092340,0.075338;0.083121;0.084654,0.176301;0.174271;0.174548,,threading,2026-10-03T18:39:18+00:00
W8-00298,W8,n2-standard-8,Windows,2022Server,AMD64,Intel(R) Xeon(R) CPU @ 2.80GHz,intel,8,4,2800,34.4,3.14.6,CPython,1,spawn,2.5.3,gil_release,gil_bz2,2,300000,0.8,seconds,big,357,300022,8,4,0,1,0,1,0.0006491168831464118,1.0,0.33627181849788923,0.09744007858936984,1.658594921687108,1.1,0.08197289999998247,0.0016817999976410647,0.16995300000007774,0.24667249999993146,0.07122819999995045,0.32524770000009084,0.246034;0.256077;0.246672,0.071228;0.071775;0.070409,0.324444;0.325248;0.338458,,threading,2026-10-03T18:39:21+00:00
W8-00299,W8,n2-standard-8,Windows,2022Server,AMD64,Intel(R) Xeon(R) CPU @ 2.80GHz,intel,8,4,2800,34.4,3.14.6,CPython,1,spawn,2.5.3,cpu,cpu_matmul_lists,45,579,0.0,seconds,normal,213,601,8,2,3,5,0,0,0.004961509090910774,1.0,0.01535202888737342,0.0011360180266828594,1.0225570087577605,0.0,0.10910779999994702,0.0011515000001054432,0.12819620000027498,0.999186699999882,0.9993761999999151,0.5053868999998485,1.004142;0.994921;0.999187,0.994971;0.999376;1.008647,0.505148;0.505807;0.505387,,multiprocessing,2026-10-03T18:39:29+00:00
W8-00300,W8,n2-standard-8,Windows,2022Server,AMD64,Intel(R) Xeon(R) CPU @ 2.80GHz,intel,8,4,2800,34.4,3.14.6,CPython,1,spawn,2.5.3,big_payload,big_upper_copy,4,464630,0.3,seconds,big,430,464652,8,16,0,0,0,0,0.0003218925233587495,1.0,0.08670021018093074,0.48261450244018506,0.9689274723295779,0.0,0.07425510000030044,0.004022900000563823,0.25205589999995937,0.16484489999993457,0.17570960000011837,0.652359499999875,0.150427;0.168075;0.164845,0.179903;0.175710;0.164685,0.625965;0.677428;0.652359,,sequential,2026-10-03T18:39:33+00:00
W8-00301,W8,n2-standard-8,Windows,2022Server,AMD64,Intel(R) Xeon(R) CPU @ 2.80GHz,intel,8,4,2800,34.4,3.14.6,CPython,1,spawn,2.5.3,text,text_csv_parse,1,66,0.3,seconds,normal,10972,85,8,4,2,3,0,0,8.512837607551586e-05,1.0,0.034300190321922594,0.04457973026428284,0.9563521482969423,1.1,0.10416780000014114,0.0019842999959109875,0.16995300000007774,0.9341512999999395,0.9518190000003415,0.24668949999977485,0.935180;0.934151;0.933200,0.953379;0.951819;0.951714,0.297523;0.246689;0.246261,,multiprocessing,2026-10-03T18:39:40+00:00
W8-00302,W8,n2-standard-8,Windows,2022Server,AMD64,Intel(R) Xeon(R) CPU @ 2.80GHz,intel,8,4,2800,34.4,3.14.6,CPython,1,spawn,2.5.3,numpy,np_sort,3386,1653,0.8,seconds,normal,2550,1676,8,16,0,3,0,1,0.00014279571429142378,1.0,0.38244152335346016,0.03308922810419923,1.6612775996143778,0.0,0.08187439999983326,0.0016610999978183827,0.25205589999995937,0.3744252999999844,0.26543530000026294,0.11806429999978718,0.381191;0.374253;0.374425,0.265949;0.265077;0.265435,0.118064;0.120137;0.115840,,multiprocessing,2026-10-03T18:39:43+00:00
W8-00303,W8,n2-standard-8,Windows,2022Server,AMD64,Intel(R) Xeon(R) CPU @ 2.80GHz,intel,8,4,2800,34.4,3.14.6,CPython,1,spawn,2.5.3,recursive,rec_quicksort,8177,823593,0.0,seconds,big,242,823616,8,8,1,8,0,0,0.012424120000014227,1.0,0.030921111153529055,0.03078366917373322,0.9793528732737653,0.0,0.1274532000002182,0.002210600000125851,0.19419820000030086,2.9671284000000924,3.0564292999997633,0.9269700999998349,2.963876;2.967128;3.008217,3.056429;3.044722;3.066428,0.911290;0.938205;0.926970,,multiprocessing,2026-10-03T18:40:05+00:00
W8-00304,W8,n2-standard-8,Windows,2022Server,AMD64,Intel(R) Xeon(R) CPU @ 2.80GHz,intel,8,4,2800,34.4,3.14.6,CPython,1,spawn,2.5.3,gil_release,gil_zlib,3,96923,0.0,seconds,normal,176,96945,8,2,1,1,0,1,0.007501514285844938,1.0,0.013249595435460343,0.003229824055012711,1.6995287371893395,1.2,0.08432790000006207,0.0009944999992512749,0.12819620000027498,1.3094406999998682,0.6572204999997666,0.6741142999999283,1.309441;1.310794;1.308197,0.655756;0.657220;0.657844,0.673853;0.675110;0.674114,,threading,2026-10-03T18:40:14+00:00
W8-00305,W8,n2-standard-8,Windows,2022Server,AMD64,Intel(R) Xeon(R) CPU @ 2.80GHz,intel,8,4,2800,34.4,3.14.6,CPython,1,spawn,2.5.3,io,io_file_roundtrip,2,21337,0.3,ms,normal,8,21359,8,4,1,0,1,0,0.012859966666686281,0.0902630220790664,0.1111738300428546,0.0011145700341318677,1.2447025798361935,0.0,0.06841919999988022,0.001130999999531923,0.16995300000007774,0.10225009999976464,0.03597889999991821,0.03915820000020176,0.114482;0.101996;0.102250,0.036711;0.035979;0.032998,0.041747;0.039158;0.038531,,threading,2026-10-03T18:40:15+00:00
W8-00306,W8,n2-standard-8,Windows,2022Server,AMD64,Intel(R) Xeon(R) CPU @ 2.80GHz,intel,8,4,2800,34.4,3.14.6,CPython,1,spawn,2.5.3,db,db_file_commit,2,182,0.3,seconds,normal,297,201,8,2,1,0,1,0,0.008044599999980815,0.2563980215138207,0.21261806469367112,0.000697894966551138,1.2123323744554315,0.0,0.10150330000033136,0.0010076000003209629,0.12819620000027498,2.4437041000001045,1.3804793999997855,1.453491700000086,2.571117;2.443704;2.424624,1.408396;1.380479;1.365384,1.490055;1.453492;1.405877,,threading,2026-10-03T18:40:31+00:00
W8-00307,W8,n2-standard-8,Windows,2022Server,AMD64,Intel(R) Xeon(R) CPU @ 2.80GHz,intel,8,4,2800,34.4,3.14.6,CPython,1,spawn,2.5.3,gil_release,gil_numpy_matmul,27,4845,0.0,ms,normal,4924,4867,8,16,0,2,0,1,1.8191714050352482e-05,1.0,0.21272251210381424,0.3597791805486997,0.4004293899758241,0.4,0.08134849999987637,0.0025955000041903986,0.25205589999995937,0.08790730000009717,0.29151350000029197,0.038285900000119,0.087687;0.087979;0.087907,0.291514,0.040663;0.038079;0.038286,,multiprocessing,2026-10-03T18:40:33+00:00
W8-00308,W8,n2-standard-8,Windows,2022Server,AMD64,Intel(R) Xeon(R) CPU @ 2.80GHz,intel,8,4,2800,34.4,3.14.6,CPython,1,spawn,2.5.3,algo_iter,algo_kmeans,59,562968,0.8,ms,big,18,562990,8,16,3,15,0,0,0.0014067749998503132,1.0,0.5117934349423615,0.2458637664377134,0.6176837628096113,0.0,0.013762999999926251,0.0015872000003582798,0.25205589999995937,0.028895100000227103,0.02970180000011169,0.014770700000099168,0.028895;0.028734;0.030817,0.029658;0.029702;0.030034,0.014827;0.014591;0.014771,,multiprocessing,2026-10-03T18:40:34+00:00
W8-00309,W8,n2-standard-8,Windows,2022Server,AMD64,Intel(R) Xeon(R) CPU @ 2.80GHz,intel,8,4,2800,34.4,3.14.6,CPython,1,spawn,2.5.3,tiny,tiny_dict_lookup,658,182,0.0,seconds,normal,200000,202,8,4,0,1,0,0,3.1594999950357307e-07,1.0,0.39923158125973357,12.16964708985267,0.4773460101999346,0.0,0.006224900000233902,0.003404200001114077,0.16995300000007774,0.05172369999991133,0.06033759999991162,0.1656300000004194,0.053645;0.051724;0.050881,0.061243;0.060338;0.059776,0.168914;0.165630;0.163621,,sequential,2026-10-03T18:40:35+00:00
W8-00310,W8,n2-standard-8,Windows,2022Server,AMD64,Intel(R) Xeon(R) CPU @ 2.80GHz,intel,8,4,2800,34.4,3.14.6,CPython,1,spawn,2.5.3,algo_rec,algo_sudoku,11,1923,0.3,ms,normal,11,1945,8,16,3,28,0,0,0.007130400000126731,1.0,0.6237661143324686,0.0013930962048738424,1.013317376907667,1.1,0.046947199999976874,0.002019999999902211,0.25205589999995937,0.08694550000018353,0.08954570000014428,0.030420499999763706,0.086552;0.087373;0.086946,0.089663;0.088645;0.089546,0.030420;0.030187;0.035976,,multiprocessing,2026-10-03T18:40:36+00:00
W8-00311,W8,n2-standard-8,Windows,2022Server,AMD64,Intel(R) Xeon(R) CPU @ 2.80GHz,intel,8,4,2800,34.4,3.14.6,CPython,1,spawn,2.5.3,text,text_regex_findall,72,207,0.0,ms,normal,40,226,8,8,1,1,0,0,0.0006805800000165618,1.0,0.04110451413639729,0.007199741361986489,0.9343993835184377,0.0,0.014400000000023283,0.0002663999998731015,0.19419820000030086,0.02657660000022588,0.027549700000236044,0.009582099999988714,0.026544;0.026601;0.026577,0.027504;0.027550;0.028283,0.009621;0.009582;0.009230,,multiprocessing,2026-10-03T18:40:37+00:00
W8-00312,W8,n2-standard-8,Windows,2022Server,AMD64,Intel(R) Xeon(R) CPU @ 2.80GHz,intel,8,4,2800,34.4,3.14.6,CPython,1,spawn,2.5.3,numpy,np_linalg_solve,64,242,0.0,ms,normal,323,261,8,2,0,3,0,1,7.232624998891879e-05,1.0,0.2547157332033328,0.06145763141184769,0.6847749754461041,0.0,0.014655100000254606,0.0005357000013646029,0.12819620000027498,0.02237829999967289,0.03051099999993312,0.012339200000042183,0.022371;0.022378;0.022619,0.030511;0.028995;0.030642,0.012511;0.012339;0.012075,,multiprocessing,2026-10-03T18:40:38+00:00
W8-00313,W8,n2-standard-8,Windows,2022Server,AMD64,Intel(R) Xeon(R) CPU @ 2.80GHz,intel,8,4,2800,34.4,3.14.6,CPython,1,spawn,2.5.3,algo_iter,algo_dijkstra,2148,300,0.8,ms,normal,13,323,8,4,2,15,0,0,0.0036131333332984164,1.0,0.21282624437836747,0.002601620065961519,0.46516550906371723,0.0,0.039149799999904644,0.0014477999998234736,0.16995300000007774,0.06749970000009853,0.0638558999999077,0.025643200000104116,0.061690;0.067500;0.068111,0.063744;0.063856;0.064721,0.018807;0.025643;0.028151,,multiprocessing,2026-10-03T18:40:39+00:00
W8-00314,W8,n2-standard-8,Windows,2022Server,AMD64,Intel(R) Xeon(R) CPU @ 2.80GHz,intel,8,4,2800,34.4,3.14.6,CPython,1,spawn,2.5.3,text,text_csv_parse,9,1270,0.8,ms,normal,8,1292,8,2,2,3,0,0,0.007904433333351335,1.0,0.3372645870841377,0.001142818582711445,1.4458450893117833,0.0,0.03668229999993855,0.00022440000020651496,0.12819620000027498,0.04534520000015618,0.04673339999999371,0.024290300000302523,0.045345;0.045163;0.047012,0.046805;0.045551;0.046733,0.024402;0.024290;0.024080,,multiprocessing,2026-10-03T18:40:40+00:00
W8-00315,W8,n2-standard-8,Windows,2022Server,AMD64,Intel(R) Xeon(R) CPU @ 2.80GHz,intel,8,4,2800,34.4,3.14.6,CPython,1,spawn,2.5.3,big_payload,big_checksum_head,7960,121739,0.0,seconds,big,1642,121762,8,2,1,1,0,0,0.00020343008130415305,1.0,0.019105297662347122,0.12222872763414898,1.0530187049915993,0.0,0.09894029999986742,0.0011792999989665987,0.12819620000027498,0.30679289999989123,0.31101600000010876,0.7205610000000888,0.306107;0.319274;0.306793,0.309596;0.329979;0.311016,0.724468;0.717227;0.720561,,sequential,2026-10-03T18:40:45+00:00
W8-00316,W8,n2-standard-8,Windows,2022Server,AMD64,Intel(R) Xeon(R) CPU @ 2.80GHz,intel,8,4,2800,34.4,3.14.6,CPython,1,spawn,2.5.3,big_result,result_sorted_pairs,696,1745,0.8,seconds,normal,5538,1767.9,8,8,1,4,0,0,0.0003176828025287621,1.0,0.6077152960386201,0.44574336087021565,1.3002684632826513,0.0,0.09242829999993774,0.004031800002849195,0.19419820000030086,1.6660006000001886,1.6622999999999593,1.0287220000000161,1.666001;1.671016;1.624164,1.662300;1.680977;1.658636,1.029828;0.979324;1.028722,,multiprocessing,2026-10-03T18:40:59+00:00
W8-00317,W8,n2-standard-8,Windows,2022Server,AMD64,Intel(R) Xeon(R) CPU @ 2.80GHz,intel,8,4,2800,34.4,3.14.6,CPython,1,spawn,2.5.3,text,text_split_count,11,121,0.0,ms,normal,3595,140,8,8,1,1,0,0,7.425052161669651e-05,1.0,0.036422385135397625,0.05063937464065525,0.953658236631939,6.6,0.10376219999989189,0.0013631999950121099,0.19419820000030086,0.26822509999965405,0.2726106999998592,0.0804588999999396,0.269660;0.267591;0.268225,0.272611;0.277047;0.267234,0.080459;0.078313;0.088735,,multiprocessing,2026-10-03T18:41:02+00:00
W8-00318,W8,n2-standard-8,Windows,2022Server,AMD64,Intel(R) Xeon(R) CPU @ 2.80GHz,intel,8,4,2800,34.4,3.14.6,CPython,1,spawn,2.5.3,big_payload,big_upper_copy,2,101255,0.3,seconds,big,1975,101277,8,2,0,0,0,0,7.222596347893504e-05,1.0,0.07890188439426798,0.5496638333968256,0.9630042588263436,14.1,0.0749166000000514,0.0020302000052652147,0.12819620000027498,0.16044120000015027,0.17068269999981567,0.9508123999999043,0.148740;0.160441;0.161534,0.170683;0.164620;0.174459,0.950812,,sequential,2026-10-03T18:41:06+00:00
W8-00319,W8,n2-standard-8,Windows,2022Server,AMD64,Intel(R) Xeon(R) CPU @ 2.80GHz,intel,8,4,2800,34.4,3.14.6,CPython,1,spawn,2.5.3,big_payload,big_count_byte,167,147184,0.0,ms,big,1358,147206,8,4,0,1,0,0,8.801917405231335e-05,1.0,0.023531557057324185,0.36111449876013435,0.9638969581677607,0.0,0.0625291000001198,0.0015154999964579474,0.16995300000007774,0.11942229999976917,0.120969900000091,0.6573961999997664,0.119328;0.119821;0.119422,0.120823;0.120970;0.123164,0.657396,,sequential,2026-10-03T18:41:08+00:00
W8-00320,W8,n2-standard-8,Windows,2022Server,AMD64,Intel(R) Xeon(R) CPU @ 2.80GHz,intel,8,4,2800,34.4,3.14.6,CPython,1,spawn,2.5.3,cpu,cpu_count_primes,3116,32,0.8,seconds,normal,432,52,8,2,2,4,0,0,0.0018045071428137557,1.0,0.5050127759122159,0.0023108803397597594,1.2522011032056226,1.2,0.09211019999975179,0.0003728000010596588,0.12819620000027498,0.5967063999996753,0.6059598000001643,0.30369569999993473,0.596376;0.597289;0.596706,0.607181;0.605960;0.604424,0.303642;0.304477;0.303696,,multiprocessing,2026-10-03T18:41:13+00:00
W8-00321,W8,n2-standard-8,Windows,2022Server,AMD64,Intel(R) Xeon(R) CPU @ 2.80GHz,intel,8,4,2800,34.4,3.14.6,CPython,1,spawn,2.5.3,algo_iter,algo_dijkstra,108,49,0.0,ms,normal,107,68,8,4,2,15,0,0,0.00021823461541386606,1.0,0.156364982764696,0.016770941612961818,0.840095313936151,0.0,0.012669999999616266,0.00036659999886978767,0.16995300000007774,0.02254750000020067,0.023615000000063446,0.009270999999898777,0.022493;0.022548;0.022647,0.023477;0.023615;0.024157,0.007039;0.009271;0.009272,,multiprocessing,2026-10-03T18:41:14+00:00
W8-00322,W8,n2-standard-8,Windows,2022Server,AMD64,Intel(R) Xeon(R) CPU @ 2.80GHz,intel,8,4,2800,34.4,3.14.6,CPython,1,spawn,2.5.3,big_result,result_long_string,2491,732722,0.8,seconds,big,12,732745,8,16,1,1,0,0,0.13896706666673708,1.0,0.14427247326917983,0.0033041401650115753,1.063853299517146,0.0,0.7762553000002299,0.002294599999913771,0.25205589999995937,1.4910768999998254,1.5112111000003097,1.52672930000017,1.530291;1.491077;1.456565,1.511211;1.518935;1.468803,1.785242;1.526729;0.900477,,sequential,2026-10-03T18:41:29+00:00
W8-00323,W8,n2-standard-8,Windows,2022Server,AMD64,Intel(R) Xeon(R) CPU @ 2.80GHz,intel,8,4,2800,34.4,3.14.6,CPython,1,spawn,2.5.3,tiny,tiny_small_loop,63,17,0.3,seconds,normal,200000,36,8,8,0,0,0,0,5.730500026857044e-07,1.0,0.2017678814463415,6.666084923882879,0.6296508045549503,0.0,0.006923400000232505,0.0030368999950951547,0.19419820000030086,0.09915459999956511,0.11104990000012549,0.06805610000037632,0.101349;0.098532;0.099155,0.114245;0.111050;0.109808,0.069305;0.064819;0.068056,,multiprocessing,2026-10-03T18:41:30+00:00
W8-00324,W8,n2-standard-8,Windows,2022Server,AMD64,Intel(R) Xeon(R) CPU @ 2.80GHz,intel,8,4,2800,34.4,3.14.6,CPython,1,spawn,2.5.3,numpy,np_elementwise,4690,1856,0.3,ms,normal,79,1879,8,16,0,4,0,0,0.00015768421053508064,1.0,0.23574403682720219,0.029472629949525073,1.1827115180295562,0.0,0.005833200000324723,0.0003424999999879219,0.25205589999995937,0.012108899999930145,0.013096000000132335,0.004734000000098604,0.012056;0.012109;0.012163,0.013905;0.013096;0.012738,0.005311;0.004734;0.004482,,multiprocessing,2026-10-03T18:41:31+00:00
W8-00325,W8,n2-standard-8,Windows,2022Server,AMD64,Intel(R) Xeon(R) CPU @ 2.80GHz,intel,8,4,2800,34.4,3.14.6,CPython,1,spawn,2.5.3,algo_iter,algo_edit_distance,722,103567,0.8,ms,big,70,103589.88235294117,8,4,2,16,0,0,0.00020284705883836176,1.0,0.3113862930776722,0.10393225832693925,0.7454262136366689,0.0,0.00963980000005904,0.0016692999997758307,0.16995300000007774,0.014230000000225118,0.014965899999879184,0.013212800000019342,0.014230;0.014130;0.014287,0.014761;0.015075;0.014966,0.013766;0.013053;0.013213,,multiprocessing,2026-10-03T18:41:31+00:00
W8-00326,W8,n2-standard-8,Windows,2022Server,AMD64,Intel(R) Xeon(R) CPU @ 2.80GHz,intel,8,4,2800,34.4,3.14.6,CPython,1,spawn,2.5.3,big_payload,big_upper_copy,2,2356763,0.3,seconds,big,84,2356785,8,8,0,0,0,0,0.0013091190476621879,0.998197811974629,0.030052159788455726,1.8657508683876518,0.9409711497611927,0.4,0.10610540000016044,0.049329399998896406,0.19419820000030086,0.1274108000002343,0.13316949999989447,0.4998549999995703,0.115806;0.127775;0.127411,0.133733;0.133169;0.132867,0.499855;0.493156;0.499909,,sequential,2026-10-03T18:41:35+00:00
W8-00327,W8,n2-standard-8,Windows,2022Server,AMD64,Intel(R) Xeon(R) CPU @ 2.80GHz,intel,8,4,2800,34.4,3.14.6,CPython,1,spawn,2.5.3,text,text_csv_parse,1,698,0.3,seconds,normal,838,720,8,2,2,3,0,0,0.0009026571428064147,1.0,0.031522492867622674,0.004525527832775439,0.9973375822707852,0.0,0.10165830000005371,0.00045120000277165673,0.12819620000027498,0.7560413000001063,0.7434117999996488,0.381105700000262,0.741392;0.757328;0.756041,0.742767;0.745251;0.743412,0.381106;0.381581;0.379090,,multiprocessing,2026-10-03T18:41:44+00:00
W8-00328,W8,n2-standard-8,Windows,2022Server,AMD64,Intel(R) Xeon(R) CPU @ 2.80GHz,intel,8,4,2800,34.4,3.14.6,CPython,1,spawn,2.5.3,big_payload,big_checksum_head,220,2325111,0.3,ms,big,86,2325133.3,8,8,1,1,0,0,6.890476188779021e-06,1.0,0.16388188529498077,174.99516245173436,0.18710808273506174,0.0,0.02549070000031861,0.024516100000255392,0.19419820000030086,0.0004997000000912522,0.0009536000002299261,0.3955043000000842,0.000520;0.000500;0.000490,0.001122;0.000954;0.000941,0.395504,,sequential,2026-10-03T18:41:45+00:00
W8-00329,W8,n2-standard-8,Windows,2022Server,AMD64,Intel(R) Xeon(R) CPU @ 2.80GHz,intel,8,4,2800,34.4,3.14.6,CPython,1,spawn,2.5.3,recursive,rec_fib,28,290,0.8,ms,normal,33461,312,8,16,0,4,0,0,3.024400001322647e-06,1.0,2.0877019647143205,1.3291892620052193,0.8876891701311729,2.3,0.01693859999977576,0.0031109999972613878,0.25205589999995937,0.09942049999972369,0.10624159999997573,0.037523699999837845,0.099371;0.099420;0.100500,0.105685;0.106242;0.107065,0.037524;0.043025;0.036299,,multiprocessing,2026-10-03T18:41:47+00:00
W8-00330,W8,n2-standard-8,Windows,2022Server,AMD64,Intel(R) Xeon(R) CPU @ 2.80GHz,intel,8,4,2800,34.4,3.14.6,CPython,1,spawn,2.5.3,cpu,cpu_matmul_lists,4,1790,0.0,seconds,normal,111731,1812,8,8,3,5,0,0,7.5824999987617046e-06,1.0,0.08167078473164413,0.5492911304210151,0.9394991283881305,0.0,0.03548189999992246,0.0032200000023294706,0.19419820000030086,0.8191013000000567,0.850134700000126,0.6717330999999831,0.819199;0.819101;0.817403,0.861546;0.847468;0.850135,0.664213;0.671733;0.673042,,multiprocessing,2026-10-03T18:41:55+00:00
W8-00331,W8,n2-standard-8,Windows,2022Server,AMD64,Intel(R) Xeon(R) CPU @ 2.80GHz,intel,8,4,2800,34.4,3.14.6,CPython,1,spawn,2.5.3,algo_rec,algo_merge_sort,2148,51,0.8,ms,normal,8,71,8,4,1,10,0,0,0.005328199999894423,1.0,0.4520169570026756,0.02999762268294762,0.7125475616912693,0.0,0.03622970000014902,0.0007083000004968198,0.16995300000007774,0.04333359999964159,0.04437869999992472,0.016997799999899144,0.043036;0.043401;0.043334,0.044379;0.044365;0.044564,0.014884;0.017281;0.016998,,multiprocessing,2026-10-03T18:41:56+00:00
W8-00332,W8,n2-standard-8,Windows,2022Server,AMD64,Intel(R) Xeon(R) CPU @ 2.80GHz,intel,8,4,2800,34.4,3.14.6,CPython,1,spawn,2.5.3,db,db_file_commit,4,161,0.8,seconds,normal,368,180,8,4,1,0,1,0,0.020030366666408856,0.2598603122885446,0.07370771148289386,0.0005158833918927381,1.6200622022679145,0.0,0.0985222999997859,0.0002640000002429588,0.16995300000007774,5.6867277000001195,3.492536100000052,2.5036457999999584,5.644541;5.686728;5.702075,3.492536;3.652454;2.541422,2.100903;2.503646;3.634275,,multiprocessing,2026-10-03T18:42:31+00:00
W8-00333,W8,n2-standard-8,Windows,2022Server,AMD64,Intel(R) Xeon(R) CPU @ 2.80GHz,intel,8,4,2800,34.4,3.14.6,CPython,1,spawn,2.5.3,gil_release,gil_numpy_matmul,148,15992,0.3,seconds,normal,927,16014,8,8,0,2,0,1,0.00023778285714711058,1.0,0.4160409985212873,0.03999447282345538,1.7816448397998723,0.0,0.07900169999993523,0.001013499998862244,0.19419820000030086,0.20312569999987318,0.10745700000006764,0.06214629999976751,0.203126;0.202832;0.204457,0.108235;0.107457;0.107329,0.062146;0.064002;0.058406,,multiprocessing,2026-10-03T18:42:33+00:00
W8-00334,W8,n2-standard-8,Windows,2022Server,AMD64,Intel(R) Xeon(R) CPU @ 2.80GHz,intel,8,4,2800,34.4,3.14.6,CPython,1,spawn,2.5.3,algo_rec,algo_lcs_memo,6,320,0.0,ms,normal,8,342,8,16,1,10,0,0,0.018030266666604195,1.0,0.013746642745931459,0.0007099173980442486,0.9558437303617207,0.0,0.11173839999992197,0.0014291000002231158,0.25205589999995937,0.14237509999975373,0.14750099999992017,0.038166399999681744,0.140846;0.142375;0.142597,0.147501;0.147426;0.166103,0.038553;0.038166;0.038001,,multiprocessing,2026-10-03T18:42:35+00:00
W8-00335,W8,n2-standard-8,Windows,2022Server,AMD64,Intel(R) Xeon(R) CPU @ 2.80GHz,intel,8,4,2800,34.4,3.14.6,CPython,1,spawn,2.5.3,gil_release,gil_zlib,11,6724,0.0,seconds,normal,5703,6746,8,16,1,1,0,1,0.0015162848484385795,1.0,0.017916872671197574,0.003960337637677757,1.878292203956157,0.0,0.07713479999983974,0.0004498000016610604,0.25205589999995937,8.646104899999955,1.579355399999713,1.5475051000003077,8.646105,1.578190;1.592001;1.579355,1.547505;1.546750;1.559190,,multiprocessing,2026-10-03T18:42:54+00:00
W8-00336,W8,n2-standard-8,Windows,2022Server,AMD64,Intel(R) Xeon(R) CPU @ 2.80GHz,intel,8,4,2800,34.4,3.14.6,CPython,1,spawn,2.5.3,big_result,result_long_string,1985,329,0.8,ms,normal,64,352,8,16,1,1,0,0,0.0003297875000782824,1.0,0.6869112478185406,0.07108744255478272,0.6712706347259141,0.0,0.013030600000092818,0.0006392999989657255,0.25205589999995937,0.024395100000219827,0.025847499999599677,0.01070449999997436,0.025060;0.024225;0.024395,0.025847;0.025662;0.025908,0.011195;0.010655;0.010704,,multiprocessing,2026-10-03T18:42:54+00:00
W8-00337,W8,n2-standard-8,Windows,2022Server,AMD64,Intel(R) Xeon(R) CPU @ 2.80GHz,intel,8,4,2800,34.4,3.14.6,CPython,1,spawn,2.5.3,gil_release,gil_sha256,29,4121,0.3,seconds,normal,5322,4143,8,4,1,1,0,1,0.0003392810810749792,1.0,0.1761687648955993,0.014678095093696074,1.7391769546761162,0.0,0.07981280000012703,0.0006476000007751281,0.16995300000007774,1.8381101999998464,0.5151477999997951,0.47711300000037227,1.786118;1.838110;1.850528,0.520054;0.515148;0.512884,0.534152;0.477113;0.476156,,multiprocessing,2026-10-03T18:43:03+00:00
W8-00338,W8,n2-standard-8,Windows,2022Server,AMD64,Intel(R) Xeon(R) CPU @ 2.80GHz,intel,8,4,2800,34.4,3.14.6,CPython,1,spawn,2.5.3,io,io_sleep_return_payload,520,1311,0.3,seconds,normal,349,1334,8,16,0,1,1,0,0.001176872093035558,0.008824220656999062,0.203094597847766,0.004333521097277871,1.9017546769261366,0.0,0.07807739999998375,0.0008470999991914141,0.25205589999995937,0.4256892999997035,0.029718600000251172,0.025538099999721453,0.425689,0.030814;0.027917;0.029719,0.025538;0.026750;0.025472,,multiprocessing,2026-10-03T18:43:05+00:00
W8-00339,W8,n2-standard-8,Windows,2022Server,AMD64,Intel(R) Xeon(R) CPU @ 2.80GHz,intel,8,4,2800,34.4,3.14.6,CPython,1,spawn,2.5.3,recursive,rec_fib,10193,220625,0.3,ms,big,179,220648,8,16,0,4,0,0,0.0010447204545429981,1.0,0.2102550555055673,0.03429146991042229,1.070981255066615,11.7,0.08993690000033894,0.00103910000052565,0.25205589999995937,0.1786938000000191,0.181460799999968,0.07315520000020115,0.178694;0.184970;0.178496,0.182697;0.180597;0.181461,0.087870;0.068959;0.073155,,multiprocessing,2026-10-03T18:43:07+00:00
W8-00340,W8,n2-standard-8,Windows,2022Server,AMD64,Intel(R) Xeon(R) CPU @ 2.80GHz,intel,8,4,2800,34.4,3.14.6,CPython,1,spawn,2.5.3,algo_iter,algo_dijkstra,335,27,0.8,ms,normal,48,46.5,8,4,2,15,0,0,0.0006801083334266878,1.0,0.4585190384156336,0.00619999277381146,1.0046762579479713,12.5,0.01666670000031445,0.00030629999901066185,0.16995300000007774,0.03244880000011108,0.03353839999999764,0.01378130000011879,0.032430;0.034028;0.032449,0.033523;0.033538;0.033701,0.011331;0.013781;0.014937,,multiprocessing,2026-10-03T18:43:07+00:00
W8-00341,W8,n2-standard-8,Windows,2022Server,AMD64,Intel(R) Xeon(R) CPU @ 2.80GHz,intel,8,4,2800,34.4,3.14.6,CPython,1,spawn,2.5.3,cpu,cpu_matmul_lists,6,110,0.3,seconds,normal,93333,129,8,4,3,5,0,0,1.9403850004891865e-05,1.0,0.42430988783268875,0.21490580294870534,0.8570084486450691,9.8,0.0882952000001751,0.0032370999906561337,0.16995300000007774,1.7866113000000041,1.8058772999997927,0.5042451999997866,1.786611;1.825686;1.781797,1.822879;1.805877;1.801881,0.768212;0.504245;0.494333,,multiprocessing,2026-10-03T18:43:21+00:00
W8-00342,W8,n2-standard-8,Windows,2022Server,AMD64,Intel(R) Xeon(R) CPU @ 2.80GHz,intel,8,4,2800,34.4,3.14.6,CPython,1,spawn,2.5.3,big_result,result_matrix_lists,25,18,0.3,ms,normal,1020,37,8,16,2,5,0,0,6.849999997796783e-05,1.0,0.39790096944468456,0.4083941592277934,0.9420364783670383,0.0,0.03739820000009786,0.0012221000056342746,0.25205589999995937,0.07432100000005448,0.07652589999997872,0.03387209999982588,0.088251;0.072786;0.074321,0.074695;0.076526;0.077101,0.033012;0.033872;0.034797,,multiprocessing,2026-10-03T18:43:22+00:00
W8-00343,W8,n2-standard-8,Windows,2022Server,AMD64,Intel(R) Xeon(R) CPU @ 2.80GHz,intel,8,4,2800,34.4,3.14.6,CPython,1,spawn,2.5.3,algo_iter,algo_dijkstra,546,114773,0.3,ms,big,8,114796,8,8,2,15,0,0,0.0013438333333700332,1.0,0.25841846528162565,0.0351730125663094,0.6600681437926726,0.0,0.009442300000046089,0.0003359000002092216,0.19419820000030086,0.011199499999747786,0.012486699999953998,0.004864900000029593,0.011199;0.011789;0.011144,0.012487;0.012305;0.012881,0.005298;0.004701;0.004865,,multiprocessing,2026-10-03T18:43:22+00:00
W8-00344,W8,n2-standard-8,Windows,2022Server,AMD64,Intel(R) Xeon(R) CPU @ 2.80GHz,intel,8,4,2800,34.4,3.14.6,CPython,1,spawn,2.5.3,cpu,cpu_count_primes,2889,276,0.0,seconds,normal,315,299,8,16,2,4,0,0,0.0012932410256256005,1.0,0.005640364226924592,0.0035105598759363203,1.0438238093003274,0.0,0.09925419999990481,0.0004138000003877096,0.25205589999995937,0.3775298999998995,0.3829908000002433,0.11624380000012025,0.376920;0.379295;0.377530,0.382195;0.382991;0.384569,0.116408;0.116244;0.115813,,multiprocessing,2026-10-03T18:43:26+00:00
W8-00345,W8,n2-standard-8,Windows,2022Server,AMD64,Intel(R) Xeon(R) CPU @ 2.80GHz,intel,8,4,2800,34.4,3.14.6,CPython,1,spawn,2.5.3,algo_rec,algo_lcs_memo,4,58,0.8,seconds,normal,23,77,8,4,1,10,0,0,0.016726925000057236,1.0,0.2863562021913912,0.0005305816712422043,1.4295344431435293,0.0,0.11033239999960642,0.00026939999906971934,0.16995300000007774,0.2655042000001231,0.27189069999985804,0.09450859999969907,0.262773;0.266593;0.265504,0.270096;0.271891;0.272085,0.077409;0.103841;0.094509,,multiprocessing,2026-10-03T18:43:28+00:00
W8-00346,W8,n2-standard-8,Windows,2022Server,AMD64,Intel(R) Xeon(R) CPU @ 2.80GHz,intel,8,4,2800,34.4,3.14.6,CPython,1,spawn,2.5.3,db,db_mem_group_by,14026,57,0.0,seconds,normal,136,77,8,16,1,2,1,0,0.014482349999980215,1.0,0.0057240248291640875,0.0004678108083764496,0.6953654148243205,0.0,0.141389700000218,0.00026640000032784883,0.25205589999995937,1.9585900000001857,3.5905854999996336,0.5181170999999267,1.958590,3.590585,0.518117,threading,multiprocessing,2026-10-03T18:43:35+00:00
W8-00347,W8,n2-standard-8,Windows,2022Server,AMD64,Intel(R) Xeon(R) CPU @ 2.80GHz,intel,8,4,2800,34.4,3.14.6,CPython,1,spawn,2.5.3,cpu,cpu_matmul_lists,23,417907,0.0,ms,big,43,417929,8,8,3,5,0,0,0.0006289999999353312,1.0,0.02256297380644126,0.14984101754991372,0.8755119940466002,4.7,0.03629229999978634,0.022776900000735623,0.18843379999998433,0.027057300000251416,0.02844730000015261,0.021861700000044948,0.035114;0.027057;0.026947,0.028447;0.027900;0.028869,0.022570;0.020700;0.021862,,multiprocessing,2026-10-03T18:43:36+00:00
W8-00348,W8,n2-standard-8,Windows,2022Server,AMD64,Intel(R) Xeon(R) CPU @ 2.80GHz,intel,8,4,2800,34.4,3.14.6,CPython,1,spawn,2.5.3,numpy,np_elementwise,2160,257,0.3,ms,normal,324,280,8,2,0,4,0,0,7.663086421697373e-05,1.0,0.24174274870626927,0.05180680202609353,1.181276289431451,0.0,0.012592699999913748,0.0011517999987518124,0.1326176000002306,0.02470369999991817,0.0175997000001189,0.013700500000140892,0.024696;0.024851;0.024704,0.017563;0.017907;0.017600,0.081086;0.013607;0.013701,,multiprocessing,2026-10-03T18:43:37+00:00
W8-00349,W8,n2-standard-8,Windows,2022Server,AMD64,Intel(R) Xeon(R) CPU @ 2.80GHz,intel,8,4,2800,34.4,3.14.6,CPython,1,spawn,2.5.3,io,io_sleep,1099,182,0.0,ms,normal,42,202,8,8,0,1,1,0,0.0018858800001453346,0.00898200794165371,0.10715968696589585,0.0030118565115154782,1.9377204586835637,0.0,0.02972829999998794,0.0007196999986263108,0.18843379999998433,0.08139719999962836,0.011661699999876873,0.011765500000365137,0.081397,0.012091;0.011661;0.011662,0.011957;0.011766;0.011737,,threading,2026-10-03T18:43:38+00:00
W8-00350,W8,n2-standard-8,Windows,2022Server,AMD64,Intel(R) Xeon(R) CPU @ 2.80GHz,intel,8,4,2800,34.4,3.14.6,CPython,1,spawn,2.5.3,mixed,mixed_compute_then_sleep,1408,178676,0.8,ms,big,22,178699,8,8,1,3,1,0,0.0007555799998954172,0.08383594933728039,0.45058439859268334,0.062309748767904065,1.3970140734388525,0.0,0.007372900000063964,0.0009056000003511144,0.18843379999998433,0.019344399999681627,0.0032740999999987253,0.0035574000003180117,0.019344,0.003274;0.002937;0.003337,0.004648;0.003557;0.003360,,threading,2026-10-03T18:43:38+00:00
W8-00351,W8,n2-standard-8,Windows,2022Server,AMD64,Intel(R) Xeon(R) CPU @ 2.80GHz,intel,8,4,2800,34.4,3.14.6,CPython,1,spawn,2.5.3,numpy,np_fft,569359,5277,0.8,ms,normal,8,5302,8,4,0,0,0,1,0.12091846666680794,0.9992808097720303,0.663849160433359,0.00011991551379893815,0.636494879360917,0.0,0.6911488000000645,0.0008307999996759463,0.15375390000008338,1.0925559000002067,0.3796613999998044,0.42599499999960244,1.082216;1.092556;1.114170,0.378827;0.379661;0.393400,0.518757;0.417774;0.425995,,threading,2026-10-03T18:43:46+00:00
W8-00352,W8,n2-standard-8,Windows,2022Server,AMD64,Intel(R) Xeon(R) CPU @ 2.80GHz,intel,8,4,2800,34.4,3.14.6,CPython,1,spawn,2.5.3,big_result,result_matrix_lists,14,56,0.8,ms,normal,1310,75,8,2,2,5,0,0,3.4492660545318036e-05,1.0,4.22591594479674,0.428207038722892,1.2212527603113577,0.0,0.022389299999758805,0.0016636000013932062,0.1326176000002306,0.034961199999997916,0.03659379999999146,0.025083499999709602,0.042570;0.034961;0.034088,0.036533;0.037294;0.036594,0.028205;0.025083;0.024504,,multiprocessing,2026-10-03T18:43:47+00:00
W8-00353,W8,n2-standard-8,Windows,2022Server,AMD64,Intel(R) Xeon(R) CPU @ 2.80GHz,intel,8,4,2800,34.4,3.14.6,CPython,1,spawn,2.5.3,big_payload,big_reverse,1,112469,0.0,ms,big,406,112491,8,2,0,0,0,0,7.45089108986036e-05,1.0,0.05804941911978469,0.4232379685105593,0.8832149798541521,0.0,0.017638000000260945,0.0014514999998027633,0.1326176000002306,0.03451710000035746,0.03586559999985184,0.18401779999976497,0.033944;0.034517;0.034563,0.035084;0.035932;0.035866,0.184018,,sequential,2026-10-03T18:43:48+00:00
W8-00354,W8,n2-standard-8,Windows,2022Server,AMD64,Intel(R) Xeon(R) CPU @ 2.80GHz,intel,8,4,2800,34.4,3.14.6,CPython,1,spawn,2.5.3,big_payload,big_checksum_head,11405,3634893,0.8,ms,big,55,3634916,8,16,1,1,0,0,0.00027299230770530325,1.0,0.39491688651653106,6.670320380465726,0.7721380143458053,4.7,0.032515500000044995,0.02453029999969658,0.26801979999981995,0.014801700000134588,0.015824499999780528,0.261768999999731,0.027223;0.014802;0.014741,0.015824;0.015741;0.015927,0.261769,,sequential,2026-10-03T18:43:50+00:00
W8-00355,W8,n2-standard-8,Windows,2022Server,AMD64,Intel(R) Xeon(R) CPU @ 2.80GHz,intel,8,4,2800,34.4,3.14.6,CPython,1,spawn,2.5.3,big_result,result_matrix_lists,79,47,0.3,seconds,normal,6512,66,8,8,2,5,0,0,0.0006910986301852674,1.0,0.3795698411504049,0.30581018510848346,0.9727880795588228,0.4,0.10725359999969442,0.004709299996193295,0.18843379999998433,4.89907200000016,5.061124500000005,2.0271818000001076,4.899072;4.811138;4.928350,5.080513;5.061125;5.012194,2.099213;2.007026;2.027182,,multiprocessing,2026-10-03T18:44:26+00:00
W8-00356,W8,n2-standard-8,Windows,2022Server,AMD64,Intel(R) Xeon(R) CPU @ 2.80GHz,intel,8,4,2800,34.4,3.14.6,CPython,1,spawn,2.5.3,db,db_file_lookup,326,495,0.0,seconds,normal,140,518,8,16,1,5,1,0,0.008099085714158199,1.0,0.013217794312278345,0.0009630716714606048,0.8099201101807749,2.3,0.1280245000002651,0.0016145000013239041,0.26801979999981995,1.1130954999998721,0.6096704999999929,0.29914359999975204,1.135216;1.113095;1.093865,1.594769;0.609670;0.582186,0.369029;0.299144;0.297550,,multiprocessing,2026-10-03T18:44:34+00:00
W8-00357,W8,n2-standard-8,Windows,2022Server,AMD64,Intel(R) Xeon(R) CPU @ 2.80GHz,intel,8,4,2800,34.4,3.14.6,CPython,1,spawn,2.5.3,gil_release,gil_zlib,1,215367,0.8,seconds,big,89,215389,8,16,1,1,0,1,0.006373066666583327,1.0,0.27745443415319404,0.005456992613967539,1.9488194355145239,0.4,0.08812919999991209,0.0010595000007924682,0.26801979999981995,0.5835364999998092,0.1064275999997335,0.11632770000005621,0.583536,0.104937;0.106428;0.106740,0.115325;0.126072;0.116328,,threading,2026-10-03T18:44:36+00:00
W8-00358,W8,n2-standard-8,Windows,2022Server,AMD64,Intel(R) Xeon(R) CPU @ 2.80GHz,intel,8,4,2800,34.4,3.14.6,CPython,1,spawn,2.5.3,algo_rec,algo_lcs_memo,4,150826,0.3,seconds,big,586,150848,8,2,1,10,0,0,0.01672380000006039,1.0,0.031594890285511046,0.0024615617657064302,1.1072245234341205,0.0,0.09592670000029102,0.0013982999998916057,0.1326176000002306,8.211265599999933,8.232431299999917,4.153835600000093,8.211266;7.778280;8.539469,8.419885;8.058298;8.232431,4.153836;4.241064;4.113770,,multiprocessing,2026-10-03T18:45:39+00:00
W8-00359,W8,n2-standard-8,Windows,2022Server,AMD64,Intel(R) Xeon(R) CPU @ 2.80GHz,intel,8,4,2800,34.4,3.14.6,CPython,1,spawn,2.5.3,io,io_sleep,8520,40,0.8,seconds,normal,116,60,8,2,0,1,1,0,0.010717320000003383,0.0018486505780645052,0.2812955638478148,0.0007725812153569295,1.4620400814684835,0.0,0.08941300000014962,0.00026230000003124587,0.1326176000002306,1.1033125000003565,0.558477000000039,0.5600555000000895,1.100864;1.103323;1.103313,0.558477;0.557786;0.558528,0.560301;0.559073;0.560056,,threading,2026-10-03T18:45:46+00:00
W8-00360,W8,n2-standard-8,Windows,2022Server,AMD64,Intel(R) Xeon(R) CPU @ 2.80GHz,intel,8,4,2800,34.4,3.14.6,CPython,1,spawn,2.5.3,algo_rec,algo_flood_fill,16,303,0.3,ms,normal,8,325,8,8,3,10,0,0,0.005691099999845998,1.0,0.19961074840577978,0.0018157005403910329,1.6716053915232292,0.0,0.029982099999870115,0.001408700000411045,0.18843379999998433,0.035063499999978376,0.036446799999794166,0.011791299999913463,0.035063;0.035071;0.034927,0.036447;0.036726;0.036257,0.011935;0.011597;0.011791,,multiprocessing,2026-10-03T18:45:47+00:00
W8-00361,W8,n2-standard-8,Windows,2022Server,AMD64,Intel(R) Xeon(R) CPU @ 2.80GHz,intel,8,4,2800,34.4,3.14.6,CPython,1,spawn,2.5.3,numpy,np_fft,97072,103844,0.0,ms,big,8,103878,8,8,0,0,0,1,0.01731886666675564,1.0,0.010460947105203382,0.002020917459483907,1.3777550484477308,0.0,0.09005010000009861,0.00033759999996618717,0.18843379999998433,0.13930049999999028,0.039898600000014994,0.035899999999855936,0.139300;0.139900;0.138792,0.041140;0.039799;0.039899,0.160860;0.035900;0.035623,,multiprocessing,2026-10-03T18:45:48+00:00
W8-00362,W8,n2-standard-8,Windows,2022Server,AMD64,Intel(R) Xeon(R) CPU @ 2.80GHz,intel,8,4,2800,34.4,3.14.6,CPython,1,spawn,2.5.3,text,text_regex_findall,1,114,0.8,ms,normal,1825,133,8,16,1,1,0,0,8.007894734873844e-06,1.0,0.33963667209267706,0.5138678881669683,0.7026563412937596,2.3,0.010748300000159361,0.0016550000013921817,0.26801979999981995,0.014070100000026287,0.015279300000202056,0.005884100000002945,0.014064;0.014178;0.014070,0.015279;0.015521;0.015203,0.007211;0.005884;0.005720,,multiprocessing,2026-10-03T18:45:49+00:00
W8-00363,W8,n2-standard-8,Windows,2022Server,AMD64,Intel(R) Xeon(R) CPU @ 2.80GHz,intel,8,4,2800,34.4,3.14.6,CPython,1,spawn,2.5.3,db,db_mem_insert_select,112,30,0.3,ms,normal,315,49,8,16,1,1,1,0,0.00017507692303134274,1.0,0.15493438122278708,0.020076889691769566,0.8666245389929937,0.0,0.03041659999962576,0.0011093000034634315,0.26801979999981995,0.054133099999944534,0.26866160000008676,0.01628209999989849,0.054510;0.053900;0.054133,0.268662,0.016756;0.016282;0.016174,,multiprocessing,2026-10-03T18:45:50+00:00
W8-00364,W8,n2-standard-8,Windows,2022Server,AMD64,Intel(R) Xeon(R) CPU @ 2.80GHz,intel,8,4,2800,34.4,3.14.6,CPython,1,spawn,2.5.3,cpu,cpu_sum_squares,6206,33,0.8,seconds,normal,1134,53,8,16,1,2,0,0,0.0003210764331206693,0.9999931314427938,0.4757547700072537,0.013361304647488194,1.0187733634270502,0.0,0.10098459999971965,0.0010053000000880274,0.26801979999981995,0.35787329999993744,0.36258360000010725,0.11060419999967053,0.357548;0.359050;0.357873,0.362254;0.364880;0.362584,0.111624;0.110604;0.109865,,multiprocessing,2026-10-03T18:45:53+00:00
W8-00365,W8,n2-standard-8,Windows,2022Server,AMD64,Intel(R) Xeon(R) CPU @ 2.80GHz,intel,8,4,2800,34.4,3.14.6,CPython,1,spawn,2.5.3,db,db_file_commit,1,1749,0.8,ms,normal,17,1771,8,2,1,0,1,0,0.005742974999975559,0.25586815325111134,0.08554146994797263,0.0014583034240595672,1.0932852561715813,0.0,0.04414679999990767,0.0009819000001698441,0.1326176000002306,0.092818200000238,0.05582700000013574,0.05468020000034812,0.091165;0.093843;0.092818,0.056900;0.053471;0.055827,0.059540;0.054109;0.054680,,multiprocessing,2026-10-03T18:45:54+00:00
W8-00366,W8,n2-standard-8,Windows,2022Server,AMD64,Intel(R) Xeon(R) CPU @ 2.80GHz,intel,8,4,2800,34.4,3.14.6,CPython,1,spawn,2.5.3,text,text_csv_parse,2,86,0.3,ms,normal,88,105,8,8,2,3,0,0,0.00016493181818656342,1.0,0.14345673835319017,0.022372881457340493,0.8409230016461127,0.0,0.008949000000029628,0.0010495999999875494,0.18843379999998433,0.01442189999988841,0.015498700000080134,0.005201599999963946,0.014165;0.014422;0.014617,0.016038;0.015499;0.015427,0.005290;0.005081;0.005202,,multiprocessing,2026-10-03T18:45:56+00:00
W8-00367,W8,n2-standard-8,Windows,2022Server,AMD64,Intel(R) Xeon(R) CPU @ 2.80GHz,intel,8,4,2800,34.4,3.14.6,CPython,1,spawn,2.5.3,io,io_file_roundtrip,3,10072,0.0,ms,normal,8,10094,8,4,1,0,1,0,0.020187933333545516,0.08179358751304543,0.07518923175934078,0.0005861587241795882,1.5069111468735374,0.0,0.1000717000001714,0.0010324999993827078,0.15375390000008338,0.15634230000023308,0.05347540000002482,0.057115799999792216,0.159565;0.154891;0.156342,0.053752;0.053475;0.051228,0.058417;0.057116;0.053631,,threading,2026-10-03T18:45:57+00:00
W8-00368,W8,n2-standard-8,Windows,2022Server,AMD64,Intel(R) Xeon(R) CPU @ 2.80GHz,intel,8,4,2800,34.4,3.14.6,CPython,1,spawn,2.5.3,algo_iter,algo_game_of_life,11,1592,0.3,seconds,normal,191,1614,8,16,5,9,0,0,0.012737575000073775,1.0,0.20734001839337748,0.004726174331206883,0.8419490294785291,0.0,0.11400069999990592,0.001581299999543262,0.26801979999981995,2.8041607999998632,2.8482466999998906,0.7747042999999394,2.891800;2.804161;2.802058,2.848247;2.858904;2.841663,0.778411;0.774704;0.770384,,multiprocessing,2026-10-03T18:46:17+00:00
W8-00369,W8,n2-standard-8,Windows,2022Server,AMD64,Intel(R) Xeon(R) CPU @ 2.80GHz,intel,8,4,2800,34.4,3.14.6,CPython,1,spawn,2.5.3,tiny,tiny_small_loop,11,396,0.0,ms,normal,10495,418,8,4,0,0,0,0,3.897500080256577e-07,1.0,0.47952666502489344,10.814624569261001,0.5862813754372066,0.0,0.006410999999843625,0.003394599983948865,0.15375390000008338,0.0022773000000597676,0.003375600000254053,0.006949599999643397,0.002840;0.002277;0.002270,0.003376;0.003395;0.003299,0.008164;0.006803;0.006950,,sequential,2026-10-03T18:46:18+00:00
W8-00370,W8,n2-standard-8,Windows,2022Server,AMD64,Intel(R) Xeon(R) CPU @ 2.80GHz,intel,8,4,2800,34.4,3.14.6,CPython,1,spawn,2.5.3,gil_release,gil_bz2,61,300000,0.0,seconds,big,136,300022,8,8,0,1,0,1,0.006712187500113487,1.0,0.006607562145615194,0.016740071694134114,1.904726690606557,0.0,0.08350979999977426,0.0016184999990400684,0.18843379999998433,0.9133292999999867,0.25884039999982633,0.2876205000002301,0.911950;0.919507;0.913329,0.258840;0.256986;0.264169,0.289481;0.287621;0.277527,,threading,2026-10-03T18:46:23+00:00
W8-00371,W8,n2-standard-8,Windows,2022Server,AMD64,Intel(R) Xeon(R) CPU @ 2.80GHz,intel,8,4,2800,34.4,3.14.6,CPython,1,spawn,2.5.3,mixed,mixed_hash_then_write,472,50633,0.3,seconds,normal,3246,50656,8,16,1,3,1,0,0.00020085564515907647,0.9994834656338405,0.10705268107770909,0.08247216573007077,1.064775544689725,0.0,0.09842699999990145,0.0018616000002111832,0.26801979999981995,0.7074675000003481,0.5627015000000029,0.5709951999997429,0.657732;0.707468;0.718216,0.661292;0.562702;0.560941,0.568518;0.570995;0.642270,,threading,2026-10-03T18:46:30+00:00
W8-00372,W8,n2-standard-8,Windows,2022Server,AMD64,Intel(R) Xeon(R) CPU @ 2.80GHz,intel,8,4,2800,34.4,3.14.6,CPython,1,spawn,2.5.3,text,text_regex_findall,2,2224,0.8,seconds,normal,5709,2246,8,4,1,1,0,0,0.00022039383259448488,1.0,0.419946516672243,0.020077694613661778,0.9999391846443646,0.0,0.10083679999979722,0.0007382000007964962,0.15375390000008338,1.2406097999996746,1.2664789000000383,0.3832524999997986,1.240610;1.242105;1.238327,1.269289;1.266479;1.263912,0.455594;0.334180;0.383252,,multiprocessing,2026-10-03T18:46:39+00:00
W8-00373,W8,n2-standard-8,Windows,2022Server,AMD64,Intel(R) Xeon(R) CPU @ 2.80GHz,intel,8,4,2800,34.4,3.14.6,CPython,1,spawn,2.5.3,mixed,mixed_parse_lines,6,15363,0.8,ms,normal,33,15385,8,2,2,3,1,0,0.004433012500101086,0.8167007497187652,0.42985622033078796,0.002842310954602115,0.9999838082434268,0.0,0.07463920000009239,0.0011659999995572434,0.1326176000002306,0.17263580000008005,0.1549299999996947,0.0909059000000525,0.172746;0.172636;0.172599,0.155229;0.154930;0.154252,0.091964;0.090361;0.090906,,multiprocessing,2026-10-03T18:46:42+00:00
W8-00374,W8,n2-standard-8,Windows,2022Server,AMD64,Intel(R) Xeon(R) CPU @ 2.80GHz,intel,8,4,2800,34.4,3.14.6,CPython,1,spawn,2.5.3,big_payload,big_checksum_head,815,124927,0.0,seconds,big,1600,124950,8,8,1,1,0,0,1.9543999993629768e-05,1.0,0.04245483555186255,1.5022513300532119,0.8942857220415045,0.0,0.018252399999710178,0.0014551000022038352,0.18843379999998433,0.031242500000189466,0.0321432000000641,0.6401178000000982,0.031242;0.031293;0.031243,0.033581;0.032143;0.032108,0.640118,,sequential,2026-10-03T18:46:44+00:00
W8-00375,W8,n2-standard-8,Windows,2022Server,AMD64,Intel(R) Xeon(R) CPU @ 2.80GHz,intel,8,4,2800,34.4,3.14.6,CPython,1,spawn,2.5.3,io,io_sleep,1258,48,0.8,seconds,normal,1364,68,8,8,0,1,1,0,0.0020835239999541953,0.008663413519985244,0.2643890185000914,0.002011015932054507,2.1772472474365734,0.0,0.07668279999961669,0.00045240000099511235,0.18843379999998433,2.655021300000044,0.31924479999997857,0.3200016999999207,2.655021,0.319802;0.318314;0.319245,0.320002;0.317445;0.322320,,threading,2026-10-03T18:46:49+00:00
W8-00376,W8,n2-standard-8,Windows,2022Server,AMD64,Intel(R) Xeon(R) CPU @ 2.80GHz,intel,8,4,2800,34.4,3.14.6,CPython,1,spawn,2.5.3,algo_rec,algo_flood_fill,1,19,0.3,ms,normal,162,38,8,2,3,10,0,0,0.000287657500041405,1.0,0.761263453617377,0.013940189436157038,0.7230830155907707,0.0,0.027424299999893265,0.00041909999799827347,0.1326176000002306,0.05723840000018754,0.05980469999985871,0.03045059999976729,0.056729;0.057450;0.057238,0.060526;0.059805;0.058603,0.030143;0.031177;0.030451,,multiprocessing,2026-10-03T18:46:50+00:00
W8-00377,W8,n2-standard-8,Windows,2022Server,AMD64,Intel(R) Xeon(R) CPU @ 2.80GHz,intel,8,4,2800,34.4,3.14.6,CPython,1,spawn,2.5.3,algo_iter,algo_kmeans,80,1588,0.0,ms,normal,22,1610,8,4,3,15,0,0,0.002103279999937513,1.0,0.019134621513485463,0.00479251450215394,0.9085546687606447,0.0,0.023570500000005268,0.0015300000004572212,0.15375390000008338,0.04604150000022855,0.04723150000017995,0.013688399999864487,0.045817;0.046042;0.046268,0.047274;0.046729;0.047232,0.013501;0.013688;0.017542,,multiprocessing,2026-10-03T18:46:51+00:00
W8-00378,W8,n2-standard-8,Windows,2022Server,AMD64,Intel(R) Xeon(R) CPU @ 2.80GHz,intel,8,4,2800,34.4,3.14.6,CPython,1,spawn,2.5.3,tiny,tiny_dict_lookup,244,41,0.0,ms,normal,65584,60,8,16,0,1,0,0,2.648000045155641e-07,1.0,0.6443328416978262,14.898035753884747,0.44803718962002514,0.0,0.006097800000134157,0.003497799991237116,0.26801979999981995,0.012687399999776972,0.01729120000027251,0.024041399999987334,0.013315;0.012347;0.012687,0.016903;0.017334;0.017291,0.024830;0.024041;0.023655,,sequential,2026-10-03T18:46:52+00:00
W8-00379,W8,n2-standard-8,Windows,2022Server,AMD64,Intel(R) Xeon(R) CPU @ 2.80GHz,intel,8,4,2800,34.4,3.14.6,CPython,1,spawn,2.5.3,algo_iter,algo_dijkstra,6702,403824,0.8,seconds,big,9,403847,8,4,2,15,0,0,0.029542466666650096,1.0,0.3763935374847428,0.006267813347802321,1.354399258345087,0.0,0.14858600000025035,0.0020804000005227863,0.15375390000008338,0.21864049999976487,0.24073709999993298,0.07314919999998892,0.218640;0.221719;0.216020,0.240737;0.240734;0.240774,0.073149;0.069631;0.076853,,multiprocessing,2026-10-03T18:46:54+00:00
W8-00380,W8,n2-standard-8,Windows,2022Server,AMD64,Intel(R) Xeon(R) CPU @ 2.80GHz,intel,8,4,2800,34.4,3.14.6,CPython,1,spawn,2.5.3,recursive,rec_tree_sum,254,116802,0.8,ms,big,1712,116824.6,8,4,0,4,0,0,8.246705606983868e-05,1.0,0.458911664046938,0.29630013713974507,0.9730038546614751,0.0,0.07397990000026766,0.0022042000023247965,0.15375390000008338,0.14005820000011227,0.14669270000013057,0.6693772999997236,0.138694;0.140058;0.140522,0.145960;0.147951;0.146693,0.662852;0.713459;0.669377,,sequential,2026-10-03T18:46:58+00:00
W8-00381,W8,n2-standard-8,Windows,2022Server,AMD64,Intel(R) Xeon(R) CPU @ 2.80GHz,intel,8,4,2800,34.4,3.14.6,CPython,1,spawn,2.5.3,io,io_sleep,2810,1016064,0.0,seconds,big,120,1016087,8,16,0,1,1,0,0.003373919999952098,0.005996392846478265,0.03633266403445173,0.1461326883814519,1.8123763753280613,2.3,0.08645519999981843,0.007782500000303116,0.26801979999981995,0.40990640000018175,0.02782200000001467,0.18569709999974293,0.409906,0.027928;0.027822;0.027812,0.185697,,threading,2026-10-03T18:47:00+00:00
W8-00382,W8,n2-standard-8,Windows,2022Server,AMD64,Intel(R) Xeon(R) CPU @ 2.80GHz,intel,8,4,2800,34.4,3.14.6,CPython,1,spawn,2.5.3,gil_release,gil_sha256,2,7859,0.3,seconds,normal,9188,7881,8,2,1,1,0,1,4.1799238580572674e-05,1.0,0.24612429115005996,0.14545719568209028,1.6244259198258428,0.0,0.08336989999997968,0.0029607999977088184,0.1326176000002306,0.38268410000000586,0.207066400000258,0.30426059999990684,0.379394;0.382684;0.383248,0.206591;0.207348;0.207066,0.296541;0.304261;0.304579,,threading,2026-10-03T18:47:03+00:00
W8-00383,W8,n2-standard-8,Windows,2022Server,AMD64,Intel(R) Xeon(R) CPU @ 2.80GHz,intel,8,4,2800,34.4,3.14.6,CPython,1,spawn,2.5.3,tiny,tiny_dict_lookup,200,90,0.8,seconds,normal,200000,109.3,8,8,0,1,0,0,2.798000029997638e-07,1.0,0.6791689426847262,15.511079210066512,0.4700535205304878,0.0,0.00562469999977111,0.0029781999937767978,0.18843379999998433,0.04470100000025923,0.056443599999965954,0.07867549999991752,0.045339;0.043343;0.044701,0.057255;0.054270;0.056444,0.078675;0.077843;0.079073,,sequential,2026-10-03T18:47:05+00:00
W8-00384,W8,n2-standard-8,Windows,2022Server,AMD64,Intel(R) Xeon(R) CPU @ 2.80GHz,intel,8,4,2800,34.4,3.14.6,CPython,1,spawn,2.5.3,tiny,tiny_dict_lookup,92,115622,0.8,seconds,big,1729,115644,8,16,0,1,0,0,4.6828704377596163e-07,1.0,0.3225418047002178,62.568461790762534,0.2393672073102678,0.0,0.0027138999998896907,0.001419599997007026,0.26801979999981995,0.0005319000001691165,0.0013779999999314896,0.4553083999999217,0.000634;0.000532;0.000405,0.001733;0.001378;0.001207,0.455308,,sequential,2026-10-03T18:47:06+00:00
W8-00385,W8,n2-standard-8,Windows,2022Server,AMD64,Intel(R) Xeon(R) CPU @ 2.80GHz,intel,8,4,2800,34.4,3.14.6,CPython,1,spawn,2.5.3,recursive,rec_fib,50,1520181,0.3,seconds,big,131,1520203,8,8,0,4,0,0,4.803125008834286e-06,1.0,0.36658792091498504,211.17293389217653,0.18968732021725887,0.0,0.022201400000085414,0.021188499999425403,0.18843379999998433,0.0005639999999402789,0.001062499999989086,0.46338809999997466,0.000565;0.000564;0.000535,0.001123;0.001054;0.001062,0.463388,,sequential,2026-10-03T18:47:08+00:00
W8-00386,W8,n2-standard-8,Windows,2022Server,AMD64,Intel(R) Xeon(R) CPU @ 2.80GHz,intel,8,4,2800,34.4,3.14.6,CPython,1,spawn,2.5.3,text,text_format_report,3997,29,0.8,ms,normal,8,49,8,16,1,2,0,0,0.006144200000107958,1.0,0.5739750281238989,0.0015244729081095637,0.6646510946549178,0.0,0.045325700000375946,0.0008952000002864224,0.26801979999981995,0.051272400000016205,0.05216270000028089,0.017639300000155345,0.050046;0.051272;0.051507,0.051524;0.052163;0.054968,0.016382;0.017639;0.017928,,multiprocessing,2026-10-03T18:47:09+00:00
W8-00387,W8,n2-standard-8,Windows,2022Server,AMD64,Intel(R) Xeon(R) CPU @ 2.80GHz,intel,8,4,2800,34.4,3.14.6,CPython,1,spawn,2.5.3,recursive,rec_quicksort,4474,231,0.3,ms,normal,8,251,8,16,1,8,0,0,0.006490699999934198,1.0,0.1401139254737754,0.0014944459056851702,0.9048514754566238,0.0,0.04110760000003211,0.0011130000002594898,0.26801979999981995,0.04976799999985815,0.05149989999972604,0.015800599999693077,0.049401;0.049768;0.049889,0.051599;0.051500;0.050849,0.015801;0.015426;0.016773,,multiprocessing,2026-10-03T18:47:10+00:00
W8-00388,W8,n2-standard-8,Windows,2022Server,AMD64,Intel(R) Xeon(R) CPU @ 2.80GHz,intel,8,4,2800,34.4,3.14.6,CPython,1,spawn,2.5.3,algo_iter,algo_dijkstra,694,79,0.8,ms,normal,31,99,8,8,2,15,0,0,0.0016507571428649368,1.0,0.4655745460016036,0.0036087336248975255,0.9561625276338476,0.0,0.02218270000003031,0.0002783999998428044,0.18843379999998433,0.05322179999984655,0.05567810000002282,0.020106999999825348,0.052901;0.058519;0.053222,0.056486;0.054872;0.055678,0.020874;0.018263;0.020107,,multiprocessing,2026-10-03T18:47:11+00:00
W8-00389,W8,n2-standard-8,Windows,2022Server,AMD64,Intel(R) Xeon(R) CPU @ 2.80GHz,intel,8,4,2800,34.4,3.14.6,CPython,1,spawn,2.5.3,numpy,np_elementwise,1994,1090821,0.3,ms,big,8,1090844,8,16,0,4,0,0,0.00432056666659264,1.0,0.021641363312235623,0.15777251442443435,1.193421654991804,0.0,0.026028800000403862,0.0023036000006868562,0.26801979999981995,0.034594299999753275,0.012831000000005588,0.1270451000000321,0.034539;0.035200;0.034594,0.012909;0.012831;0.012534,0.127045,,threading,2026-10-03T18:47:11+00:00
W8-00390,W8,n2-standard-8,Windows,2022Server,AMD64,Intel(R) Xeon(R) CPU @ 2.80GHz,intel,8,4,2800,34.4,3.14.6,CPython,1,spawn,2.5.3,text,text_csv_parse,2,76,0.8,seconds,normal,25055,95,8,8,2,3,0,0,0.00014300573066900057,1.0,0.2554513770275013,0.026327616078016643,0.9652333712553706,1.2,0.10278050000033545,0.0009089999966818141,0.18843379999998433,3.6474315999998908,3.6226432999997087,1.0103354999996554,3.545638;3.689084;3.647432,3.585618;3.650421;3.622643,1.005980;1.011559;1.010335,,multiprocessing,2026-10-03T18:47:37+00:00
W8-00391,W8,n2-standard-8,Windows,2022Server,AMD64,Intel(R) Xeon(R) CPU @ 2.80GHz,intel,8,4,2800,34.4,3.14.6,CPython,1,spawn,2.5.3,recursive,rec_nqueens,29,54,0.0,ms,normal,19,73,8,4,1,10,0,0,0.004356250000000728,1.0,0.01566506786268568,0.0018880918192847082,0.9174623246609275,0.0,0.03746480000017982,0.001154800000222167,0.15375390000008338,0.08204750000004424,0.08355419999998048,0.03215939999972761,0.082048;0.082014;0.082492,0.083554;0.084376;0.083135,0.026732;0.037203;0.032159,,multiprocessing,2026-10-03T18:47:38+00:00
W8-00392,W8,n2-standard-8,Windows,2022Server,AMD64,Intel(R) Xeon(R) CPU @ 2.80GHz,intel,8,4,2800,34.4,3.14.6,CPython,1,spawn,2.5.3,text,text_regex_findall,75,2113,0.8,seconds,normal,66,2135,8,2,1,1,0,0,0.006932900000094833,1.0,0.5558216122535152,0.0009141196238023068,0.7705225118842653,0.0,0.12321780000002036,0.0003016999994542857,0.1326176000002306,0.5362249999998312,0.546121100000164,0.2835531999999148,0.533952;0.536225;0.537800,0.546121;0.545924;0.547526,0.287409;0.280065;0.283553,,multiprocessing,2026-10-03T18:47:43+00:00
W8-00393,W8,n2-standard-8,Windows,2022Server,AMD64,Intel(R) Xeon(R) CPU @ 2.80GHz,intel,8,4,2800,34.4,3.14.6,CPython,1,spawn,2.5.3,recursive,rec_nqueens,14,205029,0.3,ms,big,49,205051,8,2,1,10,0,0,0.0020280166667134836,1.0,0.18046667661700197,0.025386050442053068,0.9437509783489019,0.0,0.051586999999926775,0.0009211999995386577,0.1326176000002306,0.10152109999989989,0.10481100000015431,0.06728359999988243,0.101521;0.101480;0.103302,0.104700;0.104811;0.104899,0.067284;0.068014;0.065988,,multiprocessing,2026-10-03T18:47:44+00:00
W8-00394,W8,n2-standard-8,Windows,2022Server,AMD64,Intel(R) Xeon(R) CPU @ 2.80GHz,intel,8,4,2800,34.4,3.14.6,CPython,1,spawn,2.5.3,mixed,mixed_compute_then_sleep,88454,608324,0.8,seconds,big,328,608355.25,8,16,1,3,1,0,0.006751587500048117,0.6190840499388754,0.33088635450009685,0.06403679136946841,1.389075191906814,0.0,0.10007889999997133,0.0038191999997252424,0.26801979999981995,1.958321299999625,1.2504687999999078,0.547978200000216,1.961733;1.958321;1.953467,1.248999;1.250469;1.258733,0.546497;0.555650;0.547978,,multiprocessing,2026-10-03T18:47:57+00:00
W8-00395,W8,n2-standard-8,Windows,2022Server,AMD64,Intel(R) Xeon(R) CPU @ 2.80GHz,intel,8,4,2800,34.4,3.14.6,CPython,1,spawn,2.5.3,db,db_file_lookup,153,81,0.0,ms,normal,10,100,8,8,1,5,1,0,0.004032700000152545,1.0,0.03791767983857113,0.0018515304459621703,0.2753542407317746,0.0,0.05517179999969812,0.00022759999956178945,0.18843379999998433,0.039428699999916716,0.3218227000002116,0.015540699999746721,0.038888;0.039429;0.039438,0.321823,0.054387;0.015541;0.013103,,multiprocessing,2026-10-03T18:47:58+00:00
W8-00396,W8,n2-standard-8,Windows,2022Server,AMD64,Intel(R) Xeon(R) CPU @ 2.80GHz,intel,8,4,2800,34.4,3.14.6,CPython,1,spawn,2.5.3,algo_rec,algo_merge_sort,1529,39,0.3,ms,normal,11,59,8,2,1,10,0,0,0.0029951333332671006,1.0,0.12808425611780402,0.035056870009137195,0.9816988295872062,0.0,0.019656799999665964,0.0016362999999728345,0.1326176000002306,0.03315640000027997,0.0340491000001748,0.018109199999798875,0.032787;0.033156;0.033178,0.034362;0.033867;0.034049,0.017754;0.018513;0.018109,,multiprocessing,2026-10-03T18:47:59+00:00
W8-00397,W8,n2-standard-8,Windows,2022Server,AMD64,Intel(R) Xeon(R) CPU @ 2.80GHz,intel,8,4,2800,34.4,3.14.6,CPython,1,spawn,2.5.3,big_payload,big_reverse,4,1595251,0.0,ms,big,125,1595273,8,4,0,0,0,0,0.0008781709676998528,1.0,0.03098308418009219,1.9523533150102423,0.9426442447209995,1.1,0.09093590000020413,0.03477090000160388,0.15375390000008338,0.11626810000007026,0.1188481999997748,0.6696058000002267,0.115454;0.116944;0.116268,0.123818;0.117577;0.118848,0.669606,,sequential,2026-10-03T18:48:01+00:00
W8-00398,W8,n2-standard-8,Windows,2022Server,AMD64,Intel(R) Xeon(R) CPU @ 2.80GHz,intel,8,4,2800,34.4,3.14.6,CPython,1,spawn,2.5.3,tiny,tiny_add,6,457,0.8,ms,normal,131971,479,8,4,0,1,0,0,1.3594999654742425e-07,1.0,0.471714168078762,29.128356612540436,0.24133116235930033,1.9,0.005713100000320992,0.003350500006945367,0.15375390000008338,0.014897000000019034,0.0286855999997897,0.21075950000022203,0.014897;0.014560;0.014915,0.028686;0.027833;0.028710,0.210760,,sequential,2026-10-03T18:48:02+00:00
W8-00399,W8,n2-standard-8,Windows,2022Server,AMD64,Intel(R) Xeon(R) CPU @ 2.80GHz,intel,8,4,2800,34.4,3.14.6,CPython,1,spawn,2.5.3,recursive,rec_quicksort,14361,1126,0.0,ms,normal,8,1149,8,4,1,8,0,0,0.023022266666581952,1.0,0.014967291906071803,0.0004140918573886034,0.9609115876503964,1.1,0.14057320000028994,0.00025960000084523926,0.15375390000008338,0.1825963999999658,0.18780659999993077,0.06811190000007628,0.181212;0.183258;0.182596,0.185835;0.190355;0.187807,0.068112;0.069244;0.049526,,multiprocessing,2026-10-03T18:48:04+00:00
W8-00400,W8,n2-standard-8,Windows,2022Server,AMD64,Intel(R) Xeon(R) CPU @ 2.80GHz,intel,8,4,2800,34.4,3.14.6,CPython,1,spawn,2.5.3,numpy,np_elementwise,1633,130480,0.0,seconds,big,477,130503,8,2,0,4,0,0,0.0009791333333726239,1.0,0.14188595483840222,0.029786545947842347,1.5425406728980746,0.0,0.08331660000021657,0.0009946999985004368,0.1326176000002306,0.5258388000002014,0.32559779999974126,0.36419889999979205,0.525839;0.516191;0.528536,0.325598;0.323889;0.331953,0.355231;0.364199;0.374946,,threading,2026-10-03T18:48:09+00:00
W8-00401,W8,n2-standard-8,Windows,2022Server,AMD64,Intel(R) Xeon(R) CPU @ 2.80GHz,intel,8,4,2800,34.4,3.14.6,CPython,1,spawn,2.5.3,recursive,rec_fib,243,731,0.8,seconds,normal,200000,753.4,8,8,0,4,0,0,1.838565000161907e-05,1.0,0.4512189219784478,0.23415000369680822,0.9730633914433512,1.2,0.0791426999999203,0.00358649999679983,0.18843379999998433,3.6299435000000813,3.7587125999998534,1.1936046000000715,3.623955;3.629944;3.639457,3.758713;3.756062;3.762937,1.234590;1.184038;1.193605,,multiprocessing,2026-10-03T18:48:36+00:00
W8-00402,W8,n2-standard-8,Windows,2022Server,AMD64,Intel(R) Xeon(R) CPU @ 2.80GHz,intel,8,4,2800,34.4,3.14.6,CPython,1,spawn,2.5.3,algo_rec,algo_lcs_memo,1,833961,0.0,ms,big,12,833983,8,8,1,10,0,0,0.0070331333333039465,1.0,0.03356314793171842,0.06794506002439785,0.9373491136695687,0.0,0.04540050000014162,0.001731500000005326,0.18843379999998433,0.08168579999983194,0.08357740000019476,0.029165800000100717,0.081125;0.086926;0.081686,0.087490;0.083140;0.083577,0.030043;0.027033;0.029166,,multiprocessing,2026-10-03T18:48:37+00:00
W8-00403,W8,n2-standard-8,Windows,2022Server,AMD64,Intel(R) Xeon(R) CPU @ 2.80GHz,intel,8,4,2800,34.4,3.14.6,CPython,1,spawn,2.5.3,algo_iter,algo_edit_distance,1037,748,0.0,seconds,normal,1857,771,8,2,2,16,0,0,0.00017623380283502755,1.0,0.01743286948523797,0.023860348147742017,0.9774699770240906,0.0,0.10347700000011173,0.0020265999946786906,0.1326176000002306,0.327487900000051,0.33439980000002834,0.17146490000004633,0.333919;0.327238;0.327488,0.331891;0.336304;0.334400,0.165104;0.171465;0.171514,,multiprocessing,2026-10-03T18:48:40+00:00
W8-00404,W8,n2-standard-8,Windows,2022Server,AMD64,Intel(R) Xeon(R) CPU @ 2.80GHz,intel,8,4,2800,34.4,3.14.6,CPython,1,spawn,2.5.3,tiny,tiny_len,117,85,0.0,ms,normal,146350,104,8,2,0,0,0,0,1.3780000290353201e-07,1.0,1.4822755498810307,31.71262640412688,0.30809698268003366,0.0,0.005242200000338926,0.0031719999942652066,0.1326176000002306,0.010256699999899865,0.014590599999792175,0.06981820000009975,0.012111;0.010257;0.010146,0.015581;0.014591;0.014394,0.069818,,sequential,2026-10-03T18:48:41+00:00
W8-00405,W8,n2-standard-8,Windows,2022Server,AMD64,Intel(R) Xeon(R) CPU @ 2.80GHz,intel,8,4,2800,34.4,3.14.6,CPython,1,spawn,2.5.3,algo_rec,algo_sudoku,2,295,0.3,ms,normal,90,317,8,8,3,28,0,0,0.0013776227273700154,1.0,0.9137494721039257,0.0031285778920569713,0.3298753496275285,0.0,0.11924899999985428,0.002142799997727707,0.18843379999998433,0.18573719999994864,0.18862559999979567,0.09222200000021985,0.186349;0.185575;0.185737,0.188518;0.188626;0.190570,0.092890;0.092222;0.087631,,multiprocessing,2026-10-03T18:48:43+00:00
W8-00406,W8,n2-standard-8,Windows,2022Server,AMD64,Intel(R) Xeon(R) CPU @ 2.80GHz,intel,8,4,2800,34.4,3.14.6,CPython,1,spawn,2.5.3,text,text_regex_findall,17,166,0.8,ms,normal,76,185,8,4,1,1,0,0,0.00013509473683370743,1.0,0.44567879817861855,0.03136200733482887,0.9094359515477064,0.0,0.005817900000238296,0.00033310000026176567,0.15375390000008338,0.009030100000018138,0.00972379999984696,0.003838999999970838,0.009050;0.009013;0.009030,0.009651;0.009724;0.009730,0.003462;0.003839;0.004058,,multiprocessing,2026-10-03T18:48:43+00:00
W8-00407,W8,n2-standard-8,Windows,2022Server,AMD64,Intel(R) Xeon(R) CPU @ 2.80GHz,intel,8,4,2800,34.4,3.14.6,CPython,1,spawn,2.5.3,big_result,result_sorted_pairs,120,702,0.0,seconds,normal,82548,724,8,16,1,4,0,0,3.340324324782971e-05,1.0,0.5061109730508304,0.864287332561036,0.9660449740499606,0.0,0.10570630000029269,0.0043580999936239095,0.26801979999981995,3.8245535000000928,3.863427899999806,2.226239500000247,3.824554;3.782593;3.893525,3.917429;3.836714;3.863428,2.245852;2.226240;2.184589,,multiprocessing,2026-10-03T18:49:14+00:00
W8-00408,W8,n2-standard-8,Windows,2022Server,AMD64,Intel(R) Xeon(R) CPU @ 2.80GHz,intel,8,4,2800,34.4,3.14.6,CPython,1,spawn,2.5.3,algo_rec,algo_lcs_memo,2,351927,0.3,seconds,big,328,351949,8,16,1,10,0,0,0.008489583333433378,1.0,0.20843050840218458,0.010071165625321513,0.8500107706182386,3.4,0.10981840000022203,0.0007809999997334671,0.26801979999981995,3.15065659999982,3.2501984999998967,0.8648639000002731,2.976031;3.150657;3.257175,3.146354;3.250198;3.299290,0.864864;0.849383;0.880154,,multiprocessing,2026-10-03T18:49:37+00:00
W8-00409,W8,n2-standard-8,Windows,2022Server,AMD64,Intel(R) Xeon(R) CPU @ 2.80GHz,intel,8,4,2800,34.4,3.14.6,CPython,1,spawn,2.5.3,algo_rec,algo_sudoku,1,434,0.0,ms,normal,95,456,8,8,3,28,0,0,0.0005049347826017132,1.0,1.1357494994737376,0.007852499284263069,0.43589881447686624,12.9,0.038103899999896385,0.000366799999937939,0.18843379999998433,0.07477009999956863,0.07273880000002464,0.03081069999961983,0.070958;0.076403;0.074770,0.073801;0.072739;0.072310,0.030852;0.030811;0.030656,,multiprocessing,2026-10-03T18:49:38+00:00
W8-00410,W8,n2-standard-8,Windows,2022Server,AMD64,Intel(R) Xeon(R) CPU @ 2.80GHz,intel,8,4,2800,34.4,3.14.6,CPython,1,spawn,2.5.3,cpu,cpu_count_primes,113,339967,0.3,seconds,big,588,339989,8,16,2,4,0,0,1.6126530579417798e-05,1.0,0.2333299557080038,4.133561133164634,0.7531431445097388,3.4,0.00806190000002971,0.002408700004707498,0.26801979999981995,0.009525599999960832,0.010597700000289478,0.49918039999965913,0.009597;0.009526;0.009524,0.010598;0.010800;0.010466,0.499180,,sequential,2026-10-03T18:49:40+00:00
W8-00411,W8,n2-standard-8,Windows,2022Server,AMD64,Intel(R) Xeon(R) CPU @ 2.80GHz,intel,8,4,2800,34.4,3.14.6,CPython,1,spawn,2.5.3,tiny,tiny_dict_lookup,2,21,0.8,seconds,normal,200000,40,8,8,0,1,0,0,2.564499975505896e-07,1.0,0.33060800655044986,16.162994545717307,0.49985822830638954,0.0,0.005492700000104378,0.0030460000048151414,0.18843379999998433,0.033309100000224134,0.04274070000019492,0.05009890000019368,0.035432;0.033309;0.033198,0.044727;0.042419;0.042741,0.052866;0.050099;0.048619,,sequential,2026-10-03T18:49:41+00:00
W8-00412,W8,n2-standard-8,Windows,2022Server,AMD64,Intel(R) Xeon(R) CPU @ 2.80GHz,intel,8,4,2800,34.4,3.14.6,CPython,1,spawn,2.5.3,tiny,tiny_dict_lookup,16,141,0.0,seconds,normal,200000,160,8,2,0,1,0,0,2.9515000164792583e-07,1.0,0.6123153162348611,13.027274013399609,0.4876318037471304,0.0,0.005560300000070129,0.0029032999964329065,0.1326176000002306,0.04325660000040443,0.05161069999985557,0.1491015999999945,0.044073;0.043257;0.043220,0.053062;0.051092;0.051611,0.149102;0.149293;0.145117,,sequential,2026-10-03T18:49:42+00:00
W8-00413,W8,n2-standard-8,Windows,2022Server,AMD64,Intel(R) Xeon(R) CPU @ 2.80GHz,intel,8,4,2800,34.4,3.14.6,CPython,1,spawn,2.5.3,text,text_format_report,116,466,0.8,ms,normal,965,488,8,4,1,2,0,0,0.00015580331952581245,1.0,0.46060591878561935,0.02567339373344295,0.9253373847163159,0.0,0.07908639999959632,0.0007089999940035341,0.15375390000008338,0.15662509999992835,0.15716500000007727,0.058540199999697506,0.156062;0.156625;0.157528,0.157206;0.156152;0.157165,0.060104;0.057492;0.058540,,multiprocessing,2026-10-03T18:49:44+00:00
W8-00414,W8,n2-standard-8,Windows,2022Server,AMD64,Intel(R) Xeon(R) CPU @ 2.80GHz,intel,8,4,2800,34.4,3.14.6,CPython,1,spawn,2.5.3,tiny,tiny_len,453,549316,0.0,ms,big,364,549339,8,8,0,0,0,0,4.296703282107246e-07,1.0,0.33003232188968634,548.6764724559354,0.05849021446785541,0.0,0.005940900000041438,0.0051410000005489565,0.18843379999998433,8.32000000627886e-05,0.0007304000000658561,0.5220825000001241,0.000104;0.000083;0.000032,0.000730,0.522083,,sequential,2026-10-03T18:49:45+00:00
W8-00415,W8,n2-standard-8,Windows,2022Server,AMD64,Intel(R) Xeon(R) CPU @ 2.80GHz,intel,8,4,2800,34.4,3.14.6,CPython,1,spawn,2.5.3,big_payload,big_upper_copy,5,170252,0.8,seconds,big,1174,170274,8,16,0,0,0,0,7.786040955905593e-05,1.0,0.06891155800505216,0.8964761469338781,0.7218186188903132,0.0,0.057158999999955995,0.002614299999549985,0.26801979999981995,0.1413643000000775,0.14414439999973183,0.6799710000000232,0.153463;0.131227;0.141364,0.161489;0.144086;0.144144,0.679971,,sequential,2026-10-03T18:49:48+00:00
W8-00416,W8,n2-standard-8,Windows,2022Server,AMD64,Intel(R) Xeon(R) CPU @ 2.80GHz,intel,8,4,2800,34.4,3.14.6,CPython,1,spawn,2.5.3,text,text_format_report,3080,25,0.8,seconds,normal,389,45,8,4,1,2,0,0,0.004464358333317857,1.0,0.5404507724206006,0.0010378497927284772,1.067466191444797,2.3,0.10603470000023663,0.00034190000042144675,0.15375390000008338,1.6798644000000422,1.688643200000115,0.5211618000003,1.686353;1.679864;1.677147,1.691735;1.688643;1.688484,0.521162;0.540342;0.466964,,multiprocessing,2026-10-03T18:50:00+00:00
W8-00417,W8,n2-standard-8,Windows,2022Server,AMD64,Intel(R) Xeon(R) CPU @ 2.80GHz,intel,8,4,2800,34.4,3.14.6,CPython,1,spawn,2.5.3,db,db_file_lookup,21,270770,0.8,ms,big,226,270792,8,16,1,5,1,0,0.0007254053571728036,1.0,0.2877458158614711,0.0770258992754417,0.6571311791263689,0.0,0.1035148000000845,0.0015411999984280556,0.26801979999981995,0.16854789999979403,0.09956609999971988,0.10427930000014385,0.168939;0.168548;0.168216,0.101693;0.094169;0.099566,0.105244;0.104279;0.103938,,threading,2026-10-03T18:50:02+00:00
W8-00418,W8,n2-standard-8,Windows,2022Server,AMD64,Intel(R) Xeon(R) CPU @ 2.80GHz,intel,8,4,2800,34.4,3.14.6,CPython,1,spawn,2.5.3,algo_iter,algo_game_of_life,2,220,0.8,ms,normal,8,239,8,8,5,9,0,0,0.0033440333333298136,1.0,0.3744154593011275,0.018161701023336186,1.5496885306057087,1.9,0.018646800000169605,0.00037450000036187703,0.18843379999998433,0.025604800000110117,0.02662849999978789,0.0094850000000406,0.025580;0.025789;0.025605,0.026628;0.026514;0.026788,0.011186;0.009485;0.009391,,multiprocessing,2026-10-03T18:50:03+00:00
W8-00419,W8,n2-standard-8,Windows,2022Server,AMD64,Intel(R) Xeon(R) CPU @ 2.80GHz,intel,8,4,2800,34.4,3.14.6,CPython,1,spawn,2.5.3,algo_iter,algo_dijkstra,170,1784,0.3,seconds,normal,4757,1806,8,16,2,15,0,0,0.00034075034012808446,1.0,0.18837245140147613,0.012487148007274261,0.9388643599393555,0.0,0.10405350000019098,0.000599200001488498,0.26801979999981995,1.656966900000043,1.7002510000002076,0.47782550000010815,1.651795;1.659293;1.656967,1.692362;1.700251;2.006422,0.477826;0.476524;0.478591,,multiprocessing,2026-10-03T18:50:16+00:00
W8-00420,W8,n2-standard-8,Windows,2022Server,AMD64,Intel(R) Xeon(R) CPU @ 2.80GHz,intel,8,4,2800,34.4,3.14.6,CPython,1,spawn,2.5.3,io,io_file_roundtrip,4,610658,0.8,seconds,big,112,610680,8,16,1,0,1,0,0.03111606666652733,0.12716111949451542,0.28715849406497124,0.012766180812417363,1.3588303900835046,0.0,0.17747479999979987,0.0014944000004106783,0.26801979999981995,3.699919499999851,1.9095334999997249,1.8074111000000812,3.810758;3.679460;3.699919,1.905304;1.914308;1.909533,1.807411;1.900116;1.796784,,multiprocessing,2026-10-03T18:50:39+00:00
W8-00421,W8,n2-standard-8,Windows,2022Server,AMD64,Intel(R) Xeon(R) CPU @ 2.80GHz,intel,8,4,2800,34.4,3.14.6,CPython,1,spawn,2.5.3,algo_iter,algo_edit_distance,8518,38,0.0,ms,normal,10,58,8,4,2,16,0,0,0.0013845000000098178,1.0,0.006968684050188541,0.008065486822506114,0.8559493985902119,0.4,0.009305600000061531,0.00025030000006154296,0.15375390000008338,0.013783500000045024,0.014327200000025186,0.006583599999885337,0.013776;0.013834;0.013784,0.014327;0.015071;0.014321,0.005224;0.006584;0.006678,,multiprocessing,2026-10-03T18:50:40+00:00
W8-00422,W8,n2-standard-8,Windows,2022Server,AMD64,Intel(R) Xeon(R) CPU @ 2.80GHz,intel,8,4,2800,34.4,3.14.6,CPython,1,spawn,2.5.3,text,text_format_report,105,293,0.8,ms,normal,697,315,8,2,1,2,0,0,0.00014933965518588822,1.0,0.42042479856614823,0.0284920976889824,0.9900379843570519,0.4,0.053040900000269176,0.0006364999976540275,0.1326176000002306,0.09923230000003969,0.1008867000000464,0.05119989999957397,0.099232;0.100311;0.099199,0.101013;0.100887;0.100757,0.051513;0.050901;0.051200,,multiprocessing,2026-10-03T18:50:41+00:00
W8-00423,W8,n2-standard-8,Windows,2022Server,AMD64,Intel(R) Xeon(R) CPU @ 2.80GHz,intel,8,4,2800,34.4,3.14.6,CPython,1,spawn,2.5.3,recursive,rec_tree_sum,2899,44,0.8,ms,normal,136,64,8,2,0,4,0,0,0.0010120882353235443,1.0,0.6325168476412368,0.004268402471892584,0.8548201067631529,0.0,0.07506480000029114,0.00042859999939537374,0.1326176000002306,0.15256399999998393,0.15817010000000664,0.07965389999981198,0.155404;0.152564;0.151291,0.162468;0.158170;0.157901,0.156889;0.079506;0.079654,,multiprocessing,2026-10-03T18:50:43+00:00
W8-00424,W8,n2-standard-8,Windows,2022Server,AMD64,Intel(R) Xeon(R) CPU @ 2.80GHz,intel,8,4,2800,34.4,3.14.6,CPython,1,spawn,2.5.3,db,db_file_commit,2,970,0.8,ms,normal,8,992,8,8,1,0,1,0,0.00946299999986877,0.2618913837303027,0.38692328661871317,0.001014477426286166,0.7934943551599449,0.0,0.05552660000012111,0.0002653000005921058,0.18843379999998433,0.08350109999992128,0.02896820000023581,0.023049400000218156,0.083501;0.081689;0.090875,0.037028;0.024952;0.028968,0.040406;0.021992;0.023049,,multiprocessing,2026-10-03T18:50:44+00:00
W8-00425,W8,n2-standard-8,Windows,2022Server,AMD64,Intel(R) Xeon(R) CPU @ 2.80GHz,intel,8,4,2800,34.4,3.14.6,CPython,1,spawn,2.5.3,algo_rec,algo_merge_sort,2309,304,0.3,ms,normal,8,327,8,16,1,10,0,0,0.004213833333475729,1.0,0.2164061098243754,0.030075544840081923,1.062169697038393,0.0,0.025651399999787827,0.0005757999992965779,0.26801979999981995,0.032323599999926955,0.03342500000007931,0.011391900000035093,0.032053;0.032324;0.032879,0.033425;0.033697;0.033148,0.010949;0.012910;0.011392,,multiprocessing,2026-10-03T18:50:45+00:00
W8-00426,W8,n2-standard-8,Windows,2022Server,AMD64,Intel(R) Xeon(R) CPU @ 2.80GHz,intel,8,4,2800,34.4,3.14.6,CPython,1,spawn,2.5.3,algo_iter,algo_dijkstra,6287,113,0.8,ms,normal,8,133,8,2,2,15,0,0,0.02464019999994586,1.0,0.5752850038935481,0.0004139576751023849,0.578837573397653,0.0,0.16022970000040004,0.00026370000068709487,0.1326176000002306,0.17867039999964618,0.1967274999997244,0.09571370000003299,0.178670;0.173766;0.178751,0.196727;0.197347;0.194799,0.093473;0.095714;0.099361,,multiprocessing,2026-10-03T18:50:47+00:00
W8-00427,W8,n2-standard-8,Windows,2022Server,AMD64,Intel(R) Xeon(R) CPU @ 2.80GHz,intel,8,4,2800,34.4,3.14.6,CPython,1,spawn,2.5.3,algo_iter,algo_dijkstra,6713,282789,0.0,ms,big,8,282812,8,2,2,15,0,0,0.019483400000050704,1.0,0.04749677746406985,0.006850275972889919,0.9143170872287921,0.0,0.12095739999995203,0.000638999999864609,0.1326176000002306,0.15503120000039416,0.16799540000010893,0.08029819999956089,0.155031;0.154071;0.155461,0.179948;0.163632;0.167995,0.080298;0.084553;0.079680,,multiprocessing,2026-10-03T18:50:49+00:00
W8-00428,W8,n2-standard-8,Windows,2022Server,AMD64,Intel(R) Xeon(R) CPU @ 2.80GHz,intel,8,4,2800,34.4,3.14.6,CPython,1,spawn,2.5.3,recursive,rec_nqueens,19,70,0.3,ms,normal,33,89,8,4,1,10,0,0,0.0028571874999556712,1.0,0.18695658771530568,0.0020474680210801734,0.997666299550678,0.0,0.04683199999999488,0.00025860000005195616,0.15375390000008338,0.09378329999981361,0.09556139999995139,0.03567269999985001,0.092584;0.093783;0.094947,0.095931;0.095561;0.094609,0.026536;0.051756;0.035673,,multiprocessing,2026-10-03T18:50:50+00:00
W8-00429,W8,n2-standard-8,Windows,2022Server,AMD64,Intel(R) Xeon(R) CPU @ 2.80GHz,intel,8,4,2800,34.4,3.14.6,CPython,1,spawn,2.5.3,big_result,result_sorted_pairs,169,100493,0.3,ms,big,590,100515,8,8,1,4,0,0,5.712244897690003e-05,1.0,0.4127346084030913,1.0029331903882341,0.9230684072297369,0.0,0.019246500000008382,0.0016558000002078188,0.18843379999998433,0.032898999999815715,0.03288520000023709,0.12370980000014242,0.032899;0.033310;0.032126,0.032885;0.031908;0.034155,0.126503;0.122683;0.123710,,threading,2026-10-03T18:50:51+00:00
W8-00430,W8,n2-standard-8,Windows,2022Server,AMD64,Intel(R) Xeon(R) CPU @ 2.80GHz,intel,8,4,2800,34.4,3.14.6,CPython,1,spawn,2.5.3,big_result,result_matrix_lists,366,206,0.3,ms,normal,8,226,8,16,2,5,0,0,0.01007383333338415,1.0,0.25245023857654464,0.2937610641345967,0.8503100219838572,2.3,0.07990220000010595,0.009124299999712093,0.26801979999981995,0.10341330000028393,0.1056948000000375,0.04701719999957277,0.105017;0.103413;0.103402,0.105507;0.105695;0.108384,0.047017;0.046752;0.060049,,multiprocessing,2026-10-03T18:50:53+00:00
W8-00431,W8,n2-standard-8,Windows,2022Server,AMD64,Intel(R) Xeon(R) CPU @ 2.80GHz,intel,8,4,2800,34.4,3.14.6,CPython,1,spawn,2.5.3,algo_rec,algo_merge_sort,5534,150034,0.3,seconds,big,51,150057,8,4,1,10,0,0,0.01298240000005535,1.0,0.15179892412824375,0.030368036726467634,1.1516246773354444,0.0,0.0968763000000763,0.0018305999997210165,0.15375390000008338,0.5704537999999957,0.5801907999998548,0.19320990000005622,0.568531;0.571550;0.570454,0.578020;0.583972;0.580191,0.219914;0.176247;0.193210,,multiprocessing,2026-10-03T18:50:57+00:00
W8-00432,W8,n2-standard-8,Windows,2022Server,AMD64,Intel(R) Xeon(R) CPU @ 2.80GHz,intel,8,4,2800,34.4,3.14.6,CPython,1,spawn,2.5.3,gil_release,gil_zlib,1,35324,0.0,seconds,normal,5661,35346,8,16,1,1,0,1,0.0008563423728647048,1.0,0.03207680366080574,0.01542023432292155,1.8218506494969873,0.0,0.07898079999995389,0.0007278000007318042,0.26801979999981995,4.818246000000272,0.8165708000001359,0.9791229000002204,4.818246,0.822928;0.814315;0.816571,0.969754;0.979123;0.985519,,threading,2026-10-03T18:51:09+00:00
W8-00433,W8,n2-standard-8,Windows,2022Server,AMD64,Intel(R) Xeon(R) CPU @ 2.80GHz,intel,8,4,2800,34.4,3.14.6,CPython,1,spawn,2.5.3,db,db_file_lookup,133,45,0.3,seconds,normal,450,64,8,8,1,5,1,0,0.0035346799999994498,1.0,0.10168052012006949,0.0010637455191782681,0.8298750984461838,0.0,0.11727289999998902,0.0003483000000414904,0.18843379999998433,1.5436210000002575,0.7339946000001873,0.4181896999998571,1.558112;1.543621;1.534812,0.733995;0.752692;0.733668,0.418190;0.415723;0.423193,,multiprocessing,2026-10-03T18:51:18+00:00
W8-00434,W8,n2-standard-8,Windows,2022Server,AMD64,Intel(R) Xeon(R) CPU @ 2.80GHz,intel,8,4,2800,34.4,3.14.6,CPython,1,spawn,2.5.3,io,io_sleep_return_payload,264,1706,0.8,ms,normal,73,1728.5,8,8,0,1,1,0,0.0009695666666023802,0.013232913230409335,0.035875854012889515,0.005168402872963302,1.9609001165213886,0.0,0.0273536999998214,0.0008473000007143128,0.18843379999998433,0.07112330000018119,0.009626799999750801,0.009387799999785784,0.071123,0.009314;0.009627;0.009698,0.009917;0.009388;0.008703,,multiprocessing,2026-10-03T18:51:18+00:00
W8-00435,W8,n2-standard-8,Windows,2022Server,AMD64,Intel(R) Xeon(R) CPU @ 2.80GHz,intel,8,4,2800,34.4,3.14.6,CPython,1,spawn,2.5.3,recursive,rec_fib,40834,766,0.8,seconds,normal,374,789.1666666666666,8,4,0,4,0,0,0.0041832333333028755,1.0,0.43783774546699905,0.0014163685326421364,1.0767861763644848,0.0,0.09653300000036324,0.00031020000051285024,0.15375390000008338,1.4573199000001296,1.4627215000000433,0.43997239999998783,1.457732;1.457320;1.454321,1.462722;1.460585;1.464709,0.443154;0.439073;0.439972,,multiprocessing,2026-10-03T18:51:29+00:00
W8-00436,W8,n2-standard-8,Windows,2022Server,AMD64,Intel(R) Xeon(R) CPU @ 2.80GHz,intel,8,4,2800,34.4,3.14.6,CPython,1,spawn,2.5.3,text,text_regex_findall,50,178,0.8,seconds,normal,1466,197,8,8,1,1,0,0,0.000371047407427088,1.0,0.5043851372426676,0.010133475893948807,0.9335595745178222,15.5,0.10466149999956542,0.0005856999969182652,0.18843379999998433,0.5885825000000295,0.609696200000144,0.21605649999992238,0.610078;0.588583;0.588327,0.613049;0.609696;0.601095,0.214081;0.219893;0.216056,,multiprocessing,2026-10-03T18:51:45+00:00
W8-00437,W8,n2-standard-8,Windows,2022Server,AMD64,Intel(R) Xeon(R) CPU @ 2.80GHz,intel,8,4,2800,34.4,3.14.6,CPython,1,spawn,2.5.3,algo_rec,algo_lcs_memo,3,25,0.8,ms,normal,8,44,8,4,1,10,0,0,0.006150600000182749,1.0,0.4365250319967355,0.0015662428576226643,0.9066016621809933,12.5,0.04430980000006457,0.00024319999920408009,0.15375390000008338,0.05148959999996805,0.05491669999992155,0.021730200000092736,0.051586;0.051456;0.051490,0.054917;0.055271;0.053531,0.021730;0.022909;0.019993,,multiprocessing,2026-10-03T18:51:46+00:00
W8-00438,W8,n2-standard-8,Windows,2022Server,AMD64,Intel(R) Xeon(R) CPU @ 2.80GHz,intel,8,4,2800,34.4,3.14.6,CPython,1,spawn,2.5.3,gil_release,gil_zlib,1,160474,0.8,seconds,big,938,160496,8,8,1,1,0,1,0.0051072900000690424,1.0,0.3264492125836929,0.006590579376579174,1.931935742169038,3.1,0.07858429999987493,0.0006397999991349934,0.18843379999998433,4.679800800000066,0.8202355000003081,0.9655649999999696,4.679801,0.820236;0.810220;0.828739,0.965565;0.972817;0.959093,,threading,2026-10-03T18:51:57+00:00
W8-00439,W8,n2-standard-8,Windows,2022Server,AMD64,Intel(R) Xeon(R) CPU @ 2.80GHz,intel,8,4,2800,34.4,3.14.6,CPython,1,spawn,2.5.3,mixed,mixed_parse_lines,28,8830,0.8,ms,normal,8,8852,8,16,2,3,1,0,0.00840926666675538,0.8997874337140521,0.3370850076237342,0.0022158095436807506,0.6291788302970021,0.0,0.06740570000010848,0.0002586999999039108,0.26801979999981995,0.0842913999999837,0.0807212999998228,0.03569019999986267,0.084288;0.084291;0.084314,0.081335;0.080527;0.080721,0.039383;0.035690;0.027952,,multiprocessing,2026-10-03T18:51:58+00:00
W8-00440,W8,n2-standard-8,Windows,2022Server,AMD64,Intel(R) Xeon(R) CPU @ 2.80GHz,intel,8,4,2800,34.4,3.14.6,CPython,1,spawn,2.5.3,gil_release,gil_numpy_matmul,148,5565,0.3,ms,normal,256,5587,8,16,0,2,0,1,0.00020394374998033982,1.0,0.4407182429080316,0.03447028891086643,1.2996902195507085,0.0,0.024385200000324403,0.001248700001724501,0.26801979999981995,0.05503900000030626,0.03391300000021147,0.01701950000006036,0.054570;0.055111;0.055039,0.034134;0.033913;0.033620,0.142292;0.017020;0.016573,,multiprocessing,2026-10-03T18:51:59+00:00
W8-00441,W8,n2-standard-8,Windows,2022Server,AMD64,Intel(R) Xeon(R) CPU @ 2.80GHz,intel,8,4,2800,34.4,3.14.6,CPython,1,spawn,2.5.3,mixed,mixed_json_roundtrip,108,129788,0.3,ms,big,21,129810,8,2,1,1,1,0,0.0038721599999007594,0.7902418331979346,0.06882578680271137,0.007876740596187445,0.9804375453415652,0.4,0.03967579999971349,0.0009782000001905544,0.1326176000002306,0.08173739999983809,0.06979490000003352,0.04848149999997986,0.081737;0.081877;0.081437,0.069795;0.070250;0.069779,0.049013;0.048481;0.047961,,multiprocessing,2026-10-03T18:52:01+00:00
W8-00442,W8,n2-standard-8,Windows,2022Server,AMD64,Intel(R) Xeon(R) CPU @ 2.80GHz,intel,8,4,2800,34.4,3.14.6,CPython,1,spawn,2.5.3,mixed,mixed_json_roundtrip,28,525,0.3,ms,normal,47,547,8,16,1,1,1,0,0.0014498454545652996,0.4835540692842083,0.17641103390765234,0.0033796704899018907,1.4467792408754605,0.0,0.027857699999913166,0.0003052999995816208,0.26801979999981995,0.07158240000035221,0.04051690000005692,0.011859800000365794,0.071582,0.040359;0.040942;0.040517,0.012367;0.011860;0.011845,,multiprocessing,2026-10-03T18:52:01+00:00
W8-00443,W8,n2-standard-8,Windows,2022Server,AMD64,Intel(R) Xeon(R) CPU @ 2.80GHz,intel,8,4,2800,34.4,3.14.6,CPython,1,spawn,2.5.3,recursive,rec_nqueens,6,1256,0.0,seconds,normal,2489,1278,8,16,1,10,0,0,0.0009015232142896171,1.0,0.04392522235568041,0.005002644317658012,0.9639576645784171,0.0,0.10332020000032571,0.0004952999997840379,0.26801979999981995,2.21834250000029,2.286980599999879,0.6105202999997346,2.213403;2.218343;2.257776,2.286981;2.261120;2.287963,0.610520;0.608036;0.617679,,multiprocessing,2026-10-03T18:52:17+00:00
W8-00444,W8,n2-standard-8,Windows,2022Server,AMD64,Intel(R) Xeon(R) CPU @ 2.80GHz,intel,8,4,2800,34.4,3.14.6,CPython,1,spawn,2.5.3,big_payload,big_checksum_head,3082,754859,0.3,seconds,big,264,754882,8,4,1,1,0,0,7.472878787390955e-05,1.0,0.15812717196292117,4.843314207865689,0.8575446618706544,0.0,0.018458400000326947,0.007674200000565179,0.15375390000008338,0.01958539999986897,0.020121699999890552,0.5454689999996845,0.019303;0.019585;0.019996,0.020599;0.020122;0.020034,0.545469,,sequential,2026-10-03T18:52:19+00:00
W8-00445,W8,n2-standard-8,Windows,2022Server,AMD64,Intel(R) Xeon(R) CPU @ 2.80GHz,intel,8,4,2800,34.4,3.14.6,CPython,1,spawn,2.5.3,recursive,rec_fib,42080,659,0.3,seconds,normal,315,682,8,4,0,4,0,0,0.004147999999916534,1.0,0.30487057508282317,0.0012795786693910072,0.9131305995725024,2.3,0.11259209999980158,0.0003350000006321352,0.15375390000008338,1.4112815000003138,1.4145787999996173,0.4469979999998941,1.411282;1.411856;1.407771,1.414742;1.412184;1.414579,0.442687;0.448932;0.446998,,multiprocessing,2026-10-03T18:52:30+00:00
W8-00446,W8,n2-standard-8,Windows,2022Server,AMD64,Intel(R) Xeon(R) CPU @ 2.80GHz,intel,8,4,2800,34.4,3.14.6,CPython,1,spawn,2.5.3,big_payload,big_checksum_head,511,1202416,0.0,seconds,big,166,1202439,8,4,1,1,0,0,1.3136585349878637e-05,1.0,0.1828409234715891,57.85331421803207,0.4287828534733268,0.0,0.017441599999983737,0.015589600000566861,0.15375390000008338,0.0021123999999872467,0.002496999999948457,0.5273072999998476,0.002128;0.002112;0.002040,0.002510;0.002497;0.002384,0.527307,,sequential,2026-10-03T18:52:31+00:00
W8-00447,W8,n2-standard-8,Windows,2022Server,AMD64,Intel(R) Xeon(R) CPU @ 2.80GHz,intel,8,4,2800,34.4,3.14.6,CPython,1,spawn,2.5.3,text,text_regex_findall,1,646,0.3,seconds,normal,26858,668,8,4,1,1,0,0,3.322384150157575e-05,1.0,0.15740415802366925,0.13755182228501509,0.9675056791758544,2.3,0.10395620000008421,0.0026226000040878716,0.15375390000008338,0.8879630000001271,0.9004423999999744,0.24672940000027666,0.879342;0.887963;0.888468,0.900442;0.899167;0.902254,0.303596;0.246729;0.246727,,multiprocessing,2026-10-03T18:52:38+00:00
W8-00448,W8,n2-standard-8,Windows,2022Server,AMD64,Intel(R) Xeon(R) CPU @ 2.80GHz,intel,8,4,2800,34.4,3.14.6,CPython,1,spawn,2.5.3,recursive,rec_quicksort,13770,444,0.8,seconds,normal,70,467,8,16,1,8,0,0,0.020051366666545316,1.0,0.8500866270567979,0.00045882160188009274,0.3722743076221915,0.0,0.12495600000011109,0.0002809000006891438,0.26801979999981995,1.6512821999999687,1.6744567999999163,0.42607120000002396,1.651282;1.658652;1.650864,1.664320;1.674457;1.680618,0.426071;0.425366;0.442222,,multiprocessing,2026-10-03T18:52:50+00:00
W8-00449,W8,n2-standard-8,Windows,2022Server,AMD64,Intel(R) Xeon(R) CPU @ 2.80GHz,intel,8,4,2800,34.4,3.14.6,CPython,1,spawn,2.5.3,big_payload,big_upper_copy,5,309001,0.3,ms,big,295,309023,8,8,0,0,0,0,0.00021519726028164358,1.0,0.12948181600948608,0.5257734223703192,0.9275956364893023,0.0,0.035565800000313175,0.0027909999998882995,0.18843379999998433,0.06352880000031291,0.06685170000037033,0.30005830000027345,0.069158;0.063212;0.063529,0.071570;0.066852;0.066589,0.300058;0.348518;0.297932,,sequential,2026-10-03T18:52:52+00:00
W8-00450,W8,n2-standard-8,Windows,2022Server,AMD64,Intel(R) Xeon(R) CPU @ 2.80GHz,intel,8,4,2800,34.4,3.14.6,CPython,1,spawn,2.5.3,cpu,cpu_count_primes,159,16,0.3,ms,normal,1155,35,8,16,2,4,0,0,2.493715278085852e-05,1.0,0.2523869135629,0.17183196644930462,0.88056823404365,4.5,0.01637140000002546,0.000826799999231298,0.26801979999981995,0.02894220000007408,0.03013730000020587,0.010427899999740475,0.028942;0.028856;0.028958,0.030137;0.030028;0.031023,0.010469;0.010252;0.010428,,multiprocessing,2026-10-03T18:52:53+00:00
W8-00451,W8,n2-standard-8,Windows,2022Server,AMD64,Intel(R) Xeon(R) CPU @ 2.80GHz,intel,8,4,2800,34.4,3.14.6,CPython,1,spawn,2.5.3,recursive,rec_fib,111156,396,0.8,ms,normal,8,421,8,4,0,4,0,0,0.01102883333336043,1.0,0.2086026515698966,0.0012966013237518288,0.991483327066944,0.0,0.07169229999999516,0.0002484000001459208,0.15375390000008338,0.08852440000009665,0.0883785999999418,0.02677499999981592,0.089042;0.088444;0.088524,0.088379;0.089008;0.088168,0.026775;0.026741;0.026850,,multiprocessing,2026-10-03T18:52:54+00:00
W8-00452,W8,n2-standard-8,Windows,2022Server,AMD64,Intel(R) Xeon(R) CPU @ 2.80GHz,intel,8,4,2800,34.4,3.14.6,CPython,1,spawn,2.5.3,cpu,cpu_matmul_lists,10,841,0.3,seconds,normal,39877,863,8,8,3,5,0,0,6.816123288930836e-05,1.0,0.4489171162025835,0.06411268957222817,0.9522783169336576,0.0,0.10392129999991084,0.0014829999904577562,0.18843379999998433,2.7133530000000974,2.7695577999998022,0.83187769999995,2.713353;2.702269;2.714193,2.769558;2.767093;2.770112,0.839422;0.831878;0.824477,,multiprocessing,2026-10-03T18:53:14+00:00
W8-00453,W8,n2-standard-8,Windows,2022Server,AMD64,Intel(R) Xeon(R) CPU @ 2.80GHz,intel,8,4,2800,34.4,3.14.6,CPython,1,spawn,2.5.3,db,db_mem_group_by,470,878,0.8,seconds,normal,1449,900.8,8,16,1,2,1,0,0.0005991630952437498,1.0,0.4035496088656942,0.006509079058784167,0.7775512393399281,0.0,0.11658650000026682,0.0013108999996802595,0.26801979999981995,0.8300186000001304,2.0690425000007053,0.21380850000014107,0.830019,2.069043,0.213809,threading,multiprocessing,2026-10-03T18:53:18+00:00
W8-00454,W8,n2-standard-8,Windows,2022Server,AMD64,Intel(R) Xeon(R) CPU @ 2.80GHz,intel,8,4,2800,34.4,3.14.6,CPython,1,spawn,2.5.3,big_result,result_matrix_lists,270,66,0.0,seconds,normal,69,86,8,2,2,5,0,0,0.007769700000153534,1.0,0.009225830640001936,0.30787546494742407,0.8859708528524105,0.0,0.1542331999999078,0.03817359999857217,0.13949330000014015,0.5643721000001278,0.5705289999996239,0.3794459000000643,0.555089;0.565916;0.564372,0.581871;0.570327;0.570529,0.379446;0.381064;0.375302,,multiprocessing,2026-10-03T18:53:23+00:00
W8-00455,W8,n2-standard-8,Windows,2022Server,AMD64,Intel(R) Xeon(R) CPU @ 2.80GHz,intel,8,4,2800,34.4,3.14.6,CPython,1,spawn,2.5.3,big_payload,big_count_byte,1,471199,0.3,seconds,big,424,471221,8,8,0,1,0,0,0.00028231415094609783,1.0,0.017971266700157588,0.2924933084522168,0.972956421199122,0.0,0.06349069999987478,0.002663799999481853,0.19527090000019598,0.11988000000019383,0.12329970000018875,0.49828389999993306,0.125808;0.119880;0.119600,0.121856;0.124117;0.123300,0.498284;0.492614;0.578176,,sequential,2026-10-03T18:53:27+00:00
W8-00456,W8,n2-standard-8,Windows,2022Server,AMD64,Intel(R) Xeon(R) CPU @ 2.80GHz,intel,8,4,2800,34.4,3.14.6,CPython,1,spawn,2.5.3,big_result,result_sorted_pairs,1953,20,0.0,ms,normal,53,40,8,2,1,4,0,0,0.0007253461538731734,1.0,0.11799958108630428,0.5324460469531573,0.9053610753525617,0.0,0.02557150000029651,0.005844999999681022,0.13949330000014015,0.04164530000025479,0.04193889999987732,0.03455069999972693,0.048999;0.041543;0.041645,0.041939;0.042123;0.041088,0.034551;0.035156;0.033821,,multiprocessing,2026-10-03T18:53:28+00:00
W8-00457,W8,n2-standard-8,Windows,2022Server,AMD64,Intel(R) Xeon(R) CPU @ 2.80GHz,intel,8,4,2800,34.4,3.14.6,CPython,1,spawn,2.5.3,numpy,np_fft,209482,440152,0.8,seconds,big,8,440182.3333333333,8,2,0,0,0,1,0.02709716666655974,1.0,0.42062761767446416,0.005622974116669601,3.835278951921067,0.0,0.10984159999998155,0.0013656000000992208,0.13949330000014015,0.1540205999999671,0.09695909999982177,0.09675870000000941,0.154021;0.154126;0.153976,0.096959;0.096835;0.115604,0.169897;0.096410;0.096759,,multiprocessing,2026-10-03T18:53:30+00:00
W8-00458,W8,n2-standard-8,Windows,2022Server,AMD64,Intel(R) Xeon(R) CPU @ 2.80GHz,intel,8,4,2800,34.4,3.14.6,CPython,1,spawn,2.5.3,big_result,result_records,15544,17,0.0,ms,normal,12,37,8,4,1,2,0,0,0.007712399999945774,1.0,0.3891585385058856,1.2225506975895473,0.8478443848775515,0.0,0.07221039999967616,0.02904869999974835,0.15405120000013994,0.10273760000018228,0.08579139999983454,0.09176900000011301,0.123877;0.096994;0.102738,0.085791;0.101812;0.078895,0.105323;0.082441;0.091769,,threading,2026-10-03T18:53:31+00:00
W8-00459,W8,n2-standard-8,Windows,2022Server,AMD64,Intel(R) Xeon(R) CPU @ 2.80GHz,intel,8,4,2800,34.4,3.14.6,CPython,1,spawn,2.5.3,cpu,cpu_matmul_lists,41,80,0.8,seconds,normal,17,99,8,2,3,5,0,0,0.00710170000013477,1.0,0.6154516440183,0.0013799512853659695,0.8918602155975232,3.1,0.061882400000286,0.0011009999998350395,0.13949330000014015,0.11564159999988988,0.1187989000000016,0.05980139999974199,0.115642;0.115683;0.114755,0.118003;0.118799;0.119235,0.060484;0.058951;0.059801,,multiprocessing,2026-10-03T18:53:33+00:00
W8-00460,W8,n2-standard-8,Windows,2022Server,AMD64,Intel(R) Xeon(R) CPU @ 2.80GHz,intel,8,4,2800,34.4,3.14.6,CPython,1,spawn,2.5.3,algo_iter,algo_game_of_life,2,270,0.3,seconds,normal,104,292,8,16,5,9,0,0,0.0029326833333319278,1.0,0.15802608440378543,0.01854388188413343,0.957962235822548,0.8,0.1105067000003146,0.002539500000239059,0.19791880000002493,0.30611010000029637,0.31157230000007985,0.09072080000032656,0.413313;0.305404;0.306110,0.311572;0.310344;0.313098,0.091888;0.087136;0.090721,,multiprocessing,2026-10-03T18:53:36+00:00
W8-00461,W8,n2-standard-8,Windows,2022Server,AMD64,Intel(R) Xeon(R) CPU @ 2.80GHz,intel,8,4,2800,34.4,3.14.6,CPython,1,spawn,2.5.3,numpy,np_elementwise,110088,2616,0.0,seconds,normal,1794,2641,8,4,0,4,0,0,0.005324439999958486,1.0,0.0654665766879184,0.00118134489454596,1.6435712090360113,0.0,0.0861824999997225,0.0010213000000476313,0.15405120000013994,6.108552700000018,1.715948600000047,3.0403642999999647,7.194351;6.108553;5.963207,2.159034;1.715949;1.687147,3.370559;3.040364;2.820242,,threading,2026-10-03T18:54:11+00:00
W8-00462,W8,n2-standard-8,Windows,2022Server,AMD64,Intel(R) Xeon(R) CPU @ 2.80GHz,intel,8,4,2800,34.4,3.14.6,CPython,1,spawn,2.5.3,algo_iter,algo_game_of_life,2,91,0.8,ms,normal,34,110,8,16,5,9,0,0,0.0019048874999612053,1.0,0.3163897601981773,0.02868935825641292,0.5836826443404024,1.1,0.04268720000027315,0.0006817000003138673,0.19791880000002493,0.09954829999969661,0.10129669999969337,0.030370399999810616,0.103877;0.099548;0.099322,0.101783;0.100870;0.101297,0.031404;0.030370;0.029662,,multiprocessing,2026-10-03T18:54:12+00:00
W8-00463,W8,n2-standard-8,Windows,2022Server,AMD64,Intel(R) Xeon(R) CPU @ 2.80GHz,intel,8,4,2800,34.4,3.14.6,CPython,1,spawn,2.5.3,big_result,result_matrix_lists,113,1800740,0.8,seconds,big,105,1800762,8,4,2,5,0,0,0.001448107692305292,1.0,0.9842508048488863,0.8981859614905304,0.8648569606596813,0.0,0.1082181000001583,0.026421900000514142,0.15405120000013994,0.16755770000008852,0.16662859999996726,0.44720079999979134,0.165665;0.169312;0.167558,0.168905;0.166629;0.165007,0.463891;0.447201;0.445566,,threading,2026-10-03T18:54:15+00:00
W8-00464,W8,n2-standard-8,Windows,2022Server,AMD64,Intel(R) Xeon(R) CPU @ 2.80GHz,intel,8,4,2800,34.4,3.14.6,CPython,1,spawn,2.5.3,io,io_sleep_chunks,2032,229,0.3,seconds,normal,277,249,8,8,1,1,1,0,0.00477809090915054,0.011471699662517553,0.20572521100011093,0.0011644057133924886,1.8162829643235614,2.7,0.08296280000013212,0.0007776999996167433,0.19527090000019598,1.3382180999997217,0.17964549999987867,0.14649999999983265,1.338218,0.179271;0.183624;0.179645,0.147614;0.146387;0.146500,,multiprocessing,2026-10-03T18:54:18+00:00
W8-00465,W8,n2-standard-8,Windows,2022Server,AMD64,Intel(R) Xeon(R) CPU @ 2.80GHz,intel,8,4,2800,34.4,3.14.6,CPython,1,spawn,2.5.3,text,text_csv_parse,2,879,0.8,seconds,normal,281,901,8,8,2,3,0,0,0.001539399999976674,1.0,0.2566439761333459,0.0027673119047083835,0.956311196829783,0.0,0.10554120000006151,0.0011543000005076465,0.19527090000019598,0.4484845000001769,0.45231680000006236,0.13250550000020667,0.445101;0.448485;0.457621,0.449300;0.453290;0.452317,0.132506;0.132569;0.131677,,multiprocessing,2026-10-03T18:54:26+00:00
W8-00466,W8,n2-standard-8,Windows,2022Server,AMD64,Intel(R) Xeon(R) CPU @ 2.80GHz,intel,8,4,2800,34.4,3.14.6,CPython,1,spawn,2.5.3,recursive,rec_tree_sum,524,21,0.8,ms,normal,479,40.7,8,8,0,4,0,0,0.00016217563021934185,1.0,0.4671577876303153,0.025404556565223908,0.9461958118333582,0.0,0.04099510000014561,0.0012852000040766143,0.19527090000019598,0.08044789999985369,0.08474260000002687,0.024626400000215654,0.079906;0.080588;0.080448,0.089782;0.083133;0.084743,0.025885;0.024626;0.024371,,multiprocessing,2026-10-03T18:54:27+00:00
W8-00467,W8,n2-standard-8,Windows,2022Server,AMD64,Intel(R) Xeon(R) CPU @ 2.80GHz,intel,8,4,2800,34.4,3.14.6,CPython,1,spawn,2.5.3,db,db_mem_insert_select,28,786499,0.3,seconds,big,254,786521,8,16,1,1,1,0,0.00011063492060462263,1.0,0.20950209456384716,3.0822998576771212,0.968649344084879,1.5,0.021961699999792472,0.007881600001383049,0.19791880000002493,0.026893400000062684,0.06795409999995172,0.4098254000000452,0.026893;0.026936;0.026844,0.069389;0.067485;0.067954,0.409825,,sequential,2026-10-03T18:54:29+00:00
W8-00468,W8,n2-standard-8,Windows,2022Server,AMD64,Intel(R) Xeon(R) CPU @ 2.80GHz,intel,8,4,2800,34.4,3.14.6,CPython,1,spawn,2.5.3,text,text_format_report,819,57,0.8,ms,normal,34,76.75,8,8,1,2,0,0,0.000989062500025284,1.0,0.5885152565177206,0.005497630296180826,0.647898301096786,4.3,0.01898990000017875,0.0009316999999100517,0.19527090000019598,0.037044499999865366,0.03848539999989953,0.010419100000035542,0.037199;0.037044;0.036755,0.038609;0.038485;0.038149,0.010419;0.010464;0.010329,,multiprocessing,2026-10-03T18:54:29+00:00
W8-00469,W8,n2-standard-8,Windows,2022Server,AMD64,Intel(R) Xeon(R) CPU @ 2.80GHz,intel,8,4,2800,34.4,3.14.6,CPython,1,spawn,2.5.3,gil_release,gil_bz2,103,300000,0.8,ms,big,8,300022,8,16,0,1,0,1,0.01376029999983075,1.0,0.3976798387631755,0.00930454519636604,2.645092478685763,0.8,0.062339000000065425,0.0010740000006990158,0.19791880000002493,0.08658329999980197,0.03152619999991657,0.038450099999863596,0.086845;0.086583;0.086030,0.040415;0.025588;0.031526,0.038450;0.038508;0.038244,,threading,2026-10-03T18:54:30+00:00
W8-00470,W8,n2-standard-8,Windows,2022Server,AMD64,Intel(R) Xeon(R) CPU @ 2.80GHz,intel,8,4,2800,34.4,3.14.6,CPython,1,spawn,2.5.3,io,io_sleep,1160,136933,0.0,seconds,big,1460,136956,8,2,0,1,1,0,0.0019467961538409257,0.006304399737082247,0.013485883815417878,0.011259525062437586,1.9440299999753916,0.0,0.07803400000011607,0.001221100000293518,0.13949330000014015,2.849916000000121,1.4298389000000498,1.6819823000000724,2.848092;2.849916;2.850741,1.429926;1.429816;1.429839,1.681982;1.688107;1.680634,,threading,2026-10-03T18:54:49+00:00
W8-00471,W8,n2-standard-8,Windows,2022Server,AMD64,Intel(R) Xeon(R) CPU @ 2.80GHz,intel,8,4,2800,34.4,3.14.6,CPython,1,spawn,2.5.3,big_result,result_records,23495,311,0.0,ms,normal,22,334,8,2,1,2,0,0,0.008498919999965437,1.0,0.039863501288816966,1.526692803328785,0.6915170797964292,0.8,0.17057340000019394,0.06535020000046643,0.13949330000014015,0.3449553999998898,0.34921729999996387,0.3180702999998175,0.350960;0.343515;0.344955,0.347849;0.351826;0.349217,0.318070;0.360290;0.304712,,multiprocessing,2026-10-03T18:54:53+00:00
W8-00472,W8,n2-standard-8,Windows,2022Server,AMD64,Intel(R) Xeon(R) CPU @ 2.80GHz,intel,8,4,2800,34.4,3.14.6,CPython,1,spawn,2.5.3,algo_iter,algo_game_of_life,13,189685,0.8,seconds,big,64,189707,8,8,5,9,0,0,0.018700899999961013,1.0,0.4997628203637585,0.006587918226505417,1.6201116004569927,1.9,0.10351670000000013,0.000578000000132306,0.19527090000019598,1.02742360000002,1.0382536000001892,0.31294630000002144,1.029344;1.027231;1.027424,1.036804;1.038254;1.040316,0.313713;0.312946;0.312260,,multiprocessing,2026-10-03T18:55:01+00:00
W8-00473,W8,n2-standard-8,Windows,2022Server,AMD64,Intel(R) Xeon(R) CPU @ 2.80GHz,intel,8,4,2800,34.4,3.14.6,CPython,1,spawn,2.5.3,text,text_regex_findall,22,181,0.3,seconds,normal,2760,200,8,4,1,1,0,0,0.00017791281139689996,1.0,0.17255900063785698,0.022286196672184854,0.9592046323023145,0.0,0.10379950000015015,0.0014231999975891085,0.15405120000013994,0.5007425000003423,0.5102381999995487,0.20053219999999783,0.500743;0.500944;0.499075,0.508684;0.510238;0.512182,0.200532;0.199396;0.202079,,multiprocessing,2026-10-03T18:55:10+00:00
W8-00474,W8,n2-standard-8,Windows,2022Server,AMD64,Intel(R) Xeon(R) CPU @ 2.80GHz,intel,8,4,2800,34.4,3.14.6,CPython,1,spawn,2.5.3,numpy,np_sort,68109,3296,0.8,seconds,normal,924,3320.0526315789475,8,16,0,3,0,1,0.0027605736841953906,1.0,0.43137770346157217,0.0018874795432256332,2.5073057983233182,0.0,0.07457990000011705,0.0010532000001148845,0.19791880000002493,2.5443317999997817,0.7274038000000473,0.8790570000001026,2.554789;2.533022;2.544332,0.754565;0.719974;0.727404,1.082628;0.879057;0.873376,,threading,2026-10-03T18:55:23+00:00
W8-00475,W8,n2-standard-8,Windows,2022Server,AMD64,Intel(R) Xeon(R) CPU @ 2.80GHz,intel,8,4,2800,34.4,3.14.6,CPython,1,spawn,2.5.3,tiny,tiny_add,394,712731,0.0,seconds,big,280,712754,8,2,0,1,0,0,4.128571228128359e-07,1.0,0.3988855109669225,767.3356773278805,0.047296490695151815,0.0,0.007800500000030297,0.007081000001562643,0.13949330000014015,5.1699999858101364e-05,0.0005334500001481501,0.5731905000002371,0.000089;0.000052;0.000022,0.000378;0.000689,0.573191,,sequential,2026-10-03T18:55:25+00:00
W8-00476,W8,n2-standard-8,Windows,2022Server,AMD64,Intel(R) Xeon(R) CPU @ 2.80GHz,intel,8,4,2800,34.4,3.14.6,CPython,1,spawn,2.5.3,algo_iter,algo_game_of_life,20,17,0.0,ms,normal,8,36,8,2,5,9,0,0,0.025320733333501266,1.0,0.022668014035097474,0.0021523863167514225,0.8699372597102442,4.2,0.1625082000000475,0.00036839999938820256,0.13949330000014015,0.20324489999984507,0.20854019999978846,0.1070953999997073,0.202672;0.203245;0.204589,0.208540;0.208727;0.208057,0.103323;0.107786;0.107095,,multiprocessing,2026-10-03T18:55:27+00:00
W8-00477,W8,n2-standard-8,Windows,2022Server,AMD64,Intel(R) Xeon(R) CPU @ 2.80GHz,intel,8,4,2800,34.4,3.14.6,CPython,1,spawn,2.5.3,cpu,cpu_count_primes,1969,273,0.0,seconds,normal,2888,296,8,8,2,4,0,0,0.0007115718309750532,1.0,0.0054131428976648965,0.006309974368517724,0.9819016593147902,0.8,0.10311159999992014,0.0010404000004200498,0.19527090000019598,2.055114099999628,2.0788707000001523,0.6183045000002494,2.055114;2.055385;2.053022,2.078099;2.078871;2.082112,0.619702;0.614737;0.618305,,multiprocessing,2026-10-03T18:55:42+00:00
W8-00478,W8,n2-standard-8,Windows,2022Server,AMD64,Intel(R) Xeon(R) CPU @ 2.80GHz,intel,8,4,2800,34.4,3.14.6,CPython,1,spawn,2.5.3,big_payload,big_count_byte,2,1394365,0.3,seconds,big,143,1394387,8,2,0,1,0,0,0.0008329742856533683,1.0,0.007225326992232279,1.0850334945193054,0.9587613774329644,0.0,0.07817710000017541,0.018526500002280955,0.13949330000014015,0.11918969999987894,0.12129159999994954,0.5657886999997572,0.118904;0.119267;0.119190,0.121292;0.122383;0.121158,0.540238;0.588510;0.565789,,sequential,2026-10-03T18:55:46+00:00
W8-00479,W8,n2-standard-8,Windows,2022Server,AMD64,Intel(R) Xeon(R) CPU @ 2.80GHz,intel,8,4,2800,34.4,3.14.6,CPython,1,spawn,2.5.3,io,io_sleep_chunks,1246,487,0.0,ms,normal,66,510,8,8,1,1,1,0,0.0038959923079066637,0.01133295489838193,0.009934845356855643,0.0013189095654942487,1.8410999206990328,0.0,0.07864800000015748,0.0003421999977035739,0.19527090000019598,0.25762929999973494,0.03562839999995049,0.035632300000088435,0.257629,0.035628;0.035565;0.035656,0.035383;0.035656;0.035632,,threading,2026-10-03T18:55:47+00:00
W8-00480,W8,n2-standard-8,Windows,2022Server,AMD64,Intel(R) Xeon(R) CPU @ 2.80GHz,intel,8,4,2800,34.4,3.14.6,CPython,1,spawn,2.5.3,gil_release,gil_bz2,99,300000,0.3,ms,big,8,300022,8,16,0,1,0,1,0.011244033333393114,1.0,0.13359933937792298,0.00824437256591539,1.5142532741175876,0.0,0.05533900000000358,0.0005344000001059612,0.19791880000002493,0.08387760000005073,0.027292599999782396,0.027422300000125688,0.083706;0.083878;0.084277,0.027714;0.027216;0.027293,0.027422;0.027766;0.027207,,threading,2026-10-03T18:55:48+00:00
W8-00481,W8,n2-standard-8,Windows,2022Server,AMD64,Intel(R) Xeon(R) CPU @ 2.80GHz,intel,8,4,2800,34.4,3.14.6,CPython,1,spawn,2.5.3,tiny,tiny_len,130,265241,0.3,ms,big,754,265263,8,4,0,0,0,0,3.8510637160528705e-07,1.0,0.4016654253320625,118.36989293444384,0.10636372923085952,0.0,0.002607300000363466,0.0017309000027125876,0.15405120000013994,0.0001584999999977299,0.00046650000012959936,0.5485736000000543,0.000217;0.000158;0.000123,0.000727;0.000453;0.000467,0.548574,,sequential,2026-10-03T18:55:50+00:00
W8-00482,W8,n2-standard-8,Windows,2022Server,AMD64,Intel(R) Xeon(R) CPU @ 2.80GHz,intel,8,4,2800,34.4,3.14.6,CPython,1,spawn,2.5.3,algo_iter,algo_kmeans,103,112652,0.0,seconds,big,197,112674,8,8,3,15,0,0,0.0027148421052180837,1.0,0.014503326378148624,0.0126323135951757,0.972830136693129,0.0,0.10708940000040457,0.0024227000012615463,0.19527090000019598,0.530403600000227,0.5437076999996862,0.14814879999994446,0.530404;0.529339;0.532732,0.544062;0.543708;0.540897,0.148149;0.148109;0.158985,,multiprocessing,2026-10-03T18:55:54+00:00
W8-00483,W8,n2-standard-8,Windows,2022Server,AMD64,Intel(R) Xeon(R) CPU @ 2.80GHz,intel,8,4,2800,34.4,3.14.6,CPython,1,spawn,2.5.3,algo_rec,algo_sudoku,12,493954,0.0,ms,big,20,493976,8,8,3,28,0,0,0.007611980000092444,1.0,0.46840294248221925,0.02763801270505079,0.9074989813808975,0.0,0.0816861000002973,0.0030581999994865328,0.19527090000019598,0.1514882999999827,0.15375330000006215,0.05239289999963148,0.148959;0.151488;0.152746,0.152089;0.156691;0.153753,0.047876;0.052393;0.052819,,multiprocessing,2026-10-03T18:55:56+00:00
W8-00484,W8,n2-standard-8,Windows,2022Server,AMD64,Intel(R) Xeon(R) CPU @ 2.80GHz,intel,8,4,2800,34.4,3.14.6,CPython,1,spawn,2.5.3,tiny,tiny_small_loop,185,76,0.3,ms,normal,39187,95,8,8,0,0,0,0,1.0354000016832288e-06,1.0,0.19368491982862335,3.7280278020601214,0.7241425817239295,13.7,0.009430600000086997,0.0035559999969336786,0.19527090000019598,0.0395197000002554,0.04201169999987542,0.020457799999803683,0.040332;0.039147;0.039520,0.042180;0.042012;0.041970,0.020458;0.019619;0.023201,,multiprocessing,2026-10-03T18:55:57+00:00
W8-00485,W8,n2-standard-8,Windows,2022Server,AMD64,Intel(R) Xeon(R) CPU @ 2.80GHz,intel,8,4,2800,34.4,3.14.6,CPython,1,spawn,2.5.3,big_result,result_matrix_lists,62,1586,0.3,ms,normal,40,1608,8,4,2,5,0,0,0.0004182500000297296,1.0,0.26843808484759724,0.3402271367849469,0.818858944962137,14.0,0.010904700000082812,0.0016366999998354004,0.15405120000013994,0.017105500000070606,0.01770699999997305,0.008893799999896146,0.017106;0.016832;0.017377,0.017603;0.018191;0.017707,0.008542;0.008894;0.010430,,multiprocessing,2026-10-03T18:55:57+00:00
W8-00486,W8,n2-standard-8,Windows,2022Server,AMD64,Intel(R) Xeon(R) CPU @ 2.80GHz,intel,8,4,2800,34.4,3.14.6,CPython,1,spawn,2.5.3,numpy,np_fft,38344,7441,0.3,seconds,normal,145,7464,8,4,0,0,0,1,0.004520416666688713,1.0,0.48716214273318603,0.001696008836068325,1.4798200628679494,12.5,0.09235850000004575,0.00037389999988590716,0.15405120000013994,0.629447700000128,0.22495019999996657,0.24533470000005764,0.608719;0.629448;0.647850,0.211897;0.255779;0.224950,0.239881;0.253495;0.245335,,threading,2026-10-03T18:56:01+00:00
W8-00487,W8,n2-standard-8,Windows,2022Server,AMD64,Intel(R) Xeon(R) CPU @ 2.80GHz,intel,8,4,2800,34.4,3.14.6,CPython,1,spawn,2.5.3,algo_iter,algo_game_of_life,1,174,0.8,seconds,normal,231,193,8,2,5,9,0,0,0.0020110884615335703,1.0,0.32565065743853444,0.02625443933125348,0.9785429127660995,13.7,0.10764340000014272,0.0013363000002755143,0.13949330000014015,0.42627919999995356,0.4372523999995792,0.23085260000016206,0.426279;0.431720;0.423905,0.437402;0.437252;0.437218,0.230853;0.231182;0.229212,,multiprocessing,2026-10-03T18:56:05+00:00
W8-00488,W8,n2-standard-8,Windows,2022Server,AMD64,Intel(R) Xeon(R) CPU @ 2.80GHz,intel,8,4,2800,34.4,3.14.6,CPython,1,spawn,2.5.3,recursive,rec_quicksort,578,462,0.3,seconds,normal,730,485,8,4,1,8,0,0,0.0007037985915944069,1.0,0.1772617745104328,0.005363750471374577,0.9798857000213985,0.0,0.10256920000028913,0.0014550999972016143,0.15405120000013994,0.49248149999993984,0.49806679999983317,0.1283341999996992,0.489467;0.492481;0.493910,0.503512;0.498067;0.497498,0.128334;0.183220;0.127843,,multiprocessing,2026-10-03T18:56:09+00:00
W8-00489,W8,n2-standard-8,Windows,2022Server,AMD64,Intel(R) Xeon(R) CPU @ 2.80GHz,intel,8,4,2800,34.4,3.14.6,CPython,1,spawn,2.5.3,db,db_file_lookup,52,229661,0.0,seconds,big,142,229683,8,16,1,5,1,0,0.0015615812499873982,1.0,0.05481583558601095,0.028083713217127524,0.8697705334240239,0.0,0.10938589999977921,0.002339500000289263,0.19791880000002493,0.21589719999974477,0.9353470999999445,0.07963530000006358,0.218681;0.215354;0.215897,0.935347,0.149919;0.078434;0.079635,,multiprocessing,2026-10-03T18:56:12+00:00
W8-00490,W8,n2-standard-8,Windows,2022Server,AMD64,Intel(R) Xeon(R) CPU @ 2.80GHz,intel,8,4,2800,34.4,3.14.6,CPython,1,spawn,2.5.3,numpy,np_linalg_solve,265,364295,0.3,seconds,big,115,364317.4705882353,8,16,0,3,0,1,0.0031166352940839286,1.0,0.2142655273626557,0.023896434307457658,1.5167646034045865,0.0,0.09049170000025697,0.002272700000958139,0.19791880000002493,0.3376168999998299,0.19142550000015035,0.10907459999998537,0.337617;0.369390;0.334836,0.194677;0.189388;0.191426,0.109066;0.118757;0.109075,,multiprocessing,2026-10-03T18:56:14+00:00
W8-00491,W8,n2-standard-8,Windows,2022Server,AMD64,Intel(R) Xeon(R) CPU @ 2.80GHz,intel,8,4,2800,34.4,3.14.6,CPython,1,spawn,2.5.3,text,text_format_report,2839,59,0.3,ms,normal,8,79,8,2,1,2,0,0,0.00336063333331064,1.0,0.20435249173515907,0.0028367668292658215,0.7643820692212399,5.9,0.021660999999767228,0.0002299999996466795,0.13949330000014015,0.0293720999998186,0.029564899999968475,0.01593749999983629,0.029231;0.029869;0.029372,0.029565;0.029343;0.029725,0.015621;0.016200;0.015937,,multiprocessing,2026-10-03T18:56:15+00:00
W8-00492,W8,n2-standard-8,Windows,2022Server,AMD64,Intel(R) Xeon(R) CPU @ 2.80GHz,intel,8,4,2800,34.4,3.14.6,CPython,1,spawn,2.5.3,big_result,result_long_string,10674,330,0.3,seconds,normal,194,353,8,8,1,1,0,0,0.002639469999985522,1.0,0.1429558369523895,0.05054802668646282,1.055849317252377,0.0,0.10602699999981269,0.0035938000000896864,0.19527090000019598,0.47266410000020187,0.4761029999999664,0.18761270000004515,0.482672;0.472664;0.472581,0.473598;0.476103;0.483154,0.187613;0.185342;0.189440,,multiprocessing,2026-10-03T18:56:19+00:00
W8-00493,W8,n2-standard-8,Windows,2022Server,AMD64,Intel(R) Xeon(R) CPU @ 2.80GHz,intel,8,4,2800,34.4,3.14.6,CPython,1,spawn,2.5.3,big_result,result_records,850,30,0.8,ms,normal,54,49.92307692307692,8,4,1,2,0,0,0.0003524307692084851,1.0,0.6373290916074316,1.2763226822952256,1.1783484549293817,1.1,0.01451919999999518,0.006104400000367605,0.15405120000013994,0.01607449999983146,0.017618800000036572,0.01851379999970959,0.017930;0.016074;0.015616,0.027197;0.017619;0.016801,0.021365;0.018514;0.018088,,sequential,2026-10-03T18:56:20+00:00
W8-00494,W8,n2-standard-8,Windows,2022Server,AMD64,Intel(R) Xeon(R) CPU @ 2.80GHz,intel,8,4,2800,34.4,3.14.6,CPython,1,spawn,2.5.3,big_result,result_sorted_pairs,222,335,0.3,seconds,normal,44128,357.25,8,2,1,4,0,0,6.576190476068775e-05,1.0,0.3648802387740739,0.6845908764317183,0.9387581515824402,0.0,0.10552550000011252,0.002449100000831095,0.13949330000014015,3.809141500000351,3.8741147000000637,4.0346597000002475,3.803170;3.815535;3.809142,3.874115;3.783974;3.902923,4.034660;4.039869;3.929331,,sequential,2026-10-03T18:56:56+00:00
W8-00495,W8,n2-standard-8,Windows,2022Server,AMD64,Intel(R) Xeon(R) CPU @ 2.80GHz,intel,8,4,2800,34.4,3.14.6,CPython,1,spawn,2.5.3,cpu,cpu_sum_squares,743,74,0.3,ms,normal,1381,94,8,4,1,2,0,0,3.009942028639025e-05,1.0,0.18085283594828913,0.14153096399358575,0.8812212479562368,0.0,0.023718599999938306,0.0013238000010460382,0.15405120000013994,0.04162930000029519,0.042185799999970186,0.018307800000002317,0.041597;0.041629;0.041711,0.041594;0.042498;0.042186,0.018448;0.018308;0.018274,,multiprocessing,2026-10-03T18:56:56+00:00
W8-00496,W8,n2-standard-8,Windows,2022Server,AMD64,Intel(R) Xeon(R) CPU @ 2.80GHz,intel,8,4,2800,34.4,3.14.6,CPython,1,spawn,2.5.3,big_payload,big_checksum_head,1306,2881056,0.8,ms,big,69,2881079,8,2,1,1,0,0,3.6900000047941884e-05,1.0,0.3835700745615476,38.51076035243072,0.49970410122276676,0.0,0.026875399999880756,0.02493409999897267,0.13949330000014015,0.002309900000000198,0.002640500000325119,0.4906087999997908,0.002310;0.002357;0.002234,0.002672;0.002641;0.002453,0.490609,,sequential,2026-10-03T18:56:58+00:00
W8-00497,W8,n2-standard-8,Windows,2022Server,AMD64,Intel(R) Xeon(R) CPU @ 2.80GHz,intel,8,4,2800,34.4,3.14.6,CPython,1,spawn,2.5.3,big_result,result_long_string,370,117560,0.8,seconds,big,1545,117582.65,8,16,1,1,0,0,0.0018630392857760722,1.0,0.44035567196596914,0.017272850989636688,0.875507566772603,0.0,0.11275499999965177,0.0009759999979905842,0.19791880000002493,1.99902609999981,2.037301700000171,0.5813754000000699,2.006818;1.976811;1.999026,2.046049;2.037302;2.009855,0.581375;0.583549;0.575182,,multiprocessing,2026-10-03T18:57:13+00:00
W8-00498,W8,n2-standard-8,Windows,2022Server,AMD64,Intel(R) Xeon(R) CPU @ 2.80GHz,intel,8,4,2800,34.4,3.14.6,CPython,1,spawn,2.5.3,mixed,mixed_hash_then_write,537,17499,0.8,ms,normal,797,17521.8,8,8,1,3,1,0,0.00020873065327737896,0.999688318383832,0.15043368747958433,0.03339231623063647,1.1247882286642206,4.2,0.07991240000001198,0.0015451999975084618,0.19527090000019598,0.16421059999993304,0.14167889999998806,0.14180850000002465,0.162356;0.164211;0.166596,0.141679;0.138815;0.206489,0.143867;0.141711;0.141809,,threading,2026-10-03T18:57:15+00:00
W8-00499,W8,n2-standard-8,Windows,2022Server,AMD64,Intel(R) Xeon(R) CPU @ 2.80GHz,intel,8,4,2800,34.4,3.14.6,CPython,1,spawn,2.5.3,text,text_regex_findall,4,145,0.3,ms,normal,3899,164,8,4,1,1,0,0,2.930143737719498e-05,1.0,0.18098139797550408,0.1293451899196867,0.9625082329606751,0.0,0.06046879999985322,0.0017733999943629897,0.15405120000013994,0.11302939999995942,0.11620289999973465,0.045443100000284176,0.113507;0.112860;0.113029,0.116203;0.115520;0.116543,0.045469;0.045443;0.032096,,multiprocessing,2026-10-03T18:57:17+00:00
W8-00500,W8,n2-standard-8,Windows,2022Server,AMD64,Intel(R) Xeon(R) CPU @ 2.80GHz,intel,8,4,2800,34.4,3.14.6,CPython,1,spawn,2.5.3,big_payload,big_checksum_head,13155,102718,0.0,ms,big,204,102741,8,8,1,1,0,0,0.00030992941175082156,1.0,0.023878737929873235,0.07988915888772825,0.9414228621202136,0.0,0.03353599999991275,0.0008611000002929359,0.19527090000019598,0.06359499999962281,0.06424399999968955,0.03430819999994128,0.063255;0.064222;0.063595,0.064244;0.064210;0.065100,0.035595;0.034081;0.034308,,multiprocessing,2026-10-03T18:57:18+00:00
W8-00501,W8,n2-standard-8,Windows,2022Server,AMD64,Intel(R) Xeon(R) CPU @ 2.80GHz,intel,8,4,2800,34.4,3.14.6,CPython,1,spawn,2.5.3,db,db_mem_group_by,1190,945,0.0,seconds,normal,290,968,8,4,1,2,1,0,0.0013283710526306287,1.0,0.037183539411210914,0.0029547466681094717,0.7585187029676913,0.0,0.11799000000019078,0.0011307999998280138,0.15405120000013994,0.37538919999997233,0.8427025000000867,0.14979189999985465,0.376223;0.375389;0.374858,0.842703,0.135815;0.151280;0.149792,,multiprocessing,2026-10-03T18:57:21+00:00
W8-00502,W8,n2-standard-8,Windows,2022Server,AMD64,Intel(R) Xeon(R) CPU @ 2.80GHz,intel,8,4,2800,34.4,3.14.6,CPython,1,spawn,2.5.3,io,io_sleep,982,240,0.3,ms,normal,139,260,8,4,0,1,1,0,0.001670873333326502,0.0067931722392313475,0.14306003198880898,0.002779983275283999,1.9499390436065174,0.0,0.07627789999969536,0.000435399999787478,0.15405120000013994,0.23123719999966852,0.060034799999812094,0.05569400000013047,0.231177;0.231757;0.231237,0.060035;0.058255;0.062429,0.056337;0.055635;0.055694,,multiprocessing,2026-10-03T18:57:22+00:00
W8-00503,W8,n2-standard-8,Windows,2022Server,AMD64,Intel(R) Xeon(R) CPU @ 2.80GHz,intel,8,4,2800,34.4,3.14.6,CPython,1,spawn,2.5.3,db,db_file_lookup,18,56,0.8,seconds,normal,3001,75,8,4,1,5,1,0,0.0007171057142841164,1.0,0.2679598074435525,0.005159629784460407,0.7300478260399971,0.0,0.11897550000003321,0.0005164000003787805,0.15405120000013994,2.1229910000001837,0.9082668999999441,0.7374893999999586,2.122991;2.113461;2.126776,0.964129;0.906138;0.908267,0.761585;0.731095;0.737489,,multiprocessing,2026-10-03T18:57:34+00:00
W8-00504,W8,n2-standard-8,Windows,2022Server,AMD64,Intel(R) Xeon(R) CPU @ 2.80GHz,intel,8,4,2800,34.4,3.14.6,CPython,1,spawn,2.5.3,recursive,rec_quicksort,1813,924873,0.8,ms,big,8,924896,8,16,1,8,0,0,0.0021745333334971897,1.0,0.4195853006671865,0.255196517321833,0.6770889417145484,0.0,0.016125099999953818,0.0019290999998702318,0.19791880000002493,0.017563999999765656,0.018925300000319112,0.015420799999901647,0.017564;0.017532;0.018614,0.018827;0.018925;0.019170,0.015957;0.015132;0.015421,,multiprocessing,2026-10-03T18:57:35+00:00
W8-00505,W8,n2-standard-8,Windows,2022Server,AMD64,Intel(R) Xeon(R) CPU @ 2.80GHz,intel,8,4,2800,34.4,3.14.6,CPython,1,spawn,2.5.3,io,io_sleep_chunks,3212,25,0.8,ms,normal,8,45,8,16,1,1,1,0,0.007108999999824543,0.007890026710448835,0.12427784706967863,0.0014863787857704435,1.2842988711288852,0.0,0.037600100000418024,0.0002457000009599142,0.19791880000002493,0.05256099999996877,0.0076589999998759595,0.00806159999956435,0.052561,0.007659;0.007315;0.007845,0.008062;0.007347;0.008732,,threading,2026-10-03T18:57:36+00:00
W8-00506,W8,n2-standard-8,Windows,2022Server,AMD64,Intel(R) Xeon(R) CPU @ 2.80GHz,intel,8,4,2800,34.4,3.14.6,CPython,1,spawn,2.5.3,numpy,np_linalg_solve,12,912783,0.0,ms,big,13,912805,8,16,0,3,0,1,0.003612833333439388,1.0,0.010766006409078396,0.14391290307234952,1.1750914951036593,0.0,0.02187180000009903,0.001818399999592657,0.19791880000002493,0.04680920000009792,0.01638169999978345,0.02170189999969807,0.046809;0.046368;0.047821,0.016382;0.016045;0.017923,0.020519;0.021702;0.023731,,threading,2026-10-03T18:57:37+00:00
W8-00507,W8,n2-standard-8,Windows,2022Server,AMD64,Intel(R) Xeon(R) CPU @ 2.80GHz,intel,8,4,2800,34.4,3.14.6,CPython,1,spawn,2.5.3,algo_iter,algo_dijkstra,6393,224350,0.0,ms,big,8,224373,8,16,2,15,0,0,0.018121466666646786,1.0,0.044629560170141504,0.00741293935012888,0.9480237015308021,0.0,0.111869200000001,0.0019020999998247134,0.19791880000002493,0.14897359999986293,0.15822490000027756,0.044418599999971775,0.145331;0.149192;0.148974,0.158775;0.155328;0.158225,0.044474;0.044419;0.039368,,multiprocessing,2026-10-03T18:57:38+00:00
W8-00508,W8,n2-standard-8,Windows,2022Server,AMD64,Intel(R) Xeon(R) CPU @ 2.80GHz,intel,8,4,2800,34.4,3.14.6,CPython,1,spawn,2.5.3,algo_rec,algo_flood_fill,12,101015,0.0,ms,big,8,101037,8,2,3,10,0,0,0.004475700000057259,1.0,0.05279544002750245,0.009711702502368164,0.9530713814101496,0.0,0.029028699999798846,0.0017503999997643405,0.13949330000014015,0.0329781999998886,0.03461479999987205,0.017383200000040233,0.032786;0.032978;0.033541,0.034615;0.034425;0.034926,0.017383;0.017285;0.018129,,multiprocessing,2026-10-03T18:57:39+00:00
W8-00509,W8,n2-standard-8,Windows,2022Server,AMD64,Intel(R) Xeon(R) CPU @ 2.80GHz,intel,8,4,2800,34.4,3.14.6,CPython,1,spawn,2.5.3,mixed,mixed_hash_then_write,1223,39492,0.3,seconds,normal,1493,39515,8,4,1,3,1,0,0.0002468945544505644,1.0,0.10674770495103836,0.05226927755799644,1.111684105472291,0.0,0.09591709999995146,0.0012153000006946968,0.15405120000013994,0.3680003999998007,0.34317559999999503,0.2700018000000455,0.369526;0.368000;0.367853,0.327187;0.411907;0.343176,0.270692;0.270002;0.263676,,multiprocessing,2026-10-03T18:57:43+00:00
W8-00510,W8,n2-standard-8,Windows,2022Server,AMD64,Intel(R) Xeon(R) CPU @ 2.80GHz,intel,8,4,2800,34.4,3.14.6,CPython,1,spawn,2.5.3,big_result,result_sorted_pairs,469,1293,0.0,seconds,normal,10986,1316,8,4,1,4,0,0,0.00017711879430578795,1.0,2.274392852797253,0.6214190901873462,1.073564352785161,0.0,0.09976349999988088,0.003099900005508971,0.15405120000013994,2.0993639000002986,2.131340099999761,1.4332875000000058,2.118655;2.099364;2.093786,2.118146;2.135362;2.131340,1.391155;1.433288;1.446763,,multiprocessing,2026-10-03T18:58:00+00:00
W8-00511,W8,n2-standard-8,Windows,2022Server,AMD64,Intel(R) Xeon(R) CPU @ 2.80GHz,intel,8,4,2800,34.4,3.14.6,CPython,1,spawn,2.5.3,mixed,mixed_compute_then_sleep,115695,831407,0.8,seconds,big,67,831439.4285714285,8,8,1,3,1,0,0.008416728571319254,0.6433688670050806,0.49790959057793793,0.046124130331310034,1.7983627075914284,2.3,0.09772939999993469,0.0036144000009699084,0.19527090000019598,0.5267188000002534,0.33495300000004136,0.142738499999723,0.525925;0.527167;0.526719,0.335900;0.334953;0.332976,0.142738;0.140755;0.154965,,multiprocessing,2026-10-03T18:58:04+00:00
W8-00512,W8,n2-standard-8,Windows,2022Server,AMD64,Intel(R) Xeon(R) CPU @ 2.80GHz,intel,8,4,2800,34.4,3.14.6,CPython,1,spawn,2.5.3,io,io_file_roundtrip,1,2601,0.8,ms,normal,8,2623,8,2,1,0,1,0,0.009165566666524683,0.11075575554225948,0.1936931066827936,0.00106558240894945,1.7587912326893764,14.8,0.04237119999970673,0.001045800000156305,0.13949330000014015,0.02205309999999372,0.013081699999929697,0.013748000000305183,0.032074;0.021617;0.022053,0.013082;0.014316;0.012795,0.016196;0.013748;0.012594,,threading,2026-10-03T18:58:05+00:00
W8-00513,W8,n2-standard-8,Windows,2022Server,AMD64,Intel(R) Xeon(R) CPU @ 2.80GHz,intel,8,4,2800,34.4,3.14.6,CPython,1,spawn,2.5.3,db,db_mem_insert_select,34,96,0.0,ms,normal,1420,115,8,8,1,1,1,0,0.00011071239437178904,1.0,0.10729477119080842,0.03201990146418781,0.9141893001025234,13.6,0.08334289999993416,0.001031599997986632,0.19527090000019598,0.15908020000006218,0.35547079999969355,0.045710500000041066,0.157289;0.159243;0.159080,0.355471,0.046997;0.045711;0.044372,,multiprocessing,2026-10-03T18:58:07+00:00
W8-00514,W8,n2-standard-8,Windows,2022Server,AMD64,Intel(R) Xeon(R) CPU @ 2.80GHz,intel,8,4,2800,34.4,3.14.6,CPython,1,spawn,2.5.3,db,db_file_lookup,546,45,0.8,ms,normal,8,65,8,4,1,5,1,0,0.0113774999999805,1.0,0.292069813587148,0.0006826338419840697,0.6693056632823626,12.1,0.09194509999997535,0.00025359999972351943,0.15405120000013994,0.08171810000021651,0.03729380000004312,0.031115000000227155,0.081838;0.081507;0.081718,0.040876;0.037294;0.031908,0.031245;0.031115;0.029332,,multiprocessing,2026-10-03T18:58:08+00:00
W8-00515,W8,n2-standard-8,Windows,2022Server,AMD64,Intel(R) Xeon(R) CPU @ 2.80GHz,intel,8,4,2800,34.4,3.14.6,CPython,1,spawn,2.5.3,recursive,rec_quicksort,651,1054964,0.3,ms,big,34,1054987,8,16,1,8,0,0,0.0006823000000508728,1.0,0.15298052705073306,1.086435585515668,0.7031017561209013,9.5,0.019488299999920855,0.006244899999273912,0.19791880000002493,0.02688060000036785,0.028497799999968265,0.05132069999990563,0.026529;0.026881;0.027789,0.029193;0.028498;0.028369,0.052363;0.051310;0.051321,,sequential,2026-10-03T18:58:09+00:00
W8-00516,W8,n2-standard-8,Windows,2022Server,AMD64,Intel(R) Xeon(R) CPU @ 2.80GHz,intel,8,4,2800,34.4,3.14.6,CPython,1,spawn,2.5.3,tiny,tiny_len,2,29,0.0,seconds,normal,200000,48,8,2,0,0,0,0,1.5435000000252331e-07,1.0,0.44468601742739206,25.817946598751956,0.37357838961499823,11.7,0.005082599999695958,0.0030220999997254694,0.13949330000014015,0.019117800000003626,0.028155400000287045,0.07523270000001503,0.019118;0.018468;0.019205,0.028155;0.028214;0.026848,0.074097;0.082426;0.075233,,sequential,2026-10-03T18:58:10+00:00
W8-00517,W8,n2-standard-8,Windows,2022Server,AMD64,Intel(R) Xeon(R) CPU @ 2.80GHz,intel,8,4,2800,34.4,3.14.6,CPython,1,spawn,2.5.3,text,text_format_report,1394,34,0.0,seconds,normal,1222,54,8,16,1,2,0,0,0.0019599923077049217,1.0,0.013245304035268213,0.0020229671559767928,0.9803598868929354,12.5,0.10339429999976346,0.0003980999990744749,0.19791880000002493,2.3909106000000975,2.409768100000292,0.6198374000000513,2.410840;2.378868;2.390911,2.426591;2.409768;2.403842,0.624233;0.619837;0.619168,,multiprocessing,2026-10-03T18:58:27+00:00
W8-00518,W8,n2-standard-8,Windows,2022Server,AMD64,Intel(R) Xeon(R) CPU @ 2.80GHz,intel,8,4,2800,34.4,3.14.6,CPython,1,spawn,2.5.3,text,text_regex_findall,1,1718,0.8,ms,normal,449,1740,8,16,1,1,0,0,9.836160713559496e-05,1.0,0.3021981515119006,0.04132709918075797,0.9028276339671845,0.0,0.02381569999988642,0.0005043000010118703,0.19791880000002493,0.04432950000000346,0.046109599999908824,0.015146599999752652,0.044266;0.044330;0.044419,0.046110;0.046914;0.046098,0.017174;0.014629;0.015147,,multiprocessing,2026-10-03T18:58:28+00:00
W8-00519,W8,n2-standard-8,Windows,2022Server,AMD64,Intel(R) Xeon(R) CPU @ 2.80GHz,intel,8,4,2800,34.4,3.14.6,CPython,1,spawn,2.5.3,gil_release,gil_zlib,5,5074,0.3,ms,normal,72,5096,8,8,1,1,0,1,0.0005701722221955505,1.0,0.14158806465657386,0.008759536695724584,1.610442822480119,0.4,0.017487699999946926,0.0008208000003833149,0.19527090000019598,0.041735700000117504,0.00875529999984792,0.009470599999986007,0.041709;0.041736;0.041770,0.009100;0.008755;0.008594,0.009609;0.009468;0.009471,,threading,2026-10-03T18:58:28+00:00
W8-00520,W8,n2-standard-8,Windows,2022Server,AMD64,Intel(R) Xeon(R) CPU @ 2.80GHz,intel,8,4,2800,34.4,3.14.6,CPython,1,spawn,2.5.3,big_payload,big_count_byte,12,3101934,0.8,ms,big,24,3101956,8,8,0,1,0,0,0.0018524666666811147,1.0,0.004367510072950832,0.8303973080967162,0.9345841256207773,0.0,0.03267000000005282,0.009604200000012497,0.19527090000019598,0.04514609999978347,0.045644499999980326,0.09218439999995098,0.044336;0.045146;0.046830,0.045416;0.045644;0.045692,0.090220;0.092184;0.098397,,sequential,2026-10-03T18:58:30+00:00
W8-00521,W8,n2-standard-8,Windows,2022Server,AMD64,Intel(R) Xeon(R) CPU @ 2.80GHz,intel,8,4,2800,34.4,3.14.6,CPython,1,spawn,2.5.3,cpu,cpu_matmul_lists,14,937,0.8,ms,normal,15,959,8,16,3,5,0,0,0.00012146666676926543,1.0,1.2154979217953208,0.08040614903527016,0.3131737621287643,0.0,0.0022629999998571293,0.00020129999984419555,0.19791880000002493,0.004400899999836838,0.005230000000210566,0.0025191999998241954,0.004426;0.004396;0.004401,0.005264;0.005230;0.005188,0.002459;0.002519;0.002561,,multiprocessing,2026-10-03T18:58:30+00:00
W8-00522,W8,n2-standard-8,Windows,2022Server,AMD64,Intel(R) Xeon(R) CPU @ 2.80GHz,intel,8,4,2800,34.4,3.14.6,CPython,1,spawn,2.5.3,text,text_regex_findall,16,3116,0.0,ms,normal,13,3138,8,2,1,1,0,0,0.0023455666666147104,1.0,0.01796167264079683,0.00441968534797034,0.8920203756209325,0.0,0.015117999999802123,0.000225499999942258,0.13949330000014015,0.03063159999965137,0.0316211000003932,0.017185300000164716,0.030482;0.030632;0.030744,0.031354;0.031978;0.031621,0.017739;0.017068;0.017185,,multiprocessing,2026-10-03T18:58:31+00:00
W8-00523,W8,n2-standard-8,Windows,2022Server,AMD64,Intel(R) Xeon(R) CPU @ 2.80GHz,intel,8,4,2800,34.4,3.14.6,CPython,1,spawn,2.5.3,gil_release,gil_bz2,158,300000,0.3,ms,big,8,300022,8,2,0,1,0,1,0.017546566666775714,1.0,0.06523923660104086,0.0063602186185835125,1.241324843157914,0.0,0.09375739999995858,0.00059339999961594,0.13949330000014015,0.14054880000003322,0.07545200000004115,0.07742949999965276,0.140509;0.141376;0.140549,0.075452;0.078217;0.075185,0.077429;0.077120;0.077688,,threading,2026-10-03T18:58:33+00:00
W8-00524,W8,n2-standard-8,Windows,2022Server,AMD64,Intel(R) Xeon(R) CPU @ 2.80GHz,intel,8,4,2800,34.4,3.14.6,CPython,1,spawn,2.5.3,db,db_file_lookup,17,207,0.8,ms,normal,154,226,8,4,1,5,1,0,0.0006753763158078647,1.0,0.3138617527884215,0.005396991106217807,0.506519912527701,0.0,0.07561780000014551,0.0004190999993625155,0.15405120000013994,0.10916929999984859,0.04919659999995929,0.040844099999958416,0.109490;0.109113;0.109169,0.049616;0.048956;0.049197,0.042169;0.040844;0.040274,,multiprocessing,2026-10-03T18:58:34+00:00
W8-00525,W8,n2-standard-8,Windows,2022Server,AMD64,Intel(R) Xeon(R) CPU @ 2.80GHz,intel,8,4,2800,34.4,3.14.6,CPython,1,spawn,2.5.3,big_payload,big_reverse,5,3594775,0.3,seconds,big,55,3594797,8,8,0,0,0,0,0.0019199538461669783,1.0,0.009433375672052206,1.8669879885143932,0.9346504777796718,0.0,0.09918710000010833,0.047477900000103546,0.19527090000019598,0.11204339999994772,0.1264593999999306,0.411442800000259,0.111527;0.123642;0.112043,0.127637;0.126459;0.113780,0.411443;0.393470;0.461211,,sequential,2026-10-03T18:58:37+00:00
W8-00526,W8,n2-standard-8,Windows,2022Server,AMD64,Intel(R) Xeon(R) CPU @ 2.80GHz,intel,8,4,2800,34.4,3.14.6,CPython,1,spawn,2.5.3,big_payload,big_count_byte,11,141209,0.8,ms,big,124,141231,8,4,0,1,0,0,8.469354838046954e-05,1.0,0.022582544794881792,0.3285964583693998,0.7904585068542278,0.0,0.006862100000034843,0.0008501000002070214,0.15405120000013994,0.010464800000136165,0.011113799999748153,0.028906199999710225,0.010452;0.010498;0.010465,0.011114;0.011009;0.011414,0.029905;0.028422;0.028906,,sequential,2026-10-03T18:58:38+00:00
W8-00527,W8,n2-standard-8,Windows,2022Server,AMD64,Intel(R) Xeon(R) CPU @ 2.80GHz,intel,8,4,2800,34.4,3.14.6,CPython,1,spawn,2.5.3,algo_iter,algo_dijkstra,285,761,0.8,seconds,normal,900,783.5,8,8,2,15,0,0,0.0006350278481074349,1.0,0.5312048646189502,0.0067241145241733235,0.9611275216165993,1.6,0.10218740000027537,0.0005020999997213949,0.19527090000019598,0.5773103000001356,0.5961787999999615,0.16652449999992314,0.577310;0.576335;0.579025,0.592348;0.596179;0.597145,0.162673;0.168840;0.166524,,multiprocessing,2026-10-03T18:58:42+00:00
W8-00528,W8,n2-standard-8,Windows,2022Server,AMD64,Intel(R) Xeon(R) CPU @ 2.80GHz,intel,8,4,2800,34.4,3.14.6,CPython,1,spawn,2.5.3,gil_release,gil_bz2,28,300000,0.0,seconds,big,631,300022,8,2,0,1,0,1,0.003653964285701607,1.0,0.01260135739022218,0.015620998706207059,1.8801186943669215,0.0,0.07943010000008144,0.0010757000004559814,0.13949330000014015,2.312572700000146,1.2040514000000258,1.3965886999999384,2.309407;2.312573;2.316778,1.194787;1.204858;1.204051,1.396589;1.398147;1.385823,,threading,2026-10-03T18:58:58+00:00
W8-00529,W8,n2-standard-8,Windows,2022Server,AMD64,Intel(R) Xeon(R) CPU @ 2.80GHz,intel,8,4,2800,34.4,3.14.6,CPython,1,spawn,2.5.3,big_result,result_records,4200,1507921,0.8,seconds,big,132,1507944,8,8,1,2,0,0,0.001825892857125057,1.0,0.5252595121859894,1.837268264100551,0.6729495868166925,0.0,0.19549929999993765,0.06752310000047146,0.19527090000019598,0.441912499999944,0.3989379999998164,0.5942064000000755,0.444951;0.441912;0.440211,0.399735;0.398938;0.396665,0.594206;0.585783;0.604032,,threading,2026-10-03T18:59:04+00:00
W8-00530,W8,n2-standard-8,Windows,2022Server,AMD64,Intel(R) Xeon(R) CPU @ 2.80GHz,intel,8,4,2800,34.4,3.14.6,CPython,1,spawn,2.5.3,gil_release,gil_zlib,8,119413,0.0,ms,big,8,119435,8,8,1,1,0,1,0.024839900000036625,1.0,0.001966892447763268,0.0011553991744742967,1.4782378730448646,0.0,0.12527360000012777,0.00030269999979282147,0.19527090000019598,0.20100790000014968,0.03490830000009737,0.03714799999988827,0.201008,0.035226;0.034908;0.034721,0.036470;0.037398;0.037148,,threading,2026-10-03T18:59:05+00:00
W8-00531,W8,n2-standard-8,Windows,2022Server,AMD64,Intel(R) Xeon(R) CPU @ 2.80GHz,intel,8,4,2800,34.4,3.14.6,CPython,1,spawn,2.5.3,tiny,tiny_add,70,357,0.0,seconds,normal,200000,379,8,4,0,1,0,0,1.4000001283420715e-07,1.0,2.650375182592074,26.60714016810137,0.2514776001959415,0.0,0.005323800000041956,0.0030221999745663197,0.15405120000013994,0.020485399999870424,0.03670549999969808,0.2750384999999369,0.023054;0.020485;0.020249,0.036705;0.037381;0.036359,0.275038,,sequential,2026-10-03T18:59:06+00:00
W8-00532,W8,n2-standard-8,Windows,2022Server,AMD64,Intel(R) Xeon(R) CPU @ 2.80GHz,intel,8,4,2800,34.4,3.14.6,CPython,1,spawn,2.5.3,numpy,np_fft,916561,5624,0.3,ms,normal,8,5649,8,8,0,0,0,1,0.19859139999986533,1.0,0.02395805847910836,8.946342383263395e-05,1.401006877570555,0.0,1.0162218000000394,0.00031620000072507537,0.19527090000019598,1.6391192999999475,0.43659910000042146,0.423351399999774,1.639119;1.630330;1.653849,0.464442;0.420576;0.436599,0.509797;0.407121;0.423351,,multiprocessing,2026-10-03T18:59:16+00:00
W8-00533,W8,n2-standard-8,Windows,2022Server,AMD64,Intel(R) Xeon(R) CPU @ 2.80GHz,intel,8,4,2800,34.4,3.14.6,CPython,1,spawn,2.5.3,tiny,tiny_dict_lookup,59,111,0.3,seconds,normal,200000,130,8,4,0,1,0,0,2.4510000753252825e-07,1.0,0.36300221913689745,15.973071732905261,0.4137336954927748,0.0,0.005948500000158674,0.0033814999851529137,0.15405120000013994,0.0364371000000574,0.04534520000015618,0.10706019999997807,0.036782;0.036437;0.036240,0.045345;0.045555;0.044960,0.114018;0.106659;0.107060,,sequential,2026-10-03T18:59:17+00:00
W8-00534,W8,n2-standard-8,Windows,2022Server,AMD64,Intel(R) Xeon(R) CPU @ 2.80GHz,intel,8,4,2800,34.4,3.14.6,CPython,1,spawn,2.5.3,cpu,cpu_collatz,62,123564,0.8,seconds,big,1375,123586,8,4,2,5,0,0,0.00011292769679140894,1.0,0.6710115355222879,0.25821831857030847,1.004468090288467,0.0,0.07953419999967082,0.0020488999998633517,0.15405120000013994,0.15734219999967536,0.1595153000002938,0.53100940000013,0.157342;0.158042;0.157256,0.160825;0.159515;0.158286,0.527004;0.531009;0.549373,,sequential,2026-10-03T18:59:21+00:00
W8-00535,W8,n2-standard-8,Windows,2022Server,AMD64,Intel(R) Xeon(R) CPU @ 2.80GHz,intel,8,4,2800,34.4,3.14.6,CPython,1,spawn,2.5.3,algo_rec,algo_merge_sort,780,1264151,0.8,ms,big,72,1264173.9444444445,8,8,1,10,0,0,0.0013406111110675233,1.0,0.495152788323113,0.6424889146996214,1.0823243223198957,0.0,0.063716800000293,0.01762920000101076,0.19527090000019598,0.0980344999998124,0.10108500000023923,0.17193369999995411,0.097666;0.098034;0.098511,0.101783;0.101085;0.100164,0.171616;0.171934;0.178311,,sequential,2026-10-03T18:59:23+00:00
W8-00536,W8,n2-standard-8,Windows,2022Server,AMD64,Intel(R) Xeon(R) CPU @ 2.80GHz,intel,8,4,2800,34.4,3.14.6,CPython,1,spawn,2.5.3,text,text_csv_parse,18,193,0.0,ms,normal,12,212,8,2,2,3,0,0,0.002205299999938385,1.0,0.017227913912317486,0.004232228340111209,0.9525360734689041,0.0,0.013743800000156625,0.00021580000066023786,0.13949330000014015,0.025771399999939604,0.02703990000009071,0.01302269999996497,0.025672;0.025920;0.025771,0.027040;0.026627;0.027196,0.013023;0.012802;0.013386,,multiprocessing,2026-10-03T18:59:36+00:00
W8-00537,W8,n2-standard-8,Windows,2022Server,AMD64,Intel(R) Xeon(R) CPU @ 2.80GHz,intel,8,4,2800,34.4,3.14.6,CPython,1,spawn,2.5.3,db,db_mem_group_by,116,381528,0.3,seconds,big,524,381550,8,4,1,2,1,0,0.00022199007634722556,1.0,0.11928472497495404,0.32733445201245237,0.892070417088281,0.0,0.06363640000017767,0.002002999998694577,0.15405120000013994,0.11479659999986325,0.19931129999986297,0.5610061000002133,0.114797;0.114639;0.115538,0.202148;0.196542;0.199311,0.541310;0.561006;0.561297,,sequential,2026-10-03T18:59:40+00:00
W8-00538,W8,n2-standard-8,Windows,2022Server,AMD64,Intel(R) Xeon(R) CPU @ 2.80GHz,intel,8,4,2800,34.4,3.14.6,CPython,1,spawn,2.5.3,io,io_sleep_chunks,4968,880,0.0,seconds,normal,376,903,8,2,1,1,1,0,0.007722257142891716,0.005582862977942315,0.021765641136118955,0.0008842714328516278,1.7116701837236301,0.0,0.08603379999976823,0.00030039999955988606,0.13949330000014015,2.9357889999996587,1.4689970999997968,1.4695815999998558,2.935789;2.935177;2.937489,1.469030;1.468257;1.468997,1.469582;1.469345;1.469584,,threading,2026-10-03T18:59:58+00:00
W8-00539,W8,n2-standard-8,Windows,2022Server,AMD64,Intel(R) Xeon(R) CPU @ 2.80GHz,intel,8,4,2800,34.4,3.14.6,CPython,1,spawn,2.5.3,tiny,tiny_dict_lookup,1,75,0.3,seconds,normal,200000,94,8,16,0,1,0,0,2.4445000076411816e-07,1.0,0.3226094776668502,15.217835704857505,0.4022502051676865,0.0,0.005498199999692588,0.0028925999981765926,0.19791880000002493,0.03555980000010095,0.04475490000004356,0.06318259999989095,0.035374;0.035560;0.035816,0.044411;0.044755;0.045719,0.063918;0.062001;0.063183,,sequential,2026-10-03T18:59:59+00:00
W8-00540,W8,n2-standard-8,Windows,2022Server,AMD64,Intel(R) Xeon(R) CPU @ 2.80GHz,intel,8,4,2800,34.4,3.14.6,CPython,1,spawn,2.5.3,tiny,tiny_add,73,20,0.3,ms,normal,200000,39,8,8,0,1,0,0,1.2085000844308524e-07,1.0,0.4011556762312163,33.84360554470227,0.31340503232913064,0.0,0.004818899999918358,0.0029099999828758882,0.19527090000019598,0.013616100000035658,0.02182169999969119,0.04622429999972155,0.016022;0.013454;0.013616,0.021822;0.020721;0.021988,0.051289;0.046224;0.045092,,sequential,2026-10-03T19:00:00+00:00
W8-00541,W8,n2-standard-8,Windows,2022Server,AMD64,Intel(R) Xeon(R) CPU @ 2.80GHz,intel,8,4,2800,34.4,3.14.6,CPython,1,spawn,2.5.3,algo_iter,algo_kmeans,322,199,0.3,seconds,normal,243,219,8,4,3,15,0,0,0.008725616666652058,1.0,0.10120381609642548,0.0010085247088301335,0.9848627507264035,0.0,0.10573370000020077,0.0003289999999651627,0.15405120000013994,2.037637800000084,2.082310199999938,0.7053330999997343,2.046081;2.027006;2.037638,2.067194;2.082310;2.091500,0.544354;0.705333;0.795534,,multiprocessing,2026-10-03T19:00:15+00:00
W8-00542,W8,n2-standard-8,Windows,2022Server,AMD64,Intel(R) Xeon(R) CPU @ 2.80GHz,intel,8,4,2800,34.4,3.14.6,CPython,1,spawn,2.5.3,algo_rec,algo_merge_sort,7297,478058,0.0,seconds,big,418,478081,8,2,1,10,0,0,0.01522975000000315,1.0,0.018145517860661525,0.03812603620197065,0.9880005304718306,11.7,0.1246344000001045,0.0025708999996822968,0.13949330000014015,6.364645699999983,6.631015200000093,3.5745325999996567,6.364646;6.364206;6.367848,6.631015;6.662653;6.627741,3.547219;3.574533;3.585005,,multiprocessing,2026-10-03T19:01:06+00:00
W8-00543,W8,n2-standard-8,Windows,2022Server,AMD64,Intel(R) Xeon(R) CPU @ 2.80GHz,intel,8,4,2800,34.4,3.14.6,CPython,1,spawn,2.5.3,tiny,tiny_dict_lookup,9,200,0.8,ms,normal,200000,219,8,8,0,1,0,0,3.2054999769570716e-07,1.0,0.2863055848953673,12.369365372701571,0.5016645891975208,0.8,0.005713699999887467,0.002896800004691613,0.19527090000019598,0.04947840000022552,0.05875330000026224,0.12993469999992158,0.052465;0.049004;0.049478,0.058753;0.058238;0.059108,0.131788;0.129935;0.127539,,sequential,2026-10-03T19:01:08+00:00
W8-00544,W8,n2-standard-8,Windows,2022Server,AMD64,Intel(R) Xeon(R) CPU @ 2.80GHz,intel,8,4,2800,34.4,3.14.6,CPython,1,spawn,2.5.3,algo_iter,algo_dijkstra,56,230439,0.8,seconds,big,867,230461,8,16,2,15,0,0,0.00010919907408101103,1.0,0.4685010595272598,0.3764683936421051,0.9980291083123326,0.0,0.04879960000016581,0.0014239999986784824,0.19791880000002493,0.0941451000003326,0.09844220000013593,0.482622800000172,0.093926;0.094294;0.094145,0.098442;0.097489;0.107347,0.482623,,sequential,2026-10-03T19:01:10+00:00
W8-00545,W8,n2-standard-8,Windows,2022Server,AMD64,Intel(R) Xeon(R) CPU @ 2.80GHz,intel,8,4,2800,34.4,3.14.6,CPython,1,spawn,2.5.3,cpu,cpu_matmul_lists,8,524509,0.0,seconds,big,381,524531,8,8,3,5,0,0,3.599684212914374e-05,1.0,0.06120208240279911,2.6164795137059254,0.8265651024311311,1.1,0.009944400000222231,0.002292399997713801,0.19527090000019598,0.013641500000176165,0.014553999999861844,0.4990472999998019,0.013610;0.013700;0.013642,0.014554;0.014443;0.014842,0.499047,,sequential,2026-10-03T19:01:12+00:00
W8-00546,W8,n2-standard-8,Windows,2022Server,AMD64,Intel(R) Xeon(R) CPU @ 2.80GHz,intel,8,4,2800,34.4,3.14.6,CPython,1,spawn,2.5.3,gil_release,gil_zlib,13,42790,0.8,seconds,normal,21,42812,8,4,1,1,0,1,0.01816293333346645,1.0,0.19904641509999996,0.001429651584700385,1.9216062516937376,5.1,0.08071089999975811,0.0003094999997301784,0.15405120000013994,0.296836600000006,0.08176630000025398,0.09672339999997348,0.296837;0.296836;0.297578,0.081461;0.081766;0.082288,0.096933;0.096474;0.096723,,threading,2026-10-03T19:01:14+00:00
W8-00547,W8,n2-standard-8,Windows,2022Server,AMD64,Intel(R) Xeon(R) CPU @ 2.80GHz,intel,8,4,2800,34.4,3.14.6,CPython,1,spawn,2.5.3,recursive,rec_fib,22,1135,0.0,seconds,normal,176211,1157,8,16,0,4,0,0,2.8076499988856084e-06,1.0,2.761307986530098,1.4709810790002034,0.8787498160884971,0.0,0.016795000000001892,0.003846000001885841,0.19791880000002493,0.4795822000000953,0.5016015000001062,0.5912646000001587,0.479582;0.478744;0.479946,0.499677;0.506116;0.501602,0.591265;0.576700;0.613732,,sequential,2026-10-03T19:01:20+00:00
W8-00548,W8,n2-standard-8,Windows,2022Server,AMD64,Intel(R) Xeon(R) CPU @ 2.80GHz,intel,8,4,2800,34.4,3.14.6,CPython,1,spawn,2.5.3,algo_rec,algo_lcs_memo,6,326,0.8,seconds,normal,17,348,8,2,1,10,0,0,0.013207625000063672,1.0,0.36460363948743485,0.0006814245541672932,0.755345742394236,0.0,0.1269440000000941,0.0013410999995357997,0.13949330000014015,0.2891359000000193,0.29685499999959575,0.15024880000009944,0.288322;0.289849;0.289136,0.296855;0.296449;0.298963,0.160501;0.149752;0.150249,,multiprocessing,2026-10-03T19:01:23+00:00
W8-00549,W8,n2-standard-8,Windows,2022Server,AMD64,Intel(R) Xeon(R) CPU @ 2.80GHz,intel,8,4,2800,34.4,3.14.6,CPython,1,spawn,2.5.3,gil_release,gil_bz2,101,300000,0.3,seconds,big,22,300022,8,4,0,1,0,1,0.01047313999997641,1.0,0.18981479803204412,0.00558189808669191,1.5463586169795813,0.0,0.08705529999997452,0.0005574000001615786,0.15405120000013994,0.23392119999971328,0.06918419999965408,0.08397010000044247,0.233124;0.234471;0.233921,0.068779;0.069345;0.069184,0.091518;0.083970;0.069977,,threading,2026-10-03T19:01:24+00:00
W8-00550,W8,n2-standard-8,Windows,2022Server,AMD64,Intel(R) Xeon(R) CPU @ 2.80GHz,intel,8,4,2800,34.4,3.14.6,CPython,1,spawn,2.5.3,algo_iter,algo_dijkstra,284,275,0.8,ms,normal,70,297.6470588235294,8,8,2,15,0,0,0.0006786235294919821,1.0,0.5113726306593676,0.005729590993025116,0.9353137620551126,0.0,0.02474030000030325,0.0003089999986514158,0.19527090000019598,0.04583339999999225,0.04761880000023666,0.014598300000216113,0.045833;0.045767;0.046647,0.047808;0.047619;0.047354,0.015120;0.014598;0.014212,,multiprocessing,2026-10-03T19:01:25+00:00
W8-00551,W8,n2-standard-8,Windows,2022Server,AMD64,Intel(R) Xeon(R) CPU @ 2.80GHz,intel,8,4,2800,34.4,3.14.6,CPython,1,spawn,2.5.3,db,db_mem_group_by,293,247,0.8,ms,normal,29,266.42857142857144,8,2,1,2,1,0,0.00042792857149314453,1.0,0.5148511704521204,0.011116674948617114,0.6578321875734,0.0,0.007229499999994005,0.0002628999991429737,0.13949330000014015,0.01198549999980969,0.01480009999977483,0.0070241000003079535,0.013042;0.011985;0.011855,0.014800;0.014090;0.015135,0.007509;0.007024;0.006974,,multiprocessing,2026-10-03T19:01:26+00:00
W8-00552,W8,n2-standard-8,Windows,2022Server,AMD64,Intel(R) Xeon(R) CPU @ 2.80GHz,intel,8,4,2800,34.4,3.14.6,CPython,1,spawn,2.5.3,numpy,np_linalg_solve,60,110,0.3,seconds,normal,20576,129,8,4,0,3,0,1,7.365557205837609e-05,1.0,0.23031700232621585,0.06082364010869856,0.7316365091524694,0.0,0.1192417000002024,0.0017965000047297508,0.15405120000013994,1.494665800000348,2.4142157999999654,0.43366080000032525,1.516829;1.493185;1.494666,2.414216,0.462232;0.408590;0.433661,,multiprocessing,2026-10-03T19:01:35+00:00
W8-00553,W8,n2-standard-8,Windows,2022Server,AMD64,Intel(R) Xeon(R) CPU @ 2.80GHz,intel,8,4,2800,34.4,3.14.6,CPython,1,spawn,2.5.3,algo_iter,algo_kmeans,25,68,0.0,ms,normal,382,87,8,16,3,15,0,0,0.0006974999999948119,1.0,0.017446179040451537,0.008000000022239337,0.9895113670939322,0.0,0.10151390000009997,0.0004809000006389397,0.19791880000002493,0.2638366999999562,0.26974669999981415,0.07118760000003022,0.265140;0.263740;0.263837,0.269747;0.271525;0.266566,0.071188;0.071523;0.070983,,multiprocessing,2026-10-03T19:01:37+00:00
W8-00554,W8,n2-standard-8,Windows,2022Server,AMD64,Intel(R) Xeon(R) CPU @ 2.80GHz,intel,8,4,2800,34.4,3.14.6,CPython,1,spawn,2.5.3,big_result,result_records,12616,22,0.8,seconds,normal,14,42,8,8,1,2,0,0,0.004042333333321342,1.0,0.4464152041170778,1.5087160880637795,0.8510778411223252,0.0,0.041866900000059104,0.018523799999911716,0.19527090000019598,0.047708699999930104,0.06192379999993136,0.05686790000027031,0.050774;0.046808;0.047709,0.064603;0.061924;0.048633,0.056868;0.051571;0.073094,,sequential,2026-10-03T19:01:38+00:00
W8-00555,W8,n2-standard-8,Windows,2022Server,AMD64,Intel(R) Xeon(R) CPU @ 2.80GHz,intel,8,4,2800,34.4,3.14.6,CPython,1,spawn,2.5.3,mixed,mixed_hash_then_write,253,1482,0.0,seconds,normal,44102,1504,8,16,1,3,1,0,0.0001882310606040874,0.9998100671437123,0.12140527255991494,0.021648924477253174,1.071352630640706,0.0,0.09703040000022156,0.001003200000468496,0.19791880000002493,8.67788019999989,8.379039899999952,8.232573299999785,8.469110;8.756141;8.677880,8.379040;8.275089;8.425217,8.119590;8.311796;8.232573,,multiprocessing,2026-10-03T19:02:55+00:00
W8-00556,W8,n2-standard-8,Windows,2022Server,AMD64,Intel(R) Xeon(R) CPU @ 2.80GHz,intel,8,4,2800,34.4,3.14.6,CPython,1,spawn,2.5.3,numpy,np_sort,197267,1212,0.0,ms,normal,8,1237,8,2,0,3,0,1,0.009305433333338442,1.0,0.01562583746616491,0.0011713586937331117,1.3304931057035878,0.0,0.049090999999862106,0.00027150000005349284,0.13949330000014015,0.07313629999998739,0.04052820000015345,0.04013620000023366,0.073136;0.072293;0.077249,0.040528;0.040520;0.044354,0.040136;0.037858;0.042735,,multiprocessing,2026-10-03T19:02:56+00:00
W8-00557,W8,n2-standard-8,Windows,2022Server,AMD64,Intel(R) Xeon(R) CPU @ 2.80GHz,intel,8,4,2800,34.4,3.14.6,CPython,1,spawn,2.5.3,algo_iter,algo_kmeans,101,1214597,0.0,ms,big,109,1214619,8,4,3,15,0,0,0.002672389473709221,0.9996879449114824,0.02653843899717673,0.2746664723540827,0.9900020081859416,0.0,0.11645230000021911,0.014307500000086293,0.15405120000013994,0.2870580999997401,0.29384369999979754,0.31546609999986686,0.290929;0.287058;0.285335,0.299144;0.293054;0.293844,0.306162;0.315466;0.325359,,sequential,2026-10-03T19:03:00+00:00
W8-00558,W8,n2-standard-8,Windows,2022Server,AMD64,Intel(R) Xeon(R) CPU @ 2.80GHz,intel,8,4,2800,34.4,3.14.6,CPython,1,spawn,2.5.3,io,io_sleep_chunks,16523,481015,0.0,seconds,big,51,481038,8,4,1,1,1,0,0.019486300000153278,0.0023755989704176495,0.0031098602641836085,0.00880447630229566,1.4880183477707032,0.8,0.09865390000004481,0.000761899999815796,0.15405120000013994,0.9861116999995829,0.2901790000000801,0.30228570000008403,0.986662;0.986112;0.985600,0.291439;0.290158;0.290179,0.302454;0.302286;0.301806,,threading,2026-10-03T19:03:05+00:00
W8-00559,W8,n2-standard-8,Windows,2022Server,AMD64,Intel(R) Xeon(R) CPU @ 2.80GHz,intel,8,4,2800,34.4,3.14.6,CPython,1,spawn,2.5.3,db,db_file_lookup,170,1884894,0.0,seconds,big,106,1884916,8,16,1,5,1,0,0.0043101916666804145,1.0,0.021577355966441617,0.22506539731818498,0.8449867281418809,0.0,0.12462529999993421,0.011989099999937025,0.19791880000002493,0.45877100000006976,0.2359033000002455,0.3073589999999058,0.458771;0.458440;0.471910,0.235800;0.264026;0.235903,0.309456;0.300533;0.307359,,threading,2026-10-03T19:03:09+00:00
W8-00560,W8,n2-standard-8,Windows,2022Server,AMD64,Intel(R) Xeon(R) CPU @ 2.80GHz,intel,8,4,2800,34.4,3.14.6,CPython,1,spawn,2.5.3,cpu,cpu_matmul_lists,43,194629,0.8,seconds,big,24,194651,8,16,3,5,0,0,0.008426149999953244,1.0,0.7044569119094154,0.007601336324170962,0.9988136317368443,1.1,0.09739609999996901,0.0006591999999727705,0.19791880000002493,0.2138051000001724,0.21849199999996927,0.06811859999970693,0.212716;0.213960;0.213805,0.219091;0.217070;0.218492,0.068119;0.067587;0.072082,,multiprocessing,2026-10-03T19:03:12+00:00
W8-00561,W8,n2-standard-8,Windows,2022Server,AMD64,Intel(R) Xeon(R) CPU @ 2.80GHz,intel,8,4,2800,34.4,3.14.6,CPython,1,spawn,2.5.3,tiny,tiny_len,2,21,0.8,seconds,normal,200000,40,8,4,0,0,0,0,1.3814999601891032e-07,1.0,0.45259946259539835,26.854868907773593,0.3359406154278003,0.0,0.004965799999808951,0.0029651000077137724,0.15405120000013994,0.0152392999998483,0.02241490000005797,0.06035359999987122,0.015368;0.014530;0.015239,0.023190;0.022383;0.022415,0.061653;0.060354;0.059701,,sequential,2026-10-03T19:03:12+00:00
W8-00562,W8,n2-standard-8,Windows,2022Server,AMD64,Intel(R) Xeon(R) CPU @ 2.80GHz,intel,8,4,2800,34.4,3.14.6,CPython,1,spawn,2.5.3,text,text_format_report,32,127,0.8,ms,normal,1496,146,8,4,1,2,0,0,4.473689840594299e-05,1.0,0.43788374477690856,0.084382245835435,1.0098037133465403,0.0,0.03441790000033507,0.0008633999964331451,0.15405120000013994,0.06581520000008823,0.06807479999997668,0.025406800000382646,0.065736;0.065815;0.068394,0.068075;0.065858;0.068915,0.026168;0.025407;0.025074,,multiprocessing,2026-10-03T19:03:14+00:00
W8-00563,W8,n2-standard-8,Windows,2022Server,AMD64,Intel(R) Xeon(R) CPU @ 2.80GHz,intel,8,4,2800,34.4,3.14.6,CPython,1,spawn,2.5.3,cpu,cpu_matmul_lists,13,49,0.3,seconds,normal,3245,68,8,8,3,5,0,0,0.00014428901733949215,1.0,0.39607622710948737,0.025850892749255904,1.0127597134657171,0.0,0.10033070000008593,0.0008391000005758542,0.19527090000019598,0.44586340000023483,0.454219600000215,0.13928870000017923,0.446071;0.445863;0.445491,0.453164;0.454907;0.454220,0.138045;0.139405;0.139289,,multiprocessing,2026-10-03T19:03:17+00:00
W8-00564,W8,n2-standard-8,Windows,2022Server,AMD64,Intel(R) Xeon(R) CPU @ 2.80GHz,intel,8,4,2800,34.4,3.14.6,CPython,1,spawn,2.5.3,db,db_file_commit,2,416453,0.0,ms,big,14,416475,8,16,1,0,1,0,0.015310266666650326,0.3304259040341871,0.0762209269182713,0.005471274166590876,1.3112366365275137,0.0,0.08045690000017203,0.0013293000001795008,0.19791880000002493,0.21136879999994562,0.06813310000006823,0.06301459999986037,0.205707;0.213956;0.211369,0.068133;0.045920;0.106787,0.073285;0.063015;0.045620,,multiprocessing,2026-10-03T19:03:19+00:00
W8-00565,W8,n2-standard-8,Windows,2022Server,AMD64,Intel(R) Xeon(R) CPU @ 2.80GHz,intel,8,4,2800,34.4,3.14.6,CPython,1,spawn,2.5.3,big_payload,big_count_byte,68,731835,0.0,seconds,big,273,731857,8,2,0,1,0,0,0.0004364661764451311,1.0,0.010230902203622369,0.7649848212715711,0.9791470740568398,1.2,0.06724380000014207,0.007153800002015487,0.13949330000014015,0.11912860000029468,0.1213316000003033,0.5995600999999624,0.118949;0.119900;0.119129,0.121332;0.122186;0.121017,0.599560,,sequential,2026-10-03T19:03:21+00:00
W8-00566,W8,n2-standard-8,Windows,2022Server,AMD64,Intel(R) Xeon(R) CPU @ 2.80GHz,intel,8,4,2800,34.4,3.14.6,CPython,1,spawn,2.5.3,tiny,tiny_dict_lookup,40,43,0.3,ms,normal,97862,62,8,4,0,1,0,0,2.485000013621175e-07,1.0,1.0823958597616292,15.533198896963368,0.42809241642698975,1.2,0.005435199999737961,0.0028855999971710844,0.15405120000013994,0.017459099999996397,0.023139899999932823,0.029228900000362046,0.017459;0.018218;0.017154,0.023575;0.021997;0.023140,0.034140;0.028238;0.029229,,sequential,2026-10-03T19:03:22+00:00
W8-00567,W8,n2-standard-8,Windows,2022Server,AMD64,Intel(R) Xeon(R) CPU @ 2.80GHz,intel,8,4,2800,34.4,3.14.6,CPython,1,spawn,2.5.3,tiny,tiny_dict_lookup,670,292,0.0,ms,normal,200000,315,8,2,0,1,0,0,3.223999951842416e-07,1.0,1.1458735117492416,12.406948185870258,0.5293852917637295,0.0,0.005592500000147993,0.002844400009507808,0.13949330000014015,0.049110799999652954,0.05847040000026027,0.2568597999998019,0.050232;0.048994;0.049111,0.058722;0.058089;0.058470,0.256860,,sequential,2026-10-03T19:03:24+00:00
W8-00568,W8,n2-standard-8,Windows,2022Server,AMD64,Intel(R) Xeon(R) CPU @ 2.80GHz,intel,8,4,2800,34.4,3.14.6,CPython,1,spawn,2.5.3,numpy,np_linalg_solve,10,1572593,0.8,seconds,big,127,1572615,8,2,0,3,0,1,0.006131577777725599,1.0,0.008265111447796781,0.15575653901524397,1.4597674178092157,0.0,0.10192490000008547,0.008950100000674865,0.13949330000014015,0.8774236999997811,0.572712500000307,0.725003900000047,0.897269;0.877424;0.865665,0.521784;0.572846;0.572713,0.717805;0.731215;0.725004,,threading,2026-10-03T19:03:31+00:00
W8-00569,W8,n2-standard-8,Windows,2022Server,AMD64,Intel(R) Xeon(R) CPU @ 2.80GHz,intel,8,4,2800,34.4,3.14.6,CPython,1,spawn,2.5.3,recursive,rec_quicksort,78,336,0.0,ms,normal,713,358,8,4,1,8,0,0,6.916404494700912e-05,1.0,0.07244906128721267,0.05320683617793413,0.9547424248220272,2.3,0.025905899999997928,0.0005897999990338576,0.15405120000013994,0.049317100000280334,0.05027719999998226,0.019745900000089023,0.049077;0.049317;0.050094,0.050991;0.050277;0.049775,0.019748;0.019746;0.019528,,multiprocessing,2026-10-03T19:03:32+00:00
W8-00570,W8,n2-standard-8,Windows,2022Server,AMD64,Intel(R) Xeon(R) CPU @ 2.80GHz,intel,8,4,2800,34.4,3.14.6,CPython,1,spawn,2.5.3,gil_release,gil_zlib,10,184971,0.0,ms,big,8,184993,8,2,1,1,0,1,0.04909700000007433,1.0,0.004174527815588486,0.0012933580457505838,1.4820970569996963,0.0,0.2473718999999619,0.0004362999998193118,0.13949330000014015,0.3903494999999566,0.199091099999805,0.19648839999990741,0.390017;0.390650;0.390349,0.199702;0.198200;0.199091,0.196488;0.196488;0.196570,,multiprocessing,2026-10-03T19:03:36+00:00
W8-00571,W8,n2-standard-8,Windows,2022Server,AMD64,Intel(R) Xeon(R) CPU @ 2.80GHz,intel,8,4,2800,34.4,3.14.6,CPython,1,spawn,2.5.3,big_result,result_matrix_lists,319,157032,0.0,seconds,big,98,157055,8,2,2,5,0,0,0.011837860000014189,1.0,0.005316328524524059,0.25560532055155,0.9356730225636634,0.0,0.1379809000000023,0.015404400000079477,0.13949330000014015,1.2384508000000096,1.2615848999998889,0.830250800000158,1.316368;1.225576;1.238451,1.262887;1.259921;1.261585,0.822402;0.834987;0.830251,,multiprocessing,2026-10-03T19:03:46+00:00
W8-00572,W8,n2-standard-8,Windows,2022Server,AMD64,Intel(R) Xeon(R) CPU @ 2.80GHz,intel,8,4,2800,34.4,3.14.6,CPython,1,spawn,2.5.3,algo_iter,algo_game_of_life,9,279,0.3,ms,normal,8,301,8,8,5,9,0,0,0.01198419999991529,1.0,0.14827547054396736,0.00508169090835798,0.7659393231312445,0.0,0.07954400000016904,0.0003831000003629015,0.19527090000019598,0.103270899999643,0.10423260000015944,0.03076229999987845,0.105223;0.102603;0.103271,0.105186;0.104118;0.104233,0.030740;0.030762;0.032382,,multiprocessing,2026-10-03T19:03:48+00:00
W8-00573,W8,n2-standard-8,Windows,2022Server,AMD64,Intel(R) Xeon(R) CPU @ 2.80GHz,intel,8,4,2800,34.4,3.14.6,CPython,1,spawn,2.5.3,text,text_format_report,796,18,0.3,ms,normal,86,38,8,16,1,2,0,0,0.0010603190475887373,1.0,0.16546458413633555,0.004027089736515379,0.9167101345641276,0.0,0.04714039999998931,0.0004066000005877868,0.19791880000002493,0.09375600000021223,0.09787610000012137,0.027501099999881262,0.093756;0.094971;0.093694,0.098088;0.097152;0.097876,0.027501;0.027527;0.025864,,multiprocessing,2026-10-03T19:03:49+00:00
W8-00574,W8,n2-standard-8,Windows,2022Server,AMD64,Intel(R) Xeon(R) CPU @ 2.80GHz,intel,8,4,2800,34.4,3.14.6,CPython,1,spawn,2.5.3,tiny,tiny_small_loop,2,17,0.3,seconds,normal,200000,36,8,8,0,0,0,0,2.635499968164368e-07,1.0,1.172793121475906,15.556820443202174,0.4526236848369333,0.0,0.005600200000117184,0.0029727000064667664,0.19527090000019598,0.03711249999969368,0.046901400000024296,0.047566700000061246,0.037018;0.037271;0.037112,0.046901;0.046340;0.047571,0.046946;0.049188;0.047567,,sequential,2026-10-03T19:03:50+00:00
W8-00575,W8,n2-standard-8,Windows,2022Server,AMD64,Intel(R) Xeon(R) CPU @ 2.80GHz,intel,8,4,2800,34.4,3.14.6,CPython,1,spawn,2.5.3,algo_iter,algo_edit_distance,121,915,0.0,ms,normal,1431,937,8,2,2,16,0,0,2.5920728297810954e-05,1.0,0.09024192430933704,0.1716772743401773,0.9161760223751476,0.0,0.021480899999914982,0.001942199997301941,0.13949330000014015,0.03689029999986815,0.03800439999986338,0.020422299999609095,0.036646;0.037520;0.036890,0.037489;0.038230;0.038004,0.020682;0.020297;0.020422,,multiprocessing,2026-10-03T19:03:51+00:00
W8-00576,W8,n2-standard-8,Windows,2022Server,AMD64,Intel(R) Xeon(R) CPU @ 2.80GHz,intel,8,4,2800,34.4,3.14.6,CPython,1,spawn,2.5.3,mixed,mixed_json_roundtrip,33,879,0.3,seconds,normal,1029,901,8,16,1,1,1,0,0.001728679310339242,0.5248334229202007,0.15659560170708747,0.0024672013823541536,1.4970467106770822,0.0,0.08466520000001765,0.001022200000079465,0.19791880000002493,1.75697880000007,1.0287711000000854,0.26218240000025617,1.756979,1.027814;1.032672;1.028771,0.262814;0.261248;0.262182,,multiprocessing,2026-10-03T19:03:57+00:00
W8-00577,W8,n2-standard-8,Windows,2022Server,AMD64,Intel(R) Xeon(R) CPU @ 2.80GHz,intel,8,4,2800,34.4,3.14.6,CPython,1,spawn,2.5.3,db,db_mem_insert_select,16,251699,0.0,seconds,big,794,251721,8,2,1,1,1,0,0.0001041181818262049,1.0,0.2029813547449494,0.5176809576822133,0.7351111031031815,0.0,0.05029130000002624,0.0017574999983480666,0.13949330000014015,0.07852469999988898,0.09844690000045375,0.6260318999998162,0.078525;0.079252;0.078319,0.096231;0.098447;0.098525,0.626032,,sequential,2026-10-03T19:03:59+00:00
W8-00578,W8,n2-standard-8,Windows,2022Server,AMD64,Intel(R) Xeon(R) CPU @ 2.80GHz,intel,8,4,2800,34.4,3.14.6,CPython,1,spawn,2.5.3,algo_rec,algo_flood_fill,6,1779,0.8,ms,normal,30,1801,8,2,3,10,0,0,0.0018526000000877371,0.9992110758618362,0.7934889519613869,0.0035471383580072007,0.8540806192693147,0.0,0.02896499999997104,0.00028939999947397155,0.13949330000014015,0.05889070000011998,0.06033380000008037,0.03241539999999077,0.058315;0.058891;0.059224,0.059537;0.060334;0.060839,0.030545;0.032564;0.032415,,multiprocessing,2026-10-03T19:04:00+00:00
W8-00579,W8,n2-standard-8,Windows,2022Server,AMD64,Intel(R) Xeon(R) CPU @ 2.80GHz,intel,8,4,2800,34.4,3.14.6,CPython,1,spawn,2.5.3,gil_release,gil_zlib,13,8198,0.0,ms,normal,41,8220,8,4,1,1,0,1,0.002136310000014419,1.0,0.021696473156932256,0.0032860398933011324,1.8575030391843579,0.0,0.03327429999990272,0.00034869999944930896,0.15405120000013994,0.08731269999998403,0.026386399999864807,0.027145000000018626,0.087185;0.087833;0.087313,0.026430;0.026112;0.026386,0.027304;0.027145;0.026989,,threading,2026-10-03T19:04:01+00:00
W8-00580,W8,n2-standard-8,Windows,2022Server,AMD64,Intel(R) Xeon(R) CPU @ 2.80GHz,intel,8,4,2800,34.4,3.14.6,CPython,1,spawn,2.5.3,big_result,result_matrix_lists,306,574,0.3,ms,normal,8,596.6666666666666,8,16,2,5,0,0,0.010444566666895602,1.0,0.41518206362084126,0.2670958105745015,0.7811276540128601,0.0,0.08238930000015898,0.008616799999344948,0.19791880000002493,0.0989715000000615,0.10150039999962246,0.042815799999971205,0.100842;0.098972;0.098793,0.101198;0.101563;0.101500,0.048595;0.041236;0.042816,,multiprocessing,2026-10-03T19:04:03+00:00
W8-00581,W8,n2-standard-8,Windows,2022Server,AMD64,Intel(R) Xeon(R) CPU @ 2.80GHz,intel,8,4,2800,34.4,3.14.6,CPython,1,spawn,2.5.3,big_result,result_records,3236,280,0.8,seconds,normal,215,303,8,16,1,2,0,0,0.0017045400000066972,1.0,1.159579935685313,1.0611924624679838,1.466429663427365,0.0,0.12308680000023742,0.036591199999747914,0.19791880000002493,0.4725877999999284,0.481206899999961,0.34566380000023855,0.490475;0.472588;0.463065,0.487477;0.481207;0.424824,0.363543;0.345664;0.331984,,multiprocessing,2026-10-03T19:04:07+00:00
W8-00582,W8,n2-standard-8,Windows,2022Server,AMD64,Intel(R) Xeon(R) CPU @ 2.80GHz,intel,8,4,2800,34.4,3.14.6,CPython,1,spawn,2.5.3,algo_iter,algo_edit_distance,8807,163853,0.8,seconds,big,1220,163876,8,4,2,16,0,0,0.0014024055555839571,1.0,0.44870091692828545,0.02129198635211356,0.8691492871232417,0.0,0.10958500000015192,0.0010112999989360105,0.15405120000013994,1.852188699999715,1.8881556999999702,0.8131996000001891,1.881428;1.852189;1.849020,1.884266;1.888156;1.889970,0.792084;0.813200;0.841257,,multiprocessing,2026-10-03T19:04:22+00:00
W8-00583,W8,n2-standard-8,Windows,2022Server,AMD64,Intel(R) Xeon(R) CPU @ 2.80GHz,intel,8,4,2800,34.4,3.14.6,CPython,1,spawn,2.5.3,tiny,tiny_dict_lookup,9,371,0.8,ms,normal,55536,393,8,16,0,1,0,0,3.1909999984236494e-07,1.0,0.2621035794065806,12.049514382236827,0.5202241110524284,0.0,0.005582400000093912,0.002844300000106159,0.19791880000002493,0.013095799999973678,0.01588530000026367,0.04311299999972107,0.015334;0.013096;0.010276,0.018283;0.015885;0.014469,0.043113;0.040769;0.045016,,sequential,2026-10-03T19:04:23+00:00
W8-00584,W8,n2-standard-8,Windows,2022Server,AMD64,Intel(R) Xeon(R) CPU @ 2.80GHz,intel,8,4,2800,34.4,3.14.6,CPython,1,spawn,2.5.3,recursive,rec_quicksort,68,541,0.3,seconds,normal,40673,563,8,16,1,8,0,0,6.033883495342045e-05,1.0,0.23350835357464095,0.06488358625212008,1.0105489144765807,0.0,0.10097769999993034,0.0016328999981851666,0.19791880000002493,2.418588600000021,2.4754391000001306,0.630749299999934,2.387810;2.418589;2.441287,2.442575;2.475439;2.487767,0.630749;0.627025;0.645506,,multiprocessing,2026-10-03T19:04:40+00:00
W8-00585,W8,n2-standard-8,Windows,2022Server,AMD64,Intel(R) Xeon(R) CPU @ 2.80GHz,intel,8,4,2800,34.4,3.14.6,CPython,1,spawn,2.5.3,tiny,tiny_len,989,26,0.3,seconds,normal,200000,46,8,2,0,0,0,0,1.7744999922797433e-07,1.0,0.9915164144885118,22.626092285779432,0.3882538269162514,0.0,0.004968100000041886,0.0028135000015936384,0.13949330000014015,0.015529400000104943,0.022918399999980466,0.058436799999981304,0.015529;0.015071;0.016992,0.023549;0.022377;0.022918,0.059575;0.058437;0.057908,,sequential,2026-10-03T19:04:41+00:00
W8-00586,W8,n2-standard-8,Windows,2022Server,AMD64,Intel(R) Xeon(R) CPU @ 2.80GHz,intel,8,4,2800,34.4,3.14.6,CPython,1,spawn,2.5.3,text,text_csv_parse,9,770,0.8,ms,normal,8,792,8,4,2,3,0,0,0.003840833333621655,1.0,0.38227944211760617,0.0026383162991683614,0.9029595709813009,0.0,0.022140099999887752,0.00022989999888523016,0.15405120000013994,0.02692190000016126,0.02770330000021204,0.009390000000166765,0.026922;0.026565;0.027463,0.027468;0.027944;0.027703,0.009301;0.009390;0.012920,,multiprocessing,2026-10-03T19:04:42+00:00
W8-00587,W8,n2-standard-8,Windows,2022Server,AMD64,Intel(R) Xeon(R) CPU @ 2.80GHz,intel,8,4,2800,34.4,3.14.6,CPython,1,spawn,2.5.3,big_result,result_records,798,72,0.3,ms,normal,141,92,8,8,1,2,0,0,0.0004431799999890375,1.0,2.2945098724751736,0.8397152397371801,1.4194663831694703,0.0,0.03444470000022193,0.007776100000683073,0.19527090000019598,0.043316499999946245,0.0589799999997922,0.04841699999997218,0.044863;0.042493;0.043316,0.058691;0.058980;0.063049,0.047775;0.048417;0.048844,,sequential,2026-10-03T19:04:43+00:00
W8-00588,W8,n2-standard-8,Windows,2022Server,AMD64,Intel(R) Xeon(R) CPU @ 2.80GHz,intel,8,4,2800,34.4,3.14.6,CPython,1,spawn,2.5.3,recursive,rec_fib,124,77,0.8,seconds,normal,116827,96,8,2,0,4,0,0,1.10228999994888e-05,1.0,0.5808837203756599,0.36242731018956104,0.922391247703934,0.0,0.05026690000022427,0.0033507000011923083,0.13949330000014015,1.2980310999996618,1.3548226999996587,0.6973480999999992,1.299842;1.294316;1.298031,1.354081;1.357680;1.354823,0.706285;0.697348;0.681165,,multiprocessing,2026-10-03T19:04:53+00:00
W8-00589,W8,n2-standard-8,Windows,2022Server,AMD64,Intel(R) Xeon(R) CPU @ 2.80GHz,intel,8,4,2800,34.4,3.14.6,CPython,1,spawn,2.5.3,big_result,result_long_string,3613,91,0.8,ms,normal,12,111,8,16,1,1,0,0,0.0011251000000811473,1.0,0.23810901051996688,0.04426273214726459,0.7218374884249504,3.8,0.007727900000190857,0.00038989999984551105,0.19791880000002493,0.009902100000090286,0.011469399999896268,0.005392200000187586,0.010277;0.009902;0.009894,0.011469;0.011449;0.011473,0.006687;0.005392;0.005295,,multiprocessing,2026-10-03T19:04:59+00:00
W8-00590,W8,n2-standard-8,Windows,2022Server,AMD64,Intel(R) Xeon(R) CPU @ 2.80GHz,intel,8,4,2800,34.4,3.14.6,CPython,1,spawn,2.5.3,cpu,cpu_count_primes,454,1128,0.3,ms,normal,97,1151,8,2,2,4,0,0,0.00010580416661317334,1.0,0.25518457008148526,0.043051234918966175,0.8079350260389284,0.0,0.006089099999826431,0.00035530000104699866,0.13949330000014015,0.009899700000005396,0.01015140000026804,0.0059194999998908315,0.009900;0.009973;0.009794,0.010151;0.010070;0.010214,0.006074;0.005919;0.005855,,multiprocessing,2026-10-03T19:05:00+00:00
W8-00591,W8,n2-standard-8,Windows,2022Server,AMD64,Intel(R) Xeon(R) CPU @ 2.80GHz,intel,8,4,2800,34.4,3.14.6,CPython,1,spawn,2.5.3,gil_release,gil_numpy_matmul,34,62123,0.8,seconds,normal,3219,62145,8,2,0,2,0,1,0.00010086788617767953,1.0,0.21512518049723595,0.18613456374483353,1.3518247042793707,0.0,0.08910449999984849,0.0027141000005030946,0.13949330000014015,0.3230348000001868,0.24415829999998095,0.8274139000000105,0.314722;0.323035;0.323335,0.245829;0.244158;0.239284,0.848772;0.779194;0.827414,,threading,2026-10-03T19:05:05+00:00
W8-00592,W8,n2-standard-8,Windows,2022Server,AMD64,Intel(R) Xeon(R) CPU @ 2.80GHz,intel,8,4,2800,34.4,3.14.6,CPython,1,spawn,2.5.3,big_payload,big_reverse,5,1918839,0.3,seconds,big,104,1918861,8,16,0,0,0,0,0.0010410615384793904,1.0,0.011653490552565668,1.9527471958501006,0.9551286626423703,1.1,0.09660840000015014,0.04114639999988867,0.19791880000002493,0.12763249999989057,0.1305793999999878,0.42721239999991667,0.115929;0.127632;0.129056,0.121012;0.130579;0.131174,0.427212;0.416816;0.434344,,sequential,2026-10-03T19:05:08+00:00
W8-00593,W8,n2-standard-8,Windows,2022Server,AMD64,Intel(R) Xeon(R) CPU @ 2.80GHz,intel,8,4,2800,34.4,3.14.6,CPython,1,spawn,2.5.3,algo_iter,algo_dijkstra,460,1694,0.8,seconds,normal,2142,1716.75,8,8,2,15,0,0,0.0010666617021188164,1.0,0.476382729795746,0.003998456180242975,0.9333264355668702,2.3,0.1044208999996954,0.0004418000003170164,0.19527090000019598,2.2905546000001777,2.382328400000006,0.633705899999768,2.288165;2.290555;2.298532,2.382328;2.381520;2.385968,0.631230;0.633706;0.641982,,multiprocessing,2026-10-03T19:05:25+00:00
W8-00594,W8,n2-standard-8,Windows,2022Server,AMD64,Intel(R) Xeon(R) CPU @ 2.80GHz,intel,8,4,2800,34.4,3.14.6,CPython,1,spawn,2.5.3,recursive,rec_quicksort,113,21,0.8,seconds,normal,11473,40,8,8,1,8,0,0,0.00010326915113713631,1.0,0.5489144477981758,0.03718438620939713,0.9119968030985063,0.0,0.10585940000009941,0.0011202000009689073,0.19527090000019598,1.2166598000003432,1.2522845000003144,0.32068329999992784,1.216660;1.219368;1.214989,1.241078;1.252285;1.263199,0.329032;0.318268;0.320683,,multiprocessing,2026-10-03T19:05:34+00:00
W8-00595,W8,n2-standard-8,Windows,2022Server,AMD64,Intel(R) Xeon(R) CPU @ 2.80GHz,intel,8,4,2800,34.4,3.14.6,CPython,1,spawn,2.5.3,tiny,tiny_add,3,30,0.8,ms,normal,88091,49,8,4,0,1,0,0,1.4655000063612534e-07,1.0,1.8860597689809906,25.92971648702835,0.3275587388392148,1.2,0.004979999999704887,0.002896899998631852,0.15405120000013994,0.005846099999871512,0.00997609999967608,0.022137599999950908,0.005539;0.007022;0.005846,0.010197;0.009735;0.009976,0.023145;0.022138;0.021657,,sequential,2026-10-03T19:05:35+00:00
W8-00596,W8,n2-standard-8,Windows,2022Server,AMD64,Intel(R) Xeon(R) CPU @ 2.80GHz,intel,8,4,2800,34.4,3.14.6,CPython,1,spawn,2.5.3,algo_rec,algo_sudoku,4,824,0.8,ms,normal,12,846,8,16,3,28,0,0,0.0015788333333451494,1.0,0.38734899541580203,0.0073260846647206545,0.32079946422085825,0.0,0.015928700000131357,0.00022780000017519342,0.19791880000002493,0.022383500000159984,0.02354490000016085,0.012049599999954808,0.022384;0.022463;0.022378,0.023329;0.024019;0.023545,0.013771;0.010757;0.012050,,multiprocessing,2026-10-03T19:05:35+00:00
W8-00597,W8,n2-standard-8,Windows,2022Server,AMD64,Intel(R) Xeon(R) CPU @ 2.80GHz,intel,8,4,2800,34.4,3.14.6,CPython,1,spawn,2.5.3,big_payload,big_count_byte,223,1225408,0.3,ms,big,16,1225430,8,8,0,1,0,0,0.0007349249998469531,1.0,0.008205028887595212,1.0919821751791203,0.8097091485786434,0.0,0.010142300000097748,0.0035126000007039693,0.19527090000019598,0.011769100000037724,0.01255810000020574,0.027304600000206847,0.011713;0.011769;0.011770,0.012490;0.012803;0.012558,0.027305;0.026736;0.027334,,sequential,2026-10-03T19:05:36+00:00
W8-00598,W8,n2-standard-8,Windows,2022Server,AMD64,Intel(R) Xeon(R) CPU @ 2.80GHz,intel,8,4,2800,34.4,3.14.6,CPython,1,spawn,2.5.3,big_payload,big_count_byte,13,215761,0.0,seconds,big,926,215783,8,8,0,1,0,0,0.0001305017315849098,1.0,0.02581886118004476,0.31037902333356393,0.974449719183427,0.0,0.06281310000031226,0.0015457000040441926,0.19527090000019598,0.1218893999998727,0.12231030000020837,0.5442689999999857,0.125666;0.119576;0.121889,0.121673;0.124024;0.122310,0.558037;0.544269;0.540202,,sequential,2026-10-03T19:05:40+00:00
W8-00599,W8,n2-standard-8,Windows,2022Server,AMD64,Intel(R) Xeon(R) CPU @ 2.80GHz,intel,8,4,2800,34.4,3.14.6,CPython,1,spawn,2.5.3,tiny,tiny_add,5,260,0.0,seconds,normal,200000,282,8,8,0,1,0,0,1.248500032033917e-07,1.0,0.43262854860449856,33.27993460729619,0.2561552838500095,0.0,0.004976499999884254,0.0028848999936599284,0.19527090000019598,0.016985199999908218,0.028246800000033545,0.15843649999987974,0.017344;0.016985;0.016800,0.028247;0.029366;0.027329,0.158436,,sequential,2026-10-03T19:05:41+00:00
W8-00600,W8,n2-standard-8,Windows,2022Server,AMD64,Intel(R) Xeon(R) CPU @ 2.80GHz,intel,8,4,2800,34.4,3.14.6,CPython,1,spawn,2.5.3,gil_release,gil_numpy_matmul,39,57454,0.0,ms,normal,1039,57476,8,16,0,2,0,1,8.922355211613286e-05,1.0,0.11202129841582341,0.1802214733856022,1.3236334697366707,0.0,0.04190289999996821,0.0012282000020604755,0.19791880000002493,0.0912677999999687,0.1018141999998079,0.10395840000001044,0.091268;0.091816;0.091040,0.101814;0.101591;0.102748,0.103108;0.116259;0.103958,,sequential,2026-10-03T19:05:42+00:00
W8-00601,W8,n2-standard-8,Windows,2022Server,AMD64,Intel(R) Xeon(R) CPU @ 2.80GHz,intel,8,4,2800,34.4,3.14.6,CPython,1,spawn,2.5.3,recursive,rec_fib,1194,79,0.8,ms,normal,45,99,8,16,0,4,0,0,6.583636360863403e-05,1.0,0.5199981126324082,0.07566970490748015,0.40444432663066915,1.9,0.0029512000000977423,0.00027320000026520574,0.19791880000002493,0.003978900000220165,0.004871600000114995,0.0031501999997090024,0.004187;0.003979;0.003877,0.005224;0.004796;0.004872,0.002832;0.003358;0.003150,,multiprocessing,2026-10-03T19:05:43+00:00
W8-00602,W8,n2-standard-8,Windows,2022Server,AMD64,Intel(R) Xeon(R) CPU @ 2.80GHz,intel,8,4,2800,34.4,3.14.6,CPython,1,spawn,2.5.3,tiny,tiny_len,47,77,0.8,ms,normal,46806,96,8,16,0,0,0,0,1.29300007074562e-07,1.0,0.42932210840247664,32.13456891311934,0.30758906633308564,0.0,0.004978099999789265,0.002979999985655013,0.19791880000002493,0.0038687999999638123,0.0066313000002082845,0.018964050000022326,0.004010;0.003869;0.003325,0.006757;0.005933;0.006631,0.019340;0.018589,,sequential,2026-10-03T19:05:43+00:00
W8-00603,W8,n2-standard-8,Windows,2022Server,AMD64,Intel(R) Xeon(R) CPU @ 2.80GHz,intel,8,4,2800,34.4,3.14.6,CPython,1,spawn,2.5.3,tiny,tiny_len,34,89,0.8,seconds,normal,200000,108,8,8,0,0,0,0,1.4974999862715777e-07,1.0,0.6816566834607218,27.679465895632983,0.34543562896042035,0.0,0.0050071000000571075,0.0029540000027736824,0.19527090000019598,0.014844000000266533,0.021843300000000454,0.07319820000020627,0.014960;0.014844;0.014562,0.022361;0.021843;0.020873,0.073435;0.073198;0.070974,,sequential,2026-10-03T19:05:44+00:00
W8-00604,W8,n2-standard-8,Windows,2022Server,AMD64,Intel(R) Xeon(R) CPU @ 2.80GHz,intel,8,4,2800,34.4,3.14.6,CPython,1,spawn,2.5.3,db,db_file_commit,2,196407,0.8,seconds,big,194,196429,8,2,1,0,1,0,0.01747743333332134,0.2819396315189063,0.16577800732502945,0.005187641973038516,1.131190807203457,0.0,0.09444270000039978,0.0005117000005157024,0.13949330000014015,2.6264126000000942,1.3785640000000967,1.423493299999791,2.626413;2.625539;2.744239,1.370560;1.378564;1.393064,1.423493;1.390125;1.469069,,threading,2026-10-03T19:06:02+00:00
W8-00605,W8,n2-standard-8,Windows,2022Server,AMD64,Intel(R) Xeon(R) CPU @ 2.80GHz,intel,8,4,2800,34.4,3.14.6,CPython,1,spawn,2.5.3,recursive,rec_nqueens,2,148,0.8,seconds,normal,736,167,8,16,1,10,0,0,0.000288931213877847,1.0,0.4450257307690948,0.013740294726318488,0.9449629478025973,0.0,0.10477290000017092,0.001841899999362795,0.19791880000002493,0.2233976000002258,0.22791000000006534,0.06382830000029571,0.219598;0.223398;0.223961,0.231692;0.227552;0.227910,0.063828;0.064011;0.062793,,multiprocessing,2026-10-03T19:06:04+00:00
W8-00606,W8,n2-standard-8,Windows,2022Server,AMD64,Intel(R) Xeon(R) CPU @ 2.80GHz,intel,8,4,2800,34.4,3.14.6,CPython,1,spawn,2.5.3,algo_iter,algo_game_of_life,3,311234,0.8,seconds,big,400,311256,8,8,5,9,0,0,0.005046999999897459,1.0,0.3870289651269115,0.025928994736239382,0.9870492998436012,0.0,0.11136609999994107,0.0017360000010739896,0.19527090000019598,1.7589379000000918,1.7926431999999295,0.5658083000002989,1.762713;1.756543;1.758938,1.797516;1.779174;1.792643,0.600261;0.565808;0.556228,,multiprocessing,2026-10-03T19:06:17+00:00
W8-00607,W8,n2-standard-8,Windows,2022Server,AMD64,Intel(R) Xeon(R) CPU @ 2.80GHz,intel,8,4,2800,34.4,3.14.6,CPython,1,spawn,2.5.3,db,db_mem_insert_select,2250,53,0.0,ms,normal,22,73,8,4,1,1,1,0,0.001971260000118491,1.0,0.03964543388051866,0.0029625722050611266,0.654021965736474,0.0,0.024951899999905436,0.0002594999991742952,0.15405120000013994,0.04267870000012408,0.11666419999983191,0.013246400000298308,0.042727;0.042679;0.042544,0.116664,0.013246;0.016325;0.012683,,multiprocessing,2026-10-03T19:06:18+00:00
W8-00608,W8,n2-standard-8,Windows,2022Server,AMD64,Intel(R) Xeon(R) CPU @ 2.80GHz,intel,8,4,2800,34.4,3.14.6,CPython,1,spawn,2.5.3,cpu,cpu_matmul_lists,4,246845,0.0,ms,big,810,246867,8,8,3,5,0,0,7.735148499543159e-06,1.0,0.11388693620747449,7.396755213674022,0.6958972740051179,0.0,0.005671600000368926,0.0017195000032188545,0.19527090000019598,0.005980199999612523,0.006812999999965541,0.5716624000001502,0.006065;0.005977;0.005980,0.006813;0.006999;0.006681,0.571662,,sequential,2026-10-03T19:06:20+00:00
W8-00609,W8,n2-standard-8,Windows,2022Server,AMD64,Intel(R) Xeon(R) CPU @ 2.80GHz,intel,8,4,2800,34.4,3.14.6,CPython,1,spawn,2.5.3,numpy,np_linalg_solve,192,1011,0.0,seconds,normal,10695,1033,8,2,0,3,0,1,0.00048779223297263616,1.0,0.05916824900447363,0.01008626144402276,0.658584899354739,4.3,0.12704870000015944,0.0007678000042687927,0.13949330000014015,5.086583100000098,7.927312000000256,2.5744454999999107,5.059514;5.233105;5.086583,7.927312;7.881005;7.993130,2.596491;2.561060;2.574445,,multiprocessing,2026-10-03T19:07:07+00:00
W8-00610,W8,n2-standard-8,Windows,2022Server,AMD64,Intel(R) Xeon(R) CPU @ 2.80GHz,intel,8,4,2800,34.4,3.14.6,CPython,1,spawn,2.5.3,big_payload,big_checksum_head,198,192730,0.0,seconds,big,1037,192752,8,2,1,1,0,0,5.354440146013258e-06,1.0,0.14341263553115588,6.429243590565781,0.678355872277014,0.0,0.004921199999898818,0.001317500002187444,0.13949330000014015,0.005302099999880738,0.005522800000107964,0.6327253999997993,0.005346;0.005302;0.005125,0.006184;0.005523;0.005459,0.632725,,sequential,2026-10-03T19:07:09+00:00
W8-00611,W8,n2-standard-8,Windows,2022Server,AMD64,Intel(R) Xeon(R) CPU @ 2.80GHz,intel,8,4,2800,34.4,3.14.6,CPython,1,spawn,2.5.3,tiny,tiny_len,22,794346,0.3,ms,big,251,794368,8,8,0,0,0,0,4.387096733778655e-07,1.0,0.406012866676947,860.9908169071456,0.045633274419611715,2.3,0.008626599999843165,0.007935900000120455,0.19527090000019598,6.550000034621917e-05,0.0005942999996477738,0.4918494999997165,0.000081;0.000066;0.000021,0.000594,0.491849,,sequential,2026-10-03T19:07:11+00:00
W8-00612,W8,n2-standard-8,Windows,2022Server,AMD64,Intel(R) Xeon(R) CPU @ 2.80GHz,intel,8,4,2800,34.4,3.14.6,CPython,1,spawn,2.5.3,recursive,rec_tree_sum,25,141,0.3,seconds,normal,119647,160,8,8,0,4,0,0,8.48324999833494e-06,1.0,1.1799256312715551,0.4880205149631434,0.9304325176911463,4.5,0.039487499999722786,0.003309900002932409,0.19527090000019598,1.0005922999998802,1.0495252999999138,0.31708119999984774,1.008156;1.000170;1.000592,1.049525;1.045735;1.055052,0.314512;0.317081;0.323580,,multiprocessing,2026-10-03T19:07:18+00:00
W8-00613,W8,n2-standard-8,Windows,2022Server,AMD64,Intel(R) Xeon(R) CPU @ 2.80GHz,intel,8,4,2800,34.4,3.14.6,CPython,1,spawn,2.5.3,big_result,result_long_string,20320,463244,0.3,seconds,big,8,463267,8,16,1,1,0,0,0.22867639999988873,1.0,0.10369194118087152,0.0026275849486397,0.9118843995310534,0.0,1.4114020000001801,0.00210010000046168,0.19791880000002493,1.921927500000038,1.9238209000000097,1.0443894,1.927402;1.921928;1.906376,1.929388;1.923821;1.908585,1.044389;1.037515;1.088839,,multiprocessing,2026-10-03T19:07:36+00:00
W8-00614,W8,n2-standard-8,Windows,2022Server,AMD64,Intel(R) Xeon(R) CPU @ 2.80GHz,intel,8,4,2800,34.4,3.14.6,CPython,1,spawn,2.5.3,mixed,mixed_json_roundtrip,17,1146,0.0,seconds,normal,892,1168,8,2,1,1,1,0,0.000834798333304813,0.571588766317636,0.5065614577533284,0.005198860224317112,1.4756733955593253,0.0,0.08471889999964333,0.0004606000011335709,0.13949330000014015,0.538319400000546,0.48115689999940514,0.29979070000081265,0.579102;0.538319;0.469761,0.481157;0.508555;0.480765,0.299791;0.317763;0.297920,,multiprocessing,2026-10-03T19:07:40+00:00
W8-00615,W8,n2-standard-8,Windows,2022Server,AMD64,Intel(R) Xeon(R) CPU @ 2.80GHz,intel,8,4,2800,34.4,3.14.6,CPython,1,spawn,2.5.3,algo_rec,algo_lcs_memo,4,1084997,0.8,seconds,big,30,1085019,8,8,1,10,0,0,0.025960566666981322,1.0,0.555294613447534,0.02813241108587901,1.460250067129492,0.0,0.1441181999998662,0.002485899998646346,0.19527090000019598,0.9928130000007513,1.0539284000005864,0.27053740000064863,0.987741;0.992813;0.993431,1.053928;1.016325;1.065969,0.264935;0.270537;0.279061,,multiprocessing,2026-10-03T19:07:48+00:00
W8-00616,W8,n2-standard-8,Windows,2022Server,AMD64,Intel(R) Xeon(R) CPU @ 2.80GHz,intel,8,4,2800,34.4,3.14.6,CPython,1,spawn,2.5.3,algo_iter,algo_dijkstra,371,1500,0.0,seconds,normal,1328,1523,8,2,2,15,0,0,0.0008325918032391738,1.0,0.02479285410267289,0.005266686446543703,0.9504550537726932,0.0,0.10464930000034656,0.00046490000204357784,0.13949330000014015,1.1056453999999576,1.163181199999599,0.5615848000006736,1.102671;1.110549;1.105645,1.156581;1.164128;1.163181,0.558788;0.561600;0.561585,,multiprocessing,2026-10-03T19:07:57+00:00
W8-00617,W8,n2-standard-8,Windows,2022Server,AMD64,Intel(R) Xeon(R) CPU @ 2.80GHz,intel,8,4,2800,34.4,3.14.6,CPython,1,spawn,2.5.3,big_payload,big_checksum_head,3482,106335,0.3,seconds,big,1880,106358,8,2,1,1,0,0,8.207042553701111e-05,1.0,0.17126431859647698,0.2850600544347114,0.9662148111297558,0.0,0.08031200000004901,0.0015213999977277126,0.13949330000014015,0.15528429999994842,0.15934999999990396,0.6790387999999439,0.155175;0.155378;0.155284,0.158809;0.159397;0.159350,0.677120;0.745687;0.679039,,sequential,2026-10-03T19:08:01+00:00
W8-00618,W8,n2-standard-8,Windows,2022Server,AMD64,Intel(R) Xeon(R) CPU @ 2.80GHz,intel,8,4,2800,34.4,3.14.6,CPython,1,spawn,2.5.3,algo_rec,algo_lcs_memo,5,895,0.3,ms,normal,8,917,8,16,1,10,0,0,0.015074133333352316,1.0,0.010319094950349866,0.0007031913234539465,0.9005289636159965,5.9,0.09540090000064083,0.00026330000036978163,0.19791880000002493,0.1257742000007056,0.13185119999980088,0.035090099999251834,0.125003;0.125774;0.127506,0.131851;0.132642;0.130661,0.035090;0.035596;0.033548,,multiprocessing,2026-10-03T19:08:03+00:00
W8-00619,W8,n2-standard-8,Windows,2022Server,AMD64,Intel(R) Xeon(R) CPU @ 2.80GHz,intel,8,4,2800,34.4,3.14.6,CPython,1,spawn,2.5.3,numpy,np_sort,4018,173,0.0,seconds,normal,2972,193,8,16,0,3,0,1,0.00017240655168844287,1.0,0.061163246492347584,0.025115054582864067,1.855988354831339,0.0,0.07794620000004215,0.0008764000103838043,0.19791880000002493,0.5092455000003611,0.28685219999988476,0.14456289999998262,0.512445;0.509246;0.508717,0.287188;0.286852;0.286301,0.144563;0.144595;0.144216,,multiprocessing,2026-10-03T19:08:06+00:00
W8-00620,W8,n2-standard-8,Windows,2022Server,AMD64,Intel(R) Xeon(R) CPU @ 2.80GHz,intel,8,4,2800,34.4,3.14.6,CPython,1,spawn,2.5.3,tiny,tiny_small_loop,9,1802030,0.8,seconds,big,110,1802052,8,16,0,0,0,0,7.185185327048034e-07,1.0,0.7566618101683649,1335.1847673071916,0.02567668765450646,0.0,0.02032390000022133,0.019573599999603175,0.19791880000002493,4.690000059781596e-05,0.0007610000002387096,0.3065849000004164,0.000056;0.000047;0.000026,0.000761,0.306585,,sequential,2026-10-03T19:08:08+00:00
W8-00621,W8,n2-standard-8,Windows,2022Server,AMD64,Intel(R) Xeon(R) CPU @ 2.80GHz,intel,8,4,2800,34.4,3.14.6,CPython,1,spawn,2.5.3,algo_rec,algo_sudoku,14,537,0.0,seconds,normal,325,559,8,8,3,28,0,0,0.010335239999949408,1.0,0.8872425639302367,0.0007488940575217371,0.8481546966287374,0.0,0.11501010000029055,0.00025860000096145086,0.19527090000019598,4.453716699999859,4.529442000000017,1.2777618000000075,4.442968;4.462245;4.453717,4.503620;4.529442;4.530179,1.279744;1.277762;1.241705,,multiprocessing,2026-10-03T19:08:39+00:00
W8-00622,W8,n2-standard-8,Windows,2022Server,AMD64,Intel(R) Xeon(R) CPU @ 2.80GHz,intel,8,4,2800,34.4,3.14.6,CPython,1,spawn,2.5.3,recursive,rec_nqueens,34,140,0.0,ms,normal,13,159,8,2,1,10,0,0,0.005153233333658136,1.0,0.02193027197816129,0.0019922766266697767,0.9129030517710308,0.0,0.03246519999993325,0.00026539999817032367,0.13949330000014015,0.06590419999974984,0.0683048000000781,0.03597619999982271,0.065904;0.066342;0.065824,0.068789;0.068305;0.067982,0.035976;0.035841;0.036123,,multiprocessing,2026-10-03T19:08:40+00:00
W8-00623,W8,n2-standard-8,Windows,2022Server,AMD64,Intel(R) Xeon(R) CPU @ 2.80GHz,intel,8,4,2800,34.4,3.14.6,CPython,1,spawn,2.5.3,big_payload,big_reverse,2,186600,0.8,seconds,big,1071,186622,8,8,0,0,0,0,0.00012920973785617804,1.0,0.12604618558324138,0.5196202795163571,0.9921527243549572,0.0,0.07166420000066864,0.002177399992433493,0.19527090000019598,0.15047539999977744,0.1650059000003239,0.7784924000006868,0.150475;0.146107;0.158469,0.166296;0.165006;0.157393,0.778492,,sequential,2026-10-03T19:08:43+00:00
W8-00624,W8,n2-standard-8,Windows,2022Server,AMD64,Intel(R) Xeon(R) CPU @ 2.80GHz,intel,8,4,2800,34.4,3.14.6,CPython,1,spawn,2.5.3,cpu,cpu_count_primes,130,744,0.3,seconds,normal,17016,766,8,16,2,4,0,0,1.9085500009168754e-05,1.0,0.21981757476500202,0.2543816054857105,0.9441510470929363,2.3,0.08296849999987899,0.0033544999814694165,0.19791880000002493,0.32456180000008317,0.33297049999964656,0.10588650000045163,0.324643;0.324562;0.324308,0.333950;0.332970;0.331067,0.105887;0.104970;0.108176,,multiprocessing,2026-10-03T19:08:46+00:00
W8-00625,W8,n2-standard-8,Windows,2022Server,AMD64,Intel(R) Xeon(R) CPU @ 2.80GHz,intel,8,4,2800,34.4,3.14.6,CPython,1,spawn,2.5.3,big_result,result_long_string,255,488,0.3,seconds,normal,9791,510.65,8,2,1,1,0,0,5.954335329024725e-05,1.0,0.17537193224257383,0.1225157749008938,0.9695270068314247,0.0,0.10321939999994356,0.0018085000028804643,0.13949330000014015,0.601257500000429,0.5904167000007874,0.4817116000003807,0.601258;0.575192;0.612248,0.583182;0.598749;0.590417,0.481712;0.466203;0.589069,,multiprocessing,2026-10-03T19:08:52+00:00
W8-00626,W8,n2-standard-8,Windows,2022Server,AMD64,Intel(R) Xeon(R) CPU @ 2.80GHz,intel,8,4,2800,34.4,3.14.6,CPython,1,spawn,2.5.3,db,db_mem_insert_select,506,190677,0.0,ms,big,40,190700,8,16,1,1,1,0,0.0005931299999247131,1.0,0.30105351502115885,0.05401851203944405,0.7329717631648477,12.9,0.013865799999621231,0.00058069999977306,0.19791880000002493,0.02043150000008609,0.10265789999994013,0.010271799999827635,0.020362;0.021582;0.020432,0.102658,0.010736;0.010272;0.010181,,multiprocessing,2026-10-03T19:08:53+00:00
W8-00627,W8,n2-standard-8,Windows,2022Server,AMD64,Intel(R) Xeon(R) CPU @ 2.80GHz,intel,8,4,2800,34.4,3.14.6,CPython,1,spawn,2.5.3,mixed,mixed_hash_then_write,4029,6993,0.0,ms,normal,60,7016,8,4,1,3,1,0,0.0004418599998947078,1.0,0.16060353992854107,0.014574752154055572,0.8872802882016059,13.3,0.014234100000066974,0.0003688000015245052,0.15405120000013994,0.025463099999797123,0.02523750000000291,0.014228500000172062,0.026770;0.025463;0.024420,0.025488;0.025238;0.025028,0.015161;0.014229;0.013972,,multiprocessing,2026-10-03T19:08:53+00:00
W8-00628,W8,n2-standard-8,Windows,2022Server,AMD64,Intel(R) Xeon(R) CPU @ 2.80GHz,intel,8,4,2800,34.4,3.14.6,CPython,1,spawn,2.5.3,tiny,tiny_len,8,340963,0.3,seconds,big,586,340985,8,4,0,0,0,0,4.0068491141763133e-07,1.0,0.3523399587486855,201.11812968639518,0.09133247081719316,6.4,0.0028616999998121173,0.0020502000024862355,0.15405120000013994,0.00010800000018207356,0.0006057999999029562,0.583007500000349,0.000169;0.000108;0.000055,0.000710;0.000502,0.583008,,sequential,2026-10-03T19:08:55+00:00
W8-00629,W8,n2-standard-8,Windows,2022Server,AMD64,Intel(R) Xeon(R) CPU @ 2.80GHz,intel,8,4,2800,34.4,3.14.6,CPython,1,spawn,2.5.3,tiny,tiny_dict_lookup,23,84,0.0,seconds,normal,200000,103,8,8,0,1,0,0,2.696999954423518e-07,1.0,0.3995497524097138,14.071190862538248,0.45187409670111783,0.0,0.005527799999981653,0.0029032000093138777,0.19527090000019598,0.0375648999997793,0.04780520000076649,0.06936320000022533,0.052150;0.037565;0.037277,0.047805;0.048267;0.047022,0.070966;0.068825;0.069363,,sequential,2026-10-03T19:08:56+00:00
W8-00630,W8,n2-standard-8,Windows,2022Server,AMD64,Intel(R) Xeon(R) CPU @ 2.80GHz,intel,8,4,2800,34.4,3.14.6,CPython,1,spawn,2.5.3,gil_release,gil_bz2,17,300000,0.0,ms,big,11,300022,8,8,0,1,0,1,0.0026765000002342276,1.0,0.02388976732244888,0.029130082846865184,1.3299641179404562,0.0,0.014489799999864772,0.000459999999293359,0.19527090000019598,0.029304300000148942,0.008791999999630207,0.01082849999966129,0.029304;0.029292;0.029522,0.008880;0.008792;0.008637,0.010995;0.010828;0.009265,,threading,2026-10-03T19:08:57+00:00
W8-00631,W8,n2-standard-8,Windows,2022Server,AMD64,Intel(R) Xeon(R) CPU @ 2.80GHz,intel,8,4,2800,34.4,3.14.6,CPython,1,spawn,2.5.3,recursive,rec_tree_sum,10,32,0.8,seconds,normal,45577,51,8,8,0,4,0,0,4.183650006325479e-06,1.0,2.357692031182127,0.8748341511718022,0.8997505759174713,0.0,0.021723699999711243,0.003116999987469171,0.19527090000019598,0.18564140000034968,0.19888129999981174,0.05845249999947555,0.185242;0.186837;0.185641,0.198881;0.199160;0.195942,0.058360;0.058452;0.059005,,multiprocessing,2026-10-03T19:08:59+00:00
W8-00632,W8,n2-standard-8,Windows,2022Server,AMD64,Intel(R) Xeon(R) CPU @ 2.80GHz,intel,8,4,2800,34.4,3.14.6,CPython,1,spawn,2.5.3,tiny,tiny_dict_lookup,60,392,0.3,seconds,normal,200000,414,8,8,0,1,0,0,3.2540000438530116e-07,1.0,0.4091415735770733,13.18377382598857,0.5153152732443312,0.0,0.00567840000076103,0.0028617999914786196,0.19527090000019598,0.051236299999800394,0.06010640000022249,0.2522959999996601,0.051236;0.051408;0.051216,0.060106;0.061090;0.060005,0.252296;0.249404;0.256799,,sequential,2026-10-03T19:09:01+00:00
W8-00633,W8,n2-standard-8,Windows,2022Server,AMD64,Intel(R) Xeon(R) CPU @ 2.80GHz,intel,8,4,2800,34.4,3.14.6,CPython,1,spawn,2.5.3,cpu,cpu_count_primes,230,647462,0.0,ms,big,308,647484,8,2,2,4,0,0,4.050389613097083e-05,1.0,0.035763219850721756,7.149559117617351,0.8047721471725856,1.1,0.013357300000279793,0.006259599998884369,0.13949330000014015,0.0124906999999439,0.01350319999983185,0.6218611000003875,0.012486;0.012517;0.012491,0.013503;0.013247;0.013656,0.621861,,sequential,2026-10-03T19:09:03+00:00
W8-00634,W8,n2-standard-8,Windows,2022Server,AMD64,Intel(R) Xeon(R) CPU @ 2.80GHz,intel,8,4,2800,34.4,3.14.6,CPython,1,spawn,2.5.3,algo_rec,algo_merge_sort,339,231746,0.0,ms,big,250,231769,8,8,1,10,0,0,0.0005136161289116107,1.0,0.023034401075325554,0.12965909039983625,0.9508666837478297,0.0,0.06706779999967694,0.0017131000067820423,0.19527090000019598,0.13095420000081504,0.13745490000019345,0.13819919999968988,0.129319;0.130954;0.131951,0.139940;0.137455;0.133230,0.139202;0.138199;0.136156,,sequential,2026-10-03T19:09:05+00:00
W8-00635,W8,n2-standard-8,Windows,2022Server,AMD64,Intel(R) Xeon(R) CPU @ 2.80GHz,intel,8,4,2800,34.4,3.14.6,CPython,1,spawn,2.5.3,db,db_mem_group_by,454,597,0.3,ms,normal,247,620,8,16,1,2,1,0,0.0005684639344374281,1.0,0.1491581853817145,0.007432309631574523,0.7683385040010199,2.3,0.08006219999970199,0.0004818999996132334,0.19791880000002493,0.13854749999973137,0.8623296999994636,0.038964600000326755,0.139858;0.137871;0.138547,0.862330,0.039293;0.038426;0.038965,,multiprocessing,2026-10-03T19:09:07+00:00
W8-00636,W8,n2-standard-8,Windows,2022Server,AMD64,Intel(R) Xeon(R) CPU @ 2.80GHz,intel,8,4,2800,34.4,3.14.6,CPython,1,spawn,2.5.3,mixed,mixed_compute_then_sleep,15996,21,0.3,ms,normal,14,41,8,2,1,3,1,0,0.0015716666666776291,0.4414263061717669,0.1801135868447231,0.00665959681617636,1.3708960420374676,0.0,0.008751999999731197,0.0002420999999230844,0.13949330000014015,0.02086799999960931,0.013133600000401202,0.011351799999829382,0.020868;0.020839;0.021359,0.013134;0.012698;0.013219,0.011352;0.012200;0.011311,,multiprocessing,2026-10-03T19:09:07+00:00
W8-00637,W8,n2-standard-8,Windows,2022Server,AMD64,Intel(R) Xeon(R) CPU @ 2.80GHz,intel,8,4,2800,34.4,3.14.6,CPython,1,spawn,2.5.3,big_payload,big_reverse,4,222580,0.8,seconds,big,898,222602,8,16,0,0,0,0,0.00015286428573598902,1.0,0.13620755845550928,0.4752254566881501,0.973456373678962,0.0,0.07179770000038843,0.00218999999560765,0.19791880000002493,0.1602218999996694,0.1655969000003097,0.6837949000000663,0.150369;0.160222;0.164673,0.167282;0.163843;0.165597,0.651829;0.683795;0.699943,,sequential,2026-10-03T19:09:11+00:00
W8-00638,W8,n2-standard-8,Windows,2022Server,AMD64,Intel(R) Xeon(R) CPU @ 2.80GHz,intel,8,4,2800,34.4,3.14.6,CPython,1,spawn,2.5.3,tiny,tiny_dict_lookup,88,50,0.3,seconds,normal,200000,69,8,4,0,1,0,0,2.5424999148526693e-07,1.0,0.8741119837700126,15.3392330214647,0.40272957465852605,5.5,0.005535000000236323,0.0028644000176427653,0.15405120000013994,0.03466550000030111,0.043623200000183715,0.07177469999987807,0.034792;0.034666;0.034640,0.043683;0.043623;0.043499,0.076365;0.070229;0.071775,,sequential,2026-10-03T19:09:13+00:00
W8-00639,W8,n2-standard-8,Windows,2022Server,AMD64,Intel(R) Xeon(R) CPU @ 2.80GHz,intel,8,4,2800,34.4,3.14.6,CPython,1,spawn,2.5.3,tiny,tiny_len,13,37,0.3,ms,normal,200000,56,8,16,0,0,0,0,1.2695000077656005e-07,1.0,0.43848709982272055,35.09255625552458,0.2899418283466178,0.0,0.004768099999637343,0.0028022999977110885,0.19791880000002493,0.014242600000216044,0.020585700000083307,0.060185500000443426,0.014409;0.014243;0.014230,0.021929;0.020289;0.020586,0.061514;0.059819;0.060186,,sequential,2026-10-03T19:09:14+00:00
W8-00640,W8,n2-standard-8,Windows,2022Server,AMD64,Intel(R) Xeon(R) CPU @ 2.80GHz,intel,8,4,2800,34.4,3.14.6,CPython,1,spawn,2.5.3,numpy,np_elementwise,620039,475,0.3,seconds,normal,120,500,8,4,0,4,0,0,0.030650866666595295,1.0,0.12865756028209058,0.0003871559917460272,1.4458130514796084,0.0,0.1580435000005309,0.00030190000143193174,0.15405120000013994,3.516654400000334,1.1981273999999758,1.1079924000005121,3.507906;3.558652;3.516654,1.196605;1.198127;1.199719,1.098455;1.107992;1.140869,,multiprocessing,2026-10-03T19:09:32+00:00
W8-00641,W8,n2-standard-8,Windows,2022Server,AMD64,Intel(R) Xeon(R) CPU @ 2.80GHz,intel,8,4,2800,34.4,3.14.6,CPython,1,spawn,2.5.3,cpu,cpu_collatz,240,484223,0.8,seconds,big,413,484245.35,8,4,2,5,0,0,0.0007412246376707512,1.0,0.6277812799414052,0.13328617939800452,0.8726861902488487,0.0,0.11279980000017531,0.0024135000012392993,0.15405120000013994,0.3102272999994966,0.3149493999999322,0.5839911000002758,0.310567;0.309547;0.310227,0.314779;0.316872;0.314949,0.583991;0.591487;0.579413,,sequential,2026-10-03T19:09:37+00:00
W8-00642,W8,n2-standard-8,Windows,2022Server,AMD64,Intel(R) Xeon(R) CPU @ 2.80GHz,intel,8,4,2800,34.4,3.14.6,CPython,1,spawn,2.5.3,mixed,mixed_parse_lines,3,1013,0.0,ms,normal,19,1035,8,8,2,3,1,0,0.0009418500001174834,0.17686135064801503,0.06049648482194246,0.009529118118046583,1.649085705168225,3.5,0.007270499999322055,0.0010771999986900482,0.19527090000019598,0.01846060000025318,0.004500199999711185,0.003557800000635325,0.018461,0.004475;0.004855;0.004500,0.003558;0.003801;0.002991,,multiprocessing,2026-10-03T19:09:37+00:00
W8-00643,W8,n2-standard-8,Windows,2022Server,AMD64,Intel(R) Xeon(R) CPU @ 2.80GHz,intel,8,4,2800,34.4,3.14.6,CPython,1,spawn,2.5.3,gil_release,gil_sha256,231,26044,0.8,ms,normal,8,26066.333333333332,8,16,1,1,0,1,0.012568199999805074,1.0,0.5636188161359242,0.0011351399933265994,1.1470740450903478,0.0,0.08082869999998366,0.0007439000000886153,0.19791880000002493,0.12553829999978916,0.037491299999601324,0.03604280000035942,0.125515;0.125560;0.125538,0.039317;0.037491;0.036679,0.032384;0.036043;0.042233,,multiprocessing,2026-10-03T19:09:38+00:00
W8-00644,W8,n2-standard-8,Windows,2022Server,AMD64,Intel(R) Xeon(R) CPU @ 2.80GHz,intel,8,4,2800,34.4,3.14.6,CPython,1,spawn,2.5.3,recursive,rec_quicksort,10280,1733,0.8,ms,normal,8,1756,8,16,1,8,0,0,0.011589300000499255,1.0,0.6809091938913494,0.0008110929934436245,0.9914908550537717,0.0,0.07596829999965848,0.00025019999793585157,0.19791880000002493,0.08702100000027713,0.089219100000264,0.03570159999981115,0.087021;0.088041;0.086260,0.090175;0.089219;0.089017,0.042858;0.033375;0.035702,,multiprocessing,2026-10-03T19:09:40+00:00
W8-00645,W8,n2-standard-8,Windows,2022Server,AMD64,Intel(R) Xeon(R) CPU @ 2.80GHz,intel,8,4,2800,34.4,3.14.6,CPython,1,spawn,2.5.3,mixed,mixed_hash_then_write,1587,9614,0.0,seconds,normal,7827,9637,8,16,1,3,1,0,0.000284746285703607,0.9640570523715214,0.5573707609691348,0.021352341904269087,1.135981890622245,0.0,0.09283919999961654,0.0008263000017905142,0.19791880000002493,2.1072721999998976,1.9321319000000585,1.4367793999999776,2.091141;2.107272;2.249989,1.884642;1.932132;1.950790,1.436779;1.490294;1.384162,,multiprocessing,2026-10-03T19:09:57+00:00
W8-00646,W8,n2-standard-8,Windows,2022Server,AMD64,Intel(R) Xeon(R) CPU @ 2.80GHz,intel,8,4,2800,34.4,3.14.6,CPython,1,spawn,2.5.3,recursive,rec_tree_sum,37,23,0.3,ms,normal,4940,42,8,16,0,4,0,0,1.3473198386299214e-05,1.0,0.8437216667647047,0.27610370518541566,0.9727929524354896,0.0,0.036487100000158534,0.002126799992765882,0.19791880000002493,0.0652912000005017,0.069884199999251,0.02177560000018275,0.065045;0.065616;0.065291,0.070225;0.067712;0.069884,0.022031;0.021776;0.021138,,multiprocessing,2026-10-03T19:09:58+00:00
W8-00647,W8,n2-standard-8,Windows,2022Server,AMD64,Intel(R) Xeon(R) CPU @ 2.80GHz,intel,8,4,2800,34.4,3.14.6,CPython,1,spawn,2.5.3,recursive,rec_fib,2426,70,0.0,ms,normal,209,90,8,8,0,4,0,0,0.00026512307685012417,1.0,0.009104419425757316,0.016049150144474302,0.9553446165087216,0.0,0.028701400000500144,0.0003991000039604842,0.19527090000019598,0.055761500000699016,0.05659819999982574,0.01804290000018227,0.055371;0.055762;0.056256,0.056682;0.056155;0.056598,0.018262;0.017965;0.018043,,multiprocessing,2026-10-03T19:09:59+00:00
W8-00648,W8,n2-standard-8,Windows,2022Server,AMD64,Intel(R) Xeon(R) CPU @ 2.80GHz,intel,8,4,2800,34.4,3.14.6,CPython,1,spawn,2.5.3,algo_rec,algo_sudoku,4,134842,0.8,seconds,big,1483,134864,8,8,3,28,0,0,0.0030058263157211754,1.0,1.0714204009927404,0.009656684335642464,1.3681421970494179,0.0,0.09315280000009807,0.0008296000014524907,0.19527090000019598,5.203691400000025,5.288936300000387,1.5564205000000584,5.195743;5.206845;5.203691,5.295445;5.288936;5.274566,1.556663;1.556421;1.551879,,multiprocessing,2026-10-03T19:10:36+00:00
W8-00649,W8,n2-standard-8,Windows,2022Server,AMD64,Intel(R) Xeon(R) CPU @ 2.80GHz,intel,8,4,2800,34.4,3.14.6,CPython,1,spawn,2.5.3,numpy,np_linalg_solve,21,2379,0.3,ms,normal,176,2401,8,4,0,3,0,1,4.0518181797531064e-05,1.0,0.5305569092903196,0.12080995927144676,0.4683387815151748,0.0,0.005879299999833165,0.0004847000009249314,0.15405120000013994,0.006374200000209385,0.012178400000266265,0.003686799999741197,0.006369;0.006374;0.006486,0.012701;0.012065;0.012178,0.003696;0.003687;0.003562,,multiprocessing,2026-10-03T19:10:37+00:00
W8-00650,W8,n2-standard-8,Windows,2022Server,AMD64,Intel(R) Xeon(R) CPU @ 2.80GHz,intel,8,4,2800,34.4,3.14.6,CPython,1,spawn,2.5.3,tiny,tiny_len,174,448,0.8,ms,normal,51236,470.2,8,2,0,0,0,0,1.5634999681424232e-07,1.0,0.48201875647140663,28.717621257191094,0.3298981064182574,0.0,0.005005199999686738,0.0028806000054828473,0.13949330000014015,0.00515720000021247,0.007397899999887159,0.07454620000044088,0.006327;0.005157;0.004796,0.008616;0.007398;0.006853,0.074546,,sequential,2026-10-03T19:10:38+00:00
W8-00651,W8,n2-standard-8,Windows,2022Server,AMD64,Intel(R) Xeon(R) CPU @ 2.80GHz,intel,8,4,2800,34.4,3.14.6,CPython,1,spawn,2.5.3,io,io_file_roundtrip,2,1188947,0.0,ms,big,8,1188969,8,8,1,0,1,0,0.022549333333093575,0.14498252734655379,0.09581584105287426,0.034750473056413766,1.5497766573287979,0.0,0.11105910000060248,0.0026445000012245146,0.19527090000019598,0.15652769999996963,0.11994729999969422,0.08223590000034164,0.156528;0.153211;0.160741,0.077365;0.119947;0.121512,0.045175;0.082236;0.119769,,multiprocessing,2026-10-03T19:10:40+00:00
W8-00652,W8,n2-standard-8,Windows,2022Server,AMD64,Intel(R) Xeon(R) CPU @ 2.80GHz,intel,8,4,2800,34.4,3.14.6,CPython,1,spawn,2.5.3,text,text_regex_findall,2,267,0.3,seconds,normal,14488,289,8,2,1,1,0,0,2.688538044733081e-05,1.0,0.19728481963986347,0.16533148678995,0.9766255114479999,0.0,0.1040130000001227,0.002990099977068894,0.13949330000014015,0.38902860000052897,0.3959958000004917,0.20110829999975977,0.387065;0.389029;0.390824,0.394405;0.395996;0.397820,0.201108;0.201381;0.200914,,multiprocessing,2026-10-03T19:10:43+00:00
W8-00653,W8,n2-standard-8,Windows,2022Server,AMD64,Intel(R) Xeon(R) CPU @ 2.80GHz,intel,8,4,2800,34.4,3.14.6,CPython,1,spawn,2.5.3,big_result,result_records,13549,992529,0.8,seconds,big,201,992552,8,16,1,2,0,0,0.004776045454656758,1.0,0.4770858394999456,1.5205085987599016,0.5963542992548836,1.2,0.2141529000000446,0.08022639999944658,0.19791880000002493,2.189138599999751,2.2651200000000244,1.920211599999675,2.189139;2.130845;2.224588,2.265120;2.251645;2.426446,1.920212;1.890963;2.124455,,multiprocessing,2026-10-03T19:11:04+00:00
W8-00654,W8,n2-standard-8,Windows,2022Server,AMD64,Intel(R) Xeon(R) CPU @ 2.80GHz,intel,8,4,2800,34.4,3.14.6,CPython,1,spawn,2.5.3,big_result,result_sorted_pairs,911,161,0.0,seconds,normal,1008,181,8,8,1,4,0,0,0.00029655443788925424,1.0,0.1388450360788603,0.6345883791254632,0.9782753011106479,0.0,0.10584409999955824,0.004387599996334757,0.19527090000019598,0.3654479999995601,0.36767609999969864,0.2165537000000768,0.355567;0.365448;0.367471,0.364385;0.367676;0.372608,0.216554;0.218484;0.215740,,multiprocessing,2026-10-03T19:11:07+00:00
W8-00655,W8,n2-standard-8,Windows,2022Server,AMD64,Intel(R) Xeon(R) CPU @ 2.80GHz,intel,8,4,2800,34.4,3.14.6,CPython,1,spawn,2.5.3,io,io_sleep,2781,25,0.8,ms,normal,8,45,8,2,0,1,1,0,0.003854966666646457,0.004617810379469366,0.4449651860568164,0.0025248813588230126,1.4218719607412564,0.0,0.01903070000025764,0.00021570000080828322,0.13949330000014015,0.027250899999671674,0.013668000000507163,0.014741400000275462,0.027732;0.027251;0.027194,0.014150;0.013668;0.013297,0.014741;0.013645;0.014788,,threading,2026-10-03T19:11:08+00:00
W8-00656,W8,n2-standard-8,Windows,2022Server,AMD64,Intel(R) Xeon(R) CPU @ 2.80GHz,intel,8,4,2800,34.4,3.14.6,CPython,1,spawn,2.5.3,tiny,tiny_add,2,368,0.3,seconds,normal,200000,390,8,4,0,1,0,0,1.497000075687538e-07,1.0,3.108114522901461,25.584500835583786,0.2680456899333954,0.0,0.005216399999881105,0.002922399985436641,0.15405120000013994,0.023283100000298873,0.04323670000030688,0.2798296000000846,0.023829;0.023098;0.023283,0.043237;0.044823;0.043216,0.279830,,sequential,2026-10-03T19:11:09+00:00
W8-00657,W8,n2-standard-8,Windows,2022Server,AMD64,Intel(R) Xeon(R) CPU @ 2.80GHz,intel,8,4,2800,34.4,3.14.6,CPython,1,spawn,2.5.3,recursive,rec_fib,59852,42,0.8,ms,normal,23,62.8,8,8,0,4,0,0,0.0060568599999896834,1.0,0.24173244938353056,0.0012184531239290773,1.5161780449698532,0.8,0.04908079999950132,0.0002403999997113715,0.19527090000019598,0.13198260000081063,0.13163329999952111,0.043156299999282055,0.131548;0.132302;0.131983,0.131454;0.131633;0.132537,0.041057;0.046697;0.043156,,multiprocessing,2026-10-03T19:11:11+00:00
W8-00658,W8,n2-standard-8,Windows,2022Server,AMD64,Intel(R) Xeon(R) CPU @ 2.80GHz,intel,8,4,2800,34.4,3.14.6,CPython,1,spawn,2.5.3,big_result,result_records,4529,365,0.0,seconds,normal,478,388,8,16,1,2,0,0,0.001753796551728838,1.0,0.35518372198391174,1.3114377478180201,1.0837881976809538,0.0,0.14437959999941086,0.046360799999092706,0.19791880000002493,1.606576700000005,1.7011803000004875,1.1176767999995718,1.606577;1.531888;1.670119,1.622921;1.718324;1.701180,1.166162;1.117677;1.051958,,multiprocessing,2026-10-03T19:11:25+00:00
W8-00659,W8,n2-standard-8,Windows,2022Server,AMD64,Intel(R) Xeon(R) CPU @ 2.80GHz,intel,8,4,2800,34.4,3.14.6,CPython,1,spawn,2.5.3,gil_release,gil_bz2,36,300000,0.8,seconds,big,666,300022,8,16,0,1,0,1,0.004210184615378519,1.0,0.3920025616554702,0.014327893557812447,1.9572465352208612,0.0,0.0824149000000034,0.0010839999995368998,0.19791880000002493,2.892996500000663,0.7544625000000451,0.862256399999751,2.895567;2.889432;2.892997,0.754463;0.765128;0.750875,0.843099;0.862256;0.870341,,threading,2026-10-03T19:11:40+00:00
W8-00660,W8,n2-standard-8,Windows,2022Server,AMD64,Intel(R) Xeon(R) CPU @ 2.80GHz,intel,8,4,2800,34.4,3.14.6,CPython,1,spawn,2.5.3,algo_iter,algo_game_of_life,2,25,0.8,seconds,normal,59,44,8,4,5,9,0,0,0.0027025499998671876,1.0,0.42344436235781235,0.01667208483553621,0.9515184663360315,2.3,0.07825450000018463,0.0008801000021776417,0.15405120000013994,0.16331259999969916,0.16454830000020593,0.04901609999978973,0.163467;0.163313;0.163048,0.164548;0.162607;0.165366,0.049006;0.049016;0.049396,,multiprocessing,2026-10-03T19:11:41+00:00
W8-00661,W8,n2-standard-8,Windows,2022Server,AMD64,Intel(R) Xeon(R) CPU @ 2.80GHz,intel,8,4,2800,34.4,3.14.6,CPython,1,spawn,2.5.3,algo_rec,algo_lcs_memo,7,43,0.8,ms,normal,8,62,8,4,1,10,0,0,0.028124299999944924,1.0,0.2678439205752822,0.0003342305311127618,1.457961397127055,0.0,0.13562699999965844,0.00024279999979626155,0.15405120000013994,0.16485840000041208,0.17041930000050343,0.04997470000034809,0.164591;0.165606;0.164858,0.170419;0.169523;0.171083,0.049975;0.047103;0.076128,,multiprocessing,2026-10-03T19:11:43+00:00
W8-00662,W8,n2-standard-8,Windows,2022Server,AMD64,Intel(R) Xeon(R) CPU @ 2.80GHz,intel,8,4,2800,34.4,3.14.6,CPython,1,spawn,2.5.3,algo_iter,algo_game_of_life,1,333096,0.0,ms,big,12,333118,8,4,5,9,0,0,0.0015665333330616704,1.0,0.009684784603784701,0.11000936240960182,0.8219843671271655,0.0,0.011154700000588491,0.0007163000018408638,0.15405120000013994,0.01887890000034531,0.01923850000002858,0.008254800000031537,0.018815;0.018879;0.018903,0.019239;0.019489;0.019201,0.008255;0.007251;0.008858,,multiprocessing,2026-10-03T19:11:44+00:00
W8-00663,W8,n2-standard-8,Windows,2022Server,AMD64,Intel(R) Xeon(R) CPU @ 2.80GHz,intel,8,4,2800,34.4,3.14.6,CPython,1,spawn,2.5.3,cpu,cpu_collatz,1423,143,0.3,ms,normal,10,163,8,16,2,5,0,0,0.007298966666591393,1.0,0.05785517316230875,0.0014476935257351853,1.042995018233118,0.0,0.04364330000043992,0.00022500000068248482,0.19791880000002493,0.06384929999967426,0.06569130000025325,0.020640499999899475,0.063580;0.064089;0.063849,0.065814;0.065359;0.065691,0.019976;0.020777;0.020640,,multiprocessing,2026-10-03T19:11:45+00:00
W8-00664,W8,n2-standard-8,Windows,2022Server,AMD64,Intel(R) Xeon(R) CPU @ 2.80GHz,intel,8,4,2800,34.4,3.14.6,CPython,1,spawn,2.5.3,mixed,mixed_hash_then_write,34247,38352,0.8,seconds,normal,2740,38375,8,4,1,3,1,0,0.0018780592593059366,1.0,0.31309351358487225,0.006959311855267502,0.9892406946520094,0.0,0.10243690000061179,0.0005956999993941281,0.15405120000013994,5.15215790000002,5.099780099999407,1.9962273000001005,5.138274;5.152158;5.171541,5.092505;5.102676;5.099780,2.048730;1.996227;1.970585,,multiprocessing,2026-10-03T19:12:23+00:00
W8-00665,W8,n2-standard-8,Windows,2022Server,AMD64,Intel(R) Xeon(R) CPU @ 2.80GHz,intel,8,4,2800,34.4,3.14.6,CPython,1,spawn,2.5.3,algo_rec,algo_sudoku,3,1260,0.8,seconds,normal,3929,1282,8,4,3,28,0,0,0.0018813925927571727,1.0,1.234702606485738,0.002298829131450349,1.37634875294299,0.0,0.08896959999947285,0.0003837999947791104,0.15405120000013994,9.879970399999365,10.014430499999435,2.6388121999998475,9.875955;9.879970;9.887310,9.980453;10.055326;10.014430,2.736555;2.638812;2.633343,,multiprocessing,2026-10-03T19:13:31+00:00
W8-00666,W8,n2-standard-8,Windows,2022Server,AMD64,Intel(R) Xeon(R) CPU @ 2.80GHz,intel,8,4,2800,34.4,3.14.6,CPython,1,spawn,2.5.3,big_result,result_long_string,478,18,0.0,seconds,normal,27897,38,8,16,1,1,0,0,9.021265824620579e-05,1.0,0.08040956793283735,0.07083263071859845,0.9504669137881963,0.0,0.10397629999988567,0.0013130999896020512,0.19791880000002493,2.550387999999657,2.6139408999997613,0.9676795000004859,2.563427;2.550388;2.532819,2.623042;2.613941;2.605745,0.987770;0.957901;0.967680,,multiprocessing,2026-10-03T19:13:50+00:00
W8-00667,W8,n2-standard-8,Windows,2022Server,AMD64,Intel(R) Xeon(R) CPU @ 2.80GHz,intel,8,4,2800,34.4,3.14.6,CPython,1,spawn,2.5.3,big_result,result_matrix_lists,80,347283,0.0,ms,big,14,347305,8,8,2,5,0,0,0.0007040333330223802,1.0,0.043366626555892976,0.457743477941191,0.7353500891650808,0.0,0.00612360000013723,0.0011740000009012874,0.19527090000019598,0.009707600000183447,0.010478100000000268,0.006444000000556116,0.009762;0.009629;0.009708,0.010574;0.010478;0.010351,0.007188;0.006444;0.006086,,multiprocessing,2026-10-03T19:13:51+00:00
W8-00668,W8,n2-standard-8,Windows,2022Server,AMD64,Intel(R) Xeon(R) CPU @ 2.80GHz,intel,8,4,2800,34.4,3.14.6,CPython,1,spawn,2.5.3,algo_iter,algo_dijkstra,309,83,0.3,ms,normal,267,102.95,8,16,2,15,0,0,0.0006510136363844636,1.0,0.20840867596465973,0.005821690762840386,0.9754688093779781,0.0,0.08765870000024734,0.0004284999986339244,0.19791880000002493,0.1754345999997895,0.18333720000009635,0.051857599999493686,0.174212;0.176073;0.175435,0.183337;0.182449;0.183471,0.051722;0.051858;0.051967,,multiprocessing,2026-10-03T19:13:53+00:00
W8-00669,W8,n2-standard-8,Windows,2022Server,AMD64,Intel(R) Xeon(R) CPU @ 2.80GHz,intel,8,4,2800,34.4,3.14.6,CPython,1,spawn,2.5.3,tiny,tiny_add,45,1615200,0.8,ms,big,123,1615222,8,4,0,1,0,0,4.2666685355167527e-07,1.0,0.4145777774401098,1948.370240600323,0.021249041225745537,0.0,0.01764370000000781,0.01698729999407078,0.15405120000013994,3.120000019407598e-05,0.0004312999999456224,0.4808564999993905,0.000041;0.000031;0.000009,0.000431,0.480856,,sequential,2026-10-03T19:13:54+00:00
W8-00670,W8,n2-standard-8,Windows,2022Server,AMD64,Intel(R) Xeon(R) CPU @ 2.80GHz,intel,8,4,2800,34.4,3.14.6,CPython,1,spawn,2.5.3,big_result,result_long_string,161,108,0.8,seconds,normal,14216,127.1,8,16,1,1,0,0,3.3035113483978465e-05,1.0,0.48334165638520055,0.23278261137879114,0.9425576485605274,0.0,0.10551440000017465,0.002816200000779645,0.19791880000002493,0.46798990000024787,0.477848599999561,0.191734500000166,0.485739;0.467990;0.465498,0.478530;0.477849;0.476212,0.194033;0.191735;0.187816,,multiprocessing,2026-10-03T19:13:58+00:00
W8-00671,W8,n2-standard-8,Windows,2022Server,AMD64,Intel(R) Xeon(R) CPU @ 2.80GHz,intel,8,4,2800,34.4,3.14.6,CPython,1,spawn,2.5.3,text,text_format_report,1958,195,0.3,seconds,normal,2032,215,8,16,1,2,0,0,0.0027550210525078,1.0,0.1735766867887535,0.001518758088243157,0.9773071193889582,0.0,0.1060907999999472,0.0003848000023936038,0.19791880000002493,5.551487200000338,5.57442280000032,1.406911900000523,5.551487;5.641740;5.530389,5.574423;5.573816;5.605861,1.415959;1.395656;1.406912,,multiprocessing,2026-10-03T19:14:37+00:00
W8-00672,W8,n2-standard-8,Windows,2022Server,AMD64,Intel(R) Xeon(R) CPU @ 2.80GHz,intel,8,4,2800,34.4,3.14.6,CPython,1,spawn,2.5.3,mixed,mixed_parse_lines,1,4035,0.8,seconds,normal,5567,4057,8,2,2,3,1,0,0.0007830906249921554,0.29533305665393755,0.5456857644265625,0.0065126562382460465,1.4564142978806174,0.0,0.08547900000030495,0.0005287000012685894,0.13949330000014015,4.452226100000189,2.837222400000428,2.128919099999621,4.452226;4.415586;4.481166,2.837222;2.837880;2.817765,2.128919;2.129541;2.094157,,multiprocessing,2026-10-03T19:15:05+00:00
W8-00673,W8,n2-standard-8,Windows,2022Server,AMD64,Intel(R) Xeon(R) CPU @ 2.80GHz,intel,8,4,2800,34.4,3.14.6,CPython,1,spawn,2.5.3,numpy,np_fft,270018,5427,0.8,seconds,normal,8,5452,8,4,0,0,0,1,0.041155666666478886,1.0,0.49163721499290725,0.00041468571034010545,1.0671201209385837,0.0,0.20937560000038502,0.0003147000015815138,0.15405120000013994,0.37217859999964276,0.1644311000000016,0.15478790000088338,0.372271;0.369141;0.372179,0.164431;0.150709;0.167611,0.146489;0.154788;0.186889,,multiprocessing,2026-10-03T19:15:08+00:00
W8-00674,W8,n2-standard-8,Windows,2022Server,AMD64,Intel(R) Xeon(R) CPU @ 2.80GHz,intel,8,4,2800,34.4,3.14.6,CPython,1,spawn,2.5.3,cpu,cpu_matmul_lists,4,100,0.8,seconds,normal,200000,119,8,2,3,5,0,0,1.0111550005149184e-05,1.0,0.8266355158124291,0.3916313479291567,0.9570434901310482,1.2,0.04559229999995296,0.003268899989052443,0.13949330000014015,1.9405019999994693,1.9986441000000923,1.0766720000001442,1.940502;1.969069;1.939053,1.998644;2.012471;1.995780,1.128731;1.076672;1.030372,,multiprocessing,2026-10-03T19:15:24+00:00
W8-00675,W8,n2-standard-8,Windows,2022Server,AMD64,Intel(R) Xeon(R) CPU @ 2.80GHz,intel,8,4,2800,34.4,3.14.6,CPython,1,spawn,2.5.3,big_payload,big_count_byte,14,187564,0.3,seconds,big,1066,187586,8,16,0,1,0,0,0.00011230488723269541,1.0,0.025050348406959265,0.38141706057542013,0.9748419177025879,0.0,0.06229769999936252,0.0015877999958320288,0.19791880000002493,0.12009760000000824,0.12263799999982439,0.5162965000008626,0.119503;0.124695;0.120098,0.122638;0.122625;0.123364,0.516297;0.540129;0.514892,,sequential,2026-10-03T19:15:28+00:00
W8-00676,W8,n2-standard-8,Windows,2022Server,AMD64,Intel(R) Xeon(R) CPU @ 2.80GHz,intel,8,4,2800,34.4,3.14.6,CPython,1,spawn,2.5.3,recursive,rec_fib,59,152313,0.3,seconds,big,1313,152335,8,2,0,4,0,0,6.100914594376596e-06,1.0,0.4688346783744494,4.48785170061721,0.7323179157753704,0.0,0.0061751000002914225,0.0012457000129870721,0.13949330000014015,0.008395100000598177,0.008819699999548902,0.6766637000000628,0.008417;0.008395;0.007955,0.008820;0.008874;0.008756,0.676664,,sequential,2026-10-03T19:15:30+00:00
W8-00677,W8,n2-standard-8,Windows,2022Server,AMD64,Intel(R) Xeon(R) CPU @ 2.80GHz,intel,8,4,2800,34.4,3.14.6,CPython,1,spawn,2.5.3,text,text_csv_parse,18,627,0.8,ms,normal,8,649,8,2,2,3,0,0,0.008143266666290097,1.0,0.40031178617591584,0.0012075416083523914,1.1610449302661827,3.4,0.041560699999536155,0.0002320000012332457,0.13949330000014015,0.053006200000709214,0.054376699999920675,0.028162999999949534,0.051936;0.053410;0.053006,0.054871;0.054377;0.054025,0.028283;0.028046;0.028163,,multiprocessing,2026-10-03T19:15:31+00:00
W8-00678,W8,n2-standard-8,Windows,2022Server,AMD64,Intel(R) Xeon(R) CPU @ 2.80GHz,intel,8,4,2800,34.4,3.14.6,CPython,1,spawn,2.5.3,cpu,cpu_matmul_lists,5,338,0.3,ms,normal,3469,360,8,8,3,5,0,0,1.2551326434466491e-05,1.0,0.34688730170256454,0.33502434831981337,0.9298894007999859,0.0,0.024599500000476837,0.0015611999824614031,0.19527090000019598,0.042848099999901024,0.04469670000071346,0.014314600000034261,0.042671;0.043045;0.042848,0.044705;0.043931;0.044697,0.014315;0.014252;0.014632,,multiprocessing,2026-10-03T19:15:31+00:00
W8-00679,W8,n2-standard-8,Windows,2022Server,AMD64,Intel(R) Xeon(R) CPU @ 2.80GHz,intel,8,4,2800,34.4,3.14.6,CPython,1,spawn,2.5.3,mixed,mixed_hash_then_write,38493,65733,0.0,ms,normal,39,65756,8,2,1,3,1,0,0.00245573333348956,1.0,0.030700232867541904,0.00675516696288936,0.9149804853543839,0.0,0.04647380000005796,0.0003988999987996067,0.13949330000014015,0.09459609999976237,0.09547060000022611,0.051137999999809836,0.094751;0.094596;0.094323,0.096228;0.095232;0.095471,0.052428;0.051138;0.050209,,multiprocessing,2026-10-03T19:15:33+00:00
W8-00680,W8,n2-standard-8,Windows,2022Server,AMD64,Intel(R) Xeon(R) CPU @ 2.80GHz,intel,8,4,2800,34.4,3.14.6,CPython,1,spawn,2.5.3,algo_rec,algo_flood_fill,1,717360,0.3,seconds,big,278,717382,8,8,3,10,0,0,0.00036012753625455196,1.0,0.5558590854093822,1.0501418581421929,0.8785916457491374,0.0,0.06106739999995625,0.008014099998945312,0.19527090000019598,0.10320370000044932,0.1051618999999846,0.5615407999994204,0.102759;0.103204;0.103944,0.107622;0.105162;0.104080,0.561541,,sequential,2026-10-03T19:15:35+00:00
W8-00681,W8,n2-standard-8,Windows,2022Server,AMD64,Intel(R) Xeon(R) CPU @ 2.80GHz,intel,8,4,2800,34.4,3.14.6,CPython,1,spawn,2.5.3,big_result,result_sorted_pairs,22604,49,0.3,ms,normal,8,69,8,8,1,4,0,0,0.011713999999907779,1.0,0.19779734786263886,0.6793295771004251,1.056568650302415,0.0,0.08938149999994494,0.02413920000071812,0.19527090000019598,0.10349320000022999,0.10496039999998175,0.055003299999953015,0.096406;0.103516;0.103493,0.104831;0.104960;0.105436,0.053374;0.055003;0.055394,,multiprocessing,2026-10-03T19:15:36+00:00
W8-00682,W8,n2-standard-8,Windows,2022Server,AMD64,Intel(R) Xeon(R) CPU @ 2.80GHz,intel,8,4,2800,34.4,3.14.6,CPython,1,spawn,2.5.3,recursive,rec_fib,982,285943,0.3,seconds,big,699,285966,8,16,0,4,0,0,7.672643682101692e-05,1.0,0.24305442527184165,0.7320814350047891,0.8947470907401058,0.0,0.030067599999711092,0.0016402999926867778,0.19791880000002493,0.05565830000068672,0.05762669999967329,0.4680459000001065,0.055639;0.055816;0.055658,0.057485;0.057627;0.057829,0.468046,,sequential,2026-10-03T19:15:38+00:00
W8-00683,W8,n2-standard-8,Windows,2022Server,AMD64,Intel(R) Xeon(R) CPU @ 2.80GHz,intel,8,4,2800,34.4,3.14.6,CPython,1,spawn,2.5.3,db,db_mem_insert_select,140,269,0.0,seconds,normal,8057,291,8,8,1,1,1,0,0.00020164736843402691,1.0,0.10592958096876685,0.01832406815824667,0.8017627663377496,1.2,0.1127440000000206,0.0008927999970183009,0.19527090000019598,1.5749086000005263,2.9599185000015495,0.3919837000003099,1.574909,2.959919,0.391984,threading,multiprocessing,2026-10-03T19:15:44+00:00
W8-00684,W8,n2-standard-8,Windows,2022Server,AMD64,Intel(R) Xeon(R) CPU @ 2.80GHz,intel,8,4,2800,34.4,3.14.6,CPython,1,spawn,2.5.3,text,text_regex_findall,47,2005,0.8,ms,normal,18,2027,8,2,1,1,0,0,0.0038864749999447668,1.0,0.5122036102178416,0.003312770521193967,0.7978197647630763,0.0,0.05699200000071869,0.02149670000108017,0.12943840000025375,0.071953300000132,0.07302349999918079,0.0387339000008069,0.071877;0.071953;0.072061,0.072635;0.074729;0.073023,0.050446;0.037719;0.038734,,multiprocessing,2026-10-03T19:15:47+00:00
W8-00685,W8,n2-standard-8,Windows,2022Server,AMD64,Intel(R) Xeon(R) CPU @ 2.80GHz,intel,8,4,2800,34.4,3.14.6,CPython,1,spawn,2.5.3,algo_iter,algo_kmeans,40,26,0.3,ms,normal,44,45,8,4,3,15,0,0,0.001069872727219428,1.0,0.14301962149507,0.006925207628001108,0.8882745198832382,0.0,0.02672050000001036,0.0016229000002567773,0.14952220000031957,0.047285399999964284,0.04925039999943692,0.017706100000395963,0.048208;0.046977;0.047285,0.049712;0.049083;0.049250,0.025512;0.017051;0.017706,,multiprocessing,2026-10-03T19:15:48+00:00
W8-00686,W8,n2-standard-8,Windows,2022Server,AMD64,Intel(R) Xeon(R) CPU @ 2.80GHz,intel,8,4,2800,34.4,3.14.6,CPython,1,spawn,2.5.3,algo_iter,algo_edit_distance,54874,476,0.8,ms,normal,11,499,8,2,2,16,0,0,0.008789033333414409,1.0,0.038828489185902926,0.0012212188876408367,0.953767729393293,0.0,0.05539299999963987,0.001555499999994936,0.12943840000025375,0.09701250000034634,0.09868829999959416,0.05504709999968327,0.097013;0.097111;0.096458,0.099242;0.098688;0.098088,0.056512;0.055047;0.053341,,multiprocessing,2026-10-03T19:15:49+00:00
W8-00687,W8,n2-standard-8,Windows,2022Server,AMD64,Intel(R) Xeon(R) CPU @ 2.80GHz,intel,8,4,2800,34.4,3.14.6,CPython,1,spawn,2.5.3,gil_release,gil_zlib,1,94709,0.0,ms,normal,8,94731,8,8,1,1,0,1,0.002498166666555335,1.0,0.03455848571371717,0.007338715115354411,1.3228271682896493,0.0,0.013803200000438665,0.0007209000004877453,0.18333979999988514,0.0197928999996293,0.005608000000393076,0.005036200000176905,0.024395;0.019793;0.019449,0.006426;0.005608;0.004473,0.008512;0.005036;0.004799,,multiprocessing,2026-10-03T19:15:50+00:00
W8-00688,W8,n2-standard-8,Windows,2022Server,AMD64,Intel(R) Xeon(R) CPU @ 2.80GHz,intel,8,4,2800,34.4,3.14.6,CPython,1,spawn,2.5.3,db,db_mem_insert_select,3754,1617,0.8,ms,normal,8,1640,8,2,1,1,1,0,0.002834433333191555,1.0,0.7100763379498644,0.00321051822266036,0.3448618034786235,0.0,0.021843100000296545,0.0008859000008669682,0.12943840000025375,0.026254100000187464,0.04013169999961974,0.01625659999990603,0.026530;0.025951;0.026254,0.040132;0.040372;0.039673,0.016257;0.015964;0.016963,,multiprocessing,2026-10-03T19:15:51+00:00
W8-00689,W8,n2-standard-8,Windows,2022Server,AMD64,Intel(R) Xeon(R) CPU @ 2.80GHz,intel,8,4,2800,34.4,3.14.6,CPython,1,spawn,2.5.3,big_payload,big_checksum_head,692,1430420,0.3,ms,big,139,1430443,8,2,1,1,0,0,1.8252941090930323e-05,1.0,0.17610919967124605,47.97418650640973,0.511291093326888,0.0,0.02023509999980888,0.018321800002922828,0.12943840000025375,0.002310400000169466,0.0026349999998274143,0.5441095999995014,0.002323;0.002310;0.002277,0.002806;0.002567;0.002635,0.544110,,sequential,2026-10-03T19:15:53+00:00
W8-00690,W8,n2-standard-8,Windows,2022Server,AMD64,Intel(R) Xeon(R) CPU @ 2.80GHz,intel,8,4,2800,34.4,3.14.6,CPython,1,spawn,2.5.3,algo_rec,algo_lcs_memo,7,17,0.0,ms,normal,8,36,8,16,1,10,0,0,0.008428266666669515,1.0,0.004090901054110673,0.0011904385244722291,0.9451357529484853,2.3,0.05343059999995603,0.0012716000001091743,0.26983500000005733,0.12432390000049054,0.07281330000023445,0.018926599999758764,0.124324,0.076324;0.072813;0.070992,0.033343;0.018739;0.018927,,multiprocessing,2026-10-03T19:15:54+00:00
W8-00691,W8,n2-standard-8,Windows,2022Server,AMD64,Intel(R) Xeon(R) CPU @ 2.80GHz,intel,8,4,2800,34.4,3.14.6,CPython,1,spawn,2.5.3,gil_release,gil_bz2,136,300000,0.0,seconds,big,156,300022,8,4,0,1,0,1,0.014006324999854769,1.0,0.005582172380603104,0.0070682352340647805,1.9368241096554673,0.4,0.08605060000081721,0.0011030000014216057,0.14952220000031957,2.1815200000000914,0.6016900999993595,0.675381699999889,2.181520;2.173121;2.188836,0.602101;0.569012;0.601690,0.675663;0.675382;0.631599,,threading,2026-10-03T19:16:05+00:00
W8-00692,W8,n2-standard-8,Windows,2022Server,AMD64,Intel(R) Xeon(R) CPU @ 2.80GHz,intel,8,4,2800,34.4,3.14.6,CPython,1,spawn,2.5.3,algo_iter,algo_edit_distance,1972,47,0.3,ms,normal,297,67,8,16,2,16,0,0,0.0003280918918863864,1.0,0.15592107163513982,0.01228314425347751,0.9729936221985203,0.0,0.04970540000067558,0.0004583000009006355,0.26983500000005733,0.09655469999961497,0.10036190000028,0.02946799999972427,0.096409;0.096555;0.096621,0.100638;0.100362;0.098670,0.029468;0.029313;0.030473,,multiprocessing,2026-10-03T19:16:06+00:00
W8-00693,W8,n2-standard-8,Windows,2022Server,AMD64,Intel(R) Xeon(R) CPU @ 2.80GHz,intel,8,4,2800,34.4,3.14.6,CPython,1,spawn,2.5.3,db,db_file_commit,4,6026,0.0,seconds,normal,76,6048,8,16,1,0,1,0,0.01967586666645123,0.23769863069623745,0.028210757771236075,0.0006725667219078157,1.3040814682166544,0.0,0.1047961000003852,0.0010213000014118734,0.26983500000005733,1.3667499000002863,0.45085349999953905,0.38808379999954923,1.366750;1.318937;1.413877,0.365411;0.450853;0.873433,0.388084;0.350896;0.547755,,multiprocessing,2026-10-03T19:16:14+00:00
W8-00694,W8,n2-standard-8,Windows,2022Server,AMD64,Intel(R) Xeon(R) CPU @ 2.80GHz,intel,8,4,2800,34.4,3.14.6,CPython,1,spawn,2.5.3,gil_release,gil_bz2,12,300000,0.0,seconds,big,282,300022,8,16,0,1,0,1,0.002228908695621573,1.0,0.020241180820137976,0.021629418908429208,1.827701353672378,0.0,0.08056959999976243,0.0012885000005553593,0.26983500000005733,0.6236908999999287,0.1443607000001066,0.1854285000008531,0.622961;0.624380;0.623691,0.140626;0.146434;0.144361,0.186750;0.183755;0.185429,,threading,2026-10-03T19:16:18+00:00
W8-00695,W8,n2-standard-8,Windows,2022Server,AMD64,Intel(R) Xeon(R) CPU @ 2.80GHz,intel,8,4,2800,34.4,3.14.6,CPython,1,spawn,2.5.3,recursive,rec_fib,1136,63,0.0,ms,normal,802,83,8,8,0,4,0,0,0.00010200900004292635,1.0,0.04315240378844696,0.04230018896851876,0.9722813632830535,0.0,0.04284980000011274,0.0013053999909971026,0.18333979999988514,0.08108730000003561,0.0846148999999059,0.02597220000006928,0.081038;0.081087;0.081351,0.084923;0.083127;0.084615,0.025463;0.025972;0.026030,,multiprocessing,2026-10-03T19:16:19+00:00
W8-00696,W8,n2-standard-8,Windows,2022Server,AMD64,Intel(R) Xeon(R) CPU @ 2.80GHz,intel,8,4,2800,34.4,3.14.6,CPython,1,spawn,2.5.3,algo_iter,algo_kmeans,678,118,0.0,seconds,normal,32,138,8,8,3,15,0,0,0.01754863333311126,1.0,0.01100634657525038,0.0007028087618098537,0.960925394577723,0.0,0.10735180000028777,0.0002396000008957344,0.18333979999988514,0.5613628000000972,0.5711363999998866,0.14597470000080648,0.564399;0.561363;0.561181,0.568096;0.571136;0.572743,0.158196;0.144347;0.145975,,multiprocessing,2026-10-03T19:16:23+00:00
W8-00697,W8,n2-standard-8,Windows,2022Server,AMD64,Intel(R) Xeon(R) CPU @ 2.80GHz,intel,8,4,2800,34.4,3.14.6,CPython,1,spawn,2.5.3,numpy,np_fft,1120,2810,0.0,seconds,normal,45080,2833,8,4,0,0,0,1,2.8347404831517547e-05,1.0,0.11959421374171998,0.18890618088682187,0.7718808219237251,0.0,0.11751269999967917,0.0039801000220904825,0.14952220000031957,1.2345260000001872,2.244840899999872,0.5768938000001071,1.231780;1.234526;1.245232,2.244841;2.242351;2.250093,0.677726;0.576894;0.562128,,multiprocessing,2026-10-03T19:16:36+00:00
W8-00698,W8,n2-standard-8,Windows,2022Server,AMD64,Intel(R) Xeon(R) CPU @ 2.80GHz,intel,8,4,2800,34.4,3.14.6,CPython,1,spawn,2.5.3,numpy,np_sort,354364,1205,0.8,ms,normal,8,1230,8,2,0,3,0,1,0.012726233333220685,1.0,0.3444537733705169,0.0009717460166317913,1.5172286580156067,0.8,0.06450219999987894,0.0009156000005532405,0.12943840000025375,0.10861970000041765,0.05823190000046452,0.05870649999997113,0.108620;0.107442;0.108665,0.058232;0.057689;0.058482,0.125142;0.057767;0.058706,,threading,2026-10-03T19:16:38+00:00
W8-00699,W8,n2-standard-8,Windows,2022Server,AMD64,Intel(R) Xeon(R) CPU @ 2.80GHz,intel,8,4,2800,34.4,3.14.6,CPython,1,spawn,2.5.3,big_payload,big_checksum_head,215,620242,0.8,ms,big,322,620264.35,8,16,1,1,0,0,5.769999927451863e-06,1.0,0.4117841564807101,20.31889107153828,0.40838081680353133,0.0,0.004423700000188546,0.0027369000054022763,0.26983500000005733,0.0017945999998119078,0.0025528999995003687,0.42819560000043566,0.001824;0.001795;0.001769,0.002811;0.002541;0.002553,0.428196,,sequential,2026-10-03T19:16:39+00:00
W8-00700,W8,n2-standard-8,Windows,2022Server,AMD64,Intel(R) Xeon(R) CPU @ 2.80GHz,intel,8,4,2800,34.4,3.14.6,CPython,1,spawn,2.5.3,algo_iter,algo_dijkstra,204,143671,0.0,ms,big,357,143693,8,16,2,15,0,0,0.00041557078654140436,1.0,0.023568396012392804,0.08621876476480286,0.9614891723977846,3.8,0.07790529999965656,0.00240029999804392,0.26983500000005733,0.1481474000001981,0.15396719999989728,0.07470680000005814,0.147659;0.148147;0.149294,0.154768;0.152240;0.153967,0.076994;0.074707;0.074315,,multiprocessing,2026-10-03T19:16:41+00:00
W8-00701,W8,n2-standard-8,Windows,2022Server,AMD64,Intel(R) Xeon(R) CPU @ 2.80GHz,intel,8,4,2800,34.4,3.14.6,CPython,1,spawn,2.5.3,big_result,result_matrix_lists,29,1017,0.3,seconds,normal,15733,1039,8,8,2,5,0,0,9.932629483187501e-05,1.0,0.7801007340397339,0.3555453292141802,1.0123628176622614,0.0,0.101726900000358,0.0023399999945468153,0.18333979999988514,1.7558741000002556,1.7739996000000247,0.7392533000002004,1.755874;1.692813;1.760088,1.813978;1.720427;1.774000,0.739253;0.809660;0.735710,,multiprocessing,2026-10-03T19:16:55+00:00
W8-00702,W8,n2-standard-8,Windows,2022Server,AMD64,Intel(R) Xeon(R) CPU @ 2.80GHz,intel,8,4,2800,34.4,3.14.6,CPython,1,spawn,2.5.3,tiny,tiny_dict_lookup,346,41,0.3,seconds,normal,200000,60.9,8,16,0,1,0,0,2.5810000988713e-07,1.0,0.31818770533406476,15.323517295878759,0.46484420852059954,3.5,0.005923099999563419,0.003388099979929393,0.26983500000005733,0.04059789999973873,0.04754070000035426,0.06077759999971022,0.040348;0.040828;0.040598,0.047541;0.048847;0.046961,0.060795;0.060659;0.060778,,sequential,2026-10-03T19:16:56+00:00
W8-00703,W8,n2-standard-8,Windows,2022Server,AMD64,Intel(R) Xeon(R) CPU @ 2.80GHz,intel,8,4,2800,34.4,3.14.6,CPython,1,spawn,2.5.3,algo_rec,algo_lcs_memo,2,1482580,0.0,ms,big,8,1482602,8,16,1,10,0,0,0.018931566666954797,1.0,0.02087109974471199,0.049842678983079695,0.9491409476853082,0.0,0.11897330000010697,0.0031215999988489784,0.26983500000005733,0.1509665000003224,0.15835650000008172,0.04652129999976751,0.150967;0.151752;0.150776,0.158357;0.156709;0.170420,0.045888;0.046521;0.046889,,multiprocessing,2026-10-03T19:16:58+00:00
W8-00704,W8,n2-standard-8,Windows,2022Server,AMD64,Intel(R) Xeon(R) CPU @ 2.80GHz,intel,8,4,2800,34.4,3.14.6,CPython,1,spawn,2.5.3,gil_release,gil_numpy_matmul,21,31558,0.0,seconds,normal,6337,31580,8,4,0,2,0,1,4.841827956559122e-05,1.0,0.2298840674271166,0.22016478173664927,1.2687220428835873,0.0,0.09207140000034997,0.0031966000051397714,0.14952220000031957,0.307459700000436,0.297831099999712,0.6287547000001723,0.296325;0.307460;0.308361,0.322855;0.297831;0.295420,0.628755;0.623408;0.659555,,threading,2026-10-03T19:17:03+00:00
W8-00705,W8,n2-standard-8,Windows,2022Server,AMD64,Intel(R) Xeon(R) CPU @ 2.80GHz,intel,8,4,2800,34.4,3.14.6,CPython,1,spawn,2.5.3,big_payload,big_reverse,4,345217,0.0,seconds,big,579,345239,8,2,0,0,0,0,0.0002241187500291946,1.0,0.16608633827439223,0.7903845618790837,0.9125088255909765,0.0,0.07233830000041053,0.00460449999627599,0.12943840000025375,0.1483392999998614,0.15451349999966624,0.8663874999992913,0.153485;0.148339;0.146245,0.187491;0.153982;0.154513,0.866387,,sequential,2026-10-03T19:17:06+00:00
W8-00706,W8,n2-standard-8,Windows,2022Server,AMD64,Intel(R) Xeon(R) CPU @ 2.80GHz,intel,8,4,2800,34.4,3.14.6,CPython,1,spawn,2.5.3,io,io_sleep,772,126959,0.0,ms,big,90,126982,8,8,0,1,1,0,0.0014573454544998558,0.007341642390836703,0.023427818938616358,0.040460551076873595,1.922362219946636,5.9,0.050765400000273075,0.0018693000019993633,0.18333979999988514,0.131666000000223,0.017629199999646517,0.02501490000031481,0.131666,0.017629;0.017561;0.017645,0.025015;0.025339;0.024379,,threading,2026-10-03T19:17:07+00:00
W8-00707,W8,n2-standard-8,Windows,2022Server,AMD64,Intel(R) Xeon(R) CPU @ 2.80GHz,intel,8,4,2800,34.4,3.14.6,CPython,1,spawn,2.5.3,algo_rec,algo_sudoku,3,177,0.3,ms,normal,20,196,8,8,3,28,0,0,0.003395040000032168,1.0,1.144103672153017,0.002544888997397511,1.835611578923638,0.8,0.029753400000117836,0.002145599999494152,0.18333979999988514,0.0422870000002149,0.044167900000502414,0.01787640000020474,0.042173;0.042712;0.042287,0.044424;0.043546;0.044168,0.016134;0.018264;0.017876,,multiprocessing,2026-10-03T19:17:07+00:00
W8-00708,W8,n2-standard-8,Windows,2022Server,AMD64,Intel(R) Xeon(R) CPU @ 2.80GHz,intel,8,4,2800,34.4,3.14.6,CPython,1,spawn,2.5.3,db,db_file_lookup,147,1314918,0.8,ms,big,9,1314940,8,2,1,5,1,0,0.004066400000131883,1.0,0.5315791155494587,0.20669388152670712,0.189310057892638,0.0,0.06008099999962724,0.003839499999230611,0.12943840000025375,0.0326548000002731,0.021529100000407198,0.030294400000457244,0.033909;0.032541;0.032655,0.046855;0.021529;0.021260,0.048296;0.030294;0.030159,,threading,2026-10-03T19:17:08+00:00
W8-00709,W8,n2-standard-8,Windows,2022Server,AMD64,Intel(R) Xeon(R) CPU @ 2.80GHz,intel,8,4,2800,34.4,3.14.6,CPython,1,spawn,2.5.3,mixed,mixed_json_roundtrip,224,1779,0.3,ms,normal,8,1801.3333333333333,8,8,1,1,1,0,0.006623966666666092,0.8704763477909101,0.14882563800511467,0.0017461843799009727,0.8440061672626554,0.0,0.044140799999695446,0.0008608999996795319,0.18333979999988514,0.05970979999983683,0.05520890000025247,0.016598199999862118,0.059710;0.059906;0.058930,0.054995;0.055209;0.055766,0.015880;0.016598;0.017577,,multiprocessing,2026-10-03T19:17:09+00:00
W8-00710,W8,n2-standard-8,Windows,2022Server,AMD64,Intel(R) Xeon(R) CPU @ 2.80GHz,intel,8,4,2800,34.4,3.14.6,CPython,1,spawn,2.5.3,gil_release,gil_bz2,2,300000,0.8,seconds,big,666,300022,8,2,0,1,0,1,0.0007229485714430797,1.0,0.289366516670012,0.09497909346185728,1.8717094145328492,0.0,0.07942610000009154,0.0017783999992389,0.12943840000025375,0.4864412999995693,0.2654893999997512,0.707535900000039,0.486441;0.497375;0.483954,0.264846;0.265489;0.265676,0.707536;0.724687;0.695254,,threading,2026-10-03T19:17:15+00:00
W8-00711,W8,n2-standard-8,Windows,2022Server,AMD64,Intel(R) Xeon(R) CPU @ 2.80GHz,intel,8,4,2800,34.4,3.14.6,CPython,1,spawn,2.5.3,db,db_mem_insert_select,44,593,0.8,ms,normal,144,615,8,2,1,1,1,0,0.00014156111112444906,1.0,0.40241384566154226,0.02726737547572233,0.7316585204742425,3.5,0.01207429999976739,0.0003800999993472942,0.12943840000025375,0.018640100000084203,0.025834199999735574,0.009336099999927683,0.018603;0.018640;0.018731,0.025117;0.025834;0.026422,0.009381;0.009336;0.009309,,multiprocessing,2026-10-03T19:17:16+00:00
W8-00712,W8,n2-standard-8,Windows,2022Server,AMD64,Intel(R) Xeon(R) CPU @ 2.80GHz,intel,8,4,2800,34.4,3.14.6,CPython,1,spawn,2.5.3,big_payload,big_checksum_head,19421,853967,0.3,seconds,big,234,853990,8,16,1,1,0,0,0.00045342413784902453,1.0,0.166318683192063,0.9336732755143023,0.90691457020362,0.0,0.0644216000000597,0.008930900004997966,0.26983500000005733,0.10731620000024122,0.11134870000023511,0.45943069999975705,0.107002;0.107484;0.107316,0.112492;0.111037;0.111349,0.452305;0.472255;0.459431,,sequential,2026-10-03T19:17:19+00:00
W8-00713,W8,n2-standard-8,Windows,2022Server,AMD64,Intel(R) Xeon(R) CPU @ 2.80GHz,intel,8,4,2800,34.4,3.14.6,CPython,1,spawn,2.5.3,big_payload,big_checksum_head,2456,587103,0.3,seconds,big,340,587126,8,16,1,1,0,0,5.8750588226864826e-05,1.0,0.19161698253242368,2.3236363098853823,0.8657988026752526,12.5,0.014018099999702827,0.0031486000007134862,0.26983500000005733,0.019633400000202528,0.02103530000022147,0.438046199999917,0.019633;0.020069;0.019588,0.021738;0.021035;0.020698,0.438046,,sequential,2026-10-03T19:17:21+00:00
W8-00714,W8,n2-standard-8,Windows,2022Server,AMD64,Intel(R) Xeon(R) CPU @ 2.80GHz,intel,8,4,2800,34.4,3.14.6,CPython,1,spawn,2.5.3,mixed,mixed_compute_then_sleep,80139,418,0.3,seconds,normal,741,441.8,8,2,1,3,1,0,0.005257929999970656,0.5983605372510377,0.2160150865349074,0.0011620542779020126,1.3475687886816612,18.6,0.09331349999956728,0.0008427999991909019,0.12943840000025375,4.119863300000361,2.730413700000099,2.1203192000002673,4.152621;4.114070;4.119863,2.726496;2.730414;2.730450,2.137839;2.120319;2.109037,,multiprocessing,2026-10-03T19:17:48+00:00
W8-00715,W8,n2-standard-8,Windows,2022Server,AMD64,Intel(R) Xeon(R) CPU @ 2.80GHz,intel,8,4,2800,34.4,3.14.6,CPython,1,spawn,2.5.3,big_payload,big_checksum_head,13360,673313,0.0,ms,big,41,673336,8,8,1,1,0,0,0.00031246999988070455,1.0,0.025480977440482413,1.50536051526191,0.8153590070003788,0.0,0.012041500000123051,0.005016000000978238,0.18333979999988514,0.012847599999986414,0.01372209999954066,0.03914179999992484,0.012778;0.013428;0.012848,0.013919;0.013722;0.013720,0.039536;0.039139;0.039142,,sequential,2026-10-03T19:17:49+00:00
W8-00716,W8,n2-standard-8,Windows,2022Server,AMD64,Intel(R) Xeon(R) CPU @ 2.80GHz,intel,8,4,2800,34.4,3.14.6,CPython,1,spawn,2.5.3,algo_rec,algo_merge_sort,1274,132209,0.8,seconds,big,150,132232,8,16,1,10,0,0,0.0020417280001493055,1.0,0.4653163390716245,0.04610800261239388,0.9373973503054028,0.0,0.10729670000000624,0.003307699996184965,0.26983500000005733,0.3276763000003484,0.33575810000002093,0.10731189999933122,0.325372;0.334423;0.327676,0.334700;0.343064;0.335758,0.110122;0.107312;0.106816,,multiprocessing,2026-10-03T19:17:52+00:00
W8-00717,W8,n2-standard-8,Windows,2022Server,AMD64,Intel(R) Xeon(R) CPU @ 2.80GHz,intel,8,4,2800,34.4,3.14.6,CPython,1,spawn,2.5.3,mixed,mixed_json_roundtrip,3,419,0.0,seconds,normal,6692,441,8,4,1,1,1,0,0.00013530543474584903,0.8949266900044894,0.09455292279506272,0.030190953184063975,1.0057197068405492,0.0,0.10064469999997527,0.0012217000130476663,0.14952220000031957,0.8977842000003875,0.9127164999999877,0.31251274999976886,0.895471;0.900097,0.912716;0.912392;2.551583,0.310317;0.314709,threading,multiprocessing,2026-10-03T19:17:59+00:00
W8-00718,W8,n2-standard-8,Windows,2022Server,AMD64,Intel(R) Xeon(R) CPU @ 2.80GHz,intel,8,4,2800,34.4,3.14.6,CPython,1,spawn,2.5.3,big_payload,big_upper_copy,2,2796488,0.3,ms,big,71,2796510,8,16,0,0,0,0,0.0015755588235205162,0.979803174419166,0.09248279609903821,1.7820605201428998,0.9911982158067292,0.0,0.12297299999954703,0.06905939999978727,0.2565672999999151,0.12764470000001893,0.13191960000040126,0.40999960000044666,0.194394;0.127645;0.116089,0.132224;0.131920;0.130147,0.407193;0.410000;0.429250,,sequential,2026-10-03T19:18:03+00:00
W8-00719,W8,n2-standard-8,Windows,2022Server,AMD64,Intel(R) Xeon(R) CPU @ 2.80GHz,intel,8,4,2800,34.4,3.14.6,CPython,1,spawn,2.5.3,algo_rec,algo_merge_sort,4670,1253143,0.3,ms,big,22,1253166,8,16,1,10,0,0,0.00933634000029997,1.0,0.18550797545810027,0.12190858514906086,0.7958438857085524,0.0,0.10870489999979327,0.007332999998652667,0.2565672999999151,0.20554150000043592,0.21182540000063454,0.07460970000011002,0.204859;0.205542;0.212504,0.208939;0.211825;0.212715,0.072916;0.075981;0.074610,,multiprocessing,2026-10-03T19:18:05+00:00
W8-00720,W8,n2-standard-8,Windows,2022Server,AMD64,Intel(R) Xeon(R) CPU @ 2.80GHz,intel,8,4,2800,34.4,3.14.6,CPython,1,spawn,2.5.3,db,db_mem_insert_select,802,55,0.0,seconds,normal,13102,75,8,4,1,1,1,0,0.0007423970588634428,1.0,0.052689991644932564,0.004943446340320682,0.6727534181028744,0.0,0.12655549999999494,0.001188199997159245,0.1523114000001442,9.46033879999959,13.684770500000013,2.5369541000000027,9.460339,13.684771,2.536954,threading,multiprocessing,2026-10-03T19:18:32+00:00
W8-00721,W8,n2-standard-8,Windows,2022Server,AMD64,Intel(R) Xeon(R) CPU @ 2.80GHz,intel,8,4,2800,34.4,3.14.6,CPython,1,spawn,2.5.3,io,io_sleep_chunks,2366,24,0.8,ms,normal,19,44,8,8,1,1,1,0,0.004836399999931018,0.00902358659899906,0.193239613738905,0.002548383083177285,1.4033638059247833,0.0,0.05363149999993766,0.021220999999968626,0.1889547999999195,0.10334539999985282,0.01558749999912834,0.01608239999950456,0.103345,0.015587;0.013677;0.016583,0.015735;0.016094;0.016082,,threading,2026-10-03T19:18:33+00:00
W8-00722,W8,n2-standard-8,Windows,2022Server,AMD64,Intel(R) Xeon(R) CPU @ 2.80GHz,intel,8,4,2800,34.4,3.14.6,CPython,1,spawn,2.5.3,recursive,rec_tree_sum,143,66,0.8,ms,normal,96,85,8,16,0,4,0,0,4.266249993634119e-05,1.0,0.4088361158264933,0.10290067626593868,0.5140497725637971,0.0,0.004129200000534183,0.0011043000022255,0.24291790000006586,0.007827399999769113,0.01256569999986823,0.011635300000307325,0.007624;0.007877;0.007827,0.015631;0.012566;0.010171,0.011635;0.012379;0.006793,,sequential,2026-10-03T19:18:34+00:00
W8-00723,W8,n2-standard-8,Windows,2022Server,AMD64,Intel(R) Xeon(R) CPU @ 2.80GHz,intel,8,4,2800,34.4,3.14.6,CPython,1,spawn,2.5.3,text,text_regex_findall,47,104,0.8,seconds,normal,354,123,8,4,1,1,0,0,0.00022592159090932412,0.9964065486362521,0.46407501717314903,0.020338914930755785,0.9508347818419027,15.2,0.04180810000070778,0.000972100000581122,0.1481190999993487,0.08187210000050982,0.08375789999990957,0.03319839999949181,0.081872;0.081402;0.082135,0.083784;0.083758;0.083010,0.033198;0.031947;0.046613,,multiprocessing,2026-10-03T19:18:35+00:00
W8-00724,W8,n2-standard-8,Windows,2022Server,AMD64,Intel(R) Xeon(R) CPU @ 2.80GHz,intel,8,4,2800,34.4,3.14.6,CPython,1,spawn,2.5.3,big_result,result_long_string,1716,76,0.0,ms,normal,72,96,8,16,1,1,0,0,0.0003644833332651211,1.0,0.04747891645211349,0.035849832985549605,0.9037240971976637,0.0,0.014830199999778415,0.0010248000016872538,0.24291790000006586,0.026086799999575305,0.028206199999658566,0.010848299999452138,0.026173;0.026087;0.025974,0.028338;0.027154;0.028206,0.011736;0.010401;0.010848,,multiprocessing,2026-10-03T19:18:36+00:00
W8-00725,W8,n2-standard-8,Windows,2022Server,AMD64,Intel(R) Xeon(R) CPU @ 2.80GHz,intel,8,4,2800,34.4,3.14.6,CPython,1,spawn,2.5.3,recursive,rec_fib,11085,1600,0.0,ms,normal,119,1623,8,4,0,4,0,0,0.001126227586233842,1.0,0.006197827131998411,0.004537271233295484,0.9466649160749749,0.0,0.06819949999953678,0.0009565999989717966,0.1481190999993487,0.133981699999822,0.13600230000065494,0.05046129999936966,0.133982;0.134425;0.133721,0.135656;0.136598;0.136002,0.050461;0.037152;0.050476,,multiprocessing,2026-10-03T19:18:38+00:00
W8-00726,W8,n2-standard-8,Windows,2022Server,AMD64,Intel(R) Xeon(R) CPU @ 2.80GHz,intel,8,4,2800,34.4,3.14.6,CPython,1,spawn,2.5.3,gil_release,gil_numpy_matmul,78,4768,0.8,seconds,normal,8248,4790,8,2,0,2,0,1,6.035681263288352e-05,1.0,0.7579012337491112,0.10968107231334251,1.434452464929777,0.0,0.08703950000017358,0.002597500016236154,0.132673000000068,0.47500339999987773,0.32680059999984223,0.298143699999855,0.477201;0.475003;0.472163,0.328082;0.325613;0.326801,0.379709;0.297224;0.298144,,multiprocessing,2026-10-03T19:18:42+00:00
W8-00727,W8,n2-standard-8,Windows,2022Server,AMD64,Intel(R) Xeon(R) CPU @ 2.80GHz,intel,8,4,2800,34.4,3.14.6,CPython,1,spawn,2.5.3,algo_iter,algo_dijkstra,5343,60,0.0,ms,normal,8,80,8,2,2,15,0,0,0.013864766666908205,1.0,0.019042260135778987,0.0006467232554121558,0.8566322975500679,1.1,0.09103209999921091,0.0014485999981843634,0.132673000000068,0.1068518000001859,0.1186969999998837,0.05801960000007966,0.106384;0.113516;0.106852,0.118505;0.118697;0.119245,0.058020;0.055014;0.060482,,multiprocessing,2026-10-03T19:18:43+00:00
W8-00728,W8,n2-standard-8,Windows,2022Server,AMD64,Intel(R) Xeon(R) CPU @ 2.80GHz,intel,8,4,2800,34.4,3.14.6,CPython,1,spawn,2.5.3,recursive,rec_tree_sum,1106,1829500,0.0,seconds,big,109,1829523,8,2,0,4,0,0,0.00046081851852014315,1.0,0.03048926393744781,2.0586846277019397,0.9263954976515832,0.0,0.045261199999913515,0.019378199999664503,0.132673000000068,0.050761500000589876,0.05363740000029793,0.4886937000001126,0.050607;0.050824;0.050762,0.053637;0.053594;0.053680,0.488694,,sequential,2026-10-03T19:18:45+00:00
W8-00729,W8,n2-standard-8,Windows,2022Server,AMD64,Intel(R) Xeon(R) CPU @ 2.80GHz,intel,8,4,2800,34.4,3.14.6,CPython,1,spawn,2.5.3,numpy,np_sort,419282,2504,0.3,seconds,normal,72,2529,8,2,0,3,0,1,0.01887820000016897,1.0,0.1866727955148435,0.0005985740297277851,1.276948670138073,0.0,0.09919780000018363,0.0009023000002343906,0.132673000000068,1.3714411999999356,0.7370202000001882,0.7082175000005009,1.376169;1.365012;1.371441,0.737020;0.736438;0.740617,0.708218;0.713462;0.707370,,multiprocessing,2026-10-03T19:18:54+00:00
W8-00730,W8,n2-standard-8,Windows,2022Server,AMD64,Intel(R) Xeon(R) CPU @ 2.80GHz,intel,8,4,2800,34.4,3.14.6,CPython,1,spawn,2.5.3,big_payload,big_count_byte,4,217017,0.0,seconds,big,921,217039,8,8,0,1,0,0,0.00012961826089098315,1.0,0.020640091654228185,0.2598785058500335,0.968933320079995,0.0,0.06254399999943416,0.0017805999941629125,0.1889547999999195,0.11997410000003583,0.12167860000045039,0.5440833000002385,0.119328;0.120016;0.119974,0.121254;0.121679;0.121756,0.544083;0.577743;0.537245,,sequential,2026-10-03T19:18:58+00:00
W8-00731,W8,n2-standard-8,Windows,2022Server,AMD64,Intel(R) Xeon(R) CPU @ 2.80GHz,intel,8,4,2800,34.4,3.14.6,CPython,1,spawn,2.5.3,cpu,cpu_collatz,75,830,0.0,seconds,normal,18949,852,8,8,2,5,0,0,0.00014708584068829996,1.0,0.015820827425992418,0.03314391192845347,0.9671817965082452,0.0,0.1031634999999369,0.0015408000062961946,0.1889547999999195,2.789660399999775,2.832968599999731,0.8041796000006798,2.796421;2.789450;2.789660,2.840703;2.832969;2.832314,0.803282;0.815014;0.804180,,multiprocessing,2026-10-03T19:19:18+00:00
W8-00732,W8,n2-standard-8,Windows,2022Server,AMD64,Intel(R) Xeon(R) CPU @ 2.80GHz,intel,8,4,2800,34.4,3.14.6,CPython,1,spawn,2.5.3,numpy,np_fft,5143,192119,0.0,seconds,big,407,192142,8,2,0,0,0,1,0.0011038565217740656,1.0,0.03083534478846001,0.03419828494035621,1.6162483280305522,0.0,0.08390889999918727,0.0017164999972010264,0.132673000000068,0.45507659999930183,0.3252871000004234,0.36623710000003484,0.449228;0.455077;0.554922,0.335560;0.325287;0.274233,0.366237;0.376925;0.354600,,threading,2026-10-03T19:19:22+00:00
W8-00733,W8,n2-standard-8,Windows,2022Server,AMD64,Intel(R) Xeon(R) CPU @ 2.80GHz,intel,8,4,2800,34.4,3.14.6,CPython,1,spawn,2.5.3,big_result,result_long_string,1318,79,0.8,ms,normal,53,99,8,8,1,1,0,0,0.00025209999988034653,1.0,0.4295189195055818,0.07179690657443524,0.8944973321232345,0.0,0.007452300000295509,0.0004825000014534453,0.1889547999999195,0.01280010000027687,0.014117199999418517,0.0059897999999520835,0.013000;0.012628;0.012800,0.014117;0.014219;0.013773,0.005990;0.006056;0.005629,,multiprocessing,2026-10-03T19:19:23+00:00
W8-00734,W8,n2-standard-8,Windows,2022Server,AMD64,Intel(R) Xeon(R) CPU @ 2.80GHz,intel,8,4,2800,34.4,3.14.6,CPython,1,spawn,2.5.3,mixed,mixed_parse_lines,33,3490,0.3,seconds,normal,107,3512,8,4,2,3,1,0,0.00611324444435013,0.8463567780303014,0.13433848894162853,0.0009796579981246366,1.0854714613554441,2.3,0.10618369999974675,0.0010115000004589092,0.1481190999993487,0.6547411000001375,0.583019400000012,0.18426999999974214,0.654741;0.654124;0.658985,0.583916;0.583019;0.581020,0.184270;0.183711;0.237807,,multiprocessing,2026-10-03T19:19:28+00:00
W8-00735,W8,n2-standard-8,Windows,2022Server,AMD64,Intel(R) Xeon(R) CPU @ 2.80GHz,intel,8,4,2800,34.4,3.14.6,CPython,1,spawn,2.5.3,big_payload,big_count_byte,1,772893,0.0,seconds,big,258,772915,8,4,0,1,0,0,0.0004623656250686281,1.0,0.02103606429013661,0.7873638963630223,0.8486404980199841,12.5,0.0723297000004095,0.007758999995530758,0.1481190999993487,0.11926450000009936,0.12331559999984165,0.5705477999999857,0.118995;0.119265;0.119817,0.122161;0.123316;0.127313,0.546145;0.570548;0.577843,,sequential,2026-10-03T19:19:31+00:00
W8-00736,W8,n2-standard-8,Windows,2022Server,AMD64,Intel(R) Xeon(R) CPU @ 2.80GHz,intel,8,4,2800,34.4,3.14.6,CPython,1,spawn,2.5.3,big_result,result_records,11443,690660,0.3,ms,big,8,690683,8,4,1,2,0,0,0.004144499999711115,0.9467724363037602,0.08817424468962617,1.7623436684389748,0.7688274045499636,16.7,0.051592799999525596,0.022909400000571623,0.1481190999993487,0.051181300000280316,0.044553199999427306,0.05235460000039893,0.051181;0.041661;0.053761,0.061983;0.044553;0.040108,0.066047;0.052355;0.047571,,threading,2026-10-03T19:19:33+00:00
W8-00737,W8,n2-standard-8,Windows,2022Server,AMD64,Intel(R) Xeon(R) CPU @ 2.80GHz,intel,8,4,2800,34.4,3.14.6,CPython,1,spawn,2.5.3,algo_iter,algo_game_of_life,2,269,0.0,seconds,normal,2448,291,8,2,5,9,0,0,0.002921038888921935,1.0,0.011299333685730347,0.018210796393920734,0.9889254292917128,12.5,0.10840100000041275,0.0025892000003295834,0.132673000000068,7.092451299999993,7.308485200000177,3.7622228999998697,7.136533;7.083805;7.092451,7.273097;7.308485;7.338382,3.735201;3.771218;3.762223,,multiprocessing,2026-10-03T19:20:28+00:00
W8-00738,W8,n2-standard-8,Windows,2022Server,AMD64,Intel(R) Xeon(R) CPU @ 2.80GHz,intel,8,4,2800,34.4,3.14.6,CPython,1,spawn,2.5.3,text,text_split_count,2,216871,0.8,seconds,big,26,216893,8,8,1,1,0,0,0.06352816666640138,1.0,0.003494286338894263,0.0018658390428345165,1.6664378626912653,0.0,0.3064420999999129,0.0012839000009989832,0.1889547999999195,1.3375714000003427,1.389145300000564,0.3330524000002697,1.303843;1.369908;1.337571,1.374402;1.389145;1.424847,0.334338;0.329578;0.333052,,multiprocessing,2026-10-03T19:20:38+00:00
W8-00739,W8,n2-standard-8,Windows,2022Server,AMD64,Intel(R) Xeon(R) CPU @ 2.80GHz,intel,8,4,2800,34.4,3.14.6,CPython,1,spawn,2.5.3,io,io_sleep_return_payload,2566,4344,0.8,ms,normal,36,4367,8,8,0,1,1,0,0.0035101777776718438,0.0042781268910326705,0.29001562877111586,0.0030102938813927407,2.368657271751996,0.0,0.046349799999916286,0.000775100001192186,0.1889547999999195,0.12051120000069204,0.019000600000254053,0.01901440000074217,0.120511,0.018985;0.019034;0.019001,0.018653;0.019082;0.019014,,threading,2026-10-03T19:20:39+00:00
W8-00740,W8,n2-standard-8,Windows,2022Server,AMD64,Intel(R) Xeon(R) CPU @ 2.80GHz,intel,8,4,2800,34.4,3.14.6,CPython,1,spawn,2.5.3,numpy,np_fft,1409,446,0.8,seconds,normal,7160,469,8,8,0,0,0,1,7.738771383341639e-05,1.0,0.7731461806149661,0.05511210694968207,1.4517298851618823,0.0,0.08581240000057733,0.0014410000048883376,0.1889547999999195,0.5883879000002707,0.43495119999988674,0.1614512999994986,0.588388;0.595795;0.573304,0.434951;0.435004;0.429326,0.254076;0.161451;0.157098,,multiprocessing,2026-10-03T19:20:43+00:00
W8-00741,W8,n2-standard-8,Windows,2022Server,AMD64,Intel(R) Xeon(R) CPU @ 2.80GHz,intel,8,4,2800,34.4,3.14.6,CPython,1,spawn,2.5.3,algo_iter,algo_game_of_life,5,27,0.3,seconds,normal,121,46,8,8,5,9,0,0,0.006462662499984617,1.0,0.16500124976412722,0.007525922939395297,1.061234974234566,0.0,0.10223989999940386,0.000631099998827267,0.1889547999999195,0.810342199999468,0.8316647999999986,0.22980709999956161,0.810480;0.810342;0.808793,0.831665;0.829653;0.834486,0.229807;0.229394;0.230300,,multiprocessing,2026-10-03T19:20:49+00:00
W8-00742,W8,n2-standard-8,Windows,2022Server,AMD64,Intel(R) Xeon(R) CPU @ 2.80GHz,intel,8,4,2800,34.4,3.14.6,CPython,1,spawn,2.5.3,algo_iter,algo_dijkstra,306,292,0.0,seconds,normal,1782,315,8,4,2,15,0,0,0.0006590302631785131,0.9998174772500473,0.031795721607816206,0.005841916758954284,0.9737975463114671,0.0,0.10197489999973186,0.0005037999981141184,0.1481190999993487,1.1699667000002592,1.2095899000005375,0.3695625000000291,1.166338;1.180853;1.169967,1.199325;1.216779;1.209590,0.369234;0.369563;0.370628,,multiprocessing,2026-10-03T19:20:58+00:00
W8-00743,W8,n2-standard-8,Windows,2022Server,AMD64,Intel(R) Xeon(R) CPU @ 2.80GHz,intel,8,4,2800,34.4,3.14.6,CPython,1,spawn,2.5.3,algo_iter,algo_game_of_life,6,407,0.3,ms,normal,8,429,8,8,5,9,0,0,0.009117500000077902,1.0,0.0649502157327154,0.0066831185263298695,0.9690756650796518,0.0,0.05534970000007888,0.0003936000002795481,0.1889547999999195,0.07232160000057775,0.0741902999998274,0.0222687000004953,0.074797;0.072322;0.072136,0.074459;0.074190;0.074137,0.022214;0.022671;0.022269,,multiprocessing,2026-10-03T19:20:59+00:00
W8-00744,W8,n2-standard-8,Windows,2022Server,AMD64,Intel(R) Xeon(R) CPU @ 2.80GHz,intel,8,4,2800,34.4,3.14.6,CPython,1,spawn,2.5.3,io,io_file_roundtrip,3,23628,0.8,ms,normal,8,23650,8,4,1,0,1,0,0.029884899999766883,0.08660445518626123,0.02024297422259533,0.0004863102652307084,2.0851438388061156,0.0,0.13326500000039232,0.0011114000008092262,0.1481190999993487,0.17215589999977965,0.05499189999954979,0.05887860000075307,0.172156;0.164843;0.176653,0.055189;0.054992;0.054656,0.069319;0.058879;0.057226,,threading,2026-10-03T19:21:01+00:00
W8-00745,W8,n2-standard-8,Windows,2022Server,AMD64,Intel(R) Xeon(R) CPU @ 2.80GHz,intel,8,4,2800,34.4,3.14.6,CPython,1,spawn,2.5.3,db,db_mem_group_by,11,1553,0.0,ms,normal,66,1575,8,4,1,2,1,0,0.00013375624990885626,1.0,0.37548832906768675,0.03172749044267409,0.6890617409995368,0.0,0.006025900000167894,0.00099790000149369,0.1481190999993487,0.007506799999646319,0.011046399999941059,0.003659999999399588,0.007624;0.007507;0.007365,0.012494;0.010490;0.011046,0.004028;0.003660;0.003615,,multiprocessing,2026-10-03T19:21:01+00:00
W8-00746,W8,n2-standard-8,Windows,2022Server,AMD64,Intel(R) Xeon(R) CPU @ 2.80GHz,intel,8,4,2800,34.4,3.14.6,CPython,1,spawn,2.5.3,cpu,cpu_collatz,41,551,0.0,ms,normal,774,573,8,2,2,5,0,0,5.033886010600694e-05,1.0,0.03440124720294992,0.09018877354225605,0.9336210831180516,0.0,0.02091480000035517,0.0006379000005836133,0.132673000000068,0.038829899999655026,0.04017839999960415,0.021117700000104378,0.038751;0.038830;0.038986,0.040770;0.039670;0.040178,0.021465;0.021118;0.021004,,multiprocessing,2026-10-03T19:21:02+00:00
W8-00747,W8,n2-standard-8,Windows,2022Server,AMD64,Intel(R) Xeon(R) CPU @ 2.80GHz,intel,8,4,2800,34.4,3.14.6,CPython,1,spawn,2.5.3,algo_rec,algo_merge_sort,405,1396815,0.3,seconds,big,143,1396838,8,16,1,10,0,0,0.0006673485714730175,1.0,0.20711051133764527,1.3591922402373704,0.9728857176466719,0.0,0.06693269999959739,0.01975499999753083,0.24291790000006586,0.09468599999945582,0.09670740000001388,0.38086460000067746,0.093844;0.095098;0.094686,0.096707;0.096532;0.101502,0.380865;0.377353;0.432755,,sequential,2026-10-03T19:21:05+00:00
W8-00748,W8,n2-standard-8,Windows,2022Server,AMD64,Intel(R) Xeon(R) CPU @ 2.80GHz,intel,8,4,2800,34.4,3.14.6,CPython,1,spawn,2.5.3,big_result,result_sorted_pairs,195,352700,0.8,seconds,big,567,352722.3,8,16,1,4,0,0,6.308794330937849e-05,1.0,0.8807391502278938,1.6492057649906298,1.0129318952026476,0.0,0.020880600000054983,0.0030890999933035346,0.24291790000006586,0.035090600000330596,0.038351500000317174,0.5185792000002039,0.034534;0.035091;0.035883,0.038926;0.037460;0.038352,0.518579,,sequential,2026-10-03T19:21:07+00:00
W8-00749,W8,n2-standard-8,Windows,2022Server,AMD64,Intel(R) Xeon(R) CPU @ 2.80GHz,intel,8,4,2800,34.4,3.14.6,CPython,1,spawn,2.5.3,algo_rec,algo_merge_sort,119,80,0.8,ms,normal,51,99,8,16,1,10,0,0,0.00017641666674232206,1.0,0.46114190248435133,0.07779877177290201,0.664645391484141,4.7,0.0057795000002442976,0.000395199998820317,0.24291790000006586,0.009373500000037893,0.01049799999964307,0.004710599999270926,0.009512;0.009281;0.009374,0.010752;0.010498;0.010475,0.004711;0.005138;0.004544,,multiprocessing,2026-10-03T19:21:07+00:00
W8-00750,W8,n2-standard-8,Windows,2022Server,AMD64,Intel(R) Xeon(R) CPU @ 2.80GHz,intel,8,4,2800,34.4,3.14.6,CPython,1,spawn,2.5.3,algo_rec,algo_sudoku,4,132835,0.8,seconds,big,1505,132857,8,8,3,28,0,0,0.0020671839999704387,1.0,0.8935032285018103,0.014004558914400243,0.2565994914975101,0.0,0.2421875,0.003137800000331481,0.1889547999999195,5.3870816000007835,5.5068239000001995,1.7053645999994842,5.381427;5.387082;5.530508,5.506824;5.492852;5.577488,1.672390;1.705365;1.773118,,multiprocessing,2026-10-03T19:21:47+00:00
W8-00751,W8,n2-standard-8,Windows,2022Server,AMD64,Intel(R) Xeon(R) CPU @ 2.80GHz,intel,8,4,2800,34.4,3.14.6,CPython,1,spawn,2.5.3,numpy,np_fft,672219,588,0.3,seconds,normal,15,613,8,8,0,0,0,1,0.15802693333292459,0.9998156297253458,0.15046482847713266,7.467081633072916e-05,2.611205318245322,1.1,0.6380048999999417,0.00027230000159761403,0.1889547999999195,1.7656786000006832,0.4822857999997723,0.4713401999997586,1.765679;1.760166;1.793277,0.482286;0.462909;0.484484,0.499364;0.471340;0.447861,,multiprocessing,2026-10-03T19:21:56+00:00
W8-00752,W8,n2-standard-8,Windows,2022Server,AMD64,Intel(R) Xeon(R) CPU @ 2.80GHz,intel,8,4,2800,34.4,3.14.6,CPython,1,spawn,2.5.3,algo_iter,algo_edit_distance,610,30,0.0,seconds,normal,94247,50,8,4,2,16,0,0,0.00010118661258048184,1.0,0.024588598118320905,0.04106274508842754,0.9572937384690751,0.0,0.10447389999990264,0.0022022999974069535,0.1481190999993487,9.497857599999406,9.715449699999226,2.5888650000006237,9.497858;9.494973;9.503145,9.715450;9.711591;9.724020,2.588865;3.050288;2.518346,,multiprocessing,2026-10-03T19:23:03+00:00
W8-00753,W8,n2-standard-8,Windows,2022Server,AMD64,Intel(R) Xeon(R) CPU @ 2.80GHz,intel,8,4,2800,34.4,3.14.6,CPython,1,spawn,2.5.3,mixed,mixed_compute_then_sleep,4032,534597,0.8,seconds,big,374,534620,8,8,1,3,1,0,0.0009821627451018168,0.18736001355660906,0.047587972865578955,0.09787074527597778,1.9790089961234856,0.0,0.078313199999684,0.0029699999995500548,0.1889547999999195,0.36453439999968396,0.08295369999996183,0.5705200000002151,0.364399;0.364534;0.364599,0.086856;0.082175;0.082954,0.570520,,threading,2026-10-03T19:23:06+00:00
W8-00754,W8,n2-standard-8,Windows,2022Server,AMD64,Intel(R) Xeon(R) CPU @ 2.80GHz,intel,8,4,2800,34.4,3.14.6,CPython,1,spawn,2.5.3,cpu,cpu_collatz,41,25,0.3,seconds,normal,29038,44,8,4,2,5,0,0,5.4009989116771714e-05,1.0,0.2831763868421713,0.07581930857833102,0.9596952294499141,1.2,0.10378959999979998,0.0017132000230049016,0.1481190999993487,1.5513921000001574,1.5780823999994027,0.4965051000008316,1.550840;1.554791;1.551392,1.576151;1.580390;1.578082,0.416916;0.499811;0.496505,,multiprocessing,2026-10-03T19:23:17+00:00
W8-00755,W8,n2-standard-8,Windows,2022Server,AMD64,Intel(R) Xeon(R) CPU @ 2.80GHz,intel,8,4,2800,34.4,3.14.6,CPython,1,spawn,2.5.3,big_result,result_matrix_lists,67,190880,0.8,ms,big,62,190902,8,4,2,5,0,0,0.0005998666666831317,1.0,0.8966387918203781,0.37889531020236616,0.9212722988137951,0.0,0.023970400000507652,0.004856100000324659,0.1481190999993487,0.03620320000027277,0.038614899999629415,0.02576520000002347,0.045031;0.036180;0.036203,0.038615;0.038398;0.038662,0.025838;0.025335;0.025765,,multiprocessing,2026-10-03T19:23:18+00:00
W8-00756,W8,n2-standard-8,Windows,2022Server,AMD64,Intel(R) Xeon(R) CPU @ 2.80GHz,intel,8,4,2800,34.4,3.14.6,CPython,1,spawn,2.5.3,recursive,rec_quicksort,5407,297,0.8,ms,normal,16,320,8,16,1,8,0,0,0.00792795000006663,1.0,0.37907669196820903,0.0009460200982403655,0.47602515733471745,0.0,0.08502989999942656,0.001119799999287352,0.24291790000006586,0.1468012000004819,0.15248410000003787,0.044234400000277674,0.146556;0.147574;0.146801,0.152969;0.151236;0.152484,0.046896;0.044234;0.042658,,multiprocessing,2026-10-03T19:23:20+00:00
W8-00757,W8,n2-standard-8,Windows,2022Server,AMD64,Intel(R) Xeon(R) CPU @ 2.80GHz,intel,8,4,2800,34.4,3.14.6,CPython,1,spawn,2.5.3,cpu,cpu_collatz,1324,917918,0.8,seconds,big,217,917941,8,8,2,5,0,0,0.007523014285652607,1.0,0.4055788901004917,0.06259459068357366,1.01038922834013,1.2,0.11595459999989544,0.0036138000004939386,0.1889547999999195,1.3650141999996777,1.3913198000000193,0.5882301000001462,1.359799;1.367767;1.365014,1.385884;1.392707;1.391320,0.631014;0.588230;0.575820,,multiprocessing,2026-10-03T19:23:31+00:00
W8-00758,W8,n2-standard-8,Windows,2022Server,AMD64,Intel(R) Xeon(R) CPU @ 2.80GHz,intel,8,4,2800,34.4,3.14.6,CPython,1,spawn,2.5.3,gil_release,gil_sha256,9,142589,0.3,seconds,big,1402,142611,8,8,1,1,0,1,0.003037811764764175,1.0,0.13775411735791326,0.01465063858955624,1.676726457865631,2.3,0.08394459999999526,0.0015684999989389325,0.1889547999999195,4.438978000000134,0.9740347000006295,1.133026599999539,4.438978;4.437560;4.457159,0.966237;0.979323;0.974035,1.119512;1.133027;1.213630,,threading,2026-10-03T19:23:52+00:00
W8-00759,W8,n2-standard-8,Windows,2022Server,AMD64,Intel(R) Xeon(R) CPU @ 2.80GHz,intel,8,4,2800,34.4,3.14.6,CPython,1,spawn,2.5.3,gil_release,gil_bz2,258,300000,0.3,seconds,big,42,300022.6666666667,8,16,0,1,0,1,0.026727066666959825,1.0,0.04785720459326097,0.006348121509962661,1.782078925342966,9.0,0.12655459999950835,0.0011792999985118513,0.24291790000006586,1.1019794000003458,0.34063789999981964,0.32387319999998,1.105630;1.101979;1.099764,0.344583;0.340638;0.321781,0.318361;0.325012;0.323873,,multiprocessing,2026-10-03T19:23:58+00:00
W8-00760,W8,n2-standard-8,Windows,2022Server,AMD64,Intel(R) Xeon(R) CPU @ 2.80GHz,intel,8,4,2800,34.4,3.14.6,CPython,1,spawn,2.5.3,db,db_mem_group_by,2253,17,0.8,ms,normal,8,37,8,8,1,2,1,0,0.001973800000390232,1.0,0.2598899476659208,0.003715337617367427,0.4607384096450451,0.0,0.017915999999786436,0.00021739999920100672,0.1889547999999195,0.01812659999995958,0.07264419999955862,0.006398499999704654,0.018127;0.018137;0.017921,0.072644,0.006498;0.006324;0.006398,,multiprocessing,2026-10-03T19:23:59+00:00
W8-00761,W8,n2-standard-8,Windows,2022Server,AMD64,Intel(R) Xeon(R) CPU @ 2.80GHz,intel,8,4,2800,34.4,3.14.6,CPython,1,spawn,2.5.3,algo_iter,algo_kmeans,35,1580,0.0,ms,normal,47,1602,8,4,3,15,0,0,0.000972718181649477,1.0,0.010877779268635512,0.0075982017399251174,0.952855804646317,0.0,0.023632099999304046,0.001652400001148635,0.1481190999993487,0.0448683999993591,0.045971199999257806,0.018170399999689835,0.044868;0.044403;0.044912,0.046055;0.045557;0.045971,0.018435;0.018170;0.017347,,multiprocessing,2026-10-03T19:24:00+00:00
W8-00762,W8,n2-standard-8,Windows,2022Server,AMD64,Intel(R) Xeon(R) CPU @ 2.80GHz,intel,8,4,2800,34.4,3.14.6,CPython,1,spawn,2.5.3,algo_iter,algo_kmeans,189,31,0.0,seconds,normal,108,50,8,4,3,15,0,0,0.004887209090983643,1.0,0.0061482088591190785,0.0013039604461185443,0.9672525849529839,0.0,0.10966310000003432,0.0003178999986630515,0.1481190999993487,0.5265663999998651,0.5384320999992269,0.17400670000006357,0.528143;0.526566;0.524522,0.538432;0.536665;0.540748,0.174007;0.189776;0.138665,,multiprocessing,2026-10-03T19:24:04+00:00
W8-00763,W8,n2-standard-8,Windows,2022Server,AMD64,Intel(R) Xeon(R) CPU @ 2.80GHz,intel,8,4,2800,34.4,3.14.6,CPython,1,spawn,2.5.3,big_payload,big_reverse,2,112977,0.3,seconds,big,1770,112999,8,4,0,0,0,0,7.774049773035578e-05,1.0,0.1351915450659811,0.5731890239419766,0.9561203670273848,0.0,0.07297000000016851,0.0023814000032871263,0.1481190999993487,0.1633544999995138,0.17375230000016018,0.86662829999932,0.153930;0.163354;0.173402,0.156669;0.176116;0.173752,0.866628,,sequential,2026-10-03T19:24:07+00:00
W8-00764,W8,n2-standard-8,Windows,2022Server,AMD64,Intel(R) Xeon(R) CPU @ 2.80GHz,intel,8,4,2800,34.4,3.14.6,CPython,1,spawn,2.5.3,big_result,result_sorted_pairs,322,31,0.0,ms,normal,952,51,8,4,1,4,0,0,0.00010116932768875561,1.0,0.2869284329294347,0.6966538340451716,0.940720923397369,0.0,0.05193680000047607,0.002123700010088214,0.1481190999993487,0.10847869999997783,0.10831599999983155,0.07066609999947104,0.110259;0.108479;0.104362,0.108316;0.120280;0.105352,0.070334;0.070666;0.072914,,multiprocessing,2026-10-03T19:24:09+00:00
W8-00765,W8,n2-standard-8,Windows,2022Server,AMD64,Intel(R) Xeon(R) CPU @ 2.80GHz,intel,8,4,2800,34.4,3.14.6,CPython,1,spawn,2.5.3,big_result,result_sorted_pairs,107,1487,0.8,ms,normal,1948,1509,8,2,1,4,0,0,3.1931416849186574e-05,1.0,0.6189122870951265,0.9332501662757547,0.8757913702766362,0.0,0.03517660000034084,0.0016574999945078162,0.132673000000068,0.0708199999999124,0.0828615999998874,0.07030289999966044,0.071789;0.070820;0.069577,0.082862;0.072478;0.085029,0.074896;0.066501;0.070303,,multiprocessing,2026-10-03T19:24:10+00:00
W8-00766,W8,n2-standard-8,Windows,2022Server,AMD64,Intel(R) Xeon(R) CPU @ 2.80GHz,intel,8,4,2800,34.4,3.14.6,CPython,1,spawn,2.5.3,algo_iter,algo_dijkstra,2426,30,0.0,seconds,normal,475,50,8,4,2,15,0,0,0.0061317444444486885,1.0,0.040736794377763015,0.000817240674941657,0.9663855098069704,0.0,0.11194379999960802,0.0002941999991890043,0.1481190999993487,2.906235200000083,3.054379600000175,0.9205214000003252,2.902791;2.906235;2.906235,3.039270;3.054380;3.072264,0.824456;0.920521;1.061554,,multiprocessing,2026-10-03T19:24:31+00:00
W8-00767,W8,n2-standard-8,Windows,2022Server,AMD64,Intel(R) Xeon(R) CPU @ 2.80GHz,intel,8,4,2800,34.4,3.14.6,CPython,1,spawn,2.5.3,big_payload,big_reverse,2,3400881,0.3,ms,big,58,3400903,8,8,0,0,0,0,0.0018327928570605373,1.0,0.007226041725605451,1.8810441519882575,0.9274803648459877,0.0,0.1021270999999615,0.04873400000087713,0.1889547999999195,0.11268319999999221,0.12795049999931507,0.4281033000006573,0.112432;0.125007;0.112683,0.127950;0.129302;0.115249,0.428103;0.421777;0.465417,,sequential,2026-10-03T19:24:34+00:00
W8-00768,W8,n2-standard-8,Windows,2022Server,AMD64,Intel(R) Xeon(R) CPU @ 2.80GHz,intel,8,4,2800,34.4,3.14.6,CPython,1,spawn,2.5.3,cpu,cpu_collatz,27,727,0.3,ms,normal,694,749,8,2,2,5,0,0,2.4334104027256916e-05,1.0,0.4046986895571764,0.1912953156764413,0.8309381275871418,0.0,0.010041700000329001,0.0006166000030134455,0.132673000000068,0.017324700000244775,0.018363500000305066,0.010051299999759067,0.017325;0.017409;0.017191,0.018364;0.018150;0.018431,0.010051;0.010110;0.009432,,multiprocessing,2026-10-03T19:24:35+00:00
W8-00769,W8,n2-standard-8,Windows,2022Server,AMD64,Intel(R) Xeon(R) CPU @ 2.80GHz,intel,8,4,2800,34.4,3.14.6,CPython,1,spawn,2.5.3,tiny,tiny_small_loop,8,110,0.0,ms,normal,33777,129,8,2,0,0,0,0,3.106499907516991e-07,1.0,1.3559131166004286,12.393368915944674,0.49948242181186786,0.4,0.006076000000575732,0.0033305000188192935,0.132673000000068,0.006818500000008498,0.008877700000084587,0.014843099999779952,0.007472;0.006796;0.006819,0.008943;0.008878;0.008553,0.016362;0.014843;0.014273,,sequential,2026-10-03T19:24:36+00:00
W8-00770,W8,n2-standard-8,Windows,2022Server,AMD64,Intel(R) Xeon(R) CPU @ 2.80GHz,intel,8,4,2800,34.4,3.14.6,CPython,1,spawn,2.5.3,cpu,cpu_matmul_lists,14,1175,0.0,ms,normal,1438,1197,8,4,3,5,0,0,0.000154456346741432,1.0,0.017571464064089857,0.02683606168040831,0.9546897478117022,0.0,0.1040632000003825,0.0017035000028045033,0.1481190999993487,0.2223113000000012,0.22787700000026234,0.0823831000006976,0.221808;0.222426;0.222311,0.229997;0.227037;0.227877,0.100950;0.082383;0.081839,,multiprocessing,2026-10-03T19:24:38+00:00
W8-00771,W8,n2-standard-8,Windows,2022Server,AMD64,Intel(R) Xeon(R) CPU @ 2.80GHz,intel,8,4,2800,34.4,3.14.6,CPython,1,spawn,2.5.3,text,text_format_report,342,947,0.0,ms,normal,194,970,8,8,1,2,0,0,0.00047634791669300586,1.0,0.014994430646798595,0.008092824452567081,0.933287325922885,0.0,0.0485011000000668,0.0010760999994090525,0.1889547999999195,0.09186829999998736,0.09376550000069983,0.026233900000079302,0.090512;0.091868;0.092158,0.094669;0.093766;0.093018,0.027398;0.026234;0.025040,,multiprocessing,2026-10-03T19:24:39+00:00
W8-00772,W8,n2-standard-8,Windows,2022Server,AMD64,Intel(R) Xeon(R) CPU @ 2.80GHz,intel,8,4,2800,34.4,3.14.6,CPython,1,spawn,2.5.3,text,text_format_report,4224,721,0.0,ms,normal,9,744,8,8,1,2,0,0,0.005911799999921641,1.0,0.007487751486701771,0.0017422781915616026,0.943696548151386,0.0,0.03682200000002922,0.00024649999977555126,0.1889547999999195,0.05340810000052443,0.055552300000272226,0.01831190000029892,0.053071;0.053911;0.053408,0.055751;0.055524;0.055552,0.018646;0.018312;0.017970,,multiprocessing,2026-10-03T19:24:40+00:00
W8-00773,W8,n2-standard-8,Windows,2022Server,AMD64,Intel(R) Xeon(R) CPU @ 2.80GHz,intel,8,4,2800,34.4,3.14.6,CPython,1,spawn,2.5.3,tiny,tiny_small_loop,50,215,0.8,seconds,normal,200000,234,8,4,0,0,0,0,4.986499939150235e-07,1.0,0.2954376471529364,8.30241664600651,0.5709270263209227,0.0,0.006730699999934586,0.0031085000118764583,0.1481190999993487,0.0944402999994054,0.11274020000018936,0.1971280999996452,0.094440;0.099563;0.094306,0.112740;0.112033;0.112996,0.206039;0.197128;0.192505,,sequential,2026-10-03T19:24:42+00:00
W8-00774,W8,n2-standard-8,Windows,2022Server,AMD64,Intel(R) Xeon(R) CPU @ 2.80GHz,intel,8,4,2800,34.4,3.14.6,CPython,1,spawn,2.5.3,gil_release,gil_bz2,16,300000,0.8,ms,big,22,300022,8,4,0,1,0,1,0.0024387199999182487,1.0,0.3778510625830241,0.029335061072130648,1.343429340585816,0.0,0.022702600000229722,0.0006008000009387615,0.1481190999993487,0.0593564000000697,0.017258799999581242,0.027063100000304985,0.059357;0.059159;0.059356,0.016913;0.017259;0.022569,0.028734;0.025664;0.027063,,threading,2026-10-03T19:24:43+00:00
W8-00775,W8,n2-standard-8,Windows,2022Server,AMD64,Intel(R) Xeon(R) CPU @ 2.80GHz,intel,8,4,2800,34.4,3.14.6,CPython,1,spawn,2.5.3,mixed,mixed_compute_then_sleep,3717,1129767,0.0,seconds,big,177,1129790,8,4,1,3,1,0,0.0009720272727132727,0.17736090120504258,0.024412619233907237,0.7476076240984539,1.968743622452098,0.0,0.07967889999963518,0.015024199999970733,0.1481190999993487,0.17268839999997,0.04725199999938923,0.5099798000001101,0.173102;0.172688;0.172329,0.047252;0.047353;0.047005,0.509980,,threading,2026-10-03T19:24:45+00:00
W8-00776,W8,n2-standard-8,Windows,2022Server,AMD64,Intel(R) Xeon(R) CPU @ 2.80GHz,intel,8,4,2800,34.4,3.14.6,CPython,1,spawn,2.5.3,io,io_sleep_return_payload,1456,3180,0.0,seconds,normal,303,3203,8,2,0,1,1,0,0.0019453923076490844,0.008901994608474158,0.019465607166856143,0.0026986843973482266,1.8159994274160345,0.0,0.07908090000000811,0.00047000000176922185,0.132673000000068,0.5915866000004826,0.297198400000525,0.2991176000004998,0.591601;0.591587;0.591471,0.297198;0.297317;0.297010,0.300155;0.299118;0.299083,,threading,2026-10-03T19:24:49+00:00
W8-00777,W8,n2-standard-8,Windows,2022Server,AMD64,Intel(R) Xeon(R) CPU @ 2.80GHz,intel,8,4,2800,34.4,3.14.6,CPython,1,spawn,2.5.3,recursive,rec_fib,65,319,0.8,seconds,normal,41936,341,8,4,0,4,0,0,6.715699995766045e-06,1.0,1.0217117448725295,0.5851958850247851,0.9439417969518541,0.0,0.03192920000037702,0.0033119000090664485,0.1481190999993487,0.2786039000002347,0.2888399000003119,0.09897819999969215,0.276960;0.278604;0.280100,0.293867;0.288840;0.287609,0.130255;0.098978;0.096538,,multiprocessing,2026-10-03T19:24:52+00:00
W8-00778,W8,n2-standard-8,Windows,2022Server,AMD64,Intel(R) Xeon(R) CPU @ 2.80GHz,intel,8,4,2800,34.4,3.14.6,CPython,1,spawn,2.5.3,tiny,tiny_dict_lookup,18,366718,0.8,seconds,big,545,366740,8,2,0,1,0,0,5.022058677936644e-07,1.0,0.38820960090223133,136.91596292681103,0.09354395660506434,0.0,0.0031588000001647742,0.0022641000023213564,0.132673000000068,0.0001857999995991122,0.00042690000009315554,0.5977513999996518,0.000186;0.000186;0.000133,0.000577;0.000367;0.000427,0.597751,,sequential,2026-10-03T19:24:54+00:00
W8-00779,W8,n2-standard-8,Windows,2022Server,AMD64,Intel(R) Xeon(R) CPU @ 2.80GHz,intel,8,4,2800,34.4,3.14.6,CPython,1,spawn,2.5.3,numpy,np_linalg_solve,35,749,0.3,ms,normal,1806,771,8,16,0,3,0,1,4.408802660106616e-05,1.0,0.24625520309390586,0.11839948900574632,0.5612487763594081,5.7,0.057394700000259036,0.002052700003332575,0.24291790000006586,0.07618770000044606,0.2000293999999485,0.02674360000037268,0.076235;0.075543;0.076188,0.201160;0.198898,0.257319;0.026744;0.026708,,multiprocessing,2026-10-03T19:24:55+00:00
W8-00780,W8,n2-standard-8,Windows,2022Server,AMD64,Intel(R) Xeon(R) CPU @ 2.80GHz,intel,8,4,2800,34.4,3.14.6,CPython,1,spawn,2.5.3,big_result,result_matrix_lists,66,179789,0.3,ms,big,17,179811,8,2,2,5,0,0,0.00048007499981395085,1.0,0.2621979220006537,0.4685726187245542,0.7536155275046027,0.0,0.005348099999537226,0.0010990000000674627,0.132673000000068,0.007788099999743281,0.008576600000196777,0.009426500000699889,0.007797;0.007788;0.007662,0.008504;0.008638;0.008577,0.009771;0.009427;0.009128,,sequential,2026-10-03T19:24:56+00:00
W8-00781,W8,n2-standard-8,Windows,2022Server,AMD64,Intel(R) Xeon(R) CPU @ 2.80GHz,intel,8,4,2800,34.4,3.14.6,CPython,1,spawn,2.5.3,algo_rec,algo_merge_sort,6763,39,0.0,seconds,normal,134,59,8,16,1,10,0,0,0.014020049999999173,1.0,0.014007882293767484,0.026576224779433964,0.9751126939248774,0.0,0.11494009999933041,0.0017365999992762227,0.24291790000006586,1.8806042999995043,1.9248532999999952,0.5555791999995563,1.870827;1.890210;1.880604,1.915960;1.924853;1.928091,0.555579;0.548371;0.559539,,multiprocessing,2026-10-03T19:25:10+00:00
W8-00782,W8,n2-standard-8,Windows,2022Server,AMD64,Intel(R) Xeon(R) CPU @ 2.80GHz,intel,8,4,2800,34.4,3.14.6,CPython,1,spawn,2.5.3,big_result,result_long_string,8791,805,0.8,ms,normal,8,828,8,2,1,1,0,0,0.002346633333218051,1.0,0.3348698519442988,0.10520035802540123,1.2633780955719152,0.0,0.012486499999795342,0.0009444000006624265,0.132673000000068,0.015763399999741523,0.01618840000082855,0.011358800000380143,0.016041;0.015591;0.015763,0.016188;0.016051;0.016594,0.012097;0.010854;0.011359,,multiprocessing,2026-10-03T19:25:10+00:00
W8-00783,W8,n2-standard-8,Windows,2022Server,AMD64,Intel(R) Xeon(R) CPU @ 2.80GHz,intel,8,4,2800,34.4,3.14.6,CPython,1,spawn,2.5.3,mixed,mixed_parse_lines,79,6007,0.8,seconds,normal,221,6029,8,16,2,3,1,0,0.025340933333609428,0.9356354658301291,0.5588192365851061,0.0005932430747639174,1.523486273050418,0.0,0.11623109999982262,0.00026109999907930614,0.24291790000006586,5.271256800000629,5.090502699999888,1.485912200000712,5.271257;5.244906;5.278115,5.081942;5.090503;5.095025,1.484544;1.485912;1.540755,,multiprocessing,2026-10-03T19:26:02+00:00
W8-00784,W8,n2-standard-8,Windows,2022Server,AMD64,Intel(R) Xeon(R) CPU @ 2.80GHz,intel,8,4,2800,34.4,3.14.6,CPython,1,spawn,2.5.3,tiny,tiny_dict_lookup,8,1627152,0.8,ms,big,122,1627174,8,2,0,1,0,0,6.133335167154049e-07,1.0,0.590468425417625,1451.7468484287988,0.027940124491501,7.4,0.01886560000002646,0.018176699994000955,0.132673000000068,4.2800000301213004e-05,0.0004103999999642838,0.5002351000002818,0.000049;0.000043;0.000021,0.000410,0.500235,,sequential,2026-10-03T19:26:03+00:00
W8-00785,W8,n2-standard-8,Windows,2022Server,AMD64,Intel(R) Xeon(R) CPU @ 2.80GHz,intel,8,4,2800,34.4,3.14.6,CPython,1,spawn,2.5.3,tiny,tiny_dict_lookup,10,67,0.8,seconds,normal,200000,86,8,2,0,1,0,0,2.4489999441357216e-07,1.0,0.3221407986640396,15.598204008256138,0.4395850337365038,13.3,0.005542500000046857,0.0029864000107409083,0.132673000000068,0.03541089999998803,0.04482279999956518,0.09497280000050523,0.035119;0.035411;0.035747,0.044823;0.043814;0.045000,0.094973;0.102986;0.091841,,sequential,2026-10-03T19:26:04+00:00
W8-00786,W8,n2-standard-8,Windows,2022Server,AMD64,Intel(R) Xeon(R) CPU @ 2.80GHz,intel,8,4,2800,34.4,3.14.6,CPython,1,spawn,2.5.3,text,text_regex_findall,3,161681,0.3,seconds,big,45,161703,8,4,1,1,0,0,0.02594656666648613,1.0,0.14482444564396696,0.0013296556726115699,0.9234797308714934,3.5,0.16645430000062333,0.0003502000008666073,0.1481190999993487,1.00977150000017,1.0366350999993301,0.29235629999948287,1.014797;1.009772;1.009267,1.040396;1.033411;1.036635,0.292216;0.292356;0.295369,,multiprocessing,2026-10-03T19:26:12+00:00
W8-00787,W8,n2-standard-8,Windows,2022Server,AMD64,Intel(R) Xeon(R) CPU @ 2.80GHz,intel,8,4,2800,34.4,3.14.6,CPython,1,spawn,2.5.3,recursive,rec_fib,47,1114,0.8,seconds,normal,81603,1136,8,8,0,4,0,0,5.200749996674858e-06,1.0,1.3439720581523609,0.851800210990687,0.8983037699505124,0.0,0.02648979999958101,0.00353920000634389,0.1889547999999195,0.4176089000002321,0.4370779999999286,0.2554383000006055,0.417389;0.417609;0.417700,0.440143;0.437078;0.436685,0.255438;0.251710;0.260452,,multiprocessing,2026-10-03T19:26:16+00:00
W8-00788,W8,n2-standard-8,Windows,2022Server,AMD64,Intel(R) Xeon(R) CPU @ 2.80GHz,intel,8,4,2800,34.4,3.14.6,CPython,1,spawn,2.5.3,algo_iter,algo_dijkstra,332,61,0.3,ms,normal,53,80.92307692307692,8,4,2,15,0,0,0.0007423384615601838,1.0,0.17652736116577006,0.005823592476207643,0.9576232193328291,0.0,0.020054399999935413,0.000304600000163191,0.1481190999993487,0.038537600000381644,0.04042399999980262,0.015817900000001828,0.038472;0.040028;0.038538,0.040424;0.039841;0.040527,0.012320;0.021096;0.015818,,multiprocessing,2026-10-03T19:26:17+00:00
W8-00789,W8,n2-standard-8,Windows,2022Server,AMD64,Intel(R) Xeon(R) CPU @ 2.80GHz,intel,8,4,2800,34.4,3.14.6,CPython,1,spawn,2.5.3,big_result,result_sorted_pairs,25181,246,0.8,ms,normal,8,266,8,16,1,4,0,0,0.01475056666671056,1.0,0.14204247483349267,0.7492051152889915,1.5993973790655458,0.0,0.10765429999992193,0.03340829999979178,0.24291790000006586,0.13735749999977998,0.14633560000038415,0.07562159999997675,0.136740;0.137394;0.137357,0.142576;0.146336;0.147594,0.075622;0.078106;0.072995,,multiprocessing,2026-10-03T19:26:19+00:00
W8-00790,W8,n2-standard-8,Windows,2022Server,AMD64,Intel(R) Xeon(R) CPU @ 2.80GHz,intel,8,4,2800,34.4,3.14.6,CPython,1,spawn,2.5.3,algo_rec,algo_lcs_memo,5,97,0.8,seconds,normal,25,116,8,8,1,10,0,0,0.015233950000038021,1.0,0.5119667465060824,0.000574374998362752,0.8311439051761337,0.0,0.12705240000013873,0.0015118999999685911,0.1889547999999195,0.36593750000065484,0.3798778999998831,0.10909380000066449,0.365938;0.365915;0.366909,0.379569;0.395499;0.379878,0.100620;0.109094;0.109407,,multiprocessing,2026-10-03T19:26:22+00:00
W8-00791,W8,n2-standard-8,Windows,2022Server,AMD64,Intel(R) Xeon(R) CPU @ 2.80GHz,intel,8,4,2800,34.4,3.14.6,CPython,1,spawn,2.5.3,gil_release,gil_sha256,80,261644,0.0,ms,big,8,261666,8,4,1,1,0,1,0.051281200000024306,1.0,0.0016680981603095831,0.002831447007580574,1.4863629636716096,0.0,0.25796710000031453,0.0006727999998474843,0.1481190999993487,0.4099814000001061,0.10628790000009758,0.11119289999987814,0.409875;0.411914;0.409981,0.106288;0.106272;0.108844,0.139767;0.109830;0.111193,,threading,2026-10-03T19:26:25+00:00
W8-00792,W8,n2-standard-8,Windows,2022Server,AMD64,Intel(R) Xeon(R) CPU @ 2.80GHz,intel,8,4,2800,34.4,3.14.6,CPython,1,spawn,2.5.3,tiny,tiny_dict_lookup,505,186,0.3,seconds,normal,200000,206,8,4,0,1,0,0,3.0989999459052344e-07,1.0,0.779148246665009,12.971926232700092,0.45382302068853086,0.0,0.005918599999858998,0.003051800011235173,0.1481190999993487,0.04962840000007418,0.05957010000020091,0.162409800000205,0.051445;0.049628;0.048758,0.060156;0.059570;0.058170,0.162410;0.163848;0.162169,,sequential,2026-10-03T19:26:27+00:00
W8-00793,W8,n2-standard-8,Windows,2022Server,AMD64,Intel(R) Xeon(R) CPU @ 2.80GHz,intel,8,4,2800,34.4,3.14.6,CPython,1,spawn,2.5.3,tiny,tiny_small_loop,11,51,0.0,ms,normal,133990,70,8,4,0,0,0,0,3.056999835280294e-07,1.0,0.587607433607509,13.902519653457865,0.4630678060558043,1.1,0.005677000000105181,0.0028767000330844894,0.1481190999993487,0.02899600000000646,0.03579579999950511,0.038478200000099605,0.029213;0.028963;0.028996,0.036221;0.035796;0.035627,0.038478;0.037817;0.039845,,sequential,2026-10-03T19:26:28+00:00
W8-00794,W8,n2-standard-8,Windows,2022Server,AMD64,Intel(R) Xeon(R) CPU @ 2.80GHz,intel,8,4,2800,34.4,3.14.6,CPython,1,spawn,2.5.3,algo_rec,algo_merge_sort,223,54,0.0,ms,normal,385,73,8,8,1,10,0,0,0.0003271614583392572,1.0,0.03820359768508577,0.05289437203245138,0.9668637330880355,0.0,0.0647675000000163,0.0008037999996304279,0.1889547999999195,0.1266738999993322,0.13010450000001583,0.03866840000046068,0.126335;0.126865;0.126674,0.131621;0.129639;0.130105,0.038479;0.038668;0.039106,,multiprocessing,2026-10-03T19:26:29+00:00
W8-00795,W8,n2-standard-8,Windows,2022Server,AMD64,Intel(R) Xeon(R) CPU @ 2.80GHz,intel,8,4,2800,34.4,3.14.6,CPython,1,spawn,2.5.3,recursive,rec_nqueens,7,47,0.8,seconds,normal,1539,66,8,2,1,10,0,0,0.001073091489412578,0.9996244795353598,0.45685417944259904,0.003680953550066566,0.9076564102585492,0.0,0.1065201999999772,0.0013780999979644548,0.132673000000068,1.594289900000149,1.677485400000478,0.816698799999358,1.594290;1.607058;1.589358,1.683713;1.673628;1.677485,0.823430;0.810920;0.816699,,multiprocessing,2026-10-03T19:26:42+00:00
W8-00796,W8,n2-standard-8,Windows,2022Server,AMD64,Intel(R) Xeon(R) CPU @ 2.80GHz,intel,8,4,2800,34.4,3.14.6,CPython,1,spawn,2.5.3,big_result,result_records,1439,569,0.3,ms,normal,343,592,8,2,1,2,0,0,0.0014082611110855698,1.0,3.6152089137481913,0.484150272025203,2.434529411448673,0.0,0.08603609999954642,0.01402200000029552,0.132673000000068,0.27940440000020317,0.2841694999997344,0.26766979999956675,0.323272;0.259260;0.279404,0.318832;0.284169;0.281077,0.296396;0.267670;0.265784,,multiprocessing,2026-10-03T19:26:45+00:00
W8-00797,W8,n2-standard-8,Windows,2022Server,AMD64,Intel(R) Xeon(R) CPU @ 2.80GHz,intel,8,4,2800,34.4,3.14.6,CPython,1,spawn,2.5.3,cpu,cpu_matmul_lists,5,765,0.0,ms,normal,4573,787,8,16,3,5,0,0,1.2053980738871431e-05,1.0,0.06585714826420298,0.36668383744415106,0.9433018878300875,0.0,0.030818499999440974,0.0018887000151153188,0.24291790000006586,0.05411929999991116,0.05711780000001454,0.019428399999924295,0.055224;0.054010;0.054119,0.057485;0.055854;0.057118,0.019428;0.019457;0.018924,,multiprocessing,2026-10-03T19:26:46+00:00
W8-00798,W8,n2-standard-8,Windows,2022Server,AMD64,Intel(R) Xeon(R) CPU @ 2.80GHz,intel,8,4,2800,34.4,3.14.6,CPython,1,spawn,2.5.3,tiny,tiny_small_loop,55,28,0.8,ms,normal,12562,47,8,2,0,0,0,0,5.024500028412148e-07,1.0,0.3271461385362714,8.100308487767347,0.5861167937854926,0.0,0.006692099999781931,0.003054299993891618,0.132673000000068,0.005504499999915424,0.006698299999698065,0.005370599999878323,0.005999;0.005468;0.005504,0.006815;0.006698;0.006665,0.005371;0.005017;0.005858,,multiprocessing,2026-10-03T19:26:47+00:00
W8-00799,W8,n2-standard-8,Windows,2022Server,AMD64,Intel(R) Xeon(R) CPU @ 2.80GHz,intel,8,4,2800,34.4,3.14.6,CPython,1,spawn,2.5.3,io,io_sleep_chunks,2777,41,0.3,seconds,normal,192,61,8,8,1,1,1,0,0.005622244444364494,0.008834447058493702,0.10862484431015117,0.0010632368938936578,1.7072651521589362,0.0,0.08059890000004089,0.0003296000004411326,0.1889547999999195,1.0915273999999044,0.13327849999950558,0.10886699999991833,1.091527,0.133278;0.138670;0.132344,0.105075;0.108867;0.110316,,multiprocessing,2026-10-03T19:26:49+00:00
W8-00800,W8,n2-standard-8,Windows,2022Server,AMD64,Intel(R) Xeon(R) CPU @ 2.80GHz,intel,8,4,2800,34.4,3.14.6,CPython,1,spawn,2.5.3,gil_release,gil_bz2,83,300000,0.0,ms,big,16,300022,8,2,0,1,0,1,0.008813325000119221,1.0,0.006125800837684859,0.012855534099201102,1.8662944366909635,0.0,0.05486840000048687,0.0007079999995767139,0.132673000000068,0.14157599999998638,0.07349640000029467,0.08052399999996851,0.141867;0.141576;0.141138,0.073476;0.073496;0.073732,0.080417;0.080524;0.080765,,threading,2026-10-03T19:26:50+00:00
W8-00801,W8,n2-standard-8,Windows,2022Server,AMD64,Intel(R) Xeon(R) CPU @ 2.80GHz,intel,8,4,2800,34.4,3.14.6,CPython,1,spawn,2.5.3,numpy,np_sort,240126,139,0.0,seconds,normal,684,161,8,4,0,3,0,1,0.01130382000010286,0.9999971827630444,0.018606226374745752,0.0007820364998322761,1.5355918238203836,0.0,0.0936983000001419,0.0002851999997801613,0.1481190999993487,7.822877500000686,2.3439847999998165,2.192503100000067,7.824902;7.807275;7.822878,2.356401;2.343985;2.329440,2.192503;2.146976;2.200277,,multiprocessing,2026-10-03T19:27:28+00:00
W8-00802,W8,n2-standard-8,Windows,2022Server,AMD64,Intel(R) Xeon(R) CPU @ 2.80GHz,intel,8,4,2800,34.4,3.14.6,CPython,1,spawn,2.5.3,algo_iter,algo_game_of_life,12,27,0.0,ms,normal,8,46,8,2,5,9,0,0,0.01572533333364845,1.0,0.010216466683069017,0.003537815844740983,0.9691391765917229,0.0,0.09664320000047155,0.0003752000002350542,0.132673000000068,0.12483229999998002,0.12883190000047762,0.06406260000039765,0.124832;0.125036;0.124399,0.127888;0.128992;0.128832,0.066336;0.064063;0.063677,,multiprocessing,2026-10-03T19:27:30+00:00
W8-00803,W8,n2-standard-8,Windows,2022Server,AMD64,Intel(R) Xeon(R) CPU @ 2.80GHz,intel,8,4,2800,34.4,3.14.6,CPython,1,spawn,2.5.3,gil_release,gil_zlib,11,83441,0.8,seconds,normal,118,83463,8,2,1,1,0,1,0.018619566666833027,1.0,0.42297010032715954,0.0011063630261065383,1.0379244358832553,0.0,0.10938480000004347,0.0007837000002837158,0.132673000000068,2.656036500000482,1.383526399999937,1.3872304000005897,2.658420;2.656037;2.655543,1.379586;1.402459;1.383526,1.387230;1.387358;1.384440,,threading,2026-10-03T19:27:47+00:00
W8-00804,W8,n2-standard-8,Windows,2022Server,AMD64,Intel(R) Xeon(R) CPU @ 2.80GHz,intel,8,4,2800,34.4,3.14.6,CPython,1,spawn,2.5.3,recursive,rec_tree_sum,8881,486,0.8,ms,normal,24,509,8,8,0,4,0,0,0.002833566666746871,1.0,0.39698125924705857,0.0028644699701560077,0.6000387872826926,0.0,0.04211360000044806,0.00029119999999238644,0.1889547999999195,0.07623029999922437,0.08170770000015182,0.022145300000374846,0.070289;0.076353;0.076230,0.082443;0.081569;0.081708,0.022145;0.021513;0.023939,,multiprocessing,2026-10-03T19:27:48+00:00
W8-00805,W8,n2-standard-8,Windows,2022Server,AMD64,Intel(R) Xeon(R) CPU @ 2.80GHz,intel,8,4,2800,34.4,3.14.6,CPython,1,spawn,2.5.3,io,io_sleep_return_payload,6116,3983,0.8,ms,normal,8,4006,8,16,0,1,1,0,0.006134500000068026,0.005975237315946988,0.6301501837478053,0.002249572072970083,0.7302420562246315,0.0,0.03277220000018133,0.00027289999979984714,0.24291790000006586,0.0511157999999341,0.011619899999459449,0.011923600000045553,0.050545;0.051116;0.051168,0.011538;0.011856;0.011620,0.011942;0.011781;0.011924,,threading,2026-10-03T19:27:49+00:00
W8-00806,W8,n2-standard-8,Windows,2022Server,AMD64,Intel(R) Xeon(R) CPU @ 2.80GHz,intel,8,4,2800,34.4,3.14.6,CPython,1,spawn,2.5.3,recursive,rec_quicksort,2385,81,0.8,ms,normal,8,101,8,8,1,8,0,0,0.004210666666646527,1.0,0.2943219633145806,0.0024857505389194222,1.0735375013913495,0.0,0.02294759999949747,0.0002569999996921979,0.1889547999999195,0.02285459999984596,0.025030900000274414,0.010167200000068988,0.022855;0.023132;0.022838,0.025194;0.025031;0.024673,0.009372;0.011068;0.010167,,multiprocessing,2026-10-03T19:27:49+00:00
W8-00807,W8,n2-standard-8,Windows,2022Server,AMD64,Intel(R) Xeon(R) CPU @ 2.80GHz,intel,8,4,2800,34.4,3.14.6,CPython,1,spawn,2.5.3,cpu,cpu_count_primes,13368,617,0.8,ms,normal,8,640,8,8,2,4,0,0,0.01205130000016652,1.0,0.2701908412060287,0.0009459560210716212,1.3299815954371261,0.0,0.05932050000046729,0.0008180999993783189,0.1889547999999195,0.07944640000005165,0.0811425000001691,0.038502499999594875,0.079821;0.079437;0.079446,0.082223;0.081143;0.080803,0.038563;0.031634;0.038502,,multiprocessing,2026-10-03T19:27:51+00:00
W8-00808,W8,n2-standard-8,Windows,2022Server,AMD64,Intel(R) Xeon(R) CPU @ 2.80GHz,intel,8,4,2800,34.4,3.14.6,CPython,1,spawn,2.5.3,algo_iter,algo_dijkstra,2220,29,0.8,ms,normal,24,49,8,8,2,15,0,0,0.0062242833334191046,1.0,0.3532898516449205,0.0010469746511882008,1.2237838762792868,0.0,0.06810070000028645,0.00029069999982311856,0.1889547999999195,0.1414187000000311,0.14876530000037747,0.04180079999969166,0.141419;0.139897;0.146218,0.148765;0.149476;0.143724,0.041801;0.045442;0.040678,,multiprocessing,2026-10-03T19:27:52+00:00
W8-00809,W8,n2-standard-8,Windows,2022Server,AMD64,Intel(R) Xeon(R) CPU @ 2.80GHz,intel,8,4,2800,34.4,3.14.6,CPython,1,spawn,2.5.3,db,db_file_commit,2,312,0.3,seconds,normal,423,334,8,2,1,0,1,0,0.009609449999667655,0.26716935807326575,0.0972671607287404,0.0006590734648747125,1.6490405344183672,0.0,0.09243309999965277,0.0010341000015614554,0.132673000000068,3.7391090000000986,2.07112270000016,2.112073899999814,3.727409;3.739109;3.779263,2.062339;2.071123;2.089367,2.088322;2.112074;2.158027,,threading,2026-10-03T19:28:17+00:00
W8-00810,W8,n2-standard-8,Windows,2022Server,AMD64,Intel(R) Xeon(R) CPU @ 2.80GHz,intel,8,4,2800,34.4,3.14.6,CPython,1,spawn,2.5.3,mixed,mixed_parse_lines,58,652,0.3,seconds,normal,1441,674,8,8,2,3,1,0,0.0027405210526251864,0.5766349015381945,0.1711879677143098,0.0017726172241071768,1.4989689331695948,0.0,0.08694099999956961,0.0004242000004524016,0.1889547999999195,4.046661000000313,2.504893700000139,0.7862679999998363,4.046661,2.502413;2.518544;2.504894,0.786268;0.788990;0.784126,,multiprocessing,2026-10-03T19:28:31+00:00
W8-00811,W8,n2-standard-8,Windows,2022Server,AMD64,Intel(R) Xeon(R) CPU @ 2.80GHz,intel,8,4,2800,34.4,3.14.6,CPython,1,spawn,2.5.3,gil_release,gil_sha256,1,48665,0.3,seconds,normal,4109,48687,8,4,1,1,0,1,0.0001195093524899198,1.0,0.019367907320901163,0.1155139722402277,1.8599395516209003,0.0,0.0781806000004508,0.0012920000126541709,0.1481190999993487,0.4904885000005379,0.1305848000001788,0.659938400000101,0.490410;0.492199;0.490489,0.127139;0.146764;0.130585,0.659938,,threading,2026-10-03T19:28:35+00:00
W8-00812,W8,n2-standard-8,Windows,2022Server,AMD64,Intel(R) Xeon(R) CPU @ 2.80GHz,intel,8,4,2800,34.4,3.14.6,CPython,1,spawn,2.5.3,recursive,rec_quicksort,82,761991,0.8,ms,big,262,762013,8,4,1,8,0,0,7.753230764557464e-05,1.0,0.5086177518510442,5.112126959042584,0.8671621807522051,0.0,0.01933050000025105,0.008361100003639876,0.1481190999993487,0.020096899999771267,0.02092579999953159,0.5357555000000502,0.019791;0.020097;0.020154,0.021889;0.020704;0.020926,0.535756,,sequential,2026-10-03T19:28:37+00:00
W8-00813,W8,n2-standard-8,Windows,2022Server,AMD64,Intel(R) Xeon(R) CPU @ 2.80GHz,intel,8,4,2800,34.4,3.14.6,CPython,1,spawn,2.5.3,recursive,rec_fib,122,373342,0.3,seconds,big,535,373364,8,2,0,4,0,0,1.231654130920892e-05,1.0,0.2553279834927435,6.877742535741672,0.7130603718885832,0.0,0.006210100000316743,0.002156700005798484,0.132673000000068,0.006328899999971327,0.00680850000026112,0.6282681000002412,0.006329;0.006454;0.006132,0.013765;0.006736;0.006809,0.628268,,sequential,2026-10-03T19:28:38+00:00
W8-00814,W8,n2-standard-8,Windows,2022Server,AMD64,Intel(R) Xeon(R) CPU @ 2.80GHz,intel,8,4,2800,34.4,3.14.6,CPython,1,spawn,2.5.3,big_payload,big_checksum_head,4333,1404600,0.8,ms,big,72,1404623,8,16,1,1,0,0,0.00010472777759989387,1.0,0.4572361299357389,8.68192670218003,0.7602278929913906,3.4,0.0216578000008667,0.017154000003756664,0.24291790000006586,0.007113500000741624,0.007973100000526756,0.1599503999996159,0.007115;0.007114;0.006958,0.008267;0.007923;0.007973,0.159950,,sequential,2026-10-03T19:28:39+00:00
W8-00815,W8,n2-standard-8,Windows,2022Server,AMD64,Intel(R) Xeon(R) CPU @ 2.80GHz,intel,8,4,2800,34.4,3.14.6,CPython,1,spawn,2.5.3,mixed,mixed_hash_then_write,82410,58172,0.0,ms,normal,80,58197,8,8,1,3,1,0,0.003603442857118872,0.9998374602290012,0.030104973067048738,0.0057762219404901526,0.9615798936475416,0.0,0.10396010000022216,0.0012658000005103531,0.1889547999999195,0.28407640000023093,0.29013619999932416,0.09561289999965084,0.284076;0.284314;0.283907,0.290136;0.290858;0.289124,0.100830;0.095613;0.089649,,multiprocessing,2026-10-03T19:28:42+00:00
W8-00816,W8,n2-standard-8,Windows,2022Server,AMD64,Intel(R) Xeon(R) CPU @ 2.80GHz,intel,8,4,2800,34.4,3.14.6,CPython,1,spawn,2.5.3,io,io_file_roundtrip,1,1816,0.8,seconds,normal,159,1838,8,16,1,0,1,0,0.006964762499933386,0.09370867322518715,0.17928235607883453,0.0009135272208304144,1.871810261643693,0.0,0.08537789999991219,0.0003069000003961264,0.24291790000006586,0.9687969999995403,0.1003844000006211,0.1048014999996667,0.968797,0.104313;0.100174;0.100384,0.110429;0.104801;0.098819,,threading,2026-10-03T19:28:44+00:00
W8-00817,W8,n2-standard-8,Windows,2022Server,AMD64,Intel(R) Xeon(R) CPU @ 2.80GHz,intel,8,4,2800,34.4,3.14.6,CPython,1,spawn,2.5.3,gil_release,gil_sha256,3,41854,0.3,seconds,normal,4778,41876,8,2,1,1,0,1,0.0003056402438621107,1.0,0.22943145450062893,0.044905735692883066,1.8240040254427294,0.0,0.07858459999988554,0.0008573000068281544,0.132673000000068,1.493060499999956,0.7832650999998805,1.0297299999992902,1.493060;1.496259;1.492396,0.784911;0.783265;0.777496,1.017571;1.030051;1.029730,,threading,2026-10-03T19:28:55+00:00
W8-00818,W8,n2-standard-8,Windows,2022Server,AMD64,Intel(R) Xeon(R) CPU @ 2.80GHz,intel,8,4,2800,34.4,3.14.6,CPython,1,spawn,2.5.3,big_result,result_long_string,112,736450,0.8,seconds,big,50,736472,8,16,1,1,0,0,0.0049821090909641826,1.0,0.34499161088233593,0.06645962276703818,0.9524853873538699,1.2,0.11542060000010679,0.0039518999992651516,0.24291790000006586,0.22938100000010309,0.22881640000014158,0.3132209999994302,0.229381;0.229384;0.221979,0.228816;0.232751;0.228592,0.325373;0.313221;0.286828,,threading,2026-10-03T19:28:58+00:00
W8-00819,W8,n2-standard-8,Windows,2022Server,AMD64,Intel(R) Xeon(R) CPU @ 2.80GHz,intel,8,4,2800,34.4,3.14.6,CPython,1,spawn,2.5.3,mixed,mixed_compute_then_sleep,58324,726,0.8,seconds,normal,157,750.2727272727273,8,2,1,3,1,0,0.004735027272793311,0.6041792151110552,0.29649469625452735,0.0013093905396825449,1.5284868608819968,0.0,0.08547799999996641,0.0003147999987049843,0.132673000000068,0.6523160999995525,0.44378429999960645,0.33809300000029907,0.650160;0.654604;0.652316,0.437443;0.443784;0.446219,0.341980;0.337916;0.338093,,multiprocessing,2026-10-03T19:29:03+00:00
W8-00820,W8,n2-standard-8,Windows,2022Server,AMD64,Intel(R) Xeon(R) CPU @ 2.80GHz,intel,8,4,2800,34.4,3.14.6,CPython,1,spawn,2.5.3,algo_rec,algo_sudoku,1,813110,0.0,seconds,big,245,813132,8,8,3,28,0,0,0.0011184799999682583,1.0,2.3192481719025335,0.34759226821920153,1.6910320443302722,1.2,0.08891739999944548,0.008178700000826211,0.1889547999999195,0.21571010000025126,0.22094990000005055,0.5318468000004941,0.214852;0.215710;0.217242,0.221701;0.220241;0.220950,0.520871;0.531847;0.551233,,sequential,2026-10-03T19:29:08+00:00
W8-00821,W8,n2-standard-8,Windows,2022Server,AMD64,Intel(R) Xeon(R) CPU @ 2.80GHz,intel,8,4,2800,34.4,3.14.6,CPython,1,spawn,2.5.3,big_payload,big_upper_copy,5,127683,0.8,ms,big,1566,127705,8,16,0,0,0,0,6.153682863111343e-05,1.0,0.16077747397866698,0.8655792178717504,0.6410803017022132,0.0,0.06419710000045598,0.002422600005957065,0.24291790000006586,0.15599889999975858,0.161169200000586,0.6707893000002514,0.155280;0.158798;0.155999,0.180197;0.161169;0.159594,0.641548;0.682735;0.670789,,sequential,2026-10-03T19:29:12+00:00
W8-00822,W8,n2-standard-8,Windows,2022Server,AMD64,Intel(R) Xeon(R) CPU @ 2.80GHz,intel,8,4,2800,34.4,3.14.6,CPython,1,spawn,2.5.3,text,text_regex_findall,13,2753,0.3,ms,normal,60,2775,8,2,1,1,0,0,0.0015532199999749234,1.0,0.209694034001345,0.002674014865342242,0.9511449050233808,0.0,0.048517700000047626,0.00032670000018697465,0.132673000000068,0.09685279999939667,0.09885080000003654,0.050363800000013725,0.096936;0.096853;0.096748,0.098851;0.098413;0.100628,0.050364;0.050141;0.050725,,multiprocessing,2026-10-03T19:29:14+00:00
W8-00823,W8,n2-standard-8,Windows,2022Server,AMD64,Intel(R) Xeon(R) CPU @ 2.80GHz,intel,8,4,2800,34.4,3.14.6,CPython,1,spawn,2.5.3,text,text_regex_findall,1,123,0.3,ms,normal,27985,142,8,16,1,1,0,0,7.068900007652701e-06,1.0,0.10499435327894062,0.5517124429896463,0.9462834419115329,0.0,0.033216900000297755,0.0032050999852799578,0.24291790000006586,0.19613939999999275,0.20089720000032685,0.05789639999966312,0.195057;0.196147;0.196139,0.199857;0.201017;0.200897,0.057633;0.059151;0.057896,,multiprocessing,2026-10-03T19:29:16+00:00
W8-00824,W8,n2-standard-8,Windows,2022Server,AMD64,Intel(R) Xeon(R) CPU @ 2.80GHz,intel,8,4,2800,34.4,3.14.6,CPython,1,spawn,2.5.3,numpy,np_elementwise,4006,123800,0.8,ms,big,412,123823,8,2,0,4,0,0,0.00031127281548727745,1.0,0.17097619200963401,0.07363315667728644,1.6233870083329667,0.0,0.05351760000030481,0.0016805000050226226,0.132673000000068,0.12156510000022536,0.07248650000019552,0.1950896999996985,0.122518;0.118022;0.121565,0.071329;0.072487;0.072918,0.225112;0.195090;0.181023,,threading,2026-10-03T19:29:17+00:00
W8-00825,W8,n2-standard-8,Windows,2022Server,AMD64,Intel(R) Xeon(R) CPU @ 2.80GHz,intel,8,4,2800,34.4,3.14.6,CPython,1,spawn,2.5.3,recursive,rec_quicksort,19512,41,0.8,ms,normal,8,61,8,4,1,8,0,0,0.03648226666670477,1.0,0.39069302986447146,0.00025400468328558843,1.4214220665499857,1.2,0.16688189999968017,0.0002715999989959528,0.1481190999993487,0.24251550000008137,0.2476995999995779,0.09069159999944532,0.242516;0.242325;0.244698,0.247700;0.248996;0.247417,0.090413;0.090692;0.133487,,multiprocessing,2026-10-03T19:29:20+00:00
W8-00826,W8,n2-standard-8,Windows,2022Server,AMD64,Intel(R) Xeon(R) CPU @ 2.80GHz,intel,8,4,2800,34.4,3.14.6,CPython,1,spawn,2.5.3,io,io_sleep,5751,48,0.3,seconds,normal,116,68,8,4,0,1,1,0,0.006453912499978287,0.0021195764205793038,0.12562202907141085,0.0008870588268643178,2.0414198122983827,0.0,0.0780691999998453,0.0006831999999121763,0.1481190999993487,0.7465297999997347,0.20471360000010463,0.20606039999984205,0.746530;0.746392;0.750330,0.205517;0.204714;0.204547,0.206690;0.206042;0.206060,,threading,2026-10-03T19:29:24+00:00
W8-00827,W8,n2-standard-8,Windows,2022Server,AMD64,Intel(R) Xeon(R) CPU @ 2.80GHz,intel,8,4,2800,34.4,3.14.6,CPython,1,spawn,2.5.3,recursive,rec_fib,565,36,0.8,seconds,normal,10169,55.95,8,16,0,4,0,0,4.3718205799279335e-05,1.0,0.5178877540342621,0.09744224257084817,0.9499806359873016,0.0,0.10467340000013792,0.0020741000062116655,0.24291790000006586,0.44717730000047595,0.4594007000005149,0.1368185999999696,0.447177;0.446408;0.447739,0.462150;0.458777;0.459401,0.137879;0.136495;0.136819,,multiprocessing,2026-10-03T19:29:28+00:00
W8-00828,W8,n2-standard-8,Windows,2022Server,AMD64,Intel(R) Xeon(R) CPU @ 2.80GHz,intel,8,4,2800,34.4,3.14.6,CPython,1,spawn,2.5.3,tiny,tiny_small_loop,178,35,0.8,seconds,normal,200000,54.15,8,8,0,0,0,0,1.1143499946228984e-06,1.0,0.5645031778755113,3.517745844463413,0.7649731200218828,0.0,0.00910699999985809,0.003031800009921426,0.1889547999999195,0.20929359999990993,0.22036600000046747,0.0900668999993286,0.209420;0.208430;0.209294,0.220366;0.219359;0.220520,0.096065;0.088941;0.090067,,multiprocessing,2026-10-03T19:29:30+00:00
W8-00829,W8,n2-standard-8,Windows,2022Server,AMD64,Intel(R) Xeon(R) CPU @ 2.80GHz,intel,8,4,2800,34.4,3.14.6,CPython,1,spawn,2.5.3,db,db_mem_group_by,553,69,0.8,ms,normal,125,88.85,8,8,1,2,1,0,0.0006814483870790179,1.0,0.36980981460242046,0.00512878182288295,0.8604152152292815,0.0,0.04600960000061605,0.00040050000097835436,0.1889547999999195,0.08377240000027086,0.38606650000019727,0.023228500000186614,0.083772;0.084426;0.083658,0.386067,0.023268;0.023165;0.023229,,multiprocessing,2026-10-03T19:29:31+00:00
W8-00830,W8,n2-standard-8,Windows,2022Server,AMD64,Intel(R) Xeon(R) CPU @ 2.80GHz,intel,8,4,2800,34.4,3.14.6,CPython,1,spawn,2.5.3,tiny,tiny_len,810,129,0.0,ms,normal,184517,149,8,2,0,0,0,0,1.6075000667115093e-07,1.0,0.4702576008738516,25.723171386224013,0.3586022546726502,0.0,0.00548499999968044,0.003362199986440828,0.132673000000068,0.015187900000455556,0.02043099999991682,0.12737789999937377,0.015513;0.015138;0.015188,0.021767;0.020431;0.020136,0.127378,,sequential,2026-10-03T19:29:32+00:00
W8-00831,W8,n2-standard-8,Windows,2022Server,AMD64,Intel(R) Xeon(R) CPU @ 2.80GHz,intel,8,4,2800,34.4,3.14.6,CPython,1,spawn,2.5.3,numpy,np_sort,81820,2888,0.3,ms,normal,8,2912.3333333333335,8,2,0,3,0,1,0.0035103000000162865,1.0,0.14516636141521558,0.0033900238077772316,1.4478812426057706,0.0,0.018712399999458285,0.00026590000015858095,0.132673000000068,0.026182300000073155,0.014987800000199059,0.01658270000007178,0.026182;0.026214;0.024911,0.014900;0.021190;0.014988,0.016583;0.016603;0.016108,,threading,2026-10-03T19:29:33+00:00
W8-00832,W8,n2-standard-8,Windows,2022Server,AMD64,Intel(R) Xeon(R) CPU @ 2.80GHz,intel,8,4,2800,34.4,3.14.6,CPython,1,spawn,2.5.3,gil_release,gil_zlib,2,214811,0.3,seconds,big,20,214833,8,16,1,1,0,1,0.012811875000352302,1.0,0.18996800250376325,0.0032684521256931883,2.1990633421417773,0.0,0.07578910000029282,0.000402899999244255,0.24291790000006586,0.2104921000000104,0.04397939999944356,0.04647509999995236,0.210492;0.210669;0.210367,0.042502;0.043979;0.044033,0.044185;0.046674;0.046475,,threading,2026-10-03T19:29:35+00:00
W8-00833,W8,n2-standard-8,Windows,2022Server,AMD64,Intel(R) Xeon(R) CPU @ 2.80GHz,intel,8,4,2800,34.4,3.14.6,CPython,1,spawn,2.5.3,mixed,mixed_json_roundtrip,2,280,0.8,seconds,normal,2894,302,8,4,1,1,1,0,0.00012314009900409934,0.6926023920595843,0.7027786156942276,0.03138701470983937,1.1333749868011682,0.0,0.09574869999960356,0.0018698000021686312,0.1481190999993487,0.3102146000001085,0.31807300000036776,0.1123503000007986,0.312420;0.308522;0.310215,0.316799;0.318073;0.319566,0.113826;0.112253;0.112350,,multiprocessing,2026-10-03T19:29:37+00:00
W8-00834,W8,n2-standard-8,Windows,2022Server,AMD64,Intel(R) Xeon(R) CPU @ 2.80GHz,intel,8,4,2800,34.4,3.14.6,CPython,1,spawn,2.5.3,algo_rec,algo_flood_fill,59,1231,0.0,ms,normal,8,1253,8,2,3,10,0,0,0.01853936666672477,1.0,0.021554697830994306,0.0005951300046135057,0.9181684374965847,0.0,0.1167304000000513,0.0014012999999977183,0.132673000000068,0.14732240000012098,0.15300360000037472,0.07709479999994073,0.147322;0.147253;0.148074,0.153635;0.152920;0.153004,0.077095;0.076554;0.077439,,multiprocessing,2026-10-03T19:29:39+00:00
W8-00835,W8,n2-standard-8,Windows,2022Server,AMD64,Intel(R) Xeon(R) CPU @ 2.80GHz,intel,8,4,2800,34.4,3.14.6,CPython,1,spawn,2.5.3,tiny,tiny_small_loop,57,128019,0.0,seconds,big,1562,128041,8,4,0,0,0,0,7.36923098324601e-07,1.0,0.21232875763893852,36.11638741651648,0.29686862049567525,0.0,0.0028197999999974854,0.0013437999914458487,0.1481190999993487,0.0008478999998260406,0.0014859000002616085,0.6180374000005031,0.001025;0.000848;0.000815,0.001893;0.001486;0.001303,0.618037,,sequential,2026-10-03T19:29:41+00:00
W8-00836,W8,n2-standard-8,Windows,2022Server,AMD64,Intel(R) Xeon(R) CPU @ 2.80GHz,intel,8,4,2800,34.4,3.14.6,CPython,1,spawn,2.5.3,big_payload,big_checksum_head,11518,505942,0.8,seconds,big,395,505965,8,16,1,1,0,0,0.0002685255102343425,1.0,0.4417925011146935,0.38329691592196724,0.9699590769476463,0.0,0.05586990000028891,0.0025232999978470616,0.24291790000006586,0.10211049999998068,0.1042913999999655,0.48996600000009494,0.100417;0.102110;0.102560,0.103658;0.105794;0.104291,0.481628;0.489966;0.492394,,sequential,2026-10-03T19:29:44+00:00
W8-00837,W8,n2-standard-8,Windows,2022Server,AMD64,Intel(R) Xeon(R) CPU @ 2.80GHz,intel,8,4,2800,34.4,3.14.6,CPython,1,spawn,2.5.3,recursive,rec_quicksort,455,297124,0.3,ms,big,56,297147,8,4,1,8,0,0,0.0005430571428145672,1.0,0.22003486340035117,0.11715420601207453,0.8858321870330879,0.0,0.017130700000052457,0.0011614000013651093,0.1481190999993487,0.02851639999971667,0.029475100000126986,0.03351840000050288,0.028516;0.028456;0.029514,0.029475;0.029096;0.029604,0.033518;0.032429;0.035825,,sequential,2026-10-03T19:29:45+00:00
W8-00838,W8,n2-standard-8,Windows,2022Server,AMD64,Intel(R) Xeon(R) CPU @ 2.80GHz,intel,8,4,2800,34.4,3.14.6,CPython,1,spawn,2.5.3,big_result,result_records,993,39,0.0,seconds,normal,14187,59,8,2,1,2,0,0,0.00039842063489910315,1.0,1.6117631243779624,1.1439668531799403,0.9933193821083979,0.0,0.11057520000031218,0.009673000003203924,0.132673000000068,11.101758800000425,10.167734599999676,12.137231800000336,11.193309;10.294505;11.101759,10.028258;11.644536;10.167735,13.794119;12.059775;12.137232,,threading,2026-10-03T19:31:28+00:00
W8-00839,W8,n2-standard-8,Windows,2022Server,AMD64,Intel(R) Xeon(R) CPU @ 2.80GHz,intel,8,4,2800,34.4,3.14.6,CPython,1,spawn,2.5.3,text,text_split_count,3,1541,0.8,ms,normal,57,1563,8,16,1,1,0,0,0.0002814142856420533,1.0,0.2885282757601078,0.015533783532518285,0.6871033999024229,12.5,0.01001890000043204,0.00037340000108088134,0.24291790000006586,0.018264600000293285,0.02010820000032254,0.006837199999608856,0.018241;0.018265;0.018322,0.020232;0.020108;0.019762,0.007834;0.006837;0.006744,,multiprocessing,2026-10-03T19:31:29+00:00
W8-00840,W8,n2-standard-8,Windows,2022Server,AMD64,Intel(R) Xeon(R) CPU @ 2.80GHz,intel,8,4,2800,34.4,3.14.6,CPython,1,spawn,2.5.3,db,db_file_lookup,67,50,0.8,seconds,normal,2065,69,8,16,1,5,1,0,0.0015761156250277963,1.0,0.41091253753404194,0.0022269939378279173,0.7267353506956267,0.0,0.1223853000001327,0.0016456999992442434,0.24291790000006586,3.9420635999995284,2.257831700000679,1.1835697000005894,3.970910;3.906661;3.942064,3.073933;2.202974;2.257832,1.327235;1.173465;1.183570,,multiprocessing,2026-10-03T19:31:53+00:00
W8-00841,W8,n2-standard-8,Windows,2022Server,AMD64,Intel(R) Xeon(R) CPU @ 2.80GHz,intel,8,4,2800,34.4,3.14.6,CPython,1,spawn,2.5.3,io,io_file_roundtrip,4,45469,0.3,ms,normal,8,45491,8,4,1,0,1,0,0.030913533333356707,0.07414913535215471,0.2640567520839407,0.0005833475398309394,1.7013351550302949,0.0,0.13745139999991807,0.00028759999986505136,0.1481190999993487,0.2196061999993617,0.0743451999996978,0.07448920000024373,0.223032;0.217870;0.219606,0.074345;0.073361;0.074829,0.074489;0.074078;0.075827,,threading,2026-10-03T19:31:54+00:00
W8-00842,W8,n2-standard-8,Windows,2022Server,AMD64,Intel(R) Xeon(R) CPU @ 2.80GHz,intel,8,4,2800,34.4,3.14.6,CPython,1,spawn,2.5.3,algo_iter,algo_game_of_life,2,612,0.3,ms,normal,9,634,8,16,5,9,0,0,0.001994666666481256,1.0,0.31947179322612435,0.033422459963759005,0.6160793975609375,0.0,0.01717629999984638,0.00037990000055287965,0.24291790000006586,0.024776100000053702,0.025890500000059546,0.008436799999799405,0.024776;0.024811;0.024744,0.025891;0.026122;0.025890,0.008384;0.008555;0.008437,,multiprocessing,2026-10-03T19:31:55+00:00
W8-00843,W8,n2-standard-8,Windows,2022Server,AMD64,Intel(R) Xeon(R) CPU @ 2.80GHz,intel,8,4,2800,34.4,3.14.6,CPython,1,spawn,2.5.3,cpu,cpu_matmul_lists,11,49,0.0,ms,normal,815,68,8,16,3,5,0,0,8.113497542267553e-05,1.0,0.032028334798012634,0.0467739092210312,0.9219402875966297,0.0,0.03513139999995474,0.0006464999887612066,0.24291790000006586,0.06596300000001065,0.06837240000004385,0.02180320000024949,0.065782;0.066313;0.065963,0.068372;0.068361;0.068891,0.021888;0.021803;0.021755,,multiprocessing,2026-10-03T19:31:56+00:00
W8-00844,W8,n2-standard-8,Windows,2022Server,AMD64,Intel(R) Xeon(R) CPU @ 2.80GHz,intel,8,4,2800,34.4,3.14.6,CPython,1,spawn,2.5.3,numpy,np_sort,649918,334,0.0,seconds,normal,100,359,8,16,0,3,0,1,0.02883836666690816,1.0,0.004489116213177238,0.0004565677048157577,1.428928046272312,0.0,0.1472447000005559,0.0002768000003925408,0.24291790000006586,2.8954667999996673,0.7952916999993249,0.7794324000005872,2.875879;2.895467;2.917651,0.781572;0.795292;0.805549,0.779432;0.805965;0.749968,,multiprocessing,2026-10-03T19:32:10+00:00
W8-00845,W8,n2-standard-8,Windows,2022Server,AMD64,Intel(R) Xeon(R) CPU @ 2.80GHz,intel,8,4,2800,34.4,3.14.6,CPython,1,spawn,2.5.3,tiny,tiny_small_loop,16,362,0.3,ms,normal,117028,384,8,8,0,0,0,0,4.3274997506159705e-07,1.0,0.39162789539521115,10.109763785150253,0.5638076671336261,0.0,0.006250700000236975,0.0029805000503984047,0.1889547999999195,0.036117900000135705,0.047539499999402324,0.13543339999978343,0.035223;0.036118;0.038442,0.046837;0.047539;0.048873,0.135433;0.136542;0.135326,,sequential,2026-10-03T19:32:12+00:00
W8-00846,W8,n2-standard-8,Windows,2022Server,AMD64,Intel(R) Xeon(R) CPU @ 2.80GHz,intel,8,4,2800,34.4,3.14.6,CPython,1,spawn,2.5.3,big_payload,big_reverse,3,2992820,0.0,ms,big,26,2992842,8,8,0,0,0,0,0.0016220666666413308,1.0,0.012933017202674606,1.8735666432793154,0.9099660749766839,0.0,0.03904989999955433,0.01860859999942477,0.1889547999999195,0.0446933999992325,0.04643670000041311,0.12805529999968712,0.044443;0.044693;0.044754,0.046409;0.046437;0.049874,0.128055;0.128274;0.126909,,sequential,2026-10-03T19:32:13+00:00
W8-00847,W8,n2-standard-8,Windows,2022Server,AMD64,Intel(R) Xeon(R) CPU @ 2.80GHz,intel,8,4,2800,34.4,3.14.6,CPython,1,spawn,2.5.3,recursive,rec_fib,17152,211365,0.8,ms,big,89,211388,8,4,0,4,0,0,0.0013734772727399434,1.0,0.33948389822447983,0.037248523139641374,0.9439701246589953,4.7,0.06314300000030926,0.0013278999995236518,0.1481190999993487,0.12333610000041517,0.12234670000088954,0.054670399999849906,0.121694;0.123885;0.123336,0.122347;0.122338;0.122391,0.056036;0.054134;0.054670,,multiprocessing,2026-10-03T19:32:15+00:00
W8-00848,W8,n2-standard-8,Windows,2022Server,AMD64,Intel(R) Xeon(R) CPU @ 2.80GHz,intel,8,4,2800,34.4,3.14.6,CPython,1,spawn,2.5.3,numpy,np_elementwise,471030,1572,0.3,ms,normal,8,1597,8,2,0,4,0,0,0.019754499999483716,1.0,0.0814122366277839,0.0006378293472207485,1.34391158827504,0.0,0.10413280000011582,0.0002832000018315739,0.132673000000068,0.16261560000020836,0.08973429999969085,0.08369820000007167,0.160839;0.162616;0.164529,0.089734;0.090419;0.089075,0.083476;0.083698;0.083846,,multiprocessing,2026-10-03T19:32:16+00:00
W8-00849,W8,n2-standard-8,Windows,2022Server,AMD64,Intel(R) Xeon(R) CPU @ 2.80GHz,intel,8,4,2800,34.4,3.14.6,CPython,1,spawn,2.5.3,recursive,rec_quicksort,1763,26,0.0,seconds,normal,428,46,8,2,1,8,0,0,0.0022710782609662956,1.0,0.024390454032741978,0.0016644075749486116,0.9583447025709692,2.7,0.10713089999990189,0.0004092999970453093,0.132673000000068,0.9501015000005282,0.9841394000004584,0.48218999999971857,0.947173;0.950102;0.955907,0.980479;0.984139;1.001692,0.481991;0.482190;0.491779,,multiprocessing,2026-10-03T19:32:24+00:00
W8-00850,W8,n2-standard-8,Windows,2022Server,AMD64,Intel(R) Xeon(R) CPU @ 2.80GHz,intel,8,4,2800,34.4,3.14.6,CPython,1,spawn,2.5.3,numpy,np_linalg_solve,31,514926,0.0,ms,big,8,514948,8,8,0,3,0,1,0.002233833333472527,1.0,0.017288499549858883,0.12479295688671001,1.2935360324355014,13.3,0.012941300000420597,0.0010592999997243169,0.1889547999999195,0.017543200000545767,0.007948800000121992,0.008478100000502309,0.017146;0.017543;0.017714,0.007431;0.007949;0.008111,0.009255;0.008359;0.008478,,threading,2026-10-03T19:32:25+00:00
W8-00851,W8,n2-standard-8,Windows,2022Server,AMD64,Intel(R) Xeon(R) CPU @ 2.80GHz,intel,8,4,2800,34.4,3.14.6,CPython,1,spawn,2.5.3,tiny,tiny_len,45,81,0.0,seconds,normal,200000,100,8,4,0,0,0,0,1.5954999344103272e-07,1.0,0.44091314188422415,23.973676514570815,0.41696252782081056,14.8,0.004995499999495223,0.0030153000125210383,0.1481190999993487,0.01791030000003957,0.021167099999729544,0.09099930000047607,0.017910;0.015435;0.018506,0.022164;0.021167;0.020445,0.090999,,sequential,2026-10-03T19:32:26+00:00
W8-00852,W8,n2-standard-8,Windows,2022Server,AMD64,Intel(R) Xeon(R) CPU @ 2.80GHz,intel,8,4,2800,34.4,3.14.6,CPython,1,spawn,2.5.3,gil_release,gil_sha256,86,251106,0.0,ms,big,8,251128,8,16,1,1,0,1,0.05287926666702939,0.9999839889742826,0.0013921618739907325,0.0021085768994563267,1.491930108957658,1.2,0.2655266000001575,0.0005808999994769692,0.24291790000006586,0.42387109999981476,0.10604890000013256,0.09595609999996668,0.423871;0.423498;0.423996,0.103036;0.111277;0.106049,0.095956;0.137484;0.095431,,multiprocessing,2026-10-03T19:32:28+00:00
W8-00853,W8,n2-standard-8,Windows,2022Server,AMD64,Intel(R) Xeon(R) CPU @ 2.80GHz,intel,8,4,2800,34.4,3.14.6,CPython,1,spawn,2.5.3,recursive,rec_tree_sum,1996,448,0.8,ms,normal,42,471,8,4,0,4,0,0,0.0006290499997703592,1.0,0.5513866961915759,0.008997694631827213,0.9803201820234178,15.2,0.013459400000101596,0.0002925000026152702,0.1481190999993487,0.02676289999999426,0.027795500000138418,0.011531800000739167,0.026003;0.027115;0.026763,0.028014;0.027796;0.027034,0.011532;0.012350;0.011530,,multiprocessing,2026-10-03T19:32:29+00:00
W8-00854,W8,n2-standard-8,Windows,2022Server,AMD64,Intel(R) Xeon(R) CPU @ 2.80GHz,intel,8,4,2800,34.4,3.14.6,CPython,1,spawn,2.5.3,tiny,tiny_small_loop,5,206028,0.3,seconds,big,970,206050,8,2,0,0,0,0,5.107437971688823e-07,1.0,0.3654737629584245,72.94263801560146,0.1881416153921406,11.7,0.002256199999465025,0.0013183000000935863,0.132673000000068,0.00029799999992974335,0.0006786000003558001,0.6495860000004541,0.000370;0.000298;0.000240,0.000820;0.000679;0.000554,0.649586,,sequential,2026-10-03T19:32:31+00:00
W8-00855,W8,n2-standard-8,Windows,2022Server,AMD64,Intel(R) Xeon(R) CPU @ 2.80GHz,intel,8,4,2800,34.4,3.14.6,CPython,1,spawn,2.5.3,mixed,mixed_parse_lines,2,1711,0.3,seconds,normal,5414,1733,8,8,2,3,1,0,0.0009448566037600307,0.1853800758795991,0.16193243511814923,0.004683250277630026,1.930220031486555,7.6,0.0766710999996576,0.000483400000121037,0.1889547999999195,5.198530900000151,1.1381619000003411,0.6076040999996621,5.198531,1.147885;1.138162;1.127849,0.607604;0.606927;0.609863,,multiprocessing,2026-10-03T19:32:42+00:00
W8-00856,W8,n2-standard-8,Windows,2022Server,AMD64,Intel(R) Xeon(R) CPU @ 2.80GHz,intel,8,4,2800,34.4,3.14.6,CPython,1,spawn,2.5.3,gil_release,gil_zlib,1,32682,0.0,seconds,normal,6119,32704,8,2,1,1,0,1,0.0007572939394969691,1.0,0.03558552809526515,0.014769694256214966,1.9114405403782264,0.0,0.07687679999980901,0.0006757999935871339,0.132673000000068,4.585038399999576,2.353769199999988,2.5715417000001253,4.585551;4.582255;4.585038,2.355256;2.353769;2.351660,2.581671;2.571542;2.567925,,threading,2026-10-03T19:33:12+00:00
W8-00857,W8,n2-standard-8,Windows,2022Server,AMD64,Intel(R) Xeon(R) CPU @ 2.80GHz,intel,8,4,2800,34.4,3.14.6,CPython,1,spawn,2.5.3,gil_release,gil_bz2,5,300000,0.3,ms,big,63,300022,8,2,0,1,0,1,0.0012515466666930782,1.0,0.0926290105509303,0.0569695098753017,1.763014414236593,0.8,0.03087000000050466,0.001358000000436732,0.132673000000068,0.07801870000002964,0.04083160000027419,0.059676699999727134,0.078019;0.077439;0.078026,0.040800;0.041043;0.040832,0.061042;0.059677;0.058757,,threading,2026-10-03T19:33:13+00:00
W8-00858,W8,n2-standard-8,Windows,2022Server,AMD64,Intel(R) Xeon(R) CPU @ 2.80GHz,intel,8,4,2800,34.4,3.14.6,CPython,1,spawn,2.5.3,big_payload,big_checksum_head,218,146310,0.3,ms,big,1366,146332.2,8,4,1,1,0,0,5.632551283723418e-06,1.0,0.18142483635262222,6.086051999013917,0.6949957505196197,0.0,0.006285600000410341,0.001400400012244063,0.1481190999993487,0.0074525999998513726,0.008368700000573881,0.624163800000133,0.007618;0.007453;0.007271,0.008370;0.008369;0.008288,0.624164,,sequential,2026-10-03T19:33:15+00:00
W8-00859,W8,n2-standard-8,Windows,2022Server,AMD64,Intel(R) Xeon(R) CPU @ 2.80GHz,intel,8,4,2800,34.4,3.14.6,CPython,1,spawn,2.5.3,algo_iter,algo_game_of_life,7,39,0.0,ms,normal,8,58,8,16,5,9,0,0,0.009396999999808031,1.0,0.008373875106335126,0.00608704908006726,0.923594895904559,0.0,0.05903570000009495,0.0003690000003189198,0.24291790000006586,0.07501130000036937,0.07743940000000293,0.021586099999694852,0.075011;0.075146;0.074833,0.077793;0.076952;0.077439,0.030802;0.021586;0.021531,,multiprocessing,2026-10-03T19:33:16+00:00
W8-00860,W8,n2-standard-8,Windows,2022Server,AMD64,Intel(R) Xeon(R) CPU @ 2.80GHz,intel,8,4,2800,34.4,3.14.6,CPython,1,spawn,2.5.3,recursive,rec_nqueens,1,375717,0.3,seconds,big,532,375739,8,8,1,10,0,0,0.0001500834586384139,1.0,0.04194471963329463,0.4985559416461485,0.9253701829593795,0.0,0.04372799999964627,0.0021171000007598195,0.1889547999999195,0.08086920000005193,0.08423990000028425,0.5866548999993029,0.079471;0.080869;0.082255,0.084240;0.082668;0.084848,0.586655,,sequential,2026-10-03T19:33:18+00:00
W8-00861,W8,n2-standard-8,Windows,2022Server,AMD64,Intel(R) Xeon(R) CPU @ 2.80GHz,intel,8,4,2800,34.4,3.14.6,CPython,1,spawn,2.5.3,numpy,np_fft,38332,425,0.3,seconds,normal,77,448,8,16,0,0,0,1,0.004884754545607641,1.0,0.5871014104908847,0.0011036192632312577,1.8226680360196703,2.3,0.0852006999994046,0.00033349999739584746,0.24291790000006586,0.35369879999961995,0.0892174000000523,0.09437010000056034,0.353699;0.355016;0.352102,0.090639;0.089217;0.087933,0.102473;0.094370;0.091641,,threading,2026-10-03T19:33:20+00:00
W8-00862,W8,n2-standard-8,Windows,2022Server,AMD64,Intel(R) Xeon(R) CPU @ 2.80GHz,intel,8,4,2800,34.4,3.14.6,CPython,1,spawn,2.5.3,mixed,mixed_parse_lines,13,1413,0.0,seconds,normal,515,1435,8,2,2,3,1,0,0.0015659218751125081,0.5386613345194078,0.11697532153583168,0.0029184086911960496,1.517595866021796,8.2,0.08350390000032348,0.000460899997051456,0.132673000000068,0.7687657000005856,0.5008734000002733,0.38972610000018904,0.767394;0.773237;0.768766,0.500873;0.502110;0.498643,0.389891;0.389726;0.384381,,multiprocessing,2026-10-03T19:33:26+00:00
W8-00863,W8,n2-standard-8,Windows,2022Server,AMD64,Intel(R) Xeon(R) CPU @ 2.80GHz,intel,8,4,2800,34.4,3.14.6,CPython,1,spawn,2.5.3,algo_rec,algo_sudoku,1,662271,0.3,seconds,big,301,662293,8,4,3,28,0,0,0.0012854358973737152,1.0,2.573034744780497,0.32878730150088936,1.4311479701395415,0.0,0.09454289999939647,0.00891460000184452,0.1481190999993487,0.2723558999996385,0.2786346000002595,0.5441912000005686,0.272141;0.272356;0.274161,0.278635;0.278162;0.286190,0.544469;0.536887;0.544191,,sequential,2026-10-03T19:33:30+00:00
W8-00864,W8,n2-standard-8,Windows,2022Server,AMD64,Intel(R) Xeon(R) CPU @ 2.80GHz,intel,8,4,2800,34.4,3.14.6,CPython,1,spawn,2.5.3,numpy,np_linalg_solve,321,158,0.8,ms,normal,28,177.57142857142858,8,2,0,3,0,1,0.004603928571538875,1.0,0.812787175829356,0.0014769994715647407,1.160805827559657,0.0,0.054689999999936845,0.0003324999988763011,0.132673000000068,0.10398889999942185,0.07832409999991796,0.06488030000036815,0.103989;0.102725;0.104605,0.078324;0.084661;0.077059,0.066800;0.064880;0.064459,,multiprocessing,2026-10-03T19:33:32+00:00
W8-00865,W8,n2-standard-8,Windows,2022Server,AMD64,Intel(R) Xeon(R) CPU @ 2.80GHz,intel,8,4,2800,34.4,3.14.6,CPython,1,spawn,2.5.3,numpy,np_linalg_solve,67,326,0.8,seconds,normal,2310,348,8,8,0,3,0,1,9.534952015321721e-05,1.0,0.5117034327808214,0.048820381766926,0.7569242113474745,0.0,0.11687919999985752,0.001512400000137859,0.1889547999999195,0.21117299999968964,0.39965419999953156,0.05621289999999135,0.211173;0.213669;0.209271,0.399654,0.056434;0.056213;0.055052,,multiprocessing,2026-10-03T19:33:33+00:00
W8-00866,W8,n2-standard-8,Windows,2022Server,AMD64,Intel(R) Xeon(R) CPU @ 2.80GHz,intel,8,4,2800,34.4,3.14.6,CPython,1,spawn,2.5.3,numpy,np_elementwise,11120,6004,0.3,seconds,normal,890,6027,8,2,0,4,0,0,0.0003431623287898929,1.0,0.16856433182540903,0.015939978205606685,1.7594116065611878,0.0,0.07927759999984119,0.0006985999971220735,0.132673000000068,0.2982614000002286,0.16643789999943692,0.15623129999949015,0.298204;0.298261;0.300805,0.167485;0.166438;0.164196,0.156231;0.156949;0.155949,,multiprocessing,2026-10-03T19:33:36+00:00
W8-00867,W8,n2-standard-8,Windows,2022Server,AMD64,Intel(R) Xeon(R) CPU @ 2.80GHz,intel,8,4,2800,34.4,3.14.6,CPython,1,spawn,2.5.3,mixed,mixed_json_roundtrip,344,315113,0.3,seconds,big,160,315135.8333333333,8,16,1,1,1,0,0.009573266666848212,0.9110682327575695,0.118436110933069,0.00964665493742717,0.9354725597587448,0.0,0.1171795000000202,0.0008111999995890073,0.24291790000006586,1.6165164000003642,1.524876999999833,0.42581909999989875,1.616516;1.628779;1.614512,1.524877;1.525484;1.516248,0.424425;0.427716;0.425819,,multiprocessing,2026-10-03T19:33:47+00:00
W8-00868,W8,n2-standard-8,Windows,2022Server,AMD64,Intel(R) Xeon(R) CPU @ 2.80GHz,intel,8,4,2800,34.4,3.14.6,CPython,1,spawn,2.5.3,io,io_sleep_chunks,807,1244007,0.0,ms,big,20,1244030,8,8,1,1,1,0,0.0038684199998897384,0.014160895590328916,0.017200242141965236,0.2048226407851803,1.6340812547134116,0.0,0.035624099999949976,0.004280600000129198,0.1889547999999195,0.07796159999998054,0.012200900000607362,0.043892099999538914,0.077962,0.012220;0.012201;0.012184,0.043577;0.044434;0.043892,,threading,2026-10-03T19:33:48+00:00
W8-00869,W8,n2-standard-8,Windows,2022Server,AMD64,Intel(R) Xeon(R) CPU @ 2.80GHz,intel,8,4,2800,34.4,3.14.6,CPython,1,spawn,2.5.3,gil_release,gil_sha256,13,23743,0.3,seconds,normal,2408,23765,8,16,1,1,0,1,0.0007930904762721934,1.0,0.17641391738001644,0.012426072987618598,1.9478902707938532,0.0,0.07625819999975647,0.0006191999946167925,0.24291790000006586,1.8835151000002952,0.41625010000007023,0.43542749999960506,1.884727;1.883238;1.883515,0.416250;0.414235;0.416734,0.434949;0.438993;0.435427,,threading,2026-10-03T19:33:57+00:00
W8-00870,W8,n2-standard-8,Windows,2022Server,AMD64,Intel(R) Xeon(R) CPU @ 2.80GHz,intel,8,4,2800,34.4,3.14.6,CPython,1,spawn,2.5.3,gil_release,gil_numpy_matmul,371,62997,0.3,ms,normal,37,63020,8,16,0,2,0,1,0.0023546222222042465,1.0,0.3936159621765729,0.007125464815698135,1.2071625129370374,0.0,0.0387644000002183,0.0004622000005838345,0.24291790000006586,0.11354930000015884,0.03387060000022757,0.0341087000006155,0.113549;0.111267;0.115085,0.034639;0.033871;0.030452,0.034675;0.032689;0.034109,,threading,2026-10-03T19:33:58+00:00
W8-00871,W8,n2-standard-8,Windows,2022Server,AMD64,Intel(R) Xeon(R) CPU @ 2.80GHz,intel,8,4,2800,34.4,3.14.6,CPython,1,spawn,2.5.3,gil_release,gil_zlib,4,79278,0.0,ms,normal,26,79300,8,16,1,1,0,1,0.008152549999673889,1.0,0.013798058131526153,0.00442601799055901,1.8773089709190893,0.0,0.0753430999993725,0.0004619000010279706,0.24291790000006586,0.2106976000004579,0.0399611000002551,0.04214869999941584,0.210698,0.039961;0.038926;0.040351,0.044868;0.042149;0.041955,,threading,2026-10-03T19:33:59+00:00
W8-00872,W8,n2-standard-8,Windows,2022Server,AMD64,Intel(R) Xeon(R) CPU @ 2.80GHz,intel,8,4,2800,34.4,3.14.6,CPython,1,spawn,2.5.3,cpu,cpu_count_primes,1169,274,0.3,ms,normal,203,297,8,4,2,4,0,0,0.00035145199984981445,1.0,0.2086495916954984,0.012505264000905333,0.9120963252331831,0.0,0.03725829999984853,0.0004115000074307318,0.1481190999993487,0.07184440000037284,0.07371899999998277,0.029733600000326987,0.071775;0.071844;0.071931,0.073059;0.073719;0.074213,0.020126;0.029773;0.029734,,multiprocessing,2026-10-03T19:34:01+00:00
W8-00873,W8,n2-standard-8,Windows,2022Server,AMD64,Intel(R) Xeon(R) CPU @ 2.80GHz,intel,8,4,2800,34.4,3.14.6,CPython,1,spawn,2.5.3,numpy,np_fft,18383,6229,0.0,seconds,normal,880,6252,8,16,0,0,0,1,0.0016227032258557888,1.0,0.05115260746840452,0.004168969307453185,1.817878413282075,0.0,0.07830199999989418,0.0004935999977533356,0.24291790000006586,1.4209031999998842,0.40877809999983583,0.6343178000006446,1.412929;1.420903;1.431909,0.408778;0.401318;0.408845,0.634318;0.633561;0.636665,,threading,2026-10-03T19:34:08+00:00
W8-00874,W8,n2-standard-8,Windows,2022Server,AMD64,Intel(R) Xeon(R) CPU @ 2.80GHz,intel,8,4,2800,34.4,3.14.6,CPython,1,spawn,2.5.3,text,text_format_report,47,1153,0.3,ms,normal,287,1175,8,8,1,2,0,0,6.486338022536792e-05,1.0,0.17423725100136778,0.06498273858425244,0.775814693235745,3.4,0.0110303000001295,0.00043960000402876176,0.1889547999999195,0.019295400000373775,0.019979499999863037,0.00623989999985497,0.019295;0.019449;0.018909,0.019979;0.020338;0.019931,0.006414;0.006240;0.006202,,multiprocessing,2026-10-03T19:34:09+00:00
W8-00875,W8,n2-standard-8,Windows,2022Server,AMD64,Intel(R) Xeon(R) CPU @ 2.80GHz,intel,8,4,2800,34.4,3.14.6,CPython,1,spawn,2.5.3,algo_rec,algo_merge_sort,1724,436,0.8,ms,normal,8,459,8,8,1,10,0,0,0.005155200000141728,1.0,0.11124222799277984,0.029310210997018832,1.3395696956483267,0.0,0.02710930000012013,0.0006659999990006327,0.1889547999999195,0.035640300000522984,0.03703529999984312,0.013027099999817437,0.035172;0.035640;0.035867,0.037358;0.036490;0.037035,0.012932;0.013027;0.013473,,multiprocessing,2026-10-03T19:34:10+00:00
W8-00876,W8,n2-standard-8,Windows,2022Server,AMD64,Intel(R) Xeon(R) CPU @ 2.80GHz,intel,8,4,2800,34.4,3.14.6,CPython,1,spawn,2.5.3,numpy,np_elementwise,1887,238,0.0,seconds,normal,39289,258,8,8,0,4,0,0,6.619147803241949e-05,1.0,0.06545287878385933,0.05899550847403328,1.3188844591497924,0.0,0.08938010000019858,0.0016181999981199624,0.1889547999999195,2.5843667999997706,3.648087000000487,0.6459248999999545,2.584541;2.578388;2.584367,3.648087,0.646626;0.629382;0.645925,,multiprocessing,2026-10-03T19:34:24+00:00
W8-00877,W8,n2-standard-8,Windows,2022Server,AMD64,Intel(R) Xeon(R) CPU @ 2.80GHz,intel,8,4,2800,34.4,3.14.6,CPython,1,spawn,2.5.3,text,text_csv_parse,6,401,0.0,seconds,normal,407,423,8,2,2,3,0,0,0.0016782699999869995,1.0,0.018406694269273324,0.0025442866758532173,0.9933890187604407,9.5,0.10247239999989688,0.0014862000007269671,0.132673000000068,0.683364900000015,0.679471100000228,0.34432680000008986,0.684588;0.679995;0.683365,0.679471;0.670699;0.688350,0.416934;0.341931;0.344327,,multiprocessing,2026-10-03T19:34:40+00:00
W8-00878,W8,n2-standard-8,Windows,2022Server,AMD64,Intel(R) Xeon(R) CPU @ 2.80GHz,intel,8,4,2800,34.4,3.14.6,CPython,1,spawn,2.5.3,mixed,mixed_json_roundtrip,157,1942677,0.8,seconds,big,87,1942699.0909090908,8,8,1,1,1,0,0.004645300000034199,0.8424741728486155,0.3552538084718975,0.2180013816381859,1.1799495487919578,1.2,0.10499470000013389,0.011521899999934249,0.1889547999999195,0.43053280000003724,0.3725211999999374,0.3600019000004977,0.428524;0.430533;0.432413,0.372521;0.371556;0.373150,0.360002;0.370585;0.354041,,multiprocessing,2026-10-03T19:34:44+00:00
W8-00879,W8,n2-standard-8,Windows,2022Server,AMD64,Intel(R) Xeon(R) CPU @ 2.80GHz,intel,8,4,2800,34.4,3.14.6,CPython,1,spawn,2.5.3,recursive,rec_nqueens,13,90,0.3,seconds,normal,3387,109,8,8,1,10,0,0,0.0020356039999751374,1.0,0.18032474624444905,0.0018962431328795565,1.0272428491993628,0.0,0.10112759999992704,0.0003823000006377697,0.1889547999999195,6.4397151999992275,6.678909800000838,1.7686486000002333,6.607690;6.439715;6.423346,6.678910;6.677367;6.707779,1.759712;1.775816;1.768649,,multiprocessing,2026-10-03T19:35:30+00:00
W8-00880,W8,n2-standard-8,Windows,2022Server,AMD64,Intel(R) Xeon(R) CPU @ 2.80GHz,intel,8,4,2800,34.4,3.14.6,CPython,1,spawn,2.5.3,big_payload,big_reverse,2,152856,0.0,seconds,big,1308,152878,8,16,0,0,0,0,0.00010558287463736466,1.0,0.13339880082429112,0.4732301526333059,0.9535642081903114,0.0,0.0728940999997576,0.0019266999934188789,0.24291790000006586,0.15135430000009364,0.161692700000458,0.6533699999999953,0.151354;0.147254;0.155590,0.161063;0.164778;0.161693,0.636039;0.660596;0.653370,,sequential,2026-10-03T19:35:34+00:00
W8-00881,W8,n2-standard-8,Windows,2022Server,AMD64,Intel(R) Xeon(R) CPU @ 2.80GHz,intel,8,4,2800,34.4,3.14.6,CPython,1,spawn,2.5.3,algo_iter,algo_dijkstra,707,189,0.0,ms,normal,15,209,8,16,2,15,0,0,0.001708433333078574,1.0,0.039824645000344557,0.0049753184284856075,0.6898751675201493,4.7,0.01263939999989816,0.00021740000101999613,0.24291790000006586,0.02449609999985114,0.02710380000007717,0.008737299999665993,0.024496;0.024603;0.024402,0.027104;0.026648;0.027243,0.011444;0.008737;0.008184,,multiprocessing,2026-10-03T19:35:35+00:00
W8-00882,W8,n2-standard-8,Windows,2022Server,AMD64,Intel(R) Xeon(R) CPU @ 2.80GHz,intel,8,4,2800,34.4,3.14.6,CPython,1,spawn,2.5.3,big_payload,big_count_byte,36,1205153,0.8,ms,big,72,1205175,8,16,0,1,0,0,0.0007202222222986165,1.0,0.005075758015377907,1.0425100279002837,0.924686387548488,0.8,0.04094379999969533,0.013888499997847248,0.24291790000006586,0.0518274999994901,0.053313199999138305,0.1398706999998467,0.051766;0.051827;0.052044,0.053916;0.053267;0.053313,0.139979;0.139871;0.139120,,sequential,2026-10-03T19:35:36+00:00
W8-00883,W8,n2-standard-8,Windows,2022Server,AMD64,Intel(R) Xeon(R) CPU @ 2.80GHz,intel,8,4,2800,34.4,3.14.6,CPython,1,spawn,2.5.3,io,io_sleep,401,117,0.8,ms,normal,159,136.8,8,4,0,1,1,0,0.0011098358974357746,0.009301998532585298,0.20278726484172646,0.004023117367961066,2.1592695211665065,2.3,0.06397760000072594,0.00043420000110927504,0.1481190999993487,0.1780545000001439,0.04536099999950238,0.039691799999673094,0.178065;0.178009;0.178055,0.045361;0.045406;0.045076,0.039708;0.039563;0.039692,,multiprocessing,2026-10-03T19:35:37+00:00
W8-00884,W8,n2-standard-8,Windows,2022Server,AMD64,Intel(R) Xeon(R) CPU @ 2.80GHz,intel,8,4,2800,34.4,3.14.6,CPython,1,spawn,2.5.3,recursive,rec_quicksort,1747,93,0.8,seconds,normal,207,113,8,2,1,8,0,0,0.0020555160000003524,1.0,0.49072522120587964,0.0018316568781190643,0.8418721320288307,0.0,0.11426790000041365,0.0003989000006185961,0.132673000000068,0.46492489999945974,0.4813552999994499,0.25095950000013545,0.464170;0.466952;0.464925,0.477395;0.481355;0.481897,0.250960;0.249848;0.252106,,multiprocessing,2026-10-03T19:35:42+00:00
W8-00885,W8,n2-standard-8,Windows,2022Server,AMD64,Intel(R) Xeon(R) CPU @ 2.80GHz,intel,8,4,2800,34.4,3.14.6,CPython,1,spawn,2.5.3,tiny,tiny_len,462,56,0.3,ms,normal,182164,76,8,16,0,0,0,0,1.5430000030391966e-07,1.0,0.4490792812624733,25.72909873976365,0.3135165882521124,0.0,0.005157300000064424,0.0029679999988729833,0.24291790000006586,0.01364209999974264,0.019801400000687863,0.053142599999773665,0.013936;0.013450;0.013642,0.019801;0.019421;0.020511,0.055317;0.053143;0.052979,,sequential,2026-10-03T19:35:43+00:00
W8-00886,W8,n2-standard-8,Windows,2022Server,AMD64,Intel(R) Xeon(R) CPU @ 2.80GHz,intel,8,4,2800,34.4,3.14.6,CPython,1,spawn,2.5.3,numpy,np_sort,2705,535,0.3,ms,normal,1975,558,8,4,0,3,0,1,0.00012019180721836164,1.0,0.16042667388202755,0.03735695624300406,1.6127175245544338,0.0,0.08214920000045822,0.0011264000049777678,0.1481190999993487,0.2354970999995203,0.1092276999997921,0.10151979999955074,0.235710;0.235497;0.234893,0.109564;0.109228;0.106585,0.101520;0.100488;0.104161,,multiprocessing,2026-10-03T19:35:45+00:00
W8-00887,W8,n2-standard-8,Windows,2022Server,AMD64,Intel(R) Xeon(R) CPU @ 2.80GHz,intel,8,4,2800,34.4,3.14.6,CPython,1,spawn,2.5.3,tiny,tiny_small_loop,1,63,0.3,ms,normal,200000,82,8,8,0,0,0,0,2.578000030553085e-07,1.0,0.6543770994699701,14.934057348494667,0.4361830838781458,0.0,0.005524100000002363,0.002916899994488631,0.1889547999999195,0.03762249999999767,0.04426729999977397,0.05847139999968931,0.037651;0.036103;0.037622,0.044267;0.047008;0.044202,0.058501;0.056503;0.058471,,sequential,2026-10-03T19:35:46+00:00
W8-00888,W8,n2-standard-8,Windows,2022Server,AMD64,Intel(R) Xeon(R) CPU @ 2.80GHz,intel,8,4,2800,34.4,3.14.6,CPython,1,spawn,2.5.3,cpu,cpu_matmul_lists,6,371762,0.0,seconds,big,537,371784,8,8,3,5,0,0,1.8238059666729704e-05,1.0,0.055927462517522085,3.8326445492897236,0.7861919011736335,0.0,0.007497400000829657,0.0018366000058449572,0.1889547999999195,0.009634899999582558,0.010500000000320142,0.5827908000001116,0.009686;0.009635;0.009597,0.010775;0.010500;0.010237,0.582791,,sequential,2026-10-03T19:35:47+00:00
W8-00889,W8,n2-standard-8,Windows,2022Server,AMD64,Intel(R) Xeon(R) CPU @ 2.80GHz,intel,8,4,2800,34.4,3.14.6,CPython,1,spawn,2.5.3,recursive,rec_nqueens,5,26,0.8,seconds,normal,561,45,8,16,1,10,0,0,0.0007697469697191219,1.0,0.4725149353936138,0.004956173917650316,0.9628118530200048,0.0,0.10366609999982757,0.0004397999991851975,0.24291790000006586,0.41450629999962985,0.4303531000005023,0.11601210000026185,0.413508;0.415629;0.414506,0.426354;0.430742;0.430353,0.114933;0.116301;0.116012,,multiprocessing,2026-10-03T19:35:51+00:00
W8-00890,W8,n2-standard-8,Windows,2022Server,AMD64,Intel(R) Xeon(R) CPU @ 2.80GHz,intel,8,4,2800,34.4,3.14.6,CPython,1,spawn,2.5.3,recursive,rec_quicksort,65,621,0.0,seconds,normal,7830,643,8,2,1,8,0,0,5.617096047575676e-05,1.0,0.15207174659073674,0.08233792107814297,0.9505210312444132,0.0,0.10413410000001022,0.0016835999786053435,0.132673000000068,0.4353903999999602,0.45196229999965,0.22520280000026105,0.435390;0.437136;0.433569,0.450637;0.453752;0.451962,0.226309;0.223267;0.225203,,multiprocessing,2026-10-03T19:35:55+00:00
W8-00891,W8,n2-standard-8,Windows,2022Server,AMD64,Intel(R) Xeon(R) CPU @ 2.80GHz,intel,8,4,2800,34.4,3.14.6,CPython,1,spawn,2.5.3,recursive,rec_fib,266,231,0.0,ms,normal,3079,251,8,2,0,4,0,0,2.413511054101332e-05,1.0,0.03349018586208772,0.19991621888866293,0.9139424078257717,0.0,0.04069519999939075,0.0014287999938460416,0.132673000000068,0.0751946999998836,0.07778500000040367,0.040503599999283324,0.074742;0.075195;0.075207,0.078457;0.077785;0.076977,0.040504;0.040618;0.038796,,multiprocessing,2026-10-03T19:35:56+00:00
W8-00892,W8,n2-standard-8,Windows,2022Server,AMD64,Intel(R) Xeon(R) CPU @ 2.80GHz,intel,8,4,2800,34.4,3.14.6,CPython,1,spawn,2.5.3,algo_iter,algo_game_of_life,4,644,0.3,ms,normal,8,666,8,16,5,9,0,0,0.005553933333430905,1.0,0.1970993977305668,0.011625394598636197,1.0626519431852597,0.0,0.03463830000055168,0.00039290000040637096,0.24291790000006586,0.04186310000022786,0.043098200000713405,0.013016200000492972,0.041686;0.041962;0.041863,0.043098;0.042996;0.043147,0.013016;0.012749;0.013877,,multiprocessing,2026-10-03T19:35:57+00:00
W8-00893,W8,n2-standard-8,Windows,2022Server,AMD64,Intel(R) Xeon(R) CPU @ 2.80GHz,intel,8,4,2800,34.4,3.14.6,CPython,1,spawn,2.5.3,gil_release,gil_sha256,66,39303,0.8,seconds,normal,264,39325,8,16,1,1,0,1,0.0070381874999156935,1.0,0.41105415963126174,0.0016623598315056937,1.84084552578403,0.0,0.08862070000031963,0.0003781000013987068,0.24291790000006586,1.8081874999998035,0.396364100000028,0.4071512000000439,1.808073;1.808187;1.809264,0.401337;0.396364;0.393891,0.399322;0.407151;0.408621,,threading,2026-10-03T19:36:05+00:00
W8-00894,W8,n2-standard-8,Windows,2022Server,AMD64,Intel(R) Xeon(R) CPU @ 2.80GHz,intel,8,4,2800,34.4,3.14.6,CPython,1,spawn,2.5.3,big_payload,big_reverse,2,192210,0.3,ms,big,1033,192232,8,2,0,0,0,0,0.00012543333332359907,1.0,0.1305536742700835,0.5057666743596674,0.9018043247462822,0.0,0.07048359999953391,0.0020444000019779196,0.132673000000068,0.14651799999955983,0.1462563000004593,0.8656525000005786,0.146518;0.146163;0.154923,0.146256;0.143202;0.156161,0.865653,,threading,2026-10-03T19:36:08+00:00
W8-00895,W8,n2-standard-8,Windows,2022Server,AMD64,Intel(R) Xeon(R) CPU @ 2.80GHz,intel,8,4,2800,34.4,3.14.6,CPython,1,spawn,2.5.3,db,db_file_lookup,383,365,0.3,seconds,normal,743,388,8,2,1,5,1,0,0.009465233333533737,1.0,0.09275514082881892,0.0006268554754027741,1.0374532004877213,4.5,0.11016670000026352,0.00026809999872057233,0.132673000000068,7.183794100000341,4.471262599999136,4.2061892000001535,7.183794;7.187136;7.168969,4.481320;4.435066;4.471263,4.176911;4.206189;4.243618,,multiprocessing,2026-10-03T19:36:56+00:00
W8-00896,W8,n2-standard-8,Windows,2022Server,AMD64,Intel(R) Xeon(R) CPU @ 2.80GHz,intel,8,4,2800,34.4,3.14.6,CPython,1,spawn,2.5.3,algo_rec,algo_lcs_memo,8,27,0.3,ms,normal,8,46,8,4,1,10,0,0,0.017280833333643386,1.0,0.0951189050539899,0.000621112014708768,0.932468885679325,0.0,0.1109956999998758,0.0002600999987407704,0.1481190999993487,0.1469517999994423,0.15103419999923062,0.04108639999958541,0.146952;0.146947;0.147888,0.152329;0.150507;0.151034,0.041129;0.041086;0.040553,,multiprocessing,2026-10-03T19:36:58+00:00
W8-00897,W8,n2-standard-8,Windows,2022Server,AMD64,Intel(R) Xeon(R) CPU @ 2.80GHz,intel,8,4,2800,34.4,3.14.6,CPython,1,spawn,2.5.3,tiny,tiny_dict_lookup,57,62,0.0,ms,normal,200000,81,8,4,0,1,0,0,2.5125000092884874e-07,1.0,0.4046890346423918,14.925372883097923,0.42072318354753646,0.0,0.00555869999971037,0.002981999997246021,0.1481190999993487,0.03441529999963677,0.042751800000587536,0.07842950000031124,0.034415;0.034256;0.034784,0.043257;0.042219;0.042752,0.078430;0.082843;0.077249,,sequential,2026-10-03T19:36:59+00:00
W8-00898,W8,n2-standard-8,Windows,2022Server,AMD64,Intel(R) Xeon(R) CPU @ 2.80GHz,intel,8,4,2800,34.4,3.14.6,CPython,1,spawn,2.5.3,algo_rec,algo_merge_sort,340,41,0.0,ms,normal,48,61,8,8,1,10,0,0,0.0005495666666774923,1.0,0.055719878463653894,0.04107781834004901,0.9577959564458878,0.4,0.01402689999940776,0.0005237999994278653,0.1889547999999195,0.02526690000013332,0.026597700000820623,0.008561800000279618,0.025267;0.025231;0.025268,0.026942;0.026093;0.026598,0.008620;0.008547;0.008562,,multiprocessing,2026-10-03T19:37:00+00:00
W8-00899,W8,n2-standard-8,Windows,2022Server,AMD64,Intel(R) Xeon(R) CPU @ 2.80GHz,intel,8,4,2800,34.4,3.14.6,CPython,1,spawn,2.5.3,gil_release,gil_sha256,121,10587,0.8,ms,normal,8,10609,8,4,1,1,0,1,0.004000866666804844,1.0,0.14387341437887777,0.0035575625654261285,2.320369184699134,0.0,0.017925900000591355,0.00023460000011255033,0.1481190999993487,0.02775480000036623,0.010414899999886984,0.010483799999747134,0.027922;0.027747;0.027755,0.010396;0.010415;0.011110,0.010484;0.012687;0.010352,,threading,2026-10-03T19:37:01+00:00
W8-00900,W8,n2-standard-8,Windows,2022Server,AMD64,Intel(R) Xeon(R) CPU @ 2.80GHz,intel,8,4,2800,34.4,3.14.6,CPython,1,spawn,2.5.3,tiny,tiny_small_loop,3,280,0.3,seconds,normal,200000,302,8,4,0,0,0,0,3.17749992973404e-07,1.0,0.3703721298934196,12.871754500643577,0.5025528527414386,0.0,0.005769000000327651,0.002999300014380424,0.1481190999993487,0.042198000000098546,0.05529350000051636,0.22721369999999297,0.042093;0.043070;0.042198,0.053788;0.055294;0.056571,0.227214,,sequential,2026-10-03T19:37:02+00:00
W8-00901,W8,n2-standard-8,Windows,2022Server,AMD64,Intel(R) Xeon(R) CPU @ 2.80GHz,intel,8,4,2800,34.4,3.14.6,CPython,1,spawn,2.5.3,io,io_sleep,1279,1327,0.3,seconds,normal,1976,1350,8,8,0,1,1,0,0.00192788888883418,0.00801006077685685,0.14699856384619894,0.002383436099281466,1.9289847894834173,0.8,0.07964910000009695,0.00044290000187174883,0.1889547999999195,3.8952393999998094,0.4691579999998794,0.4653404999999111,3.895239,0.469157;0.469158;0.471162,0.469471;0.464372;0.465340,,multiprocessing,2026-10-03T19:37:09+00:00
W8-00902,W8,n2-standard-8,Windows,2022Server,AMD64,Intel(R) Xeon(R) CPU @ 2.80GHz,intel,8,4,2800,34.4,3.14.6,CPython,1,spawn,2.5.3,cpu,cpu_matmul_lists,10,266045,0.3,ms,big,222,266067,8,4,3,5,0,0,7.152909081262558e-05,1.0,0.4416942046752327,0.6686090849563898,0.8639987253986436,0.0,0.009877299999971001,0.0012941000059072394,0.1481190999993487,0.014877599999636004,0.015722599999207887,0.1451457000002847,0.015004;0.014878;0.014876,0.015723;0.015462;0.015900,0.145146,,sequential,2026-10-03T19:37:10+00:00
W8-00903,W8,n2-standard-8,Windows,2022Server,AMD64,Intel(R) Xeon(R) CPU @ 2.80GHz,intel,8,4,2800,34.4,3.14.6,CPython,1,spawn,2.5.3,algo_iter,algo_kmeans,86,890844,0.3,seconds,big,224,890866,8,8,3,15,0,0,0.002166133333465344,1.0,0.18977802949823208,0.19804413390775633,0.9052707992986384,1.2,0.1179178000002139,0.008966999997028324,0.1889547999999195,0.5113097000003108,0.5237184999996316,0.516780099999778,0.513455;0.509099;0.511310,0.525210;0.523718;0.520682,0.516780;0.517064;0.509339,,sequential,2026-10-03T19:37:16+00:00
W8-00904,W8,n2-standard-8,Windows,2022Server,AMD64,Intel(R) Xeon(R) CPU @ 2.80GHz,intel,8,4,2800,34.4,3.14.6,CPython,1,spawn,2.5.3,recursive,rec_quicksort,351,235514,0.8,ms,big,14,235537,8,4,1,8,0,0,0.0006150333329060231,1.0,0.27594851737085246,0.08758332934668449,0.685445807791936,4.5,0.004592799999954877,0.0003612000009525218,0.1481190999993487,0.006849700000202574,0.007281199999852106,0.004019099999823084,0.006850;0.006851;0.006846,0.007281;0.007200;0.007467,0.004019;0.003673;0.004026,,multiprocessing,2026-10-03T19:37:17+00:00
W8-00905,W8,n2-standard-8,Windows,2022Server,AMD64,Intel(R) Xeon(R) CPU @ 2.80GHz,intel,8,4,2800,34.4,3.14.6,CPython,1,spawn,2.5.3,recursive,rec_tree_sum,28,411,0.8,ms,normal,5371,433,8,2,0,4,0,0,9.877198209254852e-06,1.0,1.0821125703935501,0.39231774050837254,0.8966779613841462,0.0,0.03108020000036049,0.0023692000040682615,0.132673000000068,0.053773999999975786,0.057543400000213296,0.029411999999865657,0.053774;0.053689;0.054594,0.057706;0.056658;0.057543,0.029921;0.029412;0.029036,,multiprocessing,2026-10-03T19:37:18+00:00
W8-00906,W8,n2-standard-8,Windows,2022Server,AMD64,Intel(R) Xeon(R) CPU @ 2.80GHz,intel,8,4,2800,34.4,3.14.6,CPython,1,spawn,2.5.3,algo_rec,algo_merge_sort,780,1496,0.8,seconds,normal,965,1518.9,8,2,1,10,0,0,0.001362945945893935,1.0,0.45271664904636005,0.031567649544525046,0.9779698960130374,0.0,0.10265249999974912,0.0012124000013500336,0.132673000000068,1.2926503999997294,1.3117532999995092,0.6896028999999544,1.285697;1.293076;1.292650,1.310921;1.311753;1.314150,0.673040;0.689603;0.692962,,multiprocessing,2026-10-03T19:37:28+00:00
W8-00907,W8,n2-standard-8,Windows,2022Server,AMD64,Intel(R) Xeon(R) CPU @ 2.80GHz,intel,8,4,2800,34.4,3.14.6,CPython,1,spawn,2.5.3,algo_iter,algo_edit_distance,1737,25,0.3,seconds,normal,14091,45,8,8,2,16,0,0,0.00028705114941815203,1.0,0.1690997184598696,0.014178658130764202,0.9768629862804177,0.0,0.1019006000005902,0.0006731000021318323,0.1889547999999195,4.010085899999467,4.08055609999974,1.1307443999994575,4.007590;4.010086;4.018991,4.074611;4.080556;4.085809,1.128754;1.143189;1.130744,,multiprocessing,2026-10-03T19:37:56+00:00
W8-00908,W8,n2-standard-8,Windows,2022Server,AMD64,Intel(R) Xeon(R) CPU @ 2.80GHz,intel,8,4,2800,34.4,3.14.6,CPython,1,spawn,2.5.3,big_payload,big_upper_copy,9,679602,0.0,seconds,big,294,679624,8,2,0,0,0,0,0.0004615301369671066,1.0,0.12711234547654307,1.5884661503582316,0.950574141794161,0.8,0.08439790000011271,0.01516880000144738,0.132673000000068,0.16207459999986895,0.1590593999999328,0.7733749999997599,0.148810;0.162749;0.162075,0.154149;0.164556;0.159059,0.773375,,threading,2026-10-03T19:37:59+00:00
W8-00909,W8,n2-standard-8,Windows,2022Server,AMD64,Intel(R) Xeon(R) CPU @ 2.80GHz,intel,8,4,2800,34.4,3.14.6,CPython,1,spawn,2.5.3,algo_rec,algo_flood_fill,1,1988,0.8,seconds,normal,2241,2010,8,4,3,10,0,0,0.0004158471074258482,1.0,0.638449910459908,0.010725095621372343,1.0210641729630294,0.0,0.10026830000060727,0.0006248000026971567,0.1481190999993487,0.900097800000367,0.9241136000000552,0.23745129999952042,0.896608;0.900098;0.900716,0.922305;0.924114;0.925585,0.248818;0.235114;0.237451,,multiprocessing,2026-10-03T19:38:06+00:00
W8-00910,W8,n2-standard-8,Windows,2022Server,AMD64,Intel(R) Xeon(R) CPU @ 2.80GHz,intel,8,4,2800,34.4,3.14.6,CPython,1,spawn,2.5.3,recursive,rec_quicksort,103,673469,0.3,ms,big,118,673491,8,16,1,8,0,0,9.98999998798887e-05,1.0,0.2054941898606656,3.0374874912261,0.8044811083182214,0.0,0.01295140000001993,0.006427600003917178,0.24291790000006586,0.011348899999575224,0.01251349999984086,0.11350409999977273,0.011349;0.011743;0.011124,0.012643;0.012301;0.012513,0.113504,,sequential,2026-10-03T19:38:07+00:00
W8-00911,W8,n2-standard-8,Windows,2022Server,AMD64,Intel(R) Xeon(R) CPU @ 2.80GHz,intel,8,4,2800,34.4,3.14.6,CPython,1,spawn,2.5.3,text,text_regex_findall,3,377,0.0,ms,normal,203,399,8,8,1,1,0,0,5.585800003245822e-05,1.0,0.06659849347226815,0.06874574402583049,0.7909717443536004,1.1,0.006776900000659225,0.00038609999865002465,0.1889547999999195,0.011184000000866945,0.01190000000042346,0.004323300000578456,0.011184;0.011289;0.011160,0.012380;0.011900;0.011866,0.004405;0.004122;0.004323,,multiprocessing,2026-10-03T19:38:08+00:00
W8-00912,W8,n2-standard-8,Windows,2022Server,AMD64,Intel(R) Xeon(R) CPU @ 2.80GHz,intel,8,4,2800,34.4,3.14.6,CPython,1,spawn,2.5.3,tiny,tiny_small_loop,96,515606,0.3,ms,big,387,515628,8,16,0,0,0,0,1.0177084277529502e-06,1.0,0.23942767554845426,222.91256885442107,0.13044376973336297,0.0,0.0059196000001975335,0.004984099990906543,0.24291790000006586,0.00028480000037234277,0.0009648000004744972,0.47910119999960443,0.000325;0.000285;0.000268,0.001109;0.000965;0.000932,0.479101,,sequential,2026-10-03T19:38:09+00:00
W8-00913,W8,n2-standard-8,Windows,2022Server,AMD64,Intel(R) Xeon(R) CPU @ 2.80GHz,intel,8,4,2800,34.4,3.14.6,CPython,1,spawn,2.5.3,db,db_file_lookup,230,28,0.8,seconds,normal,617,47.55555555555556,8,16,1,5,1,0,0.005866877777609463,1.0,0.3988140543417599,0.0007461852331057809,0.8998475547659633,0.0,0.1098390000006475,0.0002979000018967781,0.24291790000006586,3.6927875000001222,1.842487599999913,0.9927950000001147,3.732019;3.692788;3.675404,1.754498;1.842488;1.932158,1.000508;0.992795;0.986081,,multiprocessing,2026-10-03T19:38:30+00:00
W8-00914,W8,n2-standard-8,Windows,2022Server,AMD64,Intel(R) Xeon(R) CPU @ 2.80GHz,intel,8,4,2800,34.4,3.14.6,CPython,1,spawn,2.5.3,big_payload,big_count_byte,44,917050,0.0,seconds,big,218,917072,8,4,0,1,0,0,0.0005492037037213406,1.0,0.020892469598946757,0.7922652325161312,0.9451113282854227,0.0,0.07033929999943211,0.009204499999214022,0.1481190999993487,0.11950449999949342,0.12155190000066796,0.5125413999994635,0.119520;0.119493;0.119504,0.121552;0.121501;0.121788,0.512541;0.516524;0.506279,,sequential,2026-10-03T19:38:33+00:00
W8-00915,W8,n2-standard-8,Windows,2022Server,AMD64,Intel(R) Xeon(R) CPU @ 2.80GHz,intel,8,4,2800,34.4,3.14.6,CPython,1,spawn,2.5.3,numpy,np_fft,510097,640,0.3,seconds,normal,55,665,8,4,0,0,0,1,0.10398693333324142,0.999918489011466,0.2880918899033802,0.00010706473270228691,2.4524682471328267,0.0,0.4438083999993978,0.00028870000005554175,0.1481190999993487,4.607063399999788,1.4628846999994494,1.6851318999997602,4.607063;4.581530;4.878114,1.453575;1.462885;1.731206,1.701535;1.685132;1.575958,,threading,2026-10-03T19:38:58+00:00
W8-00916,W8,n2-standard-8,Windows,2022Server,AMD64,Intel(R) Xeon(R) CPU @ 2.80GHz,intel,8,4,2800,34.4,3.14.6,CPython,1,spawn,2.5.3,numpy,np_fft,1709,242,0.3,seconds,normal,16364,262,8,4,0,0,0,1,9.723300780528632e-05,1.0,0.6345715803920638,0.04437793421366897,1.6773537056640333,4.2,0.08106410000073083,0.0013428000047497335,0.1481190999993487,1.5299314000003505,0.6589131999999154,0.42205680000006396,1.529931;1.539306;1.527172,0.666939;0.658913;0.657367,0.422057;0.419504;0.453080,,multiprocessing,2026-10-03T19:39:07+00:00
W8-00917,W8,n2-standard-8,Windows,2022Server,AMD64,Intel(R) Xeon(R) CPU @ 2.80GHz,intel,8,4,2800,34.4,3.14.6,CPython,1,spawn,2.5.3,gil_release,gil_sha256,732,44633,0.3,seconds,normal,56,44656,8,16,1,1,0,1,0.09440549999999348,0.9999932958312491,0.09858166000446804,0.00020302489567670384,2.2387877056019585,0.0,0.4186493999995946,0.00028000000020256266,0.24291790000006586,4.4666463000003205,0.9988174999998591,1.0046337000003405,4.466646;4.467731;4.466522,0.989200;0.998817;1.000529,1.001310;1.004634;1.028056,,threading,2026-10-03T19:39:27+00:00
W8-00918,W8,n2-standard-8,Windows,2022Server,AMD64,Intel(R) Xeon(R) CPU @ 2.80GHz,intel,8,4,2800,34.4,3.14.6,CPython,1,spawn,2.5.3,text,text_regex_findall,3,283,0.0,ms,normal,1270,305,8,8,1,1,0,0,4.198580440812746e-05,1.0,0.06552719565832933,0.09681843761064313,0.8896163696558027,0.0,0.02933020000000397,0.0008543000021745684,0.1889547999999195,0.05324359999940498,0.05529079999996611,0.015919299999950454,0.052969;0.053244;0.053376,0.055151;0.055773;0.055291,0.015919;0.016511;0.015417,,multiprocessing,2026-10-03T19:39:28+00:00
W8-00919,W8,n2-standard-8,Windows,2022Server,AMD64,Intel(R) Xeon(R) CPU @ 2.80GHz,intel,8,4,2800,34.4,3.14.6,CPython,1,spawn,2.5.3,mixed,mixed_json_roundtrip,254,842268,0.8,seconds,big,237,842290.4285714285,8,8,1,1,1,0,0.007369414285676612,0.8857752992601409,0.46115510489673206,0.05919640832577254,0.9029858282872076,0.0,0.11183560000063153,0.00340420000065933,0.1889547999999195,1.7854698999999528,1.6913758000000598,0.6338042999996105,1.785425;1.785470;1.785959,1.688402;1.691376;1.693762,0.636420;0.633804;0.622709,,multiprocessing,2026-10-03T19:39:42+00:00
W8-00920,W8,n2-standard-8,Windows,2022Server,AMD64,Intel(R) Xeon(R) CPU @ 2.80GHz,intel,8,4,2800,34.4,3.14.6,CPython,1,spawn,2.5.3,recursive,rec_nqueens,43,1057,0.8,ms,normal,14,1079,8,16,1,10,0,0,0.005600399999821093,1.0,0.5935516647515924,0.0020712805878763457,0.8277901334059945,0.0,0.03984760000003007,0.00023609999971085927,0.24291790000006586,0.0896082999997816,0.09204989999943791,0.02834640000037325,0.090181;0.088189;0.089608,0.092050;0.093533;0.091759,0.028637;0.026731;0.028346,,multiprocessing,2026-10-03T19:39:43+00:00
W8-00921,W8,n2-standard-8,Windows,2022Server,AMD64,Intel(R) Xeon(R) CPU @ 2.80GHz,intel,8,4,2800,34.4,3.14.6,CPython,1,spawn,2.5.3,recursive,rec_fib,108,1625,0.0,ms,normal,30015,1647,8,8,0,4,0,0,9.753350014307215e-06,1.0,0.8240745035556729,0.4403615309650893,0.9237271517074971,0.0,0.04481909999958589,0.0032330999711120967,0.1889547999999195,0.2909324000002016,0.3034776000004058,0.1294679000002361,0.290932;0.290811;0.293985,0.307904;0.298743;0.303478,0.129468;0.130714;0.129447,,multiprocessing,2026-10-03T19:39:46+00:00
W8-00922,W8,n2-standard-8,Windows,2022Server,AMD64,Intel(R) Xeon(R) CPU @ 2.80GHz,intel,8,4,2800,34.4,3.14.6,CPython,1,spawn,2.5.3,big_result,result_records,36852,664,0.3,ms,normal,8,687,8,4,1,2,0,0,0.013987866666563301,1.0,0.028653816636269668,1.5068726229626763,0.8462647540293677,0.0,0.15461779999986902,0.06348429999979999,0.1481190999993487,0.1813587999995434,0.23302919999969163,0.16735659999994823,0.159796;0.189085;0.181359,0.240515;0.200278;0.233029,0.176114;0.167357;0.159571,,multiprocessing,2026-10-03T19:39:48+00:00
W8-00923,W8,n2-standard-8,Windows,2022Server,AMD64,Intel(R) Xeon(R) CPU @ 2.80GHz,intel,8,4,2800,34.4,3.14.6,CPython,1,spawn,2.5.3,gil_release,gil_zlib,10,59465,0.0,ms,normal,13,59487,8,16,1,1,0,1,0.014719499999955588,1.0,0.006099850333331887,0.0020177316004410316,1.3832372303608802,1.2,0.07636670000010781,0.0003113000002485933,0.24291790000006586,0.18999199999962002,0.037687100000766804,0.039950800000042364,0.189992,0.037687;0.038735;0.036771,0.041496;0.039951;0.039931,,threading,2026-10-03T19:39:49+00:00
W8-00924,W8,n2-standard-8,Windows,2022Server,AMD64,Intel(R) Xeon(R) CPU @ 2.80GHz,intel,8,4,2800,34.4,3.14.6,CPython,1,spawn,2.5.3,big_payload,big_upper_copy,2,374612,0.0,seconds,big,533,374634,8,16,0,0,0,0,0.0002656533834899739,1.0,0.12541929722670428,1.1824054181911092,0.9648497832640518,0.0,0.0791094999995039,0.0069685999951616395,0.24291790000006586,0.15286939999987226,0.14980369999921095,0.6952621999998883,0.152869;0.144949;0.153973,0.160551;0.148929;0.149804,0.695262;0.735179;0.690479,,threading,2026-10-03T19:39:53+00:00
W8-00925,W8,n2-standard-8,Windows,2022Server,AMD64,Intel(R) Xeon(R) CPU @ 2.80GHz,intel,8,4,2800,34.4,3.14.6,CPython,1,spawn,2.5.3,gil_release,gil_bz2,283,300000,0.3,ms,big,8,300022.6666666667,8,4,0,1,0,1,0.02677329999975579,1.0,0.1643342350969084,0.0028336688725130407,1.309209374832439,0.0,0.13743820000036067,0.00047650000124122016,0.1481190999993487,0.22150189999956638,0.06119289999969624,0.06282499999997526,0.227875;0.221053;0.221502,0.060748;0.063024;0.061193,0.062825;0.062772;0.064998,,threading,2026-10-03T19:39:55+00:00
W8-00926,W8,n2-standard-8,Windows,2022Server,AMD64,Intel(R) Xeon(R) CPU @ 2.80GHz,intel,8,4,2800,34.4,3.14.6,CPython,1,spawn,2.5.3,tiny,tiny_len,12,43,0.8,seconds,normal,200000,62,8,16,0,0,0,0,1.4565001083610696e-07,1.0,0.4455394160681988,27.154135308966737,0.3118442577142417,0.0,0.005283100000269769,0.0031957999781297985,0.24291790000006586,0.015798700000232202,0.02214929999991,0.060793299999204464,0.018223;0.015744;0.015799,0.023277;0.021399;0.022149,0.061067;0.060793;0.058824,,sequential,2026-10-03T19:39:56+00:00
W8-00927,W8,n2-standard-8,Windows,2022Server,AMD64,Intel(R) Xeon(R) CPU @ 2.80GHz,intel,8,4,2800,34.4,3.14.6,CPython,1,spawn,2.5.3,gil_release,gil_zlib,8,283799,0.3,seconds,big,29,283821,8,16,1,1,0,1,0.05540143333322097,1.0,0.17172407547293808,0.002396448230269502,1.127541267077618,0.0,0.31773320000047534,0.0007407000002785935,0.24291790000006586,1.7093525999998747,0.3094504999999117,0.3279264000002513,1.709353,0.309450;0.329652;0.301312,0.327926;0.327597;0.335859,,threading,2026-10-03T19:40:01+00:00
W8-00928,W8,n2-standard-8,Windows,2022Server,AMD64,Intel(R) Xeon(R) CPU @ 2.80GHz,intel,8,4,2800,34.4,3.14.6,CPython,1,spawn,2.5.3,recursive,rec_nqueens,19,53,0.0,ms,normal,24,72,8,2,1,10,0,0,0.002844266666670592,1.0,0.02638438408591871,0.0022677198044640644,0.9137224102665196,0.0,0.03585029999976541,0.0002522999993743724,0.132673000000068,0.0680197000001499,0.07186929999988934,0.03652880000026926,0.067394;0.068406;0.068020,0.071869;0.071289;0.072418,0.037127;0.035075;0.036529,,multiprocessing,2026-10-03T19:40:02+00:00
W8-00929,W8,n2-standard-8,Windows,2022Server,AMD64,Intel(R) Xeon(R) CPU @ 2.80GHz,intel,8,4,2800,34.4,3.14.6,CPython,1,spawn,2.5.3,recursive,rec_tree_sum,3792,678593,0.3,seconds,big,294,678616,8,2,0,4,0,0,0.0015029323528912809,1.0,0.3433628982837288,0.24383998341961563,1.0116993345423195,0.0,0.10980120000021998,0.007775900001433911,0.132673000000068,0.4430040999995981,0.4652212999999392,0.6215812999998889,0.422112;0.447607;0.443004,0.455801;0.465221;0.471202,0.621581;0.618432;0.622492,,sequential,2026-10-03T19:40:08+00:00
W8-00930,W8,n2-standard-8,Windows,2022Server,AMD64,Intel(R) Xeon(R) CPU @ 2.80GHz,intel,8,4,2800,34.4,3.14.6,CPython,1,spawn,2.5.3,algo_rec,algo_sudoku,1,186353,0.8,ms,big,66,186375,8,16,3,28,0,0,0.0009452562499632222,1.0,1.1197692347156116,0.048809515902498386,1.9077189106181633,0.0,0.024580499999501626,0.0010565000002316083,0.24291790000006586,0.03954989999965619,0.041810099999565864,0.01800120000007155,0.039425;0.039795;0.039550,0.041619;0.041810;0.042671,0.018565;0.018001;0.017566,,multiprocessing,2026-10-03T19:40:09+00:00
W8-00931,W8,n2-standard-8,Windows,2022Server,AMD64,Intel(R) Xeon(R) CPU @ 2.80GHz,intel,8,4,2800,34.4,3.14.6,CPython,1,spawn,2.5.3,numpy,np_elementwise,1018,1167,0.3,ms,normal,765,1190,8,16,0,4,0,0,4.718900524842137e-05,1.0,0.20129061712450874,0.08942761149092503,1.330317143533519,0.0,0.01654580000013084,0.0006725999983245856,0.24291790000006586,0.034381999999823165,0.07817230000000563,0.011887900000147056,0.034382;0.034706;0.034342,0.078172,0.012569;0.011888;0.011796,,multiprocessing,2026-10-03T19:40:09+00:00
W8-00932,W8,n2-standard-8,Windows,2022Server,AMD64,Intel(R) Xeon(R) CPU @ 2.80GHz,intel,8,4,2800,34.4,3.14.6,CPython,1,spawn,2.5.3,big_result,result_long_string,26435,111,0.3,seconds,normal,114,131,8,2,1,1,0,0,0.005353590000049735,1.0,0.1873926936166569,0.06630130437830846,0.9196203877283881,0.0,0.1145621999994546,0.0038372999988496304,0.132673000000068,0.6522822999995697,0.6707573000003322,0.49335010000049806,0.649729;0.667288;0.652282,0.676617;0.670165;0.670757,0.487678;0.498520;0.493350,,multiprocessing,2026-10-03T19:40:15+00:00
W8-00933,W8,n2-standard-8,Windows,2022Server,AMD64,Intel(R) Xeon(R) CPU @ 2.80GHz,intel,8,4,2800,34.4,3.14.6,CPython,1,spawn,2.5.3,text,text_split_count,2,406,0.8,seconds,normal,3034,428,8,4,1,1,0,0,6.73822733153776e-05,1.0,0.24177602592734507,0.05973381196268629,0.9381942002385737,0.0,0.10470110000005661,0.0014560000199708156,0.1481190999993487,0.20808470000065427,0.21170570000049338,0.07106580000072427,0.204587;0.208365;0.208085,0.210783;0.213862;0.211706,0.062937;0.071066;0.071157,,multiprocessing,2026-10-03T19:40:18+00:00
W8-00934,W8,n2-standard-8,Windows,2022Server,AMD64,Intel(R) Xeon(R) CPU @ 2.80GHz,intel,8,4,2800,34.4,3.14.6,CPython,1,spawn,2.5.3,big_payload,big_count_byte,99,129996,0.3,ms,big,272,130018,8,2,0,1,0,0,7.855441179023782e-05,1.0,0.030536025401492858,0.320796749762978,0.8302414298701208,0.0,0.012784900000042398,0.0009125999986281386,0.132673000000068,0.02119369999945775,0.02210800000011659,0.1006493999993836,0.021170;0.021194;0.021298,0.022108;0.021831;0.022384,0.100094;0.100649;0.100777,,sequential,2026-10-03T19:40:19+00:00
W8-00935,W8,n2-standard-8,Windows,2022Server,AMD64,Intel(R) Xeon(R) CPU @ 2.80GHz,intel,8,4,2800,34.4,3.14.6,CPython,1,spawn,2.5.3,big_result,result_long_string,13085,372,0.0,ms,normal,16,395,8,2,1,1,0,0,0.0030434000000241213,1.0,0.042133960557682724,0.03085365049286126,0.9134644462646331,0.0,0.025865600000543054,0.0006176000006234972,0.132673000000068,0.04723699999976816,0.04848949999995966,0.03057119999994029,0.047136;0.047237;0.047266,0.049125;0.048489;0.048280,0.030571;0.037188;0.030039,,multiprocessing,2026-10-03T19:40:20+00:00
W8-00936,W8,n2-standard-8,Windows,2022Server,AMD64,Intel(R) Xeon(R) CPU @ 2.80GHz,intel,8,4,2800,34.4,3.14.6,CPython,1,spawn,2.5.3,mixed,mixed_json_roundtrip,9,182116,0.8,ms,big,26,182138,8,4,1,1,1,0,0.0003593833333373671,0.7649788132490528,0.3812951802497122,0.10893660421359629,0.7071337118771244,0.0,0.005717699999877368,0.0004504999997152481,0.1481190999993487,0.010285800000019663,0.009447899999941,0.009571200000209501,0.010286;0.008780;0.011825,0.009448;0.009563;0.009046,0.010275;0.009571;0.008104,,threading,2026-10-03T19:40:20+00:00
W8-00937,W8,n2-standard-8,Windows,2022Server,AMD64,Intel(R) Xeon(R) CPU @ 2.80GHz,intel,8,4,2800,34.4,3.14.6,CPython,1,spawn,2.5.3,big_payload,big_checksum_head,6996,2570662,0.8,seconds,big,77,2570685,8,2,1,1,0,0,0.00019410526314650749,1.0,0.417033251694885,7.040401301387979,0.9913265305771618,0.0,0.033877200000461016,0.026375800000096206,0.132673000000068,0.012816399999792338,0.013662700000168115,0.46467589999974734,0.012816;0.012890;0.012778,0.013663;0.013261;0.013778,0.464676,,sequential,2026-10-03T19:40:22+00:00
W8-00938,W8,n2-standard-8,Windows,2022Server,AMD64,Intel(R) Xeon(R) CPU @ 2.80GHz,intel,8,4,2800,34.4,3.14.6,CPython,1,spawn,2.5.3,gil_release,gil_numpy_matmul,287,10847,0.0,ms,normal,18,10870,8,4,0,2,0,1,0.001072099999873899,1.0,0.10890202892283517,0.010773248722268954,1.1333540037156287,3.4,0.008203899999898567,0.0003001000004587695,0.1481190999993487,0.018120599999747355,0.007017899999482324,0.010335799999666051,0.018124;0.018121;0.018114,0.007121;0.007018;0.006792,0.010336;0.009301;0.010593,,threading,2026-10-03T19:40:22+00:00
W8-00939,W8,n2-standard-8,Windows,2022Server,AMD64,Intel(R) Xeon(R) CPU @ 2.80GHz,intel,8,4,2800,34.4,3.14.6,CPython,1,spawn,2.5.3,mixed,mixed_json_roundtrip,1,4240,0.0,ms,normal,780,4262,8,2,1,1,1,0,8.462615384744893e-05,0.7715413992637409,0.16410341259605754,0.05683822188317297,1.0159533840543964,0.0,0.03369680000014341,0.0008780999996815808,0.132673000000068,0.06239850000019942,0.06326710000030289,0.0356538999994882,0.062399;0.063687;0.061540,0.063712;0.063267;0.062536,0.035654;0.036504;0.034754,,multiprocessing,2026-10-03T19:40:23+00:00
W8-00940,W8,n2-standard-8,Windows,2022Server,AMD64,Intel(R) Xeon(R) CPU @ 2.80GHz,intel,8,4,2800,34.4,3.14.6,CPython,1,spawn,2.5.3,numpy,np_fft,64091,6171,0.3,ms,normal,8,6195.333333333333,8,4,0,0,0,1,0.005907799999780157,1.0,1.021918475332067,0.002042497441778538,1.4406680072792,0.0,0.03456110000024637,0.00026620000062393956,0.1481190999993487,0.04629599999952916,0.016680700000506476,0.01810829999976704,0.045965;0.046296;0.046542,0.017262;0.016681;0.016659,0.017883;0.018108;0.018171,,threading,2026-10-03T19:40:24+00:00
W8-00941,W8,n2-standard-8,Windows,2022Server,AMD64,Intel(R) Xeon(R) CPU @ 2.80GHz,intel,8,4,2800,34.4,3.14.6,CPython,1,spawn,2.5.3,text,text_regex_findall,20,801,0.8,seconds,normal,603,823,8,16,1,1,0,0,0.0007093281690839844,1.0,0.46120772360775936,0.005695529897643588,0.9213603003088462,0.0,0.10598680000020977,0.00047369999538204866,0.24291790000006586,0.43774609999945824,0.44536989999960497,0.13042440000026545,0.437939;0.437529;0.437746,0.448708;0.443835;0.445370,0.131444;0.128950;0.130424,,multiprocessing,2026-10-03T19:40:29+00:00
W8-00942,W8,n2-standard-8,Windows,2022Server,AMD64,Intel(R) Xeon(R) CPU @ 2.80GHz,intel,8,4,2800,34.4,3.14.6,CPython,1,spawn,2.5.3,gil_release,gil_zlib,9,94615,0.8,seconds,normal,41,94637,8,4,1,1,0,1,0.024222200000319088,1.0,0.35163645732736243,0.0012000011016277197,1.6170003747555415,1.1,0.1290988999999172,0.00032609999925625743,0.1481190999993487,0.8687092000000121,0.249272099999871,0.24683049999930518,0.869307;0.868554;0.868709,0.249272;0.244468;0.250095,0.246830;0.247328;0.245456,,multiprocessing,2026-10-03T19:40:34+00:00
W8-00943,W8,n2-standard-8,Windows,2022Server,AMD64,Intel(R) Xeon(R) CPU @ 2.80GHz,intel,8,4,2800,34.4,3.14.6,CPython,1,spawn,2.5.3,big_result,result_matrix_lists,32,369,0.8,ms,normal,55,391,8,4,2,5,0,0,9.490769242312617e-05,1.0,0.978525158784606,0.40970983840209024,0.4228082547214156,0.0,0.005167100000107894,0.000743599998713762,0.1481190999993487,0.007336499999837542,0.008485499999551394,0.004395899999508401,0.007676;0.007333;0.007336,0.008485;0.008636;0.007983,0.004267;0.004396;0.004483,,multiprocessing,2026-10-03T19:40:35+00:00
W8-00944,W8,n2-standard-8,Windows,2022Server,AMD64,Intel(R) Xeon(R) CPU @ 2.80GHz,intel,8,4,2800,34.4,3.14.6,CPython,1,spawn,2.5.3,big_payload,big_reverse,1,1786362,0.0,seconds,big,111,1786384,8,16,0,0,0,0,0.000980818518588354,1.0,0.017244656514594524,1.9517728955534952,0.9485802669980639,0.0,0.09319120000054681,0.03875259999949776,0.24291790000006586,0.12630259999968985,0.11993770000026416,0.39457670000047074,0.114875;0.127870;0.126303,0.119938;0.117595;0.120439,0.400250;0.394577;0.383023,,threading,2026-10-03T19:40:38+00:00
W8-00945,W8,n2-standard-8,Windows,2022Server,AMD64,Intel(R) Xeon(R) CPU @ 2.80GHz,intel,8,4,2800,34.4,3.14.6,CPython,1,spawn,2.5.3,recursive,rec_tree_sum,455,234,0.3,seconds,normal,30204,254,8,16,0,4,0,0,0.00014993753755514444,1.0,0.3595684651845725,0.028811997288134723,0.9359950543429236,2.3,0.10440469999957713,0.0008862999939083238,0.24291790000006586,4.530007899999873,4.7183943,1.3287944000003336,4.518583;4.547389;4.530008,4.718394;4.710022;4.757935,1.335197;1.328794;1.293599,,multiprocessing,2026-10-03T19:41:10+00:00
W8-00946,W8,n2-standard-8,Windows,2022Server,AMD64,Intel(R) Xeon(R) CPU @ 2.80GHz,intel,8,4,2800,34.4,3.14.6,CPython,1,spawn,2.5.3,cpu,cpu_count_primes,404,596783,0.8,seconds,big,335,596805.8,8,16,2,4,0,0,9.267228909605814e-05,1.0,0.573348471093052,1.4894420053045085,0.8715670983893663,1.1,0.01988009999968199,0.003198700004759303,0.24291790000006586,0.029911500000707747,0.03146909999941272,0.47216610000032233,0.029912;0.029907;0.029937,0.031564;0.031469;0.031240,0.472166,,sequential,2026-10-03T19:41:12+00:00
W8-00947,W8,n2-standard-8,Windows,2022Server,AMD64,Intel(R) Xeon(R) CPU @ 2.80GHz,intel,8,4,2800,34.4,3.14.6,CPython,1,spawn,2.5.3,algo_iter,algo_dijkstra,288,62,0.3,ms,normal,90,81.75,8,16,2,15,0,0,0.0006240772726910523,1.0,0.2253704442542113,0.00616109607852328,0.8926467569110046,4.5,0.029294900000422786,0.00034080000204994576,0.24291790000006586,0.05444869999973889,0.05868559999998979,0.017482200000813464,0.054243;0.054449;0.054582,0.058686;0.059840;0.058365,0.018367;0.017482;0.017429,,multiprocessing,2026-10-03T19:41:13+00:00
W8-00948,W8,n2-standard-8,Windows,2022Server,AMD64,Intel(R) Xeon(R) CPU @ 2.80GHz,intel,8,4,2800,34.4,3.14.6,CPython,1,spawn,2.5.3,db,db_mem_group_by,12166,480681,0.8,seconds,big,115,480704,8,16,1,2,1,0,0.016081674999895768,1.0,0.23731903412848532,0.009148611697052188,1.113798426428874,0.0,0.12411429999974644,0.000834499999655236,0.24291790000006586,1.5663045000001148,3.119955499997559,0.4239910999995118,1.566305,3.119955,0.423991,threading,multiprocessing,2026-10-03T19:41:19+00:00
W8-00949,W8,n2-standard-8,Windows,2022Server,AMD64,Intel(R) Xeon(R) CPU @ 2.80GHz,intel,8,4,2800,34.4,3.14.6,CPython,1,spawn,2.5.3,algo_rec,algo_flood_fill,8,893404,0.0,ms,big,22,893426,8,8,3,10,0,0,0.001951519999965967,1.0,0.534209766513345,0.24154505211230948,0.5846661300008367,5.9,0.04844820000016625,0.024314100000992767,0.19938460000048508,0.05744109999977809,0.05922590000045602,0.04122350000034203,0.070234;0.056899;0.057441,0.059226;0.058200;0.059569,0.041224;0.039584;0.041538,,multiprocessing,2026-10-03T19:41:21+00:00
W8-00950,W8,n2-standard-8,Windows,2022Server,AMD64,Intel(R) Xeon(R) CPU @ 2.80GHz,intel,8,4,2800,34.4,3.14.6,CPython,1,spawn,2.5.3,text,text_split_count,14,115,0.0,seconds,normal,9153,134,8,8,1,1,0,0,8.906583185821815e-05,0.9961689834678005,0.15033710571922654,0.04423694143508046,0.9779057391632016,0.0,0.10310459999982413,0.0020936999908371945,0.19938460000048508,0.7943414000001212,0.8141827999997986,0.2186797000003935,0.793116;0.794341;0.803879,0.808985;0.814183;0.815151,0.217684;0.218680;0.219227,,multiprocessing,2026-10-03T19:41:27+00:00
W8-00951,W8,n2-standard-8,Windows,2022Server,AMD64,Intel(R) Xeon(R) CPU @ 2.80GHz,intel,8,4,2800,34.4,3.14.6,CPython,1,spawn,2.5.3,text,text_csv_parse,10,226,0.0,seconds,normal,3739,245,8,16,2,3,0,0,0.0014638028571165966,1.0,0.012889775861962884,0.003012700755874574,1.000512450561063,0.0,0.10366369999974268,0.0011947000011787168,0.32952800000020943,5.306370600000264,5.315959400000793,1.5779740999996648,5.306371;5.230137;5.400097,5.315959;5.317792;5.309882,1.601524;1.577075;1.577974,,multiprocessing,2026-10-03T19:42:04+00:00
W8-00952,W8,n2-standard-8,Windows,2022Server,AMD64,Intel(R) Xeon(R) CPU @ 2.80GHz,intel,8,4,2800,34.4,3.14.6,CPython,1,spawn,2.5.3,big_result,result_long_string,131,245137,0.3,seconds,big,328,245159,8,2,1,1,0,0,0.0007943682540350156,1.0,0.17166203948884304,0.04789969879789243,0.9360473385792145,0.0,0.10573109999950248,0.0018929999951069476,0.13284469999962312,0.2642794999992475,0.2677997000000687,0.27054430000043794,0.263480;0.264279;0.264410,0.267800;0.270120;0.267047,0.262331;0.270544;0.271439,,sequential,2026-10-03T19:42:08+00:00
W8-00953,W8,n2-standard-8,Windows,2022Server,AMD64,Intel(R) Xeon(R) CPU @ 2.80GHz,intel,8,4,2800,34.4,3.14.6,CPython,1,spawn,2.5.3,cpu,cpu_sum_squares,18951,809,0.3,ms,normal,31,832,8,8,1,2,0,0,0.0009967571429245123,1.0,0.16143639191112155,0.007151763806923961,0.9517308331161783,0.0,0.014757400000235066,0.0006850999989183038,0.19938460000048508,0.02959370000007766,0.030824700000266603,0.010514200000216078,0.029290;0.029594;0.029605,0.031727;0.030726;0.030825,0.010514;0.010377;0.011641,,multiprocessing,2026-10-03T19:42:08+00:00
W8-00954,W8,n2-standard-8,Windows,2022Server,AMD64,Intel(R) Xeon(R) CPU @ 2.80GHz,intel,8,4,2800,34.4,3.14.6,CPython,1,spawn,2.5.3,algo_rec,algo_sudoku,3,408,0.0,ms,normal,37,430,8,8,3,28,0,0,0.0013914555556766572,1.0,0.6251851046884993,0.004088444601885486,0.07273393920718675,0.4,0.19343450000087614,0.0021991000003254157,0.19938460000048508,0.23413929999969696,0.23500380000041332,0.11862350000046717,0.232163;0.234139;0.234878,0.239114;0.235004;0.234718,0.118624;0.108674;0.172368,,multiprocessing,2026-10-03T19:42:11+00:00
W8-00955,W8,n2-standard-8,Windows,2022Server,AMD64,Intel(R) Xeon(R) CPU @ 2.80GHz,intel,8,4,2800,34.4,3.14.6,CPython,1,spawn,2.5.3,numpy,np_fft,19679,322,0.0,seconds,normal,1569,345,8,4,0,0,0,1,0.003643492857203715,1.0,0.047750802939259665,0.001293891860329955,1.560002063681637,0.0,0.08472279999932653,0.0009703999985504197,0.15122020000035263,3.270594199999323,1.0698615999999674,1.821682800000417,4.302634;3.270594;3.245747,1.185045;1.064581;1.069862,1.821683;1.843280;1.665552,,threading,2026-10-03T19:42:31+00:00
W8-00956,W8,n2-standard-8,Windows,2022Server,AMD64,Intel(R) Xeon(R) CPU @ 2.80GHz,intel,8,4,2800,34.4,3.14.6,CPython,1,spawn,2.5.3,tiny,tiny_small_loop,2,328,0.0,ms,normal,141807,350,8,8,0,0,0,0,3.494999864415149e-07,1.0,0.6047950134617666,12.174535584338098,0.5552042391403929,0.0,0.006118199999946228,0.003276000027653936,0.19938460000048508,0.030469799999991665,0.046315100000356324,0.1431339000000662,0.030470;0.032102;0.030456,0.044634;0.046315;0.046914,0.141849;0.147535;0.143134,,sequential,2026-10-03T19:42:32+00:00
W8-00957,W8,n2-standard-8,Windows,2022Server,AMD64,Intel(R) Xeon(R) CPU @ 2.80GHz,intel,8,4,2800,34.4,3.14.6,CPython,1,spawn,2.5.3,cpu,cpu_count_primes,165,91,0.0,seconds,normal,27233,110,8,16,2,4,0,0,2.5743987536637362e-05,1.0,0.04519930552204865,0.16295066831006025,0.9724432881617994,0.0,0.10486649999984365,0.003601499941396469,0.32952800000020943,0.7009753999991517,0.7121483999999327,0.21195220000026893,0.701152;0.700975;0.698183,0.710529;0.713192;0.712148,0.210338;0.211952;0.212772,,multiprocessing,2026-10-03T19:42:38+00:00
W8-00958,W8,n2-standard-8,Windows,2022Server,AMD64,Intel(R) Xeon(R) CPU @ 2.80GHz,intel,8,4,2800,34.4,3.14.6,CPython,1,spawn,2.5.3,numpy,np_elementwise,1037,1057,0.0,seconds,normal,10808,1080,8,4,0,4,0,0,4.408853335108789e-05,1.0,0.0811654181814988,0.09492263712006618,1.3778715718401515,0.0,0.08889120000003459,0.002774999980829307,0.15122020000035263,0.46735679999983404,0.6348932999999306,0.1530109999994238,0.466330;0.468043;0.467357,0.638710;0.634440;0.634893,0.153011;0.165446;0.152266,,multiprocessing,2026-10-03T19:42:42+00:00
W8-00959,W8,n2-standard-8,Windows,2022Server,AMD64,Intel(R) Xeon(R) CPU @ 2.80GHz,intel,8,4,2800,34.4,3.14.6,CPython,1,spawn,2.5.3,algo_iter,algo_dijkstra,101,809,0.0,seconds,normal,10716,831,8,16,2,15,0,0,0.0001985575396384587,1.0,0.02762485178706217,0.020674108217202714,0.9706316118891897,0.0,0.10370890000012878,0.0019992000115962583,0.32952800000020943,2.139199899999767,2.190526399999726,0.6202552000004289,2.129727;2.143296;2.139200,2.181269;2.204003;2.190526,0.621893;0.620255;0.617695,,multiprocessing,2026-10-03T19:42:58+00:00
W8-00960,W8,n2-standard-8,Windows,2022Server,AMD64,Intel(R) Xeon(R) CPU @ 2.80GHz,intel,8,4,2800,34.4,3.14.6,CPython,1,spawn,2.5.3,numpy,np_linalg_solve,42,1088,0.3,ms,normal,1498,1110,8,16,0,3,0,1,5.097780748495579e-05,1.0,0.22942466341475093,0.09219697933194067,0.5960116137146534,0.0,0.05287369999950897,0.0018567000006441958,0.32952800000020943,0.07290719999946305,0.18041069999981119,0.025187500000356522,0.072907;0.072433;0.073925,0.180650;0.180171,0.257521;0.025188;0.024659,,multiprocessing,2026-10-03T19:42:59+00:00
W8-00961,W8,n2-standard-8,Windows,2022Server,AMD64,Intel(R) Xeon(R) CPU @ 2.80GHz,intel,8,4,2800,34.4,3.14.6,CPython,1,spawn,2.5.3,gil_release,gil_numpy_matmul,357,39776,0.8,ms,normal,14,39798.333333333336,8,2,0,2,0,1,0.0021210000004430185,1.0,1.096012111296418,0.01027817060680647,5.338199362001062,0.0,0.00898460000007617,0.0009520999992673751,0.13284469999962312,0.03308579999975336,0.021119500000168046,0.022743999999875086,0.034905;0.033086;0.033002,0.021609;0.020675;0.021120,0.090267;0.022171;0.022744,,threading,2026-10-03T19:43:00+00:00
W8-00962,W8,n2-standard-8,Windows,2022Server,AMD64,Intel(R) Xeon(R) CPU @ 2.80GHz,intel,8,4,2800,34.4,3.14.6,CPython,1,spawn,2.5.3,big_payload,big_count_byte,84,142891,0.0,seconds,big,1399,142913,8,8,0,1,0,0,8.610372488407944e-05,0.9993965367947446,0.04513656913096516,0.3150850915158804,0.982174901807119,0.0,0.06274290000055771,0.0018613000156619819,0.19938460000048508,0.11985570000069856,0.12315339999986463,0.6369913999997152,0.119430;0.120109;0.119856,0.123153;0.122162;0.123432,0.636991,,sequential,2026-10-03T19:43:03+00:00
W8-00963,W8,n2-standard-8,Windows,2022Server,AMD64,Intel(R) Xeon(R) CPU @ 2.80GHz,intel,8,4,2800,34.4,3.14.6,CPython,1,spawn,2.5.3,text,text_regex_findall,4,1226,0.0,seconds,normal,2491,1248,8,2,1,1,0,0,0.00023517370887511703,1.0,0.02983626320064516,0.020240357945908772,0.8446422263390421,0.0,0.1107441000003746,0.001239400010490499,0.13284469999962312,0.587330700000166,0.6034614000000147,0.3036716999995406,0.584781;0.587331;0.591213,0.603461;0.598239;0.608949,0.299082;0.304571;0.303672,,multiprocessing,2026-10-03T19:43:08+00:00
W8-00964,W8,n2-standard-8,Windows,2022Server,AMD64,Intel(R) Xeon(R) CPU @ 2.80GHz,intel,8,4,2800,34.4,3.14.6,CPython,1,spawn,2.5.3,numpy,np_sort,9325,276063,0.0,seconds,big,724,276086,8,16,0,3,0,1,0.0015551454545140696,1.0,0.028966482694915013,0.03159833041758078,1.5217330356195378,13.6,0.08703120000063791,0.0019987000014225487,0.32952800000020943,1.1652917000001253,0.4316852000001745,0.5981594000004407,1.165292;1.217661;1.157834,0.431685;0.433722;0.427756,0.598159;0.619913;0.581651,,threading,2026-10-03T19:43:16+00:00
W8-00965,W8,n2-standard-8,Windows,2022Server,AMD64,Intel(R) Xeon(R) CPU @ 2.80GHz,intel,8,4,2800,34.4,3.14.6,CPython,1,spawn,2.5.3,big_result,result_sorted_pairs,15193,471,0.3,seconds,normal,429,494,8,16,1,4,0,0,0.006694824999840421,1.0,0.1848646699757706,0.6834345931741229,0.8739689173001355,0.0,0.15165429999979096,0.03752240000085294,0.32952800000020943,3.9136500999993586,3.949433499999941,1.832782500000576,4.032946;3.853503;3.913650,3.966241;3.949433;3.943576,1.869340;1.808195;1.832783,,multiprocessing,2026-10-03T19:43:46+00:00
W8-00966,W8,n2-standard-8,Windows,2022Server,AMD64,Intel(R) Xeon(R) CPU @ 2.80GHz,intel,8,4,2800,34.4,3.14.6,CPython,1,spawn,2.5.3,numpy,np_linalg_solve,44,104,0.8,ms,normal,849,123,8,2,0,3,0,1,6.465047173185426e-05,1.0,0.43601681629282246,0.06945038322646746,0.7700130000484962,0.0,0.032452200000079756,0.0008854999932736973,0.13284469999962312,0.051350900000215915,0.06649040000047535,0.027232999999796448,0.052332;0.051351;0.050077,0.066765;0.066490;0.065964,0.027410;0.027233;0.026699,,multiprocessing,2026-10-03T19:43:47+00:00
W8-00967,W8,n2-standard-8,Windows,2022Server,AMD64,Intel(R) Xeon(R) CPU @ 2.80GHz,intel,8,4,2800,34.4,3.14.6,CPython,1,spawn,2.5.3,db,db_file_lookup,66,180,0.8,ms,normal,8,199,8,16,1,5,1,0,0.0022378000000268608,1.0,0.22348645662187627,0.0032770279235663363,0.20196700289248828,0.0,0.043394700000135344,0.001687399999354966,0.32952800000020943,0.014260400000239315,0.321857099999761,0.044086300000344636,0.013701;0.014577;0.014260,0.321857,0.044086;0.045999;0.006673,,sequential,2026-10-03T19:43:48+00:00
W8-00968,W8,n2-standard-8,Windows,2022Server,AMD64,Intel(R) Xeon(R) CPU @ 2.80GHz,intel,8,4,2800,34.4,3.14.6,CPython,1,spawn,2.5.3,io,io_file_roundtrip,4,460,0.3,ms,normal,9,482,8,8,1,0,1,0,0.0194749666664696,0.15756549536064465,0.08647008930549871,0.0005254608912487442,1.7383040185719378,0.0,0.09268119999978808,0.0010286999995514634,0.19938460000048508,0.09810820000075182,0.04438029999982973,0.04592349999984435,0.115653;0.098108;0.097444,0.044380;0.040911;0.045757,0.049948;0.042794;0.045923,,threading,2026-10-03T19:43:49+00:00
W8-00969,W8,n2-standard-8,Windows,2022Server,AMD64,Intel(R) Xeon(R) CPU @ 2.80GHz,intel,8,4,2800,34.4,3.14.6,CPython,1,spawn,2.5.3,numpy,np_fft,3389,166,0.3,seconds,normal,836,186,8,16,0,0,0,1,0.00020650526321376535,1.0,0.5910144178064889,0.018522531309752375,1.77530603654571,0.0,0.06842740000047343,0.0007544999889432802,0.32952800000020943,0.16668659999959345,0.06786509999983537,0.048373999999967054,0.166687;0.167066;0.166142,0.067865;0.068157;0.067648,0.055614;0.047595;0.048374,,multiprocessing,2026-10-03T19:43:50+00:00
W8-00970,W8,n2-standard-8,Windows,2022Server,AMD64,Intel(R) Xeon(R) CPU @ 2.80GHz,intel,8,4,2800,34.4,3.14.6,CPython,1,spawn,2.5.3,io,io_sleep_return_payload,2257,65205,0.8,ms,normal,49,65228,8,8,0,1,1,0,0.002672349999860065,0.006858600478519125,0.28496868350672305,0.007521469850167253,1.6330952705483281,1.2,0.05268750000050204,0.0009542000025248853,0.19938460000048508,0.1414887999999337,0.020309000000452215,0.022058600000491424,0.141489,0.020309;0.019989;0.020905,0.022271;0.022031;0.022059,,threading,2026-10-03T19:43:51+00:00
W8-00971,W8,n2-standard-8,Windows,2022Server,AMD64,Intel(R) Xeon(R) CPU @ 2.80GHz,intel,8,4,2800,34.4,3.14.6,CPython,1,spawn,2.5.3,recursive,rec_nqueens,1,562691,0.8,ms,big,355,562713,8,2,1,10,0,0,0.0001854159091863039,1.0,0.3376572905444888,0.57422256980186,1.0118772429474923,0.0,0.036215899999660905,0.0036751999914486078,0.13284469999962312,0.06438259999958973,0.06709039999986999,0.6048638000002029,0.064226;0.065669;0.064383,0.067090;0.065162;0.067186,0.604864,,sequential,2026-10-03T19:43:53+00:00
W8-00972,W8,n2-standard-8,Windows,2022Server,AMD64,Intel(R) Xeon(R) CPU @ 2.80GHz,intel,8,4,2800,34.4,3.14.6,CPython,1,spawn,2.5.3,gil_release,gil_zlib,3,13985,0.3,ms,normal,242,14007,8,2,1,1,0,1,0.0008107733333266272,1.0,0.21787247546791044,0.009823954180155284,1.7886428141691113,5.7,0.07689219999974739,0.0010323000005882932,0.13284469999962312,0.20255689999976312,0.10253600000032748,0.1054455000003145,0.203739;0.202118;0.202557,0.102536;0.102312;0.102567,0.106708;0.105446;0.104933,,threading,2026-10-03T19:43:55+00:00
W8-00973,W8,n2-standard-8,Windows,2022Server,AMD64,Intel(R) Xeon(R) CPU @ 2.80GHz,intel,8,4,2800,34.4,3.14.6,CPython,1,spawn,2.5.3,io,io_sleep_return_payload,1889,192277,0.0,ms,big,29,192300,8,16,0,1,1,0,0.002419200000076671,0.008595845799611068,0.018149218391235598,0.01937476384356253,1.6650154869600624,0.0,0.027853600000526058,0.0005889000003662659,0.32952800000020943,0.07061950000024808,0.005458099999486876,0.008651099999951839,0.070620,0.005259;0.005467;0.005458,0.009143;0.008232;0.008651,,threading,2026-10-03T19:43:56+00:00
W8-00974,W8,n2-standard-8,Windows,2022Server,AMD64,Intel(R) Xeon(R) CPU @ 2.80GHz,intel,8,4,2800,34.4,3.14.6,CPython,1,spawn,2.5.3,text,text_csv_parse,13,112,0.8,ms,normal,37,131,8,8,2,3,0,0,0.0009195222224257628,1.0,0.4777793280209368,0.005643027172816163,0.9162886631642577,0.0,0.016861799999787763,0.00028869999823655235,0.19938460000048508,0.034737800000584684,0.03572880000047007,0.011722799999915878,0.034640;0.034738;0.035186,0.035844;0.035729;0.035062,0.011457;0.011731;0.011723,,multiprocessing,2026-10-03T19:43:57+00:00
W8-00975,W8,n2-standard-8,Windows,2022Server,AMD64,Intel(R) Xeon(R) CPU @ 2.80GHz,intel,8,4,2800,34.4,3.14.6,CPython,1,spawn,2.5.3,algo_rec,algo_sudoku,12,926,0.8,ms,normal,8,948,8,4,3,28,0,0,0.009472899999915777,1.0,0.713848555739567,0.0011858388744638423,0.4245426749468219,0.0,0.11477990000003047,0.00024649999977555126,0.15122020000035263,0.12173830000028829,0.12318240000058722,0.07284319999962463,0.120547;0.121788;0.121738,0.125463;0.122955;0.123182,0.072843;0.071291;0.091378,,multiprocessing,2026-10-03T19:43:58+00:00
W8-00976,W8,n2-standard-8,Windows,2022Server,AMD64,Intel(R) Xeon(R) CPU @ 2.80GHz,intel,8,4,2800,34.4,3.14.6,CPython,1,spawn,2.5.3,algo_rec,algo_sudoku,4,1666,0.8,ms,normal,8,1688,8,2,3,28,0,0,0.0013874666668319453,1.0,0.412568701815968,0.007928118454212107,1.7140332696727758,0.0,0.006553300000632589,0.00021430000015243422,0.13284469999962312,0.009568899999976566,0.01026960000035615,0.005709899999601475,0.009525;0.009604;0.009569,0.010270;0.009847;0.010381,0.005828;0.005710;0.005668,,multiprocessing,2026-10-03T19:43:59+00:00
W8-00977,W8,n2-standard-8,Windows,2022Server,AMD64,Intel(R) Xeon(R) CPU @ 2.80GHz,intel,8,4,2800,34.4,3.14.6,CPython,1,spawn,2.5.3,numpy,np_linalg_solve,341,1649152,0.0,seconds,big,119,1649175,8,2,0,3,0,1,0.008661233333441487,1.0,0.015367218974155602,0.10061884948237818,1.5692705430370917,0.0,0.09076989999994112,0.005548099999032274,0.13284469999962312,1.0107994999998482,0.6650112999996054,0.863458100000571,1.000625;1.010799;1.048898,0.669239;0.595952;0.665011,0.862345;0.863458;0.882506,,threading,2026-10-03T19:44:08+00:00
W8-00978,W8,n2-standard-8,Windows,2022Server,AMD64,Intel(R) Xeon(R) CPU @ 2.80GHz,intel,8,4,2800,34.4,3.14.6,CPython,1,spawn,2.5.3,big_result,result_long_string,842,677441,0.3,seconds,big,47,677464,8,8,1,1,0,0,0.022393099999741633,0.9996928204605996,0.06876898282935179,0.01901627435199071,1.4911238366345727,0.0,0.1149543999999878,0.0016214000006584683,0.19938460000048508,0.8490059000005203,0.8656527000002825,0.67586510000001,0.852892;0.829416;0.849006,0.865653;0.863087;0.874376,1.166041;0.675865;0.651560,,multiprocessing,2026-10-03T19:44:16+00:00
W8-00979,W8,n2-standard-8,Windows,2022Server,AMD64,Intel(R) Xeon(R) CPU @ 2.80GHz,intel,8,4,2800,34.4,3.14.6,CPython,1,spawn,2.5.3,big_result,result_matrix_lists,301,114743,0.0,ms,big,14,114766,8,16,2,5,0,0,0.010546933333595613,1.0,0.0014363104959311994,0.4205867107911555,0.974856646924246,0.0,0.07829779999974562,0.014107299999523093,0.32952800000020943,0.15406700000039564,0.1533015000004525,0.06876979999924515,0.156504;0.154067;0.149933,0.153302;0.152992;0.153643,0.068770;0.069408;0.068510,,multiprocessing,2026-10-03T19:44:18+00:00
W8-00980,W8,n2-standard-8,Windows,2022Server,AMD64,Intel(R) Xeon(R) CPU @ 2.80GHz,intel,8,4,2800,34.4,3.14.6,CPython,1,spawn,2.5.3,numpy,np_linalg_solve,353,273,0.8,seconds,normal,364,295.8181818181818,8,8,0,3,0,1,0.004921745454670268,0.9989545783200692,0.6650324973854751,0.0012024559591799254,1.3744364038619168,0.0,0.09631160000026284,0.00037789999896631343,0.19938460000048508,1.6379194000001007,0.8805497000003015,0.38348390000010113,1.631389;1.676888;1.637919,0.887052;0.873181;0.880550,0.483048;0.383484;0.380217,,multiprocessing,2026-10-03T19:44:27+00:00
W8-00981,W8,n2-standard-8,Windows,2022Server,AMD64,Intel(R) Xeon(R) CPU @ 2.80GHz,intel,8,4,2800,34.4,3.14.6,CPython,1,spawn,2.5.3,text,text_csv_parse,3,84,0.3,seconds,normal,21860,103,8,16,2,3,0,0,0.00020782863071698674,1.0,0.1465883050316259,0.018260236847316032,0.9858330297144886,7.0,0.10178489999998419,0.0007442999967679498,0.32952800000020943,4.528879399999823,4.452830000000176,1.2894360999998753,4.528879;4.511585;4.559996,4.451867;4.473799;4.452830,1.284646;1.289436;1.327843,,multiprocessing,2026-10-03T19:44:59+00:00
W8-00982,W8,n2-standard-8,Windows,2022Server,AMD64,Intel(R) Xeon(R) CPU @ 2.80GHz,intel,8,4,2800,34.4,3.14.6,CPython,1,spawn,2.5.3,big_payload,big_upper_copy,2,289586,0.8,ms,big,430,289608,8,2,0,0,0,0,0.0002026551401711267,1.0,0.14516466509659215,0.43677648610880426,0.9577445508833324,1.1,0.047252299999854586,0.0027483000021675252,0.13284469999962312,0.0929100000003018,0.10207420000006096,0.48153200000069774,0.092910;0.090250;0.093543,0.102074;0.108462;0.091428,0.481532,,sequential,2026-10-03T19:45:01+00:00
W8-00983,W8,n2-standard-8,Windows,2022Server,AMD64,Intel(R) Xeon(R) CPU @ 2.80GHz,intel,8,4,2800,34.4,3.14.6,CPython,1,spawn,2.5.3,big_payload,big_reverse,8,223518,0.0,ms,big,383,223540,8,8,0,0,0,0,0.000133480000017459,1.0,0.16105074058193414,0.5359229846947082,0.8229052921980068,2.3,0.03053399999953399,0.0023102999984985217,0.19938460000048508,0.06909110000015062,0.06731800000034127,0.2544252999996388,0.062633;0.069091;0.072549,0.065310;0.067369;0.067318,0.253254;0.262879;0.254425,,threading,2026-10-03T19:45:03+00:00
W8-00984,W8,n2-standard-8,Windows,2022Server,AMD64,Intel(R) Xeon(R) CPU @ 2.80GHz,intel,8,4,2800,34.4,3.14.6,CPython,1,spawn,2.5.3,cpu,cpu_count_primes,12159,81,0.8,seconds,normal,19,101,8,4,2,4,0,0,0.010696325000253637,1.0,0.4516325853410026,0.0008180379715577639,1.0065280363809415,0.0,0.08224770000015269,0.00023829999918234535,0.15122020000035263,0.1867872000002535,0.1888929000006101,0.05365989999972953,0.203055;0.186452;0.186787,0.190562;0.188893;0.188703,0.053389;0.054334;0.053660,,multiprocessing,2026-10-03T19:45:05+00:00
W8-00985,W8,n2-standard-8,Windows,2022Server,AMD64,Intel(R) Xeon(R) CPU @ 2.80GHz,intel,8,4,2800,34.4,3.14.6,CPython,1,spawn,2.5.3,algo_iter,algo_edit_distance,175,37,0.3,ms,normal,316,56,8,16,2,16,0,0,3.2730379724496374e-05,1.0,0.16509985934175211,0.12389101603946899,0.7641739049573076,0.0,0.0076447000001280685,0.0016046000018832274,0.32952800000020943,0.01007229999959236,0.011114200000520214,0.004861999999775435,0.010141;0.010047;0.010072,0.011417;0.011114;0.011065,0.005163;0.004862;0.004331,,multiprocessing,2026-10-03T19:45:05+00:00
W8-00986,W8,n2-standard-8,Windows,2022Server,AMD64,Intel(R) Xeon(R) CPU @ 2.80GHz,intel,8,4,2800,34.4,3.14.6,CPython,1,spawn,2.5.3,algo_iter,algo_kmeans,135,580,0.3,seconds,normal,141,602,8,4,3,15,0,0,0.0034785799999250836,1.0,0.154937879389397,0.0017689210829094153,0.9363769944364948,0.0,0.1103780999992523,0.0017734000002747052,0.15122020000035263,0.49582920000011654,0.5058080999997401,0.18577249999998457,0.495195;0.495829;0.499209,0.507052;0.504977;0.505808,0.185971;0.185772;0.134450,,multiprocessing,2026-10-03T19:45:09+00:00
W8-00987,W8,n2-standard-8,Windows,2022Server,AMD64,Intel(R) Xeon(R) CPU @ 2.80GHz,intel,8,4,2800,34.4,3.14.6,CPython,1,spawn,2.5.3,recursive,rec_tree_sum,5844,1010,0.8,seconds,normal,193,1033,8,8,0,4,0,0,0.002191426086858922,1.0,0.6273414728335313,0.0022337053459911375,0.6972283908713713,0.0,0.12387409999973897,0.0011802000026364112,0.19938460000048508,0.48613269999987097,0.51176039999973,0.1415636000001541,0.486133;0.484347;0.487013,0.522228;0.511760;0.511538,0.133993;0.141564;0.143028,,multiprocessing,2026-10-03T19:45:13+00:00
W8-00988,W8,n2-standard-8,Windows,2022Server,AMD64,Intel(R) Xeon(R) CPU @ 2.80GHz,intel,8,4,2800,34.4,3.14.6,CPython,1,spawn,2.5.3,algo_iter,algo_edit_distance,909,20,0.8,ms,normal,193,40,8,16,2,16,0,0,0.00014441250002998154,1.0,0.47506456609264675,0.02710984019114405,0.8912339717934894,0.0,0.015083699999195233,0.00039259999812202295,0.32952800000020943,0.029553200000009383,0.03073789999962173,0.009993499999836786,0.029553;0.029699;0.029379,0.030738;0.030684;0.031009,0.010168;0.009831;0.009993,,multiprocessing,2026-10-03T19:45:14+00:00
W8-00989,W8,n2-standard-8,Windows,2022Server,AMD64,Intel(R) Xeon(R) CPU @ 2.80GHz,intel,8,4,2800,34.4,3.14.6,CPython,1,spawn,2.5.3,big_payload,big_count_byte,204,3105973,0.3,seconds,big,64,3105995.0625,8,4,0,1,0,0,0.001853262499878383,1.0,0.004053022413736495,0.8517614207602978,0.9445305073111632,14.1,0.08684209999955783,0.02572100000179489,0.15122020000035263,0.11901279999983672,0.12091239999972458,0.43348040000000765,0.118392;0.119013;0.119021,0.120538;0.120912;0.133256,0.432775;0.452798;0.433480,,sequential,2026-10-03T19:45:17+00:00
W8-00990,W8,n2-standard-8,Windows,2022Server,AMD64,Intel(R) Xeon(R) CPU @ 2.80GHz,intel,8,4,2800,34.4,3.14.6,CPython,1,spawn,2.5.3,io,io_sleep_return_payload,729,2007,0.0,ms,normal,10,2030,8,8,0,1,1,0,0.001423633333312561,0.020434995859262815,0.044079598157379635,0.009342293204626017,1.3607897267498,11.7,0.007804800000485557,0.00025210000057995785,0.19938460000048508,0.01449774999946385,0.003044199999749253,0.0030753000000913744,0.014504;0.014491,0.003320;0.003044;0.002873,0.003082;0.002985;0.003075,,threading,2026-10-03T19:45:18+00:00
W8-00991,W8,n2-standard-8,Windows,2022Server,AMD64,Intel(R) Xeon(R) CPU @ 2.80GHz,intel,8,4,2800,34.4,3.14.6,CPython,1,spawn,2.5.3,cpu,cpu_collatz,742,472,0.0,ms,normal,15,495,8,2,2,5,0,0,0.0030455666665147874,1.0,0.005038755019065488,0.003918263579054005,0.882847110667109,4.9,0.020465100000365055,0.00092540000059671,0.13284469999962312,0.04570640000019921,0.04733699999997043,0.025054699999600416,0.045706;0.045911;0.045576,0.047337;0.047719;0.046350,0.025161;0.025055;0.024807,,multiprocessing,2026-10-03T19:45:19+00:00
W8-00992,W8,n2-standard-8,Windows,2022Server,AMD64,Intel(R) Xeon(R) CPU @ 2.80GHz,intel,8,4,2800,34.4,3.14.6,CPython,1,spawn,2.5.3,big_payload,big_checksum_head,277,3742783,0.3,ms,big,53,3742805.6923076925,8,16,1,1,0,0,7.907692214268116e-06,1.0,0.20853002321247935,237.33268762747636,0.16206223273373888,14.8,0.025944600000002538,0.02516830000149639,0.32952800000020943,0.00035959999968326883,0.001135499999691092,0.230408699999316,0.000396;0.000360;0.000358,0.001241;0.001135;0.001023,0.230409,,sequential,2026-10-03T19:45:20+00:00
W8-00993,W8,n2-standard-8,Windows,2022Server,AMD64,Intel(R) Xeon(R) CPU @ 2.80GHz,intel,8,4,2800,34.4,3.14.6,CPython,1,spawn,2.5.3,io,io_sleep_return_payload,1852,23628,0.8,seconds,normal,117,23651,8,16,0,1,1,0,0.002410513636360437,0.0072622314077075345,0.37060714200396205,0.004291616445629245,1.7410745938140997,12.9,0.08448590000080003,0.0005328000006556977,0.32952800000020943,0.3064323999997214,0.02281230000062351,0.02349080000021786,0.306432,0.021634;0.022932;0.022812,0.022912;0.023491;0.023952,,threading,2026-10-03T19:45:21+00:00
W8-00994,W8,n2-standard-8,Windows,2022Server,AMD64,Intel(R) Xeon(R) CPU @ 2.80GHz,intel,8,4,2800,34.4,3.14.6,CPython,1,spawn,2.5.3,big_payload,big_reverse,1,1757608,0.8,seconds,big,113,1757630,8,2,0,0,0,0,0.0009608928571326812,1.0,0.014744143015991102,1.929720869736096,0.8711234926858773,8.7,0.09538440000051196,0.03756280000106926,0.13284469999962312,0.11568150000039168,0.1170949000006658,0.7112888000001476,0.114789;0.116864;0.115682,0.117095;0.116178;0.118110,0.711289,,sequential,2026-10-03T19:45:24+00:00
W8-00995,W8,n2-standard-8,Windows,2022Server,AMD64,Intel(R) Xeon(R) CPU @ 2.80GHz,intel,8,4,2800,34.4,3.14.6,CPython,1,spawn,2.5.3,algo_iter,algo_dijkstra,383,153,0.0,seconds,normal,415,173,8,16,2,15,0,0,0.0008286344261891753,1.0,0.027248529732656596,0.004797048878712515,0.9709983473285546,2.3,0.10296959999959654,0.00043120000191265717,0.32952800000020943,0.344402199999422,0.35552929999994376,0.099267300000065,0.344637;0.344247;0.344402,0.355529;0.357139;0.355201,0.098765;0.099267;0.099518,,multiprocessing,2026-10-03T19:45:27+00:00
W8-00996,W8,n2-standard-8,Windows,2022Server,AMD64,Intel(R) Xeon(R) CPU @ 2.80GHz,intel,8,4,2800,34.4,3.14.6,CPython,1,spawn,2.5.3,numpy,np_linalg_solve,155,332,0.8,ms,normal,30,354,8,8,0,3,0,1,0.0006828571426272642,1.0,1.0375736069574568,0.009665272311649873,1.0747243399275797,0.0,0.009037800000442076,0.0003096000018558698,0.19938460000048508,0.011863000000630564,0.017959699999664736,0.006558699999914097,0.013313;0.011784;0.011863,0.018185;0.017960;0.017913,0.006559;0.006630;0.006213,,multiprocessing,2026-10-03T19:45:28+00:00
W8-00997,W8,n2-standard-8,Windows,2022Server,AMD64,Intel(R) Xeon(R) CPU @ 2.80GHz,intel,8,4,2800,34.4,3.14.6,CPython,1,spawn,2.5.3,big_payload,big_checksum_head,233,328177,0.0,ms,big,609,328199,8,8,1,1,0,0,6.057894731719371e-06,1.0,0.10690507687135643,11.546915740785817,0.5664118534033472,0.0,0.004543899999589485,0.0018781000007948023,0.19938460000048508,0.0034833999998227227,0.004383199999210774,0.5990787000000637,0.003625;0.003483;0.003435,0.004591;0.004321;0.004383,0.599079,,sequential,2026-10-03T19:45:29+00:00
W8-00998,W8,n2-standard-8,Windows,2022Server,AMD64,Intel(R) Xeon(R) CPU @ 2.80GHz,intel,8,4,2800,34.4,3.14.6,CPython,1,spawn,2.5.3,db,db_file_commit,4,7248,0.3,seconds,normal,352,7270,8,16,1,0,1,0,0.025169100000008864,0.2167963219315617,0.09319474556781478,0.000689999500258936,1.5625759626994387,0.8,0.12288950000038312,0.001081999999769323,0.32952800000020943,6.530564900000172,4.172573899999406,2.9049222000003283,6.739492;6.465584;6.530565,4.172574;2.960391;4.206862,2.328572;4.135663;2.904922,,multiprocessing,2026-10-03T19:46:10+00:00
W8-00999,W8,n2-standard-8,Windows,2022Server,AMD64,Intel(R) Xeon(R) CPU @ 2.80GHz,intel,8,4,2800,34.4,3.14.6,CPython,1,spawn,2.5.3,big_payload,big_count_byte,89,114726,0.8,ms,big,1743,114748,8,8,0,1,0,0,6.887218392437027e-05,1.0,0.029030398365944173,0.331411010755629,0.9449513788820071,0.0,0.06342610000046989,0.001494299993282766,0.19938460000048508,0.12021180000010645,0.12229600000046048,0.5884556000000885,0.120212;0.120558;0.120187,0.121262;0.122577;0.122296,0.598139;0.588456;0.588134,,sequential,2026-10-03T19:46:14+00:00
W8-01000,W8,n2-standard-8,Windows,2022Server,AMD64,Intel(R) Xeon(R) CPU @ 2.80GHz,intel,8,4,2800,34.4,3.14.6,CPython,1,spawn,2.5.3,big_result,result_records,2027,429189,0.3,ms,big,214,429212,8,16,1,2,0,0,0.0008962301886503207,1.0,0.45742320033469425,1.2273855690072693,0.6646757126719429,0.0,0.14223159999983181,0.02296350000142411,0.32952800000020943,0.2713521999994555,0.258139200000187,0.3545051999999487,0.271352;0.279680;0.244451,0.253067;0.258139;0.295833,0.359271;0.354505;0.344739,,threading,2026-10-03T19:46:18+00:00
W8-01001,W8,n2-standard-8,Windows,2022Server,AMD64,Intel(R) Xeon(R) CPU @ 2.80GHz,intel,8,4,2800,34.4,3.14.6,CPython,1,spawn,2.5.3,cpu,cpu_matmul_lists,5,30,0.8,ms,normal,1013,49,8,4,3,5,0,0,1.673913044329749e-05,1.0,0.817121562487226,0.22999999352938014,0.7990959225945846,0.0,0.01122769999983575,0.0015681999975640792,0.15122020000035263,0.021275299999615527,0.017970400000194786,0.007600199999615143,0.016732;0.021275;0.021411,0.017249;0.018044;0.017970,0.009861;0.007600;0.007445,,multiprocessing,2026-10-03T19:46:18+00:00
W8-01002,W8,n2-standard-8,Windows,2022Server,AMD64,Intel(R) Xeon(R) CPU @ 2.80GHz,intel,8,4,2800,34.4,3.14.6,CPython,1,spawn,2.5.3,algo_rec,algo_merge_sort,3031,554063,0.0,ms,big,37,554086,8,4,1,10,0,0,0.005919199999981275,1.0,0.015578074181351705,0.05364275953743756,0.9800945961879712,0.0,0.11180090000016207,0.0042995000003429595,0.15122020000035263,0.2166589999997086,0.22296899999946618,0.08375160000014148,0.215335;0.217470;0.216659,0.224204;0.222969;0.221551,0.093483;0.083752;0.082665,,multiprocessing,2026-10-03T19:46:21+00:00
W8-01003,W8,n2-standard-8,Windows,2022Server,AMD64,Intel(R) Xeon(R) CPU @ 2.80GHz,intel,8,4,2800,34.4,3.14.6,CPython,1,spawn,2.5.3,algo_iter,algo_dijkstra,1474,226167,0.3,seconds,big,676,226190,8,8,2,15,0,0,0.004121730769069332,1.0,0.13815147493283989,0.010443708234437573,1.0464872417165634,0.0,0.1058606000005966,0.0008581000029153074,0.19938460000048508,2.5699445999998716,2.711816500000168,0.8085624000004827,2.574611;2.565560;2.569945,2.711817;2.715952;2.710842,0.808562;0.816617;0.801952,,multiprocessing,2026-10-03T19:46:40+00:00
W8-01004,W8,n2-standard-8,Windows,2022Server,AMD64,Intel(R) Xeon(R) CPU @ 2.80GHz,intel,8,4,2800,34.4,3.14.6,CPython,1,spawn,2.5.3,big_result,result_matrix_lists,14,174,0.8,ms,normal,3824,193,8,8,2,5,0,0,2.6879707112057535e-05,1.0,1.4836758545329318,0.5098641862048751,0.9772972641110879,1.2,0.0546795000000202,0.0021267000010993797,0.19938460000048508,0.10732959999950253,0.11999239999931888,0.04904759999953967,0.107808;0.107330;0.105703,0.119992;0.108820;0.122519,0.049048;0.048372;0.049982,,multiprocessing,2026-10-03T19:46:41+00:00
W8-01005,W8,n2-standard-8,Windows,2022Server,AMD64,Intel(R) Xeon(R) CPU @ 2.80GHz,intel,8,4,2800,34.4,3.14.6,CPython,1,spawn,2.5.3,algo_rec,algo_merge_sort,392,17,0.0,ms,normal,188,37,8,16,1,10,0,0,0.0005965468084507441,1.0,0.024901312955890122,0.04497551500288169,0.9388776999217252,0.0,0.05878439999924012,0.0008816000017759507,0.32952800000020943,0.11320740000064689,0.11679499999991094,0.035814400000163005,0.112299;0.113207;0.113220,0.116795;0.119349;0.116429,0.036667;0.035814;0.035443,,multiprocessing,2026-10-03T19:46:43+00:00
W8-01006,W8,n2-standard-8,Windows,2022Server,AMD64,Intel(R) Xeon(R) CPU @ 2.80GHz,intel,8,4,2800,34.4,3.14.6,CPython,1,spawn,2.5.3,big_result,result_matrix_lists,21,353,0.8,seconds,normal,3969,375,8,16,2,5,0,0,6.236591478451023e-05,1.0,0.9333243719088987,0.4304434591530635,0.95341951554128,0.0,0.10449939999944036,0.002134300001671363,0.32952800000020943,0.2502328000000489,0.27077899999949295,0.1058179999999993,0.248877;0.250587;0.250233,0.271459;0.270779;0.254444,0.104266;0.105818;0.129412,,multiprocessing,2026-10-03T19:46:45+00:00
W8-01007,W8,n2-standard-8,Windows,2022Server,AMD64,Intel(R) Xeon(R) CPU @ 2.80GHz,intel,8,4,2800,34.4,3.14.6,CPython,1,spawn,2.5.3,numpy,np_sort,265033,283132,0.0,ms,big,12,283166,8,16,0,3,0,1,0.012592666666629762,1.0,0.006838369719316933,0.0071734872117374966,1.3351679959221825,0.0,0.0665168999994421,0.0005017999992560362,0.32952800000020943,0.15448149999974703,0.048917099999925995,0.04163880000032805,0.154113;0.154481;0.155693,0.049292;0.047999;0.048917,0.041639;0.041560;0.051953,,multiprocessing,2026-10-03T19:46:47+00:00
W8-01008,W8,n2-standard-8,Windows,2022Server,AMD64,Intel(R) Xeon(R) CPU @ 2.80GHz,intel,8,4,2800,34.4,3.14.6,CPython,1,spawn,2.5.3,io,io_sleep,1230,891222,0.3,seconds,big,209,891245,8,4,0,1,1,0,0.0018737444444788573,0.006273550477849622,0.1617273272806704,0.22150032313452686,2.160185124228362,2.3,0.0835001999994347,0.009117299999161332,0.15122020000035263,0.3894578999997975,0.09963270000025659,0.4977607999999236,0.389458;0.388022;0.389474,0.099633;0.098979;0.101703,0.497761,,threading,2026-10-03T19:46:50+00:00
W8-01009,W8,n2-standard-8,Windows,2022Server,AMD64,Intel(R) Xeon(R) CPU @ 2.80GHz,intel,8,4,2800,34.4,3.14.6,CPython,1,spawn,2.5.3,numpy,np_sort,5009,275191,0.8,ms,big,62,275214,8,4,0,3,0,1,0.001421433333416644,1.0,0.1188880618557034,0.034354993811502484,1.4608773154748949,0.8,0.03693879999991623,0.0010244999984934111,0.15122020000035263,0.08613009999953647,0.03516010000021197,0.04040030000032857,0.085388;0.086130;0.086244,0.035160;0.034147;0.035361,0.040400;0.041260;0.040191,,threading,2026-10-03T19:46:51+00:00
W8-01010,W8,n2-standard-8,Windows,2022Server,AMD64,Intel(R) Xeon(R) CPU @ 2.80GHz,intel,8,4,2800,34.4,3.14.6,CPython,1,spawn,2.5.3,cpu,cpu_matmul_lists,11,474,0.0,ms,normal,314,496,8,4,3,5,0,0,8.188205134875039e-05,1.0,0.031571657173494104,0.04811799261748848,0.8833666755518835,4.7,0.014131899999483721,0.00043139999434060883,0.15122020000035263,0.025406400000065332,0.02611920000072132,0.011490699999740173,0.025406;0.025319;0.025480,0.026000;0.026119;0.027366,0.011491;0.011500;0.011369,,multiprocessing,2026-10-03T19:46:52+00:00
W8-01011,W8,n2-standard-8,Windows,2022Server,AMD64,Intel(R) Xeon(R) CPU @ 2.80GHz,intel,8,4,2800,34.4,3.14.6,CPython,1,spawn,2.5.3,algo_rec,algo_merge_sort,144,240996,0.0,ms,big,367,241018,8,8,1,10,0,0,0.00020001318682841303,1.0,0.03361735907648436,0.24975853345152824,0.9594311492385658,0.0,0.03864149999935762,0.001400999998622865,0.19938460000048508,0.07401130000016565,0.07527730000037991,0.19871359999979177,0.073382;0.074011;0.077814,0.076260;0.075277;0.075250,0.202892;0.198714;0.198566,,sequential,2026-10-03T19:46:53+00:00
W8-01012,W8,n2-standard-8,Windows,2022Server,AMD64,Intel(R) Xeon(R) CPU @ 2.80GHz,intel,8,4,2800,34.4,3.14.6,CPython,1,spawn,2.5.3,mixed,mixed_parse_lines,7,1469,0.3,ms,normal,66,1491,8,16,2,3,1,0,0.0014232437499686057,0.3531703936903432,0.08397010433789297,0.0035262757365946583,1.9842105718749723,0.0,0.03545040000062727,0.00108390000059444,0.32952800000020943,0.09188780000022234,0.035386199999265955,0.011230000000068685,0.091888,0.035386;0.036666;0.035132,0.011011;0.011744;0.011230,,multiprocessing,2026-10-03T19:46:54+00:00
W8-01013,W8,n2-standard-8,Windows,2022Server,AMD64,Intel(R) Xeon(R) CPU @ 2.80GHz,intel,8,4,2800,34.4,3.14.6,CPython,1,spawn,2.5.3,db,db_mem_group_by,4700,42,0.0,ms,normal,26,62,8,8,1,2,1,0,0.004754250000284325,1.0,0.014795726846305354,0.0012094441445196229,0.6355264220136682,0.0,0.07416939999984606,0.0009711999982755515,0.19938460000048508,0.12213160000010248,0.6827977000002647,0.03569199999947159,0.122132;0.121166;0.123101,0.682798,0.035692;0.036098;0.035211,,multiprocessing,2026-10-03T19:46:56+00:00
W8-01014,W8,n2-standard-8,Windows,2022Server,AMD64,Intel(R) Xeon(R) CPU @ 2.80GHz,intel,8,4,2800,34.4,3.14.6,CPython,1,spawn,2.5.3,mixed,mixed_hash_then_write,601,3006,0.3,seconds,normal,18837,3029,8,8,1,3,1,0,0.00020726750000600683,0.9998125023572187,0.11352828304434215,0.022193541995322162,1.0883510330046766,0.0,0.09706339999956981,0.0016755999977249303,0.19938460000048508,4.094996199999514,3.463813299999856,3.5783227000001716,4.051272;4.094996;4.260154,3.531439;3.386084;3.463813,3.486442;3.578323;3.590057,,threading,2026-10-03T19:47:30+00:00
W8-01015,W8,n2-standard-8,Windows,2022Server,AMD64,Intel(R) Xeon(R) CPU @ 2.80GHz,intel,8,4,2800,34.4,3.14.6,CPython,1,spawn,2.5.3,algo_rec,algo_sudoku,4,152,0.3,seconds,normal,1287,171,8,2,3,28,0,0,0.00219170000016912,1.0,0.6406639024777915,0.002263083441164176,0.40945775982295984,12.5,0.17532010000013543,0.0004546999962258269,0.13284469999962312,5.0657296999997925,5.072172799999862,2.7410917999995945,5.071553;5.065730;5.063731,5.065179;5.104263;5.072173,2.741092;2.717718;2.741657,,multiprocessing,2026-10-03T19:48:10+00:00
W8-01016,W8,n2-standard-8,Windows,2022Server,AMD64,Intel(R) Xeon(R) CPU @ 2.80GHz,intel,8,4,2800,34.4,3.14.6,CPython,1,spawn,2.5.3,io,io_file_roundtrip,2,1028,0.8,ms,normal,8,1050,8,16,1,0,1,0,0.010142400000101285,0.12853683220207748,0.1328240496455631,0.0010418309454710882,2.0215869312002757,0.0,0.04721849999987171,0.0002713999992920435,0.32952800000020943,0.036596100000679144,0.011142599999402591,0.011228500000470376,0.044876;0.035958;0.036596,0.011143;0.011149;0.010360,0.011229;0.011703;0.010918,,threading,2026-10-03T19:48:10+00:00
W8-01017,W8,n2-standard-8,Windows,2022Server,AMD64,Intel(R) Xeon(R) CPU @ 2.80GHz,intel,8,4,2800,34.4,3.14.6,CPython,1,spawn,2.5.3,io,io_sleep_return_payload,4536,1099,0.0,seconds,normal,130,1122,8,8,0,1,1,0,0.005356999999912659,0.0047066758131087015,0.008048791236244641,0.0012899010559116325,1.9743046585845372,0.0,0.08120140000028186,0.0003693000007842784,0.19938460000048508,0.6959994999997434,0.1078482000002623,0.10304369999994378,0.695999,0.107866;0.107848;0.107724,0.103750;0.103044;0.102620,,multiprocessing,2026-10-03T19:48:12+00:00
W8-01018,W8,n2-standard-8,Windows,2022Server,AMD64,Intel(R) Xeon(R) CPU @ 2.80GHz,intel,8,4,2800,34.4,3.14.6,CPython,1,spawn,2.5.3,io,io_file_roundtrip,3,32080,0.3,ms,normal,8,32102,8,8,1,0,1,0,0.02495526666674171,0.08588040933771136,0.15760752036491227,0.0008000983152671467,2.6194729456115233,0.0,0.10131050000018149,0.00029119999999238644,0.19938460000048508,0.15349519999926997,0.03525830000035057,0.03600360000018554,0.158566;0.151799;0.153495,0.036710;0.035258;0.034729,0.036643;0.034388;0.036004,,threading,2026-10-03T19:48:14+00:00
W8-01019,W8,n2-standard-8,Windows,2022Server,AMD64,Intel(R) Xeon(R) CPU @ 2.80GHz,intel,8,4,2800,34.4,3.14.6,CPython,1,spawn,2.5.3,gil_release,gil_numpy_matmul,27,1901,0.0,seconds,normal,66382,1923,8,16,0,2,0,1,1.3890349994198914e-05,1.0,0.19091017669582067,0.3876792218363237,0.4432874375149083,0.0,0.09522870000000694,0.004046700011713256,0.32952800000020943,0.8946685999999318,3.0136844999979076,0.4027368999995815,0.894669,3.013684,0.402737,threading,multiprocessing,2026-10-03T19:48:19+00:00
W8-01020,W8,n2-standard-8,Windows,2022Server,AMD64,Intel(R) Xeon(R) CPU @ 2.80GHz,intel,8,4,2800,34.4,3.14.6,CPython,1,spawn,2.5.3,cpu,cpu_collatz,2452,49,0.0,seconds,normal,275,69,8,4,2,5,0,0,0.01249602000007144,1.0,0.001459866567120204,0.0009443006793184319,0.9825701636605434,0.0,0.14764219999960915,0.021484399999280868,0.1524319000000105,3.4487961999993786,3.499084299999595,1.0096885000002658,3.461914;3.442080;3.448796,3.499084;3.496339;3.503014,0.902546;1.009689;1.012387,,multiprocessing,2026-10-03T19:48:44+00:00
W8-01021,W8,n2-standard-8,Windows,2022Server,AMD64,Intel(R) Xeon(R) CPU @ 2.80GHz,intel,8,4,2800,34.4,3.14.6,CPython,1,spawn,2.5.3,big_result,result_matrix_lists,13,53,0.3,ms,normal,433,72,8,8,2,5,0,0,2.2257407383424128e-05,1.0,1.0134483056558792,0.6379898495033636,0.4403824648213545,0.0,0.009204599999975471,0.0012630000019271392,0.18962359999932232,0.008637799999632989,0.009989000000132364,0.006074799999623792,0.016223;0.008638;0.008448,0.010579;0.009407;0.009989,0.008549;0.006075;0.005509,,multiprocessing,2026-10-03T19:48:45+00:00
W8-01022,W8,n2-standard-8,Windows,2022Server,AMD64,Intel(R) Xeon(R) CPU @ 2.80GHz,intel,8,4,2800,34.4,3.14.6,CPython,1,spawn,2.5.3,cpu,cpu_matmul_lists,5,148,0.0,seconds,normal,200000,167,8,2,3,5,0,0,1.177744999222341e-05,1.0,0.05696097696665372,0.3748689283799919,0.9732536142352416,0.0,0.05285430000003544,0.004108400015866209,0.12782359999982873,2.3452159999997093,2.434548999999606,1.2553702000004705,2.338743;2.345216;2.346833,2.434549;2.438929;2.427276,1.254220;1.255700;1.255370,,multiprocessing,2026-10-03T19:49:04+00:00
W8-01023,W8,n2-standard-8,Windows,2022Server,AMD64,Intel(R) Xeon(R) CPU @ 2.80GHz,intel,8,4,2800,34.4,3.14.6,CPython,1,spawn,2.5.3,mixed,mixed_json_roundtrip,11,879706,0.8,ms,big,19,879728,8,4,1,1,1,0,0.00040564999994785467,0.8383599484742003,0.3261342600306919,0.9930974974110944,0.40990907770190854,0.0,0.007522900000367372,0.0025812000003497815,0.1524319000000105,0.010638100000505801,0.007459499999640684,0.025408299999980954,0.008046;0.010638;0.010767,0.007459;0.007576;0.007190,0.025408;0.025435;0.024620,,threading,2026-10-03T19:49:05+00:00
W8-01024,W8,n2-standard-8,Windows,2022Server,AMD64,Intel(R) Xeon(R) CPU @ 2.80GHz,intel,8,4,2800,34.4,3.14.6,CPython,1,spawn,2.5.3,io,io_file_roundtrip,1,5928,0.3,ms,normal,18,5950,8,16,1,0,1,0,0.007589599999846541,0.0834334468401478,0.13902243499973468,0.0016436966307658764,1.7662252367112143,0.0,0.0473188999994818,0.0010561999997662497,0.2297377000004417,0.1280482000001939,0.012023799999951734,0.01485430000047927,0.128048,0.012024;0.010570;0.012375,0.025168;0.014854;0.013133,,threading,2026-10-03T19:49:06+00:00
W8-01025,W8,n2-standard-8,Windows,2022Server,AMD64,Intel(R) Xeon(R) CPU @ 2.80GHz,intel,8,4,2800,34.4,3.14.6,CPython,1,spawn,2.5.3,cpu,cpu_count_primes,1580,223,0.0,ms,normal,391,243,8,2,2,4,0,0,0.0005335851063794875,1.0,0.01929225318914522,0.008555336191755037,0.9820737003795912,4.2,0.10251969999990251,0.0011801000000559725,0.12782359999982873,0.20788059999995312,0.2135022000002209,0.10575849999986531,0.207881;0.211450;0.207567,0.213437;0.213502;0.214469,0.106118;0.105758;0.105495,,multiprocessing,2026-10-03T19:49:08+00:00
W8-01026,W8,n2-standard-8,Windows,2022Server,AMD64,Intel(R) Xeon(R) CPU @ 2.80GHz,intel,8,4,2800,34.4,3.14.6,CPython,1,spawn,2.5.3,mixed,mixed_compute_then_sleep,21055,680965,0.0,ms,big,11,680988,8,8,1,3,1,0,0.001909433333215323,0.48989208488300096,0.03049393203942506,0.21528202079790595,1.32007580016545,0.0,0.012298600000576698,0.0020784000007552095,0.18962359999932232,0.02132400000027701,0.012147699999331962,0.0113350999999966,0.021252;0.021423;0.021324,0.012148;0.012173;0.012132,0.012337;0.011335;0.010879,,multiprocessing,2026-10-03T19:49:09+00:00
W8-01027,W8,n2-standard-8,Windows,2022Server,AMD64,Intel(R) Xeon(R) CPU @ 2.80GHz,intel,8,4,2800,34.4,3.14.6,CPython,1,spawn,2.5.3,text,text_csv_parse,2,158272,0.3,seconds,big,8,158294,8,4,2,3,0,0,0.26117530000010447,0.9999664341298445,0.16253954374868265,0.00014702768655981588,0.9872774671377504,0.0,1.6695554999996602,0.0011271999992459314,0.1524319000000105,2.3656591999997545,2.2892082000007576,0.7009412000006705,2.235003;2.394866;2.365659,2.289208;2.297214;2.269154,0.707939;0.636870;0.700941,,multiprocessing,2026-10-03T19:49:27+00:00
W8-01028,W8,n2-standard-8,Windows,2022Server,AMD64,Intel(R) Xeon(R) CPU @ 2.80GHz,intel,8,4,2800,34.4,3.14.6,CPython,1,spawn,2.5.3,text,text_csv_parse,15,245,0.0,ms,normal,8,264,8,16,2,3,0,0,0.0022655000002487213,1.0,0.008799851876918377,0.004222761619154818,0.9223003109530057,13.3,0.014483699999800592,0.00022809999882156262,0.2297377000004417,0.018200200000137556,0.01889409999967029,0.008147999999891908,0.018527;0.018200;0.017504,0.019445;0.018894;0.018863,0.007691;0.008148;0.008294,,multiprocessing,2026-10-03T19:49:35+00:00
W8-01029,W8,n2-standard-8,Windows,2022Server,AMD64,Intel(R) Xeon(R) CPU @ 2.80GHz,intel,8,4,2800,34.4,3.14.6,CPython,1,spawn,2.5.3,algo_rec,algo_merge_sort,8740,183965,0.3,seconds,big,48,183988,8,2,1,10,0,0,0.016775766666493535,0.999300635470385,0.12014512750885142,0.03224492471306976,0.7463841765032373,5.1,0.11781450000034965,0.002981200001158868,0.12782359999982873,0.9404248000000734,0.9574007999999594,0.5102738999994472,0.940425;0.965736;0.935927,0.957249;0.966005;0.957401,0.514749;0.507533;0.510274,,multiprocessing,2026-10-03T19:49:43+00:00
W8-01030,W8,n2-standard-8,Windows,2022Server,AMD64,Intel(R) Xeon(R) CPU @ 2.80GHz,intel,8,4,2800,34.4,3.14.6,CPython,1,spawn,2.5.3,db,db_mem_group_by,11,186,0.8,ms,normal,154,205,8,2,1,2,1,0,0.00011479473694539353,1.0,0.3321621640973905,0.031011873566324982,0.8232321961476918,0.0,0.01053219999994326,0.0010677999962354079,0.12782359999982873,0.016460499999993772,0.01904629999989993,0.009574300000167568,0.016487;0.016460;0.016372,0.019046;0.018854;0.019221,0.010310;0.009542;0.009574,,multiprocessing,2026-10-03T19:49:44+00:00
W8-01031,W8,n2-standard-8,Windows,2022Server,AMD64,Intel(R) Xeon(R) CPU @ 2.80GHz,intel,8,4,2800,34.4,3.14.6,CPython,1,spawn,2.5.3,db,db_file_lookup,201,248,0.3,ms,normal,8,267,8,16,1,5,1,0,0.004800333333150775,1.0,0.15482653986517403,0.0015762794282250853,0.3809962117050853,0.0,0.0551911000002292,0.0012944000009156298,0.2297377000004417,0.03775370000039402,0.2766415000005509,0.04516460000013467,0.037812;0.037648;0.037754,0.276642,0.046389;0.045165;0.012305,,sequential,2026-10-03T19:49:45+00:00
W8-01032,W8,n2-standard-8,Windows,2022Server,AMD64,Intel(R) Xeon(R) CPU @ 2.80GHz,intel,8,4,2800,34.4,3.14.6,CPython,1,spawn,2.5.3,text,text_split_count,99,3218,0.3,ms,normal,8,3240,8,2,1,1,0,0,0.016462799999923543,1.0,0.08170132536447679,0.0006803216822093321,1.0087069100961257,0.0,0.09867450000001554,0.000875100000484963,0.12782359999982873,0.12034210000001622,0.12638200000037614,0.0652446999993117,0.119258;0.120342;0.121107,0.126382;0.124256;0.127404,0.065456;0.065024;0.065245,,multiprocessing,2026-10-03T19:49:47+00:00
W8-01033,W8,n2-standard-8,Windows,2022Server,AMD64,Intel(R) Xeon(R) CPU @ 2.80GHz,intel,8,4,2800,34.4,3.14.6,CPython,1,spawn,2.5.3,algo_rec,algo_sudoku,19,117,0.8,ms,normal,8,136,8,2,3,28,0,0,0.014237933333182204,1.0,0.44858321097613846,0.000819407311587633,1.2450694207671327,0.0,0.07446890000028361,0.0020273000009183306,0.12782359999982873,0.09225990000049933,0.09480020000046352,0.054040400000303634,0.092260;0.091771;0.092290,0.094800;0.094893;0.094693,0.054040;0.053689;0.054257,,multiprocessing,2026-10-03T19:49:48+00:00
W8-01034,W8,n2-standard-8,Windows,2022Server,AMD64,Intel(R) Xeon(R) CPU @ 2.80GHz,intel,8,4,2800,34.4,3.14.6,CPython,1,spawn,2.5.3,algo_iter,algo_edit_distance,163,416426,0.0,seconds,big,480,416448,8,2,2,16,0,0,0.0003626524999920851,1.0,0.0374509613069995,0.17727714610827813,0.9624749962750658,0.0,0.09172610000041459,0.002911500001573586,0.12782359999982873,0.17561230000046635,0.18115409999973053,0.635915599999862,0.174143;0.175612;0.176387,0.181154;0.180753;0.181237,0.607780;0.635916;0.643365,,sequential,2026-10-03T19:49:52+00:00
W8-01035,W8,n2-standard-8,Windows,2022Server,AMD64,Intel(R) Xeon(R) CPU @ 2.80GHz,intel,8,4,2800,34.4,3.14.6,CPython,1,spawn,2.5.3,big_payload,big_upper_copy,6,167391,0.0,seconds,big,1194,167413,8,2,0,0,0,0,0.00011241409394288656,1.0,0.15542537408646506,0.4621751441429902,0.9403674782749044,0.0,0.0715728000004674,0.002262700006212981,0.12782359999982873,0.1528701999995974,0.17043509999984963,0.8634782999997697,0.151789;0.152870;0.156404,0.170435;0.156450;0.176632,0.863478,,sequential,2026-10-03T19:49:55+00:00
W8-01036,W8,n2-standard-8,Windows,2022Server,AMD64,Intel(R) Xeon(R) CPU @ 2.80GHz,intel,8,4,2800,34.4,3.14.6,CPython,1,spawn,2.5.3,algo_iter,algo_game_of_life,2,493,0.8,ms,normal,8,515,8,8,5,9,0,0,0.0029434333331058347,1.0,0.37287605334975016,0.02477832008807932,1.1186592615242132,5.3,0.020167000000583357,0.0015719000011813478,0.18962359999932232,0.02614700000049197,0.026912799999990966,0.009946899999704328,0.026124;0.026147;0.026258,0.026902;0.026913;0.027239,0.009691;0.009947;0.010060,,multiprocessing,2026-10-03T19:49:56+00:00
W8-01037,W8,n2-standard-8,Windows,2022Server,AMD64,Intel(R) Xeon(R) CPU @ 2.80GHz,intel,8,4,2800,34.4,3.14.6,CPython,1,spawn,2.5.3,numpy,np_elementwise,75417,995418,0.8,seconds,big,48,995447.2857142857,8,16,0,4,0,0,0.00726072857118457,1.0,0.17342116163384808,0.0637834456024158,2.081988441455413,0.0,0.08018499999980122,0.004257200001120509,0.2297377000004417,0.3195802000000185,0.0926396000004388,0.12202280000019528,0.319580;0.308665;0.358887,0.092914;0.091072;0.092640,0.307289;0.102381;0.122023,,threading,2026-10-03T19:49:58+00:00
W8-01038,W8,n2-standard-8,Windows,2022Server,AMD64,Intel(R) Xeon(R) CPU @ 2.80GHz,intel,8,4,2800,34.4,3.14.6,CPython,1,spawn,2.5.3,io,io_sleep,285,176222,0.0,ms,big,77,176245,8,2,0,1,1,0,0.0009681263157912518,0.011846182224638185,0.03137856808001751,0.03841930155865431,1.8801681683922524,3.5,0.02972169999975449,0.0013974000003145193,0.12782359999982873,0.07503229999929317,0.03904419999980746,0.04943890000049578,0.075113;0.075023;0.075032,0.039035;0.039044;0.039181,0.049953;0.049439;0.049309,,threading,2026-10-03T19:50:00+00:00
W8-01039,W8,n2-standard-8,Windows,2022Server,AMD64,Intel(R) Xeon(R) CPU @ 2.80GHz,intel,8,4,2800,34.4,3.14.6,CPython,1,spawn,2.5.3,big_payload,big_count_byte,16,691282,0.0,ms,big,34,691304,8,2,0,1,0,0,0.0004163500000231579,1.0,0.03012950974139053,0.4853788883031748,0.845024103518675,0.0,0.009541599999465689,0.002205899999353278,0.12782359999982873,0.014049700000214216,0.014482199999292789,0.05242770000040764,0.013986;0.014175;0.014050,0.014482;0.014424;0.014816,0.052428;0.052252;0.054451,,sequential,2026-10-03T19:50:00+00:00
W8-01040,W8,n2-standard-8,Windows,2022Server,AMD64,Intel(R) Xeon(R) CPU @ 2.80GHz,intel,8,4,2800,34.4,3.14.6,CPython,1,spawn,2.5.3,big_payload,big_checksum_head,3055,3680697,0.3,seconds,big,54,3680720,8,2,1,1,0,0,7.558461535294415e-05,1.0,0.15576746601948885,24.47913699263951,0.5843199157775621,0.0,0.027592299999923853,0.024888699999792152,0.12782359999982873,0.003800000000410364,0.004376400000182912,0.4481327000003148,0.003805;0.003800;0.003777,0.004400;0.004304;0.004376,0.448133,,sequential,2026-10-03T19:50:02+00:00
W8-01041,W8,n2-standard-8,Windows,2022Server,AMD64,Intel(R) Xeon(R) CPU @ 2.80GHz,intel,8,4,2800,34.4,3.14.6,CPython,1,spawn,2.5.3,recursive,rec_quicksort,12042,251,0.3,seconds,normal,66,271,8,4,1,8,0,0,0.021805666666599183,1.0,0.14025486691173972,0.00043872388304752764,1.1441591083174456,3.1,0.1237146000003122,0.0010980000006384216,0.1524319000000105,1.2607171999998172,1.297051300000021,0.3791637999993327,1.260717;1.262791;1.259774,1.301528;1.297051;1.282914,0.372690;0.394546;0.379164,,multiprocessing,2026-10-03T19:50:12+00:00
W8-01042,W8,n2-standard-8,Windows,2022Server,AMD64,Intel(R) Xeon(R) CPU @ 2.80GHz,intel,8,4,2800,34.4,3.14.6,CPython,1,spawn,2.5.3,algo_iter,algo_edit_distance,79718,472,0.0,ms,normal,8,497,8,16,2,16,0,0,0.013029399999747207,1.0,0.0044069500428834405,0.000890294265842025,0.9571346163284965,0.0,0.08016129999941768,0.00027260000024398323,0.2297377000004417,0.10387209999953484,0.10572729999967123,0.030970099999649392,0.103271;0.103872;0.103996,0.105727;0.106994;0.105587,0.030748;0.031021;0.030970,,multiprocessing,2026-10-03T19:50:13+00:00
W8-01043,W8,n2-standard-8,Windows,2022Server,AMD64,Intel(R) Xeon(R) CPU @ 2.80GHz,intel,8,4,2800,34.4,3.14.6,CPython,1,spawn,2.5.3,algo_iter,algo_kmeans,125,1421795,0.3,seconds,big,140,1421817,8,2,3,15,0,0,0.0032575000000747423,1.0,0.16540093678788603,0.29603415195992794,0.992166340771892,0.0,0.12246709999999439,0.01738659999864467,0.12782359999982873,0.4635547999996561,0.4751947000004293,0.5707491000002847,0.463555;0.464279;0.462786,0.478185;0.475195;0.473572,0.571541;0.570749;0.566927,,sequential,2026-10-03T19:50:19+00:00
W8-01044,W8,n2-standard-8,Windows,2022Server,AMD64,Intel(R) Xeon(R) CPU @ 2.80GHz,intel,8,4,2800,34.4,3.14.6,CPython,1,spawn,2.5.3,numpy,np_sort,425333,435,0.8,ms,normal,8,460,8,2,0,3,0,1,0.02055313333342686,1.0,0.42308295465223283,0.0006211542714837076,1.3842982588028867,0.0,0.10462619999998424,0.0009096000003410154,0.12782359999982873,0.16345649999948364,0.09425279999959457,0.09552439999970375,0.163456;0.162861;0.163559,0.095060;0.092962;0.094253,0.159489;0.095100;0.095524,,threading,2026-10-03T19:50:21+00:00
W8-01045,W8,n2-standard-8,Windows,2022Server,AMD64,Intel(R) Xeon(R) CPU @ 2.80GHz,intel,8,4,2800,34.4,3.14.6,CPython,1,spawn,2.5.3,algo_rec,algo_sudoku,6,27,0.8,seconds,normal,1363,46,8,16,3,28,0,0,0.004060270588257374,1.0,1.417581009925632,0.0010677352847973667,0.6410488597344105,0.0,0.17880270000023302,0.0003457000002526911,0.2297377000004417,11.220061099999839,11.411065199999939,3.2304690000000846,11.196432;11.235500;11.220061,11.410567;11.420360;11.411065,3.313233;3.230469;3.159817,,multiprocessing,2026-10-03T19:51:39+00:00
W8-01046,W8,n2-standard-8,Windows,2022Server,AMD64,Intel(R) Xeon(R) CPU @ 2.80GHz,intel,8,4,2800,34.4,3.14.6,CPython,1,spawn,2.5.3,mixed,mixed_hash_then_write,3719,2460,0.3,seconds,normal,7582,2483,8,8,1,3,1,0,0.0003147465409058913,0.9984741033414246,0.08234190773877016,0.014821449930367192,1.1138036040883805,0.0,0.09645139999975072,0.0015615999955116422,0.18962359999932232,2.462156500000674,2.437532199999623,1.4627940999998827,2.472741;2.462157;2.450520,2.439659;2.437532;2.251727,1.408911;1.462794;1.494933,,multiprocessing,2026-10-03T19:51:58+00:00
W8-01047,W8,n2-standard-8,Windows,2022Server,AMD64,Intel(R) Xeon(R) CPU @ 2.80GHz,intel,8,4,2800,34.4,3.14.6,CPython,1,spawn,2.5.3,algo_rec,algo_sudoku,2,1016,0.8,seconds,normal,999,1038,8,4,3,28,0,0,0.019830290909257284,1.0,3.0333268150959936,0.00029064810274710955,6.033635339055223,0.0,0.2579897000005076,0.00030809999861958204,0.1524319000000105,2.360745799999677,2.405792899999142,0.710750299999745,2.360422;2.364838;2.360746,2.406729;2.403791;2.405793,0.710750;0.770848;0.708347,,multiprocessing,2026-10-03T19:52:16+00:00
W8-01048,W8,n2-standard-8,Windows,2022Server,AMD64,Intel(R) Xeon(R) CPU @ 2.80GHz,intel,8,4,2800,34.4,3.14.6,CPython,1,spawn,2.5.3,recursive,rec_quicksort,391,967,0.3,seconds,normal,3155,990,8,2,1,8,0,0,0.0004268525423590213,1.0,0.20003857250946006,0.00919521248812267,0.9489243278162706,0.0,0.10398819999954867,0.0005457000006572343,0.12782359999982873,1.354718700000376,1.4144277000004877,0.7168291999996654,1.336795;1.361129;1.354719,1.412378;1.423612;1.414428,0.717547;0.716829;0.716713,,multiprocessing,2026-10-03T19:52:27+00:00
W8-01049,W8,n2-standard-8,Windows,2022Server,AMD64,Intel(R) Xeon(R) CPU @ 2.80GHz,intel,8,4,2800,34.4,3.14.6,CPython,1,spawn,2.5.3,mixed,mixed_json_roundtrip,21,3371,0.8,seconds,normal,3715,3393,8,8,1,1,1,0,0.0009287054545480218,0.5690027657715493,0.6831369222309421,0.005367686873575216,1.2417424793824163,0.0,0.09287500000027649,0.0005129000010128948,0.18962359999932232,3.8148624999994354,2.4384989000000132,0.7699074999991353,3.840698;3.814862;3.813964,2.430717;2.447290;2.438499,0.769517;0.775313;0.769907,,multiprocessing,2026-10-03T19:52:48+00:00
W8-01050,W8,n2-standard-8,Windows,2022Server,AMD64,Intel(R) Xeon(R) CPU @ 2.80GHz,intel,8,4,2800,34.4,3.14.6,CPython,1,spawn,2.5.3,db,db_mem_group_by,37,191484,0.8,seconds,big,1044,191506,8,8,1,2,1,0,0.00013747931036914627,1.0,0.1614425012988641,0.24814642930399802,0.9196587830419256,0.0,0.0763477000000421,0.0014585999942937633,0.18962359999932232,0.14317860000028304,0.3709041000001889,0.5569061999995029,0.143179;0.142379;0.143770,0.382658;0.364585;0.370904,0.551805;0.556906;0.558191,,sequential,2026-10-03T19:52:53+00:00
W8-01051,W8,n2-standard-8,Windows,2022Server,AMD64,Intel(R) Xeon(R) CPU @ 2.80GHz,intel,8,4,2800,34.4,3.14.6,CPython,1,spawn,2.5.3,tiny,tiny_small_loop,160,54,0.8,seconds,normal,200000,73.1,8,16,0,0,0,0,9.79900004040246e-07,1.0,0.45131110106882055,4.204510641043184,0.7317074662865727,0.0,0.009063399999831745,0.0035256999917692156,0.2297377000004417,0.18526480000036827,0.19471950000024663,0.08506080000006477,0.185512;0.185265;0.184929,0.194720;0.194266;0.194741,0.090534;0.083448;0.085061,,multiprocessing,2026-10-03T19:52:55+00:00
W8-01052,W8,n2-standard-8,Windows,2022Server,AMD64,Intel(R) Xeon(R) CPU @ 2.80GHz,intel,8,4,2800,34.4,3.14.6,CPython,1,spawn,2.5.3,text,text_split_count,67,626,0.3,ms,normal,52,648,8,2,1,1,0,0,0.002095007692262768,1.0,0.1704616154206568,0.0022397569082393616,0.9200388328666391,0.0,0.057267899999715155,0.0003005999997185427,0.12782359999982873,0.10904519999985496,0.11295520000021497,0.05812950000017736,0.113075;0.108127;0.109045,0.115635;0.110933;0.112955,0.058966;0.058130;0.057680,,multiprocessing,2026-10-03T19:52:56+00:00
W8-01053,W8,n2-standard-8,Windows,2022Server,AMD64,Intel(R) Xeon(R) CPU @ 2.80GHz,intel,8,4,2800,34.4,3.14.6,CPython,1,spawn,2.5.3,gil_release,gil_bz2,3,300000,0.0,ms,big,129,300022,8,16,0,1,0,1,0.0009410437500321223,1.0,0.03100780511361573,0.06419999065894631,1.835611819944137,0.0,0.04856500000005326,0.002026199998908851,0.2297377000004417,0.12120800000047893,0.027838099999826227,0.047517299999526585,0.120935;0.121208;0.121848,0.028052;0.027405;0.027838,0.050726;0.047517;0.046775,,threading,2026-10-03T19:52:58+00:00
W8-01054,W8,n2-standard-8,Windows,2022Server,AMD64,Intel(R) Xeon(R) CPU @ 2.80GHz,intel,8,4,2800,34.4,3.14.6,CPython,1,spawn,2.5.3,algo_iter,algo_kmeans,239,16,0.3,ms,normal,8,35.333333333333336,8,2,3,15,0,0,0.005706766666662588,1.0,0.18339837745096607,0.0021027669120215076,0.8588838051829266,2.0,0.03739500000028784,0.0002361999995628139,0.12782359999982873,0.04689440000038303,0.04842170000029,0.02603330000056303,0.046894;0.046981;0.046739,0.048422;0.048459;0.047943,0.025144;0.026033;0.026249,,multiprocessing,2026-10-03T19:52:58+00:00
W8-01055,W8,n2-standard-8,Windows,2022Server,AMD64,Intel(R) Xeon(R) CPU @ 2.80GHz,intel,8,4,2800,34.4,3.14.6,CPython,1,spawn,2.5.3,text,text_csv_parse,9,735,0.0,ms,normal,8,757,8,2,2,3,0,0,0.004130233333247209,1.0,0.008924049799763294,0.001993430541704506,0.9316062487429733,0.0,0.02590680000048451,0.00021690000085072825,0.12782359999982873,0.03437639999992825,0.03575790000013512,0.018196500000158267,0.033222;0.034376;0.034629,0.035376;0.035758;0.035898,0.018197;0.018194;0.039898,,multiprocessing,2026-10-03T19:52:59+00:00
W8-01056,W8,n2-standard-8,Windows,2022Server,AMD64,Intel(R) Xeon(R) CPU @ 2.80GHz,intel,8,4,2800,34.4,3.14.6,CPython,1,spawn,2.5.3,db,db_mem_insert_select,1434,21,0.3,seconds,normal,3946,41,8,2,1,1,1,0,0.0012916589743653252,1.0,0.14476684290473585,0.0027329195040259554,0.6118939623236777,0.0,0.13411710000036692,0.0012408000002324115,0.12782359999982873,4.899456600000121,7.593538699999954,2.488239999999678,4.906906;4.899457;4.890720,7.655706;7.516473;7.593539,2.488240;2.600647;2.487629,,multiprocessing,2026-10-03T19:53:45+00:00
W8-01057,W8,n2-standard-8,Windows,2022Server,AMD64,Intel(R) Xeon(R) CPU @ 2.80GHz,intel,8,4,2800,34.4,3.14.6,CPython,1,spawn,2.5.3,algo_rec,algo_merge_sort,612,356,0.8,seconds,normal,3517,378.75,8,16,1,10,0,0,0.0009913450981091992,1.0,0.5114503360171948,0.03779713064597224,1.0088207331824952,0.0,0.10154489999968064,0.0011211999963052222,0.2297377000004417,3.5799352000003637,3.708548499999779,1.0463466999999582,3.571858;3.704612;3.579935,3.708548;3.718452;3.687870,1.062131;1.046347;1.039922,,multiprocessing,2026-10-03T19:54:11+00:00
W8-01058,W8,n2-standard-8,Windows,2022Server,AMD64,Intel(R) Xeon(R) CPU @ 2.80GHz,intel,8,4,2800,34.4,3.14.6,CPython,1,spawn,2.5.3,cpu,cpu_sum_squares,28702,1564801,0.8,seconds,big,127,1564824,8,16,1,2,0,0,0.0017380896552226502,1.0,0.4827164421303756,0.5829762561350128,0.9715836918526451,0.0,0.12247100000058708,0.021135499999218155,0.2297377000004417,0.20262980000006792,0.20573260000037408,0.3182661000000735,0.201603;0.206514;0.202630,0.207243;0.205111;0.205733,0.318480;0.318266;0.309943,,sequential,2026-10-03T19:54:14+00:00
W8-01059,W8,n2-standard-8,Windows,2022Server,AMD64,Intel(R) Xeon(R) CPU @ 2.80GHz,intel,8,4,2800,34.4,3.14.6,CPython,1,spawn,2.5.3,cpu,cpu_count_primes,801,775244,0.3,ms,big,36,775267,8,4,2,4,0,0,0.00022432222229124617,1.0,0.2336125684764729,1.6343058092102043,0.836193885405973,2.3,0.008035300000301504,0.0036184999989927746,0.1524319000000105,0.007710199999564793,0.008191500000066299,0.05875850000029459,0.007742;0.007710;0.007695,0.008220;0.008165;0.008192,0.058759,,sequential,2026-10-03T19:54:15+00:00
W8-01060,W8,n2-standard-8,Windows,2022Server,AMD64,Intel(R) Xeon(R) CPU @ 2.80GHz,intel,8,4,2800,34.4,3.14.6,CPython,1,spawn,2.5.3,big_result,result_sorted_pairs,150,191878,0.3,ms,big,266,191900,8,2,1,4,0,0,4.735303034039768e-05,1.0,0.2033844983112621,1.4651649442556998,0.8719572560496353,0.0,0.00905499999953463,0.0022726999968654127,0.12782359999982873,0.012225999999827764,0.012870800000200688,0.1569417999999132,0.012778;0.012226;0.012139,0.013594;0.012871;0.012831,0.156942,,sequential,2026-10-03T19:54:16+00:00
W8-01061,W8,n2-standard-8,Windows,2022Server,AMD64,Intel(R) Xeon(R) CPU @ 2.80GHz,intel,8,4,2800,34.4,3.14.6,CPython,1,spawn,2.5.3,algo_rec,algo_lcs_memo,3,204,0.8,seconds,normal,20,223,8,2,1,10,0,0,0.008966480000162846,1.0,0.4555278219091676,0.0008699065755963466,1.1156809602478164,0.0,0.08944229999997333,0.0013406999996732338,0.12782359999982873,0.16593290000037086,0.1714017000003878,0.09815840000010212,0.164845;0.165933;0.166360,0.171402;0.171204;0.172522,0.098158;0.098558;0.090715,,multiprocessing,2026-10-03T19:54:18+00:00
W8-01062,W8,n2-standard-8,Windows,2022Server,AMD64,Intel(R) Xeon(R) CPU @ 2.80GHz,intel,8,4,2800,34.4,3.14.6,CPython,1,spawn,2.5.3,tiny,tiny_small_loop,116,1181928,0.0,seconds,big,169,1181950,8,8,0,0,0,0,1.0976191550157853e-06,1.0,0.38729127534039187,682.0671784780194,0.06752821981105234,0.0,0.016126700000313576,0.015356299995801237,0.18962359999932232,0.00013320000016392441,0.000676499999826774,0.46108949999961624,0.000164;0.000133;0.000122,0.000669;0.000684,0.461089,,sequential,2026-10-03T19:54:19+00:00
W8-01063,W8,n2-standard-8,Windows,2022Server,AMD64,Intel(R) Xeon(R) CPU @ 2.80GHz,intel,8,4,2800,34.4,3.14.6,CPython,1,spawn,2.5.3,text,text_csv_parse,19,725,0.0,ms,normal,13,747,8,2,2,3,0,0,0.008220066666278095,1.0,0.009681695617593683,0.0012854721152037556,0.9494632167749371,0.0,0.0508681000001161,0.00024790000134089496,0.12782359999982873,0.1084301000000778,0.1087441999998191,0.05753030000050785,0.108430;0.108694;0.108158,0.110311;0.108547;0.108744,0.058535;0.057530;0.057272,,multiprocessing,2026-10-03T19:54:53+00:00
W8-01064,W8,n2-standard-8,Windows,2022Server,AMD64,Intel(R) Xeon(R) CPU @ 2.80GHz,intel,8,4,2800,34.4,3.14.6,CPython,1,spawn,2.5.3,cpu,cpu_sum_squares,35023,33,0.0,seconds,normal,716,53,8,16,1,2,0,0,0.0018467964286108846,1.0,0.007860597354365503,0.002322941423269985,0.9621188560321804,0.0,0.10585730000002513,0.00036749999890162144,0.2297377000004417,1.3119563000000198,1.335525599999528,0.4122586000003139,1.309671;1.311956;1.322202,1.335526;1.331358;1.341269,0.412259;0.404469;0.414861,,multiprocessing,2026-10-03T19:55:03+00:00
W8-01065,W8,n2-standard-8,Windows,2022Server,AMD64,Intel(R) Xeon(R) CPU @ 2.80GHz,intel,8,4,2800,34.4,3.14.6,CPython,1,spawn,2.5.3,recursive,rec_fib,55,142,0.8,seconds,normal,200000,161,8,4,0,4,0,0,5.900000005112816e-06,1.0,1.006780375605415,0.6677966075193895,0.9214523153516707,0.0,0.029528400000344845,0.003960599990023184,0.1524319000000105,1.1710056000001714,1.2167214000000968,0.3986436999994112,1.171192;1.169776;1.171006,1.216721;1.212003;1.218762,0.388533;0.398644;0.398785,,multiprocessing,2026-10-03T19:55:12+00:00
W8-01066,W8,n2-standard-8,Windows,2022Server,AMD64,Intel(R) Xeon(R) CPU @ 2.80GHz,intel,8,4,2800,34.4,3.14.6,CPython,1,spawn,2.5.3,algo_rec,algo_merge_sort,627,1811524,0.0,seconds,big,110,1811547,8,16,1,10,0,0,0.0010248481481809264,1.0,0.021887695784036577,0.9664212222140093,0.9667257324912872,0.0,0.07651850000002014,0.020236699999259145,0.2297377000004417,0.11350820000006934,0.1157549999998082,0.31463020000046527,0.112173;0.113508;0.113513,0.115744;0.115755;0.117252,0.314630;0.317077;0.313114,,sequential,2026-10-03T19:55:14+00:00
W8-01067,W8,n2-standard-8,Windows,2022Server,AMD64,Intel(R) Xeon(R) CPU @ 2.80GHz,intel,8,4,2800,34.4,3.14.6,CPython,1,spawn,2.5.3,algo_iter,algo_kmeans,29,31,0.3,seconds,normal,1354,50,8,8,3,15,0,0,0.0008079301587857781,1.0,0.14701037075174606,0.007296422765965761,0.9935529307761864,4.7,0.10268530000030296,0.0004979999966963078,0.18962359999932232,1.0836719999997513,1.0954292999995232,0.2819212000003972,1.088321;1.077410;1.083672,1.093970;1.095429;1.103859,0.281921;0.281834;0.283946,,multiprocessing,2026-10-03T19:55:22+00:00
W8-01068,W8,n2-standard-8,Windows,2022Server,AMD64,Intel(R) Xeon(R) CPU @ 2.80GHz,intel,8,4,2800,34.4,3.14.6,CPython,1,spawn,2.5.3,numpy,np_sort,125033,1621517,0.0,ms,big,8,1621551,8,16,0,3,0,1,0.011722766666328729,1.0,0.00487553679598014,0.07193125628104043,1.3549851390961725,0.0,0.06399129999954312,0.002848699999958626,0.2297377000004417,0.08696299999974144,0.030425699999796052,0.036790900000596594,0.094706;0.086818;0.086963,0.029484;0.030926;0.030426,0.036684;0.037132;0.036791,,threading,2026-10-03T19:55:24+00:00
W8-01069,W8,n2-standard-8,Windows,2022Server,AMD64,Intel(R) Xeon(R) CPU @ 2.80GHz,intel,8,4,2800,34.4,3.14.6,CPython,1,spawn,2.5.3,big_result,result_sorted_pairs,8468,226049,0.3,seconds,big,884,226072,8,8,1,4,0,0,0.003850776923172816,1.0,0.23368626354631533,0.6693174803460081,0.9430210657880486,0.0,0.13692440000068018,0.03381999999874097,0.18962359999932232,4.183848599999692,4.262172300000202,2.4673669999992853,4.230360;4.162554;4.183849,4.258906;4.300987;4.262172,2.467367;2.372907;2.480760,,multiprocessing,2026-10-03T19:55:58+00:00
W8-01070,W8,n2-standard-8,Windows,2022Server,AMD64,Intel(R) Xeon(R) CPU @ 2.80GHz,intel,8,4,2800,34.4,3.14.6,CPython,1,spawn,2.5.3,numpy,np_fft,5304,110,0.0,ms,normal,591,130,8,2,0,0,0,1,8.829863949061719e-05,1.0,0.17525961208544988,0.04575381804877514,1.5424438738259239,4.7,0.022701599999891187,0.0012878999950771686,0.12782359999982873,0.05101829999966867,0.02966259999993781,0.029588299999886658,0.051018;0.050955;0.051284,0.029663;0.029276;0.033154,0.030408;0.029588;0.028903,,multiprocessing,2026-10-03T19:55:58+00:00
W8-01071,W8,n2-standard-8,Windows,2022Server,AMD64,Intel(R) Xeon(R) CPU @ 2.80GHz,intel,8,4,2800,34.4,3.14.6,CPython,1,spawn,2.5.3,big_result,result_sorted_pairs,9679,36,0.3,seconds,normal,105,56,8,16,1,4,0,0,0.00472044545461937,1.0,0.2505532160420566,0.6609526450753389,1.1251975963044831,13.6,0.1336012000001574,0.034626599999683094,0.2297377000004417,0.5267609000002267,0.5422486000006757,0.2664302000002863,0.526761;0.517862;0.534347,0.536329;0.542408;0.542249,0.272504;0.266430;0.265402,,multiprocessing,2026-10-03T19:56:03+00:00
W8-01072,W8,n2-standard-8,Windows,2022Server,AMD64,Intel(R) Xeon(R) CPU @ 2.80GHz,intel,8,4,2800,34.4,3.14.6,CPython,1,spawn,2.5.3,big_payload,big_upper_copy,3,1026907,0.0,ms,big,47,1026929,8,16,0,0,0,0,0.0007218272727517284,1.0,0.1334592443286838,1.3501341292376858,0.9656605744028263,11.3,0.02733299999999872,0.011080099999162485,0.2297377000004417,0.03668089999973745,0.036718000000291795,0.11477699999977631,0.036666;0.037032;0.036681,0.036718;0.036661;0.038675,0.111038;0.114777;0.119406,,sequential,2026-10-03T19:56:04+00:00
W8-01073,W8,n2-standard-8,Windows,2022Server,AMD64,Intel(R) Xeon(R) CPU @ 2.80GHz,intel,8,4,2800,34.4,3.14.6,CPython,1,spawn,2.5.3,algo_rec,algo_lcs_memo,6,735959,0.8,seconds,big,67,735981,8,16,1,10,0,0,0.0311803333336987,1.0,0.11123253046080155,0.011196159974739302,0.6253159730109756,11.7,0.2383678999995027,0.001320199998190219,0.2297377000004417,2.7544298000002527,2.841440300000613,0.6721551000000545,2.755879;2.754430;2.745025,2.841440;2.794570;3.032210,0.698685;0.672155;0.656292,,multiprocessing,2026-10-03T19:56:24+00:00
W8-01074,W8,n2-standard-8,Windows,2022Server,AMD64,Intel(R) Xeon(R) CPU @ 2.80GHz,intel,8,4,2800,34.4,3.14.6,CPython,1,spawn,2.5.3,gil_release,gil_numpy_matmul,351,8603,0.8,seconds,normal,299,8625.6,8,8,0,2,0,1,0.0036503733332817014,1.0,0.8390176617242152,0.002622562810573668,2.2696308724194068,1.9,0.08130929999970249,0.0011375000003681635,0.18962359999932232,0.9040330999996513,0.24030229999971198,0.23639260000072682,0.904033;0.890811;0.911587,0.239483;0.240302;0.245902,0.320694;0.236393;0.225370,,multiprocessing,2026-10-03T19:56:29+00:00
W8-01075,W8,n2-standard-8,Windows,2022Server,AMD64,Intel(R) Xeon(R) CPU @ 2.80GHz,intel,8,4,2800,34.4,3.14.6,CPython,1,spawn,2.5.3,tiny,tiny_len,21,18,0.8,ms,normal,37881,37,8,16,0,0,0,0,1.4564999128197087e-07,1.0,1.0707324690734237,27.463097726401113,0.3117228066270469,2.3,0.005356199999368982,0.0032649000168021303,0.2297377000004417,0.003160500000376487,0.005811200000607641,0.01382480000029318,0.004389;0.003161;0.002866,0.006053;0.005811;0.005327,0.014586;0.013825;0.013533,,sequential,2026-10-03T19:56:30+00:00
W8-01076,W8,n2-standard-8,Windows,2022Server,AMD64,Intel(R) Xeon(R) CPU @ 2.80GHz,intel,8,4,2800,34.4,3.14.6,CPython,1,spawn,2.5.3,algo_rec,algo_lcs_memo,3,193164,0.8,ms,big,8,193186,8,16,1,10,0,0,0.009209299999990131,1.0,0.3442528419150301,0.004495455675086409,0.71527576575031,0.0,0.07119519999923796,0.00036189999900670955,0.2297377000004417,0.09406140000010055,0.09850029999961407,0.03659979999974894,0.093931;0.094061;0.094327,0.099038;0.096682;0.098500,0.037562;0.033271;0.036600,,multiprocessing,2026-10-03T19:56:31+00:00
W8-01077,W8,n2-standard-8,Windows,2022Server,AMD64,Intel(R) Xeon(R) CPU @ 2.80GHz,intel,8,4,2800,34.4,3.14.6,CPython,1,spawn,2.5.3,big_payload,big_checksum_head,969,808178,0.8,ms,big,247,808200.95,8,16,1,1,0,0,2.496229516226344e-05,1.0,0.4344597129196437,15.058711449741653,0.7008976683050191,0.0,0.011704399999871384,0.007918199995401665,0.2297377000004417,0.00574140000026091,0.006674900000689377,0.44089769999936834,0.005741;0.005796;0.005719,0.006675;0.006699;0.006526,0.440898,,sequential,2026-10-03T19:56:33+00:00
W8-01078,W8,n2-standard-8,Windows,2022Server,AMD64,Intel(R) Xeon(R) CPU @ 2.80GHz,intel,8,4,2800,34.4,3.14.6,CPython,1,spawn,2.5.3,numpy,np_elementwise,5820,294,0.8,seconds,normal,4294,317,8,4,0,4,0,0,0.00018480444443277384,1.0,0.41377289786856986,0.021779779218613626,1.714544178006539,0.0,0.08005960000082268,0.0008854000034261844,0.1524319000000105,0.7649796999994578,0.3204852999997456,0.2578475000000253,0.764731;0.764980;0.766115,0.318358;0.320575;0.320485,0.323686;0.257848;0.205781,,multiprocessing,2026-10-03T19:56:37+00:00
W8-01079,W8,n2-standard-8,Windows,2022Server,AMD64,Intel(R) Xeon(R) CPU @ 2.80GHz,intel,8,4,2800,34.4,3.14.6,CPython,1,spawn,2.5.3,db,db_mem_group_by,7059,802,0.8,ms,normal,8,825,8,8,1,2,1,0,0.008423866666513883,1.0,0.28321789790873014,0.0009734247123678165,0.8672045529988619,0.8,0.05182169999989128,0.0002345000002605957,0.18962359999932232,0.05820589999984804,0.2562176000001273,0.01921079999920039,0.058142;0.058738;0.058206,0.256218,0.019448;0.019211;0.017647,,multiprocessing,2026-10-03T19:56:39+00:00
W8-01080,W8,n2-standard-8,Windows,2022Server,AMD64,Intel(R) Xeon(R) CPU @ 2.80GHz,intel,8,4,2800,34.4,3.14.6,CPython,1,spawn,2.5.3,recursive,rec_nqueens,1,47,0.8,seconds,normal,13354,66,8,16,1,10,0,0,0.00017779644124880098,1.0,0.32943132058498004,0.022413271821659222,0.9447611838738263,0.0,0.10471239999969839,0.001691200009190652,0.2297377000004417,2.350934899999629,2.4515590999999404,0.6484811000000263,2.357683;2.350935;2.349838,2.451559;2.442033;2.470019,0.648481;0.645550;0.650446,,multiprocessing,2026-10-03T19:56:56+00:00
W8-01081,W8,n2-standard-8,Windows,2022Server,AMD64,Intel(R) Xeon(R) CPU @ 2.80GHz,intel,8,4,2800,34.4,3.14.6,CPython,1,spawn,2.5.3,db,db_mem_insert_select,712,1337628,0.8,ms,big,80,1337650.7,8,4,1,1,1,0,0.0006252750000840024,1.0,0.5328833342316013,1.4037263603969692,0.4982988109012093,0.0,0.054273799999464245,0.01794199999767443,0.1524319000000105,0.05645319999985077,0.14196040000024368,0.24898310000025958,0.055509;0.056453;0.060225,0.143702;0.141704;0.141960,0.248983;0.243071;0.259105,,sequential,2026-10-03T19:56:58+00:00
W8-01082,W8,n2-standard-8,Windows,2022Server,AMD64,Intel(R) Xeon(R) CPU @ 2.80GHz,intel,8,4,2800,34.4,3.14.6,CPython,1,spawn,2.5.3,tiny,tiny_len,73,1182002,0.3,ms,big,169,1182024,8,8,0,0,0,0,4.3571420368001174e-07,1.0,0.590088155133954,1816.1446038302458,0.025901937329128627,0.8,0.016960699999799544,0.016213600003538886,0.18962359999932232,4.739999985758914e-05,0.000542900000255031,0.4639841999996861,0.000054;0.000047;0.000017,0.000543,0.463984,,sequential,2026-10-03T19:56:59+00:00
W8-01083,W8,n2-standard-8,Windows,2022Server,AMD64,Intel(R) Xeon(R) CPU @ 2.80GHz,intel,8,4,2800,34.4,3.14.6,CPython,1,spawn,2.5.3,db,db_file_lookup,170,1354,0.8,ms,normal,8,1376,8,8,1,5,1,0,0.004934600000221205,1.0,0.31648788939075556,0.001925181409641068,0.32672729012475527,3.1,0.055921500000295055,0.00023119999968912452,0.18962359999932232,0.03897730000062438,0.3049964000001637,0.015671999999540276,0.035885;0.039358;0.038977,0.304996,0.051919;0.015672;0.014859,,multiprocessing,2026-10-03T19:57:00+00:00
W8-01084,W8,n2-standard-8,Windows,2022Server,AMD64,Intel(R) Xeon(R) CPU @ 2.80GHz,intel,8,4,2800,34.4,3.14.6,CPython,1,spawn,2.5.3,mixed,mixed_compute_then_sleep,3739,100,0.8,seconds,normal,2212,120,8,16,1,3,1,0,0.0009814313725299,0.19267799292291668,0.04629401850671526,0.004595329005826581,1.9114717780624162,0.0,0.07666209999933926,0.000487299999804236,0.2297377000004417,2.1580216999991535,0.4545291999993424,0.15231039999980567,2.158022,0.454529;0.457956;0.454431,0.153023;0.152310;0.148075,,multiprocessing,2026-10-03T19:57:05+00:00
W8-01085,W8,n2-standard-8,Windows,2022Server,AMD64,Intel(R) Xeon(R) CPU @ 2.80GHz,intel,8,4,2800,34.4,3.14.6,CPython,1,spawn,2.5.3,tiny,tiny_small_loop,2,484,0.3,ms,normal,200000,506,8,2,0,0,0,0,3.474000131973298e-07,1.0,0.4772908816821934,12.852619316105354,0.51964376321601,0.0,0.005791900000076566,0.002884899973651045,0.12782359999982873,0.05943039999965549,0.07345139999961248,0.39637000000038825,0.060252;0.059430;0.059113,0.073040;0.073451;0.074187,0.396370,,sequential,2026-10-03T19:57:07+00:00
W8-01086,W8,n2-standard-8,Windows,2022Server,AMD64,Intel(R) Xeon(R) CPU @ 2.80GHz,intel,8,4,2800,34.4,3.14.6,CPython,1,spawn,2.5.3,recursive,rec_quicksort,2214,841135,0.8,ms,big,8,841158,8,4,1,8,0,0,0.004412633333534662,1.0,0.16020325525283308,0.10617998315628648,3.1117315136442656,0.0,0.019192199999451987,0.0016667999989294913,0.1524319000000105,0.017959299999347422,0.019034500000088883,0.011003300000083982,0.017912;0.017959;0.018156,0.018749;0.019411;0.019035,0.012859;0.011003;0.010971,,multiprocessing,2026-10-03T19:57:08+00:00
W8-01087,W8,n2-standard-8,Windows,2022Server,AMD64,Intel(R) Xeon(R) CPU @ 2.80GHz,intel,8,4,2800,34.4,3.14.6,CPython,1,spawn,2.5.3,algo_rec,algo_flood_fill,3,89,0.0,seconds,normal,7006,108,8,16,3,10,0,0,0.000987319230716821,1.0,0.4548261045164132,0.003945026019164293,0.9658337872347653,1.1,0.10574340000039228,0.0016556000027776463,0.2297377000004417,6.88523669999995,7.14097799999945,1.9338317000001553,6.870268;6.885237;6.899067,7.153615;7.140978;7.095996,1.962699;1.933832;1.928604,,multiprocessing,2026-10-03T19:57:56+00:00
W8-01088,W8,n2-standard-8,Windows,2022Server,AMD64,Intel(R) Xeon(R) CPU @ 2.80GHz,intel,8,4,2800,34.4,3.14.6,CPython,1,spawn,2.5.3,db,db_file_lookup,19,34,0.8,ms,normal,191,53,8,4,1,5,1,0,0.0008922255318735706,1.0,0.3111207202951356,0.003889151203938659,0.7445290199917909,0.0,0.09802880000006553,0.0004560000024866895,0.1524319000000105,0.1667367000000013,0.07209939999938797,0.0642374999997628,0.166712;0.168961;0.166737,0.141946;0.072099;0.071317,0.091300;0.064237;0.063678,,multiprocessing,2026-10-03T19:57:58+00:00
W8-01089,W8,n2-standard-8,Windows,2022Server,AMD64,Intel(R) Xeon(R) CPU @ 2.80GHz,intel,8,4,2800,34.4,3.14.6,CPython,1,spawn,2.5.3,gil_release,gil_bz2,12,300000,0.3,seconds,big,666,300022,8,2,0,1,0,1,0.002221947826119899,1.0,0.11893183516108832,0.023256621619183564,1.7269166434669356,0.0,0.08182890000080079,0.0013937000003352296,0.12782359999982873,1.4548833999997441,0.7711745999995401,0.9838334000005489,1.454482;1.454883;1.465164,0.771175;0.768716;0.788297,0.983833;0.983274;0.986384,,threading,2026-10-03T19:58:08+00:00
W8-01090,W8,n2-standard-8,Windows,2022Server,AMD64,Intel(R) Xeon(R) CPU @ 2.80GHz,intel,8,4,2800,34.4,3.14.6,CPython,1,spawn,2.5.3,big_result,result_long_string,4133,150,0.8,seconds,normal,746,170,8,4,1,1,0,0,0.0008217163935203972,1.0,0.43709607845034726,0.034720008251245146,0.8781381760106673,5.7,0.10950020000018412,0.001563799995892623,0.1524319000000105,0.6722470999993675,0.671912799999518,0.3726182999998855,0.691457;0.672247;0.660047,0.683894;0.668030;0.671913,0.380541;0.356977;0.372618,,multiprocessing,2026-10-03T19:58:20+00:00
W8-01091,W8,n2-standard-8,Windows,2022Server,AMD64,Intel(R) Xeon(R) CPU @ 2.80GHz,intel,8,4,2800,34.4,3.14.6,CPython,1,spawn,2.5.3,cpu,cpu_collatz,24,46,0.3,ms,normal,1058,65,8,4,2,5,0,0,1.866401515309752e-05,1.0,0.3534295443213617,0.20172507641987097,0.8488442287610992,1.2,0.011630099999820231,0.0007108999998308718,0.1524319000000105,0.01964349999980186,0.020894899999802874,0.008583599999838043,0.019643;0.019679;0.019598,0.020895;0.021040;0.020894,0.008641;0.008584;0.008575,,multiprocessing,2026-10-03T19:58:20+00:00
W8-01092,W8,n2-standard-8,Windows,2022Server,AMD64,Intel(R) Xeon(R) CPU @ 2.80GHz,intel,8,4,2800,34.4,3.14.6,CPython,1,spawn,2.5.3,big_result,result_long_string,39727,147611,0.0,seconds,big,50,147634,8,16,1,1,0,0,0.1627476666668978,1.0,0.0020286869259768968,0.005900340608520137,1.000422689125428,0.0,0.9789429000002201,0.0031540999998469488,0.2297377000004417,8.118927800000165,8.132563299999674,1.6983622000007017,8.122685;8.118928;8.115250,8.132563;8.154766;8.108865,1.665086;1.757752;1.698362,,multiprocessing,2026-10-03T19:59:16+00:00
W8-01093,W8,n2-standard-8,Windows,2022Server,AMD64,Intel(R) Xeon(R) CPU @ 2.80GHz,intel,8,4,2800,34.4,3.14.6,CPython,1,spawn,2.5.3,algo_rec,algo_lcs_memo,2,542713,0.8,seconds,big,60,542735,8,8,1,10,0,0,0.01154106000012689,1.0,0.45584774599600675,0.019025982013175586,0.9517104886759745,0.0,0.11964390000048297,0.0013910999996369355,0.18962359999932232,0.6597036000002845,0.6819148000004134,0.1744234999996479,0.658146;0.659704;0.662670,0.733918;0.679212;0.681915,0.187079;0.167977;0.174423,,multiprocessing,2026-10-03T19:59:21+00:00
W8-01094,W8,n2-standard-8,Windows,2022Server,AMD64,Intel(R) Xeon(R) CPU @ 2.80GHz,intel,8,4,2800,34.4,3.14.6,CPython,1,spawn,2.5.3,recursive,rec_tree_sum,33,266478,0.0,ms,big,750,266500,8,2,0,4,0,0,1.5583957269517604e-05,1.0,0.4232178636934125,3.1214793049652623,0.7923491663978234,0.0,0.008994499999971595,0.002269499990688928,0.12782359999982873,0.011347900000146183,0.012948600000527222,0.5835379000000103,0.011485;0.011348;0.011322,0.012535;0.013017;0.012949,0.583538,,sequential,2026-10-03T19:59:23+00:00
W8-01095,W8,n2-standard-8,Windows,2022Server,AMD64,Intel(R) Xeon(R) CPU @ 2.80GHz,intel,8,4,2800,34.4,3.14.6,CPython,1,spawn,2.5.3,gil_release,gil_numpy_matmul,70,32182,0.0,seconds,normal,6214,32204,8,2,0,2,0,1,6.977791843705227e-05,1.0,0.1684696253275635,0.20378939750266153,1.3112401573280879,0.8,0.08971050000036485,0.002081899991935643,0.12782359999982873,0.4205541000001176,0.31075160000000324,0.7260944999998173,0.426842;0.416383;0.420554,0.310752;0.310643;0.314054,0.720681;0.727120;0.726094,,threading,2026-10-03T19:59:29+00:00
W8-01096,W8,n2-standard-8,Windows,2022Server,AMD64,Intel(R) Xeon(R) CPU @ 2.80GHz,intel,8,4,2800,34.4,3.14.6,CPython,1,spawn,2.5.3,algo_iter,algo_dijkstra,7383,76,0.0,ms,normal,8,96,8,4,2,15,0,0,0.02037769999969896,1.0,0.051564499652644896,0.0004972755945699449,0.8567539187829352,2.7,0.1314249999995809,0.0014725000010002987,0.1524319000000105,0.1667144000002736,0.18111129999942932,0.06656999999995605,0.162247;0.166714;0.171075,0.189130;0.181111;0.174985,0.044336;0.068763;0.066570,,multiprocessing,2026-10-03T19:59:31+00:00
W8-01097,W8,n2-standard-8,Windows,2022Server,AMD64,Intel(R) Xeon(R) CPU @ 2.80GHz,intel,8,4,2800,34.4,3.14.6,CPython,1,spawn,2.5.3,algo_rec,algo_flood_fill,47,603436,0.0,seconds,big,150,603458,8,4,3,10,0,0,0.017547899999954097,1.0,0.11952746358004075,0.0219152529179122,1.0356762095653271,0.0,0.10128630000053818,0.0013993000011396362,0.1524319000000105,2.2843283000001975,2.340874700000313,0.7443724000004295,2.283142;2.288755;2.284328,2.340875;2.347044;2.332304,0.744372;0.782589;0.722980,,multiprocessing,2026-10-03T19:59:48+00:00
W8-01098,W8,n2-standard-8,Windows,2022Server,AMD64,Intel(R) Xeon(R) CPU @ 2.80GHz,intel,8,4,2800,34.4,3.14.6,CPython,1,spawn,2.5.3,tiny,tiny_add,63,30,0.3,ms,normal,99672,49,8,2,0,1,0,0,1.7069998830265831e-07,1.0,0.4523187987886996,24.194494267151338,0.3606675968179188,0.0,0.00558420000015758,0.003376400023626047,0.12782359999982873,0.007894399999713642,0.012014599999929487,0.035341499999958614,0.008702;0.007715;0.007894,0.012862;0.010611;0.012015,0.037208;0.035341;0.035128,,sequential,2026-10-03T19:59:48+00:00
W8-01099,W8,n2-standard-8,Windows,2022Server,AMD64,Intel(R) Xeon(R) CPU @ 2.80GHz,intel,8,4,2800,34.4,3.14.6,CPython,1,spawn,2.5.3,db,db_mem_group_by,13,22,0.0,seconds,normal,26854,41,8,2,1,2,1,0,0.00011394793578601653,1.0,0.12669413599797197,0.03154949567594399,0.8182608418107787,0.0,0.1116623999996591,0.0012168999965069816,0.12782359999982873,2.9500591000005443,3.3001898000002257,1.557668499999636,3.018554;2.950059;2.941088,3.300190;3.351249;3.271268,1.572347;1.557668;1.544535,,multiprocessing,2026-10-03T20:00:13+00:00
W8-01100,W8,n2-standard-8,Windows,2022Server,AMD64,Intel(R) Xeon(R) CPU @ 2.80GHz,intel,8,4,2800,34.4,3.14.6,CPython,1,spawn,2.5.3,big_payload,big_reverse,1,376433,0.8,ms,big,453,376455,8,4,0,0,0,0,0.0002559398230552479,1.0,0.12308579483439712,0.5357118649475325,0.9535122102989169,0.0,0.06318490000012389,0.0037612999949487858,0.1524319000000105,0.12807250000059867,0.13888029999998253,0.6705313000002207,0.125683;0.139556;0.128073,0.141028;0.138163;0.138880,0.624189;0.670531;0.688686,,sequential,2026-10-03T20:00:16+00:00
W8-01101,W8,n2-standard-8,Windows,2022Server,AMD64,Intel(R) Xeon(R) CPU @ 2.80GHz,intel,8,4,2800,34.4,3.14.6,CPython,1,spawn,2.5.3,big_result,result_matrix_lists,328,251,0.0,seconds,normal,265,271,8,8,2,5,0,0,0.011572920000071462,1.0,0.02364917560238656,0.283938712089454,0.8064843040130574,12.5,0.14605019999999058,0.016700599999239785,0.18962359999932232,3.346907499999361,3.3886106999998447,1.4129123000002437,3.346907;3.406261;3.238483,3.388611;3.378175;3.438415,1.412912;1.417199;1.361216,,multiprocessing,2026-10-03T20:00:42+00:00
W8-01102,W8,n2-standard-8,Windows,2022Server,AMD64,Intel(R) Xeon(R) CPU @ 2.80GHz,intel,8,4,2800,34.4,3.14.6,CPython,1,spawn,2.5.3,algo_rec,algo_flood_fill,17,469,0.8,ms,normal,8,491,8,16,3,10,0,0,0.006525733333243504,1.0,0.060404361028153344,0.002124920793057532,1.1680054812342238,1.1,0.03686259999994945,0.00028529999963211594,0.2297377000004417,0.03979880000042613,0.04262569999991683,0.016392200000154844,0.039613;0.039799;0.040056,0.042036;0.043047;0.042626,0.014109;0.016392;0.016739,,multiprocessing,2026-10-03T20:00:42+00:00
W8-01103,W8,n2-standard-8,Windows,2022Server,AMD64,Intel(R) Xeon(R) CPU @ 2.80GHz,intel,8,4,2800,34.4,3.14.6,CPython,1,spawn,2.5.3,gil_release,gil_sha256,47,85847,0.3,seconds,normal,663,85869,8,4,1,1,0,1,0.010825459999978193,1.0,0.09895945953250015,0.003406783668723893,1.9315740410467366,0.0,0.08268080000016198,0.0010209000001850654,0.1524319000000105,6.641172799999367,1.7404918000001999,1.7415799999998853,6.637244;6.641358;6.641173,1.748061;1.740492;1.732680,1.741580;1.749446;1.736828,,threading,2026-10-03T20:01:14+00:00
W8-01104,W8,n2-standard-8,Windows,2022Server,AMD64,Intel(R) Xeon(R) CPU @ 2.80GHz,intel,8,4,2800,34.4,3.14.6,CPython,1,spawn,2.5.3,db,db_mem_insert_select,32,448,0.8,seconds,normal,25146,470,8,8,1,1,1,0,0.00011044844446587376,1.0,0.1448286188179434,0.03467681345514355,0.9005132360543389,0.0,0.10627900000054069,0.0013288999907672405,0.18962359999932232,2.788511699999617,4.300457000000279,0.6600914000000557,2.788512,4.300457,0.660091,threading,multiprocessing,2026-10-03T20:01:22+00:00
W8-01105,W8,n2-standard-8,Windows,2022Server,AMD64,Intel(R) Xeon(R) CPU @ 2.80GHz,intel,8,4,2800,34.4,3.14.6,CPython,1,spawn,2.5.3,big_payload,big_reverse,6,187792,0.3,seconds,big,1065,187814,8,8,0,0,0,0,0.00012890639095701744,1.0,0.09362564053914212,0.46196313097368646,0.9687233771374771,0.0,0.0929537000001801,0.02297490000637481,0.1908585999999559,0.153866100000414,0.15421090000018012,0.7850933999998233,0.163748;0.151284;0.153866,0.154211;0.152945;0.165313,0.764027;0.806159,,sequential,2026-10-03T20:01:26+00:00
W8-01106,W8,n2-standard-8,Windows,2022Server,AMD64,Intel(R) Xeon(R) CPU @ 2.80GHz,intel,8,4,2800,34.4,3.14.6,CPython,1,spawn,2.5.3,text,text_regex_findall,26,183,0.8,seconds,normal,8205,202,8,8,1,1,0,0,0.0005280221052568155,1.0,0.45359021506366237,0.007272422976461712,0.9875882504393996,0.0,0.1026043000001664,0.0011610000001383014,0.1908585999999559,4.222470099999555,3.526166499997089,0.5052332999994178,4.222470,3.526166,0.505233,threading,multiprocessing,2026-10-03T20:01:35+00:00
W8-01107,W8,n2-standard-8,Windows,2022Server,AMD64,Intel(R) Xeon(R) CPU @ 2.80GHz,intel,8,4,2800,34.4,3.14.6,CPython,1,spawn,2.5.3,numpy,np_elementwise,34018,165089,0.0,ms,big,8,165112,8,4,0,4,0,0,0.0019240999996933776,1.0,0.07387625446618959,0.017878488806582125,1.1565555247880877,0.0,0.0323528000008082,0.021765700002106314,0.1496803,0.01670560000002297,0.006934100000762555,0.08840409999993426,0.016706;0.020487;0.016246,0.006677;0.006934;0.006978,0.088404,,threading,2026-10-03T20:01:37+00:00
W8-01108,W8,n2-standard-8,Windows,2022Server,AMD64,Intel(R) Xeon(R) CPU @ 2.80GHz,intel,8,4,2800,34.4,3.14.6,CPython,1,spawn,2.5.3,big_result,result_sorted_pairs,5729,1440063,0.0,ms,big,8,1440086,8,4,1,4,0,0,0.0025293999997302308,1.0,0.0554333062339573,1.0646134789373152,0.9340964115984121,0.4,0.024387299999943934,0.008931500000471715,0.1496803,0.0225681000001714,0.02149450000069919,0.02339879999999539,0.022568;0.026850;0.020308,0.021532;0.021117;0.021495,0.025162;0.023399;0.022936,,threading,2026-10-03T20:01:38+00:00
W8-01109,W8,n2-standard-8,Windows,2022Server,AMD64,Intel(R) Xeon(R) CPU @ 2.80GHz,intel,8,4,2800,34.4,3.14.6,CPython,1,spawn,2.5.3,db,db_mem_group_by,429,96,0.0,ms,normal,112,116,8,16,1,2,1,0,0.0005170428571221107,1.0,0.08353965006712062,0.006836957239710121,0.8156501061230628,0.0,0.033100000000558794,0.0010530000017752172,0.22210679999989225,0.06927990000076534,0.23092689999975846,0.02628259999983129,0.115731;0.069280;0.056536,0.230927,0.026287;0.026283;0.017704,,multiprocessing,2026-10-03T20:01:39+00:00
W8-01110,W8,n2-standard-8,Windows,2022Server,AMD64,Intel(R) Xeon(R) CPU @ 2.80GHz,intel,8,4,2800,34.4,3.14.6,CPython,1,spawn,2.5.3,algo_iter,algo_edit_distance,48839,1599860,0.3,seconds,big,125,1599883,8,2,2,16,0,0,0.009294799999982692,1.0,0.13043453248790726,0.09368320637299969,0.9260723809944748,0.0,0.12095640000006824,0.0067543000004661735,0.13285320000068168,1.1797734000001583,1.1867701000001034,0.7833121000003302,1.184548;1.179773;1.175822,1.187890;1.186770;1.184417,0.799649;0.783312;0.781242,,multiprocessing,2026-10-03T20:01:50+00:00
W8-01111,W8,n2-standard-8,Windows,2022Server,AMD64,Intel(R) Xeon(R) CPU @ 2.80GHz,intel,8,4,2800,34.4,3.14.6,CPython,1,spawn,2.5.3,big_result,result_records,31972,1228,0.8,ms,normal,8,1251,8,2,1,2,0,0,0.01745416666684226,1.0,0.306869904508002,1.3947844354182766,1.045546659349174,3.5,0.16567089999989548,0.07400809999853664,0.13285320000068168,0.1763323000004675,0.1693822999995973,0.18094070000006468,0.175101;0.199416;0.176332,0.169382;0.166607;0.186537,0.180941;0.192782;0.180278,,threading,2026-10-03T20:01:52+00:00
W8-01112,W8,n2-standard-8,Windows,2022Server,AMD64,Intel(R) Xeon(R) CPU @ 2.80GHz,intel,8,4,2800,34.4,3.14.6,CPython,1,spawn,2.5.3,text,text_split_count,75,1406,0.0,seconds,normal,886,1428,8,16,1,1,0,0,0.004773890909167345,1.0,0.01222396483440178,0.0011406742649573724,0.9703282283195782,0.0,0.10754659999929572,0.0010071999977299129,0.22210679999989225,4.15978129999985,4.247179500000129,1.1559121000000232,4.159781;4.143235;4.174637,4.209457;4.247180;4.257023,1.155912;1.190929;1.153528,,multiprocessing,2026-10-03T20:02:22+00:00
W8-01113,W8,n2-standard-8,Windows,2022Server,AMD64,Intel(R) Xeon(R) CPU @ 2.80GHz,intel,8,4,2800,34.4,3.14.6,CPython,1,spawn,2.5.3,cpu,cpu_sum_squares,90504,374,0.0,seconds,normal,280,399,8,4,1,2,0,0,0.0051203099998929245,1.0,0.0050269380938664406,0.0011737570252090977,0.9734009832167881,0.0,0.10465990000011516,0.0007834000007278519,0.1496803,1.446364899999935,1.4846738999995068,0.6149569999997766,1.438598;1.446365;1.497007,1.497268;1.483013;1.484674,0.614957;0.550471;0.621729,,multiprocessing,2026-10-03T20:02:33+00:00
W8-01114,W8,n2-standard-8,Windows,2022Server,AMD64,Intel(R) Xeon(R) CPU @ 2.80GHz,intel,8,4,2800,34.4,3.14.6,CPython,1,spawn,2.5.3,numpy,np_fft,9559,2151,0.0,ms,normal,59,2174,8,8,0,0,0,1,0.000256292857362236,1.0,0.13012447074761999,0.021459825937121767,1.3391318857784837,0.0,0.007174899999881745,0.0009278999968955759,0.1850192000001698,0.01510240000061458,0.008140300000377465,0.12723989999994956,0.021927;0.015102;0.014439,0.008869;0.008140;0.007722,0.127240,,threading,2026-10-03T20:02:34+00:00
W8-01115,W8,n2-standard-8,Windows,2022Server,AMD64,Intel(R) Xeon(R) CPU @ 2.80GHz,intel,8,4,2800,34.4,3.14.6,CPython,1,spawn,2.5.3,big_payload,big_reverse,2,208685,0.0,seconds,big,958,208707,8,4,0,0,0,0,0.00014274267782658098,1.0,0.1258913028236572,0.43536383844866444,0.9676360169067214,0.0,0.0719864000002417,0.0023847000002206187,0.1496803,0.15057079999951384,0.16584149999926012,0.8137092000006305,0.149153;0.150571;0.166375,0.171276;0.165841;0.154799,0.813709,,sequential,2026-10-03T20:02:37+00:00
W8-01116,W8,n2-standard-8,Windows,2022Server,AMD64,Intel(R) Xeon(R) CPU @ 2.80GHz,intel,8,4,2800,34.4,3.14.6,CPython,1,spawn,2.5.3,db,db_mem_group_by,206,190,0.3,ms,normal,239,209,8,2,1,2,1,0,0.0003116084745223338,1.0,0.1486214307524199,0.011536913295921108,0.8643929156733362,4.7,0.03996410000036121,0.00044300000354269287,0.13285320000068168,0.07222399999955087,0.08280430000013439,0.03743819999999687,0.072626;0.072076;0.072224,0.081724;0.082804;0.087354,0.038068;0.036930;0.037438,,multiprocessing,2026-10-03T20:02:38+00:00
W8-01117,W8,n2-standard-8,Windows,2022Server,AMD64,Intel(R) Xeon(R) CPU @ 2.80GHz,intel,8,4,2800,34.4,3.14.6,CPython,1,spawn,2.5.3,algo_iter,algo_game_of_life,2,97,0.8,ms,normal,8,116,8,16,5,9,0,0,0.0024399333330317554,1.0,0.2624500856594781,0.024495204807409427,0.6966878900759439,0.8,0.01846209999985149,0.001521300000604242,0.22210679999989225,0.0248368999991726,0.025413500000468048,0.0081622999996398,0.024837;0.024766;0.024875,0.025240;0.025414;0.025522,0.008162;0.008412;0.008126,,multiprocessing,2026-10-03T20:02:38+00:00
W8-01118,W8,n2-standard-8,Windows,2022Server,AMD64,Intel(R) Xeon(R) CPU @ 2.80GHz,intel,8,4,2800,34.4,3.14.6,CPython,1,spawn,2.5.3,db,db_mem_group_by,3712,22,0.8,ms,normal,20,42,8,4,1,2,1,0,0.004418960000111838,1.0,0.4043568853074817,0.001303474125516277,0.9237207476423139,0.0,0.0458545999999842,0.0002668999986781273,0.1496803,0.07911869999952614,0.19678529999964667,0.02314109999952052,0.079141;0.078832;0.079119,0.196785,0.023698;0.022632;0.023141,,multiprocessing,2026-10-03T20:02:40+00:00
W8-01119,W8,n2-standard-8,Windows,2022Server,AMD64,Intel(R) Xeon(R) CPU @ 2.80GHz,intel,8,4,2800,34.4,3.14.6,CPython,1,spawn,2.5.3,text,text_split_count,30,875,0.0,seconds,normal,3369,897,8,8,1,1,0,0,0.0012768975000653881,1.0,0.019299181761436135,0.0035241669570497784,0.9510258368403772,0.0,0.10517540000000736,0.0004371999966679141,0.1850192000001698,4.202194399999826,4.332957399999941,1.1383964999995442,4.202194;4.263498;4.190372,4.286211;4.332957;4.334666,1.139903;1.137137;1.138396,,multiprocessing,2026-10-03T20:03:09+00:00
W8-01120,W8,n2-standard-8,Windows,2022Server,AMD64,Intel(R) Xeon(R) CPU @ 2.80GHz,intel,8,4,2800,34.4,3.14.6,CPython,1,spawn,2.5.3,big_result,result_records,209,248709,0.3,ms,big,705,248731.15,8,8,1,2,0,0,7.512329545472147e-05,1.0,1.29894098631892,2.020345342507524,0.8905364269631667,0.0,0.03175010000086331,0.0036005000010845833,0.1850192000001698,0.08106790000056208,0.06204650000017864,0.49075360000006185,0.084785;0.072193;0.081068,0.062047;0.061866;0.082488,0.490754,,threading,2026-10-03T20:03:11+00:00
W8-01121,W8,n2-standard-8,Windows,2022Server,AMD64,Intel(R) Xeon(R) CPU @ 2.80GHz,intel,8,4,2800,34.4,3.14.6,CPython,1,spawn,2.5.3,numpy,np_fft,119469,999,0.3,ms,normal,8,1024,8,16,0,0,0,1,0.013763966666374472,1.0,0.755627410668487,0.0008185624999839569,1.2442338867635556,0.0,0.08555509999951028,0.00027580000005400507,0.22210679999989225,0.1416609999996581,0.044455199999902106,0.1564027000003989,0.142245;0.140081;0.141661,0.044455;0.043622;0.044865,0.164231;0.156403;0.047432,,threading,2026-10-03T20:03:13+00:00
W8-01122,W8,n2-standard-8,Windows,2022Server,AMD64,Intel(R) Xeon(R) CPU @ 2.80GHz,intel,8,4,2800,34.4,3.14.6,CPython,1,spawn,2.5.3,io,io_sleep_return_payload,12000,1191,0.0,ms,normal,8,1214,8,2,0,1,1,0,0.012797966666463859,0.0021656168565620535,0.0109072482688946,0.001208525323795795,1.5058101158974702,2.3,0.0644626999992397,0.0007057000002532732,0.13285320000068168,0.10088329999962298,0.0502639000005729,0.05124900000009802,0.100884;0.100883;0.099884,0.050195;0.050264;0.050463,0.051514;0.051249;0.050546,,threading,2026-10-03T20:03:14+00:00
W8-01123,W8,n2-standard-8,Windows,2022Server,AMD64,Intel(R) Xeon(R) CPU @ 2.80GHz,intel,8,4,2800,34.4,3.14.6,CPython,1,spawn,2.5.3,db,db_file_commit,5,2970,0.8,ms,normal,8,2992,8,8,1,0,1,0,0.014999366666415881,0.2513589696769468,0.5343274907603157,0.0006866956746780135,0.9481881366546481,0.0,0.09440789999916888,0.001017399999909685,0.1850192000001698,0.1533131999995021,0.05405400000017835,0.05071959999986575,0.150359;0.153313;0.155021,0.063546;0.047836;0.054054,0.068480;0.050720;0.049235,,multiprocessing,2026-10-03T20:03:15+00:00
W8-01124,W8,n2-standard-8,Windows,2022Server,AMD64,Intel(R) Xeon(R) CPU @ 2.80GHz,intel,8,4,2800,34.4,3.14.6,CPython,1,spawn,2.5.3,big_result,result_sorted_pairs,1171,372,0.3,ms,normal,156,395,8,4,1,4,0,0,0.00041491538458779897,1.0,0.24527448354550174,0.6100279945034427,0.9346367416401576,0.0,0.03885869999976421,0.005435600000964769,0.1496803,0.07528430000002118,0.07908320000024105,0.046489999999721476,0.074344;0.078120;0.075284,0.079043;0.079083;0.082624,0.046490;0.046661;0.046183,,multiprocessing,2026-10-03T20:03:17+00:00
W8-01125,W8,n2-standard-8,Windows,2022Server,AMD64,Intel(R) Xeon(R) CPU @ 2.80GHz,intel,8,4,2800,34.4,3.14.6,CPython,1,spawn,2.5.3,mixed,mixed_compute_then_sleep,49394,27,0.3,ms,normal,10,47,8,4,1,3,1,0,0.003370299999915005,0.5650505035212181,0.019848778431067297,0.0034022688390712348,1.2560028422166252,0.0,0.019039900000279886,0.0007069000002957182,0.1496803,0.035038900000472495,0.02304710000043997,0.011221099999602302,0.034701;0.035039;0.035041,0.022912;0.023086;0.023047,0.012329;0.011162;0.011221,,multiprocessing,2026-10-03T20:03:17+00:00
W8-01126,W8,n2-standard-8,Windows,2022Server,AMD64,Intel(R) Xeon(R) CPU @ 2.80GHz,intel,8,4,2800,34.4,3.14.6,CPython,1,spawn,2.5.3,text,text_format_report,5853,319,0.8,ms,normal,12,342,8,2,1,2,0,0,0.0048347000001740525,1.0,0.5964546715780453,0.002295902524969395,0.36555408799382394,0.0,0.039010700000289944,0.0009006000000226777,0.13285320000068168,0.08461580000039248,0.08657510000011825,0.04603239999960351,0.083736;0.084616;0.086690,0.086575;0.085552;0.087693,0.046237;0.045500;0.046032,,multiprocessing,2026-10-03T20:03:19+00:00
W8-01127,W8,n2-standard-8,Windows,2022Server,AMD64,Intel(R) Xeon(R) CPU @ 2.80GHz,intel,8,4,2800,34.4,3.14.6,CPython,1,spawn,2.5.3,io,io_sleep_chunks,535,240,0.3,seconds,normal,926,260,8,8,1,1,1,0,0.0038830692307013893,0.012562508083220363,0.0190271197827194,0.0014401771913605114,1.8391087613190034,0.0,0.07897779999984778,0.0008289000006698188,0.1850192000001698,3.615549199999805,0.4491791000000376,0.44333949999963806,3.615549,0.449179;0.448752;0.453726,0.445475;0.443339;0.436930,,multiprocessing,2026-10-03T20:03:25+00:00
W8-01128,W8,n2-standard-8,Windows,2022Server,AMD64,Intel(R) Xeon(R) CPU @ 2.80GHz,intel,8,4,2800,34.4,3.14.6,CPython,1,spawn,2.5.3,mixed,mixed_hash_then_write,375,6144,0.3,seconds,normal,12827,6167,8,8,1,3,1,0,0.00020535454545217574,0.9992988995343771,0.1243531597179031,0.030629953125053053,1.1141286452416004,0.0,0.09603299999980663,0.0017840000009528012,0.1850192000001698,2.679144400000041,2.5248936000007234,2.4156456000000617,2.724323;2.583586;2.679144,2.464398;2.532327;2.524894,2.413674;2.438114;2.415646,,multiprocessing,2026-10-03T20:03:49+00:00
W8-01129,W8,n2-standard-8,Windows,2022Server,AMD64,Intel(R) Xeon(R) CPU @ 2.80GHz,intel,8,4,2800,34.4,3.14.6,CPython,1,spawn,2.5.3,big_result,result_sorted_pairs,500,46,0.3,ms,normal,216,66,8,8,1,4,0,0,0.0001649962963104675,1.0,0.20328300034969926,0.681197108721631,0.9021090920035701,5.9,0.02149349999945116,0.0026134999989153584,0.1850192000001698,0.03853140000046551,0.04024380000009842,0.022747300000446558,0.040263;0.037941;0.038531,0.040244;0.040433;0.040037,0.022111;0.024871;0.022747,,multiprocessing,2026-10-03T20:03:50+00:00
W8-01130,W8,n2-standard-8,Windows,2022Server,AMD64,Intel(R) Xeon(R) CPU @ 2.80GHz,intel,8,4,2800,34.4,3.14.6,CPython,1,spawn,2.5.3,big_payload,big_count_byte,134,3382233,0.3,seconds,big,59,3382255,8,8,0,1,0,0,0.002043035714450525,1.0,0.03417651734525315,0.8540092649076887,0.9780049878286142,8.7,0.08299709999937477,0.02534089999699063,0.1850192000001698,0.11951450000015029,0.12147800000002462,0.31853159999991476,0.119330;0.119515;0.120237,0.121478;0.120541;0.121909,0.314423;0.328638;0.318532,,sequential,2026-10-03T20:03:53+00:00
W8-01131,W8,n2-standard-8,Windows,2022Server,AMD64,Intel(R) Xeon(R) CPU @ 2.80GHz,intel,8,4,2800,34.4,3.14.6,CPython,1,spawn,2.5.3,cpu,cpu_sum_squares,659,1568,0.8,seconds,normal,35829,1590.9,8,2,1,2,0,0,2.6559784354359153e-05,1.0,0.4920378331502324,0.16509923416802572,0.9715732515725511,7.4,0.10429339999973308,0.003371400022842863,0.13285320000068168,0.9667907000002742,0.9559266999995089,0.556127099999685,0.968287;0.964457;0.966791,0.953656;0.955927;0.956223,0.556127;0.554485;0.556704,,multiprocessing,2026-10-03T20:04:01+00:00
W8-01132,W8,n2-standard-8,Windows,2022Server,AMD64,Intel(R) Xeon(R) CPU @ 2.80GHz,intel,8,4,2800,34.4,3.14.6,CPython,1,spawn,2.5.3,mixed,mixed_json_roundtrip,20,123200,0.8,seconds,big,204,123222,8,8,1,1,1,0,0.0009819941176151497,0.5758129400913065,0.5963264773068775,0.027113197046615585,1.3263660003087003,0.0,0.09000970000033703,0.0015739000018584193,0.1850192000001698,0.199629200000345,0.1309125000007043,0.06015729999944597,0.199629;0.203943;0.197493,0.130913;0.132814;0.130597,0.062806;0.058016;0.060157,,multiprocessing,2026-10-03T20:04:03+00:00
W8-01133,W8,n2-standard-8,Windows,2022Server,AMD64,Intel(R) Xeon(R) CPU @ 2.80GHz,intel,8,4,2800,34.4,3.14.6,CPython,1,spawn,2.5.3,algo_rec,algo_lcs_memo,1,752985,0.3,ms,big,8,753007,8,8,1,10,0,0,0.00714220000008936,1.0,0.03723657772111658,0.06037822146849111,0.9632922366314007,1.2,0.04651020000073913,0.002644700000928424,0.1850192000001698,0.05445250000047963,0.0567442999999912,0.018367700000453624,0.054874;0.054453;0.054384,0.058770;0.055888;0.056744,0.019060;0.017698;0.018368,,multiprocessing,2026-10-03T20:04:04+00:00
W8-01134,W8,n2-standard-8,Windows,2022Server,AMD64,Intel(R) Xeon(R) CPU @ 2.80GHz,intel,8,4,2800,34.4,3.14.6,CPython,1,spawn,2.5.3,big_result,result_matrix_lists,370,204,0.0,ms,normal,8,224,8,16,2,5,0,0,0.014960166666545168,1.0,0.03737797740298079,0.2839384587936214,1.0028921828560942,1.2,0.10392739999952028,0.013530399999581277,0.22210679999989225,0.12337569999999687,0.12507000000005064,0.05952840000009019,0.126700;0.123376;0.122470,0.125593;0.125070;0.124830,0.060661;0.059528;0.059347,,multiprocessing,2026-10-03T20:04:05+00:00
W8-01135,W8,n2-standard-8,Windows,2022Server,AMD64,Intel(R) Xeon(R) CPU @ 2.80GHz,intel,8,4,2800,34.4,3.14.6,CPython,1,spawn,2.5.3,big_result,result_long_string,3897,77,0.8,seconds,normal,347,97,8,4,1,1,0,0,0.0008329770492712325,1.0,0.44928739728486794,0.03998309428368165,1.0056961493497116,0.0,0.10284640000008949,0.0016399999949499033,0.1496803,0.2803900999997495,0.2824923000007402,0.1432832000000417,0.275479;0.284088;0.280390,0.279253;0.284392;0.282492,0.138504;0.143283;0.144080,,multiprocessing,2026-10-03T20:04:08+00:00
W8-01136,W8,n2-standard-8,Windows,2022Server,AMD64,Intel(R) Xeon(R) CPU @ 2.80GHz,intel,8,4,2800,34.4,3.14.6,CPython,1,spawn,2.5.3,text,text_regex_findall,31,522,0.3,seconds,normal,6159,544,8,4,1,1,0,0,0.0007303478260586996,1.0,0.16677228858448728,0.005771222875574471,0.9737274774647159,0.0,0.10318559999996069,0.001002500001959561,0.1496803,4.510021000000052,4.613924700000098,1.4860553999997137,4.510021;4.507567;4.599027,4.613925;4.603656;4.664892,1.442832;1.486055;2.157677,,multiprocessing,2026-10-03T20:04:41+00:00
W8-01137,W8,n2-standard-8,Windows,2022Server,AMD64,Intel(R) Xeon(R) CPU @ 2.80GHz,intel,8,4,2800,34.4,3.14.6,CPython,1,spawn,2.5.3,big_payload,big_upper_copy,2,165096,0.3,seconds,big,1211,165118,8,2,0,0,0,0,0.00011251986754227169,1.0,0.1529880410958718,0.4669397607004715,0.9239170446629218,0.0,0.07333480000033887,0.0023444000025847345,0.13285320000068168,0.15449609999996028,0.17426160000013624,0.8355246000000989,0.152636;0.191423;0.154496,0.174474;0.174262;0.154654,0.835525,,sequential,2026-10-03T20:04:44+00:00
W8-01138,W8,n2-standard-8,Windows,2022Server,AMD64,Intel(R) Xeon(R) CPU @ 2.80GHz,intel,8,4,2800,34.4,3.14.6,CPython,1,spawn,2.5.3,algo_iter,algo_edit_distance,895,367882,0.8,seconds,big,543,367904.9,8,8,2,16,0,0,0.00046606944444512784,1.0,0.27279419979255715,0.1754995974182969,0.9276900156805251,2.3,0.10566370000015013,0.0021514999998544226,0.1850192000001698,0.24853019999954995,0.2525567000002411,0.5709385999998631,0.248530;0.247712;0.248632,0.251973;0.252557;0.254218,0.560397;0.578690;0.570939,,sequential,2026-10-03T20:04:49+00:00
W8-01139,W8,n2-standard-8,Windows,2022Server,AMD64,Intel(R) Xeon(R) CPU @ 2.80GHz,intel,8,4,2800,34.4,3.14.6,CPython,1,spawn,2.5.3,algo_iter,algo_edit_distance,3331,483,0.0,ms,normal,52,506,8,8,2,16,0,0,0.0005402307691698438,1.0,0.009629454317035956,0.008970524957781662,0.9057647898200256,2.3,0.015121800000088115,0.000295600000754348,0.1850192000001698,0.02790720000029978,0.0285743000004004,0.009072700000615441,0.027968;0.027901;0.027907,0.030028;0.028526;0.028574,0.009036;0.009073;0.009311,,multiprocessing,2026-10-03T20:04:50+00:00
W8-01140,W8,n2-standard-8,Windows,2022Server,AMD64,Intel(R) Xeon(R) CPU @ 2.80GHz,intel,8,4,2800,34.4,3.14.6,CPython,1,spawn,2.5.3,algo_rec,algo_sudoku,8,214,0.3,ms,normal,8,233,8,4,3,28,0,0,0.0025883333331269873,1.0,0.3308961450396571,0.004018029528276702,0.12931491980960075,0.0,0.06868349999967904,0.0020672000009653857,0.1496803,0.07592509999994945,0.07862010000008013,0.054202100000111386,0.075925;0.076106;0.075593,0.078638;0.078620;0.077690,0.054202;0.053723;0.054930,,multiprocessing,2026-10-03T20:04:51+00:00
W8-01141,W8,n2-standard-8,Windows,2022Server,AMD64,Intel(R) Xeon(R) CPU @ 2.80GHz,intel,8,4,2800,34.4,3.14.6,CPython,1,spawn,2.5.3,numpy,np_fft,573178,5712,0.8,ms,normal,8,5737,8,4,0,0,0,1,0.061426700000083656,1.0,0.624150264476793,0.00030605583167338913,1.4716962044263557,1.1,0.3640577000005578,0.00030359999982465524,0.1496803,0.4658057999995435,0.1745006999999532,0.17783069999950385,0.473176;0.461847;0.465806,0.171773;0.194490;0.174501,0.177831;0.206987;0.162696,,threading,2026-10-03T20:04:55+00:00
W8-01142,W8,n2-standard-8,Windows,2022Server,AMD64,Intel(R) Xeon(R) CPU @ 2.80GHz,intel,8,4,2800,34.4,3.14.6,CPython,1,spawn,2.5.3,gil_release,gil_sha256,3,248777,0.8,seconds,big,351,248799,8,16,1,1,0,1,0.001896270370336963,1.0,0.44027906979119996,0.02316389093693114,1.8986733237443996,0.0,0.07998500000030617,0.00174430000151915,0.22210679999989225,0.6528436999997211,0.1457364999996571,0.19089319999966392,0.652678;0.652844;0.659032,0.143011;0.145736;0.145990,0.190893;0.192648;0.190178,,threading,2026-10-03T20:04:59+00:00
W8-01143,W8,n2-standard-8,Windows,2022Server,AMD64,Intel(R) Xeon(R) CPU @ 2.80GHz,intel,8,4,2800,34.4,3.14.6,CPython,1,spawn,2.5.3,numpy,np_sort,10035,135977,0.3,ms,big,23,136000,8,8,0,3,0,1,0.0011988600001132,1.0,0.06715267879553476,0.04727824776858499,1.2707965919333681,0.0,0.0119340999999622,0.0011677000002237037,0.1850192000001698,0.026668200000131037,0.00945769999998447,0.007913799999187177,0.027070;0.026484;0.026668,0.009553;0.009458;0.008971,0.008362;0.007914;0.007852,,multiprocessing,2026-10-03T20:04:59+00:00
W8-01144,W8,n2-standard-8,Windows,2022Server,AMD64,Intel(R) Xeon(R) CPU @ 2.80GHz,intel,8,4,2800,34.4,3.14.6,CPython,1,spawn,2.5.3,mixed,mixed_hash_then_write,14080,1147,0.3,seconds,normal,2697,1170,8,16,1,3,1,0,0.0002770138888788804,0.9783775855725864,0.3419107000318147,0.015288042465601413,1.2356349261924937,0.4,0.09094469999945431,0.0007919000017864164,0.22210679999989225,0.6623880000006466,0.5625472000001537,0.494684899999811,0.662388;0.650338;0.721619,0.552986;0.628100;0.562547,0.543422;0.491167;0.494685,,multiprocessing,2026-10-03T20:05:05+00:00
W8-01145,W8,n2-standard-8,Windows,2022Server,AMD64,Intel(R) Xeon(R) CPU @ 2.80GHz,intel,8,4,2800,34.4,3.14.6,CPython,1,spawn,2.5.3,big_result,result_sorted_pairs,3425,16,0.0,seconds,normal,1675,36,8,8,1,4,0,0,0.001296369230821699,1.0,0.06490806217758628,0.6677534296754248,0.9303132630369579,0.0,0.12257180000051449,0.017718899998726556,0.1850192000001698,2.6396960000001854,2.6680163000000903,1.51361739999993,2.639696;2.667583;2.630983,2.668016;2.686775;2.656452,1.530316;1.513617;1.487719,,multiprocessing,2026-10-03T20:05:27+00:00
W8-01146,W8,n2-standard-8,Windows,2022Server,AMD64,Intel(R) Xeon(R) CPU @ 2.80GHz,intel,8,4,2800,34.4,3.14.6,CPython,1,spawn,2.5.3,big_result,result_long_string,263,490671,0.3,seconds,big,407,490693.5625,8,16,1,1,0,0,0.0032659437498523403,1.0,0.16001176731153705,0.037424098262301954,0.9202851054681311,0.0,0.11076469999989058,0.0022876000020914944,0.22210679999989225,1.3492867999993905,1.3691890000000058,0.6270205999999234,1.349787;1.346091;1.349287,1.376099;1.369189;1.368915,0.664079;0.627021;0.622377,,multiprocessing,2026-10-03T20:05:38+00:00
W8-01147,W8,n2-standard-8,Windows,2022Server,AMD64,Intel(R) Xeon(R) CPU @ 2.80GHz,intel,8,4,2800,34.4,3.14.6,CPython,1,spawn,2.5.3,io,io_file_roundtrip,1,10622,0.0,ms,normal,8,10644,8,16,1,0,1,0,0.007593233332954696,0.09820552976652501,0.11387829119311232,0.0024978379626833247,1.3575551093129654,1.9,0.03961249999974825,0.0012280000009923242,0.22210679999989225,0.05438660000072559,0.013524099999813188,0.01333840000006603,0.054387;0.054257;0.055587,0.013768;0.013524;0.012212,0.013338;0.012201;0.014129,,multiprocessing,2026-10-03T20:05:39+00:00
W8-01148,W8,n2-standard-8,Windows,2022Server,AMD64,Intel(R) Xeon(R) CPU @ 2.80GHz,intel,8,4,2800,34.4,3.14.6,CPython,1,spawn,2.5.3,algo_iter,algo_game_of_life,5,1196550,0.0,ms,big,16,1196572,8,4,5,9,0,0,0.006939825000245037,1.0,0.004692111158919908,0.12089281787678983,0.9607446051354186,0.0,0.060356599999977334,0.0036443999988478026,0.1496803,0.11321010000028764,0.11379920000035781,0.045703700000558456,0.112535;0.113369;0.113210,0.113799;0.113608;0.117861,0.044902;0.045704;0.046525,,multiprocessing,2026-10-03T20:05:40+00:00
W8-01149,W8,n2-standard-8,Windows,2022Server,AMD64,Intel(R) Xeon(R) CPU @ 2.80GHz,intel,8,4,2800,34.4,3.14.6,CPython,1,spawn,2.5.3,gil_release,gil_zlib,8,250776,0.0,seconds,big,8,250798,8,2,1,1,0,1,0.05327143333336911,1.0,0.004011005791217667,0.0010543486961773808,1.4213966029094152,0.0,0.2729246000008061,0.0009168000005956856,0.13285320000068168,0.4267914000001838,0.22071099999993748,0.2244264999999359,0.426791;0.426316;0.428135,0.220711;0.216415;0.222798,0.224426;0.223915;0.224743,,threading,2026-10-03T20:05:44+00:00
W8-01150,W8,n2-standard-8,Windows,2022Server,AMD64,Intel(R) Xeon(R) CPU @ 2.80GHz,intel,8,4,2800,34.4,3.14.6,CPython,1,spawn,2.5.3,recursive,rec_fib,443,300,0.0,ms,normal,1099,323,8,4,0,4,0,0,2.4495255464016005e-05,1.0,0.08095207264403355,0.17636068618262776,0.883733421212953,0.0,0.015838399999665853,0.0013377000022956054,0.1496803,0.0270304000005126,0.028297599999859813,0.012258600000677689,0.027095;0.027030;0.026925,0.028298;0.028283;0.028674,0.008864;0.012259;0.012325,,multiprocessing,2026-10-03T20:05:44+00:00
W8-01151,W8,n2-standard-8,Windows,2022Server,AMD64,Intel(R) Xeon(R) CPU @ 2.80GHz,intel,8,4,2800,34.4,3.14.6,CPython,1,spawn,2.5.3,numpy,np_sort,103505,425848,0.0,seconds,big,72,425882,8,2,0,3,0,1,0.0058113444445350776,1.0,0.06306554783253557,0.013123756054355035,1.6492348172080953,0.0,0.08437809999941237,0.0009721999986140872,0.13285320000068168,0.40368260000013834,0.23204729999997653,0.26330590000088705,0.405374;0.403683;0.398106,0.227736;0.232047;0.239223,0.340845;0.262346;0.263306,,threading,2026-10-03T20:05:48+00:00
W8-01152,W8,n2-standard-8,Windows,2022Server,AMD64,Intel(R) Xeon(R) CPU @ 2.80GHz,intel,8,4,2800,34.4,3.14.6,CPython,1,spawn,2.5.3,big_result,result_records,1616,46,0.8,seconds,normal,951,66,8,16,1,2,0,0,0.00082262857145069,1.0,2.4529387365787794,1.0158351277205684,1.278562861824451,3.4,0.10936539999966044,0.017158599997856072,0.22210679999989225,1.1157042000004367,1.1757148000006055,0.7751413999994838,1.310948;1.086726;1.115704,1.175476;1.175715;1.236344,0.775141;0.859788;0.748006,,multiprocessing,2026-10-03T20:05:58+00:00
W8-01153,W8,n2-standard-8,Windows,2022Server,AMD64,Intel(R) Xeon(R) CPU @ 2.80GHz,intel,8,4,2800,34.4,3.14.6,CPython,1,spawn,2.5.3,recursive,rec_fib,85,312,0.8,seconds,normal,200000,334,8,16,0,4,0,0,8.542049995867273e-06,1.0,0.84072401780378,0.5367563820920759,0.9086842776682846,0.0,0.0400420000005397,0.0031992000085665495,0.22210679999989225,1.7230405999998766,1.785482199999933,0.558285000000069,1.719699;1.725492;1.723041,1.785482;1.786698;1.782618,0.558285;0.555968;0.560731,,multiprocessing,2026-10-03T20:06:11+00:00
W8-01154,W8,n2-standard-8,Windows,2022Server,AMD64,Intel(R) Xeon(R) CPU @ 2.80GHz,intel,8,4,2800,34.4,3.14.6,CPython,1,spawn,2.5.3,cpu,cpu_matmul_lists,43,66,0.3,seconds,normal,54,85,8,8,3,5,0,0,0.0037594538461444946,1.0,0.47054993643678955,0.0013893179967176782,0.6599690271219641,0.0,0.12640710000050603,0.0016330000007656054,0.1850192000001698,0.22692970000025525,0.23225120000006427,0.07417530000020633,0.225991;0.226930;0.227222,0.231320;0.232855;0.232251,0.076363;0.074175;0.069971,,multiprocessing,2026-10-03T20:06:13+00:00
W8-01155,W8,n2-standard-8,Windows,2022Server,AMD64,Intel(R) Xeon(R) CPU @ 2.80GHz,intel,8,4,2800,34.4,3.14.6,CPython,1,spawn,2.5.3,gil_release,gil_numpy_matmul,47,7203,0.0,seconds,normal,27766,7225,8,8,0,2,0,1,2.5459313230241452e-05,1.0,0.11282268346661053,0.28692839277757826,0.5768981474436784,0.0,0.13910039999973378,0.004595499971401296,0.1850192000001698,0.7001403000003847,1.8782664999998815,0.6497189000001526,0.700140;0.711974;0.699923,1.878266;1.881466;1.865480,0.649719;0.660984;0.647297,,multiprocessing,2026-10-03T20:06:24+00:00
W8-01156,W8,n2-standard-8,Windows,2022Server,AMD64,Intel(R) Xeon(R) CPU @ 2.80GHz,intel,8,4,2800,34.4,3.14.6,CPython,1,spawn,2.5.3,algo_rec,algo_flood_fill,58,83,0.8,ms,normal,8,102,8,2,3,10,0,0,0.017334433333720273,1.0,0.41096889551685545,0.0006441898786571027,0.4052893629643305,0.0,0.14461860000028537,0.0015029999985927134,0.13285320000068168,0.1813664000001154,0.18309669999962352,0.09483970000019326,0.188986;0.180518;0.181366,0.181770;0.183612;0.183097,0.095669;0.094753;0.094840,,multiprocessing,2026-10-03T20:06:26+00:00
W8-01157,W8,n2-standard-8,Windows,2022Server,AMD64,Intel(R) Xeon(R) CPU @ 2.80GHz,intel,8,4,2800,34.4,3.14.6,CPython,1,spawn,2.5.3,text,text_csv_parse,9,123,0.8,seconds,normal,837,142,8,2,2,3,0,0,0.0006869205479432983,1.0,0.4216093553180102,0.005633839331270744,0.9153103633392599,0.0,0.10576070000024629,0.0012442000006558374,0.13285320000068168,0.5713491000005888,0.581699800000024,0.29276690000006056,0.571215;0.574543;0.571349,0.581700;0.591398;0.574288,0.292767;0.297040;0.292169,,multiprocessing,2026-10-03T20:06:31+00:00
W8-01158,W8,n2-standard-8,Windows,2022Server,AMD64,Intel(R) Xeon(R) CPU @ 2.80GHz,intel,8,4,2800,34.4,3.14.6,CPython,1,spawn,2.5.3,algo_rec,algo_flood_fill,52,32,0.3,ms,normal,8,51,8,8,3,10,0,0,0.018395966666200064,1.0,0.371766256608916,0.0005870852168200424,1.1517529353045692,0.0,0.11596330000065791,0.000240100001974497,0.1850192000001698,0.16077369999948132,0.1640706999996837,0.05942570000024716,0.160841;0.160774;0.160584,0.164071;0.163185;0.167158,0.059426;0.061449;0.057498,,multiprocessing,2026-10-03T20:06:33+00:00
W8-01159,W8,n2-standard-8,Windows,2022Server,AMD64,Intel(R) Xeon(R) CPU @ 2.80GHz,intel,8,4,2800,34.4,3.14.6,CPython,1,spawn,2.5.3,gil_release,gil_bz2,10,300000,0.3,ms,big,41,300022,8,8,0,1,0,1,0.0020906700000523416,1.0,0.10953655349248358,0.04149387520750552,1.8567447246950957,0.0,0.03363990000070771,0.001607999999578169,0.1850192000001698,0.08228690000032657,0.021158200000172656,0.02614209999956074,0.082287;0.082021;0.085095,0.021158;0.021800;0.020999,0.025887;0.026142;0.026614,,threading,2026-10-03T20:06:34+00:00
W8-01160,W8,n2-standard-8,Windows,2022Server,AMD64,Intel(R) Xeon(R) CPU @ 2.80GHz,intel,8,4,2800,34.4,3.14.6,CPython,1,spawn,2.5.3,cpu,cpu_matmul_lists,30,498,0.8,ms,normal,29,520,8,4,3,5,0,0,0.0016879285714302178,1.0,0.9222091781530274,0.004612585262557336,0.31983220579165145,0.0,0.04109210000024177,0.0002905999999711639,0.1496803,0.06438859999980195,0.06493229999978212,0.019560299999284325,0.063848;0.064389;0.064482,0.064449;0.064932;0.066757,0.019560;0.019506;0.025831,,multiprocessing,2026-10-03T20:06:35+00:00
W8-01161,W8,n2-standard-8,Windows,2022Server,AMD64,Intel(R) Xeon(R) CPU @ 2.80GHz,intel,8,4,2800,34.4,3.14.6,CPython,1,spawn,2.5.3,text,text_regex_findall,86,650,0.3,ms,normal,8,672,8,2,1,1,0,0,0.002850433333151159,1.0,0.11768337282118616,0.0038122858445515636,0.8083627244708033,0.0,0.018651499999577936,0.0002275000006193295,0.13285320000068168,0.02138310000009369,0.02240220000021509,0.01193630000034318,0.021322;0.021383;0.021483,0.021649;0.022402;0.022942,0.012049;0.011936;0.011699,,multiprocessing,2026-10-03T20:06:36+00:00
W8-01162,W8,n2-standard-8,Windows,2022Server,AMD64,Intel(R) Xeon(R) CPU @ 2.80GHz,intel,8,4,2800,34.4,3.14.6,CPython,1,spawn,2.5.3,mixed,mixed_parse_lines,45,1516,0.3,ms,normal,38,1538,8,8,2,3,1,0,0.003996999999900355,0.7604089703959431,0.20823504922028072,0.0015900814472655774,1.1875070834520254,0.0,0.06616730000041571,0.0010103000013259589,0.1850192000001698,0.14678699999967648,0.11733279999953083,0.03855920000023616,0.147066;0.146345;0.146787,0.118155;0.116154;0.117333,0.040131;0.038109;0.038559,,multiprocessing,2026-10-03T20:06:41+00:00
W8-01163,W8,n2-standard-8,Windows,2022Server,AMD64,Intel(R) Xeon(R) CPU @ 2.80GHz,intel,8,4,2800,34.4,3.14.6,CPython,1,spawn,2.5.3,algo_iter,algo_kmeans,925,218,0.8,seconds,normal,28,238,8,16,3,15,0,0,0.0336854333336305,1.0,0.28777534902536067,0.00044034859383372077,1.4300432879158582,3.4,0.1873592000001736,0.0015481999998883111,0.22210679999989225,0.6198162000000593,0.631854199999907,0.18907320000016625,0.619816;0.628364;0.618076,0.631854;0.631349;0.639944,0.185933;0.196910;0.189073,,multiprocessing,2026-10-03T20:06:46+00:00
W8-01164,W8,n2-standard-8,Windows,2022Server,AMD64,Intel(R) Xeon(R) CPU @ 2.80GHz,intel,8,4,2800,34.4,3.14.6,CPython,1,spawn,2.5.3,db,db_file_lookup,84,1431281,0.3,seconds,big,139,1431303,8,4,1,5,1,0,0.002489828571318261,1.0,0.1622676987626401,0.3646114477247875,0.8705468154559236,15.9,0.13144999999985885,0.01960590000180673,0.1496803,0.34672219999993104,0.15569819999927859,0.5420588999995744,0.347321;0.346722;0.331256,0.222792;0.155698;0.144630,0.534229;0.550218;0.542059,,threading,2026-10-03T20:06:50+00:00
W8-01165,W8,n2-standard-8,Windows,2022Server,AMD64,Intel(R) Xeon(R) CPU @ 2.80GHz,intel,8,4,2800,34.4,3.14.6,CPython,1,spawn,2.5.3,algo_rec,algo_flood_fill,4,1620015,0.3,ms,big,10,1620037,8,8,3,10,0,0,0.0009645666662739435,1.0,0.23310026765684222,0.902892490670763,0.6675226821584728,0.0,0.00967930000024353,0.0028881000016554026,0.1850192000001698,0.010238500000014028,0.011040000000321015,0.02204619999974966,0.010239;0.010188;0.010314,0.011427;0.010880;0.011040,0.022262;0.022019;0.022046,,sequential,2026-10-03T20:06:51+00:00
W8-01166,W8,n2-standard-8,Windows,2022Server,AMD64,Intel(R) Xeon(R) CPU @ 2.80GHz,intel,8,4,2800,34.4,3.14.6,CPython,1,spawn,2.5.3,text,text_regex_findall,3,240,0.3,seconds,normal,78390,259,8,4,1,1,0,0,3.5365928568223484e-05,1.0,0.21447492848976057,0.12413076780389821,0.9640018133324937,0.0,0.10414940000009665,0.0025439000046389992,0.1496803,2.7751137000004746,2.8379899000001387,0.8980647999997018,2.774128;2.776239;2.775114,2.830705;2.841766;2.837990,0.898065;0.899250;0.895214,,multiprocessing,2026-10-03T20:07:11+00:00
W8-01167,W8,n2-standard-8,Windows,2022Server,AMD64,Intel(R) Xeon(R) CPU @ 2.80GHz,intel,8,4,2800,34.4,3.14.6,CPython,1,spawn,2.5.3,algo_iter,algo_dijkstra,407,41,0.3,ms,normal,19,61,8,8,2,15,0,0,0.0009113250000609696,1.0,0.18938062962285585,0.00891559021090062,0.9711475740077522,0.0,0.009304899999733607,0.0016077999989647651,0.1850192000001698,0.015711999999439286,0.016897700000299665,0.005819399999381858,0.015578;0.015847;0.015712,0.016604;0.016898;0.017364,0.005857;0.005413;0.005819,,multiprocessing,2026-10-03T20:07:12+00:00
W8-01168,W8,n2-standard-8,Windows,2022Server,AMD64,Intel(R) Xeon(R) CPU @ 2.80GHz,intel,8,4,2800,34.4,3.14.6,CPython,1,spawn,2.5.3,big_payload,big_count_byte,2,1139248,0.8,ms,big,145,1139270,8,2,0,1,0,0,0.0006808305554386607,1.0,0.00876871534749303,1.1222028652647187,0.9434021599969835,0.0,0.06630039999981818,0.01572740000392514,0.13285320000068168,0.09874409999974887,0.1003857000005155,0.4459123999995427,0.098567;0.098744;0.099209,0.101017;0.100254;0.100386,0.445912;0.444096;0.457814,,sequential,2026-10-03T20:07:15+00:00
W8-01169,W8,n2-standard-8,Windows,2022Server,AMD64,Intel(R) Xeon(R) CPU @ 2.80GHz,intel,8,4,2800,34.4,3.14.6,CPython,1,spawn,2.5.3,big_result,result_records,1095,613,0.8,seconds,normal,3000,636,8,8,1,2,0,0,0.0005797137930611584,1.0,2.4469622675909024,0.8704985220190032,1.2706619913661341,2.3,0.1007817999998224,0.010581700003058359,0.1850192000001698,2.537932500000352,2.6465191999996023,1.832351000000017,2.537933;2.404420;2.543283,2.653535;2.646519;2.587470,1.832351;1.822146;1.874258,,multiprocessing,2026-10-03T20:07:36+00:00
W8-01170,W8,n2-standard-8,Windows,2022Server,AMD64,Intel(R) Xeon(R) CPU @ 2.80GHz,intel,8,4,2800,34.4,3.14.6,CPython,1,spawn,2.5.3,cpu,cpu_matmul_lists,15,452,0.8,seconds,normal,2626,474,8,16,3,5,0,0,0.00031254000002718386,1.0,0.9075844501199097,0.0136942467950497,1.0163831432748067,0.0,0.10035090000019409,0.0008102999963739421,0.22210679999989225,0.7611271000005218,0.7727245000005496,0.24462709999988874,0.766261;0.756879;0.761127,0.770529;0.772725;0.776573,0.244627;0.235624;0.245578,,multiprocessing,2026-10-03T20:07:42+00:00
W8-01171,W8,n2-standard-8,Windows,2022Server,AMD64,Intel(R) Xeon(R) CPU @ 2.80GHz,intel,8,4,2800,34.4,3.14.6,CPython,1,spawn,2.5.3,tiny,tiny_dict_lookup,669,241,0.8,seconds,normal,200000,260.9,8,8,0,1,0,0,2.8800001337003776e-07,1.0,0.3313380963431217,14.444443390034163,0.45429021043453793,0.0,0.006111400000008871,0.0033838999734143727,0.1850192000001698,0.045209300000351504,0.05694249999942258,0.15769219999947381,0.045108;0.045209;0.045993,0.058179;0.056942;0.056428,0.161103;0.157692;0.157039,,sequential,2026-10-03T20:07:44+00:00
W8-01172,W8,n2-standard-8,Windows,2022Server,AMD64,Intel(R) Xeon(R) CPU @ 2.80GHz,intel,8,4,2800,34.4,3.14.6,CPython,1,spawn,2.5.3,db,db_file_commit,2,3228,0.8,ms,normal,8,3250,8,16,1,0,1,0,0.012559999999818197,0.24812693406482203,0.2524726176498976,0.0009341825830610169,2.0277278773962397,1.1,0.059877400000004855,0.00026080000043293694,0.22210679999989225,0.09181429999989632,0.040553900000304566,0.042105999999876076,0.091814;0.092067;0.087966,0.040554;0.042342;0.025213,0.042106;0.046836;0.025349,,threading,2026-10-03T20:07:45+00:00
W8-01173,W8,n2-standard-8,Windows,2022Server,AMD64,Intel(R) Xeon(R) CPU @ 2.80GHz,intel,8,4,2800,34.4,3.14.6,CPython,1,spawn,2.5.3,big_result,result_long_string,3354,24,0.8,ms,normal,184,44,8,4,1,1,0,0,0.000727189130331048,1.0,0.39984430548145555,0.03235746922800043,1.145473059132166,0.0,0.06403689999933704,0.0008706000044185203,0.1496803,0.12336219999997411,0.12402810000003228,0.06413249999968684,0.123633;0.123362;0.123298,0.124028;0.123256;0.124458,0.056837;0.064132;0.066119,,multiprocessing,2026-10-03T20:07:46+00:00
W8-01174,W8,n2-standard-8,Windows,2022Server,AMD64,Intel(R) Xeon(R) CPU @ 2.80GHz,intel,8,4,2800,34.4,3.14.6,CPython,1,spawn,2.5.3,numpy,np_elementwise,2341,9779,0.8,ms,normal,181,9802,8,4,0,4,0,0,9.443555554753403e-05,1.0,0.3177886480964679,0.05516990045998039,1.1645565579021142,0.0,0.008370999999897322,0.00046640000073239207,0.1496803,0.01674870000078954,0.0162053999993077,0.0073621000001367065,0.017096;0.016749;0.016323,0.016501;0.016205;0.015818,0.007645;0.007362;0.006918,,multiprocessing,2026-10-03T20:07:47+00:00
W8-01175,W8,n2-standard-8,Windows,2022Server,AMD64,Intel(R) Xeon(R) CPU @ 2.80GHz,intel,8,4,2800,34.4,3.14.6,CPython,1,spawn,2.5.3,recursive,rec_quicksort,966,419960,0.0,ms,big,8,419983,8,16,1,8,0,0,0.0012509999999868644,1.0,0.08652411974696789,0.15667466024136925,0.7997775560021749,0.0,0.009877099999357597,0.001659099999415048,0.22210679999989225,0.009893000000374741,0.01055480000013631,0.006180299999869021,0.009577;0.009893;0.009914,0.010555;0.010303;0.010589,0.006164;0.006180;0.006380,,multiprocessing,2026-10-03T20:07:48+00:00
W8-01176,W8,n2-standard-8,Windows,2022Server,AMD64,Intel(R) Xeon(R) CPU @ 2.80GHz,intel,8,4,2800,34.4,3.14.6,CPython,1,spawn,2.5.3,algo_iter,algo_kmeans,435,31,0.8,ms,normal,8,50.666666666666664,8,8,3,15,0,0,0.010390899999947578,1.0,0.5168498271691023,0.0012510947229519872,0.6667636151073437,0.0,0.07360790000075212,0.00025210000057995785,0.1850192000001698,0.08824559999993653,0.08922359999996843,0.03291399999943678,0.087652;0.088360;0.088246,0.089699;0.089224;0.088799,0.033823;0.028034;0.032914,,multiprocessing,2026-10-03T20:07:49+00:00
W8-01177,W8,n2-standard-8,Windows,2022Server,AMD64,Intel(R) Xeon(R) CPU @ 2.80GHz,intel,8,4,2800,34.4,3.14.6,CPython,1,spawn,2.5.3,tiny,tiny_small_loop,3,435,0.0,seconds,normal,200000,457,8,2,0,0,0,0,3.5215001389587994e-07,1.0,0.25660221774646846,12.040323116865984,0.5459679579755885,0.0,0.006346099999973376,0.003436899972257379,0.13285320000068168,0.05253999999968073,0.06664439999985916,0.36394839999957185,0.051761;0.052540;0.053036,0.067631;0.066093;0.066644,0.363948,,sequential,2026-10-03T20:07:50+00:00
W8-01178,W8,n2-standard-8,Windows,2022Server,AMD64,Intel(R) Xeon(R) CPU @ 2.80GHz,intel,8,4,2800,34.4,3.14.6,CPython,1,spawn,2.5.3,tiny,tiny_len,1,399,0.0,ms,normal,67031,421,8,2,0,0,0,0,1.422999998794694e-07,1.0,0.46618307936429904,31.623329899207885,0.3081305917931085,0.0,0.0053118999994694605,0.00322639999922103,0.13285320000068168,0.007570800000394229,0.009885200000098848,0.1001165999996374,0.008038;0.007549;0.007571,0.010805;0.009732;0.009885,0.100117,,sequential,2026-10-03T20:07:51+00:00
W8-01179,W8,n2-standard-8,Windows,2022Server,AMD64,Intel(R) Xeon(R) CPU @ 2.80GHz,intel,8,4,2800,34.4,3.14.6,CPython,1,spawn,2.5.3,algo_rec,algo_flood_fill,14,34,0.3,ms,normal,8,53,8,2,3,10,0,0,0.006073800000194751,1.0,0.2479816271757443,0.0018824019691982329,1.293293268016881,0.0,0.030415799999900628,0.00024369999937334796,0.13285320000068168,0.038998500000161584,0.03956990000006044,0.021312700000635232,0.038999;0.039002;0.038832,0.040196;0.039570;0.039359,0.021198;0.021410;0.021313,,multiprocessing,2026-10-03T20:07:52+00:00
W8-01180,W8,n2-standard-8,Windows,2022Server,AMD64,Intel(R) Xeon(R) CPU @ 2.80GHz,intel,8,4,2800,34.4,3.14.6,CPython,1,spawn,2.5.3,io,io_sleep_return_payload,1109,30672,0.8,ms,normal,8,30695,8,8,0,1,1,0,0.0015716333330904793,0.01220934163013562,0.09852346806050459,0.015779762012896152,0.9296280593844339,0.0,0.009770899999239191,0.0002758999999059597,0.1850192000001698,0.01301210000019637,0.0023804999991625664,0.00345980000020063,0.013012,0.002380;0.002374;0.002742,0.003587;0.002605;0.003460,,threading,2026-10-03T20:07:53+00:00
W8-01181,W8,n2-standard-8,Windows,2022Server,AMD64,Intel(R) Xeon(R) CPU @ 2.80GHz,intel,8,4,2800,34.4,3.14.6,CPython,1,spawn,2.5.3,io,io_file_roundtrip,2,4892,0.8,ms,normal,8,4914,8,8,1,0,1,0,0.008570599999984552,0.11242572703241818,0.3660034709618356,0.0013456856271466585,0.9945569106688859,0.0,0.04525590000048396,0.0002472000005582231,0.1850192000001698,0.02839499999936379,0.010196000000178174,0.009981199999856472,0.036937;0.027922;0.028395,0.011006;0.010196;0.009431,0.009981;0.010274;0.009303,,multiprocessing,2026-10-03T20:07:53+00:00
W8-01182,W8,n2-standard-8,Windows,2022Server,AMD64,Intel(R) Xeon(R) CPU @ 2.80GHz,intel,8,4,2800,34.4,3.14.6,CPython,1,spawn,2.5.3,tiny,tiny_small_loop,12,523750,0.0,ms,big,381,523772,8,4,0,0,0,0,6.1789473157229e-07,1.0,0.46193666409036377,431.44889635605915,0.08272497613685179,0.0,0.006636000000071363,0.0057913000009648385,0.1496803,0.00011110000014014076,0.0005512000007001916,0.5524218999998993,0.000176;0.000111;0.000105,0.000821;0.000551;0.000460,0.552422,,sequential,2026-10-03T20:07:55+00:00
W8-01183,W8,n2-standard-8,Windows,2022Server,AMD64,Intel(R) Xeon(R) CPU @ 2.80GHz,intel,8,4,2800,34.4,3.14.6,CPython,1,spawn,2.5.3,io,io_file_roundtrip,2,616755,0.8,seconds,big,12,616777,8,2,1,0,1,0,0.02276506666627635,0.12762849257090614,0.20100771313105759,0.0127783504478432,1.7194345286693438,0.0,0.10541809999995166,0.0011141000013594748,0.13285320000068168,0.18659820000084437,0.10209860000031767,0.11268610000024637,0.190465;0.182778;0.186598,0.101754;0.107383;0.102099,0.117524;0.112686;0.112048,,threading,2026-10-03T20:07:57+00:00
W8-01184,W8,n2-standard-8,Windows,2022Server,AMD64,Intel(R) Xeon(R) CPU @ 2.80GHz,intel,8,4,2800,34.4,3.14.6,CPython,1,spawn,2.5.3,db,db_mem_insert_select,14,942,0.0,ms,normal,1218,964,8,2,1,1,1,0,9.71700657954132e-05,1.0,0.1304485205684202,0.04332610009951829,0.8760090727111237,0.0,0.0651242000003549,0.0018853999990824377,0.13285320000068168,0.11650989999998274,0.1348440000001574,0.05906779999986611,0.116510;0.116914;0.116064,0.130806;0.134844;0.140458,0.059068;0.058221;0.062360,,multiprocessing,2026-10-03T20:07:59+00:00
W8-01185,W8,n2-standard-8,Windows,2022Server,AMD64,Intel(R) Xeon(R) CPU @ 2.80GHz,intel,8,4,2800,34.4,3.14.6,CPython,1,spawn,2.5.3,numpy,np_fft,2184,1094,0.0,ms,normal,392,1117,8,4,0,0,0,1,4.157653061806091e-05,1.0,0.36080709839827907,0.10053749134617299,0.8844415431429509,0.0,0.00913970000055997,0.0005135000001246226,0.1496803,0.015703799999755574,0.02313179999964632,0.0064648000006855,0.015704;0.015915;0.015463,0.023262;0.023132;0.022995,0.006638;0.006322;0.006465,,multiprocessing,2026-10-03T20:07:59+00:00
W8-01186,W8,n2-standard-8,Windows,2022Server,AMD64,Intel(R) Xeon(R) CPU @ 2.80GHz,intel,8,4,2800,34.4,3.14.6,CPython,1,spawn,2.5.3,algo_rec,algo_merge_sort,2201,1886,0.3,ms,normal,13,1909,8,8,1,10,0,0,0.0037156333334375327,1.0,0.2330417870983064,0.032475396725368234,1.006493562743207,0.0,0.024565499999880558,0.0018048999991151504,0.1850192000001698,0.05179639999914798,0.0534602999996423,0.01800950000051671,0.050915;0.051927;0.051796,0.054211;0.053036;0.053460,0.019841;0.017417;0.018010,,multiprocessing,2026-10-03T20:08:00+00:00
W8-01187,W8,n2-standard-8,Windows,2022Server,AMD64,Intel(R) Xeon(R) CPU @ 2.80GHz,intel,8,4,2800,34.4,3.14.6,CPython,1,spawn,2.5.3,gil_release,gil_sha256,54,17989,0.3,ms,normal,8,18011,8,4,1,1,0,1,0.0026607666668496677,1.0,0.1827744473809933,0.004910865538775948,1.3378493525075814,0.0,0.013555100000303355,0.00023499999952036887,0.1496803,0.019112300000415416,0.006437000000005355,0.008098799999970652,0.019024;0.019112;0.019792,0.007599;0.006437;0.006234,0.008099;0.007372;0.008169,,threading,2026-10-03T20:08:01+00:00
W8-01188,W8,n2-standard-8,Windows,2022Server,AMD64,Intel(R) Xeon(R) CPU @ 2.80GHz,intel,8,4,2800,34.4,3.14.6,CPython,1,spawn,2.5.3,mixed,mixed_json_roundtrip,396,119471,0.0,seconds,big,29,119494,8,16,1,1,1,0,0.011200920000010228,0.9397749687846277,0.004680508495438925,0.004051452910803847,1.0233558052804317,0.0,0.1113682000004701,0.0004470000003493624,0.22210679999989225,0.32694639999954234,0.31684450000011566,0.09279479999986506,0.326946;0.326052;0.327103,0.317791;0.316845;0.313102,0.094406;0.091841;0.092795,,multiprocessing,2026-10-03T20:08:04+00:00
W8-01189,W8,n2-standard-8,Windows,2022Server,AMD64,Intel(R) Xeon(R) CPU @ 2.80GHz,intel,8,4,2800,34.4,3.14.6,CPython,1,spawn,2.5.3,algo_rec,algo_sudoku,1,60,0.3,ms,normal,71,79,8,8,3,28,0,0,0.0005755058822721955,1.0,1.304676346780445,0.008228055203409424,0.5243007688146948,0.0,0.023278199999367644,0.0003575000000637374,0.1850192000001698,0.03601740000067366,0.03733589999956166,0.011083299999882001,0.035776;0.036017;0.036394,0.037053;0.037509;0.037336,0.010810;0.011083;0.012221,,multiprocessing,2026-10-03T20:08:05+00:00
W8-01190,W8,n2-standard-8,Windows,2022Server,AMD64,Intel(R) Xeon(R) CPU @ 2.80GHz,intel,8,4,2800,34.4,3.14.6,CPython,1,spawn,2.5.3,algo_iter,algo_dijkstra,987,109936,0.3,ms,big,46,109959,8,8,2,15,0,0,0.0025738727272255346,1.0,0.19386953807560947,0.010094445575702127,0.9314652031684251,0.0,0.058356300000014016,0.0005742000003010617,0.1850192000001698,0.11957970000003115,0.12338949999957549,0.035145599999850674,0.118956;0.119580;0.119724,0.123389;0.122719;0.123597,0.037601;0.035146;0.035101,,multiprocessing,2026-10-03T20:08:06+00:00
W8-01191,W8,n2-standard-8,Windows,2022Server,AMD64,Intel(R) Xeon(R) CPU @ 2.80GHz,intel,8,4,2800,34.4,3.14.6,CPython,1,spawn,2.5.3,big_result,result_long_string,420,23,0.8,ms,normal,400,42.5,8,16,1,1,0,0,8.711899996342253e-05,1.0,0.43878990083402236,0.0745531987141018,0.9973844106327083,0.0,0.01811439999983122,0.0005657000037899707,0.22210679999989225,0.033066100000723964,0.03449779999937164,0.012626799999452487,0.033066;0.032913;0.034675,0.034625;0.034498;0.034346,0.012728;0.012352;0.012627,,multiprocessing,2026-10-03T20:08:07+00:00
W8-01192,W8,n2-standard-8,Windows,2022Server,AMD64,Intel(R) Xeon(R) CPU @ 2.80GHz,intel,8,4,2800,34.4,3.14.6,CPython,1,spawn,2.5.3,recursive,rec_fib,240,741216,0.3,seconds,big,269,741238.25,8,16,0,4,0,0,1.833432832345759e-05,1.0,0.24025981405839925,18.592445496403123,0.6597993265688712,0.0,0.010421400000268477,0.007238900002448645,0.22210679999989225,0.004857599999922968,0.006090799999583396,0.4280847999998514,0.004920;0.004838;0.004858,0.005865;0.006091;0.006563,0.428085,,sequential,2026-10-03T20:08:08+00:00
W8-01193,W8,n2-standard-8,Windows,2022Server,AMD64,Intel(R) Xeon(R) CPU @ 2.80GHz,intel,8,4,2800,34.4,3.14.6,CPython,1,spawn,2.5.3,big_result,result_long_string,49130,1004,0.3,ms,normal,8,1027,8,8,1,1,0,0,0.01605676666713407,1.0,0.030887215808737208,0.06827858660059923,1.1601841591208422,0.0,0.09293080000043119,0.0035471999990477343,0.1850192000001698,0.11386709999987943,0.11823019999974349,0.04606309999962832,0.129045;0.113372;0.113867,0.118230;0.119824;0.114751,0.046063;0.045420;0.047096,,multiprocessing,2026-10-03T20:08:10+00:00
W8-01194,W8,n2-standard-8,Windows,2022Server,AMD64,Intel(R) Xeon(R) CPU @ 2.80GHz,intel,8,4,2800,34.4,3.14.6,CPython,1,spawn,2.5.3,big_payload,big_count_byte,57,802119,0.0,ms,big,151,802141,8,4,0,1,0,0,0.0004802189188823733,1.0,0.010843843283264478,0.7792487660493937,0.9330035414818576,0.0,0.044814999999289284,0.007906100000582228,0.1496803,0.0727139000000534,0.07387969999945199,0.3234477000005427,0.072364;0.073130;0.072714,0.073706;0.074337;0.073880,0.323448;0.323430;0.330459,,sequential,2026-10-03T20:08:12+00:00
W8-01195,W8,n2-standard-8,Windows,2022Server,AMD64,Intel(R) Xeon(R) CPU @ 2.80GHz,intel,8,4,2800,34.4,3.14.6,CPython,1,spawn,2.5.3,algo_iter,algo_edit_distance,8435,233,0.0,ms,normal,26,253,8,2,2,16,0,0,0.001348616666897821,1.0,0.006459631251017675,0.005363520908336457,0.8943160415558259,0.0,0.017474000000220258,0.0002851999988706666,0.13285320000068168,0.03517680000004475,0.036354799999571696,0.019405400000323425,0.035084;0.035177;0.035196,0.036584;0.036355;0.035667,0.019428;0.019405;0.019299,,multiprocessing,2026-10-03T20:08:13+00:00
W8-01196,W8,n2-standard-8,Windows,2022Server,AMD64,Intel(R) Xeon(R) CPU @ 2.80GHz,intel,8,4,2800,34.4,3.14.6,CPython,1,spawn,2.5.3,text,text_regex_findall,2,3892,0.3,seconds,normal,13871,3914,8,16,1,1,0,0,0.00037171111110823133,1.0,0.21235152973535182,0.0131284748143389,0.9635501299763981,0.0,0.10301279999930557,0.0006818999991082819,0.22210679999989225,5.164211299999806,5.293295299999954,1.3969237999999677,5.168000;5.159691;5.164211,5.293295;5.284395;5.299015,1.402639;1.381112;1.396924,,multiprocessing,2026-10-03T20:08:49+00:00
W8-01197,W8,n2-standard-8,Windows,2022Server,AMD64,Intel(R) Xeon(R) CPU @ 2.80GHz,intel,8,4,2800,34.4,3.14.6,CPython,1,spawn,2.5.3,tiny,tiny_add,30,63,0.8,ms,normal,200000,82,8,2,0,1,0,0,1.3174999367038253e-07,1.0,0.47684751132426045,28.956358748908006,0.31015742842140753,2.3,0.005441700000119454,0.0034454000124242157,0.13285320000068168,0.014688700000078825,0.021144700000149896,0.08886299999994662,0.017437;0.014689;0.014468,0.021145;0.022529;0.020254,0.088863,,sequential,2026-10-03T20:08:50+00:00
W8-01198,W8,n2-standard-8,Windows,2022Server,AMD64,Intel(R) Xeon(R) CPU @ 2.80GHz,intel,8,4,2800,34.4,3.14.6,CPython,1,spawn,2.5.3,db,db_mem_insert_select,6727,79,0.8,ms,normal,10,99,8,4,1,1,1,0,0.004307700000026671,1.0,0.7201955332833672,0.0020970199865210774,0.8091309159069996,13.3,0.032840699999724166,0.0002457999989928794,0.1496803,0.048864899999898626,0.126265500000045,0.01814620000004652,0.050133;0.046543;0.048865,0.126266,0.017960;0.018146;0.021039,,multiprocessing,2026-10-03T20:08:51+00:00
W8-01199,W8,n2-standard-8,Windows,2022Server,AMD64,Intel(R) Xeon(R) CPU @ 2.80GHz,intel,8,4,2800,34.4,3.14.6,CPython,1,spawn,2.5.3,cpu,cpu_sum_squares,9835,1219,0.0,ms,normal,55,1242,8,2,1,2,0,0,0.0004999076924762519,1.0,0.012893274113447512,0.011094355826592807,0.8896842151313176,10.6,0.014177799999743002,0.0003118999975413317,0.13285320000068168,0.02789160000065749,0.028075999999600754,0.014839299999948707,0.029025;0.027892;0.027684,0.028076;0.028021;0.028283,0.014839;0.019458;0.014673,,multiprocessing,2026-10-03T20:08:52+00:00
W8-01200,W8,n2-standard-8,Windows,2022Server,AMD64,Intel(R) Xeon(R) CPU @ 2.80GHz,intel,8,4,2800,34.4,3.14.6,CPython,1,spawn,2.5.3,mixed,mixed_compute_then_sleep,3145,440,0.3,seconds,normal,682,463,8,8,1,3,1,0,0.0009715596154364903,0.15791876799468593,0.026086436399576043,0.004575118085521077,1.9436449280008128,13.3,0.07723840000016935,0.0005489999975907267,0.1850192000001698,0.6662490999997317,0.12739140000030602,0.082490400000097,0.666249,0.127340;0.127465;0.127391,0.080741;0.082490;0.086918,,multiprocessing,2026-10-03T20:08:54+00:00
W8-01201,W8,n2-standard-8,Windows,2022Server,AMD64,Intel(R) Xeon(R) CPU @ 2.80GHz,intel,8,4,2800,34.4,3.14.6,CPython,1,spawn,2.5.3,mixed,mixed_hash_then_write,1581,5613,0.8,seconds,normal,4861,5636,8,4,1,3,1,0,0.0002749708791330644,1.0,0.19141933038013367,0.019074747215912083,0.977385052335322,12.5,0.1020661000002292,0.0008288999979413347,0.1496803,1.359022599999662,1.1818790999996054,0.851826500000243,1.371390;1.347207;1.359023,1.333316;1.166773;1.181879,0.839639;0.862852;0.851827,,multiprocessing,2026-10-03T20:09:05+00:00
W8-01202,W8,n2-standard-8,Windows,2022Server,AMD64,Intel(R) Xeon(R) CPU @ 2.80GHz,intel,8,4,2800,34.4,3.14.6,CPython,1,spawn,2.5.3,algo_iter,algo_dijkstra,763,35,0.8,seconds,normal,265,54.95,8,8,2,15,0,0,0.001894200000000031,1.0,0.44441811018613,0.0022648083464480826,0.943606990281849,0.0,0.10602100000050996,0.00039850000030128285,0.1850192000001698,0.4746333999992203,0.48736170000029233,0.14019480000024487,0.474633;0.478363;0.474628,0.487362;0.488965;0.483533,0.140195;0.143930;0.132320,,multiprocessing,2026-10-03T20:09:09+00:00
W8-01203,W8,n2-standard-8,Windows,2022Server,AMD64,Intel(R) Xeon(R) CPU @ 2.80GHz,intel,8,4,2800,34.4,3.14.6,CPython,1,spawn,2.5.3,cpu,cpu_count_primes,14013,1445,0.8,seconds,normal,16,1468,8,4,2,4,0,0,0.006190300000071147,1.0,0.8404172602627764,0.0016194691594310236,0.6124778304594526,0.0,0.06191820000003645,0.0008389000004171976,0.1496803,0.14162620000024617,0.14128359999995155,0.0560261000000537,0.141354;0.141998;0.141626,0.142669;0.141284;0.139743,0.047474;0.056026;0.056373,,multiprocessing,2026-10-03T20:09:10+00:00
W8-01204,W8,n2-standard-8,Windows,2022Server,AMD64,Intel(R) Xeon(R) CPU @ 2.80GHz,intel,8,4,2800,34.4,3.14.6,CPython,1,spawn,2.5.3,algo_rec,algo_flood_fill,25,1336,0.3,seconds,normal,380,1358,8,4,3,10,0,0,0.007710328571322732,1.0,0.2685655347796523,0.0009671628195773609,0.7577230164786505,0.0,0.11944250000033207,0.00030530000185535755,0.1496803,3.1837532999998075,3.256597800000236,0.9039392000004227,3.183753;3.178822;3.187539,3.264263;3.247077;3.256598,0.972264;0.903939;0.849705,,multiprocessing,2026-10-03T20:09:33+00:00
W8-01205,W8,n2-standard-8,Windows,2022Server,AMD64,Intel(R) Xeon(R) CPU @ 2.80GHz,intel,8,4,2800,34.4,3.14.6,CPython,1,spawn,2.5.3,tiny,tiny_small_loop,7,356,0.8,seconds,normal,200000,378,8,4,0,0,0,0,3.927999814550276e-07,1.0,0.48141110386520025,10.870672609591207,0.5486410409329615,0.0,0.006136699999842676,0.0030227000370359747,0.1496803,0.05538220000016736,0.07226320000063424,0.28997829999934766,0.053814;0.055382;0.056140,0.072486;0.071640;0.072263,0.289978,,sequential,2026-10-03T20:09:35+00:00
W8-01206,W8,n2-standard-8,Windows,2022Server,AMD64,Intel(R) Xeon(R) CPU @ 2.80GHz,intel,8,4,2800,34.4,3.14.6,CPython,1,spawn,2.5.3,gil_release,gil_zlib,5,7122,0.0,seconds,normal,10412,7144,8,2,1,1,0,1,0.0007481925372778631,1.0,0.021125869055867757,0.007892353680749904,1.8683563598019786,0.0,0.0775766000006115,0.0005795000033685938,0.13285320000068168,7.7887196000001495,3.9403453000004447,4.022216899999876,7.785151;7.788720;7.790261,3.956047;3.937178;3.940345,4.039712;4.018821;4.022217,,threading,2026-10-03T20:10:23+00:00
W8-01207,W8,n2-standard-8,Windows,2022Server,AMD64,Intel(R) Xeon(R) CPU @ 2.80GHz,intel,8,4,2800,34.4,3.14.6,CPython,1,spawn,2.5.3,algo_iter,algo_edit_distance,549,19,0.8,seconds,normal,19586,38.95,8,4,2,16,0,0,9.113583182026436e-05,1.0,0.4481297159076051,0.04844417110239584,0.951198683445523,0.8,0.10378279999986262,0.0012473999940993963,0.1496803,1.821014600000126,1.858610299999782,0.48603170000023965,1.817990;1.821015;1.836268,1.860290;1.858610;1.854829,0.582526;0.486032;0.484271,,multiprocessing,2026-10-03T20:10:36+00:00
W8-01208,W8,n2-standard-8,Windows,2022Server,AMD64,Intel(R) Xeon(R) CPU @ 2.80GHz,intel,8,4,2800,34.4,3.14.6,CPython,1,spawn,2.5.3,gil_release,gil_sha256,111,83119,0.3,ms,normal,8,83141,8,16,1,1,0,1,0.02232573333306694,1.0,0.10810473181139325,0.0020723470085416006,1.4204701897619323,0.0,0.11196209999980056,0.0003865000007863273,0.22210679999989225,0.1847806000005221,0.046704399999725865,0.04660560000047553,0.184781;0.185534;0.184563,0.046704;0.047379;0.045240,0.046606;0.047526;0.046217,,multiprocessing,2026-10-03T20:10:37+00:00
W8-01209,W8,n2-standard-8,Windows,2022Server,AMD64,Intel(R) Xeon(R) CPU @ 2.80GHz,intel,8,4,2800,34.4,3.14.6,CPython,1,spawn,2.5.3,algo_iter,algo_dijkstra,4691,154149,0.0,seconds,big,513,154172,8,4,2,15,0,0,0.013190124999937325,1.0,0.04035424690357396,0.0045431715156002694,0.9335734308154556,0.0,0.10852879999947618,0.0004968000002918416,0.1496803,6.943802400000095,7.745731699999851,1.8826319999998304,6.939629;7.000007;6.943802,7.699699;7.790142;7.745732,1.882632;2.467704;1.834704,,multiprocessing,2026-10-03T20:11:29+00:00
W8-01210,W8,n2-standard-8,Windows,2022Server,AMD64,Intel(R) Xeon(R) CPU @ 2.80GHz,intel,8,4,2800,34.4,3.14.6,CPython,1,spawn,2.5.3,io,io_sleep_chunks,2346,37,0.3,seconds,normal,645,57,8,2,1,1,1,0,0.004956999999773292,0.012159452477646686,0.194786968631101,0.0011370513870773925,1.6780926271183954,0.0,0.08697310000025027,0.0003699000026244903,0.13285320000068168,3.3723180999995748,1.6122314000003826,1.5498376999994434,3.372318;3.369429;3.376090,1.635160;1.612231;1.581725,1.556400;1.549132;1.549838,,multiprocessing,2026-10-03T20:11:49+00:00
W8-01211,W8,n2-standard-8,Windows,2022Server,AMD64,Intel(R) Xeon(R) CPU @ 2.80GHz,intel,8,4,2800,34.4,3.14.6,CPython,1,spawn,2.5.3,db,db_mem_insert_select,4198,506804,0.0,ms,big,36,506827,8,16,1,1,1,0,0.0036321555556545113,1.0,0.017712197392793855,0.06280935103758177,0.653494044243606,0.0,0.08485840000048483,0.0023545000003650784,0.22210679999989225,0.12852769999972224,1.0111479999995936,0.04229570000006788,0.128528;0.128899;0.127600,1.011148,0.045474;0.042296;0.041553,,multiprocessing,2026-10-03T20:11:51+00:00
W8-01212,W8,n2-standard-8,Windows,2022Server,AMD64,Intel(R) Xeon(R) CPU @ 2.80GHz,intel,8,4,2800,34.4,3.14.6,CPython,1,spawn,2.5.3,tiny,tiny_add,171,1569143,0.3,ms,big,127,1569165,8,2,0,1,0,0,4.06451627279767e-07,1.0,0.43715677780480244,2533.622529373971,0.01651942282031832,0.0,0.02179800000067189,0.020992099999602942,0.13285320000068168,3.299999934824882e-05,0.0004704000002675457,0.5352862999998251,0.000046;0.000033;0.000009,0.000470,0.535286,,sequential,2026-10-03T20:11:53+00:00
W8-01213,W8,n2-standard-8,Windows,2022Server,AMD64,Intel(R) Xeon(R) CPU @ 2.80GHz,intel,8,4,2800,34.4,3.14.6,CPython,1,spawn,2.5.3,recursive,rec_fib,85450,1331985,0.0,seconds,big,150,1332019,8,16,0,4,0,0,0.007675171428672911,1.0,0.003507306153257121,0.10926512573715744,0.9661384210241241,0.0,0.11555829999997513,0.006178300000101444,0.22210679999989225,1.1594197000003987,1.1745892999997523,0.44067360000008193,1.159420;1.157871;1.175125,1.174211;1.180485;1.174589,0.439017;0.440674;0.462667,,multiprocessing,2026-10-03T20:12:02+00:00
W8-01214,W8,n2-standard-8,Windows,2022Server,AMD64,Intel(R) Xeon(R) CPU @ 2.80GHz,intel,8,4,2800,34.4,3.14.6,CPython,1,spawn,2.5.3,big_result,result_records,31773,31,0.3,ms,normal,8,51,8,2,1,2,0,0,0.01409943333328556,1.0,0.02748610218099519,1.5852812051595144,0.6570615720785985,0.0,0.17290670000056707,0.06733530000019528,0.13285320000068168,0.15070969999942463,0.15424870000060764,0.13619920000019192,0.171828;0.150348;0.150710,0.154305;0.151614;0.154249,0.136199;0.132236;0.142220,,multiprocessing,2026-10-03T20:12:04+00:00
W8-01215,W8,n2-standard-8,Windows,2022Server,AMD64,Intel(R) Xeon(R) CPU @ 2.80GHz,intel,8,4,2800,34.4,3.14.6,CPython,1,spawn,2.5.3,big_payload,big_checksum_head,13571,212902,0.8,ms,big,35,212925,8,16,1,1,0,0,0.0002672124999207881,1.0,0.31173311933190656,0.1686391917840276,0.5897433982803019,0.0,0.007109499999387481,0.0010776000008263509,0.22210679999989225,0.010698199999751523,0.011799500000051921,0.006810899999436515,0.010693;0.010698;0.010798,0.011800;0.011738;0.011875,0.008608;0.006811;0.006500,,multiprocessing,2026-10-03T20:12:05+00:00
W8-01216,W8,n2-standard-8,Windows,2022Server,AMD64,Intel(R) Xeon(R) CPU @ 2.80GHz,intel,8,4,2800,34.4,3.14.6,CPython,1,spawn,2.5.3,tiny,tiny_add,89,33,0.3,ms,normal,200000,52,8,2,0,1,0,0,1.270000107069791e-07,1.0,0.4530810639367933,32.637792544540986,0.2804684903476992,0.0,0.004901399999653222,0.0028896999783682986,0.13285320000068168,0.015273099999831175,0.021241200000076788,0.07131099999969592,0.015273;0.015017;0.015342,0.021563;0.021046;0.021241,0.071990;0.071311;0.070553,,sequential,2026-10-03T20:12:06+00:00
W8-01217,W8,n2-standard-8,Windows,2022Server,AMD64,Intel(R) Xeon(R) CPU @ 2.80GHz,intel,8,4,2800,34.4,3.14.6,CPython,1,spawn,2.5.3,db,db_file_lookup,230,670180,0.0,ms,big,27,670202,8,16,1,5,1,0,0.0068231833333811664,1.0,0.03288155914777153,0.03868428959287813,0.7273994234826467,0.0,0.0986877999994249,0.001834999999118736,0.22210679999989225,0.1618295999996917,0.8337929000008444,0.05459989999963,0.177034;0.159361;0.161830,0.833793,0.130709;0.054600;0.053886,,multiprocessing,2026-10-03T20:12:08+00:00
W8-01218,W8,n2-standard-8,Windows,2022Server,AMD64,Intel(R) Xeon(R) CPU @ 2.80GHz,intel,8,4,2800,34.4,3.14.6,CPython,1,spawn,2.5.3,io,io_sleep_return_payload,5502,49186,0.0,seconds,normal,417,49209,8,4,0,1,1,0,0.005950466666743321,0.004441541574199129,0.03565957789903057,0.003693454465037657,1.7428542158000853,0.4,0.08500399999957153,0.0005050999989180127,0.1496803,2.4943161000001055,0.6467770999997811,0.7181146000002627,2.493937;2.494316;2.495229,0.646978;0.645960;0.646777,0.718501;0.718115;0.717684,,threading,2026-10-03T20:12:20+00:00
W8-01219,W8,n2-standard-8,Windows,2022Server,AMD64,Intel(R) Xeon(R) CPU @ 2.80GHz,intel,8,4,2800,34.4,3.14.6,CPython,1,spawn,2.5.3,cpu,cpu_collatz,2203,120,0.3,ms,normal,8,140,8,2,2,5,0,0,0.011808566666635064,1.0,0.10687785067900148,0.0009738692233787924,1.1286769968588404,0.0,0.06997890000002371,0.0009531999994578655,0.13285320000068168,0.08857450000050449,0.09095629999956145,0.04783489999954327,0.088256;0.088901;0.088575,0.090467;0.090956;0.090989,0.047859;0.047835;0.047808,,multiprocessing,2026-10-03T20:12:22+00:00
W8-01220,W8,n2-standard-8,Windows,2022Server,AMD64,Intel(R) Xeon(R) CPU @ 2.80GHz,intel,8,4,2800,34.4,3.14.6,CPython,1,spawn,2.5.3,io,io_sleep,526,114884,0.3,seconds,big,1740,114907,8,2,0,1,1,0,0.0012519850000217048,0.010750581290774648,0.19194559670437603,0.02059928827141006,2.2078080730410683,0.0,0.07417929999974149,0.0013582999990831013,0.13285320000068168,2.129697500000475,1.030895199999577,1.2731111999992208,2.133179;2.126047;2.129698,1.024722;1.030895;1.052851,1.269356;1.273111;1.280057,,threading,2026-10-03T20:12:36+00:00
W8-01221,W8,n2-standard-8,Windows,2022Server,AMD64,Intel(R) Xeon(R) CPU @ 2.80GHz,intel,8,4,2800,34.4,3.14.6,CPython,1,spawn,2.5.3,big_result,result_long_string,204,127126,0.3,ms,big,78,127148.1052631579,8,16,1,1,0,0,0.0008193684211379916,1.0,0.17020810187228366,0.03532245642715823,0.9160991318956139,0.0,0.033523000000059255,0.0008950999990702257,0.22210679999989225,0.0641395000002376,0.06767089999993914,0.01767519999975775,0.064139;0.064736;0.064140,0.067387;0.068551;0.067671,0.018090;0.017675;0.017609,,multiprocessing,2026-10-03T20:12:37+00:00
W8-01222,W8,n2-standard-8,Windows,2022Server,AMD64,Intel(R) Xeon(R) CPU @ 2.80GHz,intel,8,4,2800,34.4,3.14.6,CPython,1,spawn,2.5.3,algo_iter,algo_dijkstra,822,269,0.8,seconds,normal,570,291.95,8,4,2,15,0,0,0.0021900304348135883,1.0,0.5293500460299418,0.0018218924912087487,0.989521973376763,0.0,0.10312880000037694,0.00039930000002641464,0.1496803,1.1610703000005742,1.1961045999996713,0.36606080000001384,1.154069;1.161070;1.161095,1.196105;1.198339;1.194314,0.366061;0.369043;0.363038,,multiprocessing,2026-10-03T20:12:46+00:00
W8-01223,W8,n2-standard-8,Windows,2022Server,AMD64,Intel(R) Xeon(R) CPU @ 2.80GHz,intel,8,4,2800,34.4,3.14.6,CPython,1,spawn,2.5.3,io,io_sleep_return_payload,2784,181093,0.3,ms,big,8,181116,8,2,0,1,1,0,0.0033735000003313567,0.0049890741642864755,0.10477503996431964,0.031470777182152986,1.48249382883099,0.0,0.01710480000019743,0.0005200999985390808,0.13285320000068168,0.025279499999669497,0.012450600000192935,0.014351900000292517,0.025728;0.025250;0.025279,0.012869;0.012375;0.012451,0.014543;0.014352;0.013630,,threading,2026-10-03T20:12:47+00:00
W8-01224,W8,n2-standard-8,Windows,2022Server,AMD64,Intel(R) Xeon(R) CPU @ 2.80GHz,intel,8,4,2800,34.4,3.14.6,CPython,1,spawn,2.5.3,mixed,mixed_json_roundtrip,49,987,0.3,seconds,normal,957,1009,8,16,1,1,1,0,0.0022773318181944805,0.6319609518816486,0.09840405808250612,0.001848654664481921,1.4784278295947961,0.0,0.08446679999997286,0.00040549999994254904,0.22210679999989225,2.0710908999999447,1.3748492000004262,0.3540813999998136,2.071091,1.380284;1.374849;1.368649,0.362501;0.354081;0.353555,,multiprocessing,2026-10-03T20:12:55+00:00
W8-01225,W8,n2-standard-8,Windows,2022Server,AMD64,Intel(R) Xeon(R) CPU @ 2.80GHz,intel,8,4,2800,34.4,3.14.6,CPython,1,spawn,2.5.3,tiny,tiny_small_loop,13,242583,0.8,seconds,big,824,242605,8,8,0,0,0,0,5.708737712798785e-07,1.0,0.35760412889620924,76.76828436750876,0.15514808151956314,0.0,0.0024172000003090943,0.0014099000036367215,0.1850192000001698,0.00031229999967763433,0.0008977000006780145,0.5947032000003674,0.000364;0.000312;0.000276,0.001052;0.000898;0.000879,0.594703,,sequential,2026-10-03T20:12:56+00:00
W8-01226,W8,n2-standard-8,Windows,2022Server,AMD64,Intel(R) Xeon(R) CPU @ 2.80GHz,intel,8,4,2800,34.4,3.14.6,CPython,1,spawn,2.5.3,text,text_split_count,24,124,0.3,ms,normal,60,143,8,8,1,1,0,0,0.00014297333339830705,1.0,0.1904379352747343,0.03035531016522058,0.6795649451411016,0.0,0.005579699999543664,0.00029549999908340396,0.1850192000001698,0.008811300000161282,0.010178200000154902,0.0034642999999050517,0.008807;0.008870;0.008811,0.010178;0.010210;0.009594,0.003637;0.003419;0.003464,,multiprocessing,2026-10-03T20:12:57+00:00
W8-01227,W8,n2-standard-8,Windows,2022Server,AMD64,Intel(R) Xeon(R) CPU @ 2.80GHz,intel,8,4,2800,34.4,3.14.6,CPython,1,spawn,2.5.3,text,text_regex_findall,76,1892,0.0,ms,normal,19,1914,8,16,1,1,0,0,0.006672149999985777,1.0,0.018190023104348838,0.0014912733667631825,0.9243673114285543,2.3,0.05600539999977627,0.0002764999999271822,0.22210679999989225,0.1273698000004515,0.13122350000048755,0.04172980000021198,0.126678;0.128090;0.127370,0.130961;0.131224;0.131238,0.036443;0.042240;0.041730,,multiprocessing,2026-10-03T20:12:58+00:00
W8-01228,W8,n2-standard-8,Windows,2022Server,AMD64,Intel(R) Xeon(R) CPU @ 2.80GHz,intel,8,4,2800,34.4,3.14.6,CPython,1,spawn,2.5.3,text,text_csv_parse,6,329,0.3,ms,normal,9,351,8,2,2,3,0,0,0.0011972000002060668,1.0,0.027625249853516727,0.008798307302024197,0.8108853549004459,15.6,0.008235899999817775,0.00023409999994328246,0.13285320000068168,0.011680900000101246,0.012184100000013132,0.006791600000724429,0.011629;0.012258;0.011681,0.012258;0.012184;0.011954,0.006792;0.007319;0.006591,,multiprocessing,2026-10-03T20:13:08+00:00
W8-01229,W8,n2-standard-8,Windows,2022Server,AMD64,Intel(R) Xeon(R) CPU @ 2.80GHz,intel,8,4,2800,34.4,3.14.6,CPython,1,spawn,2.5.3,algo_iter,algo_edit_distance,69014,181315,0.3,seconds,big,187,181341.66666666666,8,8,2,16,0,0,0.009763716666687591,1.0,0.15470788248107295,0.005732106818374185,0.9280071589609505,9.8,0.1218300000000454,0.0005954000007477589,0.1850192000001698,2.094234800000777,2.1101175000003423,0.6569143000006079,2.094235;2.106665;2.076954,2.141025;2.109719;2.110118,0.662467;0.656914;0.623953,,multiprocessing,2026-10-03T20:13:24+00:00
W8-01230,W8,n2-standard-8,Windows,2022Server,AMD64,Intel(R) Xeon(R) CPU @ 2.80GHz,intel,8,4,2800,34.4,3.14.6,CPython,1,spawn,2.5.3,recursive,rec_nqueens,3,135561,0.8,ms,big,79,135583,8,16,1,10,0,0,0.0004863000000401179,1.0,0.46057871256373084,0.0509215668247,0.8968413411114602,0.0,0.021397099999376223,0.0018246999989059987,0.22210679999989225,0.036790600000131235,0.0386408999993364,0.01590409999971598,0.035765;0.036791;0.037113,0.038156;0.038641;0.039301,0.016074;0.015904;0.015607,,multiprocessing,2026-10-03T20:13:24+00:00
W8-01231,W8,n2-standard-8,Windows,2022Server,AMD64,Intel(R) Xeon(R) CPU @ 2.80GHz,intel,8,4,2800,34.4,3.14.6,CPython,1,spawn,2.5.3,algo_iter,algo_dijkstra,331,154478,0.8,ms,big,119,154500.5,8,2,2,15,0,0,0.000668806896508864,1.0,0.5690911257402128,0.0482351486630627,0.8986209000025376,0.0,0.04179230000045209,0.0009630000022298191,0.13285320000068168,0.0810618000004979,0.08233190000009927,0.06314469999961148,0.081070;0.081062;0.081053,0.082332;0.082748;0.081617,0.063742;0.063145;0.062451,,multiprocessing,2026-10-03T20:13:26+00:00
W8-01232,W8,n2-standard-8,Windows,2022Server,AMD64,Intel(R) Xeon(R) CPU @ 2.80GHz,intel,8,4,2800,34.4,3.14.6,CPython,1,spawn,2.5.3,cpu,cpu_count_primes,4743,48,0.0,seconds,normal,2100,68,8,2,2,4,0,0,0.002328009090929713,1.0,0.005305818291041295,0.001847071844667804,0.9411447416008056,0.8,0.10607010000057926,0.000367999999980384,0.13285320000068168,5.018112100000508,4.909393499999169,2.4615453999995225,5.018112;5.013680;5.029731,4.910751;4.909393;4.904235,2.461545;2.457025;2.492837,,multiprocessing,2026-10-03T20:14:03+00:00
W8-01233,W8,n2-standard-8,Windows,2022Server,AMD64,Intel(R) Xeon(R) CPU @ 2.80GHz,intel,8,4,2800,34.4,3.14.6,CPython,1,spawn,2.5.3,db,db_file_commit,2,16401,0.0,ms,normal,8,16423,8,8,1,0,1,0,0.011618466666429109,0.249454119274717,0.06998278731856744,0.0014000700182593207,1.257429736370626,0.0,0.06273610000062035,0.00029690000155824237,0.1850192000001698,0.08280160000049364,0.02157549999992625,0.02061139999932493,0.082802;0.081870;0.084280,0.021575;0.025791;0.020388,0.021572;0.020531;0.020611,,multiprocessing,2026-10-03T20:14:04+00:00
W8-01234,W8,n2-standard-8,Windows,2022Server,AMD64,Intel(R) Xeon(R) CPU @ 2.80GHz,intel,8,4,2800,34.4,3.14.6,CPython,1,spawn,2.5.3,numpy,np_sort,6046,8177,0.0,ms,normal,867,8200,8,8,0,3,0,1,0.00026013802080626647,1.0,0.06011548398402304,0.032213667787025654,1.7523872688138764,0.0,0.07940799999960291,0.0008403000047110254,0.1850192000001698,0.22386550000010175,0.09852279999995517,0.06804329999977199,0.222873;0.223866;0.224348,0.098523;0.097664;0.099421,0.066443;0.071491;0.068043,,multiprocessing,2026-10-03T20:14:06+00:00
W8-01235,W8,n2-standard-8,Windows,2022Server,AMD64,Intel(R) Xeon(R) CPU @ 2.80GHz,intel,8,4,2800,34.4,3.14.6,CPython,1,spawn,2.5.3,db,db_mem_group_by,17,310693,0.8,seconds,big,643,310715,8,4,1,2,1,0,0.00012030625000534201,1.0,0.1697799033678825,0.44266195540832437,0.8434041508962629,1.2,0.04364440000063041,0.0016787999993539415,0.1496803,0.07591239999965183,0.11555560000033438,0.6018119000000297,0.075799;0.075912;0.075992,0.118918;0.115556;0.114497,0.601812,,sequential,2026-10-03T20:14:09+00:00
W8-01236,W8,n2-standard-8,Windows,2022Server,AMD64,Intel(R) Xeon(R) CPU @ 2.80GHz,intel,8,4,2800,34.4,3.14.6,CPython,1,spawn,2.5.3,recursive,rec_fib,54,1805,0.8,seconds,normal,110803,1827,8,16,0,4,0,0,6.028599984347238e-06,1.0,1.1883869583991962,0.7298543533889409,0.9293639213284779,0.0,0.029179300000578223,0.0032114000314322766,0.22210679999989225,0.6507956000004924,0.6851956000000428,0.5793383000000176,0.648276;0.651490;0.650796,0.690295;0.680917;0.685196,0.562877;0.596571;0.579338,,multiprocessing,2026-10-03T20:14:16+00:00
W8-01237,W8,n2-standard-8,Windows,2022Server,AMD64,Intel(R) Xeon(R) CPU @ 2.80GHz,intel,8,4,2800,34.4,3.14.6,CPython,1,spawn,2.5.3,db,db_mem_group_by,1586,486,0.8,ms,normal,61,509,8,4,1,2,1,0,0.0011837533333770504,1.0,0.5705940472850088,0.0036831996909750253,0.4595892535079376,1.2,0.05743720000009489,0.00035509999906935263,0.1496803,0.10158450000017183,0.24876560000029713,0.03725949999989098,0.102957;0.101585;0.101348,0.248766,0.046228;0.037259;0.027907,,multiprocessing,2026-10-03T20:14:17+00:00
W8-01238,W8,n2-standard-8,Windows,2022Server,AMD64,Intel(R) Xeon(R) CPU @ 2.80GHz,intel,8,4,2800,34.4,3.14.6,CPython,1,spawn,2.5.3,db,db_file_lookup,30,18,0.0,ms,normal,14,37,8,16,1,5,1,0,0.0012998333334811225,1.0,0.13054768615070902,0.006795743011472625,0.11283536742455529,0.0,0.035590899999988324,0.00022790000002714805,0.22210679999989225,0.01596770000014658,0.008629400000245369,0.006705800000418094,0.016134;0.015968;0.015945,0.008629;0.009153;0.008445,0.006828;0.006565;0.006706,,multiprocessing,2026-10-03T20:14:17+00:00
W8-01239,W8,n2-standard-8,Windows,2022Server,AMD64,Intel(R) Xeon(R) CPU @ 2.80GHz,intel,8,4,2800,34.4,3.14.6,CPython,1,spawn,2.5.3,text,text_split_count,3,266055,0.8,seconds,big,14,266077,8,8,1,1,0,0,0.12097140000029565,0.9999653545601198,0.06846004930498176,0.0007913716257355896,0.9402831556662532,0.0,0.7375878000002558,0.0005413999988377327,0.1850192000001698,1.2703086999999869,1.3715002999997523,0.3077816000004532,1.270309;1.222377;1.302083,1.251142;1.381304;1.371500,0.302413;0.307782;0.329759,,multiprocessing,2026-10-03T20:14:28+00:00
W8-01240,W8,n2-standard-8,Windows,2022Server,AMD64,Intel(R) Xeon(R) CPU @ 2.80GHz,intel,8,4,2800,34.4,3.14.6,CPython,1,spawn,2.5.3,big_result,result_sorted_pairs,537,30,0.8,ms,normal,59,49.857142857142854,8,4,1,4,0,0,0.00022741428587583608,1.0,0.5406414697085103,0.5600540232425224,0.8480604893202958,0.0,0.008847600000081002,0.0020734999980049906,0.1496803,0.011516200000187382,0.012284899999940535,0.007822200000191515,0.012833;0.011516;0.011409,0.012799;0.012285;0.012268,0.009293;0.007624;0.007822,,multiprocessing,2026-10-03T20:14:28+00:00
W8-01241,W8,n2-standard-8,Windows,2022Server,AMD64,Intel(R) Xeon(R) CPU @ 2.80GHz,intel,8,4,2800,34.4,3.14.6,CPython,1,spawn,2.5.3,recursive,rec_nqueens,16,168,0.3,seconds,normal,1093,187,8,16,1,10,0,0,0.0023461318180373132,1.0,0.17774686782038632,0.001856246863307552,0.879084209281367,0.0,0.11003540000001522,0.00037900000370427733,0.22210679999989225,2.5863435999999638,2.6892406000006304,0.7178475000000617,2.586344;2.587613;2.570288,2.704102;2.688632;2.689241,0.708487;0.725814;0.717848,,multiprocessing,2026-10-03T20:14:47+00:00
W8-01242,W8,n2-standard-8,Windows,2022Server,AMD64,Intel(R) Xeon(R) CPU @ 2.80GHz,intel,8,4,2800,34.4,3.14.6,CPython,1,spawn,2.5.3,mixed,mixed_hash_then_write,326,3486,0.0,seconds,normal,4525,3509,8,16,1,3,1,0,0.00019791111108567012,0.9994136729212928,0.11019569795685161,0.02420278442647675,1.0769691419992682,0.0,0.0970856999992975,0.0009675000055722194,0.22210679999989225,0.8979965000007724,0.8620731000000887,0.9017139999996289,0.905656;0.862327;0.897997,0.996024;0.862073;0.823040,0.847271;0.901714;0.929780,,threading,2026-10-03T20:14:56+00:00
W8-01243,W8,n2-standard-8,Windows,2022Server,AMD64,Intel(R) Xeon(R) CPU @ 2.80GHz,intel,8,4,2800,34.4,3.14.6,CPython,1,spawn,2.5.3,cpu,cpu_sum_squares,116123,20,0.8,ms,normal,8,41.333333333333336,8,16,1,2,0,0,0.004724799999773192,1.0,0.5007191439869131,0.0025115700938845437,0.6256812629107885,0.0,0.03575939999973343,0.00023770000007061753,0.22210679999989225,0.05072269999982382,0.05186839999987569,0.019834800000353425,0.050723;0.050848;0.050070,0.051091;0.051946;0.051868,0.019806;0.028383;0.019835,,multiprocessing,2026-10-03T20:14:57+00:00
W8-01244,W8,n2-standard-8,Windows,2022Server,AMD64,Intel(R) Xeon(R) CPU @ 2.80GHz,intel,8,4,2800,34.4,3.14.6,CPython,1,spawn,2.5.3,cpu,cpu_collatz,283,740,0.0,seconds,normal,722,763,8,2,2,5,0,0,0.0009240527272843545,1.0,0.005942781159307558,0.005335193559472051,0.9671874082363492,0.0,0.10390389999975014,0.00044749999960913556,0.13285320000068168,0.6746555999998236,0.6771558000000368,0.3448195000000851,0.673235;0.675985;0.674656,0.676096;0.677156;0.677241,0.344820;0.345140;0.339739,,multiprocessing,2026-10-03T20:15:02+00:00
W8-01245,W8,n2-standard-8,Windows,2022Server,AMD64,Intel(R) Xeon(R) CPU @ 2.80GHz,intel,8,4,2800,34.4,3.14.6,CPython,1,spawn,2.5.3,algo_rec,algo_sudoku,8,1452,0.3,ms,normal,8,1474,8,8,3,28,0,0,0.004972633333333458,1.0,0.4045949681836644,0.0021115572399559657,1.0054665017334685,0.0,0.03251319999981206,0.0002299999996466795,0.1850192000001698,0.03964860000087356,0.041169799999806855,0.012926899999911257,0.039366;0.039714;0.039649,0.041722;0.040877;0.041170,0.012804;0.012927;0.017155,,multiprocessing,2026-10-03T20:15:03+00:00
W8-01246,W8,n2-standard-8,Windows,2022Server,AMD64,Intel(R) Xeon(R) CPU @ 2.80GHz,intel,8,4,2800,34.4,3.14.6,CPython,1,spawn,2.5.3,big_payload,big_count_byte,3,2869745,0.3,ms,big,11,2869767,8,16,0,1,0,0,0.0017199666669209062,1.0,0.004911729550392603,0.8414504156733881,0.8729242610869072,0.0,0.015846700000111014,0.004696599999988393,0.22210679999989225,0.018887100000029022,0.020091899999897578,0.04120549999970535,0.018840;0.018887;0.018946,0.019674;0.020092;0.020172,0.041205;0.041463;0.040964,,sequential,2026-10-03T20:15:04+00:00
W8-01247,W8,n2-standard-8,Windows,2022Server,AMD64,Intel(R) Xeon(R) CPU @ 2.80GHz,intel,8,4,2800,34.4,3.14.6,CPython,1,spawn,2.5.3,algo_rec,algo_sudoku,11,25,0.0,ms,normal,44,44,8,8,3,28,0,0,0.010168433333243835,1.0,0.703557911038358,0.0006900440023441336,0.6653730251158285,1.2,0.16301210000074207,0.00025750000168045517,0.1850192000001698,0.406084500000361,0.4128451999995377,0.1215001000000484,0.406085;0.404288;0.406876,0.416741;0.412536;0.412845,0.120224;0.130016;0.121500,,multiprocessing,2026-10-03T20:15:08+00:00
W8-01248,W8,n2-standard-8,Windows,2022Server,AMD64,Intel(R) Xeon(R) CPU @ 2.80GHz,intel,8,4,2800,34.4,3.14.6,CPython,1,spawn,2.5.3,db,db_mem_group_by,242,182,0.0,ms,normal,544,201,8,2,1,2,1,0,0.0003406132353000109,1.0,0.057755733273656275,0.01134718106280788,0.8258281731365126,0.0,0.10295619999942573,0.0006491999984064023,0.13285320000068168,0.18215199999940523,0.25706540000010136,0.09650910000073054,0.182152;0.182215;0.180985,0.258001;0.257065;0.256650,0.096509;0.155956;0.095249,,multiprocessing,2026-10-03T20:15:10+00:00
W8-01249,W8,n2-standard-8,Windows,2022Server,AMD64,Intel(R) Xeon(R) CPU @ 2.80GHz,intel,8,4,2800,34.4,3.14.6,CPython,1,spawn,2.5.3,big_payload,big_count_byte,239,3469254,0.8,ms,big,49,3469276.4166666665,8,8,0,1,0,0,0.0020815999999589017,1.0,0.0029422274842616633,0.869247213623829,0.9361649921960947,0.0,0.07392350000009174,0.02218550000088726,0.1850192000001698,0.10212799999953859,0.10398309999982303,0.2806542999996964,0.101708;0.102128;0.102522,0.105375;0.103983;0.103061,0.284048;0.277240;0.280654,,sequential,2026-10-03T20:15:12+00:00
W8-01250,W8,n2-standard-8,Windows,2022Server,AMD64,Intel(R) Xeon(R) CPU @ 2.80GHz,intel,8,4,2800,34.4,3.14.6,CPython,1,spawn,2.5.3,text,text_format_report,8534,1057,0.0,ms,normal,8,1080,8,4,1,2,0,0,0.011854633333314268,1.0,0.015836411771063215,0.0010206980038400676,0.9903602211566968,0.0,0.07222590000037599,0.0002936000000772765,0.1496803,0.09693040000001929,0.09747299999980896,0.04900610000004235,0.095525;0.097798;0.096930,0.097473;0.097487;0.096508,0.050284;0.026378;0.049006,,multiprocessing,2026-10-03T20:15:14+00:00
W8-01251,W8,n2-standard-8,Windows,2022Server,AMD64,Intel(R) Xeon(R) CPU @ 2.80GHz,intel,8,4,2800,34.4,3.14.6,CPython,1,spawn,2.5.3,big_payload,big_upper_copy,1,1649113,0.3,ms,big,60,1649135,8,16,0,0,0,0,0.0009197266666281697,1.0,0.01433656689632893,1.899506375193525,0.8964205182715361,0.0,0.05583810000007361,0.026621800000611984,0.22210679999989225,0.05920879999939643,0.06209789999957138,0.17359309999937977,0.058826;0.060293;0.059209,0.063341;0.062098;0.061888,0.173593;0.178990;0.170386,,sequential,2026-10-03T20:15:15+00:00
W8-01252,W8,n2-standard-8,Windows,2022Server,AMD64,Intel(R) Xeon(R) CPU @ 2.80GHz,intel,8,4,2800,34.4,3.14.6,CPython,1,spawn,2.5.3,cpu,cpu_sum_squares,4143,1540,0.0,seconds,normal,2942,1563,8,16,1,2,0,0,0.00020270609756766858,1.0,0.029769708120785266,0.02318627834041027,0.9554040642151634,0.0,0.10349219999989145,0.0012430999986463576,0.22210679999989225,0.601479300000392,0.6143993000005139,0.18682350000017323,0.602768;0.601479;0.600531,0.614399;0.620682;0.611617,0.186718;0.189501;0.186824,,multiprocessing,2026-10-03T20:15:20+00:00
W8-01253,W8,n2-standard-8,Windows,2022Server,AMD64,Intel(R) Xeon(R) CPU @ 2.80GHz,intel,8,4,2800,34.4,3.14.6,CPython,1,spawn,2.5.3,numpy,np_fft,1004265,430579,0.8,seconds,big,24,430613,8,8,0,0,0,1,0.09349916666603046,0.9998009735334364,1.0214990435724445,0.0012402962583500546,0.17317986711671587,0.4,0.7314477999998417,0.0006355000023177126,0.1850192000001698,4.638967800000501,1.245107700000517,1.287202100000286,4.767895;4.638968;4.608586,1.291338;1.245108;1.234383,1.287202;1.255017;1.288023,,threading,2026-10-03T20:15:43+00:00
W8-01254,W8,n2-standard-8,Windows,2022Server,AMD64,Intel(R) Xeon(R) CPU @ 2.80GHz,intel,8,4,2800,34.4,3.14.6,CPython,1,spawn,2.5.3,numpy,np_elementwise,382397,132,0.8,seconds,normal,63,154,8,8,0,4,0,0,0.01046044000013353,1.0,0.6481712508850034,0.0008622964336791322,0.6580200985843798,0.0,0.12149829999998474,0.0003233999996155035,0.1850192000001698,0.9268833999994968,0.24711349999961385,0.22237560000030498,0.917899;0.955968;0.926883,0.261900;0.247113;0.242915,0.222376;0.210481;0.227505,,multiprocessing,2026-10-03T20:15:48+00:00
W8-01255,W8,n2-standard-8,Windows,2022Server,AMD64,Intel(R) Xeon(R) CPU @ 2.80GHz,intel,8,4,2800,34.4,3.14.6,CPython,1,spawn,2.5.3,big_result,result_long_string,1688,23,0.3,seconds,normal,20165,43,8,8,1,1,0,0,0.00032461688313962036,1.0,0.17191778181400924,0.04003180711483785,0.9411751637512509,3.5,0.1040751000000455,0.0009061999971891055,0.1850192000001698,7.064837899999475,7.1794678999995085,2.8916807000005065,7.007911;7.064838;7.072802,7.179468;7.121819;7.231709,2.891681;2.853357;2.895266,,multiprocessing,2026-10-03T20:16:40+00:00
W8-01256,W8,n2-standard-8,Windows,2022Server,AMD64,Intel(R) Xeon(R) CPU @ 2.80GHz,intel,8,4,2800,34.4,3.14.6,CPython,1,spawn,2.5.3,big_result,result_records,6739,811394,0.3,seconds,big,77,811417,8,8,1,2,0,0,0.003072105882465086,1.0,0.34111158416568915,1.3830348217943782,1.1179618703687608,0.0,0.1725670000014361,0.07266809999964607,0.1850192000001698,0.3469887999999628,0.366198900001109,0.31071460000021034,0.358365;0.341376;0.346989,0.366199;0.366647;0.356891,0.357916;0.310715;0.301456,,multiprocessing,2026-10-03T20:16:44+00:00
W8-01257,W8,n2-standard-8,Windows,2022Server,AMD64,Intel(R) Xeon(R) CPU @ 2.80GHz,intel,8,4,2800,34.4,3.14.6,CPython,1,spawn,2.5.3,big_result,result_sorted_pairs,41335,1077676,0.8,ms,big,8,1077699,8,8,1,4,0,0,0.03132473333243979,1.0,0.8027035733861445,0.4835965616304487,2.2079194576729275,0.0,0.19994500000029802,0.04579590000321332,0.1850192000001698,0.17236469999988913,0.18021500000031665,0.10241250000035507,0.172344;0.172365;0.173312,0.177352;0.180215;0.187864,0.102413;0.107696;0.101619,,multiprocessing,2026-10-03T20:16:46+00:00
W8-01258,W8,n2-standard-8,Windows,2022Server,AMD64,Intel(R) Xeon(R) CPU @ 2.80GHz,intel,8,4,2800,34.4,3.14.6,CPython,1,spawn,2.5.3,db,db_file_lookup,131,831347,0.8,seconds,big,112,831369,8,4,1,5,1,0,0.004165174999798182,1.0,0.3354264572034221,0.09581029999938644,0.8045583435101542,0.0,0.11973260000013397,0.0051386000031925505,0.1496803,0.4479350000001432,0.17032810000091558,0.27370630000041274,0.447935;0.449895;0.429411,0.187856;0.170328;0.159362,0.277526;0.273706;0.262317,,threading,2026-10-03T20:16:50+00:00
W8-01259,W8,n2-standard-8,Windows,2022Server,AMD64,Intel(R) Xeon(R) CPU @ 2.80GHz,intel,8,4,2800,34.4,3.14.6,CPython,1,spawn,2.5.3,numpy,np_linalg_solve,21,618,0.0,ms,normal,420,640,8,2,0,3,0,1,3.496952385397717e-05,1.0,0.46678845368200217,0.1419807713628708,0.3065690213691211,1.9,0.016811399998914567,0.001550199993289425,0.13285320000068168,0.013695300000108546,0.020603300001312164,0.008222600001317915,0.014214;0.013690;0.013695,0.020603;0.021431;0.020420,0.009116;0.008215;0.008223,,multiprocessing,2026-10-03T20:16:51+00:00
W8-01260,W8,n2-standard-8,Windows,2022Server,AMD64,Intel(R) Xeon(R) CPU @ 2.80GHz,intel,8,4,2800,34.4,3.14.6,CPython,1,spawn,2.5.3,big_result,result_records,40098,370844,0.3,seconds,big,20,370867,8,2,1,2,0,0,0.015017100000022765,1.0,0.05951945758869532,1.552030685012169,0.5715996018934264,0.0,0.25599770000007993,0.09351229999992938,0.13285320000068168,0.6293447999996715,0.628262199999881,0.5377942000013718,0.655503;0.629345;0.619693,0.654169;0.628262;0.623383,0.553470;0.537026;0.537794,,multiprocessing,2026-10-03T20:16:57+00:00
W8-01261,W8,n2-standard-8,Windows,2022Server,AMD64,Intel(R) Xeon(R) CPU @ 2.80GHz,intel,8,4,2800,34.4,3.14.6,CPython,1,spawn,2.5.3,mixed,mixed_compute_then_sleep,1980,196201,0.0,seconds,big,832,196224,8,16,1,3,1,0,0.0009715557691659062,0.11030038489717879,0.028472827535909843,0.04010063197991768,1.96145851750763,0.0,0.07772619999923336,0.001268800002435455,0.22210679999989225,0.8123797000007471,0.10689210000055027,0.5011949999989156,0.812380,0.103905;0.106892;0.108855,0.501195;0.504392;0.495608,,threading,2026-10-03T20:17:01+00:00
W8-01262,W8,n2-standard-8,Windows,2022Server,AMD64,Intel(R) Xeon(R) CPU @ 2.80GHz,intel,8,4,2800,34.4,3.14.6,CPython,1,spawn,2.5.3,numpy,np_elementwise,24463,403,0.8,seconds,normal,5629,426,8,8,0,4,0,0,0.000688678082378704,1.0,0.4741760224462136,0.006171242745388382,1.6030157851232953,4.7,0.08223159999943164,0.0005719999862776604,0.1850192000001698,4.164315399999396,1.2318849000002956,1.1021061999999802,4.152959;4.179407;4.164315,1.223132;1.293223;1.231885,1.232126;1.102106;1.078336,,multiprocessing,2026-10-03T20:17:21+00:00
W8-01263,W8,n2-standard-8,Windows,2022Server,AMD64,Intel(R) Xeon(R) CPU @ 2.80GHz,intel,8,4,2800,34.4,3.14.6,CPython,1,spawn,2.5.3,text,text_csv_parse,5,63,0.3,seconds,normal,4752,82,8,4,2,3,0,0,0.0002201431717619501,1.0,0.13988980721259545,0.01880594476403308,0.9538761120876414,2.0,0.10322509999969043,0.0007695000094827265,0.1496803,1.0714052000002994,1.072399900000164,0.3552748000001884,1.045358;1.084459;1.071405,1.068882;1.081888;1.072400,0.344400;0.355275;0.412811,,multiprocessing,2026-10-03T20:17:29+00:00
W8-01264,W8,n2-standard-8,Windows,2022Server,AMD64,Intel(R) Xeon(R) CPU @ 2.80GHz,intel,8,4,2800,34.4,3.14.6,CPython,1,spawn,2.5.3,mixed,mixed_hash_then_write,34268,6441,0.8,seconds,normal,10391,6464,8,4,1,3,1,0,0.0006029457831299437,0.9999407564160067,0.07936695811946769,0.009768705870537235,1.0930410580562477,5.7,0.09637699999984761,0.0007056000013108132,0.1496803,5.886837000000014,5.559978899998896,2.754096799999388,5.897258;5.799603;5.886837,5.570796;5.559979;5.547720,2.773907;2.735802;2.754097,,multiprocessing,2026-10-03T20:18:13+00:00
W8-01265,W8,n2-standard-8,Windows,2022Server,AMD64,Intel(R) Xeon(R) CPU @ 2.80GHz,intel,8,4,2800,34.4,3.14.6,CPython,1,spawn,2.5.3,cpu,cpu_count_primes,222,413,0.0,ms,normal,810,435,8,8,2,4,0,0,3.807772272110843e-05,1.0,0.04244657843964929,0.11463395730562433,0.8959569021630804,0.0,0.017121999999289983,0.0006676000102743274,0.1850192000001698,0.032042299999375246,0.032954599999357015,0.01071119999869552,0.035566;0.032042;0.031942,0.031940;0.032955;0.033239,0.010935;0.010711;0.010573,,multiprocessing,2026-10-03T20:18:13+00:00
W8-01266,W8,n2-standard-8,Windows,2022Server,AMD64,Intel(R) Xeon(R) CPU @ 2.80GHz,intel,8,4,2800,34.4,3.14.6,CPython,1,spawn,2.5.3,recursive,rec_fib,300,889476,0.0,ms,big,224,889499,8,16,0,4,0,0,2.490357149196955e-05,1.0,0.08532648340118718,17.654897409963088,0.6419135936697486,0.8,0.012822700000469922,0.009171299996523885,0.22210679999989225,0.005499799999597599,0.006575400000656373,0.4666218000002118,0.005500;0.005433;0.005532,0.006575;0.006925;0.006475,0.466622,,sequential,2026-10-03T20:18:15+00:00
W8-01267,W8,n2-standard-8,Windows,2022Server,AMD64,Intel(R) Xeon(R) CPU @ 2.80GHz,intel,8,4,2800,34.4,3.14.6,CPython,1,spawn,2.5.3,tiny,tiny_len,1,427,0.0,seconds,normal,200000,449,8,16,0,0,0,0,1.518500084785046e-07,1.0,1.9177853291683475,30.457688134673486,0.2703209563223127,0.0,0.005396399999881396,0.0030616999829362612,0.22210679999989225,0.026721700000052806,0.03473220000159927,0.24057510000056936,0.028012;0.026722;0.026388,0.034741;0.034732;0.034067,0.240575,,sequential,2026-10-03T20:18:16+00:00
W8-01268,W8,n2-standard-8,Windows,2022Server,AMD64,Intel(R) Xeon(R) CPU @ 2.80GHz,intel,8,4,2800,34.4,3.14.6,CPython,1,spawn,2.5.3,algo_iter,algo_edit_distance,11410,110,0.0,ms,normal,14,130,8,2,2,16,0,0,0.0018476333340610533,1.0,0.005300276364664196,0.0055025349940249005,0.8718033724197922,0.0,0.012174299999969662,0.00023129999681259505,0.13285320000068168,0.025745000000824803,0.026076699999975972,0.015316500001063105,0.025745;0.025643;0.025783,0.026077;0.026703;0.025981,0.015329;0.015317;0.015261,,multiprocessing,2026-10-03T20:18:17+00:00
W8-01269,W8,n2-standard-8,Windows,2022Server,AMD64,Intel(R) Xeon(R) CPU @ 2.80GHz,intel,8,4,2800,34.4,3.14.6,CPython,1,spawn,2.5.3,db,db_mem_insert_select,18313,315,0.8,ms,normal,8,338,8,16,1,1,1,0,0.01490410000042175,1.0,0.5236197129978172,0.0007872553820478666,0.9186129068148308,0.0,0.10266349999983504,0.0002645999993546866,0.22210679999989225,0.1254929999995511,0.5578984999992826,0.04303479999907722,0.125332;0.125493;0.125530,0.557898,0.043035;0.042247;0.053431,,multiprocessing,2026-10-03T20:18:19+00:00
W8-01270,W8,n2-standard-8,Windows,2022Server,AMD64,Intel(R) Xeon(R) CPU @ 2.80GHz,intel,8,4,2800,34.4,3.14.6,CPython,1,spawn,2.5.3,text,text_format_report,8663,946207,0.8,ms,big,8,946230,8,2,1,2,0,0,0.01069646666655899,1.0,0.10559518102812715,0.04689710624854217,1.2750970963238413,0.0,0.06098860000020068,0.0017965999995794846,0.13285320000068168,0.08944090000113647,0.09078629999930854,0.0497295999994094,0.087596;0.089441;0.089831,0.091676;0.089585;0.090786,0.049928;0.049730;0.048613,,multiprocessing,2026-10-03T20:18:20+00:00
W8-01271,W8,n2-standard-8,Windows,2022Server,AMD64,Intel(R) Xeon(R) CPU @ 2.80GHz,intel,8,4,2800,34.4,3.14.6,CPython,1,spawn,2.5.3,db,db_mem_insert_select,234,1583,0.0,seconds,normal,1772,1605,8,2,1,1,1,0,0.0002741032967605861,1.0,0.05892718970550704,0.017748784671214917,0.7870168258460608,0.0,0.11397999999826425,0.0007786999885865953,0.13285320000068168,0.4774641999993037,0.6813559000001987,0.2510531000007177,0.477464;0.476885;0.478356,0.681356;0.750896;0.657688,0.248129;0.251053;0.261382,,multiprocessing,2026-10-03T20:18:25+00:00
W8-01272,W8,n2-standard-8,Windows,2022Server,AMD64,Intel(R) Xeon(R) CPU @ 2.80GHz,intel,8,4,2800,34.4,3.14.6,CPython,1,spawn,2.5.3,numpy,np_linalg_solve,136,1684,0.8,ms,normal,39,1706,8,8,0,3,0,1,0.0006189666663784818,1.0,0.8911241715277205,0.00996284042718374,0.9039873629200506,1.1,0.011224300000321819,0.0003156000038870843,0.1850192000001698,0.013576299999840558,0.020916899999065208,0.005399200001193094,0.015645;0.013576;0.013297,0.022196;0.020917;0.020668,0.005745;0.004999;0.005399,,multiprocessing,2026-10-03T20:18:26+00:00
W8-01273,W8,n2-standard-8,Windows,2022Server,AMD64,Intel(R) Xeon(R) CPU @ 2.80GHz,intel,8,4,2800,34.4,3.14.6,CPython,1,spawn,2.5.3,mixed,mixed_json_roundtrip,336,321,0.0,seconds,normal,293,344,8,8,1,1,1,0,0.009738783333280784,0.916926466587743,0.0067292239887738895,0.0007855190716760971,1.0195333912138704,0.0,0.11625869999988936,0.00029320000066945795,0.1850192000001698,2.8627347000001464,2.703547899998739,0.7574801999999181,2.864016;2.861457;2.862735,2.708001;2.703548;2.693202,0.756015;0.757480;0.758085,,multiprocessing,2026-10-03T20:18:45+00:00
W8-01274,W8,n2-standard-8,Windows,2022Server,AMD64,Intel(R) Xeon(R) CPU @ 2.80GHz,intel,8,4,2800,34.4,3.14.6,CPython,1,spawn,2.5.3,io,io_sleep_chunks,2541,143015,0.0,ms,big,8,143038,8,8,1,1,1,0,0.005803266666892644,0.009518576046852497,0.016009046527904688,0.010735333013120166,1.485107424002076,0.0,0.029769700000542798,0.00042979999852832407,0.1850192000001698,0.046694999999090214,0.006209299999682116,0.006389499998476822,0.046695,0.005915;0.006429;0.006209,0.007467;0.006389;0.006376,,threading,2026-10-03T20:18:46+00:00
W8-01275,W8,n2-standard-8,Windows,2022Server,AMD64,Intel(R) Xeon(R) CPU @ 2.80GHz,intel,8,4,2800,34.4,3.14.6,CPython,1,spawn,2.5.3,numpy,np_fft,4440,1367,0.8,ms,normal,311,1390,8,8,0,0,0,1,0.0002547038961715948,1.0,0.8882976447802863,0.019198764530065686,1.4013651153076412,0.0,0.03415859999950044,0.0005072999956610147,0.1850192000001698,0.08376270000007935,0.03311050000047544,0.02456050000000687,0.084356;0.083380;0.083763,0.033771;0.033111;0.032767,0.024430;0.025175;0.024561,,multiprocessing,2026-10-03T20:18:47+00:00
W8-01276,W8,n2-standard-8,Windows,2022Server,AMD64,Intel(R) Xeon(R) CPU @ 2.80GHz,intel,8,4,2800,34.4,3.14.6,CPython,1,spawn,2.5.3,db,db_file_commit,1,514,0.8,seconds,normal,687,536,8,16,1,0,1,0,0.006534424999927069,0.25134576261089414,0.22068859066916868,0.000977515233502741,1.298382064666118,0.0,0.09229539999978442,0.0003288000007160008,0.22210679999989225,4.254175199999736,1.1517868999999337,1.1188409999995201,4.675337;4.254175;4.226939,1.151787;1.996542;1.085102,1.116329;1.118841;1.345134,,multiprocessing,2026-10-03T20:19:08+00:00
W8-01277,W8,n2-standard-8,Windows,2022Server,AMD64,Intel(R) Xeon(R) CPU @ 2.80GHz,intel,8,4,2800,34.4,3.14.6,CPython,1,spawn,2.5.3,db,db_file_lookup,15,44,0.8,seconds,normal,1735,63,8,4,1,5,1,0,0.0006579092104115453,0.9982358623985166,0.2622438863620507,0.005601076848682749,0.8313106787234332,0.0,0.11072609999973793,0.0005529000100068515,0.1496803,1.1299562000003789,0.48282190000099945,0.4067544999998063,1.129956;1.126220;1.130644,0.482822;0.484345;0.481435,0.400865;0.407188;0.406754,,multiprocessing,2026-10-03T20:19:15+00:00
W8-01278,W8,n2-standard-8,Windows,2022Server,AMD64,Intel(R) Xeon(R) CPU @ 2.80GHz,intel,8,4,2800,34.4,3.14.6,CPython,1,spawn,2.5.3,io,io_sleep_chunks,457,29,0.8,seconds,normal,349,48.76923076923077,8,8,1,1,1,0,0.0038917923077231254,0.01001957665521441,0.01143943140340195,0.001393465182906426,2.3304805004221927,0.0,0.07278620000033698,0.0003448000006756047,0.1850192000001698,1.3630786999983684,0.17196829999920737,0.08738909999919997,1.363079,0.167414;0.171968;0.172318,0.080737;0.097561;0.087389,,multiprocessing,2026-10-03T20:19:18+00:00
W8-01279,W8,n2-standard-8,Windows,2022Server,AMD64,Intel(R) Xeon(R) CPU @ 2.80GHz,intel,8,4,2800,34.4,3.14.6,CPython,1,spawn,2.5.3,mixed,mixed_hash_then_write,29768,34246,0.0,ms,normal,93,34269,8,16,1,3,1,0,0.0019172608694846174,1.0,0.031220845320388886,0.005265324227720455,0.9614682043070228,0.0,0.09030859999984386,0.0005273000024317298,0.22210679999989225,0.17782249999982014,0.17857849999927566,0.05757209999865154,0.178230;0.177359;0.177822,0.178578;0.179283;0.177029,0.059800;0.057024;0.057572,,multiprocessing,2026-10-03T20:19:20+00:00
W8-01280,W8,n2-standard-8,Windows,2022Server,AMD64,Intel(R) Xeon(R) CPU @ 2.80GHz,intel,8,4,2800,34.4,3.14.6,CPython,1,spawn,2.5.3,io,io_file_roundtrip,2,2734,0.3,seconds,normal,49,2756,8,4,1,0,1,0,0.010410800000681775,0.10862446590304192,0.18471430684514584,0.000801091054319147,1.7797411520914281,0.0,0.08349920000000566,0.00028619999648071826,0.1496803,0.4273785000004864,0.07733179999922868,0.07464239999899291,0.427379,0.078691;0.077332;0.075549,0.073944;0.074642;0.076058,,multiprocessing,2026-10-03T20:19:21+00:00
W8-01281,W8,n2-standard-8,Windows,2022Server,AMD64,Intel(R) Xeon(R) CPU @ 2.80GHz,intel,8,4,2800,34.4,3.14.6,CPython,1,spawn,2.5.3,numpy,np_elementwise,387910,4020,0.8,seconds,normal,41,4045,8,8,0,4,0,0,0.02295843333316346,1.0,0.06821101232273728,0.0006722293456210271,2.1774179089734895,0.0,0.09936279999965336,0.00029910000012023374,0.1850192000001698,0.884135199999946,0.2234915999997611,0.20494789999975183,0.867652;0.926523;0.884135,0.262217;0.223210;0.223492,0.201931;0.210538;0.204948,,multiprocessing,2026-10-03T20:19:26+00:00
W8-01282,W8,n2-standard-8,Windows,2022Server,AMD64,Intel(R) Xeon(R) CPU @ 2.80GHz,intel,8,4,2800,34.4,3.14.6,CPython,1,spawn,2.5.3,numpy,np_fft,3586,335825,0.8,ms,big,8,335848,8,8,0,0,0,1,0.001603633333312852,1.0,0.06493465018629825,0.07480928670825415,0.9620019118366937,3.4,0.010255699999106582,0.0005708000007871306,0.1850192000001698,0.01322710000022198,0.005288700000164681,0.00568089999978838,0.013140;0.013295;0.013227,0.005320;0.005247;0.005289,0.006255;0.005484;0.005681,,threading,2026-10-03T20:19:26+00:00
W8-01283,W8,n2-standard-8,Windows,2022Server,AMD64,Intel(R) Xeon(R) CPU @ 2.80GHz,intel,8,4,2800,34.4,3.14.6,CPython,1,spawn,2.5.3,algo_rec,algo_merge_sort,323,620401,0.3,ms,big,103,620423.75,8,16,1,10,0,0,0.0004694919999019476,1.0,0.2051701917106455,0.32411627913561025,0.8120001668720492,0.0,0.02952940000068338,0.0033448000031057745,0.22210679999989225,0.05032290000053763,0.052562200000465964,0.09233789999962028,0.050158;0.050499;0.050323,0.052562;0.052655;0.052220,0.090693;0.092338;0.092848,,sequential,2026-10-03T20:19:28+00:00
W8-01284,W8,n2-standard-8,Windows,2022Server,AMD64,Intel(R) Xeon(R) CPU @ 2.80GHz,intel,8,4,2800,34.4,3.14.6,CPython,1,spawn,2.5.3,algo_iter,algo_kmeans,499,965,0.0,seconds,normal,82,988,8,4,3,15,0,0,0.012862900000072841,1.0,0.005088462731002404,0.0008532290813298225,0.9364084224321556,2.3,0.10658569999941392,0.00026389999948150944,0.1496803,1.0530048999989958,1.0824349000013171,0.33228589999998803,1.055917;1.051065;1.053005,1.078528;1.082435;1.086117,0.332286;0.331288;0.435199,,multiprocessing,2026-10-03T20:19:36+00:00
W8-01285,W8,n2-standard-8,Windows,2022Server,AMD64,Intel(R) Xeon(R) CPU @ 2.80GHz,intel,8,4,2800,34.4,3.14.6,CPython,1,spawn,2.5.3,big_result,result_long_string,986,136,0.3,ms,normal,149,156,8,2,1,1,0,0,0.00021751621617924585,0.9580599499654127,0.19090889971998554,0.043582956508432566,0.958783350056275,10.2,0.017004799999995157,0.0005703000024368521,0.13285320000068168,0.03020749999996042,0.031118899998546112,0.02407830000083777,0.030207;0.030450;0.030048,0.032067;0.030822;0.031119,0.024078;0.020834;0.027379,,multiprocessing,2026-10-03T20:19:37+00:00
W8-01286,W8,n2-standard-8,Windows,2022Server,AMD64,Intel(R) Xeon(R) CPU @ 2.80GHz,intel,8,4,2800,34.4,3.14.6,CPython,1,spawn,2.5.3,mixed,mixed_compute_then_sleep,48548,75,0.0,seconds,normal,219,95,8,2,1,3,1,0,0.003437106666509256,0.6182472527737244,0.041031561066229044,0.001367429163368955,1.2710393144259835,13.3,0.09275829999933194,0.0003803000017796876,0.13285320000068168,0.7517509999997856,0.48107209999943734,0.3893919000001915,0.751715;0.751751;0.752608,0.476990;0.488172;0.481072,0.386453;0.389392;0.393637,,multiprocessing,2026-10-03T20:19:42+00:00
W8-01287,W8,n2-standard-8,Windows,2022Server,AMD64,Intel(R) Xeon(R) CPU @ 2.80GHz,intel,8,4,2800,34.4,3.14.6,CPython,1,spawn,2.5.3,gil_release,gil_bz2,6,300000,0.0,seconds,big,532,300022,8,4,0,1,0,1,0.001362051351198052,1.0,0.023073048359415732,0.041668766486608,1.8225800629801117,4.7,0.07956890000059502,0.0015160000057221623,0.1496803,0.7260213999998086,0.20598120000067865,0.5180951000002096,0.724314;0.726021;0.736828,0.203915;0.208182;0.205981,0.518095;0.537028;0.510966,,threading,2026-10-03T20:19:48+00:00
W8-01288,W8,n2-standard-8,Windows,2022Server,AMD64,Intel(R) Xeon(R) CPU @ 2.80GHz,intel,8,4,2800,34.4,3.14.6,CPython,1,spawn,2.5.3,gil_release,gil_numpy_matmul,42,3526,0.3,ms,normal,1124,3548,8,2,0,2,0,1,2.1488967954820797e-05,1.0,0.8768839894191006,0.33575368966565416,0.45956336839410084,1.2,0.020196900000883033,0.0010319000066374429,0.13285320000068168,0.021798399999170215,0.05022869999993418,0.014989499999501277,0.021797;0.022366;0.021798,0.050229;0.051528;0.049408,0.015798;0.014989;0.014400,,multiprocessing,2026-10-03T20:19:48+00:00
W8-01289,W8,n2-standard-8,Windows,2022Server,AMD64,Intel(R) Xeon(R) CPU @ 2.80GHz,intel,8,4,2800,34.4,3.14.6,CPython,1,spawn,2.5.3,tiny,tiny_add,596,98,0.0,seconds,normal,200000,118,8,2,0,1,0,0,1.591500113136135e-07,1.0,1.0822430752396865,25.353438816652783,0.3073692040357069,0.0,0.0051306000004842645,0.0028947999780939426,0.13285320000068168,0.019896100000551087,0.026637400000254274,0.12263729999904172,0.022597;0.019836;0.019896,0.028872;0.026500;0.026637,0.122637,,sequential,2026-10-03T20:19:49+00:00
W8-01290,W8,n2-standard-8,Windows,2022Server,AMD64,Intel(R) Xeon(R) CPU @ 2.80GHz,intel,8,4,2800,34.4,3.14.6,CPython,1,spawn,2.5.3,io,io_sleep_chunks,2155,111,0.8,ms,normal,8,131,8,8,1,1,1,0,0.004510600000382207,0.012835863889515962,0.2131890150140004,0.002689959996311279,1.4561318085623762,0.0,0.023938899999848218,0.00028059999931429047,0.1850192000001698,0.03882010000052105,0.005674099998941529,0.005968100000245613,0.038820,0.006329;0.004995;0.005674,0.006469;0.005874;0.005968,,threading,2026-10-03T20:19:50+00:00
W8-01291,W8,n2-standard-8,Windows,2022Server,AMD64,Intel(R) Xeon(R) CPU @ 2.80GHz,intel,8,4,2800,34.4,3.14.6,CPython,1,spawn,2.5.3,numpy,np_elementwise,358622,1794,0.3,seconds,normal,278,1819,8,8,0,4,0,0,0.018672500000320724,1.0,0.1267485109756497,0.0006979961838844361,1.390575043448219,0.0,0.10024309999971592,0.00030789999982516747,0.1850192000001698,4.822351000000708,1.256589000000531,1.114148300001034,4.788177;4.884934;4.822351,1.256589;1.258576;1.242544,1.114148;1.167831;1.104692,,multiprocessing,2026-10-03T20:20:12+00:00
W8-01292,W8,n2-standard-8,Windows,2022Server,AMD64,Intel(R) Xeon(R) CPU @ 2.80GHz,intel,8,4,2800,34.4,3.14.6,CPython,1,spawn,2.5.3,io,io_file_roundtrip,5,657,0.3,ms,normal,8,679,8,16,1,0,1,0,0.018020766666571337,0.15702629169507326,0.07184593885159668,0.0005808113785143558,1.5507822384023282,0.0,0.08880159999898751,0.000283800000033807,0.22210679999989225,0.09680110000044806,0.022957399998631445,0.02492270000038843,0.098514;0.086311;0.096801,0.022367;0.022957;0.025394,0.024157;0.024923;0.025563,,threading,2026-10-03T20:20:13+00:00
W8-01293,W8,n2-standard-8,Windows,2022Server,AMD64,Intel(R) Xeon(R) CPU @ 2.80GHz,intel,8,4,2800,34.4,3.14.6,CPython,1,spawn,2.5.3,algo_iter,algo_game_of_life,2,38,0.3,ms,normal,8,57,8,8,5,9,0,0,0.003351933332548166,1.0,0.19319666510695868,0.016975278236894015,0.8846941580086772,0.0,0.02030159999958414,0.0003676000014820602,0.1850192000001698,0.02640900000005786,0.02710560000014084,0.00843929999973625,0.026272;0.026409;0.027013,0.027031;0.027357;0.027106,0.008439;0.008564;0.008324,,multiprocessing,2026-10-03T20:20:14+00:00
W8-01294,W8,n2-standard-8,Windows,2022Server,AMD64,Intel(R) Xeon(R) CPU @ 2.80GHz,intel,8,4,2800,34.4,3.14.6,CPython,1,spawn,2.5.3,mixed,mixed_hash_then_write,469,2013,0.8,ms,normal,127,2035.75,8,2,1,3,1,0,0.00021184838712337472,1.0,0.2779186727976945,0.022114871840073266,0.8975594342766023,0.0,0.01404739999998128,0.00042609999945852906,0.13285320000068168,0.025306499999715015,0.023054199999023695,0.021837600001163082,0.025306;0.026301;0.025043,0.023150;0.023054;0.022787,0.023057;0.021838;0.021829,,multiprocessing,2026-10-03T20:20:15+00:00
W8-01295,W8,n2-standard-8,Windows,2022Server,AMD64,Intel(R) Xeon(R) CPU @ 2.80GHz,intel,8,4,2800,34.4,3.14.6,CPython,1,spawn,2.5.3,db,db_mem_insert_select,342,360310,0.3,seconds,big,555,360333,8,2,1,1,1,0,0.00037483358212725827,1.0,0.15077668731219626,0.1896308217006516,0.793454937718069,0.0,0.1154636000010214,0.0020314999965194147,0.13285320000068168,0.19894399999975576,0.2866178000003856,0.6574176000012812,0.198592;0.198944;0.199258,0.284189;0.289357;0.286618,0.657418;0.654517;0.660287,,sequential,2026-10-03T20:20:19+00:00
W8-01296,W8,n2-standard-8,Windows,2022Server,AMD64,Intel(R) Xeon(R) CPU @ 2.80GHz,intel,8,4,2800,34.4,3.14.6,CPython,1,spawn,2.5.3,cpu,cpu_sum_squares,101791,1589,0.3,ms,normal,8,1614,8,16,1,2,0,0,0.005124866666543919,1.0,0.09328415726709334,0.0024976260428993652,0.8066211814708286,0.0,0.034132800001316355,0.00024170000142476056,0.22210679999989225,0.043225200000961195,0.04463969999960682,0.015464400001292233,0.043225;0.043107;0.043481,0.051476;0.044640;0.044081,0.017120;0.015398;0.015464,,multiprocessing,2026-10-03T20:20:20+00:00
W8-01297,W8,n2-standard-8,Windows,2022Server,AMD64,Intel(R) Xeon(R) CPU @ 2.80GHz,intel,8,4,2800,34.4,3.14.6,CPython,1,spawn,2.5.3,db,db_file_lookup,275,581,0.8,ms,normal,8,603,8,8,1,5,1,0,0.0031246000004709154,1.0,0.31584226207794597,0.002901704724373071,0.22396094357522672,0.0,0.05178399999931571,0.000245999997787294,0.1850192000001698,0.035850400001436356,0.32993290000013076,0.016402999999627355,0.034206;0.038008;0.035850,0.329933,0.049054;0.016403;0.015108,,multiprocessing,2026-10-03T20:20:21+00:00
W8-01298,W8,n2-standard-8,Windows,2022Server,AMD64,Intel(R) Xeon(R) CPU @ 2.80GHz,intel,8,4,2800,34.4,3.14.6,CPython,1,spawn,2.5.3,algo_rec,algo_flood_fill,20,42,0.8,ms,normal,15,61,8,16,3,10,0,0,0.006437866667207952,1.0,0.6103251617819224,0.0020400132484091264,0.5586174926157447,0.0,0.04003670000020065,0.0002702999972825637,0.22210679999989225,0.106597400001192,0.11013480000110576,0.03622220000033849,0.106326;0.106821;0.106597,0.110471;0.110135;0.109355,0.034121;0.036222;0.036703,,multiprocessing,2026-10-03T20:20:23+00:00
W8-01299,W8,n2-standard-8,Windows,2022Server,AMD64,Intel(R) Xeon(R) CPU @ 2.80GHz,intel,8,4,2800,34.4,3.14.6,CPython,1,spawn,2.5.3,cpu,cpu_matmul_lists,13,288801,0.3,ms,big,57,288823,8,4,3,5,0,0,0.00011292857159008105,1.0,0.51054309299095,0.5771030954973705,0.5605042661277589,0.0,0.005669200001648278,0.0011661999997159,0.1496803,0.00695350000023609,0.007666700001209392,0.02971889999935229,0.006954;0.006934;0.007094,0.007667;0.007689;0.007417,0.029719;0.029476;0.030003,,sequential,2026-10-03T20:20:23+00:00
W8-01300,W8,n2-standard-8,Windows,2022Server,AMD64,Intel(R) Xeon(R) CPU @ 2.80GHz,intel,8,4,2800,34.4,3.14.6,CPython,1,spawn,2.5.3,big_result,result_long_string,444,148915,0.0,seconds,big,1343,148938,8,16,1,1,0,0,0.0028272388885347433,1.0,0.011764425153665858,0.010746645250041464,0.9630054217319225,0.0,0.10457750000023225,0.0008858000055624871,0.22210679999989225,3.9532138999984454,3.9321469999995315,0.7102250000007189,3.953214,3.932147,0.710225;0.703541;0.737113,,multiprocessing,2026-10-03T20:20:35+00:00
W8-01301,W8,n2-standard-8,Windows,2022Server,AMD64,Intel(R) Xeon(R) CPU @ 2.80GHz,intel,8,4,2800,34.4,3.14.6,CPython,1,spawn,2.5.3,io,io_sleep_chunks,1896,66,0.3,seconds,normal,436,86,8,8,1,1,1,0,0.004622150000007726,0.016359333955842683,0.19259537262599682,0.0013413670945607648,1.9961523534312455,1.1,0.08313589999852411,0.0003999999989900971,0.1850192000001698,1.9917776999991474,0.26745630000004894,0.22222710000096413,1.991778,0.268994;0.267456;0.254854,0.222019;0.222227;0.222260,,multiprocessing,2026-10-03T20:20:39+00:00
W8-01302,W8,n2-standard-8,Windows,2022Server,AMD64,Intel(R) Xeon(R) CPU @ 2.80GHz,intel,8,4,2800,34.4,3.14.6,CPython,1,spawn,2.5.3,numpy,np_linalg_solve,52,394382,0.8,seconds,big,190,394404,8,2,0,3,0,1,0.0017530758618547757,1.0,0.04708568058281965,0.04703447342068802,1.5688200139721966,0.8,0.08514399999876332,0.0020107000054849777,0.13285320000068168,0.36003270000037446,0.21448349999991478,0.30951679999998305,0.336638;0.423790;0.360033,0.203642;0.214483;0.239179,0.309517;0.302724;0.348859,,threading,2026-10-03T20:20:42+00:00
W8-01303,W8,n2-standard-8,Windows,2022Server,AMD64,Intel(R) Xeon(R) CPU @ 2.80GHz,intel,8,4,2800,34.4,3.14.6,CPython,1,spawn,2.5.3,db,db_file_commit,5,109,0.8,ms,normal,8,128,8,8,1,0,1,0,0.02005246666643264,0.2728483187816352,0.1055098754479146,0.0004770817930556548,1.214289841137001,0.0,0.11069359999964945,0.0002767000005405862,0.1850192000001698,0.1514642999991338,0.04994749999968917,0.05190799999945739,0.155720;0.148147;0.151464,0.051292;0.049947;0.049545,0.051740;0.054248;0.051908,,threading,2026-10-03T20:20:44+00:00
W8-01304,W8,n2-standard-8,Windows,2022Server,AMD64,Intel(R) Xeon(R) CPU @ 2.80GHz,intel,8,4,2800,34.4,3.14.6,CPython,1,spawn,2.5.3,cpu,cpu_count_primes,1282,1712,0.0,ms,normal,46,1735,8,2,2,4,0,0,0.0004040727271785727,1.0,0.008513063021891526,0.014668826879734177,0.8370645825026066,0.0,0.010133600000699516,0.0003096000018558698,0.13285320000068168,0.019122899999274523,0.019078299999819137,0.010357199998907163,0.019059;0.019123;0.020978,0.019015;0.019078;0.019486,0.010366;0.010357;0.010334,,multiprocessing,2026-10-03T20:20:44+00:00
W8-01305,W8,n2-standard-8,Windows,2022Server,AMD64,Intel(R) Xeon(R) CPU @ 2.80GHz,intel,8,4,2800,34.4,3.14.6,CPython,1,spawn,2.5.3,cpu,cpu_matmul_lists,26,31,0.0,ms,normal,36,50,8,16,3,5,0,0,0.0009412888889023128,1.0,0.03893321454418321,0.0063270223454180135,0.8766101961857942,0.0,0.0184265999996569,0.0003457000002526911,0.22210679999989225,0.0330919999996695,0.034856199999921955,0.011922499999855063,0.033065;0.033424;0.033092,0.034856;0.034528;0.035030,0.011559;0.011922;0.012131,,multiprocessing,2026-10-03T20:20:45+00:00
W8-01306,W8,n2-standard-8,Windows,2022Server,AMD64,Intel(R) Xeon(R) CPU @ 2.80GHz,intel,8,4,2800,34.4,3.14.6,CPython,1,spawn,2.5.3,big_payload,big_checksum_head,3467,197902,0.3,seconds,big,1010,197925,8,16,1,1,0,0,8.129087305745103e-05,1.0,0.16931724390408137,0.48080428300031636,0.8864179649474652,0.0,0.045300899999347166,0.001511999989816104,0.22210679999989225,0.0851950999986002,0.08773109999856388,0.482659600000261,0.085158;0.093864;0.085195,0.087731;0.087753;0.086527,0.482660,,sequential,2026-10-03T20:20:47+00:00
W8-01307,W8,n2-standard-8,Windows,2022Server,AMD64,Intel(R) Xeon(R) CPU @ 2.80GHz,intel,8,4,2800,34.4,3.14.6,CPython,1,spawn,2.5.3,text,text_csv_parse,4,266955,0.0,seconds,big,9,266977,8,2,2,3,0,0,0.8048425666668967,0.999882129893034,0.006105791343024336,9.819725860209512e-05,0.9963943081838772,0.0,4.838682999999946,0.0005273999995552003,0.13285320000068168,7.379981699999917,7.408595000000787,4.0402751000001444,7.238248;7.379982;7.381706,7.381694;7.408595;7.465363,4.043139;4.035235;4.040275,,multiprocessing,2026-10-03T20:21:51+00:00
W8-01308,W8,n2-standard-8,Windows,2022Server,AMD64,Intel(R) Xeon(R) CPU @ 2.80GHz,intel,8,4,2800,34.4,3.14.6,CPython,1,spawn,2.5.3,big_result,result_records,55600,812109,0.8,seconds,big,84,812132,8,4,1,2,0,0,0.021591075000287674,1.0,0.5858641641200912,1.299081912319701,0.99851452907797,12.1,0.2925398999996105,0.11259059999974852,0.1496803,3.5736082999992504,3.5262930000008055,3.002049000000625,3.573608;3.425699;3.629965,3.526293;3.522471;3.749855,3.018526;3.002049;2.825832,,multiprocessing,2026-10-03T20:22:22+00:00
W8-01309,W8,n2-standard-8,Windows,2022Server,AMD64,Intel(R) Xeon(R) CPU @ 2.80GHz,intel,8,4,2800,34.4,3.14.6,CPython,1,spawn,2.5.3,algo_rec,algo_flood_fill,3,126997,0.0,ms,big,13,127019,8,2,3,10,0,0,0.0008366000001842622,1.0,0.6538983388899803,0.07494621040765148,0.7501041059734046,2.3,0.006592800000362331,0.00041419999979552813,0.13285320000068168,0.013971899999887682,0.014833300001555472,0.008508000000801985,0.013889;0.013972;0.014030,0.014833;0.015306;0.014378,0.008588;0.008364;0.008508,,multiprocessing,2026-10-03T20:22:23+00:00
W8-01310,W8,n2-standard-8,Windows,2022Server,AMD64,Intel(R) Xeon(R) CPU @ 2.80GHz,intel,8,4,2800,34.4,3.14.6,CPython,1,spawn,2.5.3,algo_rec,algo_merge_sort,5129,74,0.3,seconds,normal,26,94,8,8,1,10,0,0,0.011929319999762811,1.0,0.10597377717814864,0.027270623979713988,0.9317605337440081,0.0,0.12562830000024405,0.0018862000015360536,0.1850192000001698,0.30331529999966733,0.31406929999866406,0.0970999999990454,0.300042;0.303315;0.303646,0.319110;0.310435;0.314069,0.099679;0.094554;0.097100,,multiprocessing,2026-10-03T20:22:26+00:00
W8-01311,W8,n2-standard-8,Windows,2022Server,AMD64,Intel(R) Xeon(R) CPU @ 2.80GHz,intel,8,4,2800,34.4,3.14.6,CPython,1,spawn,2.5.3,recursive,rec_quicksort,732,1335,0.8,seconds,normal,4357,1357.9,8,2,1,8,0,0,0.0009318351851645814,1.0,0.5176389504593842,0.004866740528881469,1.129181277266232,0.0,0.09592569999949774,0.0005166000009921845,0.13285320000068168,3.8274719000000914,3.9447536999996373,2.017881900001157,3.827102;3.829888;3.827472,3.944754;3.929377;3.945677,2.010776;2.017882;2.051435,,multiprocessing,2026-10-03T20:22:56+00:00
W8-01312,W8,n2-standard-8,Windows,2022Server,AMD64,Intel(R) Xeon(R) CPU @ 2.80GHz,intel,8,4,2800,34.4,3.14.6,CPython,1,spawn,2.5.3,numpy,np_sort,593928,520,0.3,ms,normal,8,545,8,8,0,3,0,1,0.026755333332403097,1.0,0.0694641312686468,0.0004696882596416372,1.1820061521328462,0.0,0.1485026000009384,0.00028930000371474307,0.1850192000001698,0.22464880000006815,0.08151729999917734,0.06656699999984994,0.223883;0.224970;0.224649,0.080569;0.081795;0.081517,0.064919;0.066567;0.069007,,multiprocessing,2026-10-03T20:22:57+00:00
W8-01313,W8,n2-standard-8,Windows,2022Server,AMD64,Intel(R) Xeon(R) CPU @ 2.80GHz,intel,8,4,2800,34.4,3.14.6,CPython,1,spawn,2.5.3,numpy,np_fft,818578,994,0.3,seconds,normal,16,1019,8,4,0,0,0,1,0.10324753333346355,0.9999371278421544,0.4493257588329233,0.00012913948223287514,1.852415609775272,1.2,0.5302996999998868,0.00030979999974078964,0.1496803,2.3758046999992075,0.8299004000000423,0.7976401000014448,2.361308;2.375805;2.382819,0.819796;0.829900;0.841642,0.797640;0.795799;0.828507,,multiprocessing,2026-10-03T20:23:11+00:00
W8-01314,W8,n2-standard-8,Windows,2022Server,AMD64,Intel(R) Xeon(R) CPU @ 2.80GHz,intel,8,4,2800,34.4,3.14.6,CPython,1,spawn,2.5.3,text,text_split_count,40,477,0.8,seconds,normal,6048,499,8,2,1,1,0,0,0.0009428339624650587,1.0,0.3828012663705429,0.004274347355924021,1.0222054809940502,4.5,0.09903660000054515,0.0004845999901590403,0.13285320000068168,5.677427300001,5.7371633000002475,2.881129700001111,5.669193;5.678552;5.677427,5.712316;5.737163;5.780039,2.881130;2.887019;2.880618,,multiprocessing,2026-10-03T20:23:55+00:00
W8-01315,W8,n2-standard-8,Windows,2022Server,AMD64,Intel(R) Xeon(R) CPU @ 2.80GHz,intel,8,4,2800,34.4,3.14.6,CPython,1,spawn,2.5.3,numpy,np_sort,1206,6868,0.3,ms,normal,459,6891,8,2,0,3,0,1,6.839210527687101e-05,1.0,0.1927003763605598,0.08166147292780658,1.2813239868626622,14.0,0.014532399998643086,0.0006017999967298238,0.13285320000068168,0.030453399998805253,0.023354199998721015,0.01848269999936747,0.030291;0.030825;0.030453,0.023354;0.023136;0.023473,0.019608;0.018082;0.018483,,multiprocessing,2026-10-03T20:23:55+00:00
W8-01316,W8,n2-standard-8,Windows,2022Server,AMD64,Intel(R) Xeon(R) CPU @ 2.80GHz,intel,8,4,2800,34.4,3.14.6,CPython,1,spawn,2.5.3,big_payload,big_count_byte,1,2574920,0.8,ms,big,13,2574942,8,2,0,1,0,0,0.0015437666667518595,1.0,0.004957093769180353,0.8824951957075984,0.8719704656897379,12.5,0.01444199999968987,0.004423399999723188,0.13285320000068168,0.020143200001257355,0.021096700000271085,0.05566800000087824,0.020104;0.020143;0.021330,0.021267;0.020932;0.021097,0.057008;0.055563;0.055668,,sequential,2026-10-03T20:23:56+00:00
W8-01317,W8,n2-standard-8,Windows,2022Server,AMD64,Intel(R) Xeon(R) CPU @ 2.80GHz,intel,8,4,2800,34.4,3.14.6,CPython,1,spawn,2.5.3,db,db_mem_group_by,13364,253,0.3,ms,normal,8,273,8,16,1,2,1,0,0.013629499999903297,1.0,0.24796498473193324,0.0009342480564120132,0.809587150350574,1.5,0.0831863000003068,0.0002860000004147878,0.22210679999989225,0.10128439999971306,0.4140207000000373,0.03827300000011746,0.101284;0.100587;0.107611,0.414021,0.038273;0.038873;0.031337,,multiprocessing,2026-10-03T20:23:58+00:00
W8-01318,W8,n2-standard-8,Windows,2022Server,AMD64,Intel(R) Xeon(R) CPU @ 2.80GHz,intel,8,4,2800,34.4,3.14.6,CPython,1,spawn,2.5.3,mixed,mixed_json_roundtrip,131,545,0.8,seconds,normal,386,567,8,4,1,1,1,0,0.0050900454546287865,0.8083341700985555,0.3119889682774523,0.0011019726002801525,1.5467056009223377,12.1,0.0917979000005289,0.00033260000054724514,0.1496803,1.7166221000006772,1.4500296999995044,0.4880238999994617,1.724456;1.714588;1.716622,1.461392;1.450030;1.446261,0.591977;0.472475;0.488024,,multiprocessing,2026-10-03T20:24:09+00:00
W8-01319,W8,n2-standard-8,Windows,2022Server,AMD64,Intel(R) Xeon(R) CPU @ 2.80GHz,intel,8,4,2800,34.4,3.14.6,CPython,1,spawn,2.5.3,io,io_sleep,18355,91,0.3,seconds,normal,65,111,8,8,0,1,1,0,0.020296100000753842,0.003308163520854794,0.18148830104420513,0.0006438019095688459,2.0025994878043094,0.0,0.0952964999996766,0.0003245999978389591,0.1850192000001698,1.2570725999994465,0.18310420000125305,0.1832522999993671,1.257073,0.183104;0.183092;0.183202,0.183252;0.183543;0.183015,,threading,2026-10-03T20:24:12+00:00
W8-01320,W8,n2-standard-8,Windows,2022Server,AMD64,Intel(R) Xeon(R) CPU @ 2.80GHz,intel,8,4,2800,34.4,3.14.6,CPython,1,spawn,2.5.3,big_result,result_matrix_lists,80,80,0.0,seconds,normal,13349,99,8,16,2,5,0,0,0.0006798932432207653,1.0,0.13157803778863222,0.31538774975190925,0.9290917449291686,0.0,0.10933560000012221,0.004767200001879246,0.22210679999989225,10.865975900000194,11.040253299999677,4.142860199999632,10.865976;10.620641;10.874109,10.897224;11.040253;11.167635,4.142860;4.269251;4.123970,,multiprocessing,2026-10-03T20:25:31+00:00
W8-01321,W8,n2-standard-8,Windows,2022Server,AMD64,Intel(R) Xeon(R) CPU @ 2.80GHz,intel,8,4,2800,34.4,3.14.6,CPython,1,spawn,2.5.3,big_payload,big_reverse,2,536479,0.8,seconds,big,372,536501,8,4,0,0,0,0,0.00035581827951220905,1.0,0.14211896826384024,1.5131178787911723,0.9202830608092495,0.0,0.080538099999103,0.011421000004702364,0.1496803,0.1492980000002717,0.15330250000079104,0.7818624000010459,0.149298;0.143406;0.161207,0.153303;0.147056;0.153844,0.781862,,sequential,2026-10-03T20:25:34+00:00
W8-01322,W8,n2-standard-8,Windows,2022Server,AMD64,Intel(R) Xeon(R) CPU @ 2.80GHz,intel,8,4,2800,34.4,3.14.6,CPython,1,spawn,2.5.3,big_result,result_records,318,127,0.8,ms,normal,773,146.65,8,4,1,2,0,0,0.00012124559588974928,1.0,1.4545766409783984,1.2876756385045882,0.6466827522882599,3.8,0.06354049999936251,0.00373389999185747,0.1496803,0.13490620000084164,0.1406604999992851,0.11733519999870623,0.141069;0.134906;0.131695,0.142510;0.140660;0.140366,0.109346;0.125611;0.117335,,multiprocessing,2026-10-03T20:25:36+00:00
W8-01323,W8,n2-standard-8,Windows,2022Server,AMD64,Intel(R) Xeon(R) CPU @ 2.80GHz,intel,8,4,2800,34.4,3.14.6,CPython,1,spawn,2.5.3,io,io_file_roundtrip,2,14670,0.8,seconds,normal,30,14692,8,2,1,0,1,0,0.02011619999999918,0.08659782904087958,0.14834422779042059,0.0007324113273312008,1.489853120738161,0.0,0.10539830000016082,0.000283800000033807,0.13285320000068168,0.5034400999993522,0.24941239999861864,0.2429679999986547,0.519558;0.503440;0.488088,0.249412;0.237856;0.251464,0.244781;0.242968;0.231393,,multiprocessing,2026-10-03T20:25:39+00:00
W8-01324,W8,n2-standard-8,Windows,2022Server,AMD64,Intel(R) Xeon(R) CPU @ 2.80GHz,intel,8,4,2800,34.4,3.14.6,CPython,1,spawn,2.5.3,gil_release,gil_numpy_matmul,493,8870,0.3,seconds,normal,201,8893,8,4,0,2,0,1,0.007785757142690792,1.0,0.2881914613701178,0.001436689298389001,2.2826557387902238,0.4,0.07751079999979993,0.0003950000009353971,0.1496803,1.2548714999993535,0.3576837999989948,0.33035039999958826,1.238725;1.254871;1.262895,0.359659;0.352937;0.357684,0.397458;0.329506;0.330350,,multiprocessing,2026-10-03T20:25:46+00:00
W8-01325,W8,n2-standard-8,Windows,2022Server,AMD64,Intel(R) Xeon(R) CPU @ 2.80GHz,intel,8,4,2800,34.4,3.14.6,CPython,1,spawn,2.5.3,algo_iter,algo_dijkstra,121,739,0.3,ms,normal,59,761,8,16,2,15,0,0,0.0002499714284048033,1.0,0.1964441210598262,0.017059092432763164,0.8393326468160907,2.3,0.007884399999966263,0.00029710000308114104,0.22210679999989225,0.014242500001273584,0.015574600000036298,0.006284200000663986,0.014159;0.014467;0.014243,0.015745;0.015452;0.015575,0.006284;0.006332;0.006074,,multiprocessing,2026-10-03T20:25:46+00:00
W8-01326,W8,n2-standard-8,Windows,2022Server,AMD64,Intel(R) Xeon(R) CPU @ 2.80GHz,intel,8,4,2800,34.4,3.14.6,CPython,1,spawn,2.5.3,algo_rec,algo_lcs_memo,1,83,0.8,ms,normal,20,102,8,16,1,10,0,0,0.0038634200001979478,1.0,0.34966872347090816,0.0019619921917907812,1.1300710883633385,0.0,0.03684369999973569,0.00028500000007625204,0.22210679999989225,0.06968380000034813,0.07410329999947862,0.02291999999943073,0.069675;0.069984;0.069684,0.078033;0.074103;0.072619,0.023073;0.022841;0.022920,,multiprocessing,2026-10-03T20:25:47+00:00
W8-01327,W8,n2-standard-8,Windows,2022Server,AMD64,Intel(R) Xeon(R) CPU @ 2.80GHz,intel,8,4,2800,34.4,3.14.6,CPython,1,spawn,2.5.3,big_result,result_matrix_lists,152,882,0.3,ms,normal,67,904,8,8,2,5,0,0,0.0027341499999238295,1.0,0.3314161443390292,0.27925497862909987,1.1638422041762666,0.0,0.09460440000111703,0.012568100002681604,0.1850192000001698,0.17178659999990487,0.1783525999999256,0.07155929999862565,0.175131;0.171787;0.171557,0.180238;0.178353;0.177014,0.071559;0.072100;0.070401,,multiprocessing,2026-10-03T20:25:49+00:00
W8-01328,W8,n2-standard-8,Windows,2022Server,AMD64,Intel(R) Xeon(R) CPU @ 2.80GHz,intel,8,4,2800,34.4,3.14.6,CPython,1,spawn,2.5.3,mixed,mixed_json_roundtrip,391,3092,0.8,seconds,normal,106,3114.6,8,2,1,1,1,0,0.011094239999511046,0.9283135000483962,0.5194800260642903,0.0009211987780707894,1.001185487997922,0.0,0.12107619999915187,0.0003018000006704824,0.13285320000068168,1.2405087999995885,1.1922894999988785,0.667996399999538,1.242481;1.240509;1.237552,1.192289;1.192993;1.179325,0.667221;0.667996;0.670027,,multiprocessing,2026-10-03T20:25:59+00:00
W8-01329,W8,n2-standard-8,Windows,2022Server,AMD64,Intel(R) Xeon(R) CPU @ 2.80GHz,intel,8,4,2800,34.4,3.14.6,CPython,1,spawn,2.5.3,mixed,mixed_compute_then_sleep,22924,64,0.0,seconds,normal,155,84,8,4,1,3,1,0,0.001945315384476159,0.5265700033120359,0.019251120698933335,0.0024314823854573227,1.7526235823706784,0.0,0.08007050000014715,0.00045080000381858554,0.1496803,0.3025586999992811,0.16700219999984256,0.08068859999912092,0.302544;0.302559;0.302562,0.167414;0.167002;0.166914,0.080754;0.080689;0.079750,,multiprocessing,2026-10-03T20:26:02+00:00
W8-01330,W8,n2-standard-8,Windows,2022Server,AMD64,Intel(R) Xeon(R) CPU @ 2.80GHz,intel,8,4,2800,34.4,3.14.6,CPython,1,spawn,2.5.3,gil_release,gil_sha256,405,50486,0.8,ms,normal,8,50508.666666666664,8,2,1,1,0,1,0.052660333333430266,0.9999841477678816,0.49415547739001997,0.00036016989603237083,2.15074366765117,5.7,0.23947749999933876,0.00028029999884893186,0.13285320000068168,0.3256013999998686,0.17798779999975523,0.17324510000071314,0.325235;0.325601;0.326107,0.177988;0.176204;0.183637,0.180053;0.173245;0.173198,,multiprocessing,2026-10-03T20:26:05+00:00
W8-01331,W8,n2-standard-8,Windows,2022Server,AMD64,Intel(R) Xeon(R) CPU @ 2.80GHz,intel,8,4,2800,34.4,3.14.6,CPython,1,spawn,2.5.3,gil_release,gil_bz2,41,300000,0.8,seconds,big,666,300022,8,4,0,1,0,1,0.005690066666526643,1.0,0.23563025549576383,0.018515697896490477,1.4908742264190804,6.4,0.08697749999919324,0.001255999999557389,0.1496803,3.324478500000623,0.8898753000012221,1.263245399999505,3.365405;3.324479;3.317032,1.051358;0.884135;0.889875,1.276962;1.263245;1.184659,,threading,2026-10-03T20:26:22+00:00
W8-01332,W8,n2-standard-8,Windows,2022Server,AMD64,Intel(R) Xeon(R) CPU @ 2.80GHz,intel,8,4,2800,34.4,3.14.6,CPython,1,spawn,2.5.3,db,db_file_lookup,49,112,0.8,ms,normal,8,131,8,2,1,5,1,0,0.0013616333332417223,1.0,0.25813207019812934,0.006658669673984109,0.11332123995740966,0.0,0.0386095000012574,0.000274800000624964,0.13285320000068168,0.013059100001555635,0.009062800001629512,0.008962599998994847,0.013399;0.012755;0.013059,0.038542;0.009063;0.009001,0.030310;0.008839;0.008963,,multiprocessing,2026-10-03T20:26:23+00:00
W8-01333,W8,n2-standard-8,Windows,2022Server,AMD64,Intel(R) Xeon(R) CPU @ 2.80GHz,intel,8,4,2800,34.4,3.14.6,CPython,1,spawn,2.5.3,db,db_mem_insert_select,12,452,0.8,ms,normal,832,474,8,8,1,1,1,0,9.645000000965901e-05,1.0,0.16085128560055767,0.03846552580729538,0.8165738524918438,1.2,0.04532629999994242,0.0007626999977219384,0.1850192000001698,0.07918359999894165,0.18871880000006058,0.02140520000102697,0.078771;0.079184;0.079342,0.188719,0.021491;0.021405;0.021364,,multiprocessing,2026-10-03T20:26:24+00:00
W8-01334,W8,n2-standard-8,Windows,2022Server,AMD64,Intel(R) Xeon(R) CPU @ 2.80GHz,intel,8,4,2800,34.4,3.14.6,CPython,1,spawn,2.5.3,db,db_file_commit,3,7369,0.3,ms,normal,8,7391,8,2,1,0,1,0,0.017724333333414204,0.2669075377402519,0.1429653183213355,0.0013202189376792552,1.1967529725937822,0.0,0.09622380000109843,0.0003378000019438332,0.13285320000068168,0.12586209999972198,0.0741042000008747,0.07392849999996542,0.125166;0.125862;0.132511,0.074104;0.072345;0.082206,0.073928;0.069262;0.088667,,multiprocessing,2026-10-03T20:26:26+00:00
W8-01335,W8,n2-standard-8,Windows,2022Server,AMD64,Intel(R) Xeon(R) CPU @ 2.80GHz,intel,8,4,2800,34.4,3.14.6,CPython,1,spawn,2.5.3,tiny,tiny_add,47,40,0.3,seconds,normal,200000,59,8,16,0,1,0,0,1.2229999720148044e-07,1.0,0.4517689588697253,33.97383476640476,0.26281764865753166,0.0,0.005111899999974412,0.0030453000053967116,0.22210679999989225,0.014712500000314321,0.02175560000068799,0.06073619999915536,0.014713;0.014605;0.014848,0.021883;0.021756;0.021089,0.065217;0.060736;0.060692,,sequential,2026-10-03T20:26:26+00:00
W8-01336,W8,n2-standard-8,Windows,2022Server,AMD64,Intel(R) Xeon(R) CPU @ 2.80GHz,intel,8,4,2800,34.4,3.14.6,CPython,1,spawn,2.5.3,algo_iter,algo_dijkstra,67,385,0.3,seconds,normal,3399,407,8,2,2,15,0,0,0.00013140684201349168,1.0,0.1807106891836083,0.03603313234709072,0.9365294938556756,2.3,0.10441279999940889,0.000988900035736151,0.13285320000068168,0.45297430000027816,0.4584309999991092,0.2304428999996162,0.452974;0.456260;0.452737,0.454992;0.458784;0.458431,0.230443;0.230456;0.228949,,multiprocessing,2026-10-03T20:26:31+00:00
W8-01337,W8,n2-standard-8,Windows,2022Server,AMD64,Intel(R) Xeon(R) CPU @ 2.80GHz,intel,8,4,2800,34.4,3.14.6,CPython,1,spawn,2.5.3,tiny,tiny_add,2,63,0.0,seconds,normal,200000,82,8,8,0,1,0,0,1.3044997922406765e-07,1.0,1.5062375395408825,32.80950892235361,0.2759267233432214,0.0,0.005076400000689318,0.0029800000429531792,0.1850192000001698,0.014507800000501447,0.021166700000321725,0.05761979999988398,0.014960;0.014476;0.014508,0.021167;0.020340;0.021203,0.060591;0.057620;0.057002,,sequential,2026-10-03T20:26:31+00:00
W8-01338,W8,n2-standard-8,Windows,2022Server,AMD64,Intel(R) Xeon(R) CPU @ 2.80GHz,intel,8,4,2800,34.4,3.14.6,CPython,1,spawn,2.5.3,tiny,tiny_add,10,39,0.8,ms,normal,200000,58,8,2,0,1,0,0,1.250000004802132e-07,1.0,0.39719018611856366,33.159999893479984,0.2889070654571367,0.0,0.00493579999965732,0.0029406999983621063,0.13285320000068168,0.014593500000046333,0.020427100000233622,0.07631620000029216,0.014538;0.014626;0.014594,0.021207;0.020203;0.020427,0.076316,,sequential,2026-10-03T20:26:32+00:00
W8-01339,W8,n2-standard-8,Windows,2022Server,AMD64,Intel(R) Xeon(R) CPU @ 2.80GHz,intel,8,4,2800,34.4,3.14.6,CPython,1,spawn,2.5.3,db,db_mem_insert_select,138,293,0.8,seconds,normal,11662,315,8,2,1,1,1,0,0.00019529843749666043,1.0,0.2596548673657952,0.01932939127480207,0.8618553443152014,0.0,0.10886720000053174,0.0008789000003162073,0.13285320000068168,2.269158900000548,2.713464500000555,1.1595702999984496,2.280143;2.269159;2.264827,2.702842;2.713465;2.737417,1.159570;1.158338;1.223936,,multiprocessing,2026-10-03T20:26:51+00:00
W8-01340,W8,n2-standard-8,Windows,2022Server,AMD64,Intel(R) Xeon(R) CPU @ 2.80GHz,intel,8,4,2800,34.4,3.14.6,CPython,1,spawn,2.5.3,io,io_sleep_chunks,5443,1136,0.3,seconds,normal,122,1159,8,2,1,1,1,0,0.00843580000067353,0.010116110380656101,0.10496087230310107,0.0010491002732345236,1.9191753574840715,0.0,0.07669699999860313,0.0003619999952206854,0.13285320000068168,0.9983246000010695,0.5179416000009951,0.5051451999988785,0.998304;0.998325;0.998828,0.517942;0.522143;0.517865,0.505145;0.507438;0.504412,,multiprocessing,2026-10-03T20:26:58+00:00
W8-01341,W8,n2-standard-8,Windows,2022Server,AMD64,Intel(R) Xeon(R) CPU @ 2.80GHz,intel,8,4,2800,34.4,3.14.6,CPython,1,spawn,2.5.3,io,io_sleep,5629,558331,0.8,seconds,big,306,558354,8,16,0,1,1,0,0.005947966666604366,0.007192724600328638,0.3750950626705149,0.038851745797786136,1.8388241125092055,0.0,0.08707010000034643,0.002427400000669877,0.22210679999989225,1.954774699999689,0.13322189999962575,0.4191028000004735,1.954775,0.133222;0.131837;0.133662,0.419103;0.430732;0.417446,,threading,2026-10-03T20:27:03+00:00
W8-01342,W8,n2-standard-8,Windows,2022Server,AMD64,Intel(R) Xeon(R) CPU @ 2.80GHz,intel,8,4,2800,34.4,3.14.6,CPython,1,spawn,2.5.3,recursive,rec_fib,16,24,0.0,ms,normal,3725,43,8,4,0,4,0,0,2.7678839804482855e-06,1.0,2.16425175213957,1.4921144584332011,0.7888719829755177,4.5,0.007874500000980333,0.0015835000140214106,0.1496803,0.00983280000036757,0.010671899999579182,0.004935900000418769,0.009792;0.009833;0.010009,0.010825;0.010672;0.010450,0.004936;0.004775;0.004941,,multiprocessing,2026-10-03T20:27:04+00:00
W8-01343,W8,n2-standard-8,Windows,2022Server,AMD64,Intel(R) Xeon(R) CPU @ 2.80GHz,intel,8,4,2800,34.4,3.14.6,CPython,1,spawn,2.5.3,recursive,rec_fib,5729,20,0.8,ms,normal,129,40,8,8,0,4,0,0,0.0006371093751340595,1.0,0.5813007661879253,0.007094543284124824,1.263605391505244,0.0,0.03722560000096564,0.0004489999973884551,0.1850192000001698,0.06590129999858618,0.06891109999924083,0.02115620000040508,0.065728;0.066074;0.065901,0.067244;0.068911;0.069107,0.020818;0.021156;0.021576,,multiprocessing,2026-10-03T20:27:05+00:00
W8-01344,W8,n2-standard-8,Windows,2022Server,AMD64,Intel(R) Xeon(R) CPU @ 2.80GHz,intel,8,4,2800,34.4,3.14.6,CPython,1,spawn,2.5.3,io,io_sleep_chunks,2468,472,0.8,seconds,normal,60,495,8,16,1,1,1,0,0.0056227222222433836,0.007413292529588074,0.25538965983443485,0.0011540476177369198,1.9307917108211903,0.0,0.07718360000035318,0.00034579999919515103,0.22210679999989225,0.3249823000005563,0.02002389999870502,0.021460300000399002,0.324982,0.020024;0.019891;0.020523,0.022093;0.020595;0.021460,,threading,2026-10-03T20:27:06+00:00
W8-01345,W8,n2-standard-8,Windows,2022Server,AMD64,Intel(R) Xeon(R) CPU @ 2.80GHz,intel,8,4,2800,34.4,3.14.6,CPython,1,spawn,2.5.3,big_payload,big_count_byte,8,306582,0.8,seconds,big,652,306604,8,4,0,1,0,0,0.00018374417179376257,1.0,0.020553403329117006,0.36681435569365317,0.9475650640427972,0.0,0.06367370000043593,0.001967799998965347,0.1496803,0.1201215000000957,0.12203450000015437,0.6056126000003133,0.119478;0.120122;0.120202,0.122824;0.122035;0.121402,0.605613,,sequential,2026-10-03T20:27:08+00:00
W8-01346,W8,n2-standard-8,Windows,2022Server,AMD64,Intel(R) Xeon(R) CPU @ 2.80GHz,intel,8,4,2800,34.4,3.14.6,CPython,1,spawn,2.5.3,mixed,mixed_compute_then_sleep,4176,43,0.3,ms,normal,29,63,8,8,1,3,1,0,0.0009563428572749087,0.19148270126803024,0.05000003595463352,0.007005855185432781,1.6159303694678413,1.9,0.011254000000917586,0.00027090000003227033,0.1850192000001698,0.028616199999305536,0.00728759999947215,0.004970599999069236,0.028616,0.007290;0.007288;0.007203,0.005567;0.004846;0.004971,,multiprocessing,2026-10-03T20:27:09+00:00
W8-01347,W8,n2-standard-8,Windows,2022Server,AMD64,Intel(R) Xeon(R) CPU @ 2.80GHz,intel,8,4,2800,34.4,3.14.6,CPython,1,spawn,2.5.3,tiny,tiny_add,24,162,0.0,ms,normal,39439,181,8,2,0,1,0,0,1.3079999916953966e-07,1.0,0.5319563479026452,34.5183509331221,0.24648085482848928,0.4,0.005113999999593943,0.0029394000011961907,0.13285320000068168,0.0028386000012687873,0.005078999998659128,0.02200799999991432,0.002981;0.002839;0.002810,0.005070;0.005079;0.005605,0.022008,,sequential,2026-10-03T20:27:09+00:00
W8-01348,W8,n2-standard-8,Windows,2022Server,AMD64,Intel(R) Xeon(R) CPU @ 2.80GHz,intel,8,4,2800,34.4,3.14.6,CPython,1,spawn,2.5.3,recursive,rec_quicksort,1221,1752,0.0,seconds,normal,651,1775,8,16,1,8,0,0,0.0015407242423283276,1.0,0.02848313916189218,0.0027844047666078695,0.9775218811248821,0.0,0.10320060000049125,0.0004344000026321737,0.22210679999989225,0.9948581000007835,1.0180863999994472,0.26185070000065025,0.994858;0.992473;0.995828,1.016784;1.018086;1.022021,0.261043;0.273927;0.261851,,multiprocessing,2026-10-03T20:27:17+00:00
W8-01349,W8,n2-standard-8,Windows,2022Server,AMD64,Intel(R) Xeon(R) CPU @ 2.80GHz,intel,8,4,2800,34.4,3.14.6,CPython,1,spawn,2.5.3,mixed,mixed_compute_then_sleep,1354,116,0.0,ms,normal,18,136,8,16,1,3,1,0,0.0009461750000809843,0.09570469313884498,0.07477022732564675,0.011018046132496302,1.7156461400976735,0.0,0.006410500000129105,0.0002691999998205574,0.22210679999989225,0.01735279999957129,0.002456000000165659,0.0023522000010416377,0.017353,0.002461;0.002341;0.002456,0.002706;0.002352;0.001916,,multiprocessing,2026-10-03T20:27:17+00:00
W8-01350,W8,n2-standard-8,Windows,2022Server,AMD64,Intel(R) Xeon(R) CPU @ 2.80GHz,intel,8,4,2800,34.4,3.14.6,CPython,1,spawn,2.5.3,text,text_regex_findall,3,130,0.3,ms,normal,4368,149,8,4,1,1,0,0,2.018736263763681e-05,1.0,0.21941275369943072,0.20037286086177575,0.9234136026420573,0.0,0.048383799998191535,0.0019207999994250713,0.1496803,0.0881651999989117,0.09032200000001467,0.0400564999999915,0.088029;0.088558;0.088165,0.090456;0.089960;0.090322,0.038819;0.040530;0.040056,,multiprocessing,2026-10-03T20:27:18+00:00
W8-01351,W8,n2-standard-8,Windows,2022Server,AMD64,Intel(R) Xeon(R) CPU @ 2.80GHz,intel,8,4,2800,34.4,3.14.6,CPython,1,spawn,2.5.3,mixed,mixed_hash_then_write,744,36744,0.0,ms,normal,630,36767,8,4,1,3,1,0,0.00022805350316418884,0.9990643254935645,0.13080791664674352,0.05218073848280354,1.1063273540342733,0.0,0.06891069999983301,0.0008658000024297507,0.1496803,0.13725550000162912,0.1162027999998827,0.10848819999955595,0.137674;0.135723;0.137256,0.138329;0.115147;0.116203,0.108293;0.108488;0.109854,,multiprocessing,2026-10-03T20:27:20+00:00
W8-01352,W8,n2-standard-8,Windows,2022Server,AMD64,Intel(R) Xeon(R) CPU @ 2.80GHz,intel,8,4,2800,34.4,3.14.6,CPython,1,spawn,2.5.3,gil_release,gil_bz2,206,300000,0.0,seconds,big,21,300022,8,4,0,1,0,1,0.021404633333077072,0.9878758704373952,0.025574167151194628,0.003832503560298924,1.5223947045535922,0.0,0.10729840000021795,0.0005578000000241445,0.1496803,0.44004619999941497,0.1283579999999347,0.15409120000003895,0.440046;0.444479;0.439335,0.128418;0.128358;0.128253,0.195562;0.154091;0.132346,,threading,2026-10-03T20:27:23+00:00
W8-01353,W8,n2-standard-8,Windows,2022Server,AMD64,Intel(R) Xeon(R) CPU @ 2.80GHz,intel,8,4,2800,34.4,3.14.6,CPython,1,spawn,2.5.3,text,text_format_report,434,163,0.8,ms,normal,9,182.33333333333334,8,16,1,2,0,0,0.0004074333337484859,1.0,0.3793898527253451,0.02094412196112172,0.4106790782791268,0.0,0.0036652999988291413,0.0002091999976983061,0.22210679999989225,0.004375700000309735,0.005023599998821737,0.0022296000006463146,0.004401;0.004284;0.004376,0.005070;0.005019;0.005024,0.002230;0.002181;0.002283,,multiprocessing,2026-10-03T20:27:24+00:00
W8-01354,W8,n2-standard-8,Windows,2022Server,AMD64,Intel(R) Xeon(R) CPU @ 2.80GHz,intel,8,4,2800,34.4,3.14.6,CPython,1,spawn,2.5.3,tiny,tiny_dict_lookup,14,28,0.8,seconds,normal,200000,47,8,2,0,1,0,0,2.5030001052073203e-07,1.0,0.9276270863988576,14.88214148254505,0.453465472243917,0.0,0.005274200000712881,0.0028112999789300375,0.13285320000068168,0.033547300001373515,0.044025999999576015,0.06455859999914537,0.033403;0.033547;0.033617,0.044038;0.043429;0.044026,0.065807;0.063068;0.064559,,sequential,2026-10-03T20:27:25+00:00
W8-01355,W8,n2-standard-8,Windows,2022Server,AMD64,Intel(R) Xeon(R) CPU @ 2.80GHz,intel,8,4,2800,34.4,3.14.6,CPython,1,spawn,2.5.3,big_payload,big_checksum_head,4451,2231968,0.0,ms,big,89,2231991,8,16,1,1,0,0,0.00010516818176917944,1.0,0.03176282951656154,10.965388773162804,0.7650533636080045,0.0,0.02885480000077223,0.02345430000241322,0.22210679999989225,0.009562999999616295,0.010670300000128918,0.31435919999967155,0.009563;0.009549;0.010356,0.011057;0.010666;0.010670,0.314359,,sequential,2026-10-03T20:27:26+00:00
W8-01356,W8,n2-standard-8,Windows,2022Server,AMD64,Intel(R) Xeon(R) CPU @ 2.80GHz,intel,8,4,2800,34.4,3.14.6,CPython,1,spawn,2.5.3,big_result,result_records,46825,486234,0.3,seconds,big,11,486257,8,2,1,2,0,0,0.019618533334020565,1.0,0.2602744002894951,1.7305269166807784,0.7344274177373928,0.0,0.23569820000011532,0.1021346999968955,0.13285320000068168,0.35711710000032326,0.37017890000061016,0.32851470000059635,0.375354;0.357117;0.295496,0.368414;0.377519;0.370179,0.319776;0.328515;0.333454,,multiprocessing,2026-10-03T20:27:30+00:00
W8-01357,W8,n2-standard-8,Windows,2022Server,AMD64,Intel(R) Xeon(R) CPU @ 2.80GHz,intel,8,4,2800,34.4,3.14.6,CPython,1,spawn,2.5.3,big_payload,big_count_byte,17,239787,0.8,seconds,big,834,239809,8,2,0,1,0,0,0.00014381009613701352,1.0,0.02426527934942406,0.37573857083208473,0.94113797188348,0.0,0.06361089999882097,0.001738600003591273,0.13285320000068168,0.12058799999977055,0.12226379999992787,0.6677992999993876,0.119881;0.120787;0.120588,0.124016;0.122264;0.121146,0.667799,,sequential,2026-10-03T20:27:33+00:00
W8-01358,W8,n2-standard-8,Windows,2022Server,AMD64,Intel(R) Xeon(R) CPU @ 2.80GHz,intel,8,4,2800,34.4,3.14.6,CPython,1,spawn,2.5.3,cpu,cpu_collatz,315,74,0.0,seconds,normal,525,94,8,8,2,5,0,0,0.0010697617022703931,1.0,0.006211391274358255,0.00401958695407129,0.9530717569668159,1.2,0.10354310000002442,0.0004265999941708287,0.1850192000001698,0.5673650999997335,0.5746013000007224,0.1621384999998554,0.567365;0.567071;0.567948,0.574079;0.574601;0.577497,0.161969;0.162138;0.162419,,multiprocessing,2026-10-03T20:27:37+00:00
W8-01359,W8,n2-standard-8,Windows,2022Server,AMD64,Intel(R) Xeon(R) CPU @ 2.80GHz,intel,8,4,2800,34.4,3.14.6,CPython,1,spawn,2.5.3,numpy,np_sort,13837,135,0.8,ms,normal,128,155,8,16,0,3,0,1,0.000594768750147523,1.0,0.4924233138567609,0.007112008144416244,1.5343797693594967,0.0,0.03186529999948107,0.00041459999556536786,0.22210679999989225,0.07958679999865126,0.025504799999907846,0.025016800000230432,0.080936;0.079113;0.079587,0.026248;0.024943;0.025505,0.026017;0.025017;0.024849,,multiprocessing,2026-10-03T20:27:38+00:00
W8-01360,W8,n2-standard-8,Windows,2022Server,AMD64,Intel(R) Xeon(R) CPU @ 2.80GHz,intel,8,4,2800,34.4,3.14.6,CPython,1,spawn,2.5.3,recursive,rec_nqueens,5,75,0.3,seconds,normal,394,94,8,2,1,10,0,0,0.0007309971014088344,1.0,0.17678944830022394,0.005540377282172356,0.9091202150864172,0.4,0.10617409999940719,0.00044910000360687263,0.13285320000068168,0.2900256000011723,0.299060899998949,0.14842920000046433,0.289826;0.290026;0.296380,0.299061;0.304429;0.296914,0.149431;0.148368;0.148429,,multiprocessing,2026-10-03T20:27:41+00:00
W8-01361,W8,n2-standard-8,Windows,2022Server,AMD64,Intel(R) Xeon(R) CPU @ 2.80GHz,intel,8,4,2800,34.4,3.14.6,CPython,1,spawn,2.5.3,recursive,rec_tree_sum,316,583836,0.3,seconds,big,342,583858.9,8,2,0,4,0,0,0.00010854941180749687,1.0,0.193044665574395,1.3765159800654754,0.8805784437045627,0.0,0.024021799999900395,0.0042482999961066525,0.13285320000068168,0.03627109999979439,0.03813010000158101,0.6033035000000382,0.036271;0.036154;0.036641,0.038130;0.039445;0.038119,0.603304,,sequential,2026-10-03T20:27:43+00:00
W8-01362,W8,n2-standard-8,Windows,2022Server,AMD64,Intel(R) Xeon(R) CPU @ 2.80GHz,intel,8,4,2800,34.4,3.14.6,CPython,1,spawn,2.5.3,big_result,result_records,45667,1056,0.3,seconds,normal,274,1079,8,8,1,2,0,0,0.024319000000105007,1.0,0.2968895795225736,1.2259755746360195,1.5625784633730975,0.0,0.21371520000138844,0.08971030000066094,0.1850192000001698,10.357335200000307,11.101623000000473,7.890758400000777,10.645335;10.357335;9.495106,11.220994;9.617850;11.101623,8.125099;7.890758;7.532465,,multiprocessing,2026-10-03T20:29:10+00:00
W8-01363,W8,n2-standard-8,Windows,2022Server,AMD64,Intel(R) Xeon(R) CPU @ 2.80GHz,intel,8,4,2800,34.4,3.14.6,CPython,1,spawn,2.5.3,numpy,np_sort,207490,2033,0.8,seconds,normal,390,2058,8,2,0,3,0,1,0.015698399999564572,1.0,0.1171101955114605,0.0009841767227734817,3.213742214533115,14.1,0.08403250000083062,0.000408500001867651,0.13285320000068168,3.934567000000243,2.134164699999019,2.0835382000004756,3.934567;3.948052;3.921605,2.145493;2.134165;2.133700,2.114686;2.083538;2.077937,,multiprocessing,2026-10-03T20:29:35+00:00
W8-01364,W8,n2-standard-8,Windows,2022Server,AMD64,Intel(R) Xeon(R) CPU @ 2.80GHz,intel,8,4,2800,34.4,3.14.6,CPython,1,spawn,2.5.3,db,db_mem_insert_select,4479,1184054,0.3,seconds,big,168,1184077,8,4,1,1,1,0,0.003575533333302398,1.0,0.15765922201709826,0.217802472382322,0.5578946482847503,1.2,0.16257640000003448,0.012063899999702699,0.1496803,0.6393793999995978,1.8862506000004942,0.575447900000654,0.639379;0.639885;0.639087,1.889977;1.841619;1.886251,0.574323;0.575448;0.671948,,multiprocessing,2026-10-03T20:29:46+00:00
W8-01365,W8,n2-standard-8,Windows,2022Server,AMD64,Intel(R) Xeon(R) CPU @ 2.80GHz,intel,8,4,2800,34.4,3.14.6,CPython,1,spawn,2.5.3,algo_rec,algo_flood_fill,2,61,0.0,seconds,normal,6080,80,8,8,3,10,0,0,0.0006347113923789327,1.0,0.4966686868590935,0.007003183255398904,0.8603470551476939,0.0,0.10904399999890302,0.0005489000013767509,0.1850192000001698,3.886930399999983,4.007148999999117,1.0779379999985395,3.886930;3.899001;3.886787,4.024463;4.004426;4.007149,1.087515;1.077938;1.070112,,multiprocessing,2026-10-03T20:30:13+00:00
W8-01366,W8,n2-standard-8,Windows,2022Server,AMD64,Intel(R) Xeon(R) CPU @ 2.80GHz,intel,8,4,2800,34.4,3.14.6,CPython,1,spawn,2.5.3,tiny,tiny_small_loop,170,169025,0.3,seconds,big,1183,169047,8,8,0,0,0,0,1.3003390311003047e-06,1.0,0.29972270612831425,33.133666531067554,0.31490651901595584,0.0,0.0033832000008260366,0.0015915999865683261,0.1850192000001698,0.0012668999988818541,0.00193569999828469,0.5847115000015037,0.001419;0.001267;0.001175,0.002300;0.001863;0.001936,0.584712,,sequential,2026-10-03T20:30:15+00:00
W8-01367,W8,n2-standard-8,Windows,2022Server,AMD64,Intel(R) Xeon(R) CPU @ 2.80GHz,intel,8,4,2800,34.4,3.14.6,CPython,1,spawn,2.5.3,io,io_sleep_return_payload,910,13533,0.0,seconds,normal,4732,13556,8,4,0,1,1,0,0.0014584628574084491,0.010178307477043349,0.024483914009073463,0.006842820787784944,1.9082190482079118,0.0,0.07863139999972191,0.0006394999891199404,0.1496803,6.933245400001397,1.734990499999185,1.8648757999999361,6.934499;6.933245;6.932221,1.734990;1.735494;1.734572,1.869685;1.864876;1.862278,,threading,2026-10-03T20:30:47+00:00
